State,District,Market,Commodity,Variety,Grade,Arrival_Date,Min_x0020_Price,Max_x0020_Price,Modal_x0020_Price
"Andhra Pradesh",Prakasam,"Santhamaguluru APMC",Maize,Hybrid,FAQ,21/08/2026,2400,2480,2450
Keralam,Kozhikode(Calicut),"Mukkom Market",Coconut,Other,FAQ,21/08/2026,5800,6100,6000
"Tamil Nadu",Thirupur,"Tiruppur (South) (Uzhavar Sandhai )",Onion,Bellary,Local,21/08/2026,3500,4000,3750
"Tamil Nadu",Thirupur,"Tiruppur (South) (Uzhavar Sandhai )","Cluster beans","Cluster Beans",Local,21/08/2026,3000,4000,3500
"Tamil Nadu",Thirupur,"Tiruppur (South) (Uzhavar Sandhai )","Bitter gourd",Other,Local,21/08/2026,4500,6000,5250
"Tamil Nadu",Thirupur,"Tiruppur (South) (Uzhavar Sandhai )",Pumpkin,Pumpkin,Local,21/08/2026,1500,2000,1750
"Tamil Nadu",Thirupur,"Tiruppur (South) (Uzhavar Sandhai )",Cabbage,Cabbage,Local,21/08/2026,2000,2500,2250
"Tamil Nadu",Thirupur,"Tiruppur (South) (Uzhavar Sandhai )",Ridgeguard(Tori),Ridgeguard(Tori),Local,21/08/2026,4000,5000,4500
"Tamil Nadu",Thirupur,"Tiruppur (South) (Uzhavar Sandhai )","Green Avare(W)",Other,Local,21/08/2026,6000,7000,6500
"Tamil Nadu",Thirupur,"Tiruppur (South) (Uzhavar Sandhai )",Mint(Pudina),Mint(Pudina),Local,21/08/2026,1500,2000,1750
Haryana,Rewari,"Kosli APMC","Bottle gourd","Bottle Gourd",FAQ,21/08/2026,1000,2000,1500
Punjab,Gurdaspur,"Batala APMC","Bhindi(Ladies Finger)",Other,"Grade C",21/08/2026,4000,4500,4200
Punjab,Gurdaspur,"Quadian APMC",Apple,Other,"Grade A",21/08/2026,6800,7000,6900
Punjab,Gurdaspur,"Quadian APMC",Capsicum,Other,"Grade A",21/08/2026,5800,6000,5900
Punjab,Gurdaspur,"Quadian APMC",Ginger(Green),Other,"Grade A",21/08/2026,7800,8000,7900
Punjab,Gurdaspur,"Quadian APMC","Bitter gourd",Other,"Grade A",21/08/2026,2800,3000,2900
Punjab,Jalandhar,"Nakodar APMC",Potato,Potato,Local,21/08/2026,450,450,450
Punjab,Jalandhar,"Nakodar APMC",Pumpkin,Pumpkin,Local,21/08/2026,850,850,850
Punjab,Ludhiana,"Khanna APMC",Banana,Other,"Grade A",21/08/2026,1800,1800,1800
Punjab,Ludhiana,"Khanna APMC",Pumpkin,Other,"Grade A",21/08/2026,800,800,800
Punjab,Ludhiana,"Khanna APMC",Papaya,Papaya,"Grade A",21/08/2026,2000,2000,2000
Punjab,Ludhiana,"Khanna APMC",Capsicum,Capsicum,"Grade A",21/08/2026,2500,2500,2500
Punjab,Ludhiana,"Khanna APMC","Green Chilli","Green Chilly","Grade A",21/08/2026,1200,1200,1200
Punjab,Ludhiana,"Khanna APMC","Bitter gourd","Bitter Gourd","Grade A",21/08/2026,2000,2000,2000
Punjab,Ludhiana,"Khanna APMC",Ridgeguard(Tori),Other,"Grade A",21/08/2026,2000,2000,2000
Keralam,Kollam,"Sasthamkotta Market",Colacasia,Other,Local,21/08/2026,5000,5000,5000
Keralam,Kollam,"Sasthamkotta Market",Cucumbar(Kheera),Other,Local,21/08/2026,4000,4000,4000
Keralam,Kollam,"Sasthamkotta Market",Tapioca,Tapioca,Local,21/08/2026,5000,5000,5000
Keralam,Kozhikode(Calicut),"Kallachi Market","Bhindi(Ladies Finger)",Other,FAQ,21/08/2026,4800,5200,5000
Keralam,Kozhikode(Calicut),"Kallachi Market",Cabbage,Cabbage,FAQ,21/08/2026,2800,3200,3000
Keralam,Kozhikode(Calicut),"Kallachi Market",Cucumbar(Kheera),Cucumbar,FAQ,21/08/2026,1600,2000,1800
Keralam,Kozhikode(Calicut),"Kallachi Market","Green Chilli","Green Chilly",FAQ,21/08/2026,4800,5200,5000
Keralam,Alappuzha,"Harippad Market","Bottle gourd",Other,FAQ,21/08/2026,2500,3000,2500
Keralam,Alappuzha,"Harippad Market",Brinjal,Brinjal,FAQ,21/08/2026,6000,6500,6000
Keralam,Alappuzha,"Harippad Market",Onion,Big,FAQ,21/08/2026,4500,5000,4500
"Andhra Pradesh",Nandyal,"Atmakur (Nandyal District) APMC",Paddy(Common),Sona,FAQ,21/08/2026,2450,2450,2450
"Andhra Pradesh",Nandyal,"Koilkunta APMC",Jowar(Sorghum),"Jowar ( White)",FAQ,21/08/2026,2900,3300,3100
Punjab,Patiala,"Patiala APMC","Mousambi(Sweet Lime)",Other,"Grade B",21/08/2026,3000,4000,3600
Keralam,Ernakulam,"Perumbavoor Market",Amaranthus,Amaranthus,Medium,21/08/2026,2500,3500,3000
Keralam,Ernakulam,"Perumbavoor Market","Bitter gourd","Bitter Gourd",Medium,21/08/2026,5500,6400,5800
Punjab,Sangrur,"Ahmedgarh APMC",Capsicum,Capsicum,Local,21/08/2026,3800,4000,4000
Punjab,Sangrur,"Ahmedgarh APMC",Banana,Other,Local,21/08/2026,3000,3200,3200
Keralam,Palakad,"Pattambi Market",Brinjal,Brinjal,FAQ,21/08/2026,4200,5000,4800
Keralam,Malappuram,"Kondotty Market","Green Chilli",Other,FAQ,21/08/2026,4200,4600,4500
Keralam,Malappuram,"Kondotty Market","Bottle gourd",Other,FAQ,21/08/2026,3800,4200,4000
Keralam,Malappuram,"Kondotty Market",Onion,Small,FAQ,21/08/2026,7800,8200,8000
Keralam,Malappuram,"Kondotty Market",Drumstick,Other,FAQ,21/08/2026,3800,4200,4000
Keralam,Idukki,"Udumbannoor  VFPCK Market",Banana,"Nendra Bale","Grade A",21/08/2026,5500,6500,6000
"Tamil Nadu",Thanjavur,"Tirukattupalli(Uzhavar Sandhai )",Banana,Besrai,Local,21/08/2026,6500,6500,6500
"Tamil Nadu",Thanjavur,"Tirukattupalli(Uzhavar Sandhai )",Onion,Bellary,Local,21/08/2026,5600,6400,6000
"Tamil Nadu",Thanjavur,"Tirukattupalli(Uzhavar Sandhai )",Potato,"Red Nanital",Local,21/08/2026,3000,3000,3000
"Tamil Nadu",Thanjavur,"Tirukattupalli(Uzhavar Sandhai )","Bitter gourd","Bitter Gourd",Local,21/08/2026,5000,5600,5300
"Tamil Nadu",Thanjavur,"Tirukattupalli(Uzhavar Sandhai )","Green Chilli","Green Chilly",Local,21/08/2026,5200,5200,5200
"Tamil Nadu",Thanjavur,"Tirukattupalli(Uzhavar Sandhai )",Coconut,Coconut,Local,21/08/2026,6000,6000,6000
"Tamil Nadu",Thanjavur,"Tirukattupalli(Uzhavar Sandhai )",Raddish,Raddish,Local,21/08/2026,3000,3000,3000
"Tamil Nadu",Thiruchirappalli,"Thuraiyur APMC","Bitter gourd",Other,Local,21/08/2026,5500,6000,5750
"Tamil Nadu",Thiruchirappalli,"Thuraiyur APMC","Green Chilli","Green Chilly",Local,21/08/2026,4800,5500,5150
"Tamil Nadu",Thiruchirappalli,"Thuraiyur APMC","Green Avare(W)",Other,Local,21/08/2026,5000,5000,5000
"Tamil Nadu",Villupuram,"Tindivanam APMC",Papaya,Papaya,Local,21/08/2026,6000,6000,6000
"Tamil Nadu",Villupuram,"Tindivanam APMC",Pumpkin,Pumpkin,Local,21/08/2026,2500,2500,2500
"Tamil Nadu",Villupuram,"Tindivanam APMC",Thondekai,Thondekai,Local,21/08/2026,4000,4000,4000
"Tamil Nadu",Villupuram,"Tindivanam APMC","Knool Khol","Knool Khol",Local,21/08/2026,4500,4500,4500
"Tamil Nadu",Villupuram,"Ulundurpettai APMC",Onion,Bellary,Local,21/08/2026,4000,4000,4000
"Tamil Nadu",Villupuram,"Ulundurpettai APMC",Papaya,Papaya,Local,21/08/2026,3000,3000,3000
"Tamil Nadu",Villupuram,"Ulundurpettai APMC",Tomato,Deshi,Local,21/08/2026,2000,2000,2000
"Tamil Nadu",Villupuram,"Ulundurpettai APMC","Bitter gourd","Bitter Gourd",Local,21/08/2026,6000,6000,6000
"Tamil Nadu",Villupuram,"Ulundurpettai APMC",Mint(Pudina),Mint(Pudina),Local,21/08/2026,3000,3000,3000
"Uttar Pradesh",Badaun,"Babrala APMC",Potato,Desi,Medium,21/08/2026,580,600,590
Gujarat,Anand,"Khambhat(Veg Yard Khambhat) APMC",Onion,Other,Local,21/08/2026,2500,3800,3000
Gujarat,Gandhinagar,"Mansa(Manas Veg Yard) APMC",Guar,Gwar,Local,21/08/2026,9000,11000,9000
Gujarat,Gandhinagar,"Mansa(Manas Veg Yard) APMC",Cauliflower,Cauliflower,Local,21/08/2026,4000,6000,4000
Gujarat,Rajkot,"Dhoraji APMC",Wheat,Milbar,Non-FAQ,21/08/2026,2375,2670,2540
Gujarat,Amreli,"Babra APMC","Sesamum(Sesame,Gingelly,Til)",Black,FAQ,21/08/2026,10700,11875,11285
"Tamil Nadu",Madurai,"Chokkikulam(Uzhavar Sandhai )",Chikoos(Sapota),Sapota,Local,21/08/2026,5000,6000,5500
"Tamil Nadu",Madurai,"Chokkikulam(Uzhavar Sandhai )","Bitter gourd","Bitter Gourd",Local,21/08/2026,6500,7000,6750
"Tamil Nadu",Madurai,"Chokkikulam(Uzhavar Sandhai )","Bottle gourd","Bottle Gourd",Local,21/08/2026,2400,3000,2700
"Tamil Nadu",Madurai,"Chokkikulam(Uzhavar Sandhai )",Pumpkin,Pumpkin,Local,21/08/2026,2000,2400,2200
"Tamil Nadu",Madurai,"Chokkikulam(Uzhavar Sandhai )","Bhindi(Ladies Finger)",Bhindi,Local,21/08/2026,4400,4800,4600
"Tamil Nadu",Madurai,"Chokkikulam(Uzhavar Sandhai )",Beans,"Beans (Whole)",Local,21/08/2026,10000,11000,10500
"Tamil Nadu",Madurai,"Chokkikulam(Uzhavar Sandhai )",Raddish,Raddish,Local,21/08/2026,4500,4800,4650
"Tamil Nadu",Madurai,"Chokkikulam(Uzhavar Sandhai )","Elephant Yam(Suran)/Amorphophallus","Elephant Yam (Suran)",Local,21/08/2026,4500,5000,4750
Gujarat,Amreli,"The Agricultural Produce Market Committee-Amreli","Red gram/Arhar/Tur(whole)",Other,FAQ,21/08/2026,6500,7425,7000
Gujarat,Amreli,"The Agricultural Produce Market Committee-Amreli",Wheat,"Rajasthan Tukdi",FAQ,21/08/2026,2250,3150,2700
"Andhra Pradesh",NTR,"Mylavaram APMC",Paddy(Common),1001,FAQ,21/08/2026,2369,2369,2369
Telangana,Warangal,"Warangal APMC","Bhindi(Ladies Finger)",Bhindi,FAQ,21/08/2026,500,600,550
Telangana,Warangal,"Warangal APMC",Colacasia,Colacasia,FAQ,21/08/2026,2500,3000,2750
Telangana,Warangal,"Warangal APMC","Green Chilli","Green Chilly",FAQ,21/08/2026,2500,3000,2750
"Andhra Pradesh",Markapuram,"Cumbum APMC",Cotton,Other,FAQ,21/08/2026,7900,8100,8000
Uttarakhand,Haridwar,"Roorkee APMC","Bhindi(Ladies Finger)",Other,Local,21/08/2026,1100,1500,1300
Uttarakhand,Haridwar,"Roorkee APMC","Bitter gourd",Other,Local,21/08/2026,650,850,750
"Tamil Nadu",Erode,"Thalavadi(Uzhavar Sandhai )",Onion,Bellary,Local,21/08/2026,4400,4800,4600
"Tamil Nadu",Erode,"Thalavadi(Uzhavar Sandhai )",Cauliflower,Ranchi,Local,21/08/2026,2500,3000,2750
"Tamil Nadu",Erode,"Thalavadi(Uzhavar Sandhai )",Ginger(Green),"Green Ginger",Local,21/08/2026,13000,14000,13500
"Tamil Nadu",Erode,"Thalavadi(Uzhavar Sandhai )",Carrot,Pusakesar,Local,21/08/2026,8000,8500,8250
"Tamil Nadu",Erode,"Thalavadi(Uzhavar Sandhai )",Snakeguard,Snakeguard,Local,21/08/2026,4000,4500,4250
"Tamil Nadu",Erode,"Thalavadi(Uzhavar Sandhai )","Chow Chow","Chow Chow",Local,21/08/2026,2500,3000,2750
"Tamil Nadu",Erode,"Perundurai(Uzhavar Sandhai )",Cauliflower,Ranchi,Local,21/08/2026,2500,3000,2750
"Tamil Nadu",Erode,"Perundurai(Uzhavar Sandhai )",Brinjal,Round,Local,21/08/2026,4000,4500,4250
"Tamil Nadu",Erode,"Perundurai(Uzhavar Sandhai )",Chikoos(Sapota),Sapota,Local,21/08/2026,3500,4000,3750
"Tamil Nadu",Erode,"Perundurai(Uzhavar Sandhai )",Pumpkin,Pumpkin,Local,21/08/2026,2200,2500,2350
"Tamil Nadu",Erode,"Perundurai(Uzhavar Sandhai )",Carrot,Pusakesar,Local,21/08/2026,7000,7500,7250
"Tamil Nadu",Cuddalore,"Viruthachalam(Uzhavar Sandhai )",Banana,Besrai,Local,21/08/2026,4000,7000,5500
"Tamil Nadu",Cuddalore,"Viruthachalam(Uzhavar Sandhai )",Coriander(Leaves),"I Sort",Local,21/08/2026,4000,4000,4000
"Tamil Nadu",Cuddalore,"Viruthachalam(Uzhavar Sandhai )",Pumpkin,Pumpkin,Local,21/08/2026,2500,2500,2500
"Tamil Nadu",Cuddalore,"Viruthachalam(Uzhavar Sandhai )",Snakeguard,Snakeguard,Local,21/08/2026,3000,3000,3000
"Tamil Nadu",Dharmapuri,"Dharmapuri(Uzhavar Sandhai )",Coriander(Leaves),"I Sort",Local,21/08/2026,4600,5000,4800
"Tamil Nadu",Dharmapuri,"Dharmapuri(Uzhavar Sandhai )",Papaya,Papaya,Local,21/08/2026,3300,3500,3400
"Tamil Nadu",Dharmapuri,"Dharmapuri(Uzhavar Sandhai )","Cluster beans","Cluster Beans",Local,21/08/2026,3200,3400,3300
"Tamil Nadu",Dharmapuri,"Dharmapuri(Uzhavar Sandhai )","Bhindi(Ladies Finger)",Bhindi,Local,21/08/2026,3300,3500,3400
"Tamil Nadu",Dharmapuri,"Dharmapuri(Uzhavar Sandhai )",Beetroot,Beetroot,Local,21/08/2026,5200,5600,5400
"Tamil Nadu",Dharmapuri,"Dharmapuri(Uzhavar Sandhai )",Cucumbar(Kheera),Cucumbar,Local,21/08/2026,4200,4400,4300
"Tamil Nadu",Dharmapuri,"Dharmapuri(Uzhavar Sandhai )",Raddish,Raddish,Local,21/08/2026,1600,1800,1700
"Tamil Nadu",Dharmapuri,"Dharmapuri(Uzhavar Sandhai )",Thondekai,Thondekai,Local,21/08/2026,5200,5500,5350
"Tamil Nadu",Dharmapuri,"Dharmapuri(Uzhavar Sandhai )",Lemon,Lemon,Local,21/08/2026,17500,18600,18050
"Tamil Nadu",Dharmapuri,"Dharmapuri(Uzhavar Sandhai )",Colacasia,Colacasia,Local,21/08/2026,6200,6600,6400
"Tamil Nadu",Dharmapuri,"Dharmapuri(Uzhavar Sandhai )",Pear(Marasebu),Pears,Local,21/08/2026,9000,10000,9500
"Tamil Nadu",Dharmapuri,"Dharmapuri(Uzhavar Sandhai )",Mashrooms,Mashrooms,Local,21/08/2026,13000,14000,13500
"Tamil Nadu",Dharmapuri,"Palacode(Uzhavar Sandhai )",Banana,Besrai,Local,21/08/2026,5000,5500,5250
"Tamil Nadu",Dharmapuri,"Palacode(Uzhavar Sandhai )",Tomato,Local,Local,21/08/2026,1800,2000,1900
"Tamil Nadu",Dharmapuri,"Palacode(Uzhavar Sandhai )","Bottle gourd","Bottle Gourd",Local,21/08/2026,1800,2000,1900
"Tamil Nadu",Dharmapuri,"Palacode(Uzhavar Sandhai )",Amaranthus,Amaranthus,Local,21/08/2026,2200,2500,2350
"Tamil Nadu",Dharmapuri,"Palacode(Uzhavar Sandhai )",Cucumbar(Kheera),Cucumbar,Local,21/08/2026,4200,4600,4400
"Tamil Nadu",Dharmapuri,"Palacode(Uzhavar Sandhai )",Raddish,Raddish,Local,21/08/2026,1600,1800,1700
"Tamil Nadu",Dharmapuri,"Palacode(Uzhavar Sandhai )",Capsicum,Capsicum,Local,21/08/2026,7500,8000,7750
"Tamil Nadu",Dharmapuri,"Palacode(Uzhavar Sandhai )","Knool Khol","Knool Khol",Local,21/08/2026,4400,4800,4600
"Tamil Nadu",Dharmapuri,"Palacode(Uzhavar Sandhai )",Guava,"Guava Allahabad",Local,21/08/2026,5500,6000,5750
"Tamil Nadu",Dharmapuri,"Palacode(Uzhavar Sandhai )","Elephant Yam(Suran)/Amorphophallus","Elephant Yam (Suran)",Local,21/08/2026,5500,6000,5750
"Tamil Nadu",Dharmapuri,"Palacode(Uzhavar Sandhai )",Lemon,Lemon,Local,21/08/2026,17500,18000,17750
"Tamil Nadu",Dharmapuri,"Pennagaram(Uzhavar Sandhai )",Groundnut,"Big (With Shell)",Local,21/08/2026,6200,6500,6350
"Tamil Nadu",Dharmapuri,"Pennagaram(Uzhavar Sandhai )",Banana,Besrai,Local,21/08/2026,4500,5000,4750
"Tamil Nadu",Dharmapuri,"Pennagaram(Uzhavar Sandhai )",Mango,Safeda,Local,21/08/2026,4500,5000,4750
"Tamil Nadu",Dharmapuri,"Pennagaram(Uzhavar Sandhai )",Garlic,Garlic,Local,21/08/2026,21000,22000,21500
"Tamil Nadu",Dharmapuri,"Pennagaram(Uzhavar Sandhai )","Bitter gourd","Bitter Gourd",Local,21/08/2026,5500,5800,5650
"Tamil Nadu",Dharmapuri,"Pennagaram(Uzhavar Sandhai )","Green Chilli","Green Chilly",Local,21/08/2026,5500,6000,5750
"Tamil Nadu",Dharmapuri,"Pennagaram(Uzhavar Sandhai )",Cowpea(Veg),"Cowpea (Veg)",Local,21/08/2026,5500,6000,5750
"Tamil Nadu",Dharmapuri,"Pennagaram(Uzhavar Sandhai )",Tapioca,Tapioca,Local,21/08/2026,2800,3000,2900
"Tamil Nadu",Dharmapuri,"Pennagaram(Uzhavar Sandhai )",Ginger(Green),"Green Ginger",Local,21/08/2026,21000,22000,21500
"Tamil Nadu",Dharmapuri,"Pennagaram(Uzhavar Sandhai )","Sweet Potato","Hosur Red",Local,21/08/2026,2800,3000,2900
"Tamil Nadu",Dharmapuri,"Pennagaram(Uzhavar Sandhai )",Snakeguard,Snakeguard,Local,21/08/2026,3300,3500,3400
"Tamil Nadu",Dharmapuri,"Pennagaram(Uzhavar Sandhai )","Knool Khol","Knool Khol",Local,21/08/2026,5500,6000,5750
"Tamil Nadu",Dharmapuri,"Pennagaram(Uzhavar Sandhai )",Lemon,Lemon,Local,21/08/2026,15000,16000,15500
"Tamil Nadu",Dharmapuri,"Pennagaram(Uzhavar Sandhai )","Sweet Corn ","Sweet Corn ",Local,21/08/2026,1800,2000,1900
"Tamil Nadu",Dindigul,"Chinnalapatti(Uzhavar Sandhai )",Banana,Besrai,Local,21/08/2026,6000,7000,6500
"Tamil Nadu",Dindigul,"Chinnalapatti(Uzhavar Sandhai )",Cauliflower,Ranchi,Local,21/08/2026,4000,5000,4500
"Tamil Nadu",Dindigul,"Chinnalapatti(Uzhavar Sandhai )",Brinjal,Other,Local,21/08/2026,5500,7000,6250
"Tamil Nadu",Dindigul,"Chinnalapatti(Uzhavar Sandhai )",Coconut,Coconut,Local,21/08/2026,5500,6500,6000
"Tamil Nadu",Dindigul,"Chinnalapatti(Uzhavar Sandhai )",Carrot,Pusakesar,Local,21/08/2026,7000,9000,8000
"Tamil Nadu",Dindigul,"Chinnalapatti(Uzhavar Sandhai )",Snakeguard,Snakeguard,Local,21/08/2026,4000,6000,5000
"Tamil Nadu",Dindigul,"Chinnalapatti(Uzhavar Sandhai )",Lemon,Lemon,Local,21/08/2026,10000,10000,10000
"Tamil Nadu",Dindigul,"Dindigul(Uzhavar Sandhai )","Bhindi(Ladies Finger)",Bhindi,Local,21/08/2026,3000,4000,3500
"Tamil Nadu",Erode,"Periyar Nagar(Uzhavar Sandhai )",Brinjal,Other,Local,21/08/2026,3400,3800,3600
"Tamil Nadu",Erode,"Periyar Nagar(Uzhavar Sandhai )","Water Melon","Water Melon",Local,21/08/2026,1200,1500,1350
"Tamil Nadu",Erode,"Periyar Nagar(Uzhavar Sandhai )","Bhindi(Ladies Finger)",Bhindi,Local,21/08/2026,3400,3800,3600
"Tamil Nadu",Erode,"Periyar Nagar(Uzhavar Sandhai )",Raddish,Raddish,Local,21/08/2026,2400,2800,2600
"Tamil Nadu",Erode,"Periyar Nagar(Uzhavar Sandhai )",Drumstick,Drumstick,Local,21/08/2026,3000,3400,3200
"Tamil Nadu",Erode,"Periyar Nagar(Uzhavar Sandhai )","Elephant Yam(Suran)/Amorphophallus","Elephant Yam (Suran)",Local,21/08/2026,3000,3500,3250
"Tamil Nadu",Erode,"Periyar Nagar(Uzhavar Sandhai )","Onion Green","Onion Green",Local,21/08/2026,5500,6000,5750
"Tamil Nadu",Kallakuruchi,"Sankarapuram(Uzhavar Sandhai )",Onion,Bellary,Local,21/08/2026,5000,5000,5000
"Tamil Nadu",Kallakuruchi,"Sankarapuram(Uzhavar Sandhai )",Pumpkin,Pumpkin,Local,21/08/2026,2500,2500,2500
"Tamil Nadu",Kallakuruchi,"Sankarapuram(Uzhavar Sandhai )",Amaranthus,Amaranthus,Local,21/08/2026,4000,4000,4000
"Tamil Nadu",Kallakuruchi,"Sankarapuram(Uzhavar Sandhai )",Beans,"Beans (Whole)",Local,21/08/2026,9000,9000,9000
"Tamil Nadu",Kallakuruchi,"Sankarapuram(Uzhavar Sandhai )",Carrot,Pusakesar,Local,21/08/2026,9000,9000,9000
"Tamil Nadu",Kallakuruchi,"Sankarapuram(Uzhavar Sandhai )",Mango(Raw-Ripe),"Mango - Raw-Ripe",Local,21/08/2026,5000,5000,5000
"Tamil Nadu",Kallakuruchi,"Sankarapuram(Uzhavar Sandhai )",Yam(Ratalu),"Yam (Ratalu)",Local,21/08/2026,3000,3000,3000
"Tamil Nadu",Kallakuruchi,"Sankarapuram(Uzhavar Sandhai )",Lemon,Lemon,Local,21/08/2026,7000,7000,7000
"Tamil Nadu",Kallakuruchi,"Sankarapuram(Uzhavar Sandhai )","Custard Apple(Sharifa)","Custard Apple(Sharifa)",Local,21/08/2026,5000,5000,5000
"Tamil Nadu",Kancheepuram,"Kancheepuram(Uzhavar Sandhai )",Potato,Other,Local,21/08/2026,2200,3000,2600
"Tamil Nadu",Kancheepuram,"Kancheepuram(Uzhavar Sandhai )",Tomato,Local,Local,21/08/2026,2000,2800,2400
"Tamil Nadu",Kancheepuram,"Kancheepuram(Uzhavar Sandhai )",Cabbage,Cabbage,Local,21/08/2026,2000,2500,2250
"Tamil Nadu",Kancheepuram,"Kancheepuram(Uzhavar Sandhai )",Raddish,Raddish,Local,21/08/2026,3000,4000,3500
"Tamil Nadu",Kancheepuram,"Kundrathur(Uzhavar Sandhai )",Banana,"Red Banana",Local,21/08/2026,7000,8000,7500
"Tamil Nadu",Kancheepuram,"Kundrathur(Uzhavar Sandhai )",Onion,Bellary,Local,21/08/2026,3000,3500,3250
"Tamil Nadu",Kancheepuram,"Kundrathur(Uzhavar Sandhai )","Cluster beans","Cluster Beans",Local,21/08/2026,4000,4000,4000
"Tamil Nadu",Kancheepuram,"Kundrathur(Uzhavar Sandhai )","Bhindi(Ladies Finger)",Bhindi,Local,21/08/2026,4000,4000,4000
"Tamil Nadu",Kancheepuram,"Kundrathur(Uzhavar Sandhai )",Cabbage,Cabbage,Local,21/08/2026,3000,3000,3000
"Tamil Nadu",Kancheepuram,"Kundrathur(Uzhavar Sandhai )",Beetroot,Beetroot,Local,21/08/2026,3500,4000,3750
"Tamil Nadu",Kancheepuram,"Padappai(Uzhavar Sandhai )",Banana,Karpura,Local,21/08/2026,4000,4500,4250
"Tamil Nadu",Kancheepuram,"Padappai(Uzhavar Sandhai )",Brinjal,Other,Local,21/08/2026,3000,4000,3500
"Tamil Nadu",Kancheepuram,"Padappai(Uzhavar Sandhai )",Coriander(Leaves),"I Sort",Local,21/08/2026,4000,5000,4500
"Tamil Nadu",Kancheepuram,"Padappai(Uzhavar Sandhai )",Ashgourd,Gouard,Local,21/08/2026,2200,3000,2600
"Tamil Nadu",Kancheepuram,"Padappai(Uzhavar Sandhai )",Beans,"Beans (Whole)",Local,21/08/2026,7000,8000,7500
"Tamil Nadu",Kancheepuram,"Padappai(Uzhavar Sandhai )",Ginger(Green),"Green Ginger",Local,21/08/2026,13000,16000,14500
"Tamil Nadu",Kancheepuram,"Padappai(Uzhavar Sandhai )",Carrot,Pusakesar,Local,21/08/2026,4000,6000,5000
"Tamil Nadu",Kancheepuram,"Padappai(Uzhavar Sandhai )","Green Avare(W)",Other,Local,21/08/2026,5000,6000,5500
"Tamil Nadu",Kancheepuram,"Padappai(Uzhavar Sandhai )",Guava,"Guava Allahabad",Local,21/08/2026,3000,5000,4000
"Tamil Nadu",Kancheepuram,"Padappai(Uzhavar Sandhai )",Mashrooms,Mashrooms,Local,21/08/2026,22000,28000,25000
"Tamil Nadu",Kancheepuram,"Sunguvarchatram(Uzhavar Sandhai )",Banana,Bhushavali(Pacha),Local,21/08/2026,3000,3500,3250
"Tamil Nadu",Kancheepuram,"Sunguvarchatram(Uzhavar Sandhai )",Potato,Other,Local,21/08/2026,2800,2800,2800
"Tamil Nadu",Kancheepuram,"Sunguvarchatram(Uzhavar Sandhai )","Bitter gourd","Bitter Gourd",Local,21/08/2026,4000,4000,4000
"Tamil Nadu",Kancheepuram,"Sunguvarchatram(Uzhavar Sandhai )",Ashgourd,Gouard,Local,21/08/2026,2000,2000,2000
"Tamil Nadu",Kancheepuram,"Sunguvarchatram(Uzhavar Sandhai )",Pumpkin,Pumpkin,Local,21/08/2026,2000,2000,2000
"Tamil Nadu",Kancheepuram,"Sunguvarchatram(Uzhavar Sandhai )",Colacasia,Colacasia,Local,21/08/2026,3000,3000,3000
"Tamil Nadu",Krishnagiri,"Avallapalli(Uzhavar Sandhai )",Onion,Bellary,Local,21/08/2026,5000,6000,5500
"Tamil Nadu",Krishnagiri,"Avallapalli(Uzhavar Sandhai )",Ashgourd,Gouard,Local,21/08/2026,2000,2500,2250
"Tamil Nadu",Krishnagiri,"Avallapalli(Uzhavar Sandhai )","Bhindi(Ladies Finger)",Bhindi,Local,21/08/2026,3000,3500,3250
"Tamil Nadu",Krishnagiri,"Avallapalli(Uzhavar Sandhai )",Beans,"Beans (Whole)",Local,21/08/2026,8000,9000,8500
"Tamil Nadu",Krishnagiri,"Avallapalli(Uzhavar Sandhai )",Tapioca,Tapioca,Local,21/08/2026,3500,4000,3750
"Tamil Nadu",Krishnagiri,"Avallapalli(Uzhavar Sandhai )","Sweet Potato","Hosur Red",Local,21/08/2026,3500,4000,3750
"Tamil Nadu",Krishnagiri,"Avallapalli(Uzhavar Sandhai )",Cabbage,Cabbage,Local,21/08/2026,1000,1500,1250
"Tamil Nadu",Krishnagiri,"Avallapalli(Uzhavar Sandhai )",Snakeguard,Snakeguard,Local,21/08/2026,3500,4000,3750
"Tamil Nadu",Krishnagiri,"Avallapalli(Uzhavar Sandhai )",Drumstick,Drumstick,Local,21/08/2026,3500,4000,3750
"Tamil Nadu",Krishnagiri,"Avallapalli(Uzhavar Sandhai )",Colacasia,Colacasia,Local,21/08/2026,4000,4500,4250
"Tamil Nadu",Krishnagiri,"Avallapalli(Uzhavar Sandhai )","Onion Green","Onion Green",Local,21/08/2026,8000,9000,8500
"Tamil Nadu",Dharmapuri,"Karimangalam(Uzhavar Sandhai)",Potato,Other,Local,21/08/2026,2600,2800,2700
"Tamil Nadu",Dharmapuri,"Karimangalam(Uzhavar Sandhai)",Garlic,Garlic,Local,21/08/2026,20000,21000,20500
"Tamil Nadu",Dharmapuri,"Karimangalam(Uzhavar Sandhai)",Cauliflower,Ranchi,Local,21/08/2026,3300,3500,3400
"Tamil Nadu",Dharmapuri,"Karimangalam(Uzhavar Sandhai)","Green Peas","Green Peas",Local,21/08/2026,18000,19000,18500
"Tamil Nadu",Dharmapuri,"Karimangalam(Uzhavar Sandhai)",Thondekai,Thondekai,Local,21/08/2026,5000,5500,5250
"Tamil Nadu",Dharmapuri,"Karimangalam(Uzhavar Sandhai)",Lemon,Lemon,Local,21/08/2026,9000,10000,9500
"Tamil Nadu",Krishnagiri,"Denkanikottai(Uzhavar Sandhai )",Potato,"Red Nanital",Local,21/08/2026,2000,2500,2250
"Tamil Nadu",Krishnagiri,"Denkanikottai(Uzhavar Sandhai )",Brinjal,Round,Local,21/08/2026,3000,4000,3500
"Tamil Nadu",Krishnagiri,"Denkanikottai(Uzhavar Sandhai )",Papaya,Papaya,Local,21/08/2026,3000,4000,3500
"Tamil Nadu",Krishnagiri,"Denkanikottai(Uzhavar Sandhai )",Tomato,Deshi,Local,21/08/2026,1000,1500,1250
"Tamil Nadu",Krishnagiri,"Denkanikottai(Uzhavar Sandhai )",Ashgourd,Gouard,Local,21/08/2026,1500,2000,1750
"Tamil Nadu",Krishnagiri,"Denkanikottai(Uzhavar Sandhai )",Beans,"Beans (Whole)",Local,21/08/2026,8000,9000,8500
"Tamil Nadu",Krishnagiri,"Denkanikottai(Uzhavar Sandhai )",Cucumbar(Kheera),Cucumbar,Local,21/08/2026,3000,4000,3500
"Tamil Nadu",Krishnagiri,"Denkanikottai(Uzhavar Sandhai )",Ridgeguard(Tori),Ridgeguard(Tori),Local,21/08/2026,4000,4500,4250
"Tamil Nadu",Krishnagiri,"Denkanikottai(Uzhavar Sandhai )",Raddish,Raddish,Local,21/08/2026,1500,2000,1750
"Tamil Nadu",Krishnagiri,"Denkanikottai(Uzhavar Sandhai )","Green Avare(W)","Green Avare (W)",Local,21/08/2026,5000,6000,5500
"Tamil Nadu",Krishnagiri,"Denkanikottai(Uzhavar Sandhai )",Lemon,Lemon,Local,21/08/2026,11000,12000,11500
"Tamil Nadu",Krishnagiri,"Hosur(Uzhavar Sandhai )",Banana,"Red Banana",Local,21/08/2026,8000,9000,8500
"Tamil Nadu",Krishnagiri,"Hosur(Uzhavar Sandhai )",Onion,Bellary,Local,21/08/2026,5500,6000,5750
"Tamil Nadu",Krishnagiri,"Hosur(Uzhavar Sandhai )",Potato,"Red Nanital",Local,21/08/2026,2000,2500,2250
"Tamil Nadu",Krishnagiri,"Hosur(Uzhavar Sandhai )",Cauliflower,Ranchi,Local,21/08/2026,3000,3500,3250
"Tamil Nadu",Krishnagiri,"Hosur(Uzhavar Sandhai )","Cluster beans","Cluster Beans",Local,21/08/2026,3000,3500,3250
"Tamil Nadu",Krishnagiri,"Hosur(Uzhavar Sandhai )","Bhindi(Ladies Finger)",Bhindi,Local,21/08/2026,3000,3500,3250
"Tamil Nadu",Krishnagiri,"Hosur(Uzhavar Sandhai )",Tapioca,Tapioca,Local,21/08/2026,3500,4000,3750
"Tamil Nadu",Krishnagiri,"Hosur(Uzhavar Sandhai )",Beetroot,Beetroot,Local,21/08/2026,3500,4000,3750
"Tamil Nadu",Krishnagiri,"Hosur(Uzhavar Sandhai )",Raddish,Raddish,Local,21/08/2026,1500,2000,1750
"Tamil Nadu",Krishnagiri,"Hosur(Uzhavar Sandhai )","Knool Khol","Knool Khol",Local,21/08/2026,1500,2000,1750
"Tamil Nadu",Krishnagiri,"Hosur(Uzhavar Sandhai )","Tender Coconut","Tender Coconut",Local,21/08/2026,4500,5000,4750
"Tamil Nadu",Krishnagiri,"Hosur(Uzhavar Sandhai )","Elephant Yam(Suran)/Amorphophallus","Elephant Yam (Suran)",Local,21/08/2026,5500,6000,5750
"Tamil Nadu",Krishnagiri,"Hosur(Uzhavar Sandhai )","Indian Beans(Seam)","Indian Beans (Seam)",Local,21/08/2026,3500,4000,3750
"Tamil Nadu",Krishnagiri,"Hosur(Uzhavar Sandhai )","Sweet Corn ","Sweet Corn ",Local,21/08/2026,2500,3000,2750
"Tamil Nadu",Krishnagiri,"Krishnagiri(Uzhavar Sandhai )",Potato,"Red Nanital",Local,21/08/2026,2000,2600,2300
"Tamil Nadu",Krishnagiri,"Krishnagiri(Uzhavar Sandhai )",Garlic,Garlic,Local,21/08/2026,20000,24000,22000
"Tamil Nadu",Krishnagiri,"Krishnagiri(Uzhavar Sandhai )",Brinjal,Round,Local,21/08/2026,2200,2600,2400
"Tamil Nadu",Krishnagiri,"Krishnagiri(Uzhavar Sandhai )",Amaranthus,Amaranthus,Local,21/08/2026,2500,3000,2750
"Tamil Nadu",Krishnagiri,"Krishnagiri(Uzhavar Sandhai )","Tender Coconut","Tender Coconut",Local,21/08/2026,3500,4000,3750
"Tamil Nadu",Krishnagiri,"Krishnagiri(Uzhavar Sandhai )","Indian Beans(Seam)","Indian Beans (Seam)",Local,21/08/2026,3500,4000,3750
"Tamil Nadu",Krishnagiri,"Krishnagiri(Uzhavar Sandhai )",Lemon,Lemon,Local,21/08/2026,6000,7000,6500
"Tamil Nadu",Krishnagiri,"Krishnagiri(Uzhavar Sandhai )","Onion Green","Onion Green",Local,21/08/2026,6500,7000,6750
"Tamil Nadu",Madurai,"Anaiyur(Uzhavar Sandhai )",Garlic,Garlic,Local,21/08/2026,14000,27000,20500
"Tamil Nadu",Madurai,"Anaiyur(Uzhavar Sandhai )",Tomato,Deshi,Local,21/08/2026,1800,2000,1900
"Tamil Nadu",Madurai,"Anaiyur(Uzhavar Sandhai )","Bitter gourd","Bitter Gourd",Local,21/08/2026,5000,7000,6000
"Tamil Nadu",Madurai,"Anaiyur(Uzhavar Sandhai )","Bottle gourd","Bottle Gourd",Local,21/08/2026,2000,2400,2200
"Tamil Nadu",Madurai,"Anaiyur(Uzhavar Sandhai )",Ashgourd,Gouard,Local,21/08/2026,2000,2400,2200
"Tamil Nadu",Madurai,"Anaiyur(Uzhavar Sandhai )",Pumpkin,Pumpkin,Local,21/08/2026,2000,2400,2200
"Tamil Nadu",Madurai,"Anaiyur(Uzhavar Sandhai )","Green Chilli","Green Chilly",Local,21/08/2026,4000,4800,4400
"Tamil Nadu",Madurai,"Anaiyur(Uzhavar Sandhai )","Betal Leaves",Mysore,Local,21/08/2026,18000,24000,21000
"Tamil Nadu",Madurai,"Anaiyur(Uzhavar Sandhai )",Snakeguard,Snakeguard,Local,21/08/2026,3000,4000,3500
"Tamil Nadu",Madurai,"Anaiyur(Uzhavar Sandhai )",Cucumbar(Kheera),Cucumbar,Local,21/08/2026,4000,10000,7000
"Tamil Nadu",Madurai,"Anaiyur(Uzhavar Sandhai )",Thondekai,Thondekai,Local,21/08/2026,4000,4500,4250
"Tamil Nadu",Madurai,"Anaiyur(Uzhavar Sandhai )",Capsicum,Capsicum,Local,21/08/2026,7000,8000,7500
"Tamil Nadu",Madurai,"Anaiyur(Uzhavar Sandhai )","Chow Chow","Chow Chow",Local,21/08/2026,2500,3000,2750
"Tamil Nadu",Madurai,"Anaiyur(Uzhavar Sandhai )",Guava,"Guava Allahabad",Local,21/08/2026,5000,6000,5500
"Tamil Nadu",Madurai,"Anaiyur(Uzhavar Sandhai )","Onion Green","Onion Green",Local,21/08/2026,7000,8000,7500
"Tamil Nadu",Madurai,"Usilampatti(Uzhavar Sandhai )",Onion,Bellary,Local,21/08/2026,5500,6000,5750
"Tamil Nadu",Madurai,"Usilampatti(Uzhavar Sandhai )",Coriander(Leaves),"I Sort",Local,21/08/2026,4000,4500,4250
"Tamil Nadu",Madurai,"Usilampatti(Uzhavar Sandhai )",Tomato,Deshi,Local,21/08/2026,1800,2000,1900
"Tamil Nadu",Madurai,"Usilampatti(Uzhavar Sandhai )","Bottle gourd","Bottle Gourd",Local,21/08/2026,2800,3000,2900
"Tamil Nadu",Madurai,"Usilampatti(Uzhavar Sandhai )",Ashgourd,Gouard,Local,21/08/2026,2000,2400,2200
"Tamil Nadu",Madurai,"Usilampatti(Uzhavar Sandhai )","Banana - Green","Banana - Green",Local,21/08/2026,2500,3000,2750
"Tamil Nadu",Madurai,"Usilampatti(Uzhavar Sandhai )","Elephant Yam(Suran)/Amorphophallus","Elephant Yam (Suran)",Local,21/08/2026,4000,4500,4250
"Tamil Nadu",Nagapattinam,"Nagapattinam(Uzhavar Sandhai )",Coriander(Leaves),"I Sort",Local,21/08/2026,2700,2700,2700
"Tamil Nadu",Nagapattinam,"Nagapattinam(Uzhavar Sandhai )",Tomato,Deshi,Local,21/08/2026,2700,3300,3000
"Tamil Nadu",Nagapattinam,"Nagapattinam(Uzhavar Sandhai )",Pumpkin,Pumpkin,Local,21/08/2026,2700,3300,3000
"Tamil Nadu",Nagapattinam,"Nagapattinam(Uzhavar Sandhai )","Bhindi(Ladies Finger)",Bhindi,Local,21/08/2026,5300,5300,5300
"Tamil Nadu",Nagapattinam,"Nagapattinam(Uzhavar Sandhai )",Carrot,Pusakesar,Local,21/08/2026,6200,7000,6600
"Tamil Nadu",Nagapattinam,"Nagapattinam(Uzhavar Sandhai )",Raddish,Raddish,Local,21/08/2026,3300,3800,3550
"Tamil Nadu",Nagapattinam,"Nagapattinam(Uzhavar Sandhai )",Drumstick,Drumstick,Local,21/08/2026,4100,4100,4100
"Tamil Nadu",Nagapattinam,"Nagapattinam(Uzhavar Sandhai )",Lime,Lime,Local,21/08/2026,2500,3000,2750
"Tamil Nadu",Nagapattinam,"Nagapattinam(Uzhavar Sandhai )",Yam(Ratalu),"Yam (Ratalu)",Local,21/08/2026,5800,6500,6150
"Tamil Nadu",Nagapattinam,"Sirkali(Uzhavar Sandhai )",Coriander(Leaves),"I Sort",Local,21/08/2026,3500,4000,3750
"Tamil Nadu",Nagapattinam,"Sirkali(Uzhavar Sandhai )","Cluster beans","Cluster Beans",Local,21/08/2026,4500,5000,4750
"Tamil Nadu",Nagapattinam,"Sirkali(Uzhavar Sandhai )","Bitter gourd","Bitter Gourd",Local,21/08/2026,5500,6000,5750
"Tamil Nadu",Nagapattinam,"Sirkali(Uzhavar Sandhai )","Green Chilli","Green Chilly",Local,21/08/2026,5500,6000,5750
"Tamil Nadu",Nagapattinam,"Sirkali(Uzhavar Sandhai )",Snakeguard,Snakeguard,Local,21/08/2026,4500,5000,4750
"Tamil Nadu",Nagapattinam,"Sirkali(Uzhavar Sandhai )",Drumstick,Drumstick,Local,21/08/2026,5500,6000,5750
"Tamil Nadu",Nagapattinam,"Sirkali(Uzhavar Sandhai )",Lime,Lime,Local,21/08/2026,4500,5000,4750
"Tamil Nadu",Nagapattinam,"Sirkali(Uzhavar Sandhai )","Tender Coconut","Tender Coconut",Local,21/08/2026,2000,2500,2250
"Tamil Nadu",Nagapattinam,"Sirkali(Uzhavar Sandhai )",Lemon,Lemon,Local,21/08/2026,5500,6000,5750
"Tamil Nadu",Nagapattinam,"Sirkali(Uzhavar Sandhai )","Onion Green","Onion Green",Local,21/08/2026,5500,6000,5750
"Tamil Nadu",Namakkal,"Kumarapalayam(Uzhavar Sandhai )",Onion,Bellary,Local,21/08/2026,4000,4500,4250
"Tamil Nadu",Namakkal,"Kumarapalayam(Uzhavar Sandhai )","Water Melon","Water Melon",Local,21/08/2026,1800,2000,1900
"Tamil Nadu",Namakkal,"Kumarapalayam(Uzhavar Sandhai )","Banana - Green","Banana - Green",Local,21/08/2026,3500,4000,3750
"Tamil Nadu",Namakkal,"Kumarapalayam(Uzhavar Sandhai )",Ginger(Green),"Green Ginger",Local,21/08/2026,18000,20000,19000
"Tamil Nadu",Namakkal,"Kumarapalayam(Uzhavar Sandhai )",Raddish,Raddish,Local,21/08/2026,2500,3000,2750
"Tamil Nadu",Namakkal,"Kumarapalayam(Uzhavar Sandhai )","Green Avare(W)","Green Avare (W)",Local,21/08/2026,8000,9000,8500
"Tamil Nadu",Namakkal,"Kumarapalayam(Uzhavar Sandhai )",Guava,"Guava Allahabad",Local,21/08/2026,5500,6000,5750
"Tamil Nadu",Namakkal,"Kumarapalayam(Uzhavar Sandhai )","Elephant Yam(Suran)/Amorphophallus","Elephant Yam (Suran)",Local,21/08/2026,2500,3000,2750
"Tamil Nadu",Namakkal,"Kumarapalayam(Uzhavar Sandhai )",Mint(Pudina),Mint(Pudina),Local,21/08/2026,5000,5500,5250
"Tamil Nadu",Namakkal,"Mohanur(Uzhavar Sandhai )",Onion,Bellary,Local,21/08/2026,4800,5600,5200
"Tamil Nadu",Namakkal,"Mohanur(Uzhavar Sandhai )","Water Melon","Water Melon",Local,21/08/2026,1000,1200,1100
"Tamil Nadu",Namakkal,"Mohanur(Uzhavar Sandhai )",Snakeguard,Snakeguard,Local,21/08/2026,4400,5400,4900
"Tamil Nadu",Namakkal,"Mohanur(Uzhavar Sandhai )",Raddish,Raddish,Local,21/08/2026,3400,4000,3700
"Tamil Nadu",Namakkal,"Mohanur(Uzhavar Sandhai )","Tender Coconut","Tender Coconut",Local,21/08/2026,3200,3600,3400
"Tamil Nadu",Namakkal,"Namakkal(Uzhavar Sandhai )",Pumpkin,Pumpkin,Local,21/08/2026,1500,2000,1750
"Tamil Nadu",Namakkal,"Namakkal(Uzhavar Sandhai )","Bhindi(Ladies Finger)",Bhindi,Local,21/08/2026,4000,4500,4250
"Tamil Nadu",Namakkal,"Namakkal(Uzhavar Sandhai )",Amaranthus,Amaranthus,Local,21/08/2026,3500,4000,3750
"Tamil Nadu",Namakkal,"Namakkal(Uzhavar Sandhai )",Cowpea(Veg),"Cowpea (Veg)",Local,21/08/2026,4500,5000,4750
"Tamil Nadu",Namakkal,"Namakkal(Uzhavar Sandhai )","Banana - Green","Banana - Green",Local,21/08/2026,3500,4000,3750
"Tamil Nadu",Namakkal,"Namakkal(Uzhavar Sandhai )",Beans,"Beans (Whole)",Local,21/08/2026,7000,7800,7400
"Tamil Nadu",Namakkal,"Namakkal(Uzhavar Sandhai )","Betal Leaves",Mysore,Local,21/08/2026,12000,13000,12500
"Tamil Nadu",Namakkal,"Namakkal(Uzhavar Sandhai )",Raddish,Raddish,Local,21/08/2026,3000,3500,3250
"Tamil Nadu",Namakkal,"Namakkal(Uzhavar Sandhai )","Knool Khol","Knool Khol",Local,21/08/2026,3000,3400,3200
"Tamil Nadu",Namakkal,"Namakkal(Uzhavar Sandhai )",Lime,Lime,Local,21/08/2026,3500,4000,3750
"Tamil Nadu",Namakkal,"Namakkal(Uzhavar Sandhai )",Lemon,Lemon,Local,21/08/2026,7000,8000,7500
"Tamil Nadu",Namakkal,"Namakkal(Uzhavar Sandhai )",Mint(Pudina),Mint(Pudina),Local,21/08/2026,4000,4500,4250
"Tamil Nadu",Namakkal,"Paramathivelur(Uzhavar Sandhai )",Banana,"Red Banana",Local,21/08/2026,7200,8000,7600
"Tamil Nadu",Namakkal,"Paramathivelur(Uzhavar Sandhai )",Onion,Bellary,Local,21/08/2026,5000,5600,5300
"Tamil Nadu",Namakkal,"Paramathivelur(Uzhavar Sandhai )",Mint(Pudina),Mint(Pudina),Local,21/08/2026,4400,5000,4700
"Tamil Nadu",Namakkal,"Rasipuram(Uzhavar Sandhai )",Groundnut,"Big (With Shell)",Local,21/08/2026,6500,7000,6750
"Tamil Nadu",Namakkal,"Rasipuram(Uzhavar Sandhai )",Tomato,Other,Local,21/08/2026,2000,2500,2250
"Tamil Nadu",Namakkal,"Rasipuram(Uzhavar Sandhai )",Ginger(Green),"Green Ginger",Local,21/08/2026,18000,19000,18500
"Tamil Nadu",Namakkal,"Rasipuram(Uzhavar Sandhai )",Coconut,Coconut,Local,21/08/2026,6000,6200,6100
"Tamil Nadu",Namakkal,"Rasipuram(Uzhavar Sandhai )",Beetroot,Beetroot,Local,21/08/2026,7000,8000,7500
"Tamil Nadu",Namakkal,"Rasipuram(Uzhavar Sandhai )","Green Avare(W)",Other,Local,21/08/2026,7000,9000,8000
"Tamil Nadu",Namakkal,"Rasipuram(Uzhavar Sandhai )",Guava,"Guava Allahabad",Local,21/08/2026,5000,6000,5500
"Tamil Nadu",Namakkal,"Rasipuram(Uzhavar Sandhai )","Tender Coconut","Tender Coconut",Local,21/08/2026,3500,4000,3750
"Tamil Nadu",Madurai,"Palanganatham(Uzhavar Sandhai )",Onion,Bellary,Local,21/08/2026,3000,6000,4500
"Tamil Nadu",Madurai,"Palanganatham(Uzhavar Sandhai )","Cluster beans","Cluster Beans",Local,21/08/2026,3000,3600,3300
"Tamil Nadu",Madurai,"Palanganatham(Uzhavar Sandhai )",Ashgourd,Gouard,Local,21/08/2026,2000,2400,2200
"Tamil Nadu",Madurai,"Palanganatham(Uzhavar Sandhai )",Snakeguard,Snakeguard,Local,21/08/2026,3600,4000,3800
"Tamil Nadu",Madurai,"Palanganatham(Uzhavar Sandhai )","Chow Chow","Chow Chow",Local,21/08/2026,2500,3000,2750
"Tamil Nadu",Madurai,"Palanganatham(Uzhavar Sandhai )","Onion Green","Onion Green",Local,21/08/2026,7500,8000,7750
"Tamil Nadu",Madurai,"Anna nagar(Uzhavar Sandhai )",Apple,American,Local,21/08/2026,22000,24000,23000
"Tamil Nadu",Madurai,"Anna nagar(Uzhavar Sandhai )",Pineapple,"Pine Apple",Local,21/08/2026,6000,6000,6000
"Tamil Nadu",Madurai,"Anna nagar(Uzhavar Sandhai )",Potato,Other,Local,21/08/2026,6400,6400,6400
"Tamil Nadu",Madurai,"Anna nagar(Uzhavar Sandhai )",Garlic,Garlic,Local,21/08/2026,14000,14000,14000
"Tamil Nadu",Madurai,"Anna nagar(Uzhavar Sandhai )",Coriander(Leaves),"I Sort",Local,21/08/2026,2400,2400,2400
"Tamil Nadu",Madurai,"Anna nagar(Uzhavar Sandhai )",Chikoos(Sapota),Sapota,Local,21/08/2026,5000,6000,5500
"Tamil Nadu",Madurai,"Anna nagar(Uzhavar Sandhai )","Water Melon","Water Melon",Local,21/08/2026,1500,2000,1750
"Tamil Nadu",Madurai,"Anna nagar(Uzhavar Sandhai )","Green Chilli","Green Chilly",Local,21/08/2026,5400,5400,5400
"Tamil Nadu",Madurai,"Anna nagar(Uzhavar Sandhai )","Banana - Green","Banana - Green",Local,21/08/2026,2500,2500,2500
"Tamil Nadu",Madurai,"Anna nagar(Uzhavar Sandhai )",Beans,"Beans (Whole)",Local,21/08/2026,8000,8000,8000
"Tamil Nadu",Madurai,"Anna nagar(Uzhavar Sandhai )",Carrot,Pusakesar,Local,21/08/2026,8500,8500,8500
"Tamil Nadu",Madurai,"Anna nagar(Uzhavar Sandhai )",Drumstick,Drumstick,Local,21/08/2026,3000,3600,3300
"Tamil Nadu",Madurai,"Anna nagar(Uzhavar Sandhai )",Pomegranate,Pomogranate,Local,21/08/2026,14000,16000,15000
"Tamil Nadu",Madurai,"Anna nagar(Uzhavar Sandhai )","Tender Coconut","Tender Coconut",Local,21/08/2026,4000,4000,4000
"Tamil Nadu",Madurai,"Anna nagar(Uzhavar Sandhai )","Tamarind Fruit","Tamarind Fruit",Local,21/08/2026,14000,14000,14000
"Tamil Nadu",Madurai,"Anna nagar(Uzhavar Sandhai )",Mashrooms,Mashrooms,Local,21/08/2026,22000,22000,22000
"Tamil Nadu",Madurai,"Anna nagar(Uzhavar Sandhai )","Amla(Nelli Kai)",Amla,Local,21/08/2026,6000,7000,6500
"Tamil Nadu",Perambalur,"Perambalur(Uzhavar Sandhai )",Tomato,Deshi,Local,21/08/2026,2500,3000,2750
"Tamil Nadu",Perambalur,"Perambalur(Uzhavar Sandhai )","Bitter gourd","Bitter Gourd",Local,21/08/2026,4800,5200,5000
"Tamil Nadu",Perambalur,"Perambalur(Uzhavar Sandhai )","Bottle gourd","Bottle Gourd",Local,21/08/2026,1800,2400,2100
"Tamil Nadu",Perambalur,"Perambalur(Uzhavar Sandhai )",Amaranthus,Amaranthus,Local,21/08/2026,2000,3000,2500
"Tamil Nadu",Perambalur,"Perambalur(Uzhavar Sandhai )",Thondekai,Thondekai,Local,21/08/2026,4600,5000,4800
"Tamil Nadu",Perambalur,"Perambalur(Uzhavar Sandhai )","Elephant Yam(Suran)/Amorphophallus","Elephant Yam (Suran)",Local,21/08/2026,4800,5200,5000
"Tamil Nadu",Perambalur,"Perambalur(Uzhavar Sandhai )",Mashrooms,Mashrooms,Local,21/08/2026,20000,20000,20000
"Tamil Nadu",Perambalur,"Perambalur(Uzhavar Sandhai )",Mint(Pudina),Mint(Pudina),Local,21/08/2026,5600,5600,5600
"Tamil Nadu",Perambalur,"Perambalur(Uzhavar Sandhai )","Sweet Corn ","Sweet Corn ",Local,21/08/2026,4000,5000,4500
"Tamil Nadu",Salem,"Mecheri(Uzhavar Sandhai)",Coriander(Leaves),"I Sort",Local,21/08/2026,2500,3000,2750
"Tamil Nadu",Salem,"Ammapet(Uzhavar Sandhai )",Coriander(Leaves),"I Sort",Local,21/08/2026,1800,2000,1900
"Tamil Nadu",Salem,"Ammapet(Uzhavar Sandhai )",Papaya,Papaya,Local,21/08/2026,3200,3500,3350
"Tamil Nadu",Salem,"Ammapet(Uzhavar Sandhai )",Ashgourd,Gouard,Local,21/08/2026,2200,2400,2300
"Tamil Nadu",Salem,"Ammapet(Uzhavar Sandhai )",Ginger(Green),"Green Ginger",Local,21/08/2026,16000,17000,16500
"Tamil Nadu",Salem,"Ammapet(Uzhavar Sandhai )",Cabbage,Cabbage,Local,21/08/2026,2400,3000,2700
"Tamil Nadu",Salem,"Ammapet(Uzhavar Sandhai )",Ridgeguard(Tori),Ridgeguard(Tori),Local,21/08/2026,3800,4000,3900
"Tamil Nadu",Salem,"Ammapet(Uzhavar Sandhai )","Green Avare(W)",Other,Local,21/08/2026,5200,5500,5350
"Tamil Nadu",Salem,"Ammapet(Uzhavar Sandhai )",Drumstick,Drumstick,Local,21/08/2026,2000,2500,2250
"Tamil Nadu",Salem,"Mettur(Uzhavar Sandhai )",Garlic,Garlic,Local,21/08/2026,25000,28000,26500
"Tamil Nadu",Salem,"Mettur(Uzhavar Sandhai )",Papaya,Papaya,Local,21/08/2026,2500,3000,2750
"Tamil Nadu",Salem,"Mettur(Uzhavar Sandhai )",Tomato,Local,Local,21/08/2026,1500,1800,1650
"Tamil Nadu",Salem,"Mettur(Uzhavar Sandhai )","Cluster beans","Cluster Beans",Local,21/08/2026,2500,3000,2750
"Tamil Nadu",Salem,"Mettur(Uzhavar Sandhai )",Pumpkin,Pumpkin,Local,21/08/2026,2000,2500,2250
"Tamil Nadu",Salem,"Mettur(Uzhavar Sandhai )",Beans,"Beans (Whole)",Local,21/08/2026,7000,8000,7500
"Tamil Nadu",Salem,"Mettur(Uzhavar Sandhai )",Carrot,Pusakesar,Local,21/08/2026,7000,8000,7500
"Tamil Nadu",Salem,"Mettur(Uzhavar Sandhai )",Snakeguard,Snakeguard,Local,21/08/2026,3000,3500,3250
"Tamil Nadu",Salem,"Mettur(Uzhavar Sandhai )",Ridgeguard(Tori),Ridgeguard(Tori),Local,21/08/2026,2500,3500,3000
"Tamil Nadu",Salem,"Mettur(Uzhavar Sandhai )",Lemon,Lemon,Local,21/08/2026,10000,12000,11000
"Tamil Nadu",Salem,"Mettur(Uzhavar Sandhai )","Onion Green","Onion Green",Local,21/08/2026,5000,6000,5500
"Tamil Nadu",Salem,"Mettur(Uzhavar Sandhai )",Rose(Local),"Rose (Local)",Local,21/08/2026,13000,15000,14000
"Tamil Nadu",Salem,"Mettur(Uzhavar Sandhai )","Sweet Corn ","Sweet Corn ",Local,21/08/2026,3500,4000,3750
"Tamil Nadu",Salem,"Sooramangalam(Uzhavar Sandhai )",Banana,"Red Banana",Local,21/08/2026,7000,7500,7250
"Tamil Nadu",Salem,"Sooramangalam(Uzhavar Sandhai )","Mousambi(Sweet Lime)",Mousambi,Local,21/08/2026,3000,3500,3250
"Tamil Nadu",Salem,"Sooramangalam(Uzhavar Sandhai )",Beans,"Beans (Whole)",Local,21/08/2026,9400,9800,9600
"Tamil Nadu",Salem,"Sooramangalam(Uzhavar Sandhai )",Beetroot,Beetroot,Local,21/08/2026,7000,7500,7250
"Tamil Nadu",Salem,"Sooramangalam(Uzhavar Sandhai )",Raddish,Raddish,Local,21/08/2026,2800,3000,2900
"Tamil Nadu",Salem,"Sooramangalam(Uzhavar Sandhai )","Amla(Nelli Kai)",Amla,Local,21/08/2026,6000,7000,6500
"Tamil Nadu",Salem,"Sooramangalam(Uzhavar Sandhai )",Rose(Local),"Rose (Local)",Local,21/08/2026,8000,10000,9000
"Tamil Nadu",Salem,"Thammampatti (Uzhavar Sandhai )",Groundnut,"Big (With Shell)",Local,21/08/2026,7000,7000,7000
"Tamil Nadu",Salem,"Thammampatti (Uzhavar Sandhai )",Brinjal,Round,Local,21/08/2026,3000,4000,3500
"Tamil Nadu",Salem,"Thammampatti (Uzhavar Sandhai )",Tomato,Deshi,Local,21/08/2026,1000,1800,1400
"Tamil Nadu",Salem,"Thammampatti (Uzhavar Sandhai )",Beans,"Beans (Whole)",Local,21/08/2026,7500,8000,7750
"Tamil Nadu",Salem,"Thammampatti (Uzhavar Sandhai )",Ginger(Green),"Green Ginger",Local,21/08/2026,9000,17000,13000
"Tamil Nadu",Salem,"Thammampatti (Uzhavar Sandhai )","Chow Chow","Chow Chow",Local,21/08/2026,4000,4000,4000
"Tamil Nadu",Salem,"Thammampatti (Uzhavar Sandhai )",Mango(Raw-Ripe),"Mango - Raw-Ripe",Local,21/08/2026,6000,6000,6000
"Tamil Nadu",Salem,"Thammampatti (Uzhavar Sandhai )",Guava,"Guava Allahabad",Local,21/08/2026,6000,6000,6000
"Tamil Nadu",Salem,"Thammampatti (Uzhavar Sandhai )","Tender Coconut","Tender Coconut",Local,21/08/2026,3000,4000,3500
"Tamil Nadu",Salem,"Thammampatti (Uzhavar Sandhai )",Yam(Ratalu),"Yam (Ratalu)",Local,21/08/2026,4000,5000,4500
"Tamil Nadu",Salem,"Thammampatti (Uzhavar Sandhai )","Baby Corn","Baby Corn","Grade A",21/08/2026,2500,3000,2750
"Tamil Nadu",Salem,"Thathakapatti(Uzhavar Sandhai )",Groundnut,"Big (With Shell)",Local,21/08/2026,7000,8000,7500
"Tamil Nadu",Salem,"Thathakapatti(Uzhavar Sandhai )",Onion,Bellary,Local,21/08/2026,5000,5500,5250
"Tamil Nadu",Salem,"Thathakapatti(Uzhavar Sandhai )",Cauliflower,Ranchi,Local,21/08/2026,2000,2500,2250
"Tamil Nadu",Salem,"Thathakapatti(Uzhavar Sandhai )",Papaya,Papaya,Local,21/08/2026,3500,4000,3750
"Tamil Nadu",Salem,"Thathakapatti(Uzhavar Sandhai )","Water Melon","Water Melon",Local,21/08/2026,1000,2000,1500
"Tamil Nadu",Salem,"Thathakapatti(Uzhavar Sandhai )",Pumpkin,Pumpkin,Local,21/08/2026,2000,2400,2200
"Tamil Nadu",Salem,"Thathakapatti(Uzhavar Sandhai )","Bhindi(Ladies Finger)",Bhindi,Local,21/08/2026,3000,3400,3200
"Tamil Nadu",Salem,"Thathakapatti(Uzhavar Sandhai )",Amaranthus,Amaranthus,Local,21/08/2026,2000,2400,2200
"Tamil Nadu",Salem,"Thathakapatti(Uzhavar Sandhai )","Banana - Green","Banana - Green",Local,21/08/2026,3500,4000,3750
"Tamil Nadu",Salem,"Thathakapatti(Uzhavar Sandhai )",Ginger(Green),"Green Ginger",Local,21/08/2026,16000,17000,16500
"Tamil Nadu",Salem,"Thathakapatti(Uzhavar Sandhai )",Carrot,Pusakesar,Local,21/08/2026,8000,8400,8200
"Tamil Nadu",Salem,"Thathakapatti(Uzhavar Sandhai )",Cucumbar(Kheera),Cucumbar,Local,21/08/2026,4000,5000,4500
"Tamil Nadu",Salem,"Thathakapatti(Uzhavar Sandhai )",Kakada,Kakada,Local,21/08/2026,55000,60000,57500
"Tamil Nadu",Salem,"Thathakapatti(Uzhavar Sandhai )","Elephant Yam(Suran)/Amorphophallus","Elephant Yam (Suran)",Local,21/08/2026,5000,5500,5250
"Tamil Nadu",Pudukkottai,"Pudukottai(Uzhavar Sandhai )",Potato,"Red Nanital",Local,21/08/2026,7000,8000,7500
"Tamil Nadu",Pudukkottai,"Pudukottai(Uzhavar Sandhai )",Garlic,Garlic,Local,21/08/2026,28000,30000,29000
"Tamil Nadu",Pudukkottai,"Pudukottai(Uzhavar Sandhai )",Cauliflower,Ranchi,Local,21/08/2026,5500,6000,5750
"Tamil Nadu",Pudukkottai,"Pudukottai(Uzhavar Sandhai )",Tapioca,Tapioca,Local,21/08/2026,3500,4000,3750
"Tamil Nadu",Pudukkottai,"Pudukottai(Uzhavar Sandhai )",Cabbage,Cabbage,Local,21/08/2026,3000,3500,3250
"Tamil Nadu",Pudukkottai,"Pudukottai(Uzhavar Sandhai )",Raddish,Raddish,Local,21/08/2026,3500,4000,3750
"Tamil Nadu",Pudukkottai,"Pudukottai(Uzhavar Sandhai )",Capsicum,Capsicum,Local,21/08/2026,5000,6000,5500
"Tamil Nadu","The Nilgiris","Udhagamandalam(Uzhavar Sandhai )","Cluster beans","Cluster Beans",Local,21/08/2026,3500,4000,3750
"Tamil Nadu","The Nilgiris","Udhagamandalam(Uzhavar Sandhai )","Green Chilli","Green Chilly",Local,21/08/2026,4000,4500,4250
"Tamil Nadu","The Nilgiris","Udhagamandalam(Uzhavar Sandhai )",Tapioca,Tapioca,Local,21/08/2026,3000,3500,3250
"Tamil Nadu","The Nilgiris","Udhagamandalam(Uzhavar Sandhai )",Snakeguard,Snakeguard,Local,21/08/2026,3000,3300,3150
"Tamil Nadu","The Nilgiris","Udhagamandalam(Uzhavar Sandhai )",Ridgeguard(Tori),Ridgeguard(Tori),Local,21/08/2026,4500,4800,4650
"Tamil Nadu","The Nilgiris","Udhagamandalam(Uzhavar Sandhai )",Mint(Pudina),Mint(Pudina),Local,21/08/2026,5500,6000,5750
"Tamil Nadu",Theni,"Andipatti(Uzhavar Sandhai )",Banana,Karpura,Local,21/08/2026,4500,5000,4750
"Tamil Nadu",Theni,"Andipatti(Uzhavar Sandhai )",Garlic,Garlic,Local,21/08/2026,23000,24000,23500
"Tamil Nadu",Theni,"Andipatti(Uzhavar Sandhai )",Raddish,Raddish,Local,21/08/2026,2200,2400,2300
"Tamil Nadu",Theni,"Andipatti(Uzhavar Sandhai )",Lime,Lime,Local,21/08/2026,11000,12000,11500
"Tamil Nadu",Theni,"Andipatti(Uzhavar Sandhai )","Elephant Yam(Suran)/Amorphophallus","Elephant Yam (Suran)",Local,21/08/2026,3800,4000,3900
"Tamil Nadu",Theni,"Bodinayakanur(Uzhavar Sandhai )",Banana,Besrai,Local,21/08/2026,6000,6000,6000
"Tamil Nadu",Theni,"Bodinayakanur(Uzhavar Sandhai )",Potato,"Red Nanital",Local,21/08/2026,2600,2600,2600
"Tamil Nadu",Theni,"Bodinayakanur(Uzhavar Sandhai )",Thondekai,Thondekai,Local,21/08/2026,3600,3600,3600
"Tamil Nadu",Theni,"Bodinayakanur(Uzhavar Sandhai )","Elephant Yam(Suran)/Amorphophallus","Elephant Yam (Suran)",Local,21/08/2026,4000,4000,4000
"Tamil Nadu",Theni,"Chinnamanur(Uzhavar Sandhai )",Onion,Bellary,Local,21/08/2026,5500,5500,5500
"Tamil Nadu",Theni,"Chinnamanur(Uzhavar Sandhai )","Cluster beans","Cluster Beans",Local,21/08/2026,3600,3600,3600
"Tamil Nadu",Theni,"Chinnamanur(Uzhavar Sandhai )","Bottle gourd","Bottle Gourd",Local,21/08/2026,1500,1500,1500
"Tamil Nadu",Theni,"Chinnamanur(Uzhavar Sandhai )",Amaranthus,Amaranthus,Local,21/08/2026,2500,2500,2500
"Tamil Nadu",Theni,"Chinnamanur(Uzhavar Sandhai )",Beans,"Beans (Whole)",Local,21/08/2026,8500,11500,10000
"Tamil Nadu",Theni,"Chinnamanur(Uzhavar Sandhai )",Coconut,Coconut,Local,21/08/2026,6000,6000,6000
"Tamil Nadu",Theni,"Chinnamanur(Uzhavar Sandhai )",Capsicum,Capsicum,Local,21/08/2026,5000,5000,5000
"Tamil Nadu",Theni,"Chinnamanur(Uzhavar Sandhai )","Green Avare(W)",Other,Local,21/08/2026,6000,6000,6000
"Tamil Nadu",Theni,"Chinnamanur(Uzhavar Sandhai )",Drumstick,Drumstick,Local,21/08/2026,2500,2800,2650
"Tamil Nadu",Theni,"Chinnamanur(Uzhavar Sandhai )","Elephant Yam(Suran)/Amorphophallus","Elephant Yam (Suran)",Local,21/08/2026,4000,4000,4000
"Tamil Nadu",Theni,"Chinnamanur(Uzhavar Sandhai )",Yam(Ratalu),"Yam (Ratalu)",Local,21/08/2026,8000,8000,8000
"Tamil Nadu",Theni,"Chinnamanur(Uzhavar Sandhai )",Lemon,Lemon,Local,21/08/2026,10000,10000,10000
"Tamil Nadu",Theni,"Chinnamanur(Uzhavar Sandhai )",Colacasia,Colacasia,Local,21/08/2026,5000,5000,5000
"Tamil Nadu",Theni,"Chinnamanur(Uzhavar Sandhai )","Onion Green","Onion Green",Local,21/08/2026,7500,7800,7650
"Tamil Nadu",Theni,"Kambam(Uzhavar Sandhai )",Coriander(Leaves),"I Sort",Local,21/08/2026,3200,3200,3200
"Tamil Nadu",Theni,"Kambam(Uzhavar Sandhai )","Green Chilli","Green Chilly",Local,21/08/2026,4000,5000,4500
"Tamil Nadu",Theni,"Kambam(Uzhavar Sandhai )",Thondekai,Thondekai,Local,21/08/2026,3500,3500,3500
"Tamil Nadu",Theni,"Kambam(Uzhavar Sandhai )","Green Avare(W)","Green Avare (W)",Local,21/08/2026,3500,4000,3750
"Tamil Nadu",Theni,"Kambam(Uzhavar Sandhai )","Knool Khol","Knool Khol",Local,21/08/2026,3200,3200,3200
"Tamil Nadu",Theni,"Kambam(Uzhavar Sandhai )","Indian Beans(Seam)","Indian Beans (Seam)",Local,21/08/2026,6000,6000,6000
"Tamil Nadu",Theni,"Theni(Uzhavar Sandhai )",Pineapple,"Pine Apple",Local,21/08/2026,8000,8000,8000
"Tamil Nadu",Theni,"Theni(Uzhavar Sandhai )",Coriander(Leaves),"I Sort",Local,21/08/2026,3200,3200,3200
"Tamil Nadu",Theni,"Theni(Uzhavar Sandhai )","Green Chilli","Green Chilly",Local,21/08/2026,4000,5000,4500
"Tamil Nadu",Theni,"Theni(Uzhavar Sandhai )",Beans,"Beans (Whole)",Local,21/08/2026,9500,10000,9750
"Tamil Nadu",Theni,"Theni(Uzhavar Sandhai )",Carrot,Pusakesar,Local,21/08/2026,7000,7000,7000
"Tamil Nadu",Theni,"Theni(Uzhavar Sandhai )",Beetroot,Beetroot,Local,21/08/2026,4400,4400,4400
"Tamil Nadu",Theni,"Theni(Uzhavar Sandhai )",Drumstick,Drumstick,Local,21/08/2026,1500,2000,1750
"Tamil Nadu",Theni,"Theni(Uzhavar Sandhai )","Karbuja(Musk Melon)",Karbhuja,Local,21/08/2026,6000,6000,6000
"Tamil Nadu",Theni,"Theni(Uzhavar Sandhai )","Indian Beans(Seam)","Indian Beans (Seam)",Local,21/08/2026,5500,5500,5500
"Tamil Nadu",Thirunelveli,"Kandiyaperi(Uzhavar Sandhai )","Bottle gourd","Bottle Gourd",Local,21/08/2026,1000,1200,1100
"Tamil Nadu",Thirunelveli,"Kandiyaperi(Uzhavar Sandhai )","Green Chilli","Green Chilly",Local,21/08/2026,4200,4800,4500
"Tamil Nadu",Thirunelveli,"Melapalayam(Uzhavar Sandhai )",Onion,Bellary,Local,21/08/2026,4600,5400,5000
"Tamil Nadu",Thirunelveli,"Melapalayam(Uzhavar Sandhai )",Ginger(Green),"Green Ginger",Local,21/08/2026,16500,17500,17000
"Tamil Nadu",Thirunelveli,"Melapalayam(Uzhavar Sandhai )",Coconut,Coconut,Local,21/08/2026,5800,6200,6000
"Tamil Nadu",Thirunelveli,"Melapalayam(Uzhavar Sandhai )","Green Avare(W)",Other,Local,21/08/2026,5500,6000,5750
"Tamil Nadu",Thirunelveli,"Melapalayam(Uzhavar Sandhai )",Drumstick,Drumstick,Local,21/08/2026,2800,3000,2900
"Tamil Nadu",Thirunelveli,"Palayamkottai(Uzhavar Sandhai )",Grapes,Annabesahai,Local,21/08/2026,11000,12000,11500
"Tamil Nadu",Thirunelveli,"Palayamkottai(Uzhavar Sandhai )",Chikoos(Sapota),Sapota,Local,21/08/2026,4000,5000,4500
"Tamil Nadu",Thirunelveli,"Palayamkottai(Uzhavar Sandhai )",Papaya,Papaya,Local,21/08/2026,3500,4000,3750
"Tamil Nadu",Thirunelveli,"Palayamkottai(Uzhavar Sandhai )","Mousambi(Sweet Lime)",Mousambi,Local,21/08/2026,7000,8000,7500
"Tamil Nadu",Thirunelveli,"Palayamkottai(Uzhavar Sandhai )","Green Chilli","Green Chilly",Local,21/08/2026,4200,4800,4500
"Tamil Nadu",Thirunelveli,"Palayamkottai(Uzhavar Sandhai )",Ginger(Green),"Green Ginger",Local,21/08/2026,16500,17500,17000
"Tamil Nadu",Thirunelveli,"Palayamkottai(Uzhavar Sandhai )",Coconut,Coconut,Local,21/08/2026,5800,6200,6000
"Tamil Nadu",Thirunelveli,"Palayamkottai(Uzhavar Sandhai )","Sweet Potato","Hosur Red",Local,21/08/2026,5000,5500,5250
"Tamil Nadu",Thirunelveli,"Palayamkottai(Uzhavar Sandhai )",Carrot,Pusakesar,Local,21/08/2026,4000,7400,5700
"Tamil Nadu",Thirunelveli,"Palayamkottai(Uzhavar Sandhai )",Snakeguard,Snakeguard,Local,21/08/2026,2400,2600,2500
"Tamil Nadu",Thirunelveli,"Palayamkottai(Uzhavar Sandhai )",Beetroot,Beetroot,Local,21/08/2026,4600,6000,5300
"Tamil Nadu",Thirunelveli,"Palayamkottai(Uzhavar Sandhai )",Cucumbar(Kheera),Cucumbar,Local,21/08/2026,3500,6500,5000
"Tamil Nadu",Thirunelveli,"Palayamkottai(Uzhavar Sandhai )",Capsicum,Capsicum,Local,21/08/2026,4500,5000,4750
"Tamil Nadu",Thirunelveli,"Palayamkottai(Uzhavar Sandhai )",Colacasia,Colacasia,Local,21/08/2026,4500,5500,5000
"Tamil Nadu",Thirupur,"Kangayam(Uzhavar Sandhai )","Green Chilli","Green Chilly",Local,21/08/2026,4500,5000,4750
"Tamil Nadu",Thirupur,"Kangayam(Uzhavar Sandhai )","Green Avare(W)","Green Avare (W)",Local,21/08/2026,5500,6000,5750
"Tamil Nadu",Thirupur,"Kangayam(Uzhavar Sandhai )",Mint(Pudina),Mint(Pudina),Local,21/08/2026,4000,4500,4250
"Tamil Nadu",Thirupur,"Tiruppur (North) (Uzhavar Sandhai )",Coriander(Leaves),"I Sort",Local,21/08/2026,2500,3000,2750
"Tamil Nadu",Thirupur,"Tiruppur (North) (Uzhavar Sandhai )",Coconut,Coconut,Local,21/08/2026,5500,6000,5750
"Tamil Nadu",Thirupur,"Tiruppur (North) (Uzhavar Sandhai )",Cabbage,Cabbage,Local,21/08/2026,1500,2000,1750
"Tamil Nadu",Thirupur,"Tiruppur (North) (Uzhavar Sandhai )",Ridgeguard(Tori),Ridgeguard(Tori),Local,21/08/2026,4500,5000,4750
"Tamil Nadu",Thirupur,"Tiruppur (North) (Uzhavar Sandhai )","Green Avare(W)",Other,Local,21/08/2026,6000,7000,6500
"Tamil Nadu",Thirupur,"Tiruppur (North) (Uzhavar Sandhai )",Drumstick,Drumstick,Local,21/08/2026,3000,3600,3300
"Tamil Nadu",Thirupur,"Tiruppur (North) (Uzhavar Sandhai )",Guava,"Guava Allahabad",Local,21/08/2026,4500,5000,4750
"Tamil Nadu",Thirupur,"Tiruppur (North) (Uzhavar Sandhai )","Elephant Yam(Suran)/Amorphophallus","Elephant Yam (Suran)",Local,21/08/2026,3500,4000,3750
"Tamil Nadu",Thiruvannamalai,"Chengam(Uzhavar Sandhai )",Banana,Besrai,Local,21/08/2026,4200,5000,4600
"Tamil Nadu",Thiruvannamalai,"Chengam(Uzhavar Sandhai )",Tomato,Local,Local,21/08/2026,1600,2000,1800
"Tamil Nadu",Thiruvannamalai,"Chengam(Uzhavar Sandhai )","Cluster beans","Cluster Beans",Local,21/08/2026,4000,4800,4400
"Tamil Nadu",Thiruvannamalai,"Chengam(Uzhavar Sandhai )",Pumpkin,Pumpkin,Local,21/08/2026,2000,2500,2250
"Tamil Nadu",Thiruvannamalai,"Chengam(Uzhavar Sandhai )","Bhindi(Ladies Finger)",Bhindi,Local,21/08/2026,3300,4000,3650
"Tamil Nadu",Thiruvannamalai,"Chengam(Uzhavar Sandhai )",Amaranthus,Amaranthus,Local,21/08/2026,1200,1500,1350
"Tamil Nadu",Thiruvannamalai,"Chengam(Uzhavar Sandhai )",Carrot,Pusakesar,Local,21/08/2026,6000,7200,6600
"Tamil Nadu",Thiruvannamalai,"Chengam(Uzhavar Sandhai )",Capsicum,Capsicum,Local,21/08/2026,7000,8000,7500
"Tamil Nadu",Thiruvannamalai,"Chengam(Uzhavar Sandhai )",Drumstick,Drumstick,Local,21/08/2026,3300,4000,3650
"Tamil Nadu",Thiruvannamalai,"Chengam(Uzhavar Sandhai )","Onion Green","Onion Green",Local,21/08/2026,7000,8000,7500
"Tamil Nadu",Thiruvannamalai,"Keelpennathur(Uzhavar Sandhai )",Tomato,Deshi,Local,21/08/2026,1800,2000,1900
"Tamil Nadu",Thiruvannamalai,"Keelpennathur(Uzhavar Sandhai )","Jamun(Narale Hannu)",Jamun,Local,21/08/2026,11000,12000,11500
"Tamil Nadu",Thiruvannamalai,"Tamarainagar(Uzhavar Sandhai )",Papaya,Papaya,Local,21/08/2026,3500,4000,3750
"Tamil Nadu",Thiruvannamalai,"Tamarainagar(Uzhavar Sandhai )","Water Melon","Water Melon",Local,21/08/2026,2000,2500,2250
"Tamil Nadu",Thiruvannamalai,"Tamarainagar(Uzhavar Sandhai )","Bitter gourd","Bitter Gourd",Local,21/08/2026,5000,6000,5500
"Tamil Nadu",Thiruvannamalai,"Tamarainagar(Uzhavar Sandhai )","Bhindi(Ladies Finger)",Bhindi,Local,21/08/2026,3500,4000,3750
"Tamil Nadu",Thiruvannamalai,"Tamarainagar(Uzhavar Sandhai )","Sweet Potato","Hosur Red",Local,21/08/2026,5000,6000,5500
"Tamil Nadu",Thiruvannamalai,"Tamarainagar(Uzhavar Sandhai )",Snakeguard,Snakeguard,Local,21/08/2026,3500,4000,3750
"Tamil Nadu",Thiruvannamalai,"Tamarainagar(Uzhavar Sandhai )",Ridgeguard(Tori),Ridgeguard(Tori),Local,21/08/2026,5000,6000,5500
"Tamil Nadu",Thiruvannamalai,"Tamarainagar(Uzhavar Sandhai )",Raddish,Raddish,Local,21/08/2026,2500,3000,2750
"Tamil Nadu",Thiruvannamalai,"Tamarainagar(Uzhavar Sandhai )",Guava,"Guava Allahabad",Local,21/08/2026,5000,6000,5500
"Tamil Nadu",Thiruvannamalai,"Tamarainagar(Uzhavar Sandhai )","Sweet Corn ","Sweet Corn ",Local,21/08/2026,4000,8200,6100
"Tamil Nadu",Thiruvannamalai,"Vandavasi(Uzhavar Sandhai )","Bottle gourd","Bottle Gourd",Local,21/08/2026,1600,2000,1800
"Tamil Nadu",Thiruvannamalai,"Vandavasi(Uzhavar Sandhai )",Pumpkin,Pumpkin,Local,21/08/2026,2500,3000,2750
"Tamil Nadu",Thiruvannamalai,"Vandavasi(Uzhavar Sandhai )","Green Chilli","Green Chilly",Local,21/08/2026,5000,6000,5500
"Tamil Nadu",Thiruvannamalai,"Vandavasi(Uzhavar Sandhai )",Beans,"Beans (Whole)",Local,21/08/2026,7000,8400,7700
"Tamil Nadu",Thiruvannamalai,"Vandavasi(Uzhavar Sandhai )",Yam(Ratalu),"Yam (Ratalu)",Local,21/08/2026,4000,4800,4400
"Tamil Nadu",Thiruvarur,"Muthupettai(Uzhavar Sandhai )",Brinjal,Round,Local,21/08/2026,3600,3600,3600
"Tamil Nadu",Thiruvarur,"Muthupettai(Uzhavar Sandhai )","Green Chilli","Green Chilly",Local,21/08/2026,5400,5400,5400
"West Bengal",Bankura,"Bishnupur(Bankura) APMC",Wheat,Sonalika,FAQ,21/08/2026,2600,2800,2700
"West Bengal",Bankura,"Bishnupur(Bankura) APMC",Onion,Nasik,FAQ,21/08/2026,3000,3900,3500
Bihar,"East Champaran/ Motihari","Raxaul APMC",Potato,"Red Nanital","Grade A",21/08/2026,1400,1600,1500
Bihar,"East Champaran/ Motihari","Raxaul APMC",Onion,"1st Sort","Grade A",21/08/2026,4200,4400,4300
"Tamil Nadu",Thiruvarur,"Tiruvarur(Uzhavar Sandhai )",Coriander(Leaves),"I Sort",Local,21/08/2026,4000,4000,4000
"Tamil Nadu",Thiruvarur,"Tiruvarur(Uzhavar Sandhai )","Banana - Green","Banana - Green",Local,21/08/2026,4000,4000,4000
"Tamil Nadu",Thiruvarur,"Tiruvarur(Uzhavar Sandhai )",Coconut,Coconut,Local,21/08/2026,5000,5000,5000
"Tamil Nadu",Virudhunagar,"Aruppukottai(Uzhavar Sandhai )",Tomato,Deshi,Local,21/08/2026,1500,2000,1750
"Tamil Nadu",Virudhunagar,"Aruppukottai(Uzhavar Sandhai )","Bitter gourd","Bitter Gourd",Local,21/08/2026,6000,8000,7000
"Tamil Nadu",Virudhunagar,"Aruppukottai(Uzhavar Sandhai )","Green Chilli","Green Chilly",Local,21/08/2026,5000,6000,5500
"Tamil Nadu",Virudhunagar,"Aruppukottai(Uzhavar Sandhai )","Chow Chow","Chow Chow",Local,21/08/2026,3000,3500,3250
"Tamil Nadu",Virudhunagar,"Aruppukottai(Uzhavar Sandhai )",Colacasia,Colacasia,Local,21/08/2026,6000,7000,6500
"Tamil Nadu",Thiruvarur,"Valangaiman APMC",Ashgourd,Gouard,Local,21/08/2026,2400,2400,2400
"Tamil Nadu",Thiruvarur,"Valangaiman APMC",Raddish,Raddish,Local,21/08/2026,3000,3000,3000
"Tamil Nadu",Virudhunagar,"Kariyapatti(Uzhavar Sandhai )",Potato,"Red Nanital",Local,21/08/2026,3000,3500,3250
"Tamil Nadu",Virudhunagar,"Kariyapatti(Uzhavar Sandhai )","Bitter gourd",Other,Local,21/08/2026,7500,8000,7750
"Tamil Nadu",Virudhunagar,"Kariyapatti(Uzhavar Sandhai )",Ashgourd,Gouard,Local,21/08/2026,3500,4000,3750
"Tamil Nadu",Virudhunagar,"Kariyapatti(Uzhavar Sandhai )",Amaranthus,Amaranthus,Local,21/08/2026,3000,3500,3250
"Tamil Nadu",Virudhunagar,"Kariyapatti(Uzhavar Sandhai )",Snakeguard,Snakeguard,Local,21/08/2026,3500,4000,3750
"Tamil Nadu",Virudhunagar,"Kariyapatti(Uzhavar Sandhai )","Green Avare(W)","Green Avare (W)",Local,21/08/2026,6500,7000,6750
"Tamil Nadu",Virudhunagar,"Kariyapatti(Uzhavar Sandhai )",Lime,Lime,Local,21/08/2026,13000,14000,13500
"Tamil Nadu",Virudhunagar,"Kariyapatti(Uzhavar Sandhai )",Mint(Pudina),Mint(Pudina),Local,21/08/2026,5500,6000,5750
"Tamil Nadu",Madurai,"Thirumangalam(Uzhavar Sandhai )","Bitter gourd","Bitter Gourd",Local,21/08/2026,5000,6500,5750
"Tamil Nadu",Madurai,"Thirumangalam(Uzhavar Sandhai )","Bottle gourd","Bottle Gourd",Local,21/08/2026,2200,2400,2300
"Tamil Nadu",Madurai,"Thirumangalam(Uzhavar Sandhai )",Amaranthus,Amaranthus,Local,21/08/2026,3000,3600,3300
"Tamil Nadu",Madurai,"Thirumangalam(Uzhavar Sandhai )",Snakeguard,Snakeguard,Local,21/08/2026,3000,3600,3300
"Tamil Nadu",Madurai,"Thirumangalam(Uzhavar Sandhai )","Amla(Nelli Kai)",Amla,Local,21/08/2026,7000,7500,7250
"Tamil Nadu",Madurai,"Melur(Uzhavar Sandhai )",Groundnut,"Big (With Shell)",Local,21/08/2026,7000,8000,7500
"Tamil Nadu",Madurai,"Melur(Uzhavar Sandhai )",Onion,Bellary,Local,21/08/2026,5500,6000,5750
"Tamil Nadu",Madurai,"Melur(Uzhavar Sandhai )",Tomato,Deshi,Local,21/08/2026,1800,2000,1900
"Tamil Nadu",Madurai,"Melur(Uzhavar Sandhai )","Cluster beans","Cluster Beans",Local,21/08/2026,3000,3600,3300
"Tamil Nadu",Madurai,"Melur(Uzhavar Sandhai )",Amaranthus,Amaranthus,Local,21/08/2026,3000,3600,3300
"Tamil Nadu",Madurai,"Melur(Uzhavar Sandhai )",Snakeguard,Snakeguard,Local,21/08/2026,3500,4000,3750
"Tamil Nadu",Madurai,"Melur(Uzhavar Sandhai )",Raddish,Raddish,Local,21/08/2026,2500,3000,2750
"Tamil Nadu",Madurai,"Melur(Uzhavar Sandhai )",Lemon,Lemon,Local,21/08/2026,15000,17000,16000
"Tamil Nadu",Madurai,"Melur(Uzhavar Sandhai )","Amla(Nelli Kai)",Amla,Local,21/08/2026,7000,7500,7250
"Tamil Nadu",Salem,"Vazhapadi(Uzhavar Sandhai)",Groundnut,"Big (With Shell)",Local,21/08/2026,7000,7000,7000
"Tamil Nadu",Salem,"Vazhapadi(Uzhavar Sandhai)",Brinjal,Other,Local,21/08/2026,3000,3000,3000
"Tamil Nadu",Salem,"Vazhapadi(Uzhavar Sandhai)",Tomato,Deshi,Local,21/08/2026,1400,2000,1700
"Tamil Nadu",Salem,"Vazhapadi(Uzhavar Sandhai)",Beetroot,Beetroot,Local,21/08/2026,5000,5000,5000
"Tamil Nadu",Salem,"Vazhapadi(Uzhavar Sandhai)","Green Avare(W)","Green Avare (W)",Local,21/08/2026,7000,7000,7000
"Tamil Nadu",Salem,"Vazhapadi(Uzhavar Sandhai)",Guava,"Guava Allahabad",Local,21/08/2026,5000,5000,5000
"Tamil Nadu",Karur,"Gandhigramam(Uzhavar Sandhai)",Cauliflower,Ranchi,Local,21/08/2026,3500,4000,3750
"Tamil Nadu",Karur,"Gandhigramam(Uzhavar Sandhai)","Bottle gourd","Bottle Gourd",Local,21/08/2026,2500,3000,2750
"Tamil Nadu",Karur,"Gandhigramam(Uzhavar Sandhai)","Bhindi(Ladies Finger)",Bhindi,Local,21/08/2026,3500,4000,3750
"Tamil Nadu",Karur,"Gandhigramam(Uzhavar Sandhai)",Cabbage,Cabbage,Local,21/08/2026,4500,5000,4750
"Tamil Nadu",Karur,"Gandhigramam(Uzhavar Sandhai)",Snakeguard,Snakeguard,Local,21/08/2026,3500,4000,3750
"Tamil Nadu",Karur,"Gandhigramam(Uzhavar Sandhai)",Raddish,Raddish,Local,21/08/2026,2500,3000,2750
"Tamil Nadu",Karur,"Gandhigramam(Uzhavar Sandhai)",Guava,"Guava Allahabad",Local,21/08/2026,5000,6000,5500
"Tamil Nadu",Karur,"Gandhigramam(Uzhavar Sandhai)","Baby Corn","Baby Corn","Grade A",21/08/2026,3500,4000,3750
"Tamil Nadu",Pudukkottai,"Aranthangi(Uzhavar Sandhai )",Banana,Poovan,Local,21/08/2026,4500,5000,4750
"Tamil Nadu",Pudukkottai,"Aranthangi(Uzhavar Sandhai )",Onion,Bellary,Local,21/08/2026,4500,5000,4750
"Tamil Nadu",Pudukkottai,"Aranthangi(Uzhavar Sandhai )",Snakeguard,Snakeguard,Local,21/08/2026,3000,3500,3250
"Tamil Nadu",Pudukkottai,"Aranthangi(Uzhavar Sandhai )",Lemon,Lemon,Local,21/08/2026,9000,10000,9500
"Tamil Nadu",Coimbatore,"Sulur(Uzhavar Sandhai )",Potato,Other,Local,21/08/2026,6000,6500,6250
"Tamil Nadu",Coimbatore,"Sulur(Uzhavar Sandhai )",Cabbage,Cabbage,Local,21/08/2026,2500,3000,2750
"Tamil Nadu",Coimbatore,"Sulur(Uzhavar Sandhai )",Beetroot,Beetroot,Local,21/08/2026,5000,7000,6000
"Tamil Nadu",Coimbatore,"Sulur(Uzhavar Sandhai )",Guava,"Guava Allahabad",Local,21/08/2026,5500,6000,5750
"Tamil Nadu",Pudukkottai,"Gandarvakottai(Uzhavar Sandhai )","Cluster beans","Cluster Beans",Local,21/08/2026,4500,5000,4750
"Tamil Nadu",Pudukkottai,"Gandarvakottai(Uzhavar Sandhai )","Green Chilli","Green Chilly",Local,21/08/2026,5000,6000,5500
"Tamil Nadu",Pudukkottai,"Gandarvakottai(Uzhavar Sandhai )",Coconut,Coconut,Local,21/08/2026,3000,4000,3500
"Tamil Nadu",Pudukkottai,"Gandarvakottai(Uzhavar Sandhai )",Ridgeguard(Tori),Ridgeguard(Tori),Local,21/08/2026,5500,6000,5750
"Tamil Nadu",Pudukkottai,"Gandarvakottai(Uzhavar Sandhai )",Mint(Pudina),Mint(Pudina),Local,21/08/2026,4500,5000,4750
Keralam,Thirssur,"Annamanada  VFPCK Market",Banana,"Nendra Bale","Grade A",21/08/2026,4500,6700,5500
"Tamil Nadu",Cuddalore,"Panruti(Uzhavar Sandhai )",Papaya,Papaya,Local,21/08/2026,4000,4000,4000
"Tamil Nadu",Cuddalore,"Panruti(Uzhavar Sandhai )","Cluster beans","Cluster Beans",Local,21/08/2026,4000,4000,4000
"Tamil Nadu",Cuddalore,"Panruti(Uzhavar Sandhai )","Green Chilli","Green Chilly",Local,21/08/2026,5000,5000,5000
"Tamil Nadu",Cuddalore,"Panruti(Uzhavar Sandhai )",Snakeguard,Snakeguard,Local,21/08/2026,3000,3000,3000
"Tamil Nadu",Cuddalore,"Panruti(Uzhavar Sandhai )",Raddish,Raddish,Local,21/08/2026,3000,3000,3000
"Tamil Nadu",Cuddalore,"Panruti(Uzhavar Sandhai )","Green Avare(W)","Green Avare (W)",Local,21/08/2026,8000,8000,8000
"Tamil Nadu",Cuddalore,"Panruti(Uzhavar Sandhai )",Drumstick,Drumstick,Local,21/08/2026,2500,2500,2500
"Tamil Nadu",Cuddalore,"Panruti(Uzhavar Sandhai )",Mint(Pudina),Mint(Pudina),Local,21/08/2026,5000,5000,5000
"Tamil Nadu",Dharmapuri,"AJattihalli(Uzhavar Sandhai )",Amaranthus,Amaranthus,Local,21/08/2026,2500,3000,2750
"Tamil Nadu",Dharmapuri,"AJattihalli(Uzhavar Sandhai )",Carrot,Pusakesar,Local,21/08/2026,7000,7400,7200
"Tamil Nadu",Dharmapuri,"AJattihalli(Uzhavar Sandhai )",Cucumbar(Kheera),Cucumbar,Local,21/08/2026,4200,4400,4300
"Tamil Nadu",Dharmapuri,"AJattihalli(Uzhavar Sandhai )",Ridgeguard(Tori),Ridgeguard(Tori),Local,21/08/2026,3600,3800,3700
"Tamil Nadu",Dharmapuri,"AJattihalli(Uzhavar Sandhai )",Thondekai,Thondekai,Local,21/08/2026,5200,5500,5350
"Tamil Nadu",Dharmapuri,"AJattihalli(Uzhavar Sandhai )",Colacasia,Colacasia,Local,21/08/2026,6400,6600,6500
"Tamil Nadu",Nagapattinam,"Vedaranyam(Uzhavar Sandhai)",Onion,Bellary,Local,21/08/2026,3000,3200,3100
"Tamil Nadu",Nagapattinam,"Vedaranyam(Uzhavar Sandhai)","Cluster beans","Cluster Beans",Local,21/08/2026,3200,3500,3350
"Tamil Nadu",Nagapattinam,"Vedaranyam(Uzhavar Sandhai)",Coconut,Coconut,Local,21/08/2026,4800,5000,4900
"Tamil Nadu",Nagapattinam,"Vedaranyam(Uzhavar Sandhai)",Cabbage,Cabbage,Local,21/08/2026,3200,3500,3350
"Tamil Nadu",Nagapattinam,"Vedaranyam(Uzhavar Sandhai)",Ridgeguard(Tori),Ridgeguard(Tori),Local,21/08/2026,4000,4400,4200
"Tamil Nadu",Vellore,"Perampet(Uzhavar Sandhai)",Pumpkin,Pumpkin,Local,21/08/2026,2400,2400,2400
"Tamil Nadu",Vellore,"Perampet(Uzhavar Sandhai)","Bhindi(Ladies Finger)",Bhindi,Local,21/08/2026,2500,2500,2500
"Tamil Nadu",Vellore,"Perampet(Uzhavar Sandhai)",Ginger(Green),"Green Ginger",Local,21/08/2026,18000,18000,18000
"Tamil Nadu",Vellore,"Perampet(Uzhavar Sandhai)",Cucumbar(Kheera),Cucumbar,Local,21/08/2026,3500,3500,3500
"Tamil Nadu",Vellore,"Perampet(Uzhavar Sandhai)","Green Avare(W)","Green Avare (W)",Local,21/08/2026,6000,6000,6000
"Tamil Nadu",Vellore,"Perampet(Uzhavar Sandhai)",Lemon,Lemon,Local,21/08/2026,8000,8000,8000
Maharashtra,Pune,"Pune(Pimpri) APMC","Bottle gourd",Other,Local,21/08/2026,2000,3000,2500
Maharashtra,Pune,"Pune(Pimpri) APMC",Beans,Other,Local,21/08/2026,5000,5000,5000
Maharashtra,Pune,"Pune(Pimpri) APMC",Cucumbar(Kheera),Other,Local,21/08/2026,1800,2000,1900
"Tamil Nadu",Karur,"Kulithalai(Uzhavar Sandhai )",Onion,Bellary,Local,21/08/2026,4400,4800,4600
"Tamil Nadu",Karur,"Kulithalai(Uzhavar Sandhai )",Cauliflower,Ranchi,Local,21/08/2026,4000,4500,4250
"Tamil Nadu",Karur,"Kulithalai(Uzhavar Sandhai )",Pumpkin,Pumpkin,Local,21/08/2026,2500,3000,2750
"Tamil Nadu",Karur,"Kulithalai(Uzhavar Sandhai )","Banana - Green","Banana - Green",Local,21/08/2026,3500,4000,3750
"Tamil Nadu",Karur,"Kulithalai(Uzhavar Sandhai )","Sweet Potato","Hosur Red",Local,21/08/2026,2500,3000,2750
"Tamil Nadu",Karur,"Kulithalai(Uzhavar Sandhai )",Snakeguard,Snakeguard,Local,21/08/2026,3000,3600,3300
"Tamil Nadu",Karur,"Kulithalai(Uzhavar Sandhai )",Thondekai,Thondekai,Local,21/08/2026,4500,5000,4750
"Tamil Nadu",Karur,"Kulithalai(Uzhavar Sandhai )","Chow Chow","Chow Chow",Local,21/08/2026,3600,4000,3800
"Tamil Nadu",Karur,"Kulithalai(Uzhavar Sandhai )",Guava,"Guava Allahabad",Local,21/08/2026,4000,5000,4500
"Tamil Nadu",Karur,"Kulithalai(Uzhavar Sandhai )",Yam(Ratalu),"Yam (Ratalu)",Local,21/08/2026,7000,8000,7500
"Tamil Nadu",Karur,"Kulithalai(Uzhavar Sandhai )","Onion Green","Onion Green",Local,21/08/2026,6500,7000,6750
"Tamil Nadu",Karur,"Pallapatti (Uzhavar Sandhai )",Papaya,Papaya,Local,21/08/2026,3000,3500,3250
"Tamil Nadu",Karur,"Pallapatti (Uzhavar Sandhai )","Bottle gourd","Bottle Gourd",Local,21/08/2026,2500,3000,2750
"Tamil Nadu",Karur,"Pallapatti (Uzhavar Sandhai )",Ashgourd,Gouard,Local,21/08/2026,2000,2500,2250
"Tamil Nadu",Karur,"Pallapatti (Uzhavar Sandhai )","Green Chilli","Green Chilly",Local,21/08/2026,5000,6000,5500
"Tamil Nadu",Karur,"Pallapatti (Uzhavar Sandhai )","Banana - Green","Banana - Green",Local,21/08/2026,2500,3000,2750
"Tamil Nadu",Karur,"Pallapatti (Uzhavar Sandhai )",Raddish,Raddish,Local,21/08/2026,3500,4000,3750
"Tamil Nadu",Karur,"Pallapatti (Uzhavar Sandhai )",Drumstick,Drumstick,Local,21/08/2026,2000,2500,2250
"Tamil Nadu",Karur,"Pallapatti (Uzhavar Sandhai )",Guava,"Guava Allahabad",Local,21/08/2026,5500,6000,5750
"Tamil Nadu",Karur,"Pallapatti (Uzhavar Sandhai )","Onion Green","Onion Green",Local,21/08/2026,7500,8000,7750
"Tamil Nadu",Karur,"Pallapatti (Uzhavar Sandhai )","Baby Corn","Baby Corn","Grade A",21/08/2026,4500,5000,4750
"Andhra Pradesh",Srikakulam,"Etcherla APMC",Paddy(Common),1121,FAQ,21/08/2026,2369,2369,2369
"Tamil Nadu",Karur,"Velayuthampalayam(Uzhavar Sandhai )",Ashgourd,Gouard,Local,21/08/2026,2400,3000,2700
"Tamil Nadu",Karur,"Velayuthampalayam(Uzhavar Sandhai )",Ridgeguard(Tori),Ridgeguard(Tori),Local,21/08/2026,5200,6000,5600
"Tamil Nadu",Karur,"Velayuthampalayam(Uzhavar Sandhai )",Drumstick,Drumstick,Local,21/08/2026,2400,3000,2700
"Tamil Nadu",Karur,"Velayuthampalayam(Uzhavar Sandhai )",Lemon,Lemon,Local,21/08/2026,16000,17000,16500
"Tamil Nadu",Karur,"Velayuthampalayam(Uzhavar Sandhai )","Onion Green","Onion Green",Local,21/08/2026,7000,8000,7500
"Tamil Nadu",Karur,"Vengamedu(Uzhavar Sandhai )",Brinjal,Other,Local,21/08/2026,4000,5000,4500
"Tamil Nadu",Karur,"Vengamedu(Uzhavar Sandhai )",Coriander(Leaves),"I Sort",Local,21/08/2026,5000,5500,5250
"Tamil Nadu",Karur,"Vengamedu(Uzhavar Sandhai )","Cluster beans","Cluster Beans",Local,21/08/2026,3500,4000,3750
"Tamil Nadu",Theni,"Devaram(Uzhavar Sandhai )",Cauliflower,Ranchi,Local,21/08/2026,3000,3000,3000
"Tamil Nadu",Theni,"Devaram(Uzhavar Sandhai )",Ashgourd,Gouard,Local,21/08/2026,1500,1500,1500
"Tamil Nadu",Theni,"Devaram(Uzhavar Sandhai )","Green Avare(W)","Green Avare (W)",Local,21/08/2026,5000,5000,5000
"Tamil Nadu",Theni,"Devaram(Uzhavar Sandhai )",Lemon,Lemon,Local,21/08/2026,10000,10000,10000
"Tamil Nadu",Theni,"Devaram(Uzhavar Sandhai )","Amla(Nelli Kai)",Amla,Local,21/08/2026,6000,6000,6000
"Tamil Nadu",Salem,"Attayampatti(Uzhavar Sandhai )",Papaya,Papaya,Local,21/08/2026,3500,3500,3500
"Tamil Nadu",Salem,"Attayampatti(Uzhavar Sandhai )",Tomato,Deshi,Local,21/08/2026,2000,2000,2000
"Tamil Nadu",Salem,"Attayampatti(Uzhavar Sandhai )","Bitter gourd","Bitter Gourd",Local,21/08/2026,5500,5500,5500
"Tamil Nadu",Salem,"Attayampatti(Uzhavar Sandhai )","Sweet Potato","Hosur Red",Local,21/08/2026,4000,4000,4000
"Tamil Nadu",Salem,"Attayampatti(Uzhavar Sandhai )",Raddish,Raddish,Local,21/08/2026,2400,2800,2600
"Tamil Nadu",Sivaganga,"Devakottai (Uzhavar Sandhai )",Tomato,Deshi,Local,21/08/2026,2000,2200,2100
"Tamil Nadu",Sivaganga,"Devakottai (Uzhavar Sandhai )","Bitter gourd",Other,Local,21/08/2026,5200,6800,6000
"Tamil Nadu",Sivaganga,"Devakottai (Uzhavar Sandhai )","Banana - Green","Banana - Green",Local,21/08/2026,2500,3000,2750
"Tamil Nadu",Sivaganga,"Devakottai (Uzhavar Sandhai )",Beans,"Beans (Whole)",Local,21/08/2026,10200,11200,10700
"Tamil Nadu",Sivaganga,"Devakottai (Uzhavar Sandhai )",Coconut,Coconut,Local,21/08/2026,6000,6500,6250
"Tamil Nadu",Sivaganga,"Devakottai (Uzhavar Sandhai )",Yam(Ratalu),"Yam (Ratalu)",Local,21/08/2026,8200,9200,8700
"Tamil Nadu",Salem,"Edapadi (Uzhavar Sandhai )",Potato,Other,Local,21/08/2026,2800,3000,2900
"Tamil Nadu",Salem,"Edapadi (Uzhavar Sandhai )",Coriander(Leaves),"I Sort",Local,21/08/2026,1800,2000,1900
"Tamil Nadu",Salem,"Edapadi (Uzhavar Sandhai )","Mousambi(Sweet Lime)",Mousambi,Local,21/08/2026,2800,3000,2900
"Tamil Nadu",Salem,"Edapadi (Uzhavar Sandhai )",Tomato,Other,Local,21/08/2026,2000,2200,2100
"Tamil Nadu",Salem,"Edapadi (Uzhavar Sandhai )","Bottle gourd","Bottle Gourd",Local,21/08/2026,2400,2600,2500
"Tamil Nadu",Salem,"Edapadi (Uzhavar Sandhai )",Coconut,Coconut,Local,21/08/2026,4800,5000,4900
"Tamil Nadu",Salem,"Edapadi (Uzhavar Sandhai )",Beetroot,Beetroot,Local,21/08/2026,7500,8000,7750
"Tamil Nadu",Salem,"Edapadi (Uzhavar Sandhai )","Chow Chow","Chow Chow",Local,21/08/2026,3800,4000,3900
"Tamil Nadu",Salem,"Edapadi (Uzhavar Sandhai )",Drumstick,Drumstick,Local,21/08/2026,2500,3000,2750
"Tamil Nadu",Salem,"Edapadi (Uzhavar Sandhai )",Guava,"Guava Allahabad",Local,21/08/2026,4500,5000,4750
"Tamil Nadu",Salem,"Edapadi (Uzhavar Sandhai )","Onion Green","Onion Green",Local,21/08/2026,5500,6000,5750
"Tamil Nadu",Salem,"Elampillai(Uzhavar Sandhai )",Banana,"Red Banana",Local,21/08/2026,7000,7500,7250
"Tamil Nadu",Salem,"Elampillai(Uzhavar Sandhai )",Brinjal,Other,Local,21/08/2026,3500,3800,3650
"Tamil Nadu",Salem,"Elampillai(Uzhavar Sandhai )","Cluster beans","Cluster Beans",Local,21/08/2026,3000,3400,3200
"Tamil Nadu",Salem,"Elampillai(Uzhavar Sandhai )",Amaranthus,Amaranthus,Local,21/08/2026,2000,2400,2200
"Tamil Nadu",Salem,"Elampillai(Uzhavar Sandhai )",Raddish,Raddish,Local,21/08/2026,2500,3000,2750
"Tamil Nadu",Salem,"Elampillai(Uzhavar Sandhai )","Knool Khol","Knool Khol",Local,21/08/2026,3500,4000,3750
"Tamil Nadu",Salem,"Elampillai(Uzhavar Sandhai )","Onion Green","Onion Green",Local,21/08/2026,5500,6000,5750
"Tamil Nadu",Salem,"Hasthampatti(Uzhavar Sandhai )",Apple,American,Local,21/08/2026,20000,22000,21000
"Tamil Nadu",Salem,"Hasthampatti(Uzhavar Sandhai )",Garlic,Garlic,Local,21/08/2026,17000,18000,17500
"Tamil Nadu",Salem,"Hasthampatti(Uzhavar Sandhai )",Coriander(Leaves),"I Sort",Local,21/08/2026,1800,2000,1900
"Tamil Nadu",Salem,"Hasthampatti(Uzhavar Sandhai )",Papaya,Papaya,Local,21/08/2026,3000,3500,3250
"Tamil Nadu",Salem,"Hasthampatti(Uzhavar Sandhai )",Tomato,Local,Local,21/08/2026,1600,2000,1800
"Tamil Nadu",Salem,"Hasthampatti(Uzhavar Sandhai )","Bitter gourd",Other,Local,21/08/2026,4500,5000,4750
"Tamil Nadu",Salem,"Hasthampatti(Uzhavar Sandhai )",Amaranthus,Amaranthus,Local,21/08/2026,2000,2400,2200
"Tamil Nadu",Salem,"Hasthampatti(Uzhavar Sandhai )","Sweet Potato","Hosur Red",Local,21/08/2026,3500,4000,3750
"Tamil Nadu",Salem,"Hasthampatti(Uzhavar Sandhai )",Snakeguard,Snakeguard,Local,21/08/2026,3500,4000,3750
"Tamil Nadu",Salem,"Hasthampatti(Uzhavar Sandhai )",Drumstick,Drumstick,Local,21/08/2026,2000,2500,2250
"Tamil Nadu",Salem,"Hasthampatti(Uzhavar Sandhai )","Knool Khol","Knool Khol",Local,21/08/2026,3500,4000,3750
"Tamil Nadu",Salem,"Hasthampatti(Uzhavar Sandhai )","Indian Beans(Seam)","Indian Beans (Seam)",Local,21/08/2026,4500,5000,4750
"Tamil Nadu",Salem,"Hasthampatti(Uzhavar Sandhai )","Sweet Corn ","Sweet Corn ",Local,21/08/2026,3500,4000,3750
"Tamil Nadu",Salem,"Jalagandapuram(Uzhavar Sandhai )",Apple,American,Local,21/08/2026,24000,26000,25000
"Tamil Nadu",Salem,"Jalagandapuram(Uzhavar Sandhai )",Coriander(Leaves),"I Sort",Local,21/08/2026,1600,2000,1800
"Tamil Nadu",Salem,"Jalagandapuram(Uzhavar Sandhai )","Bitter gourd",Other,Local,21/08/2026,5000,5500,5250
"Tamil Nadu",Salem,"Jalagandapuram(Uzhavar Sandhai )","Bhindi(Ladies Finger)",Bhindi,Local,21/08/2026,3200,3600,3400
"Tamil Nadu",Salem,"Jalagandapuram(Uzhavar Sandhai )","Sweet Potato","Hosur Red",Local,21/08/2026,4000,4500,4250
"Tamil Nadu",Salem,"Jalagandapuram(Uzhavar Sandhai )","Green Avare(W)",Other,Local,21/08/2026,6500,7000,6750
"Tamil Nadu",Salem,"Jalagandapuram(Uzhavar Sandhai )",Lemon,Lemon,Local,21/08/2026,5000,6000,5500
"Tamil Nadu",Sivaganga,"Singampunari(Uzhavar Sandhai )",Mango,Other,Local,21/08/2026,5500,6000,5750
"Tamil Nadu",Sivaganga,"Singampunari(Uzhavar Sandhai )",Potato,Other,Local,21/08/2026,5600,6200,5900
"Tamil Nadu",Sivaganga,"Singampunari(Uzhavar Sandhai )",Cauliflower,Ranchi,Local,21/08/2026,3200,4200,3700
"Tamil Nadu",Sivaganga,"Singampunari(Uzhavar Sandhai )",Coriander(Leaves),"I Sort",Local,21/08/2026,4200,4600,4400
"Tamil Nadu",Sivaganga,"Singampunari(Uzhavar Sandhai )",Amaranthus,Amaranthus,Local,21/08/2026,3000,4000,3500
"Tamil Nadu",Sivaganga,"Singampunari(Uzhavar Sandhai )","Green Chilli","Green Chilly",Local,21/08/2026,4600,5000,4800
"Tamil Nadu",Sivaganga,"Singampunari(Uzhavar Sandhai )",Beans,"Beans (Whole)",Local,21/08/2026,10400,11200,10800
"Tamil Nadu",Sivaganga,"Singampunari(Uzhavar Sandhai )",Ginger(Green),"Green Ginger",Local,21/08/2026,12000,20000,16000
"Tamil Nadu",Sivaganga,"Singampunari(Uzhavar Sandhai )",Cabbage,Cabbage,Local,21/08/2026,2800,3200,3000
"Tamil Nadu",Sivaganga,"Singampunari(Uzhavar Sandhai )","Chow Chow","Chow Chow",Local,21/08/2026,2600,3200,2900
"Tamil Nadu",Sivaganga,"Singampunari(Uzhavar Sandhai )",Drumstick,Drumstick,Local,21/08/2026,3400,5200,4300
"Tamil Nadu",Sivaganga,"Singampunari(Uzhavar Sandhai )",Mango(Raw-Ripe),"Mango - Raw-Ripe",Local,21/08/2026,4600,5200,4900
"Tamil Nadu",Sivaganga,"Karaikudi(Uzhavar Sandhai )","Cluster beans","Cluster Beans",Local,21/08/2026,3600,4000,3800
"Tamil Nadu",Sivaganga,"Karaikudi(Uzhavar Sandhai )","Banana - Green","Banana - Green",Local,21/08/2026,3600,4000,3800
"Tamil Nadu",Sivaganga,"Karaikudi(Uzhavar Sandhai )",Beans,"Beans (Whole)",Local,21/08/2026,10500,11500,11000
"Tamil Nadu",Sivaganga,"Karaikudi(Uzhavar Sandhai )",Beetroot,Beetroot,Local,21/08/2026,5500,6000,5750
"Tamil Nadu",Sivaganga,"Tirupatthur(Uzhavar Sandhai )",Banana,Besrai,Local,21/08/2026,3500,4000,3750
"Tamil Nadu",Sivaganga,"Tirupatthur(Uzhavar Sandhai )",Cauliflower,Ranchi,Local,21/08/2026,3000,3500,3250
"Tamil Nadu",Sivaganga,"Tirupatthur(Uzhavar Sandhai )",Chikoos(Sapota),Sapota,Local,21/08/2026,4400,6500,5450
"Tamil Nadu",Sivaganga,"Tirupatthur(Uzhavar Sandhai )","Banana - Green","Banana - Green",Local,21/08/2026,2500,3000,2750
"Tamil Nadu",Sivaganga,"Tirupatthur(Uzhavar Sandhai )",Beans,"Beans (Whole)",Local,21/08/2026,10400,11500,10950
"Tamil Nadu",Sivaganga,"Tirupatthur(Uzhavar Sandhai )",Ginger(Green),"Green Ginger",Local,21/08/2026,12400,20500,16450
"Tamil Nadu",Sivaganga,"Tirupatthur(Uzhavar Sandhai )",Carrot,Pusakesar,Local,21/08/2026,6400,8500,7450
"Tamil Nadu",Sivaganga,"Tirupatthur(Uzhavar Sandhai )",Guava,"Guava Allahabad",Local,21/08/2026,5400,6500,5950
"Tamil Nadu",Thanjavur,"Pattukottai(Uzhavar Sandhai )",Garlic,Garlic,Local,21/08/2026,16000,16000,16000
"Tamil Nadu",Thanjavur,"Pattukottai(Uzhavar Sandhai )",Brinjal,Round,Local,21/08/2026,3500,4800,4150
"Tamil Nadu",Thanjavur,"Pattukottai(Uzhavar Sandhai )",Pumpkin,Pumpkin,Local,21/08/2026,2600,2600,2600
"Tamil Nadu",Thanjavur,"Pattukottai(Uzhavar Sandhai )","Bhindi(Ladies Finger)",Bhindi,Local,21/08/2026,4800,4800,4800
"Tamil Nadu",Thanjavur,"Pattukottai(Uzhavar Sandhai )",Snakeguard,Snakeguard,Local,21/08/2026,4400,4400,4400
"Tamil Nadu",Thanjavur,"Pattukottai(Uzhavar Sandhai )",Drumstick,Drumstick,Local,21/08/2026,4600,4600,4600
"Tamil Nadu",Thanjavur,"Pattukottai(Uzhavar Sandhai )","Jack Fruit(Ripe)","Jack Fruit",Local,21/08/2026,3000,3000,3000
"Tamil Nadu",Thanjavur,"Pattukottai(Uzhavar Sandhai )",Lemon,Lemon,Local,21/08/2026,13600,13600,13600
"Tamil Nadu",Thanjavur,"Thanjavur(Uzhavar Sandhai )",Orange,Darjeeling,Local,21/08/2026,16000,16000,16000
"Tamil Nadu",Thanjavur,"Thanjavur(Uzhavar Sandhai )",Tomato,Deshi,Local,21/08/2026,2000,2000,2000
"Tamil Nadu",Thanjavur,"Thanjavur(Uzhavar Sandhai )",Ashgourd,Gouard,Local,21/08/2026,2000,2000,2000
"Tamil Nadu",Thanjavur,"Thanjavur(Uzhavar Sandhai )","Bhindi(Ladies Finger)",Bhindi,Local,21/08/2026,4600,4600,4600
"Tamil Nadu",Thanjavur,"Thanjavur(Uzhavar Sandhai )",Coconut,Coconut,Local,21/08/2026,6000,6000,6000
"Tamil Nadu",Thanjavur,"Thanjavur(Uzhavar Sandhai )",Mango(Raw-Ripe),"Mango - Raw-Ripe",Local,21/08/2026,7000,7000,7000
"Tamil Nadu",Thanjavur,"Thanjavur(Uzhavar Sandhai )",Marigold(Calcutta),Marigold(Calcutta),Local,21/08/2026,30000,30000,30000
"Tamil Nadu",Thanjavur,"Thanjavur(Uzhavar Sandhai )",Mashrooms,Mashrooms,Local,21/08/2026,25000,25000,25000
"Tamil Nadu",Thanjavur,"Thanjavur(Uzhavar Sandhai )",Rose(Local),"Rose (Local)",Local,21/08/2026,20000,20000,20000
"Tamil Nadu",Thiruchirappalli,"KKNagar(Uzhavar Sandhai )",Apple,American,Local,21/08/2026,25000,25000,25000
"Tamil Nadu",Thiruchirappalli,"KKNagar(Uzhavar Sandhai )",Banana,Poovan,Local,21/08/2026,6000,6000,6000
"Tamil Nadu",Thiruchirappalli,"KKNagar(Uzhavar Sandhai )",Onion,Bellary,Local,21/08/2026,4800,5800,5300
"Tamil Nadu",Thiruchirappalli,"KKNagar(Uzhavar Sandhai )",Coriander(Leaves),"I Sort",Local,21/08/2026,3000,3000,3000
"Tamil Nadu",Thiruchirappalli,"KKNagar(Uzhavar Sandhai )",Ginger(Green),"Green Ginger",Local,21/08/2026,18600,18600,18600
"Tamil Nadu",Thiruchirappalli,"KKNagar(Uzhavar Sandhai )",Snakeguard,Snakeguard,Local,21/08/2026,4000,4000,4000
"Tamil Nadu",Thiruchirappalli,"KKNagar(Uzhavar Sandhai )",Capsicum,Capsicum,Local,21/08/2026,6000,6000,6000
"Tamil Nadu",Thiruchirappalli,"KKNagar(Uzhavar Sandhai )","Chow Chow","Chow Chow",Local,21/08/2026,4000,4000,4000
"Tamil Nadu",Thiruchirappalli,"KKNagar(Uzhavar Sandhai )",Guava,"Guava Allahabad",Local,21/08/2026,8000,8000,8000
"Tamil Nadu",Thiruchirappalli,"KKNagar(Uzhavar Sandhai )",Pomegranate,Pomogranate,Local,21/08/2026,16000,16000,16000
"Tamil Nadu",Thiruchirappalli,"KKNagar(Uzhavar Sandhai )","Tamarind Fruit","Tamarind Fruit",Local,21/08/2026,18000,18000,18000
"Tamil Nadu",Thiruchirappalli,"KKNagar(Uzhavar Sandhai )","Indian Beans(Seam)","Indian Beans (Seam)",Local,21/08/2026,7000,7000,7000
"Tamil Nadu",Thiruchirappalli,"KKNagar(Uzhavar Sandhai )","Onion Green","Onion Green",Local,21/08/2026,8400,8400,8400
"Tamil Nadu",Thiruchirappalli,"Lalgudi(Uzhavar Sandhai )","Cluster beans","Cluster Beans",Local,21/08/2026,4000,4000,4000
"Tamil Nadu",Thiruchirappalli,"Lalgudi(Uzhavar Sandhai )",Pumpkin,Pumpkin,Local,21/08/2026,2000,2000,2000
"Tamil Nadu",Thiruchirappalli,"Lalgudi(Uzhavar Sandhai )","Bhindi(Ladies Finger)",Bhindi,Local,21/08/2026,4600,4600,4600
"Tamil Nadu",Thiruchirappalli,"Lalgudi(Uzhavar Sandhai )",Carrot,Pusakesar,Local,21/08/2026,8400,8400,8400
"Tamil Nadu",Thiruchirappalli,"Lalgudi(Uzhavar Sandhai )",Snakeguard,Snakeguard,Local,21/08/2026,3600,3600,3600
"Tamil Nadu",Thiruchirappalli,"Lalgudi(Uzhavar Sandhai )",Cucumbar(Kheera),Cucumbar,Local,21/08/2026,5600,5600,5600
"Tamil Nadu",Thiruchirappalli,"Lalgudi(Uzhavar Sandhai )",Raddish,Raddish,Local,21/08/2026,3600,3600,3600
"Tamil Nadu",Thiruchirappalli,"Lalgudi(Uzhavar Sandhai )","Chow Chow","Chow Chow",Local,21/08/2026,4600,4600,4600
"Tamil Nadu",Thiruchirappalli,"Lalgudi(Uzhavar Sandhai )",Drumstick,Drumstick,Local,21/08/2026,3500,3500,3500
"Tamil Nadu",Thiruchirappalli,"Manachanallur(Uzhavar Sandhai )",Ashgourd,Gouard,Local,21/08/2026,2000,2000,2000
"Tamil Nadu",Thiruchirappalli,"Manachanallur(Uzhavar Sandhai )",Beans,"Beans (Whole)",Local,21/08/2026,8000,8000,8000
"Tamil Nadu",Thiruchirappalli,"Manachanallur(Uzhavar Sandhai )",Coconut,Coconut,Local,21/08/2026,7000,7000,7000
"Tamil Nadu",Thiruchirappalli,"Manachanallur(Uzhavar Sandhai )",Cabbage,Cabbage,Local,21/08/2026,3000,3000,3000
"Tamil Nadu",Thiruchirappalli,"Manachanallur(Uzhavar Sandhai )","Green Avare(W)","Green Avare (W)",Local,21/08/2026,5000,5000,5000
"Tamil Nadu",Thiruchirappalli,"Manachanallur(Uzhavar Sandhai )","Onion Green","Onion Green",Local,21/08/2026,7000,7000,7000
"Tamil Nadu",Thiruchirappalli,"Manapparai(Uzhavar Sandhai )",Cowpea(Veg),"Cowpea (Veg)",Local,21/08/2026,4000,4000,4000
"Tamil Nadu",Thiruchirappalli,"Manapparai(Uzhavar Sandhai )",Beans,"Beans (Whole)",Local,21/08/2026,8500,8500,8500
"Tamil Nadu",Thiruchirappalli,"Manapparai(Uzhavar Sandhai )",Guava,"Guava Allahabad",Local,21/08/2026,9000,9000,9000
"Tamil Nadu",Thiruchirappalli,"Manapparai(Uzhavar Sandhai )",Mint(Pudina),Mint(Pudina),Local,21/08/2026,4600,4600,4600
"Tamil Nadu",Thiruchirappalli,"Musiri(Uzhavar Sandhai )",Banana,Other,Local,21/08/2026,4000,5000,4500
"Tamil Nadu",Thiruchirappalli,"Musiri(Uzhavar Sandhai )","Cluster beans","Cluster Beans",Local,21/08/2026,3000,3600,3300
"Tamil Nadu",Thiruchirappalli,"Musiri(Uzhavar Sandhai )",Ashgourd,Gouard,Local,21/08/2026,1500,2000,1750
"Tamil Nadu",Thiruchirappalli,"Musiri(Uzhavar Sandhai )",Tapioca,Tapioca,Local,21/08/2026,3000,3600,3300
"Tamil Nadu",Thiruchirappalli,"Musiri(Uzhavar Sandhai )",Cabbage,Cabbage,Local,21/08/2026,2600,3000,2800
"Tamil Nadu",Thiruchirappalli,"Musiri(Uzhavar Sandhai )",Thondekai,Thondekai,Local,21/08/2026,4000,4600,4300
"Tamil Nadu",Thiruchirappalli,"Musiri(Uzhavar Sandhai )",Mashrooms,Mashrooms,Local,21/08/2026,18000,20000,19000
"Tamil Nadu",Thiruchirappalli,"Musiri(Uzhavar Sandhai )","Sweet Corn ","Sweet Corn ",Local,21/08/2026,2500,3000,2750
"Tamil Nadu",Thiruchirappalli,"Thiruverumbur(Uzhavar Sandhai )",Potato,Other,Local,21/08/2026,3000,3000,3000
"Tamil Nadu",Thiruchirappalli,"Thiruverumbur(Uzhavar Sandhai )",Brinjal,Round,Local,21/08/2026,5000,5000,5000
"Tamil Nadu",Thiruchirappalli,"Thiruverumbur(Uzhavar Sandhai )",Tomato,Deshi,Local,21/08/2026,2400,2400,2400
"Tamil Nadu",Thiruchirappalli,"Thiruverumbur(Uzhavar Sandhai )",Ashgourd,Gouard,Local,21/08/2026,2000,2000,2000
"Tamil Nadu",Thiruchirappalli,"Thiruverumbur(Uzhavar Sandhai )",Raddish,Raddish,Local,21/08/2026,3600,3600,3600
"Tamil Nadu",Virudhunagar,"Rajapalayam(Uzhavar Sandhai )",Potato,"Red Nanital",Local,21/08/2026,2500,3000,2750
"Tamil Nadu",Virudhunagar,"Rajapalayam(Uzhavar Sandhai )",Coriander(Leaves),"I Sort",Local,21/08/2026,4500,5000,4750
"Tamil Nadu",Virudhunagar,"Rajapalayam(Uzhavar Sandhai )","Bitter gourd","Bitter Gourd",Local,21/08/2026,8000,9000,8500
"Tamil Nadu",Virudhunagar,"Rajapalayam(Uzhavar Sandhai )",Beans,"Beans (Whole)",Local,21/08/2026,8000,9000,8500
"Tamil Nadu",Virudhunagar,"Rajapalayam(Uzhavar Sandhai )",Ginger(Green),"Green Ginger",Local,21/08/2026,18000,20000,19000
"Tamil Nadu",Virudhunagar,"Rajapalayam(Uzhavar Sandhai )",Carrot,Pusakesar,Local,21/08/2026,6000,7000,6500
"Tamil Nadu",Virudhunagar,"Rajapalayam(Uzhavar Sandhai )",Drumstick,Drumstick,Local,21/08/2026,3500,4000,3750
"Tamil Nadu",Virudhunagar,"Sathur(Uzhavar Sandhai )",Coriander(Leaves),"I Sort",Local,21/08/2026,4500,5000,4750
"Tamil Nadu",Virudhunagar,"Sathur(Uzhavar Sandhai )",Chikoos(Sapota),Sapota,Local,21/08/2026,2500,3000,2750
"Tamil Nadu",Virudhunagar,"Sathur(Uzhavar Sandhai )",Papaya,Papaya,Local,21/08/2026,2500,3000,2750
"Tamil Nadu",Virudhunagar,"Sathur(Uzhavar Sandhai )",Ashgourd,Gouard,Local,21/08/2026,2000,2500,2250
"Tamil Nadu",Virudhunagar,"Sathur(Uzhavar Sandhai )",Amaranthus,Amaranthus,Local,21/08/2026,2500,3000,2750
"Tamil Nadu",Virudhunagar,"Sathur(Uzhavar Sandhai )",Cabbage,Cabbage,Local,21/08/2026,3500,4000,3750
"Tamil Nadu",Virudhunagar,"Sathur(Uzhavar Sandhai )",Snakeguard,Snakeguard,Local,21/08/2026,2500,3000,2750
"Tamil Nadu",Virudhunagar,"Sathur(Uzhavar Sandhai )",Drumstick,Drumstick,Local,21/08/2026,4500,5000,4750
"Tamil Nadu",Virudhunagar,"Sathur(Uzhavar Sandhai )",Mint(Pudina),Mint(Pudina),Local,21/08/2026,4500,5000,4750
"Tamil Nadu",Virudhunagar,"Sivakasi(Uzhavar Sandhai )",Papaya,Papaya,Local,21/08/2026,2500,3000,2750
"Tamil Nadu",Virudhunagar,"Sivakasi(Uzhavar Sandhai )","Bottle gourd","Bottle Gourd",Local,21/08/2026,2000,2500,2250
"Tamil Nadu",Virudhunagar,"Sivakasi(Uzhavar Sandhai )","Bhindi(Ladies Finger)",Bhindi,Local,21/08/2026,4000,5000,4500
"Tamil Nadu",Virudhunagar,"Sivakasi(Uzhavar Sandhai )","Green Chilli","Green Chilly",Local,21/08/2026,4000,5000,4500
"Tamil Nadu",Virudhunagar,"Sivakasi(Uzhavar Sandhai )",Beans,"Beans (Whole)",Local,21/08/2026,10000,12000,11000
"Tamil Nadu",Virudhunagar,"Sivakasi(Uzhavar Sandhai )",Coconut,Coconut,Local,21/08/2026,5000,6000,5500
"Tamil Nadu",Virudhunagar,"Sivakasi(Uzhavar Sandhai )",Beetroot,Beetroot,Local,21/08/2026,4000,5000,4500
"Tamil Nadu",Virudhunagar,"Thalavaipuram(Uzhavar Sandhai )",Potato,"Red Nanital",Local,21/08/2026,2500,3000,2750
"Tamil Nadu",Virudhunagar,"Thalavaipuram(Uzhavar Sandhai )","Banana - Green","Banana - Green",Local,21/08/2026,2800,3500,3150
"Tamil Nadu",Virudhunagar,"Thalavaipuram(Uzhavar Sandhai )",Ginger(Green),"Green Ginger",Local,21/08/2026,16000,20000,18000
"Tamil Nadu",Virudhunagar,"Thalavaipuram(Uzhavar Sandhai )",Coconut,Coconut,Local,21/08/2026,5000,6000,5500
"Tamil Nadu",Virudhunagar,"Thalavaipuram(Uzhavar Sandhai )",Cabbage,Cabbage,Local,21/08/2026,2500,3000,2750
"Tamil Nadu",Virudhunagar,"Thalavaipuram(Uzhavar Sandhai )","Green Avare(W)","Green Avare (W)",Local,21/08/2026,5000,6000,5500
"Tamil Nadu",Virudhunagar,"Thalavaipuram(Uzhavar Sandhai )",Lime,Lime,Local,21/08/2026,8000,10000,9000
"Tamil Nadu",Virudhunagar,"Virudhunagar(Uzhavar Sandhai )",Papaya,Papaya,Local,21/08/2026,3500,4000,3750
"Tamil Nadu",Virudhunagar,"Virudhunagar(Uzhavar Sandhai )","Banana - Green","Banana - Green",Local,21/08/2026,2500,3000,2750
"Tamil Nadu",Virudhunagar,"Virudhunagar(Uzhavar Sandhai )",Coconut,Coconut,Local,21/08/2026,5500,6000,5750
"Tamil Nadu",Virudhunagar,"Virudhunagar(Uzhavar Sandhai )",Carrot,Pusakesar,Local,21/08/2026,7400,8000,7700
"Tamil Nadu",Virudhunagar,"Virudhunagar(Uzhavar Sandhai )",Snakeguard,Snakeguard,Local,21/08/2026,2500,3000,2750
"Tamil Nadu",Virudhunagar,"Virudhunagar(Uzhavar Sandhai )",Drumstick,Drumstick,Local,21/08/2026,3500,4000,3750
"Tamil Nadu",Chengalpattu,"Madhuranthagam(Uzhavar Sandhai )",Ridgeguard(Tori),Ridgeguard(Tori),Local,21/08/2026,4000,4000,4000
"Tamil Nadu",Chengalpattu,"Nanganallur(Uzhavar Sandhai )",Banana,"Red Banana",Local,21/08/2026,9000,10000,9500
"Tamil Nadu",Chengalpattu,"Nanganallur(Uzhavar Sandhai )",Grapes,Annabesahai,Local,21/08/2026,8500,9000,8750
"Tamil Nadu",Chengalpattu,"Nanganallur(Uzhavar Sandhai )",Papaya,Papaya,Local,21/08/2026,5000,6000,5500
"Tamil Nadu",Chengalpattu,"Nanganallur(Uzhavar Sandhai )","Bitter gourd","Bitter Gourd",Local,21/08/2026,6500,7000,6750
"Tamil Nadu",Chengalpattu,"Nanganallur(Uzhavar Sandhai )",Beans,"Beans (Whole)",Local,21/08/2026,7500,8000,7750
"Tamil Nadu",Chengalpattu,"Nanganallur(Uzhavar Sandhai )",Tapioca,Tapioca,Local,21/08/2026,4000,5000,4500
"Tamil Nadu",Chengalpattu,"Nanganallur(Uzhavar Sandhai )",Coconut,Coconut,Local,21/08/2026,7000,7500,7250
"Tamil Nadu",Chengalpattu,"Nanganallur(Uzhavar Sandhai )",Snakeguard,Snakeguard,Local,21/08/2026,5000,6000,5500
"Tamil Nadu",Chengalpattu,"Nanganallur(Uzhavar Sandhai )",Marigold(Calcutta),Marigold(Calcutta),Local,21/08/2026,35000,36000,35500
"Tamil Nadu",Chengalpattu,"Pallavaram(Uzhavar Sandhai )",Garlic,Garlic,Local,21/08/2026,23000,25000,24000
"Tamil Nadu",Chengalpattu,"Pallavaram(Uzhavar Sandhai )","Green Peas","Green Peas",Local,21/08/2026,16000,18000,17000
"Tamil Nadu",Chengalpattu,"Pallavaram(Uzhavar Sandhai )","Bitter gourd","Bitter Gourd",Local,21/08/2026,6000,7000,6500
"Tamil Nadu",Chengalpattu,"Pallavaram(Uzhavar Sandhai )",Ashgourd,Gouard,Local,21/08/2026,2000,2500,2250
"Tamil Nadu",Chengalpattu,"Pallavaram(Uzhavar Sandhai )","Bhindi(Ladies Finger)",Bhindi,Local,21/08/2026,4000,5000,4500
"Tamil Nadu",Chengalpattu,"Pallavaram(Uzhavar Sandhai )",Ginger(Green),"Green Ginger",Local,21/08/2026,16000,18000,17000
"Tamil Nadu",Chengalpattu,"Pallavaram(Uzhavar Sandhai )",Beetroot,Beetroot,Local,21/08/2026,5000,6000,5500
"Tamil Nadu",Chengalpattu,"Pallavaram(Uzhavar Sandhai )","Chow Chow","Chow Chow",Local,21/08/2026,3500,4000,3750
"Tamil Nadu",Chengalpattu,"Pallavaram(Uzhavar Sandhai )",Drumstick,Drumstick,Local,21/08/2026,4000,5000,4500
"Tamil Nadu",Chengalpattu,"Pallavaram(Uzhavar Sandhai )","Tender Coconut","Tender Coconut",Local,21/08/2026,2500,3000,2750
"Tamil Nadu",Chengalpattu,"Pallavaram(Uzhavar Sandhai )",Lemon,Lemon,Local,21/08/2026,20000,22000,21000
"Tamil Nadu",Chengalpattu,"Pallavaram(Uzhavar Sandhai )",Colacasia,Colacasia,Local,21/08/2026,5000,6000,5500
"Tamil Nadu","Nagercoil (Kannyiakumari)","Myladi(Uzhavar Sandhai )","Green Chilli","Green Chilly",Local,21/08/2026,5500,6000,5750
"Tamil Nadu","Nagercoil (Kannyiakumari)","Myladi(Uzhavar Sandhai )",Beans,"Beans (Whole)",Local,21/08/2026,9000,10000,9500
"Tamil Nadu","Nagercoil (Kannyiakumari)","Myladi(Uzhavar Sandhai )",Carrot,Pusakesar,Local,21/08/2026,8500,9000,8750
"Tamil Nadu","Nagercoil (Kannyiakumari)","Myladi(Uzhavar Sandhai )",Snakeguard,Snakeguard,Local,21/08/2026,3500,4000,3750
"Tamil Nadu","Nagercoil (Kannyiakumari)","Myladi(Uzhavar Sandhai )",Beetroot,Beetroot,Local,21/08/2026,5000,5500,5250
"Tamil Nadu","Nagercoil (Kannyiakumari)","Myladi(Uzhavar Sandhai )","Elephant Yam(Suran)/Amorphophallus","Elephant Yam (Suran)",Local,21/08/2026,4500,5000,4750
"Tamil Nadu","Nagercoil (Kannyiakumari)","Myladi(Uzhavar Sandhai )","Onion Green","Onion Green",Local,21/08/2026,7500,8000,7750
"Tamil Nadu",Chengalpattu,"Jameenrayapettai(Uzhavar Sandhai )",Groundnut,"Big (With Shell)",Local,21/08/2026,9000,10000,9500
"Tamil Nadu",Chengalpattu,"Jameenrayapettai(Uzhavar Sandhai )",Coriander(Leaves),"I Sort",Local,21/08/2026,5000,6000,5500
"Tamil Nadu",Chengalpattu,"Jameenrayapettai(Uzhavar Sandhai )","Mousambi(Sweet Lime)",Mousambi,Local,21/08/2026,7000,8000,7500
"Tamil Nadu",Chengalpattu,"Jameenrayapettai(Uzhavar Sandhai )",Ashgourd,Gouard,Local,21/08/2026,2000,2500,2250
"Tamil Nadu",Chengalpattu,"Jameenrayapettai(Uzhavar Sandhai )",Mango(Raw-Ripe),"Mango - Raw-Ripe",Local,21/08/2026,7000,8000,7500
"Tamil Nadu",Chengalpattu,"Jameenrayapettai(Uzhavar Sandhai )","Knool Khol","Knool Khol",Local,21/08/2026,6000,7000,6500
"Tamil Nadu",Chengalpattu,"Jameenrayapettai(Uzhavar Sandhai )","Elephant Yam(Suran)/Amorphophallus","Elephant Yam (Suran)",Local,21/08/2026,5000,6000,5500
"Tamil Nadu",Chengalpattu,"Jameenrayapettai(Uzhavar Sandhai )",Mint(Pudina),Mint(Pudina),Local,21/08/2026,3500,4000,3750
"Tamil Nadu",Thirupur,"Dharapuram(Uzhavar Sandhai )","Cluster beans","Cluster Beans",Local,21/08/2026,4000,4500,4250
"Tamil Nadu",Thirupur,"Dharapuram(Uzhavar Sandhai )","Bitter gourd","Bitter Gourd",Local,21/08/2026,5000,5500,5250
"Tamil Nadu",Thirupur,"Dharapuram(Uzhavar Sandhai )",Pumpkin,Pumpkin,Local,21/08/2026,2000,2500,2250
"Tamil Nadu",Thirupur,"Dharapuram(Uzhavar Sandhai )",Cowpea(Veg),"Cowpea (Veg)",Local,21/08/2026,3500,4000,3750
"Tamil Nadu",Thirupur,"Dharapuram(Uzhavar Sandhai )",Cabbage,Cabbage,Local,21/08/2026,3000,3500,3250
"Tamil Nadu",Thirupur,"Dharapuram(Uzhavar Sandhai )",Cucumbar(Kheera),Cucumbar,Local,21/08/2026,4500,5000,4750
"Tamil Nadu",Thirupur,"Dharapuram(Uzhavar Sandhai )",Raddish,Raddish,Local,21/08/2026,3000,3500,3250
"Tamil Nadu",Thirupur,"Dharapuram(Uzhavar Sandhai )","Green Avare(W)","Green Avare (W)",Local,21/08/2026,5500,6000,5750
"Tamil Nadu",Thirupur,"Dharapuram(Uzhavar Sandhai )",Drumstick,Drumstick,Local,21/08/2026,3000,3500,3250
"Tamil Nadu",Thirupur,"Dharapuram(Uzhavar Sandhai )",Mint(Pudina),Mint(Pudina),Local,21/08/2026,3500,4000,3750
"Tamil Nadu",Thirupur,"Palladam(Uzhavar Sandhai )",Papaya,Papaya,Local,21/08/2026,2000,2500,2250
"Tamil Nadu",Thirupur,"Palladam(Uzhavar Sandhai )","Cluster beans","Cluster Beans",Local,21/08/2026,3500,4000,3750
"Tamil Nadu",Thirupur,"Palladam(Uzhavar Sandhai )","Bhindi(Ladies Finger)",Bhindi,Local,21/08/2026,4000,5000,4500
"Tamil Nadu",Thirupur,"Palladam(Uzhavar Sandhai )",Cowpea(Veg),"Cowpea (Veg)",Local,21/08/2026,3500,4000,3750
"Tamil Nadu",Thirupur,"Palladam(Uzhavar Sandhai )",Carrot,Pusakesar,Local,21/08/2026,6000,6600,6300
"Tamil Nadu",Thirupur,"Palladam(Uzhavar Sandhai )",Drumstick,Drumstick,Local,21/08/2026,3000,3500,3250
"Uttar Pradesh",Sitapur,"Hargaon (Laharpur) APMC",Banana,Desi(Bontha),Local,21/08/2026,920,940,930
Bihar,Muzaffarpur,"Bhagwanpur Mandi APMC",Cauliflower,"African Sarson","Grade B",21/08/2026,6100,6100,6100
"Tamil Nadu",Kallakuruchi,"Kallakurichi(Uzhavar Sandhai )",Coriander(Leaves),"I Sort",Local,21/08/2026,6000,6000,6000
"Tamil Nadu",Kallakuruchi,"Kallakurichi(Uzhavar Sandhai )",Papaya,Papaya,Local,21/08/2026,3000,3000,3000
"Tamil Nadu",Kallakuruchi,"Kallakurichi(Uzhavar Sandhai )","Bitter gourd","Bitter Gourd",Local,21/08/2026,6000,6000,6000
"Tamil Nadu",Kallakuruchi,"Kallakurichi(Uzhavar Sandhai )",Tapioca,Tapioca,Local,21/08/2026,2000,2000,2000
"Tamil Nadu",Kallakuruchi,"Kallakurichi(Uzhavar Sandhai )",Carrot,Pusakesar,Local,21/08/2026,9000,9000,9000
"Tamil Nadu",Kallakuruchi,"Kallakurichi(Uzhavar Sandhai )",Thondekai,Thondekai,Local,21/08/2026,6000,6000,6000
"Tamil Nadu",Kallakuruchi,"Kallakurichi(Uzhavar Sandhai )","Knool Khol","Knool Khol",Local,21/08/2026,7000,7000,7000
"Tamil Nadu",Kallakuruchi,"Kallakurichi(Uzhavar Sandhai )","Baby Corn","Baby Corn","Grade A",21/08/2026,3000,3000,3000
Punjab,Pathankot,"Pathankot APMC",Cucumbar(Kheera),Cucumbar,Medium,21/08/2026,1800,1800,1800
"Tamil Nadu",Thirupathur,"Natrampalli(Uzhavar Sandhai )",Cauliflower,Ranchi,Local,21/08/2026,2500,3000,2750
"Tamil Nadu",Thirupathur,"Natrampalli(Uzhavar Sandhai )",Coriander(Leaves),"I Sort",Local,21/08/2026,2500,3000,2750
"Tamil Nadu",Thirupathur,"Natrampalli(Uzhavar Sandhai )",Papaya,Papaya,Local,21/08/2026,2500,3000,2750
"Tamil Nadu",Thirupathur,"Natrampalli(Uzhavar Sandhai )",Ginger(Green),"Green Ginger",Local,21/08/2026,18000,20000,19000
"Tamil Nadu",Thirupathur,"Natrampalli(Uzhavar Sandhai )",Raddish,Raddish,Local,21/08/2026,2500,3000,2750
"Tamil Nadu",Thirupathur,"Natrampalli(Uzhavar Sandhai )",Guava,"Guava Allahabad",Local,21/08/2026,3500,4000,3750
"Andhra Pradesh",Ananthapuramu,"Gooti APMC",Cotton,Bramha,"Grade Range-1",21/08/2026,5790,9990,9719
"Andhra Pradesh",Polavaram,"Rampachodvaram APMC",Paddy(Common),1001,"Grade Range-2",21/08/2026,2369,2389,2379
"Tamil Nadu",Salem,"Athur(Uzhavar Sandhai )",Garlic,Garlic,Local,21/08/2026,22000,26000,24000
"Tamil Nadu",Salem,"Athur(Uzhavar Sandhai )",Coriander(Leaves),"I Sort",Local,21/08/2026,2500,3000,2750
"Tamil Nadu",Salem,"Athur(Uzhavar Sandhai )",Tomato,Local,Local,21/08/2026,1600,2000,1800
"Tamil Nadu",Salem,"Athur(Uzhavar Sandhai )","Bottle gourd","Bottle Gourd",Local,21/08/2026,2200,2500,2350
"Tamil Nadu",Salem,"Athur(Uzhavar Sandhai )",Ashgourd,Gouard,Local,21/08/2026,2000,2400,2200
"Tamil Nadu",Salem,"Athur(Uzhavar Sandhai )","Green Chilli","Green Chilly",Local,21/08/2026,4000,4500,4250
"Tamil Nadu",Salem,"Athur(Uzhavar Sandhai )",Thondekai,Thondekai,Local,21/08/2026,5000,5500,5250
"Tamil Nadu",Salem,"Athur(Uzhavar Sandhai )","Knool Khol","Knool Khol",Local,21/08/2026,4500,5000,4750
"Tamil Nadu",Salem,"Athur(Uzhavar Sandhai )",Kakada,Kakada,Local,21/08/2026,55000,60000,57500
"Tamil Nadu",Theni,"Periyakulam(Uzhavar Sandhai )",Banana,Karpura,Local,21/08/2026,5500,6000,5750
"Tamil Nadu",Theni,"Periyakulam(Uzhavar Sandhai )",Brinjal,Other,Local,21/08/2026,3200,3400,3300
"Tamil Nadu",Theni,"Periyakulam(Uzhavar Sandhai )",Coriander(Leaves),"I Sort",Local,21/08/2026,3000,3200,3100
"Tamil Nadu",Theni,"Periyakulam(Uzhavar Sandhai )",Papaya,Papaya,Local,21/08/2026,2500,3000,2750
"Tamil Nadu",Theni,"Periyakulam(Uzhavar Sandhai )",Beans,"Beans (Whole)",Local,21/08/2026,9500,10000,9750
"Tamil Nadu",Theni,"Periyakulam(Uzhavar Sandhai )",Raddish,Raddish,Local,21/08/2026,2200,2400,2300
"Tamil Nadu",Theni,"Periyakulam(Uzhavar Sandhai )",Thondekai,Thondekai,Local,21/08/2026,3300,3500,3400
"Tamil Nadu",Theni,"Periyakulam(Uzhavar Sandhai )",Drumstick,Drumstick,Local,21/08/2026,1500,2000,1750
"Tamil Nadu",Theni,"Periyakulam(Uzhavar Sandhai )","Elephant Yam(Suran)/Amorphophallus","Elephant Yam (Suran)",Local,21/08/2026,3800,4000,3900
"Tamil Nadu",Theni,"Periyakulam(Uzhavar Sandhai )","Indian Beans(Seam)","Indian Beans (Seam)",Local,21/08/2026,5000,5500,5250
"Tamil Nadu",Theni,"Periyakulam(Uzhavar Sandhai )","Onion Green","Onion Green",Local,21/08/2026,6500,7000,6750
"Tamil Nadu",Virudhunagar,"Srivilliputhur(Uzhavar Sandhai )","Bottle gourd","Bottle Gourd",Local,21/08/2026,1500,2000,1750
Rajasthan,Rajsamand,"Rajsamand APMC",Onion,Onion,FAQ,21/08/2026,1800,2200,2000
"West Bengal",Bankura,"Khatra APMC","Bottle gourd","Bottle Gourd",FAQ,21/08/2026,1400,1800,1500
"Tamil Nadu",Coimbatore,"Vadavalli(Uzhavar Sandhai )",Garlic,Garlic,Local,21/08/2026,20000,22000,21000
"Tamil Nadu",Coimbatore,"Vadavalli(Uzhavar Sandhai )",Papaya,Papaya,Local,21/08/2026,4000,4500,4250
"Tamil Nadu",Coimbatore,"Vadavalli(Uzhavar Sandhai )","Water Melon","Water Melon",Local,21/08/2026,1500,2000,1750
"Tamil Nadu",Coimbatore,"Vadavalli(Uzhavar Sandhai )","Bitter gourd",Other,Local,21/08/2026,5000,5800,5400
"Tamil Nadu",Coimbatore,"Vadavalli(Uzhavar Sandhai )",Pumpkin,Pumpkin,Local,21/08/2026,1800,2000,1900
"Tamil Nadu",Coimbatore,"Vadavalli(Uzhavar Sandhai )","Banana - Green","Banana - Green",Local,21/08/2026,3500,4000,3750
"Tamil Nadu",Coimbatore,"Vadavalli(Uzhavar Sandhai )",Ginger(Green),"Green Ginger",Local,21/08/2026,15500,16500,16000
"Tamil Nadu",Coimbatore,"Vadavalli(Uzhavar Sandhai )",Beetroot,Beetroot,Local,21/08/2026,6500,7000,6750
"Tamil Nadu",Coimbatore,"Vadavalli(Uzhavar Sandhai )","Chow Chow","Chow Chow",Local,21/08/2026,3000,3400,3200
"Tamil Nadu",Coimbatore,"Vadavalli(Uzhavar Sandhai )",Drumstick,Drumstick,Local,21/08/2026,2200,2800,2500
"Tamil Nadu",Coimbatore,"Vadavalli(Uzhavar Sandhai )","Karbuja(Musk Melon)",Karbhuja,Local,21/08/2026,2600,3000,2800
"Tamil Nadu",Coimbatore,"Vadavalli(Uzhavar Sandhai )","Baby Corn","Baby Corn","Grade A",21/08/2026,2200,2600,2400
"Tamil Nadu",Coimbatore,"Vadavalli(Uzhavar Sandhai )","Sweet Corn ","Sweet Corn ",Local,21/08/2026,3500,4000,3750
"West Bengal",Darjeeling,"Karsiyang(Matigara) APMC",Tomato,Other,FAQ,21/08/2026,3500,3700,3600
"West Bengal",Darjeeling,"Darjeeling APMC",Potato,Red,FAQ,21/08/2026,1400,1600,1500
"Tamil Nadu",Coimbatore,"Udumalpet APMC",Cauliflower,Ranchi,Local,21/08/2026,2500,3000,2750
"Tamil Nadu",Coimbatore,"Udumalpet APMC",Brinjal,Other,Local,21/08/2026,4500,5000,4750
"Tamil Nadu",Coimbatore,"Udumalpet APMC",Mint(Pudina),Mint(Pudina),Local,21/08/2026,4500,5000,4750
"Andhra Pradesh",Kakinada,"Karapa APMC",Paddy(Common),1001,FAQ,21/08/2026,2362,2369,2365
"Himachal Pradesh",Kangra,"SMY Nagrota Bagwan",Guava,Guava,Medium,21/08/2026,9000,10000,9500
"Himachal Pradesh",Kangra,"SMY Nagrota Bagwan",Pear(Marasebu),Other,Medium,21/08/2026,6500,10000,8500
"West Bengal",Darjeeling,"Siliguri APMC",Tomato,Tomato,FAQ,21/08/2026,2200,2400,2300
"Tamil Nadu",Erode,"Gobichettipalayam(Uzhavar Sandhai )",Cauliflower,Ranchi,Local,21/08/2026,4000,4500,4250
"Tamil Nadu",Erode,"Gobichettipalayam(Uzhavar Sandhai )",Brinjal,Round,Local,21/08/2026,4500,4800,4650
"Tamil Nadu",Erode,"Gobichettipalayam(Uzhavar Sandhai )",Coriander(Leaves),"I Sort",Local,21/08/2026,6000,6500,6250
"Tamil Nadu",Erode,"Gobichettipalayam(Uzhavar Sandhai )",Chikoos(Sapota),Sapota,Local,21/08/2026,3500,4000,3750
"Tamil Nadu",Erode,"Gobichettipalayam(Uzhavar Sandhai )",Papaya,Papaya,Local,21/08/2026,3000,3600,3300
"Tamil Nadu",Erode,"Gobichettipalayam(Uzhavar Sandhai )","Bottle gourd","Bottle Gourd",Local,21/08/2026,1800,2000,1900
"Tamil Nadu",Erode,"Gobichettipalayam(Uzhavar Sandhai )",Tapioca,Tapioca,Local,21/08/2026,2000,2500,2250
"Tamil Nadu",Erode,"Gobichettipalayam(Uzhavar Sandhai )",Cabbage,Cabbage,Local,21/08/2026,2500,2800,2650
"Tamil Nadu",Erode,"Gobichettipalayam(Uzhavar Sandhai )",Raddish,Raddish,Local,21/08/2026,2400,2600,2500
"Tamil Nadu",Erode,"Gobichettipalayam(Uzhavar Sandhai )","Elephant Yam(Suran)/Amorphophallus","Elephant Yam (Suran)",Local,21/08/2026,3800,4000,3900
"Tamil Nadu",Erode,"Gobichettipalayam(Uzhavar Sandhai )",Mint(Pudina),Mint(Pudina),Local,21/08/2026,3800,4000,3900
"Tamil Nadu",Erode,"Sampath Nagar(Uzhavar Sandhai )",Papaya,Papaya,Local,21/08/2026,3000,3400,3200
"Tamil Nadu",Erode,"Sampath Nagar(Uzhavar Sandhai )",Tomato,Other,Local,21/08/2026,1800,2000,1900
"Tamil Nadu",Erode,"Sampath Nagar(Uzhavar Sandhai )","Cluster beans","Cluster Beans",Local,21/08/2026,3000,3500,3250
"Tamil Nadu",Erode,"Sampath Nagar(Uzhavar Sandhai )","Banana - Green","Banana - Green",Local,21/08/2026,3000,3500,3250
"Tamil Nadu",Erode,"Sampath Nagar(Uzhavar Sandhai )",Cabbage,Cabbage,Local,21/08/2026,2000,2500,2250
"Tamil Nadu",Erode,"Sampath Nagar(Uzhavar Sandhai )",Ridgeguard(Tori),Ridgeguard(Tori),Local,21/08/2026,3800,4200,4000
"Tamil Nadu",Erode,"Sampath Nagar(Uzhavar Sandhai )","Knool Khol","Knool Khol",Local,21/08/2026,4000,4200,4100
"Tamil Nadu",Erode,"Sampath Nagar(Uzhavar Sandhai )",Kakada,Kakada,Local,21/08/2026,62000,65000,63500
"Andhra Pradesh",Srikakulam,"Ponduru APMC",Maize,Local,FAQ,21/08/2026,2400,2400,2400
"Tamil Nadu",Pudukkottai,"Ponnamaravathi(Uzhavar Sandhai)","Bitter gourd","Bitter Gourd",Local,21/08/2026,7500,8000,7750
"Tamil Nadu",Pudukkottai,"Ponnamaravathi(Uzhavar Sandhai)","Bottle gourd","Bottle Gourd",Local,21/08/2026,2000,2500,2250
"Tamil Nadu",Pudukkottai,"Ponnamaravathi(Uzhavar Sandhai)",Raddish,Raddish,Local,21/08/2026,3500,4000,3750
"Tamil Nadu",Pudukkottai,"Ponnamaravathi(Uzhavar Sandhai)",Drumstick,Drumstick,Local,21/08/2026,6500,7000,6750
"Tamil Nadu",Pudukkottai,"Ponnamaravathi(Uzhavar Sandhai)",Mint(Pudina),Mint(Pudina),Local,21/08/2026,4500,5000,4750
Odisha,Kalahandi,"Bhawanipatna APMC",Ridgeguard(Tori),Other,Local,21/08/2026,3100,3100,3100
Odisha,Kalahandi,"Junagarh APMC","Banana - Green",Other,"Grade B",21/08/2026,2000,2400,2200
"Tamil Nadu",Nagapattinam,"Mayiladuthurai(Uzhavar Sandhai )",Onion,Bellary,Local,21/08/2026,3500,4000,3750
"Tamil Nadu",Nagapattinam,"Mayiladuthurai(Uzhavar Sandhai )",Amaranthus,Amaranthus,Local,21/08/2026,1500,2000,1750
"Tamil Nadu",Nagapattinam,"Mayiladuthurai(Uzhavar Sandhai )","Green Chilli","Green Chilly",Local,21/08/2026,5500,6000,5750
"Tamil Nadu",Nagapattinam,"Mayiladuthurai(Uzhavar Sandhai )",Yam(Ratalu),"Yam (Ratalu)",Local,21/08/2026,8000,9000,8500
"Tamil Nadu",Pudukkottai,"Viralimalai(Uzhavar Sandhai )",Papaya,Papaya,Local,21/08/2026,2500,3000,2750
"Tamil Nadu",Pudukkottai,"Viralimalai(Uzhavar Sandhai )",Tomato,Deshi,Local,21/08/2026,2000,2500,2250
"Tamil Nadu",Pudukkottai,"Viralimalai(Uzhavar Sandhai )","Cluster beans","Cluster Beans",Local,21/08/2026,4500,5000,4750
"Tamil Nadu",Pudukkottai,"Viralimalai(Uzhavar Sandhai )","Banana - Green","Banana - Green",Local,21/08/2026,2500,3000,2750
"Tamil Nadu",Pudukkottai,"Viralimalai(Uzhavar Sandhai )",Snakeguard,Snakeguard,Local,21/08/2026,3500,4000,3750
"Tamil Nadu",Pudukkottai,"Viralimalai(Uzhavar Sandhai )",Ridgeguard(Tori),Ridgeguard(Tori),Local,21/08/2026,6000,7000,6500
"Tamil Nadu",Pudukkottai,"Viralimalai(Uzhavar Sandhai )","Green Avare(W)","Green Avare (W)",Local,21/08/2026,7000,8000,7500
"Tamil Nadu",Ramanathapuram,"Paramakudi(Uzhavar Sandhai )",Onion,Bellary,Local,21/08/2026,4500,5000,4750
"Tamil Nadu",Ramanathapuram,"Paramakudi(Uzhavar Sandhai )",Cauliflower,Ranchi,Local,21/08/2026,5000,5500,5250
"Tamil Nadu",Ramanathapuram,"Paramakudi(Uzhavar Sandhai )",Brinjal,Round,Local,21/08/2026,5500,6000,5750
"Tamil Nadu",Ramanathapuram,"Paramakudi(Uzhavar Sandhai )",Amaranthus,Amaranthus,Local,21/08/2026,3500,4000,3750
"Tamil Nadu",Ramanathapuram,"Paramakudi(Uzhavar Sandhai )","Green Chilli","Green Chilly",Local,21/08/2026,5500,6000,5750
"Tamil Nadu",Ramanathapuram,"Paramakudi(Uzhavar Sandhai )","Knool Khol","Knool Khol",Local,21/08/2026,4500,5000,4750
"Tamil Nadu",Ramanathapuram,"Paramakudi(Uzhavar Sandhai )",Lemon,Lemon,Local,21/08/2026,9000,10000,9500
"Tamil Nadu",Ramanathapuram,"Paramakudi(Uzhavar Sandhai )",Colacasia,Colacasia,Local,21/08/2026,6000,6500,6250
"Tamil Nadu",Ramanathapuram,"Paramakudi(Uzhavar Sandhai )","Onion Green","Onion Green",Local,21/08/2026,7500,8000,7750
"Tamil Nadu",Pudukkottai,"Alangudi(Uzhavar Sandhai )",Potato,Other,Local,21/08/2026,7000,8000,7500
"Tamil Nadu",Pudukkottai,"Alangudi(Uzhavar Sandhai )",Ashgourd,Gouard,Local,21/08/2026,1000,1500,1250
"Tamil Nadu",Pudukkottai,"Alangudi(Uzhavar Sandhai )",Raddish,Raddish,Local,21/08/2026,3500,4000,3750
"Tamil Nadu",Pudukkottai,"Alangudi(Uzhavar Sandhai )",Mango(Raw-Ripe),"Mango - Raw-Ripe",Local,21/08/2026,6000,7000,6500
"Tamil Nadu",Thiruvannamalai,"Arani(Uzhavar Sandhai )",Onion,Bellary,Local,21/08/2026,5000,6000,5500
"Tamil Nadu",Thiruvannamalai,"Arani(Uzhavar Sandhai )",Potato,"Red Nanital",Local,21/08/2026,3500,4000,3750
"Tamil Nadu",Thiruvannamalai,"Arani(Uzhavar Sandhai )",Chikoos(Sapota),Sapota,Local,21/08/2026,5000,6000,5500
"Tamil Nadu",Thiruvannamalai,"Arani(Uzhavar Sandhai )","Bitter gourd","Bitter Gourd",Local,21/08/2026,4000,4800,4400
"Tamil Nadu",Thiruvannamalai,"Arani(Uzhavar Sandhai )",Coconut,Coconut,Local,21/08/2026,3800,4500,4150
"Tamil Nadu",Thiruvannamalai,"Arani(Uzhavar Sandhai )",Cabbage,Cabbage,Local,21/08/2026,3000,3600,3300
"Tamil Nadu",Thiruvannamalai,"Arani(Uzhavar Sandhai )",Beetroot,Beetroot,Local,21/08/2026,4000,4800,4400
"Tamil Nadu",Thiruvannamalai,"Arani(Uzhavar Sandhai )",Ridgeguard(Tori),Ridgeguard(Tori),Local,21/08/2026,3500,4200,3850
"Tamil Nadu",Thiruvannamalai,"Arani(Uzhavar Sandhai )","Green Avare(W)","Green Avare (W)",Local,21/08/2026,5000,6000,5500
"Tamil Nadu",Thiruvannamalai,"Arani(Uzhavar Sandhai )",Colacasia,Colacasia,Local,21/08/2026,3500,4200,3850
"Tamil Nadu",Thiruvannamalai,"Arani(Uzhavar Sandhai )",Mint(Pudina),Mint(Pudina),Local,21/08/2026,4000,4500,4250
"Tamil Nadu",Thiruvannamalai,"Polur(Uzhavar Sandhai )",Mango,Safeda,Local,21/08/2026,4200,5000,4600
"Tamil Nadu",Thiruvannamalai,"Polur(Uzhavar Sandhai )",Tomato,Local,Local,21/08/2026,1500,2000,1750
"Tamil Nadu",Thiruvannamalai,"Polur(Uzhavar Sandhai )","Green Chilli","Green Chilly",Local,21/08/2026,5000,6000,5500
"Tamil Nadu",Thiruvannamalai,"Polur(Uzhavar Sandhai )",Ginger(Green),"Green Ginger",Local,21/08/2026,20000,24000,22000
"Tamil Nadu",Thiruvannamalai,"Polur(Uzhavar Sandhai )",Coconut,Coconut,Local,21/08/2026,4000,4500,4250
"Tamil Nadu",Thiruvannamalai,"Polur(Uzhavar Sandhai )",Snakeguard,Snakeguard,Local,21/08/2026,2500,3000,2750
"Tamil Nadu",Thiruvannamalai,"Polur(Uzhavar Sandhai )",Raddish,Raddish,Local,21/08/2026,2500,3000,2750
"Tamil Nadu",Thiruvannamalai,"Polur(Uzhavar Sandhai )",Thondekai,Thondekai,Local,21/08/2026,3300,4000,3650
"Tamil Nadu",Thiruvannamalai,"Polur(Uzhavar Sandhai )",Drumstick,Drumstick,Local,21/08/2026,4000,4800,4400
"Tamil Nadu",Thiruvannamalai,"Polur(Uzhavar Sandhai )","Knool Khol","Knool Khol",Local,21/08/2026,3300,4000,3650
"Tamil Nadu",Thiruvannamalai,"Polur(Uzhavar Sandhai )","Tender Coconut","Tender Coconut",Local,21/08/2026,1500,2000,1750
"Tamil Nadu",Thiruvannamalai,"Tiruvannamalai(Uzhavar Sandhai )",Papaya,Papaya,Local,21/08/2026,3500,4000,3750
"Tamil Nadu",Thiruvannamalai,"Tiruvannamalai(Uzhavar Sandhai )","Mousambi(Sweet Lime)",Mousambi,Local,21/08/2026,5000,6000,5500
"Tamil Nadu",Thiruvannamalai,"Tiruvannamalai(Uzhavar Sandhai )","Bottle gourd","Bottle Gourd",Local,21/08/2026,2000,2500,2250
"Tamil Nadu",Thiruvannamalai,"Tiruvannamalai(Uzhavar Sandhai )",Ginger(Green),"Green Ginger",Local,21/08/2026,20000,22000,21000
"Tamil Nadu",Thiruvannamalai,"Tiruvannamalai(Uzhavar Sandhai )",Raddish,Raddish,Local,21/08/2026,2500,3000,2750
"Tamil Nadu",Thiruvannamalai,"Tiruvannamalai(Uzhavar Sandhai )","Tamarind Fruit","Tamarind Fruit",Local,21/08/2026,12000,15000,13500
"Tamil Nadu",Thiruvannamalai,"Tiruvannamalai(Uzhavar Sandhai )","Custard Apple(Sharifa)","Custard Apple(Sharifa)",Local,21/08/2026,7000,8000,7500
"Tamil Nadu",Thiruvannamalai,"Tiruvannamalai(Uzhavar Sandhai )","Sweet Corn ","Sweet Corn ",Local,21/08/2026,3500,4000,3750
"Tamil Nadu",Thiruvellore,"Naravarikuppam(Uzhavar Sandhai )",Potato,"Red Nanital",Local,21/08/2026,4000,4000,4000
"Tamil Nadu",Thiruvellore,"Paruthipattu(Uzhavar Sandhai )",Brinjal,Round,Local,21/08/2026,5000,5000,5000
"Tamil Nadu",Thiruvellore,"Paruthipattu(Uzhavar Sandhai )","Cluster beans","Cluster Beans",Local,21/08/2026,5000,5000,5000
"Tamil Nadu",Tuticorin,"Kovilpatti(Uzhavar Sandhai )",Cauliflower,Ranchi,Local,21/08/2026,5000,5500,5250
"Tamil Nadu",Tuticorin,"Kovilpatti(Uzhavar Sandhai )",Brinjal,Other,Local,21/08/2026,2000,2500,2250
"Tamil Nadu",Tuticorin,"Kovilpatti(Uzhavar Sandhai )",Pumpkin,Pumpkin,Local,21/08/2026,2000,2500,2250
"Tamil Nadu",Tuticorin,"Kovilpatti(Uzhavar Sandhai )","Chow Chow","Chow Chow",Local,21/08/2026,3500,4000,3750
"Tamil Nadu",Tuticorin,"Kovilpatti(Uzhavar Sandhai )",Drumstick,Drumstick,Local,21/08/2026,2500,3000,2750
"Tamil Nadu",Tuticorin,"Kovilpatti(Uzhavar Sandhai )",Lime,Lime,Local,21/08/2026,12000,13000,12500
"Tamil Nadu",Tuticorin,"Kovilpatti(Uzhavar Sandhai )",Yam(Ratalu),"Yam (Ratalu)",Local,21/08/2026,8000,8500,8250
"Tamil Nadu",Tuticorin,"Kovilpatti(Uzhavar Sandhai )",Lemon,Lemon,Local,21/08/2026,16000,17000,16500
"Tamil Nadu",Vellore,"Gudiyatham(Uzhavar Sandhai )",Groundnut,"Big (With Shell)",Local,21/08/2026,7600,7600,7600
"Tamil Nadu",Vellore,"Gudiyatham(Uzhavar Sandhai )",Onion,Bellary,Local,21/08/2026,4800,4800,4800
"Tamil Nadu",Vellore,"Gudiyatham(Uzhavar Sandhai )",Brinjal,Other,Local,21/08/2026,3000,3000,3000
"Tamil Nadu",Vellore,"Gudiyatham(Uzhavar Sandhai )",Papaya,Papaya,Local,21/08/2026,3000,3000,3000
"Tamil Nadu",Vellore,"Gudiyatham(Uzhavar Sandhai )",Ashgourd,Gouard,Local,21/08/2026,2400,2400,2400
"Tamil Nadu",Vellore,"Gudiyatham(Uzhavar Sandhai )",Tapioca,Tapioca,Local,21/08/2026,3000,3000,3000
"Tamil Nadu",Vellore,"Gudiyatham(Uzhavar Sandhai )",Raddish,Raddish,Local,21/08/2026,3000,3000,3000
"Tamil Nadu",Vellore,"Gudiyatham(Uzhavar Sandhai )",Thondekai,Thondekai,Local,21/08/2026,4000,4000,4000
"Tamil Nadu",Vellore,"Gudiyatham(Uzhavar Sandhai )",Drumstick,Drumstick,Local,21/08/2026,2000,2000,2000
"Tamil Nadu",Vellore,"Kahithapattarai(Uzhavar Sandhai )",Apple,American,Local,21/08/2026,26000,26000,26000
"Tamil Nadu",Vellore,"Kahithapattarai(Uzhavar Sandhai )",Garlic,Garlic,Local,21/08/2026,21000,21000,21000
"Tamil Nadu",Vellore,"Kahithapattarai(Uzhavar Sandhai )",Coriander(Leaves),"I Sort",Local,21/08/2026,3000,3000,3000
"Tamil Nadu",Vellore,"Kahithapattarai(Uzhavar Sandhai )",Papaya,Papaya,Local,21/08/2026,4000,4000,4000
"Tamil Nadu",Vellore,"Kahithapattarai(Uzhavar Sandhai )","Cluster beans","Cluster Beans",Local,21/08/2026,2500,2500,2500
"Tamil Nadu",Vellore,"Kahithapattarai(Uzhavar Sandhai )",Pumpkin,Pumpkin,Local,21/08/2026,2000,2000,2000
"Tamil Nadu",Vellore,"Kahithapattarai(Uzhavar Sandhai )","Green Chilli","Green Chilly",Local,21/08/2026,4000,5000,4500
"Tamil Nadu",Vellore,"Kahithapattarai(Uzhavar Sandhai )",Thondekai,Thondekai,Local,21/08/2026,4000,4000,4000
"Tamil Nadu",Vellore,"Kahithapattarai(Uzhavar Sandhai )",Mango(Raw-Ripe),"Mango - Raw-Ripe",Local,21/08/2026,13000,13000,13000
"Tamil Nadu",Vellore,"Kahithapattarai(Uzhavar Sandhai )","Indian Beans(Seam)","Indian Beans (Seam)",Local,21/08/2026,4000,4000,4000
"Tamil Nadu",Vellore,"Kahithapattarai(Uzhavar Sandhai )",Colacasia,Colacasia,Local,21/08/2026,4500,4500,4500
"Tamil Nadu",Vellore,"Kahithapattarai(Uzhavar Sandhai )",Rose(Local),"Rose (Local)",Local,21/08/2026,12000,14000,13000
"Andhra Pradesh",Palnadu,"Chilakaluripet APMC",Cotton,"Mungari  (Ginned)",Local,21/08/2026,7000,8300,7500
Haryana,Rewari,"Rewari APMC",Banana,Other,Medium,21/08/2026,2000,4000,3000
Punjab,Hoshiarpur,"Mukerian APMC",Onion,Onion,"Grade B",21/08/2026,2800,3600,3200
Punjab,Hoshiarpur,"Mukerian APMC",Apple,Apple,"Grade B",21/08/2026,12000,14000,13000
Odisha,Dhenkanal,"Hindol APMC",Ridgeguard(Tori),Other,"Grade B",21/08/2026,5000,5500,5200
Odisha,Dhenkanal,"Hindol APMC","Pointed gourd(Parval)",Other,"Grade B",21/08/2026,4800,5200,5000
"Tamil Nadu",Thiruvannamalai,"Cheyyar(Uzhavar Sandhai )",Tomato,Local,Local,21/08/2026,1500,2000,1750
"Tamil Nadu",Thiruvannamalai,"Cheyyar(Uzhavar Sandhai )",Ashgourd,Gouard,Local,21/08/2026,2000,2500,2250
"Tamil Nadu",Thiruvannamalai,"Cheyyar(Uzhavar Sandhai )",Amaranthus,Amaranthus,Local,21/08/2026,2000,2500,2250
"Tamil Nadu",Thiruvannamalai,"Cheyyar(Uzhavar Sandhai )",Coconut,Coconut,Local,21/08/2026,3700,4500,4100
"Tamil Nadu",Thiruvannamalai,"Cheyyar(Uzhavar Sandhai )",Beetroot,Beetroot,Local,21/08/2026,4000,4800,4400
"Tamil Nadu",Thiruvannamalai,"Cheyyar(Uzhavar Sandhai )","Chow Chow","Chow Chow",Local,21/08/2026,3500,4200,3850
"Tamil Nadu",Thiruvannamalai,"Cheyyar(Uzhavar Sandhai )",Yam(Ratalu),"Yam (Ratalu)",Local,21/08/2026,4000,4800,4400
"Andhra Pradesh",Kakinada,"Kakinada (Urban) APMC",Paddy(Common),Common,FAQ,21/08/2026,2369,2390,2375
"Andhra Pradesh",Dr.B.R.A.Konaseema,"Mummidivaram APMC",Fish,"Katla (Small)",FAQ,21/08/2026,9900,10000,9900
Odisha,Sundergarh,"Panposh APMC","Bitter gourd",Other,FAQ,21/08/2026,4500,5500,5000
Odisha,Sundergarh,"Panposh APMC",Tomato,Hybrid,FAQ,21/08/2026,3000,4000,3500
Odisha,Nayagarh,"Bahadajholla APMC",Brinjal,Other,"Grade B",21/08/2026,3000,4400,3000
"Tamil Nadu",Ariyalur,"Ariyalur(Uzhavar Sandhai)",Amaranthus,Amaranthus,Local,21/08/2026,3000,3500,3250
"Tamil Nadu",Ariyalur,"Ariyalur(Uzhavar Sandhai)",Carrot,Pusakesar,Local,21/08/2026,7000,8000,7500
"Tamil Nadu",Ariyalur,"Ariyalur(Uzhavar Sandhai)",Snakeguard,Snakeguard,Local,21/08/2026,3000,3500,3250
"Andhra Pradesh",Ananthapuramu,"Singanamala APMC",Groundnut,Local,"Grade Range-1",21/08/2026,6600,7900,7300
Haryana,Mahendragarh-Narnaul,"Narnaul APMC",Ginger(Green),"Green Ginger",Medium,21/08/2026,8000,10000,10000
Haryana,Mahendragarh-Narnaul,"Narnaul APMC",Garlic,Garlic,Local,21/08/2026,12000,15000,15000
Haryana,Mahendragarh-Narnaul,"Narnaul APMC",Banana,"Banana - Ripe",Medium,21/08/2026,4000,5000,5000
Haryana,Mahendragarh-Narnaul,"Narnaul APMC","Tender Coconut","Tender Coconut",Medium,21/08/2026,5000,6000,5500
Haryana,Mahendragarh-Narnaul,"Narnaul APMC",Marasebu,Marasebu,Local,21/08/2026,6000,7000,7000
"Uttar Pradesh",Raebarelli,"Lalganj APMC",Ridgeguard(Tori),Ridgeguard(Tori),FAQ,21/08/2026,1600,1800,1700
"Uttar Pradesh",Raebarelli,"Lalganj APMC","Bhindi(Ladies Finger)",Bhindi,FAQ,21/08/2026,1800,2000,1900
Uttarakhand,Haridwar,"Haridwar Union APMC",Cauliflower,Other,Local,21/08/2026,1000,1200,1100
Uttarakhand,Haridwar,"Haridwar Union APMC",Potato,Other,Medium,21/08/2026,900,1200,1000
Bihar,Siwan,"Maharjganj APMC",Tomato,Deshi,FAQ,21/08/2026,2800,2800,2800
Bihar,Siwan,"Maharjganj APMC",Brinjal,"Arkasheela Mattigulla",FAQ,21/08/2026,1700,1700,1700
Bihar,Siwan,"Maharjganj APMC","Sponge gourd",Other,FAQ,21/08/2026,1500,1500,1500
Rajasthan,Bharatpur,"Bayana APMC",Potato,Other,Local,21/08/2026,1200,1200,1200
Punjab,Hoshiarpur,"Tanda Urmur APMC",Lemon,Other,"Grade A",21/08/2026,6000,7000,6500
Punjab,Hoshiarpur,"Tanda Urmur APMC",Garlic,Garlic,"Grade Range-1",21/08/2026,11000,13000,12000
Punjab,Hoshiarpur,"Tanda Urmur APMC",Onion,Nasik,"Grade A",21/08/2026,3000,3200,3100
Odisha,Boudh,"Boudh APMC","Bitter gourd",Other,Local,21/08/2026,4500,5500,5000
Odisha,Boudh,"Boudh APMC",Cauliflower,Other,Local,21/08/2026,8000,9000,8500
Odisha,Boudh,"Boudh APMC",Cabbage,Other,Local,21/08/2026,4000,5000,4500
Odisha,Boudh,"Boudh APMC",Potato,Other,Local,21/08/2026,1200,1800,1500
Odisha,Mayurbhanja,"Betnoti APMC",Pumpkin,Pumpkin,FAQ,21/08/2026,2000,2400,2200
Odisha,Mayurbhanja,"Betnoti APMC",Cucumbar(Kheera),Cucumbar,FAQ,21/08/2026,2500,2900,2700
Keralam,Alappuzha,"Chengannur Market","Banana - Green","Banana - Green",FAQ,21/08/2026,6500,6800,6600
Keralam,Alappuzha,"Chengannur Market",Onion,Onion,FAQ,21/08/2026,3300,3600,3400
Haryana,Gurgaon,"Gurgaon APMC",Potato,Other,"Grade B",21/08/2026,800,1000,900
Haryana,Gurgaon,"Gurgaon APMC","Bottle gourd","Bottle Gourd","Grade B",21/08/2026,1000,2000,1500
"Tamil Nadu",Coimbatore,"Sundarapuram(Uzhavar Sandhai )",Garlic,Garlic,Local,21/08/2026,21000,22000,21500
"Tamil Nadu",Coimbatore,"Sundarapuram(Uzhavar Sandhai )",Coriander(Leaves),"I Sort",Local,21/08/2026,3500,4000,3750
"Tamil Nadu",Coimbatore,"Sundarapuram(Uzhavar Sandhai )",Snakeguard,Snakeguard,Local,21/08/2026,3000,3500,3250
"Tamil Nadu",Coimbatore,"Sundarapuram(Uzhavar Sandhai )",Drumstick,Drumstick,Local,21/08/2026,3000,3500,3250
"Tamil Nadu",Coimbatore,"Sundarapuram(Uzhavar Sandhai )","Elephant Yam(Suran)/Amorphophallus","Elephant Yam (Suran)",Local,21/08/2026,3500,4000,3750
Haryana,Rohtak,Meham,Tomato,Tomato,Medium,21/08/2026,2000,3000,2500
Haryana,Rohtak,Meham,Onion,Medium,Medium,21/08/2026,4000,4000,4000
Odisha,Kalahandi,"Kalahandi(Dharamagarh) APMC","Bhindi(Ladies Finger)",Other,"Grade B",21/08/2026,1600,2000,1800
"Andhra Pradesh",Markapuram,"Yerragondapalem APMC",Cotton,"170-C2  (Ginned)",FAQ,21/08/2026,7400,7400,7400
"Uttar Pradesh","Khiri (Lakhimpur)","Maigalganj APMC",Cauliflower,Cauliflower,FAQ,21/08/2026,1500,1525,1510
"Himachal Pradesh",Kangra,"SMY Baijnath",Banana,"Banana - Ripe","Grade B",21/08/2026,3700,4000,3800
"Himachal Pradesh",Kangra,"SMY Baijnath",Potato,Desi,"Grade A",21/08/2026,1900,2000,2000
"Himachal Pradesh",Kangra,"SMY Baijnath",Cauliflower,Cauliflower,"Grade A",21/08/2026,5000,5500,5500
"Himachal Pradesh",Kangra,"SMY Jaisinghpur",Lemon,Lemon,FAQ,21/08/2026,9500,11000,10000
"Himachal Pradesh",Kangra,"SMY Jaisinghpur",Banana,Other,Medium,21/08/2026,5400,5600,5450
"Himachal Pradesh",Kangra,"SMY Jaisinghpur",Papaya,Other,Medium,21/08/2026,4800,5200,5000
"Himachal Pradesh",Kangra,"SMY Jaisinghpur",Coriander(Leaves),Coriander,FAQ,21/08/2026,16000,21000,18000
"Himachal Pradesh",Kangra,"SMY Jaisinghpur",Brinjal,Brinjal,FAQ,21/08/2026,2200,2800,2500
Punjab,Hoshiarpur,"Garh Shankar(Mahalpur) APMC","Field Pea","Field Pea",FAQ,21/08/2026,7000,7000,7000
Punjab,Hoshiarpur,"Garh Shankar(Mahalpur) APMC",Ginger(Green),"Green Ginger",FAQ,21/08/2026,9800,9800,9800
"Tamil Nadu",Erode,"Sathiyamagalam(Uzhavar Sandhai )",Amaranthus,Amaranthus,Local,21/08/2026,3500,4000,3750
"Tamil Nadu",Erode,"Sathiyamagalam(Uzhavar Sandhai )","Banana - Green","Banana - Green",Local,21/08/2026,2500,3000,2750
"Tamil Nadu",Erode,"Sathiyamagalam(Uzhavar Sandhai )",Ginger(Green),"Green Ginger",Local,21/08/2026,15000,16000,15500
"Tamil Nadu",Erode,"Sathiyamagalam(Uzhavar Sandhai )",Cucumbar(Kheera),Cucumbar,Local,21/08/2026,2500,3000,2750
"Tamil Nadu",Erode,"Sathiyamagalam(Uzhavar Sandhai )",Mint(Pudina),Mint(Pudina),Local,21/08/2026,4500,5000,4750
"Tamil Nadu",Coimbatore,"Mettupalayam(Uzhavar Sandhai )",Groundnut,"Big (With Shell)",Local,21/08/2026,7000,8000,7500
"Tamil Nadu",Coimbatore,"Mettupalayam(Uzhavar Sandhai )",Chikoos(Sapota),Sapota,Local,21/08/2026,4500,5000,4750
"Tamil Nadu",Coimbatore,"Mettupalayam(Uzhavar Sandhai )","Bottle gourd","Bottle Gourd",Local,21/08/2026,2400,2800,2600
"Tamil Nadu",Coimbatore,"Mettupalayam(Uzhavar Sandhai )","Green Chilli","Green Chilly",Local,21/08/2026,4000,4400,4200
"Tamil Nadu",Coimbatore,"Mettupalayam(Uzhavar Sandhai )",Tapioca,Tapioca,Local,21/08/2026,3000,3500,3250
"Tamil Nadu",Coimbatore,"Mettupalayam(Uzhavar Sandhai )",Coconut,Coconut,Local,21/08/2026,5500,6000,5750
"Tamil Nadu",Coimbatore,"Mettupalayam(Uzhavar Sandhai )",Carrot,Pusakesar,Local,21/08/2026,6500,7500,7000
"Tamil Nadu",Coimbatore,"Mettupalayam(Uzhavar Sandhai )",Cucumbar(Kheera),Cucumbar,Local,21/08/2026,4000,5000,4500
"Tamil Nadu",Coimbatore,"Mettupalayam(Uzhavar Sandhai )",Mango(Raw-Ripe),"Mango - Raw-Ripe",Local,21/08/2026,6000,6500,6250
"Tamil Nadu",Coimbatore,"Mettupalayam(Uzhavar Sandhai )",Lime,Lime,Local,21/08/2026,10000,13000,11500
"Tamil Nadu",Coimbatore,"Mettupalayam(Uzhavar Sandhai )","Elephant Yam(Suran)/Amorphophallus","Elephant Yam (Suran)",Local,21/08/2026,3500,4000,3750
"Tamil Nadu",Coimbatore,"Mettupalayam(Uzhavar Sandhai )",Lemon,Lemon,Local,21/08/2026,14000,16500,15250
"Tamil Nadu",Coimbatore,"Mettupalayam(Uzhavar Sandhai )",Turnip,Turnip,Local,21/08/2026,4500,5000,4750
"Tamil Nadu",Coimbatore,"Mettupalayam(Uzhavar Sandhai )","Onion Green","Onion Green",Local,21/08/2026,7000,7500,7250
"Tamil Nadu",Coimbatore,"Mettupalayam(Uzhavar Sandhai )",Mint(Pudina),Mint(Pudina),Local,21/08/2026,5000,6000,5500
"Tamil Nadu",Namakkal,"Tiruchengode APMC",Coriander(Leaves),"I Sort",Local,21/08/2026,7500,8000,7750
"Tamil Nadu",Namakkal,"Tiruchengode APMC",Papaya,Papaya,Local,21/08/2026,3000,3500,3250
"Tamil Nadu",Namakkal,"Tiruchengode APMC","Green Chilli","Green Chilly",Local,21/08/2026,4500,5000,4750
"Tamil Nadu",Namakkal,"Tiruchengode APMC",Tapioca,Tapioca,Local,21/08/2026,2500,3000,2750
"Tamil Nadu",Namakkal,"Tiruchengode APMC",Ginger(Green),"Green Ginger",Local,21/08/2026,17500,19000,18250
"Tamil Nadu",Namakkal,"Tiruchengode APMC",Cucumbar(Kheera),Cucumbar,Local,21/08/2026,8000,9000,8500
"Tamil Nadu",Namakkal,"Tiruchengode APMC","Sweet Corn ","Sweet Corn ",Local,21/08/2026,4500,5000,4750
"Uttar Pradesh",Rampur,"Bilaspur APMC",Papaya,Other,Medium,21/08/2026,2000,3000,2500
"Tamil Nadu",Coimbatore,"RSPuram(Uzhavar Sandhai )",Apple,American,Local,21/08/2026,20000,28000,24000
"Tamil Nadu",Coimbatore,"RSPuram(Uzhavar Sandhai )",Orange,Darjeeling,Local,21/08/2026,8000,14000,11000
"Tamil Nadu",Coimbatore,"RSPuram(Uzhavar Sandhai )",Potato,Other,Local,21/08/2026,6000,6500,6250
"Tamil Nadu",Coimbatore,"RSPuram(Uzhavar Sandhai )",Garlic,Garlic,Local,21/08/2026,20000,22000,21000
"Tamil Nadu",Coimbatore,"RSPuram(Uzhavar Sandhai )",Coriander(Leaves),"I Sort",Local,21/08/2026,3500,4000,3750
"Tamil Nadu",Coimbatore,"RSPuram(Uzhavar Sandhai )","Cluster beans","Cluster Beans",Local,21/08/2026,3600,4000,3800
"Tamil Nadu",Coimbatore,"RSPuram(Uzhavar Sandhai )",Pumpkin,Pumpkin,Local,21/08/2026,1800,2000,1900
"Tamil Nadu",Coimbatore,"RSPuram(Uzhavar Sandhai )","Bhindi(Ladies Finger)",Bhindi,Local,21/08/2026,3800,4400,4100
"Tamil Nadu",Coimbatore,"RSPuram(Uzhavar Sandhai )","Banana - Green","Banana - Green",Local,21/08/2026,3500,4000,3750
"Tamil Nadu",Coimbatore,"RSPuram(Uzhavar Sandhai )",Snakeguard,Snakeguard,Local,21/08/2026,2800,3400,3100
"Tamil Nadu",Coimbatore,"RSPuram(Uzhavar Sandhai )",Cucumbar(Kheera),Cucumbar,Local,21/08/2026,4000,4400,4200
"Tamil Nadu",Coimbatore,"RSPuram(Uzhavar Sandhai )",Mint(Pudina),Mint(Pudina),Local,21/08/2026,4500,5000,4750
"Tamil Nadu",Coimbatore,"Singanallur(Uzhavar Sandhai )",Potato,Other,Local,21/08/2026,6000,6500,6250
"Tamil Nadu",Coimbatore,"Singanallur(Uzhavar Sandhai )","Bitter gourd",Other,Local,21/08/2026,5500,6000,5750
"Tamil Nadu",Coimbatore,"Singanallur(Uzhavar Sandhai )","Bottle gourd","Bottle Gourd",Local,21/08/2026,2500,3000,2750
"Tamil Nadu",Coimbatore,"Singanallur(Uzhavar Sandhai )","Bhindi(Ladies Finger)",Bhindi,Local,21/08/2026,4000,4500,4250
"Tamil Nadu",Coimbatore,"Singanallur(Uzhavar Sandhai )",Ginger(Green),"Green Ginger",Local,21/08/2026,16000,17000,16500
"Tamil Nadu",Coimbatore,"Singanallur(Uzhavar Sandhai )",Carrot,Pusakesar,Local,21/08/2026,6500,7000,6750
"Tamil Nadu",Coimbatore,"Singanallur(Uzhavar Sandhai )",Ridgeguard(Tori),Ridgeguard(Tori),Local,21/08/2026,3500,4000,3750
"Tamil Nadu",Coimbatore,"Singanallur(Uzhavar Sandhai )",Raddish,Raddish,Local,21/08/2026,4000,4400,4200
"Tamil Nadu",Coimbatore,"Singanallur(Uzhavar Sandhai )",Guava,"Guava Allahabad",Local,21/08/2026,5500,6000,5750
"Tamil Nadu",Coimbatore,"Singanallur(Uzhavar Sandhai )","Elephant Yam(Suran)/Amorphophallus","Elephant Yam (Suran)",Local,21/08/2026,3800,4200,4000
"Tamil Nadu",Coimbatore,"Singanallur(Uzhavar Sandhai )",Lemon,Lemon,Local,21/08/2026,13000,14000,13500
"Tamil Nadu",Coimbatore,"Singanallur(Uzhavar Sandhai )","Amla(Nelli Kai)",Amla,Local,21/08/2026,8000,8500,8250
Odisha,Mayurbhanja,"Narasinghpur APMC",Brinjal,Brinjal,Local,21/08/2026,5000,7000,6000
Gujarat,Rajkot,"Rajkot(Veg.Sub Yard) APMC",Coriander(Leaves),Coriander,FAQ,21/08/2026,1005,1985,1495
Gujarat,Rajkot,"Rajkot(Veg.Sub Yard) APMC","Green Chilli","Green Chilly",FAQ,21/08/2026,2085,3120,2600
"Tamil Nadu",Coimbatore,"Pollachi(Uzhavar Sandhai )",Onion,Bellary,Local,21/08/2026,3500,4000,3750
"Tamil Nadu",Coimbatore,"Pollachi(Uzhavar Sandhai )",Garlic,Garlic,Local,21/08/2026,18000,22000,20000
"Tamil Nadu",Coimbatore,"Pollachi(Uzhavar Sandhai )","Bitter gourd","Bitter Gourd",Local,21/08/2026,5000,5500,5250
"Tamil Nadu",Coimbatore,"Pollachi(Uzhavar Sandhai )","Banana - Green","Banana - Green",Local,21/08/2026,4000,4500,4250
"Tamil Nadu",Coimbatore,"Pollachi(Uzhavar Sandhai )",Beans,"Beans (Whole)",Local,21/08/2026,9000,10000,9500
"Tamil Nadu",Coimbatore,"Pollachi(Uzhavar Sandhai )",Beetroot,Beetroot,Local,21/08/2026,4500,8000,6250
"Tamil Nadu",Coimbatore,"Pollachi(Uzhavar Sandhai )",Thondekai,Thondekai,Local,21/08/2026,5000,5500,5250
"Tamil Nadu",Coimbatore,"Pollachi(Uzhavar Sandhai )","Chow Chow","Chow Chow",Local,21/08/2026,3500,4000,3750
"Tamil Nadu",Coimbatore,"Pollachi(Uzhavar Sandhai )",Drumstick,Drumstick,Local,21/08/2026,5000,6000,5500
"Tamil Nadu",Coimbatore,"Pollachi(Uzhavar Sandhai )",Yam(Ratalu),"Yam (Ratalu)",Local,21/08/2026,5000,6000,5500
"Tamil Nadu",Coimbatore,"Pollachi(Uzhavar Sandhai )","Amla(Nelli Kai)",Amla,Local,21/08/2026,7000,8000,7500
"Madhya Pradesh",Betul,"Betul(F&V) APMC",Ginger(Green),Other,FAQ,21/08/2026,7000,7000,7000
"Madhya Pradesh",Betul,"Betul(F&V) APMC",Garlic,Garlic,FAQ,21/08/2026,15000,15000,15000
"Madhya Pradesh",Betul,"Betul(F&V) APMC",Brinjal,Brinjal,FAQ,21/08/2026,1200,1200,1200
"Uttar Pradesh",Shamli,"Kairana APMC",Cabbage,Cabbage,FAQ,21/08/2026,1600,1700,1650
"Uttar Pradesh",Shamli,"Kairana APMC",Raddish,Raddish,FAQ,21/08/2026,1000,1100,1050
Chandigarh,Chandigarh,"Chandigarh (Grain/F&V) APMC",Pomegranate,Pomogranate,Medium,21/08/2026,3000,9000,7000
"Tamil Nadu",Karur,"Karur(Uzhavar Sandhai )",Potato,Other,Local,21/08/2026,5500,6000,5750
"Tamil Nadu",Karur,"Karur(Uzhavar Sandhai )",Tomato,Deshi,Local,21/08/2026,1500,2000,1750
"Tamil Nadu",Karur,"Karur(Uzhavar Sandhai )",Pumpkin,Pumpkin,Local,21/08/2026,2500,3000,2750
"Tamil Nadu",Karur,"Karur(Uzhavar Sandhai )","Banana - Green","Banana - Green",Local,21/08/2026,2500,3000,2750
"Tamil Nadu",Karur,"Karur(Uzhavar Sandhai )",Ginger(Green),"Green Ginger",Local,21/08/2026,19500,20000,19750
"Tamil Nadu",Karur,"Karur(Uzhavar Sandhai )",Raddish,Raddish,Local,21/08/2026,2500,3000,2750
"Tamil Nadu",Karur,"Karur(Uzhavar Sandhai )","Chow Chow","Chow Chow",Local,21/08/2026,3500,4000,3750
Tripura,"South Tripura",Manubazar,Ridgeguard(Tori),Ridgeguard(Tori),"Grade A",21/08/2026,5800,6000,5900
Tripura,"South Tripura",Manubazar,"Spiny Gourd / Kartali(Kantola)
","Kartali (Kantola)","Grade A",21/08/2026,5800,6000,5900
Tripura,"South Tripura",Manubazar,"Green Chilli","Green Chilly","Grade A",21/08/2026,13000,15000,14000
Tripura,"South Tripura",Manubazar,Papaya(Raw),"Papaya (Raw)","Grade A",21/08/2026,2000,2200,2100
Tripura,"South Tripura",Manubazar,Tomato,Hybrid,"Grade A",21/08/2026,4800,5000,4900
Tripura,"South Tripura",Manubazar,Fish,Rahu(Andhra),FAQ,21/08/2026,22000,25000,23000
Tripura,"South Tripura",Manubazar,Onion,"1st Sort","Grade A",21/08/2026,4000,4500,4200
"Tamil Nadu",Coimbatore,"Kurichi(Uzhavar Sandhai )","Cluster beans","Cluster Beans",Local,21/08/2026,3500,4000,3750
"Tamil Nadu",Coimbatore,"Kurichi(Uzhavar Sandhai )",Ashgourd,Gouard,Local,21/08/2026,1800,2000,1900
"Tamil Nadu",Coimbatore,"Kurichi(Uzhavar Sandhai )","Banana - Green","Banana - Green",Local,21/08/2026,3500,4000,3750
"Tamil Nadu",Coimbatore,"Kurichi(Uzhavar Sandhai )",Drumstick,Drumstick,Local,21/08/2026,3000,3500,3250
"Tamil Nadu",Coimbatore,"Kurichi(Uzhavar Sandhai )",Lemon,Lemon,Local,21/08/2026,12500,13500,13000
Rajasthan,Jaipur,"Bassi APMC",Mustard,Other,Local,21/08/2026,7791,8000,7895
"Tamil Nadu",Chengalpattu,"Thirukalukundram(Uzhavar Sandhai )",Onion,Bellary,Local,21/08/2026,4500,5000,4750
"Tamil Nadu",Chengalpattu,"Thirukalukundram(Uzhavar Sandhai )","Bottle gourd","Bottle Gourd",Local,21/08/2026,2200,2500,2350
"Tamil Nadu",Chengalpattu,"Thirukalukundram(Uzhavar Sandhai )",Ashgourd,Gouard,Local,21/08/2026,2000,2200,2100
"Tamil Nadu",Chengalpattu,"Thirukalukundram(Uzhavar Sandhai )","Green Chilli","Green Chilly",Local,21/08/2026,6500,7000,6750
"Tamil Nadu",Chengalpattu,"Thirukalukundram(Uzhavar Sandhai )","Chow Chow","Chow Chow",Local,21/08/2026,2500,3000,2750
"Tamil Nadu","Nagercoil (Kannyiakumari)","Vadaseri APMC",Papaya,Papaya,Local,21/08/2026,3500,4000,3750
"Tamil Nadu","Nagercoil (Kannyiakumari)","Vadaseri APMC","Bitter gourd","Bitter Gourd",Local,21/08/2026,6500,7000,6750
"Tamil Nadu","Nagercoil (Kannyiakumari)","Vadaseri APMC",Cowpea(Veg),"Cowpea (Veg)",Local,21/08/2026,4500,5000,4750
"Tamil Nadu","Nagercoil (Kannyiakumari)","Vadaseri APMC","Banana - Green","Banana - Green",Local,21/08/2026,7500,8000,7750
"Tamil Nadu","Nagercoil (Kannyiakumari)","Vadaseri APMC",Snakeguard,Snakeguard,Local,21/08/2026,4000,4500,4250
"Tamil Nadu","Nagercoil (Kannyiakumari)","Vadaseri APMC",Cucumbar(Kheera),Cucumbar,Local,21/08/2026,2200,2500,2350
"Tamil Nadu","Nagercoil (Kannyiakumari)","Vadaseri APMC","Green Avare(W)","Green Avare (W)",Local,21/08/2026,4300,4800,4550
"Tamil Nadu","Nagercoil (Kannyiakumari)","Vadaseri APMC","Tender Coconut","Tender Coconut",Local,21/08/2026,4500,5000,4750
"Tamil Nadu","Nagercoil (Kannyiakumari)","Vadaseri APMC",Jasmine,Jasmine,Local,21/08/2026,22000,27000,24500
"Tamil Nadu","Nagercoil (Kannyiakumari)","Vadaseri APMC",Lemon,Lemon,Local,21/08/2026,14000,16000,15000
"Tamil Nadu","Nagercoil (Kannyiakumari)","Vadaseri APMC","Amla(Nelli Kai)",Amla,Local,21/08/2026,5500,6000,5750
"Tamil Nadu",Pudukkottai,"Karambakkudi(Uzhavar Sandhai )",Ashgourd,Gouard,Local,21/08/2026,1000,1500,1250
"Tamil Nadu",Pudukkottai,"Karambakkudi(Uzhavar Sandhai )",Pumpkin,Pumpkin,Local,21/08/2026,1000,1500,1250
"Tamil Nadu",Pudukkottai,"Karambakkudi(Uzhavar Sandhai )","Bhindi(Ladies Finger)",Bhindi,Local,21/08/2026,3500,4000,3750
"Tamil Nadu",Pudukkottai,"Karambakkudi(Uzhavar Sandhai )",Ridgeguard(Tori),Ridgeguard(Tori),Local,21/08/2026,5000,6000,5500
"Tamil Nadu",Pudukkottai,"Karambakkudi(Uzhavar Sandhai )",Lemon,Lemon,Local,21/08/2026,9000,10000,9500
Meghalaya,"East Khasi Hills","Shillong APMC",Tomato,017,FAQ,21/08/2026,1600,2200,1900
Meghalaya,"East Khasi Hills","Shillong APMC","Green Chilli",Local,FAQ,21/08/2026,6500,7500,7000
Meghalaya,"East Khasi Hills","Shillong APMC",Arecanut(Betelnut/Supari),Other,FAQ,21/08/2026,15000,25000,20000
Meghalaya,"East Khasi Hills","Shillong APMC",Raddish,Other,FAQ,21/08/2026,1400,1500,1450
"Madhya Pradesh",Morena,"Kailaras APMC",Brinjal,Other,FAQ,21/08/2026,1100,1100,1100
"Madhya Pradesh",Morena,"Kailaras APMC",Coriander(Leaves),Coriander,FAQ,21/08/2026,3000,3000,3000
"Madhya Pradesh",Morena,"Kailaras APMC","Cluster beans","Cluster Beans",FAQ,21/08/2026,2300,2300,2300
"Tamil Nadu",Vellore,"Thirupathur APMC",Groundnut,"Big (With Shell)",Local,21/08/2026,6000,6000,6000
"Tamil Nadu",Vellore,"Thirupathur APMC",Potato,"Red Nanital",Local,21/08/2026,3000,3000,3000
"Tamil Nadu",Vellore,"Thirupathur APMC",Garlic,Garlic,Local,21/08/2026,24000,24000,24000
"Tamil Nadu",Vellore,"Thirupathur APMC",Papaya,Papaya,Local,21/08/2026,4000,4000,4000
"Tamil Nadu",Vellore,"Thirupathur APMC","Cluster beans","Cluster Beans",Local,21/08/2026,4000,4000,4000
"Tamil Nadu",Vellore,"Thirupathur APMC",Amaranthus,Amaranthus,Local,21/08/2026,2000,2000,2000
"Tamil Nadu",Vellore,"Thirupathur APMC","Banana - Green","Banana - Green",Local,21/08/2026,2500,2500,2500
"Tamil Nadu",Vellore,"Thirupathur APMC",Coconut,Coconut,Local,21/08/2026,5000,5000,5000
"Tamil Nadu",Vellore,"Thirupathur APMC","Sweet Potato","Hosur Red",Local,21/08/2026,4000,4000,4000
"Tamil Nadu",Vellore,"Thirupathur APMC",Drumstick,Drumstick,Local,21/08/2026,5000,5000,5000
"Tamil Nadu",Vellore,"Thirupathur APMC","Indian Beans(Seam)","Indian Beans (Seam)",Local,21/08/2026,6000,6000,6000
"Tamil Nadu",Vellore,"Thirupathur APMC",Lemon,Lemon,Local,21/08/2026,5000,5000,5000
"Tamil Nadu",Vellore,"Thirupathur APMC","Custard Apple(Sharifa)","Custard Apple(Sharifa)",Local,21/08/2026,4000,4000,4000
"Tamil Nadu",Dharmapuri,"Harur(Uzhavar Sandhai )",Tomato,Deshi,Local,21/08/2026,1500,2000,1750
"Tamil Nadu",Dharmapuri,"Harur(Uzhavar Sandhai )","Bitter gourd","Bitter Gourd",Local,21/08/2026,5000,6000,5500
"Tamil Nadu",Dharmapuri,"Harur(Uzhavar Sandhai )","Bottle gourd","Bottle Gourd",Local,21/08/2026,2000,2500,2250
"Tamil Nadu",Dharmapuri,"Harur(Uzhavar Sandhai )","Green Chilli","Green Chilly",Local,21/08/2026,4500,5000,4750
"Tamil Nadu",Dharmapuri,"Harur(Uzhavar Sandhai )",Ginger(Green),"Green Ginger",Local,21/08/2026,12000,15000,13500
"Tamil Nadu",Dharmapuri,"Harur(Uzhavar Sandhai )","Sweet Potato","Hosur Red",Local,21/08/2026,4000,5000,4500
"Tamil Nadu",Dharmapuri,"Harur(Uzhavar Sandhai )",Cabbage,Cabbage,Local,21/08/2026,3000,3500,3250
"Tamil Nadu",Dharmapuri,"Harur(Uzhavar Sandhai )",Cucumbar(Kheera),Cucumbar,Local,21/08/2026,4500,5000,4750
"Tamil Nadu",Dharmapuri,"Harur(Uzhavar Sandhai )","Chow Chow","Chow Chow",Local,21/08/2026,4000,4500,4250
"Tamil Nadu",Dharmapuri,"Harur(Uzhavar Sandhai )",Mint(Pudina),Mint(Pudina),Local,21/08/2026,3500,4000,3750
"Tamil Nadu",Krishnagiri,"Kaveripattinam(Uzhavar Sandhai )",Potato,"Red Nanital",Local,21/08/2026,4000,4000,4000
"Tamil Nadu",Krishnagiri,"Kaveripattinam(Uzhavar Sandhai )",Coriander(Leaves),"I Sort",Local,21/08/2026,4000,4000,4000
"Tamil Nadu",Krishnagiri,"Kaveripattinam(Uzhavar Sandhai )","Cluster beans","Cluster Beans",Local,21/08/2026,4000,4000,4000
"Tamil Nadu",Krishnagiri,"Kaveripattinam(Uzhavar Sandhai )",Ginger(Green),"Green Ginger",Local,21/08/2026,18000,18000,18000
"Tamil Nadu",Krishnagiri,"Kaveripattinam(Uzhavar Sandhai )",Raddish,Raddish,Local,21/08/2026,3000,3000,3000
"Tamil Nadu",Krishnagiri,"Kaveripattinam(Uzhavar Sandhai )",Mango(Raw-Ripe),"Mango - Raw-Ripe",Local,21/08/2026,8000,8000,8000
"Tamil Nadu","The Nilgiris","Gudalur(Uzhavar Sandhai )",Banana,Besrai,Local,21/08/2026,4000,5000,4500
"Tamil Nadu","The Nilgiris","Gudalur(Uzhavar Sandhai )",Tomato,Deshi,Local,21/08/2026,2000,2300,2150
"Tamil Nadu","The Nilgiris","Gudalur(Uzhavar Sandhai )","Bitter gourd","Bitter Gourd",Local,21/08/2026,5400,5800,5600
"Tamil Nadu","The Nilgiris","Gudalur(Uzhavar Sandhai )",Carrot,Pusakesar,Local,21/08/2026,5000,5500,5250
"Tamil Nadu","The Nilgiris","Gudalur(Uzhavar Sandhai )",Cucumbar(Kheera),Cucumbar,Local,21/08/2026,3000,4000,3500
"Tamil Nadu","The Nilgiris","Gudalur(Uzhavar Sandhai )",Drumstick,Drumstick,Local,21/08/2026,3000,3500,3250
"Tamil Nadu","The Nilgiris","Gudalur(Uzhavar Sandhai )","Knool Khol","Knool Khol",Local,21/08/2026,2500,3000,2750
"Tamil Nadu","The Nilgiris","Gudalur(Uzhavar Sandhai )",Mint(Pudina),Mint(Pudina),Local,21/08/2026,5000,6000,5500
"Himachal Pradesh",Kangra,"SMY Palampur",Papaya,Papaya,Medium,21/08/2026,4200,4500,4400
"Himachal Pradesh",Kangra,"SMY Palampur",Pear(Marasebu),Other,Medium,21/08/2026,6000,9000,7500
"Himachal Pradesh",Kangra,"SMY Palampur",Garlic,Average,FAQ,21/08/2026,15000,18000,16500
"Himachal Pradesh",Kangra,"SMY Palampur",Capsicum,Capsicum,FAQ,21/08/2026,5000,5500,5200
"Himachal Pradesh",Kangra,"SMY Palampur","Green Chilli","Green Chilly",FAQ,21/08/2026,4000,5000,4500
Haryana,Karnal,"Tarori APMC",Banana,Other,"Grade A",21/08/2026,2000,2400,2200
Manipur,"Imphal East","Lamlong Bazaar APMC",Rice,Other,Local,21/08/2026,5100,5100,5100
"West Bengal","Paschim Bardhaman","Asansol APMC","Green Gram Dal(Moong Dal)","Green Gram Dal",FAQ,21/08/2026,12500,12635,12600
"West Bengal","Paschim Bardhaman","Asansol APMC",Mustard,Other,FAQ,21/08/2026,6250,6500,6385
"West Bengal","Paschim Bardhaman","Asansol APMC",Brinjal,Other,FAQ,21/08/2026,3650,3800,3750
Punjab,Tarntaran,"Patti APMC",Guava,Other,"Grade B",21/08/2026,1200,1200,1200
Punjab,Tarntaran,"Patti APMC",Colacasia,Other,Local,21/08/2026,0.4,0.4,0.4
Punjab,Tarntaran,"Patti APMC",Carrot,Other,Local,21/08/2026,1500,1500,1500
"Uttar Pradesh",Mau(Maunathbhanjan),"Kopaganj APMC",Banana,Medium,"Grade B",21/08/2026,3800,3900,3850
"Uttar Pradesh",Mau(Maunathbhanjan),"Kopaganj APMC",Guava,Guava,"Grade B",21/08/2026,4444,4500,4480
"Uttar Pradesh",Mau(Maunathbhanjan),"Kopaganj APMC",Mango,Dusheri,"Grade B",21/08/2026,3390,3400,3399
Haryana,Hissar,"Hansi APMC","Bhindi(Ladies Finger)",Other,FAQ,21/08/2026,2500,3000,2750
Haryana,Hissar,"Hansi APMC","Bitter gourd",Other,FAQ,21/08/2026,3000,3500,3250
Haryana,Hissar,"Hansi APMC",Capsicum,Other,FAQ,21/08/2026,5000,6000,5500
Haryana,Hissar,"Hansi APMC",Onion,Other,FAQ,21/08/2026,4000,4500,4250
Haryana,Hissar,"Hansi APMC",Guar,Other,FAQ,21/08/2026,5000,6000,5500
Punjab,Amritsar,"Rayya APMC",Tomato,Other,FAQ,21/08/2026,705,705,705
Nagaland,Dimapur,"Dimapur APMC","Bhindi(Ladies Finger)",Bhindi,Local,21/08/2026,4000,5000,4500
Nagaland,Dimapur,"Dimapur APMC","Bitter gourd","Bitter Gourd",Local,21/08/2026,4500,5500,5000
Telangana,Khammam,"Pavilion Ground,Khammam,RBZ",Tomato,Deshi,FAQ,21/08/2026,2400,2400,2400
Keralam,Kozhikode(Calicut),"Mukkom Market",Apple,Other,Large,21/08/2026,24000,25000,24500
Keralam,Kozhikode(Calicut),"Mukkom Market",Banana,Other,Large,21/08/2026,7500,8000,7800
Keralam,Kozhikode(Calicut),"Mukkom Market",Amaranthus,Amaranthus,FAQ,21/08/2026,3400,3800,3600
"Tamil Nadu",Thirupur,"Tiruppur (South) (Uzhavar Sandhai )",Papaya,Papaya,Local,21/08/2026,2000,2500,2250
"Tamil Nadu",Thirupur,"Tiruppur (South) (Uzhavar Sandhai )","Bhindi(Ladies Finger)",Bhindi,Local,21/08/2026,4000,5000,4500
"Tamil Nadu",Thirupur,"Tiruppur (South) (Uzhavar Sandhai )",Beans,"Beans (Whole)",Local,21/08/2026,7000,9000,8000
"Tamil Nadu",Thirupur,"Tiruppur (South) (Uzhavar Sandhai )",Coconut,Coconut,Local,21/08/2026,5500,6000,5750
"Tamil Nadu",Thirupur,"Tiruppur (South) (Uzhavar Sandhai )",Thondekai,Thondekai,Local,21/08/2026,3500,4000,3750
"Tamil Nadu",Thirupur,"Tiruppur (South) (Uzhavar Sandhai )","Onion Green","Onion Green",Local,21/08/2026,4500,6000,5250
"Andhra Pradesh",Nandyal,"Allagadda APMC",Maize,Local,FAQ,21/08/2026,2020,2200,2150
Keralam,Ernakulam,"Puthenvelikkara  VFPCK Market","Banana - Green","Banana - Green","Grade A",21/08/2026,6000,6200,6100
Karnataka,Bagalkot,"Hungund APMC","Bengal Gram(Gram)(Whole)",Jawari/Local,FAQ,21/08/2026,6000,6000,6000
Punjab,Gurdaspur,"Quadian APMC",Onion,Other,"Grade A",21/08/2026,3200,3400,3300
Punjab,Gurdaspur,"Quadian APMC","Green Chilli",Other,"Grade A",21/08/2026,2800,3000,2900
Rajasthan,Ganganagar,"Suratgarh APMC",Mustard,Mustard,FAQ,21/08/2026,7520,7520,7520
Rajasthan,Dungarpur,"Dungarpur APMC",Coriander(Leaves),Coriander,Medium,21/08/2026,1900,2200,2000
Punjab,Ludhiana,"Khanna APMC","Bhindi(Ladies Finger)",Bhindi,"Grade A",21/08/2026,1500,1500,1500
Punjab,Ludhiana,"Khanna APMC",Lemon,Other,"Grade A",21/08/2026,5000,5000,5000
Punjab,Ludhiana,"Khanna APMC","Peas Wet","Peas Wet","Grade A",21/08/2026,5000,5000,5000
Punjab,Ludhiana,"Khanna APMC","Bottle gourd",Other,"Grade A",21/08/2026,1200,1200,1200
Punjab,Ludhiana,"Khanna APMC",Cucumbar(Kheera),Cucumbar,"Grade A",21/08/2026,1500,1500,1500
"Jammu and Kashmir",Baramulla,"Sopore (Nowpora) (F&V)",Apple,Delicious,"Grade A",21/08/2026,2900,2900,2900
"Jammu and Kashmir",Baramulla,"Sopore (Nowpora) (F&V)",Apple,Other,"Grade A",21/08/2026,7200,7200,7200
Keralam,Kollam,"Sasthamkotta Market",Amaranthus,Other,Local,21/08/2026,5000,5000,5000
Keralam,Kollam,"Sasthamkotta Market",Snakeguard,Other,Local,21/08/2026,2200,2200,2200
Keralam,Kollam,"Sasthamkotta Market",Mashrooms,Mashrooms,Local,21/08/2026,9000,9000,9000
Keralam,Kozhikode(Calicut),"Kallachi Market",Ashgourd,Ashgourd,FAQ,21/08/2026,2600,3000,2800
Keralam,Kozhikode(Calicut),"Kallachi Market",Ginger(Green),"Green Ginger",FAQ,21/08/2026,15800,16200,16000
Keralam,Kozhikode(Calicut),"Kallachi Market",Onion,Big,FAQ,21/08/2026,4800,5200,5000
Keralam,Alappuzha,"Harippad Market",Cabbage,Cabbage,FAQ,21/08/2026,4500,5000,4500
Keralam,Alappuzha,"Harippad Market","Bitter gourd",Other,FAQ,21/08/2026,6500,7000,6500
Punjab,Patiala,"Patiala APMC","Bhindi(Ladies Finger)",Other,"Grade A",21/08/2026,2000,3000,2500
Punjab,Patiala,"Patiala APMC",Pomegranate,Other,"Grade B",21/08/2026,8000,10000,9000
Punjab,Patiala,"Patiala APMC",Pear(Marasebu),Other,"Grade B",21/08/2026,3100,3500,3300
Punjab,Patiala,"Patiala APMC",Brinjal,Brinjal,"Grade B",21/08/2026,900,2500,1700
Keralam,Ernakulam,"Perumbavoor Market",Ashgourd,Ashgourd,Medium,21/08/2026,1500,2600,1800
Keralam,Ernakulam,"Perumbavoor Market","Bhindi(Ladies Finger)",Bhindi,Medium,21/08/2026,4500,5500,5000
Keralam,Ernakulam,"Perumbavoor Market",Cabbage,Cabbage,Medium,21/08/2026,3500,4500,4000
Keralam,Palakad,"Pattambi Market",Amaranthus,Amaranthus,FAQ,21/08/2026,1000,1500,1200
Keralam,Palakad,"Pattambi Market","Bhindi(Ladies Finger)",Bhindi,FAQ,21/08/2026,5000,6000,5500
Punjab,Tarntaran,"Tarantaran APMC",Cucumbar(Kheera),Cucumbar,Local,21/08/2026,1800,1800,1800
Keralam,Malappuram,"Kondotty Market",Brinjal,Other,FAQ,21/08/2026,4000,4800,4500
Keralam,Malappuram,"Kondotty Market",Capsicum,Other,FAQ,21/08/2026,5800,6200,6000
Keralam,Malappuram,"Kondotty Market",Colacasia,Colacasia,FAQ,21/08/2026,4300,4600,4500
Keralam,Malappuram,"Kondotty Market","Bhindi(Ladies Finger)",Other,FAQ,21/08/2026,4800,5200,5000
Keralam,Malappuram,"Kondotty Market",Potato,Other,FAQ,21/08/2026,2300,2600,2500
Keralam,Malappuram,"Kondotty Market",Cabbage,Other,FAQ,21/08/2026,2000,2500,2200
"Tamil Nadu",Thanjavur,"Tirukattupalli(Uzhavar Sandhai )",Ashgourd,Gouard,Local,21/08/2026,3600,4000,3800
"Tamil Nadu",Thanjavur,"Tirukattupalli(Uzhavar Sandhai )","Bhindi(Ladies Finger)",Bhindi,Local,21/08/2026,4600,4600,4600
"Tamil Nadu",Thanjavur,"Tirukattupalli(Uzhavar Sandhai )",Carrot,Pusakesar,Local,21/08/2026,8000,8000,8000
"Tamil Nadu",Thiruchirappalli,"Thuraiyur APMC",Coriander(Leaves),"I Sort",Local,21/08/2026,3000,3000,3000
"Tamil Nadu",Thiruchirappalli,"Thuraiyur APMC",Ashgourd,Gouard,Local,21/08/2026,1600,2000,1800
"Tamil Nadu",Villupuram,"Tindivanam APMC",Groundnut,"Big (With Shell)",Local,21/08/2026,7000,7000,7000
"Tamil Nadu",Villupuram,"Tindivanam APMC",Guava,"Guava Allahabad",Local,21/08/2026,6000,6000,6000
"Tamil Nadu",Villupuram,"Tindivanam APMC",Yam(Ratalu),"Yam (Ratalu)",Local,21/08/2026,6000,6000,6000
"Tamil Nadu",Villupuram,"Tindivanam APMC",Lemon,Lemon,Local,21/08/2026,10000,10000,10000
"Tamil Nadu",Villupuram,"Ulundurpettai APMC",Coriander(Leaves),"I Sort",Local,21/08/2026,6000,6000,6000
"Tamil Nadu",Villupuram,"Ulundurpettai APMC",Amaranthus,Amaranthus,Local,21/08/2026,2500,2500,2500
"Tamil Nadu",Villupuram,"Ulundurpettai APMC","Banana - Green","Banana - Green",Local,21/08/2026,3000,3000,3000
"Tamil Nadu",Villupuram,"Ulundurpettai APMC",Ginger(Green),"Green Ginger",Local,21/08/2026,11000,11000,11000
"Tamil Nadu",Villupuram,"Ulundurpettai APMC",Raddish,Raddish,Local,21/08/2026,4000,4000,4000
"Tamil Nadu",Villupuram,"Ulundurpettai APMC","Green Avare(W)","Green Avare (W)",Local,21/08/2026,8000,8000,8000
"Tamil Nadu",Villupuram,"Ulundurpettai APMC",Drumstick,Drumstick,Local,21/08/2026,4000,4000,4000
"Uttar Pradesh",Badaun,"Babrala APMC",Maize,Local,Local,21/08/2026,2080,2100,2090
"Madhya Pradesh",Ujjain,"Badnagar APMC",Onion,Onion,FAQ,21/08/2026,1200,3000,3000
Gujarat,Anand,"Khambhat(Veg Yard Khambhat) APMC",Potato,Desi,Local,21/08/2026,1000,1800,1500
Gujarat,Anand,"Khambhat(Veg Yard Khambhat) APMC",Tinda,Other,Local,21/08/2026,4000,7500,6000
Gujarat,Anand,"Khambhat(Veg Yard Khambhat) APMC",Guar,Other,Local,21/08/2026,7000,10000,9000
Gujarat,Gandhinagar,"Mansa(Manas Veg Yard) APMC",Spinach,Other,Local,21/08/2026,2500,2500,2500
Gujarat,Gandhinagar,"Mansa(Manas Veg Yard) APMC","Green Chilli",Other,Local,21/08/2026,2000,2000,2000
Gujarat,Gandhinagar,"Mansa(Manas Veg Yard) APMC",Lemon,Other,Local,21/08/2026,4000,4000,4000
Gujarat,Rajkot,"Dhoraji APMC","Castor Seed","Castor seed",Local,21/08/2026,5880,6880,6755
Gujarat,Rajkot,"Dhoraji APMC","Red gram/Arhar/Tur(whole)",Medium,Non-FAQ,21/08/2026,6330,7305,6330
Gujarat,Amreli,"Babra APMC","Cummin Seed(Jeera)",Other,FAQ,21/08/2026,16100,19125,17610
Gujarat,Amreli,"Damnagar APMC",Cabbage,Cabbage,Local,21/08/2026,2000,2000,2000
Gujarat,Amreli,"Damnagar APMC",Tomato,Local,Local,21/08/2026,2500,2500,2500
Gujarat,Amreli,"Damnagar APMC",Lemon,Lemon,Local,21/08/2026,2000,2000,2000
"Tamil Nadu",Madurai,"Chokkikulam(Uzhavar Sandhai )",Groundnut,"Big (With Shell)",Local,21/08/2026,7000,8000,7500
"Tamil Nadu",Madurai,"Chokkikulam(Uzhavar Sandhai )",Orange,Darjeeling,Local,21/08/2026,14000,16000,15000
"Tamil Nadu",Madurai,"Chokkikulam(Uzhavar Sandhai )",Banana,Besrai,Local,21/08/2026,5000,6000,5500
"Tamil Nadu",Madurai,"Chokkikulam(Uzhavar Sandhai )",Mango,Safeda,Local,21/08/2026,5000,7500,6250
"Tamil Nadu",Madurai,"Chokkikulam(Uzhavar Sandhai )",Grapes,Annabesahai,Local,21/08/2026,11000,12000,11500
"Tamil Nadu",Madurai,"Chokkikulam(Uzhavar Sandhai )",Cauliflower,Ranchi,Local,21/08/2026,3000,4000,3500
"Tamil Nadu",Madurai,"Chokkikulam(Uzhavar Sandhai )","Green Peas","Green Peas",Local,21/08/2026,18000,20000,19000
"Tamil Nadu",Madurai,"Chokkikulam(Uzhavar Sandhai )","Mousambi(Sweet Lime)",Mousambi,Local,21/08/2026,7000,7500,7250
"Tamil Nadu",Madurai,"Chokkikulam(Uzhavar Sandhai )","Cluster beans","Cluster Beans",Local,21/08/2026,3000,3600,3300
"Tamil Nadu",Madurai,"Chokkikulam(Uzhavar Sandhai )","Sweet Potato","Hosur Red",Local,21/08/2026,4500,5000,4750
"Tamil Nadu",Madurai,"Chokkikulam(Uzhavar Sandhai )",Snakeguard,Snakeguard,Local,21/08/2026,3600,4000,3800
"Tamil Nadu",Madurai,"Chokkikulam(Uzhavar Sandhai )",Capsicum,Capsicum,Local,21/08/2026,7000,8000,7500
"Tamil Nadu",Madurai,"Chokkikulam(Uzhavar Sandhai )",Lime,Lime,Local,21/08/2026,3600,4000,3800
"Tamil Nadu",Madurai,"Chokkikulam(Uzhavar Sandhai )",Guava,"Guava Allahabad",Local,21/08/2026,5000,6000,5500
"Tamil Nadu",Madurai,"Chokkikulam(Uzhavar Sandhai )",Lemon,Lemon,Local,21/08/2026,15000,17000,16000
"Tamil Nadu",Madurai,"Chokkikulam(Uzhavar Sandhai )",Colacasia,Colacasia,Local,21/08/2026,5000,6000,5500
"Tamil Nadu",Madurai,"Chokkikulam(Uzhavar Sandhai )","Amla(Nelli Kai)",Amla,Local,21/08/2026,7000,7500,7250
"Tamil Nadu",Madurai,"Chokkikulam(Uzhavar Sandhai )",Mint(Pudina),Mint(Pudina),Local,21/08/2026,4000,4500,4250
Gujarat,Amreli,"The Agricultural Produce Market Committee-Amreli","Sesamum(Sesame,Gingelly,Til)",Black,FAQ,21/08/2026,11325,17975,16250
Gujarat,Amreli,"The Agricultural Produce Market Committee-Amreli",Cotton,Other,FAQ,21/08/2026,5350,10325,9700
Gujarat,Amreli,"The Agricultural Produce Market Committee-Amreli","Methi Seeds",Methiseeds,FAQ,21/08/2026,5950,7250,7050
Telangana,Warangal,"Warangal APMC",Brinjal,Brinjal,FAQ,21/08/2026,2000,2500,2250
Telangana,Warangal,"Warangal APMC","Cluster beans","Cluster Beans",FAQ,21/08/2026,1600,2000,1800
Telangana,Warangal,"Warangal APMC",Cauliflower,Cauliflower,FAQ,21/08/2026,2500,3000,2750
Telangana,Warangal,"Warangal APMC",Potato,Potato,FAQ,21/08/2026,1500,2000,1750
Telangana,Warangal,"Warangal APMC",Ridgeguard(Tori),Ridgeguard(Tori),FAQ,21/08/2026,2000,2500,2250
Telangana,Warangal,"Warangal APMC",Yam(Ratalu),"Yam (Ratalu)",FAQ,21/08/2026,3500,4000,3750
Punjab,Fazilka,"Abohar APMC",Mustard,Mustard,FAQ,21/08/2026,7675,7675,7675
"Tamil Nadu",Erode,"Thalavadi(Uzhavar Sandhai )","Bottle gourd","Bottle Gourd",Local,21/08/2026,1800,2200,2000
"Tamil Nadu",Erode,"Thalavadi(Uzhavar Sandhai )",Ashgourd,Gouard,Local,21/08/2026,1800,2200,2000
"Tamil Nadu",Erode,"Thalavadi(Uzhavar Sandhai )",Pumpkin,Pumpkin,Local,21/08/2026,1200,1600,1400
"Tamil Nadu",Erode,"Thalavadi(Uzhavar Sandhai )",Ridgeguard(Tori),Ridgeguard(Tori),Local,21/08/2026,3500,4000,3750
"Tamil Nadu",Erode,"Thalavadi(Uzhavar Sandhai )",Guava,"Guava Allahabad",Local,21/08/2026,5000,5500,5250
"Tamil Nadu",Erode,"Thalavadi(Uzhavar Sandhai )",Lemon,Lemon,Local,21/08/2026,6500,7000,6750
"Tamil Nadu",Erode,"Thalavadi(Uzhavar Sandhai )","Onion Green","Onion Green",Local,21/08/2026,5500,6000,5750
"Tamil Nadu",Erode,"Thalavadi(Uzhavar Sandhai )",Mint(Pudina),Mint(Pudina),Local,21/08/2026,4400,4800,4600
"Tamil Nadu",Erode,"Perundurai(Uzhavar Sandhai )",Onion,Bellary,Local,21/08/2026,5000,5200,5100
"Tamil Nadu",Erode,"Perundurai(Uzhavar Sandhai )",Potato,Other,Local,21/08/2026,3000,3400,3200
"Tamil Nadu",Erode,"Perundurai(Uzhavar Sandhai )",Tomato,Other,Local,21/08/2026,1800,2000,1900
"Tamil Nadu",Erode,"Perundurai(Uzhavar Sandhai )","Bitter gourd",Other,Local,21/08/2026,4500,5000,4750
"Tamil Nadu",Erode,"Perundurai(Uzhavar Sandhai )","Bottle gourd","Bottle Gourd",Local,21/08/2026,1500,1800,1650
"Tamil Nadu",Erode,"Perundurai(Uzhavar Sandhai )","Bhindi(Ladies Finger)",Bhindi,Local,21/08/2026,3000,3400,3200
"Tamil Nadu",Erode,"Perundurai(Uzhavar Sandhai )",Coconut,Coconut,Local,21/08/2026,5000,5400,5200
"Tamil Nadu",Erode,"Perundurai(Uzhavar Sandhai )","Onion Green","Onion Green",Local,21/08/2026,6000,6800,6400
"Tamil Nadu",Cuddalore,"Viruthachalam(Uzhavar Sandhai )","Bitter gourd","Bitter Gourd",Local,21/08/2026,6000,6000,6000
"Tamil Nadu",Cuddalore,"Viruthachalam(Uzhavar Sandhai )",Ashgourd,Gouard,Local,21/08/2026,2500,2500,2500
"Tamil Nadu",Cuddalore,"Viruthachalam(Uzhavar Sandhai )",Ginger(Green),"Green Ginger",Local,21/08/2026,10000,10000,10000
"Tamil Nadu",Cuddalore,"Viruthachalam(Uzhavar Sandhai )",Coconut,Coconut,Local,21/08/2026,6000,6000,6000
"Tamil Nadu",Cuddalore,"Viruthachalam(Uzhavar Sandhai )",Beetroot,Beetroot,Local,21/08/2026,6000,6000,6000
"Tamil Nadu",Cuddalore,"Viruthachalam(Uzhavar Sandhai )",Raddish,Raddish,Local,21/08/2026,3000,3000,3000
"Tamil Nadu",Cuddalore,"Viruthachalam(Uzhavar Sandhai )",Lemon,Lemon,Local,21/08/2026,6000,6000,6000
"Tamil Nadu",Dharmapuri,"Dharmapuri(Uzhavar Sandhai )","Green Peas","Green Peas",Local,21/08/2026,13000,14000,13500
"Tamil Nadu",Dharmapuri,"Dharmapuri(Uzhavar Sandhai )","Bitter gourd","Bitter Gourd",Local,21/08/2026,4300,4600,4450
"Tamil Nadu",Dharmapuri,"Dharmapuri(Uzhavar Sandhai )",Beans,"Beans (Whole)",Local,21/08/2026,9200,9700,9450
"Tamil Nadu",Dharmapuri,"Dharmapuri(Uzhavar Sandhai )",Ginger(Green),"Green Ginger",Local,21/08/2026,22000,23000,22500
"Tamil Nadu",Dharmapuri,"Dharmapuri(Uzhavar Sandhai )","Elephant Yam(Suran)/Amorphophallus","Elephant Yam (Suran)",Local,21/08/2026,6200,6500,6350
"Tamil Nadu",Dharmapuri,"Dharmapuri(Uzhavar Sandhai )","Indian Beans(Seam)","Indian Beans (Seam)",Local,21/08/2026,5500,6000,5750
"Tamil Nadu",Dharmapuri,"Dharmapuri(Uzhavar Sandhai )","Onion Green","Onion Green",Local,21/08/2026,4600,5000,4800
"Tamil Nadu",Dharmapuri,"Palacode(Uzhavar Sandhai )",Brinjal,Round,Local,21/08/2026,3200,3500,3350
"Tamil Nadu",Dharmapuri,"Palacode(Uzhavar Sandhai )","Bitter gourd","Bitter Gourd",Local,21/08/2026,4200,4600,4400
"Tamil Nadu",Dharmapuri,"Palacode(Uzhavar Sandhai )","Bhindi(Ladies Finger)",Bhindi,Local,21/08/2026,2700,3000,2850
"Tamil Nadu",Dharmapuri,"Palacode(Uzhavar Sandhai )","Green Chilli","Green Chilly",Local,21/08/2026,4500,5000,4750
"Tamil Nadu",Dharmapuri,"Palacode(Uzhavar Sandhai )",Beetroot,Beetroot,Local,21/08/2026,5500,6000,5750
"Tamil Nadu",Dharmapuri,"Palacode(Uzhavar Sandhai )",Ridgeguard(Tori),Ridgeguard(Tori),Local,21/08/2026,3500,3800,3650
"Tamil Nadu",Dharmapuri,"Palacode(Uzhavar Sandhai )","Green Avare(W)","Green Avare (W)",Local,21/08/2026,5000,5500,5250
"Tamil Nadu",Dharmapuri,"Palacode(Uzhavar Sandhai )","Tamarind Fruit","Tamarind Fruit",Local,21/08/2026,10500,11000,10750
"Tamil Nadu",Dharmapuri,"Pennagaram(Uzhavar Sandhai )",Onion,Bellary,Local,21/08/2026,5200,5500,5350
"Tamil Nadu",Dharmapuri,"Pennagaram(Uzhavar Sandhai )",Cauliflower,Ranchi,Local,21/08/2026,2800,3000,2900
"Tamil Nadu",Dharmapuri,"Pennagaram(Uzhavar Sandhai )",Tomato,Local,Local,21/08/2026,1800,2000,1900
"Tamil Nadu",Dharmapuri,"Pennagaram(Uzhavar Sandhai )",Beans,"Beans (Whole)",Local,21/08/2026,7500,8000,7750
"Tamil Nadu",Dharmapuri,"Pennagaram(Uzhavar Sandhai )",Cabbage,Cabbage,Local,21/08/2026,3600,4000,3800
"Tamil Nadu",Dharmapuri,"Pennagaram(Uzhavar Sandhai )",Raddish,Raddish,Local,21/08/2026,2600,2800,2700
"Tamil Nadu",Dharmapuri,"Pennagaram(Uzhavar Sandhai )",Guava,"Guava Allahabad",Local,21/08/2026,5500,6000,5750
"Tamil Nadu",Dindigul,"Chinnalapatti(Uzhavar Sandhai )","Bitter gourd",Other,Local,21/08/2026,6000,7000,6500
"Tamil Nadu",Dindigul,"Chinnalapatti(Uzhavar Sandhai )","Bhindi(Ladies Finger)",Bhindi,Local,21/08/2026,3600,4000,3800
"Tamil Nadu",Dindigul,"Chinnalapatti(Uzhavar Sandhai )",Amaranthus,Amaranthus,Local,21/08/2026,2500,3000,2750
"Tamil Nadu",Dindigul,"Chinnalapatti(Uzhavar Sandhai )",Raddish,Raddish,Local,21/08/2026,3600,4000,3800
"Tamil Nadu",Dindigul,"Chinnalapatti(Uzhavar Sandhai )",Thondekai,Thondekai,Local,21/08/2026,3600,4000,3800
"Tamil Nadu",Dindigul,"Chinnalapatti(Uzhavar Sandhai )","Green Avare(W)",Other,Local,21/08/2026,7000,8000,7500
"Tamil Nadu",Dindigul,"Chinnalapatti(Uzhavar Sandhai )",Drumstick,Drumstick,Local,21/08/2026,3000,4000,3500
"Tamil Nadu",Dindigul,"Chinnalapatti(Uzhavar Sandhai )",Mint(Pudina),Mint(Pudina),Local,21/08/2026,3000,3500,3250
"Tamil Nadu",Dindigul,"Dindigul(Uzhavar Sandhai )",Brinjal,Other,Local,21/08/2026,9000,10000,9500
"Tamil Nadu",Dindigul,"Dindigul(Uzhavar Sandhai )",Snakeguard,Snakeguard,Local,21/08/2026,6000,7000,6500
"Tamil Nadu",Erode,"Periyar Nagar(Uzhavar Sandhai )",Papaya,Papaya,Local,21/08/2026,3000,3400,3200
"Tamil Nadu",Erode,"Periyar Nagar(Uzhavar Sandhai )","Green Chilli","Green Chilly",Local,21/08/2026,4000,4400,4200
"Tamil Nadu",Erode,"Periyar Nagar(Uzhavar Sandhai )",Coconut,Coconut,Local,21/08/2026,5200,5500,5350
"Tamil Nadu",Erode,"Periyar Nagar(Uzhavar Sandhai )",Mint(Pudina),Mint(Pudina),Local,21/08/2026,4500,5000,4750
"Tamil Nadu",Kallakuruchi,"Sankarapuram(Uzhavar Sandhai )",Potato,"Red Nanital",Local,21/08/2026,3500,3500,3500
"Tamil Nadu",Kallakuruchi,"Sankarapuram(Uzhavar Sandhai )",Brinjal,Round,Local,21/08/2026,5000,5000,5000
"Tamil Nadu",Kallakuruchi,"Sankarapuram(Uzhavar Sandhai )",Tomato,Deshi,Local,21/08/2026,2000,2000,2000
"Tamil Nadu",Kallakuruchi,"Sankarapuram(Uzhavar Sandhai )","Bottle gourd","Bottle Gourd",Local,21/08/2026,1500,1500,1500
"Tamil Nadu",Kallakuruchi,"Sankarapuram(Uzhavar Sandhai )",Ashgourd,Gouard,Local,21/08/2026,3000,3000,3000
"Tamil Nadu",Kallakuruchi,"Sankarapuram(Uzhavar Sandhai )","Banana - Green","Banana - Green",Local,21/08/2026,3000,3000,3000
"Tamil Nadu",Kallakuruchi,"Sankarapuram(Uzhavar Sandhai )",Drumstick,Drumstick,Local,21/08/2026,3000,3000,3000
"Tamil Nadu",Kallakuruchi,"Sankarapuram(Uzhavar Sandhai )","Jack Fruit(Ripe)","Jack Fruit",Local,21/08/2026,2000,2000,2000
"Tamil Nadu",Kallakuruchi,"Sankarapuram(Uzhavar Sandhai )","Onion Green","Onion Green",Local,21/08/2026,8000,8000,8000
"Tamil Nadu",Kallakuruchi,"Sankarapuram(Uzhavar Sandhai )",Mint(Pudina),Mint(Pudina),Local,21/08/2026,3000,3000,3000
"Tamil Nadu",Kancheepuram,"Kancheepuram(Uzhavar Sandhai )",Cauliflower,Ranchi,Local,21/08/2026,3000,4000,3500
"Tamil Nadu",Kancheepuram,"Kancheepuram(Uzhavar Sandhai )","Green Avare(W)",Other,Local,21/08/2026,4000,6000,5000
"Tamil Nadu",Kancheepuram,"Kancheepuram(Uzhavar Sandhai )",Drumstick,Drumstick,Local,21/08/2026,3000,4000,3500
"Tamil Nadu",Kancheepuram,"Kundrathur(Uzhavar Sandhai )",Potato,Other,Local,21/08/2026,2800,2800,2800
"Tamil Nadu",Kancheepuram,"Kundrathur(Uzhavar Sandhai )",Tomato,Other,Local,21/08/2026,2500,2500,2500
"Tamil Nadu",Kancheepuram,"Kundrathur(Uzhavar Sandhai )","Bitter gourd","Bitter Gourd",Local,21/08/2026,4000,4000,4000
"Tamil Nadu",Kancheepuram,"Kundrathur(Uzhavar Sandhai )","Bottle gourd","Bottle Gourd",Local,21/08/2026,3000,3000,3000
"Tamil Nadu",Kancheepuram,"Kundrathur(Uzhavar Sandhai )",Amaranthus,Amaranthus,Local,21/08/2026,3000,3000,3000
"Tamil Nadu",Kancheepuram,"Kundrathur(Uzhavar Sandhai )","Green Chilli","Green Chilly",Local,21/08/2026,5500,6000,5750
"Tamil Nadu",Kancheepuram,"Kundrathur(Uzhavar Sandhai )","Banana - Green","Banana - Green",Local,21/08/2026,3000,3000,3000
"Tamil Nadu",Kancheepuram,"Kundrathur(Uzhavar Sandhai )",Beans,"Beans (Whole)",Local,21/08/2026,7000,8000,7500
"Tamil Nadu",Kancheepuram,"Padappai(Uzhavar Sandhai )","Sweet Corn ","Sweet Corn ",Local,21/08/2026,3000,4000,3500
"Tamil Nadu",Kancheepuram,"Sunguvarchatram(Uzhavar Sandhai )",Onion,Bellary,Local,21/08/2026,3000,3500,3250
"Tamil Nadu",Kancheepuram,"Sunguvarchatram(Uzhavar Sandhai )",Thondekai,Thondekai,Local,21/08/2026,3500,3500,3500
"Tamil Nadu",Kancheepuram,"Sunguvarchatram(Uzhavar Sandhai )","Green Avare(W)","Green Avare (W)",Local,21/08/2026,4500,4500,4500
"Tamil Nadu",Krishnagiri,"Avallapalli(Uzhavar Sandhai )",Tomato,Deshi,Local,21/08/2026,1000,1500,1250
"Tamil Nadu",Krishnagiri,"Avallapalli(Uzhavar Sandhai )","Bottle gourd","Bottle Gourd",Local,21/08/2026,1500,2000,1750
"Tamil Nadu",Krishnagiri,"Avallapalli(Uzhavar Sandhai )","Banana - Green","Banana - Green",Local,21/08/2026,3500,4000,3750
"Tamil Nadu",Krishnagiri,"Avallapalli(Uzhavar Sandhai )",Coconut,Coconut,Local,21/08/2026,5500,6000,5750
"Tamil Nadu",Krishnagiri,"Avallapalli(Uzhavar Sandhai )",Carrot,Pusakesar,Local,21/08/2026,5500,6000,5750
"Tamil Nadu",Krishnagiri,"Avallapalli(Uzhavar Sandhai )",Beetroot,Beetroot,Local,21/08/2026,3500,4000,3750
"Tamil Nadu",Krishnagiri,"Avallapalli(Uzhavar Sandhai )",Raddish,Raddish,Local,21/08/2026,1500,2000,1750
"Tamil Nadu",Krishnagiri,"Avallapalli(Uzhavar Sandhai )","Green Avare(W)","Green Avare (W)",Local,21/08/2026,5500,6000,5750
"Tamil Nadu",Krishnagiri,"Avallapalli(Uzhavar Sandhai )",Yam(Ratalu),"Yam (Ratalu)",Local,21/08/2026,4500,5000,4750
"Tamil Nadu",Krishnagiri,"Avallapalli(Uzhavar Sandhai )",Mint(Pudina),Mint(Pudina),Local,21/08/2026,3500,4000,3750
"Tamil Nadu",Dharmapuri,"Karimangalam(Uzhavar Sandhai)",Onion,Bellary,Local,21/08/2026,5000,5500,5250
"Tamil Nadu",Dharmapuri,"Karimangalam(Uzhavar Sandhai)",Papaya,Papaya,Local,21/08/2026,3300,3500,3400
"Tamil Nadu",Dharmapuri,"Karimangalam(Uzhavar Sandhai)",Pumpkin,Pumpkin,Local,21/08/2026,1800,2000,1900
"Tamil Nadu",Dharmapuri,"Karimangalam(Uzhavar Sandhai)",Tapioca,Tapioca,Local,21/08/2026,2800,3000,2900
"Tamil Nadu",Dharmapuri,"Karimangalam(Uzhavar Sandhai)",Cabbage,Cabbage,Local,21/08/2026,3300,3500,3400
"Tamil Nadu",Dharmapuri,"Karimangalam(Uzhavar Sandhai)",Cucumbar(Kheera),Cucumbar,Local,21/08/2026,4000,4500,4250
"Tamil Nadu",Dharmapuri,"Karimangalam(Uzhavar Sandhai)",Raddish,Raddish,Local,21/08/2026,1800,2000,1900
"Tamil Nadu",Dharmapuri,"Karimangalam(Uzhavar Sandhai)",Mint(Pudina),Mint(Pudina),Local,21/08/2026,5500,6000,5750
"Tamil Nadu",Krishnagiri,"Denkanikottai(Uzhavar Sandhai )",Onion,Bellary,Local,21/08/2026,5000,6000,5500
"Tamil Nadu",Krishnagiri,"Denkanikottai(Uzhavar Sandhai )","Cluster beans","Cluster Beans",Local,21/08/2026,3000,3500,3250
"Tamil Nadu",Krishnagiri,"Denkanikottai(Uzhavar Sandhai )","Bhindi(Ladies Finger)",Bhindi,Local,21/08/2026,3000,3500,3250
"Tamil Nadu",Krishnagiri,"Denkanikottai(Uzhavar Sandhai )","Banana - Green","Banana - Green",Local,21/08/2026,4000,4500,4250
"Tamil Nadu",Krishnagiri,"Denkanikottai(Uzhavar Sandhai )",Coconut,Coconut,Local,21/08/2026,5000,6000,5500
"Tamil Nadu",Krishnagiri,"Denkanikottai(Uzhavar Sandhai )","Sweet Potato","Hosur Red",Local,21/08/2026,3000,4000,3500
"Tamil Nadu",Krishnagiri,"Denkanikottai(Uzhavar Sandhai )",Carrot,Pusakesar,Local,21/08/2026,5000,6000,5500
"Tamil Nadu",Krishnagiri,"Denkanikottai(Uzhavar Sandhai )",Beetroot,Beetroot,Local,21/08/2026,3000,4000,3500
"Tamil Nadu",Krishnagiri,"Hosur(Uzhavar Sandhai )",Mango,Neelam,Local,21/08/2026,8000,9000,8500
"Tamil Nadu",Krishnagiri,"Hosur(Uzhavar Sandhai )",Grapes,Annabesahai,Local,21/08/2026,14000,16000,15000
"Tamil Nadu",Krishnagiri,"Hosur(Uzhavar Sandhai )",Pumpkin,Pumpkin,Local,21/08/2026,1500,2000,1750
"Tamil Nadu",Krishnagiri,"Hosur(Uzhavar Sandhai )",Beans,"Beans (Whole)",Local,21/08/2026,8000,9000,8500
"Tamil Nadu",Krishnagiri,"Hosur(Uzhavar Sandhai )",Ginger(Green),"Green Ginger",Local,21/08/2026,16000,18000,17000
"Tamil Nadu",Krishnagiri,"Hosur(Uzhavar Sandhai )",Cabbage,Cabbage,Local,21/08/2026,1000,1500,1250
"Tamil Nadu",Krishnagiri,"Hosur(Uzhavar Sandhai )",Thondekai,Thondekai,Local,21/08/2026,3500,4000,3750
"Tamil Nadu",Krishnagiri,"Hosur(Uzhavar Sandhai )","Green Avare(W)","Green Avare (W)",Local,21/08/2026,5500,6000,5750
"Tamil Nadu",Krishnagiri,"Hosur(Uzhavar Sandhai )",Drumstick,Drumstick,Local,21/08/2026,3500,4000,3750
"Tamil Nadu",Krishnagiri,"Hosur(Uzhavar Sandhai )",Yam(Ratalu),"Yam (Ratalu)",Local,21/08/2026,4500,5000,4750
"Tamil Nadu",Krishnagiri,"Hosur(Uzhavar Sandhai )",Mint(Pudina),Mint(Pudina),Local,21/08/2026,3500,4000,3750
"Tamil Nadu",Krishnagiri,"Krishnagiri(Uzhavar Sandhai )",Onion,Bellary,Local,21/08/2026,5000,5500,5250
"Tamil Nadu",Krishnagiri,"Krishnagiri(Uzhavar Sandhai )",Cauliflower,Ranchi,Local,21/08/2026,2500,3000,2750
"Tamil Nadu",Krishnagiri,"Krishnagiri(Uzhavar Sandhai )",Papaya,Papaya,Local,21/08/2026,2800,3000,2900
"Tamil Nadu",Krishnagiri,"Krishnagiri(Uzhavar Sandhai )","Green Chilli","Green Chilly",Local,21/08/2026,3000,3600,3300
"Tamil Nadu",Krishnagiri,"Krishnagiri(Uzhavar Sandhai )",Beans,"Beans (Whole)",Local,21/08/2026,8000,9000,8500
"Tamil Nadu",Krishnagiri,"Krishnagiri(Uzhavar Sandhai )",Carrot,Pusakesar,Local,21/08/2026,8000,10000,9000
"Tamil Nadu",Krishnagiri,"Krishnagiri(Uzhavar Sandhai )",Raddish,Raddish,Local,21/08/2026,1400,1600,1500
"Tamil Nadu",Krishnagiri,"Krishnagiri(Uzhavar Sandhai )","Green Avare(W)","Green Avare (W)",Local,21/08/2026,3000,3500,3250
"Tamil Nadu",Krishnagiri,"Krishnagiri(Uzhavar Sandhai )",Drumstick,Drumstick,Local,21/08/2026,3000,4000,3500
"Tamil Nadu",Madurai,"Anaiyur(Uzhavar Sandhai )",Chikoos(Sapota),Sapota,Local,21/08/2026,5000,6000,5500
"Tamil Nadu",Madurai,"Anaiyur(Uzhavar Sandhai )",Papaya,Papaya,Local,21/08/2026,4000,4500,4250
"Tamil Nadu",Madurai,"Anaiyur(Uzhavar Sandhai )","Mousambi(Sweet Lime)",Mousambi,Local,21/08/2026,7000,8000,7500
"Tamil Nadu",Madurai,"Anaiyur(Uzhavar Sandhai )",Amaranthus,Amaranthus,Local,21/08/2026,3000,3600,3300
"Tamil Nadu",Madurai,"Anaiyur(Uzhavar Sandhai )",Tapioca,Tapioca,Local,21/08/2026,3600,4000,3800
"Tamil Nadu",Madurai,"Anaiyur(Uzhavar Sandhai )","Sweet Potato","Hosur Red",Local,21/08/2026,4000,5000,4500
"Tamil Nadu",Madurai,"Anaiyur(Uzhavar Sandhai )","Green Avare(W)","Green Avare (W)",Local,21/08/2026,4000,5000,4500
"Tamil Nadu",Madurai,"Anaiyur(Uzhavar Sandhai )",Mango(Raw-Ripe),"Mango - Raw-Ripe",Local,21/08/2026,4000,5000,4500
"Tamil Nadu",Madurai,"Anaiyur(Uzhavar Sandhai )","Knool Khol","Knool Khol",Local,21/08/2026,5000,6000,5500
"Tamil Nadu",Madurai,"Anaiyur(Uzhavar Sandhai )","Custard Apple(Sharifa)","Custard Apple(Sharifa)",Local,21/08/2026,5000,6000,5500
"Tamil Nadu",Madurai,"Usilampatti(Uzhavar Sandhai )","Cluster beans","Cluster Beans",Local,21/08/2026,3000,3600,3300
"Tamil Nadu",Madurai,"Usilampatti(Uzhavar Sandhai )","Bitter gourd",Other,Local,21/08/2026,5000,6500,5750
"Tamil Nadu",Madurai,"Usilampatti(Uzhavar Sandhai )",Snakeguard,Snakeguard,Local,21/08/2026,3500,4000,3750
"Tamil Nadu",Madurai,"Usilampatti(Uzhavar Sandhai )",Drumstick,Drumstick,Local,21/08/2026,4000,5000,4500
"Tamil Nadu",Madurai,"Usilampatti(Uzhavar Sandhai )","Indian Beans(Seam)","Indian Beans (Seam)",Local,21/08/2026,4500,5500,5000
"Tamil Nadu",Madurai,"Usilampatti(Uzhavar Sandhai )","Onion Green","Onion Green",Local,21/08/2026,7500,8000,7750
"Tamil Nadu",Nagapattinam,"Nagapattinam(Uzhavar Sandhai )",Groundnut,"Big (With Shell)",Local,21/08/2026,5000,6000,5500
"Tamil Nadu",Nagapattinam,"Nagapattinam(Uzhavar Sandhai )",Mango,Neelam,Local,21/08/2026,5000,5000,5000
"Tamil Nadu",Nagapattinam,"Nagapattinam(Uzhavar Sandhai )",Potato,"Red Nanital",Local,21/08/2026,3500,4000,3750
"Tamil Nadu",Nagapattinam,"Nagapattinam(Uzhavar Sandhai )",Garlic,Garlic,Local,21/08/2026,16900,20000,18450
"Tamil Nadu",Nagapattinam,"Nagapattinam(Uzhavar Sandhai )",Brinjal,Round,Local,21/08/2026,4000,5500,4750
"Tamil Nadu",Nagapattinam,"Nagapattinam(Uzhavar Sandhai )","Banana - Green","Banana - Green",Local,21/08/2026,2500,3000,2750
"Tamil Nadu",Nagapattinam,"Nagapattinam(Uzhavar Sandhai )",Ginger(Green),"Green Ginger",Local,21/08/2026,10900,14000,12450
"Tamil Nadu",Nagapattinam,"Nagapattinam(Uzhavar Sandhai )",Snakeguard,Snakeguard,Local,21/08/2026,2700,3300,3000
"Tamil Nadu",Nagapattinam,"Nagapattinam(Uzhavar Sandhai )",Cucumbar(Kheera),Cucumbar,Local,21/08/2026,6900,7500,7200
"Tamil Nadu",Nagapattinam,"Nagapattinam(Uzhavar Sandhai )",Lemon,Lemon,Local,21/08/2026,3900,4500,4200
"Tamil Nadu",Nagapattinam,"Nagapattinam(Uzhavar Sandhai )","Onion Green","Onion Green",Local,21/08/2026,5000,6000,5500
"Tamil Nadu",Nagapattinam,"Nagapattinam(Uzhavar Sandhai )",Mint(Pudina),Mint(Pudina),Local,21/08/2026,2900,2900,2900
"Tamil Nadu",Nagapattinam,"Sirkali(Uzhavar Sandhai )",Brinjal,Round,Local,21/08/2026,5000,5500,5250
"Tamil Nadu",Nagapattinam,"Sirkali(Uzhavar Sandhai )",Pumpkin,Pumpkin,Local,21/08/2026,2500,3000,2750
"Tamil Nadu",Nagapattinam,"Sirkali(Uzhavar Sandhai )","Bhindi(Ladies Finger)",Bhindi,Local,21/08/2026,4500,5000,4750
"Tamil Nadu",Nagapattinam,"Sirkali(Uzhavar Sandhai )",Tapioca,Tapioca,Local,21/08/2026,5500,6000,5750
"Tamil Nadu",Nagapattinam,"Sirkali(Uzhavar Sandhai )",Ginger(Green),"Green Ginger",Local,21/08/2026,18000,20000,19000
"Tamil Nadu",Nagapattinam,"Sirkali(Uzhavar Sandhai )",Beetroot,Beetroot,Local,21/08/2026,4500,5000,4750
"Tamil Nadu",Namakkal,"Kumarapalayam(Uzhavar Sandhai )",Potato,"Red Nanital",Local,21/08/2026,3500,4000,3750
"Tamil Nadu",Namakkal,"Kumarapalayam(Uzhavar Sandhai )",Brinjal,Round,Local,21/08/2026,5500,6000,5750
"Tamil Nadu",Namakkal,"Kumarapalayam(Uzhavar Sandhai )","Bitter gourd","Bitter Gourd",Local,21/08/2026,5000,5500,5250
"Tamil Nadu",Namakkal,"Kumarapalayam(Uzhavar Sandhai )",Pumpkin,Pumpkin,Local,21/08/2026,2500,3000,2750
"Tamil Nadu",Namakkal,"Kumarapalayam(Uzhavar Sandhai )",Amaranthus,Amaranthus,Local,21/08/2026,3500,4000,3750
"Tamil Nadu",Namakkal,"Kumarapalayam(Uzhavar Sandhai )","Green Chilli","Green Chilly",Local,21/08/2026,5500,6000,5750
"Tamil Nadu",Namakkal,"Kumarapalayam(Uzhavar Sandhai )",Tapioca,Tapioca,Local,21/08/2026,2500,3000,2750
"Tamil Nadu",Namakkal,"Kumarapalayam(Uzhavar Sandhai )",Cabbage,Cabbage,Local,21/08/2026,3500,4000,3750
"Tamil Nadu",Namakkal,"Kumarapalayam(Uzhavar Sandhai )",Beetroot,Beetroot,Local,21/08/2026,7000,8000,7500
"Tamil Nadu",Namakkal,"Kumarapalayam(Uzhavar Sandhai )",Lime,Lime,Local,21/08/2026,3000,3500,3250
"Tamil Nadu",Namakkal,"Kumarapalayam(Uzhavar Sandhai )","Baby Corn","Baby Corn","Grade A",21/08/2026,2500,3000,2750
"Tamil Nadu",Namakkal,"Mohanur(Uzhavar Sandhai )",Groundnut,"Big (With Shell)",Local,21/08/2026,7000,8000,7500
"Tamil Nadu",Namakkal,"Mohanur(Uzhavar Sandhai )",Potato,Other,Local,21/08/2026,3000,3500,3250
"Tamil Nadu",Namakkal,"Mohanur(Uzhavar Sandhai )",Cauliflower,Ranchi,Local,21/08/2026,3400,4000,3700
"Tamil Nadu",Namakkal,"Mohanur(Uzhavar Sandhai )",Papaya,Papaya,Local,21/08/2026,2400,3000,2700
"Tamil Nadu",Namakkal,"Mohanur(Uzhavar Sandhai )",Amaranthus,Amaranthus,Local,21/08/2026,5400,6000,5700
"Tamil Nadu",Namakkal,"Mohanur(Uzhavar Sandhai )","Green Avare(W)",Other,Local,21/08/2026,9400,10000,9700
"Tamil Nadu",Namakkal,"Mohanur(Uzhavar Sandhai )",Lemon,Lemon,Local,21/08/2026,7000,8000,7500
"Tamil Nadu",Namakkal,"Mohanur(Uzhavar Sandhai )","Onion Green","Onion Green",Local,21/08/2026,3000,7000,5000
"Tamil Nadu",Namakkal,"Namakkal(Uzhavar Sandhai )",Pineapple,"Pine Apple",Local,21/08/2026,2500,4000,3250
"Tamil Nadu",Namakkal,"Namakkal(Uzhavar Sandhai )",Garlic,Garlic,Local,21/08/2026,24000,28000,26000
"Tamil Nadu",Namakkal,"Namakkal(Uzhavar Sandhai )","Green Peas","Green Peas",Local,21/08/2026,15000,16000,15500
"Tamil Nadu",Namakkal,"Namakkal(Uzhavar Sandhai )",Cabbage,Cabbage,Local,21/08/2026,2500,2800,2650
"Tamil Nadu",Namakkal,"Namakkal(Uzhavar Sandhai )",Snakeguard,Snakeguard,Local,21/08/2026,4400,4800,4600
"Tamil Nadu",Namakkal,"Namakkal(Uzhavar Sandhai )",Cucumbar(Kheera),Cucumbar,Local,21/08/2026,7000,9000,8000
"Tamil Nadu",Namakkal,"Namakkal(Uzhavar Sandhai )","Green Avare(W)",Other,Local,21/08/2026,8000,9000,8500
"Tamil Nadu",Namakkal,"Namakkal(Uzhavar Sandhai )","Chow Chow","Chow Chow",Local,21/08/2026,3000,3500,3250
"Tamil Nadu",Namakkal,"Namakkal(Uzhavar Sandhai )",Mashrooms,Mashrooms,Local,21/08/2026,20000,25000,22500
"Tamil Nadu",Namakkal,"Namakkal(Uzhavar Sandhai )","Amla(Nelli Kai)",Amla,Local,21/08/2026,6500,7000,6750
"Tamil Nadu",Namakkal,"Paramathivelur(Uzhavar Sandhai )",Brinjal,Other,Local,21/08/2026,5400,6000,5700
"Tamil Nadu",Namakkal,"Paramathivelur(Uzhavar Sandhai )",Coriander(Leaves),"I Sort",Local,21/08/2026,7200,8000,7600
"Tamil Nadu",Namakkal,"Paramathivelur(Uzhavar Sandhai )",Pumpkin,Pumpkin,Local,21/08/2026,1700,2000,1850
"Tamil Nadu",Namakkal,"Paramathivelur(Uzhavar Sandhai )",Amaranthus,Amaranthus,Local,21/08/2026,4400,5000,4700
"Tamil Nadu",Namakkal,"Paramathivelur(Uzhavar Sandhai )","Banana - Green","Banana - Green",Local,21/08/2026,3500,4000,3750
"Tamil Nadu",Namakkal,"Paramathivelur(Uzhavar Sandhai )",Beans,"Beans (Whole)",Local,21/08/2026,8200,9000,8600
"Tamil Nadu",Namakkal,"Paramathivelur(Uzhavar Sandhai )",Beetroot,Beetroot,Local,21/08/2026,7700,8500,8100
"Tamil Nadu",Namakkal,"Paramathivelur(Uzhavar Sandhai )","Green Avare(W)",Other,Local,21/08/2026,9000,10000,9500
"Tamil Nadu",Namakkal,"Paramathivelur(Uzhavar Sandhai )","Elephant Yam(Suran)/Amorphophallus","Elephant Yam (Suran)",Local,21/08/2026,3900,4500,4200
"Tamil Nadu",Namakkal,"Paramathivelur(Uzhavar Sandhai )",Lemon,Lemon,Local,21/08/2026,7200,8000,7600
"Tamil Nadu",Namakkal,"Rasipuram(Uzhavar Sandhai )",Pineapple,"Pine Apple",Local,21/08/2026,4500,5500,5000
"Tamil Nadu",Namakkal,"Rasipuram(Uzhavar Sandhai )","Chili Red",Bold,Local,21/08/2026,17000,18000,17500
"Tamil Nadu",Namakkal,"Rasipuram(Uzhavar Sandhai )",Ashgourd,Gouard,Local,21/08/2026,2400,2800,2600
"Tamil Nadu",Namakkal,"Rasipuram(Uzhavar Sandhai )",Tapioca,Tapioca,Local,21/08/2026,3800,4000,3900
"Tamil Nadu",Namakkal,"Rasipuram(Uzhavar Sandhai )",Carrot,Pusakesar,Local,21/08/2026,8000,9000,8500
"Tamil Nadu",Namakkal,"Rasipuram(Uzhavar Sandhai )",Snakeguard,Snakeguard,Local,21/08/2026,4500,5000,4750
"Tamil Nadu",Namakkal,"Rasipuram(Uzhavar Sandhai )",Jasmine,Jasmine,Local,21/08/2026,80000,90000,85000
"Tamil Nadu",Namakkal,"Rasipuram(Uzhavar Sandhai )",Lemon,Lemon,Local,21/08/2026,6000,6500,6250
"Tamil Nadu",Madurai,"Palanganatham(Uzhavar Sandhai )",Apple,American,Local,21/08/2026,20000,27000,23500
"Tamil Nadu",Madurai,"Palanganatham(Uzhavar Sandhai )",Potato,Other,Local,21/08/2026,5500,6000,5750
"Tamil Nadu",Madurai,"Palanganatham(Uzhavar Sandhai )",Brinjal,Other,Local,21/08/2026,4000,4500,4250
"Tamil Nadu",Madurai,"Palanganatham(Uzhavar Sandhai )",Papaya,Papaya,Local,21/08/2026,4000,4500,4250
"Tamil Nadu",Madurai,"Palanganatham(Uzhavar Sandhai )","Bottle gourd","Bottle Gourd",Local,21/08/2026,2400,2800,2600
"Tamil Nadu",Madurai,"Palanganatham(Uzhavar Sandhai )","Bhindi(Ladies Finger)",Bhindi,Local,21/08/2026,4400,4800,4600
"Tamil Nadu",Madurai,"Palanganatham(Uzhavar Sandhai )","Green Chilli","Green Chilly",Local,21/08/2026,4500,4800,4650
"Tamil Nadu",Madurai,"Palanganatham(Uzhavar Sandhai )","Betal Leaves",Mysore,Local,21/08/2026,20000,24000,22000
"Tamil Nadu",Madurai,"Palanganatham(Uzhavar Sandhai )",Ridgeguard(Tori),Ridgeguard(Tori),Local,21/08/2026,5000,6500,5750
"Tamil Nadu",Madurai,"Palanganatham(Uzhavar Sandhai )",Capsicum,Capsicum,Local,21/08/2026,7000,8000,7500
"Tamil Nadu",Madurai,"Palanganatham(Uzhavar Sandhai )","Knool Khol","Knool Khol",Local,21/08/2026,4000,5000,4500
"Tamil Nadu",Madurai,"Palanganatham(Uzhavar Sandhai )",Guava,"Guava Allahabad",Local,21/08/2026,5000,6000,5500
"Tamil Nadu",Madurai,"Palanganatham(Uzhavar Sandhai )",Pomegranate,Pomogranate,Local,21/08/2026,18000,23000,20500
"Tamil Nadu",Madurai,"Palanganatham(Uzhavar Sandhai )","Amla(Nelli Kai)",Amla,Local,21/08/2026,7000,7500,7250
"Tamil Nadu",Madurai,"Palanganatham(Uzhavar Sandhai )",Mint(Pudina),Mint(Pudina),Local,21/08/2026,4000,4500,4250
"Tamil Nadu",Madurai,"Anna nagar(Uzhavar Sandhai )",Mango,Neelam,Local,21/08/2026,6000,6000,6000
"Tamil Nadu",Madurai,"Anna nagar(Uzhavar Sandhai )",Onion,Bellary,Local,21/08/2026,5800,5800,5800
"Tamil Nadu",Madurai,"Anna nagar(Uzhavar Sandhai )","Bitter gourd",Other,Local,21/08/2026,5600,6800,6200
"Tamil Nadu",Madurai,"Anna nagar(Uzhavar Sandhai )",Coconut,Coconut,Local,21/08/2026,6500,6500,6500
"Tamil Nadu",Madurai,"Anna nagar(Uzhavar Sandhai )",Cabbage,Cabbage,Local,21/08/2026,3200,3200,3200
"Tamil Nadu",Madurai,"Anna nagar(Uzhavar Sandhai )",Beetroot,Beetroot,Local,21/08/2026,5800,6400,6100
"Tamil Nadu",Madurai,"Anna nagar(Uzhavar Sandhai )",Raddish,Raddish,Local,21/08/2026,3600,3600,3600
"Tamil Nadu",Madurai,"Anna nagar(Uzhavar Sandhai )",Mango(Raw-Ripe),"Mango - Raw-Ripe",Local,21/08/2026,8400,8400,8400
"Tamil Nadu",Madurai,"Anna nagar(Uzhavar Sandhai )",Guava,"Guava Allahabad",Local,21/08/2026,6500,6500,6500
"Tamil Nadu",Madurai,"Anna nagar(Uzhavar Sandhai )",Jasmine,Jasmine,Local,21/08/2026,50000,50000,50000
"Tamil Nadu",Madurai,"Anna nagar(Uzhavar Sandhai )",Marigold(Calcutta),Marigold(Calcutta),Local,21/08/2026,20000,20000,20000
"Tamil Nadu",Madurai,"Anna nagar(Uzhavar Sandhai )",Colacasia,Colacasia,Local,21/08/2026,5200,5200,5200
"Tamil Nadu",Madurai,"Anna nagar(Uzhavar Sandhai )",Turnip,Turnip,Local,21/08/2026,6000,7000,6500
"Tamil Nadu",Madurai,"Anna nagar(Uzhavar Sandhai )",Rose(Local),"Rose (Local)",Local,21/08/2026,15000,15000,15000
"Tamil Nadu",Perambalur,"Perambalur(Uzhavar Sandhai )",Apple,American,Local,21/08/2026,22000,25000,23500
"Tamil Nadu",Perambalur,"Perambalur(Uzhavar Sandhai )",Mango,Neelam,Local,21/08/2026,8000,9000,8500
"Tamil Nadu",Perambalur,"Perambalur(Uzhavar Sandhai )",Grapes,Annabesahai,Local,21/08/2026,10000,12000,11000
"Tamil Nadu",Perambalur,"Perambalur(Uzhavar Sandhai )",Coriander(Leaves),"I Sort",Local,21/08/2026,2800,3200,3000
"Tamil Nadu",Perambalur,"Perambalur(Uzhavar Sandhai )","Mousambi(Sweet Lime)",Mousambi,Local,21/08/2026,8000,9000,8500
"Tamil Nadu",Perambalur,"Perambalur(Uzhavar Sandhai )",Ashgourd,Gouard,Local,21/08/2026,2000,2400,2200
"Tamil Nadu",Perambalur,"Perambalur(Uzhavar Sandhai )","Sweet Potato","Hosur Red",Local,21/08/2026,6000,6400,6200
"Tamil Nadu",Perambalur,"Perambalur(Uzhavar Sandhai )",Beetroot,Beetroot,Local,21/08/2026,4500,5000,4750
"Tamil Nadu",Perambalur,"Perambalur(Uzhavar Sandhai )",Ridgeguard(Tori),Ridgeguard(Tori),Local,21/08/2026,4800,4800,4800
"Tamil Nadu",Perambalur,"Perambalur(Uzhavar Sandhai )",Lemon,Lemon,Local,21/08/2026,8000,10000,9000
"Tamil Nadu",Perambalur,"Perambalur(Uzhavar Sandhai )",Colacasia,Colacasia,Local,21/08/2026,5600,6000,5800
"Tamil Nadu",Salem,"Mecheri(Uzhavar Sandhai)",Amaranthus,Amaranthus,Local,21/08/2026,2000,2500,2250
"Tamil Nadu",Salem,"Mecheri(Uzhavar Sandhai)",Coconut,Coconut,Local,21/08/2026,5500,6000,5750
"Tamil Nadu",Salem,"Mecheri(Uzhavar Sandhai)",Mint(Pudina),Mint(Pudina),Local,21/08/2026,3000,3500,3250
"Tamil Nadu",Salem,"Ammapet(Uzhavar Sandhai )",Brinjal,Round,Local,21/08/2026,3200,3500,3350
"Tamil Nadu",Salem,"Ammapet(Uzhavar Sandhai )",Pumpkin,Pumpkin,Local,21/08/2026,1800,2000,1900
"Tamil Nadu",Salem,"Ammapet(Uzhavar Sandhai )",Tapioca,Tapioca,Local,21/08/2026,2800,3000,2900
"Tamil Nadu",Salem,"Ammapet(Uzhavar Sandhai )",Beetroot,Beetroot,Local,21/08/2026,6000,7000,6500
"Tamil Nadu",Salem,"Ammapet(Uzhavar Sandhai )",Raddish,Raddish,Local,21/08/2026,2600,2800,2700
"Tamil Nadu",Salem,"Ammapet(Uzhavar Sandhai )","Elephant Yam(Suran)/Amorphophallus","Elephant Yam (Suran)",Local,21/08/2026,4600,5000,4800
"Tamil Nadu",Salem,"Mettur(Uzhavar Sandhai )",Banana,"Red Banana",Local,21/08/2026,6000,7500,6750
"Tamil Nadu",Salem,"Mettur(Uzhavar Sandhai )","Bhindi(Ladies Finger)",Bhindi,Local,21/08/2026,2500,3000,2750
"Tamil Nadu",Salem,"Mettur(Uzhavar Sandhai )","Sweet Potato","Hosur Red",Local,21/08/2026,3500,4000,3750
"Tamil Nadu",Salem,"Mettur(Uzhavar Sandhai )","Knool Khol","Knool Khol",Local,21/08/2026,3500,4000,3750
"Tamil Nadu",Salem,"Mettur(Uzhavar Sandhai )",Guava,"Guava Allahabad",Local,21/08/2026,5000,6000,5500
"Tamil Nadu",Salem,"Mettur(Uzhavar Sandhai )","Tender Coconut","Tender Coconut",Local,21/08/2026,3000,4000,3500
"Tamil Nadu",Salem,"Mettur(Uzhavar Sandhai )",Marigold(Calcutta),Marigold(Calcutta),Local,21/08/2026,22000,25000,23500
"Tamil Nadu",Salem,"Mettur(Uzhavar Sandhai )",Mint(Pudina),Mint(Pudina),Local,21/08/2026,2500,3000,2750
"Tamil Nadu",Salem,"Sooramangalam(Uzhavar Sandhai )","Cluster beans","Cluster Beans",Local,21/08/2026,3000,3400,3200
"Tamil Nadu",Salem,"Sooramangalam(Uzhavar Sandhai )",Ashgourd,Gouard,Local,21/08/2026,1800,2000,1900
"Tamil Nadu",Salem,"Sooramangalam(Uzhavar Sandhai )","Green Chilli","Green Chilly",Local,21/08/2026,4800,5000,4900
"Tamil Nadu",Salem,"Sooramangalam(Uzhavar Sandhai )",Ridgeguard(Tori),Ridgeguard(Tori),Local,21/08/2026,3500,4000,3750
"Tamil Nadu",Salem,"Sooramangalam(Uzhavar Sandhai )","Tender Coconut","Tender Coconut",Local,21/08/2026,3500,4000,3750
"Tamil Nadu",Salem,"Sooramangalam(Uzhavar Sandhai )",Lemon,Lemon,Local,21/08/2026,8000,10000,9000
"Tamil Nadu",Salem,"Sooramangalam(Uzhavar Sandhai )","Onion Green","Onion Green",Local,21/08/2026,5500,6000,5750
"Tamil Nadu",Salem,"Sooramangalam(Uzhavar Sandhai )","Tube Rose(Loose)","Tube Rose (Loose)",Local,21/08/2026,18000,20000,19000
"Tamil Nadu",Salem,"Sooramangalam(Uzhavar Sandhai )","Sweet Corn ","Sweet Corn ",Local,21/08/2026,3000,3500,3250
"Tamil Nadu",Salem,"Thammampatti (Uzhavar Sandhai )","Green Peas","Green Peas",Local,21/08/2026,12000,12000,12000
"Tamil Nadu",Salem,"Thammampatti (Uzhavar Sandhai )",Chikoos(Sapota),Sapota,Local,21/08/2026,4000,4000,4000
"Tamil Nadu",Salem,"Thammampatti (Uzhavar Sandhai )","Bitter gourd","Bitter Gourd",Local,21/08/2026,4000,4500,4250
"Tamil Nadu",Salem,"Thammampatti (Uzhavar Sandhai )",Pumpkin,Pumpkin,Local,21/08/2026,2000,2500,2250
"Tamil Nadu",Salem,"Thammampatti (Uzhavar Sandhai )","Banana - Green","Banana - Green",Local,21/08/2026,2000,2500,2250
"Tamil Nadu",Salem,"Thammampatti (Uzhavar Sandhai )","Green Avare(W)","Green Avare (W)",Local,21/08/2026,7500,8000,7750
"Tamil Nadu",Salem,"Thammampatti (Uzhavar Sandhai )",Drumstick,Drumstick,Local,21/08/2026,2000,2000,2000
"Tamil Nadu",Salem,"Thammampatti (Uzhavar Sandhai )",Lime,Lime,Local,21/08/2026,4000,4000,4000
"Tamil Nadu",Salem,"Thathakapatti(Uzhavar Sandhai )",Garlic,Garlic,Local,21/08/2026,25000,28000,26500
"Tamil Nadu",Salem,"Thathakapatti(Uzhavar Sandhai )",Chikoos(Sapota),Sapota,Local,21/08/2026,3500,4000,3750
"Tamil Nadu",Salem,"Thathakapatti(Uzhavar Sandhai )","Mousambi(Sweet Lime)",Mousambi,Local,21/08/2026,3000,4000,3500
"Tamil Nadu",Salem,"Thathakapatti(Uzhavar Sandhai )","Cluster beans","Cluster Beans",Local,21/08/2026,3400,3600,3500
"Tamil Nadu",Salem,"Thathakapatti(Uzhavar Sandhai )",Cabbage,Cabbage,Local,21/08/2026,3500,4000,3750
"Tamil Nadu",Salem,"Thathakapatti(Uzhavar Sandhai )",Snakeguard,Snakeguard,Local,21/08/2026,3500,4000,3750
"Tamil Nadu",Salem,"Thathakapatti(Uzhavar Sandhai )",Drumstick,Drumstick,Local,21/08/2026,2500,3000,2750
"Tamil Nadu",Salem,"Thathakapatti(Uzhavar Sandhai )",Marigold(Calcutta),Marigold(Calcutta),Local,21/08/2026,22000,25000,23500
"Tamil Nadu",Salem,"Thathakapatti(Uzhavar Sandhai )",Colacasia,Colacasia,Local,21/08/2026,5500,6000,5750
"Tamil Nadu",Salem,"Thathakapatti(Uzhavar Sandhai )","Amla(Nelli Kai)",Amla,Local,21/08/2026,7000,7500,7250
"Tamil Nadu",Salem,"Thathakapatti(Uzhavar Sandhai )","Sweet Corn ","Sweet Corn ",Local,21/08/2026,3500,4000,3750
"Tamil Nadu",Pudukkottai,"Pudukottai(Uzhavar Sandhai )",Onion,Bellary,Local,21/08/2026,5500,6000,5750
"Tamil Nadu",Pudukkottai,"Pudukottai(Uzhavar Sandhai )",Brinjal,Round,Local,21/08/2026,6000,6500,6250
"Tamil Nadu",Pudukkottai,"Pudukottai(Uzhavar Sandhai )","Cluster beans","Cluster Beans",Local,21/08/2026,4500,5000,4750
"Tamil Nadu",Pudukkottai,"Pudukottai(Uzhavar Sandhai )",Beans,"Beans (Whole)",Local,21/08/2026,8000,8500,8250
"Tamil Nadu",Pudukkottai,"Pudukottai(Uzhavar Sandhai )",Ginger(Green),"Green Ginger",Local,21/08/2026,27000,28000,27500
"Tamil Nadu",Pudukkottai,"Pudukottai(Uzhavar Sandhai )",Coconut,Coconut,Local,21/08/2026,3500,4000,3750
"Tamil Nadu",Pudukkottai,"Pudukottai(Uzhavar Sandhai )",Carrot,Pusakesar,Local,21/08/2026,8000,8500,8250
"Tamil Nadu",Pudukkottai,"Pudukottai(Uzhavar Sandhai )","Chow Chow","Chow Chow",Local,21/08/2026,4000,4500,4250
"Tamil Nadu",Pudukkottai,"Pudukottai(Uzhavar Sandhai )",Drumstick,Drumstick,Local,21/08/2026,5500,6000,5750
"Tamil Nadu",Pudukkottai,"Pudukottai(Uzhavar Sandhai )","Jack Fruit(Ripe)","Jack Fruit",Local,21/08/2026,1500,2000,1750
"Tamil Nadu",Pudukkottai,"Pudukottai(Uzhavar Sandhai )","Jamun(Narale Hannu)",Jamun,Local,21/08/2026,15000,16000,15500
"Tamil Nadu",Pudukkottai,"Pudukottai(Uzhavar Sandhai )",Guava,"Guava Allahabad",Local,21/08/2026,7000,8000,7500
"Tamil Nadu",Pudukkottai,"Pudukottai(Uzhavar Sandhai )","Tamarind Fruit","Tamarind Fruit",Local,21/08/2026,6000,7000,6500
"Tamil Nadu",Pudukkottai,"Pudukottai(Uzhavar Sandhai )",Lemon,Lemon,Local,21/08/2026,12000,13000,12500
"Tamil Nadu","The Nilgiris","Udhagamandalam(Uzhavar Sandhai )",Onion,Bellary,Local,21/08/2026,5000,5400,5200
"Tamil Nadu","The Nilgiris","Udhagamandalam(Uzhavar Sandhai )",Potato,Other,Local,21/08/2026,5500,6000,5750
"Tamil Nadu","The Nilgiris","Udhagamandalam(Uzhavar Sandhai )",Garlic,Garlic,Local,21/08/2026,15000,20000,17500
"Tamil Nadu","The Nilgiris","Udhagamandalam(Uzhavar Sandhai )","Bitter gourd","Bitter Gourd",Local,21/08/2026,5500,5800,5650
"Tamil Nadu","The Nilgiris","Udhagamandalam(Uzhavar Sandhai )",Ashgourd,Gouard,Local,21/08/2026,1500,2000,1750
"Tamil Nadu","The Nilgiris","Udhagamandalam(Uzhavar Sandhai )",Amaranthus,Amaranthus,Local,21/08/2026,5500,6000,5750
"Tamil Nadu","The Nilgiris","Udhagamandalam(Uzhavar Sandhai )",Capsicum,Capsicum,Local,21/08/2026,6500,7000,6750
"Tamil Nadu",Theni,"Andipatti(Uzhavar Sandhai )",Onion,Bellary,Local,21/08/2026,4800,5000,4900
"Tamil Nadu",Theni,"Andipatti(Uzhavar Sandhai )",Potato,Other,Local,21/08/2026,2400,2600,2500
"Tamil Nadu",Theni,"Andipatti(Uzhavar Sandhai )",Brinjal,Other,Local,21/08/2026,3200,3400,3300
"Tamil Nadu",Theni,"Andipatti(Uzhavar Sandhai )","Bitter gourd",Other,Local,21/08/2026,4600,4800,4700
"Tamil Nadu",Theni,"Andipatti(Uzhavar Sandhai )",Coconut,Coconut,Local,21/08/2026,5400,5600,5500
"Tamil Nadu",Theni,"Andipatti(Uzhavar Sandhai )",Ridgeguard(Tori),Ridgeguard(Tori),Local,21/08/2026,4600,4800,4700
"Tamil Nadu",Theni,"Andipatti(Uzhavar Sandhai )","Green Avare(W)",Other,Local,21/08/2026,4600,5000,4800
"Tamil Nadu",Theni,"Andipatti(Uzhavar Sandhai )","Indian Beans(Seam)","Indian Beans (Seam)",Local,21/08/2026,5000,5500,5250
"Tamil Nadu",Theni,"Bodinayakanur(Uzhavar Sandhai )",Onion,Bellary,Local,21/08/2026,5400,5400,5400
"Tamil Nadu",Theni,"Bodinayakanur(Uzhavar Sandhai )",Cauliflower,Ranchi,Local,21/08/2026,3500,3500,3500
"Tamil Nadu",Theni,"Bodinayakanur(Uzhavar Sandhai )","Banana - Green","Banana - Green",Local,21/08/2026,3600,3600,3600
"Tamil Nadu",Theni,"Bodinayakanur(Uzhavar Sandhai )",Beetroot,Beetroot,Local,21/08/2026,4500,4500,4500
"Tamil Nadu",Theni,"Bodinayakanur(Uzhavar Sandhai )","Knool Khol","Knool Khol",Local,21/08/2026,3500,3500,3500
"Tamil Nadu",Theni,"Bodinayakanur(Uzhavar Sandhai )","Onion Green","Onion Green",Local,21/08/2026,7200,7200,7200
"Tamil Nadu",Theni,"Chinnamanur(Uzhavar Sandhai )",Garlic,Garlic,Local,21/08/2026,14000,24000,19000
"Tamil Nadu",Theni,"Chinnamanur(Uzhavar Sandhai )",Cauliflower,Ranchi,Local,21/08/2026,3000,3500,3250
"Tamil Nadu",Theni,"Chinnamanur(Uzhavar Sandhai )","Bitter gourd",Other,Local,21/08/2026,4800,4800,4800
"Tamil Nadu",Theni,"Chinnamanur(Uzhavar Sandhai )",Ridgeguard(Tori),Ridgeguard(Tori),Local,21/08/2026,4800,4800,4800
"Tamil Nadu",Theni,"Chinnamanur(Uzhavar Sandhai )","Chow Chow","Chow Chow",Local,21/08/2026,2800,2800,2800
"Tamil Nadu",Theni,"Chinnamanur(Uzhavar Sandhai )","Indian Beans(Seam)","Indian Beans (Seam)",Local,21/08/2026,5500,5500,5500
"Tamil Nadu",Theni,"Kambam(Uzhavar Sandhai )",Cauliflower,Ranchi,Local,21/08/2026,2500,3500,3000
"Tamil Nadu",Theni,"Kambam(Uzhavar Sandhai )",Tomato,Deshi,Local,21/08/2026,1700,1700,1700
"Tamil Nadu",Theni,"Kambam(Uzhavar Sandhai )",Amaranthus,Amaranthus,Local,21/08/2026,2500,2500,2500
"Tamil Nadu",Theni,"Kambam(Uzhavar Sandhai )",Cowpea(Veg),"Cowpea (Veg)",Local,21/08/2026,4000,5000,4500
"Tamil Nadu",Theni,"Kambam(Uzhavar Sandhai )",Cucumbar(Kheera),Cucumbar,Local,21/08/2026,1600,1600,1600
"Tamil Nadu",Theni,"Kambam(Uzhavar Sandhai )",Mashrooms,Mashrooms,Local,21/08/2026,25000,25000,25000
"Tamil Nadu",Theni,"Kambam(Uzhavar Sandhai )","Onion Green","Onion Green",Local,21/08/2026,5500,6200,5850
"Tamil Nadu",Theni,"Kambam(Uzhavar Sandhai )",Mint(Pudina),Mint(Pudina),Local,21/08/2026,4500,4500,4500
"Tamil Nadu",Theni,"Theni(Uzhavar Sandhai )",Onion,Bellary,Local,21/08/2026,5000,5300,5150
"Tamil Nadu",Theni,"Theni(Uzhavar Sandhai )","Bhindi(Ladies Finger)",Bhindi,Local,21/08/2026,4500,4800,4650
"Tamil Nadu",Theni,"Theni(Uzhavar Sandhai )",Amaranthus,Amaranthus,Local,21/08/2026,2000,2000,2000
"Tamil Nadu",Theni,"Theni(Uzhavar Sandhai )","Banana - Green","Banana - Green",Local,21/08/2026,3000,3000,3000
"Tamil Nadu",Theni,"Theni(Uzhavar Sandhai )",Capsicum,Capsicum,Local,21/08/2026,5500,5500,5500
"Tamil Nadu",Theni,"Theni(Uzhavar Sandhai )","Green Avare(W)",Other,Local,21/08/2026,3800,5000,4400
"Tamil Nadu",Theni,"Theni(Uzhavar Sandhai )",Yam(Ratalu),"Yam (Ratalu)",Local,21/08/2026,8000,8000,8000
"Tamil Nadu",Theni,"Theni(Uzhavar Sandhai )",Lemon,Lemon,Local,21/08/2026,10000,11500,10750
"Tamil Nadu",Theni,"Theni(Uzhavar Sandhai )",Mashrooms,Mashrooms,Local,21/08/2026,23000,23000,23000
"Tamil Nadu",Thirunelveli,"Kandiyaperi(Uzhavar Sandhai )",Brinjal,Other,Local,21/08/2026,2500,3000,2750
"Tamil Nadu",Thirunelveli,"Kandiyaperi(Uzhavar Sandhai )",Ashgourd,Gouard,Local,21/08/2026,1000,1200,1100
"Tamil Nadu",Thirunelveli,"Kandiyaperi(Uzhavar Sandhai )","Bhindi(Ladies Finger)",Bhindi,Local,21/08/2026,4200,4500,4350
"Tamil Nadu",Thirunelveli,"Melapalayam(Uzhavar Sandhai )",Cauliflower,Ranchi,Local,21/08/2026,4400,4600,4500
"Tamil Nadu",Thirunelveli,"Melapalayam(Uzhavar Sandhai )",Chikoos(Sapota),Sapota,Local,21/08/2026,4000,5000,4500
"Tamil Nadu",Thirunelveli,"Melapalayam(Uzhavar Sandhai )",Tomato,Other,Local,21/08/2026,1800,2300,2050
"Tamil Nadu",Thirunelveli,"Melapalayam(Uzhavar Sandhai )","Green Chilli","Green Chilly",Local,21/08/2026,4200,4800,4500
"Tamil Nadu",Thirunelveli,"Melapalayam(Uzhavar Sandhai )",Carrot,Pusakesar,Local,21/08/2026,4000,7400,5700
"Tamil Nadu",Thirunelveli,"Melapalayam(Uzhavar Sandhai )",Cabbage,Cabbage,Local,21/08/2026,2600,2800,2700
"Tamil Nadu",Thirunelveli,"Melapalayam(Uzhavar Sandhai )",Cucumbar(Kheera),Cucumbar,Local,21/08/2026,4500,6500,5500
"Tamil Nadu",Thirunelveli,"Melapalayam(Uzhavar Sandhai )",Thondekai,Thondekai,Local,21/08/2026,4500,5000,4750
"Tamil Nadu",Thirunelveli,"Melapalayam(Uzhavar Sandhai )",Mango(Raw-Ripe),"Mango - Raw-Ripe",Local,21/08/2026,6500,8500,7500
"Tamil Nadu",Thirunelveli,"Melapalayam(Uzhavar Sandhai )","Elephant Yam(Suran)/Amorphophallus","Elephant Yam (Suran)",Local,21/08/2026,4000,4500,4250
"Tamil Nadu",Thirunelveli,"Palayamkottai(Uzhavar Sandhai )",Apple,American,Local,21/08/2026,20000,24000,22000
"Tamil Nadu",Thirunelveli,"Palayamkottai(Uzhavar Sandhai )",Garlic,Garlic,Local,21/08/2026,26000,33000,29500
"Tamil Nadu",Thirunelveli,"Palayamkottai(Uzhavar Sandhai )","Bhindi(Ladies Finger)",Bhindi,Local,21/08/2026,4200,4500,4350
"Tamil Nadu",Thirunelveli,"Palayamkottai(Uzhavar Sandhai )","Banana - Green","Banana - Green",Local,21/08/2026,2500,3000,2750
"Tamil Nadu",Thirunelveli,"Palayamkottai(Uzhavar Sandhai )",Cabbage,Cabbage,Local,21/08/2026,2600,2800,2700
"Tamil Nadu",Thirunelveli,"Palayamkottai(Uzhavar Sandhai )","Green Avare(W)","Green Avare (W)",Local,21/08/2026,5500,6000,5750
"Tamil Nadu",Thirunelveli,"Palayamkottai(Uzhavar Sandhai )",Pomegranate,Pomogranate,Local,21/08/2026,16000,18000,17000
"Tamil Nadu",Thirupur,"Kangayam(Uzhavar Sandhai )",Cauliflower,Ranchi,Local,21/08/2026,3000,3500,3250
"Tamil Nadu",Thirupur,"Kangayam(Uzhavar Sandhai )",Brinjal,Round,Local,21/08/2026,5500,6000,5750
"Tamil Nadu",Thirupur,"Kangayam(Uzhavar Sandhai )",Tomato,Local,Local,21/08/2026,1000,1500,1250
"Tamil Nadu",Thirupur,"Kangayam(Uzhavar Sandhai )","Bitter gourd","Bitter Gourd",Local,21/08/2026,5800,6200,6000
"Tamil Nadu",Thirupur,"Kangayam(Uzhavar Sandhai )",Coconut,Coconut,Local,21/08/2026,4800,5200,5000
"Tamil Nadu",Thirupur,"Kangayam(Uzhavar Sandhai )",Raddish,Raddish,Local,21/08/2026,3000,3500,3250
"Tamil Nadu",Thirupur,"Tiruppur (North) (Uzhavar Sandhai )",Onion,Bellary,Local,21/08/2026,3800,4400,4100
"Tamil Nadu",Thirupur,"Tiruppur (North) (Uzhavar Sandhai )",Potato,Other,Local,21/08/2026,5000,6000,5500
"Tamil Nadu",Thirupur,"Tiruppur (North) (Uzhavar Sandhai )",Papaya,Papaya,Local,21/08/2026,2500,3000,2750
"Tamil Nadu",Thirupur,"Tiruppur (North) (Uzhavar Sandhai )",Tomato,Local,Local,21/08/2026,1200,1500,1350
"Tamil Nadu",Thirupur,"Tiruppur (North) (Uzhavar Sandhai )","Bitter gourd",Other,Local,21/08/2026,4500,5000,4750
"Tamil Nadu",Thirupur,"Tiruppur (North) (Uzhavar Sandhai )",Ashgourd,Gouard,Local,21/08/2026,1500,2000,1750
"Tamil Nadu",Thirupur,"Tiruppur (North) (Uzhavar Sandhai )",Pumpkin,Pumpkin,Local,21/08/2026,1200,1500,1350
"Tamil Nadu",Thirupur,"Tiruppur (North) (Uzhavar Sandhai )",Beans,"Beans (Whole)",Local,21/08/2026,7000,8000,7500
"Tamil Nadu",Thirupur,"Tiruppur (North) (Uzhavar Sandhai )",Mint(Pudina),Mint(Pudina),Local,21/08/2026,2000,2500,2250
"Tamil Nadu",Thiruvannamalai,"Chengam(Uzhavar Sandhai )",Mango,Safeda,Local,21/08/2026,4200,5000,4600
"Tamil Nadu",Thiruvannamalai,"Chengam(Uzhavar Sandhai )",Cabbage,Cabbage,Local,21/08/2026,3300,4000,3650
"Tamil Nadu",Thiruvannamalai,"Chengam(Uzhavar Sandhai )",Beetroot,Beetroot,Local,21/08/2026,4000,4800,4400
"Tamil Nadu",Thiruvannamalai,"Chengam(Uzhavar Sandhai )",Ridgeguard(Tori),Ridgeguard(Tori),Local,21/08/2026,5000,6000,5500
"Tamil Nadu",Thiruvannamalai,"Chengam(Uzhavar Sandhai )",Raddish,Raddish,Local,21/08/2026,2500,3000,2750
"Tamil Nadu",Thiruvannamalai,"Chengam(Uzhavar Sandhai )","Chow Chow","Chow Chow",Local,21/08/2026,3300,4000,3650
"Tamil Nadu",Thiruvannamalai,"Chengam(Uzhavar Sandhai )","Jack Fruit(Ripe)","Jack Fruit",Local,21/08/2026,1600,2000,1800
"Tamil Nadu",Thiruvannamalai,"Chengam(Uzhavar Sandhai )",Lemon,Lemon,Local,21/08/2026,5000,6000,5500
"Tamil Nadu",Thiruvannamalai,"Chengam(Uzhavar Sandhai )","Custard Apple(Sharifa)","Custard Apple(Sharifa)",Local,21/08/2026,4200,5000,4600
"Tamil Nadu",Thiruvannamalai,"Keelpennathur(Uzhavar Sandhai )",Coconut,Coconut,Local,21/08/2026,6500,7000,6750
"Tamil Nadu",Thiruvannamalai,"Tamarainagar(Uzhavar Sandhai )",Mango,Safeda,Local,21/08/2026,6000,7000,6500
"Tamil Nadu",Thiruvannamalai,"Tamarainagar(Uzhavar Sandhai )","Bottle gourd","Bottle Gourd",Local,21/08/2026,2000,2500,2250
"Tamil Nadu",Thiruvannamalai,"Tamarainagar(Uzhavar Sandhai )",Ashgourd,Gouard,Local,21/08/2026,2000,2500,2250
"Tamil Nadu",Thiruvannamalai,"Tamarainagar(Uzhavar Sandhai )",Beans,"Beans (Whole)",Local,21/08/2026,8000,10000,9000
"Tamil Nadu",Thiruvannamalai,"Tamarainagar(Uzhavar Sandhai )","Green Avare(W)","Green Avare (W)",Local,21/08/2026,4000,5000,4500
"Tamil Nadu",Thiruvannamalai,"Tamarainagar(Uzhavar Sandhai )","Tamarind Fruit","Tamarind Fruit",Local,21/08/2026,10000,12000,11000
"Tamil Nadu",Thiruvannamalai,"Tamarainagar(Uzhavar Sandhai )","Onion Green","Onion Green",Local,21/08/2026,8000,10000,9000
"Tamil Nadu",Thiruvannamalai,"Vandavasi(Uzhavar Sandhai )",Potato,Other,Local,21/08/2026,3500,4000,3750
"Tamil Nadu",Thiruvannamalai,"Vandavasi(Uzhavar Sandhai )","Banana - Green","Banana - Green",Local,21/08/2026,1600,2000,1800
"Tamil Nadu",Thiruvannamalai,"Vandavasi(Uzhavar Sandhai )",Coconut,Coconut,Local,21/08/2026,4000,5000,4500
"Tamil Nadu",Thiruvannamalai,"Vandavasi(Uzhavar Sandhai )",Colacasia,Colacasia,Local,21/08/2026,3600,4200,3900
"Tamil Nadu",Thiruvannamalai,"Vandavasi(Uzhavar Sandhai )",Mint(Pudina),Mint(Pudina),Local,21/08/2026,3800,4500,4150
"Tamil Nadu",Thiruvarur,"Muthupettai(Uzhavar Sandhai )",Coriander(Leaves),"I Sort",Local,21/08/2026,3500,3500,3500
"Tamil Nadu",Thiruvarur,"Muthupettai(Uzhavar Sandhai )","Cluster beans","Cluster Beans",Local,21/08/2026,4400,4400,4400
"Tamil Nadu",Thiruvarur,"Muthupettai(Uzhavar Sandhai )",Coconut,Coconut,Local,21/08/2026,4000,4000,4000
"Tamil Nadu",Thiruvarur,"Muthupettai(Uzhavar Sandhai )",Snakeguard,Snakeguard,Local,21/08/2026,3400,3400,3400
"Tamil Nadu",Thiruvarur,"Muthupettai(Uzhavar Sandhai )",Mango(Raw-Ripe),"Mango - Raw-Ripe",Local,21/08/2026,7000,7000,7000
"Tamil Nadu",Thiruvarur,"Muthupettai(Uzhavar Sandhai )",Lime,Lime,Local,21/08/2026,3000,3000,3000
"West Bengal",Bankura,"Bishnupur(Bankura) APMC",Rice,Fine,FAQ,21/08/2026,4800,4900,4850
"West Bengal",Bankura,"Bishnupur(Bankura) APMC","Masur Dal",Other,FAQ,21/08/2026,9900,10500,10200
Bihar,"East Champaran/ Motihari","Raxaul APMC",Brinjal,"Arkasheela Mattigulla","Grade A",21/08/2026,1500,1700,1600
"Tamil Nadu",Thiruvarur,"Tiruvarur(Uzhavar Sandhai )",Tomato,Deshi,Local,21/08/2026,2200,2200,2200
"Tamil Nadu",Thiruvarur,"Tiruvarur(Uzhavar Sandhai )",Snakeguard,Snakeguard,Local,21/08/2026,4000,4000,4000
"Tamil Nadu",Thiruvarur,"Tiruvarur(Uzhavar Sandhai )",Ridgeguard(Tori),Ridgeguard(Tori),Local,21/08/2026,4000,4000,4000
"Tamil Nadu",Thiruvarur,"Tiruvarur(Uzhavar Sandhai )",Drumstick,Drumstick,Local,21/08/2026,4000,4000,4000
"Tamil Nadu",Virudhunagar,"Aruppukottai(Uzhavar Sandhai )",Onion,Bellary,Local,21/08/2026,5000,6000,5500
"Tamil Nadu",Virudhunagar,"Aruppukottai(Uzhavar Sandhai )",Amaranthus,Amaranthus,Local,21/08/2026,3000,3500,3250
"Tamil Nadu",Virudhunagar,"Aruppukottai(Uzhavar Sandhai )",Cabbage,Cabbage,Local,21/08/2026,3000,3500,3250
"Tamil Nadu",Virudhunagar,"Aruppukottai(Uzhavar Sandhai )",Ridgeguard(Tori),Ridgeguard(Tori),Local,21/08/2026,5000,6000,5500
"Tamil Nadu",Virudhunagar,"Aruppukottai(Uzhavar Sandhai )","Green Avare(W)","Green Avare (W)",Local,21/08/2026,6000,7000,6500
"Tamil Nadu",Virudhunagar,"Aruppukottai(Uzhavar Sandhai )",Lime,Lime,Local,21/08/2026,12000,14000,13000
"Tamil Nadu",Virudhunagar,"Aruppukottai(Uzhavar Sandhai )","Tender Coconut","Tender Coconut",Local,21/08/2026,4000,5000,4500
"Tamil Nadu",Virudhunagar,"Aruppukottai(Uzhavar Sandhai )",Yam(Ratalu),"Yam (Ratalu)",Local,21/08/2026,8000,9000,8500
"Tamil Nadu",Virudhunagar,"Aruppukottai(Uzhavar Sandhai )",Lemon,Lemon,Local,21/08/2026,13000,15000,14000
"Tamil Nadu",Thiruvarur,"Valangaiman APMC",Brinjal,Round,Local,21/08/2026,4000,4000,4000
"Tamil Nadu",Thiruvarur,"Valangaiman APMC","Bitter gourd","Bitter Gourd",Local,21/08/2026,6000,6000,6000
"Tamil Nadu",Thiruvarur,"Valangaiman APMC","Bhindi(Ladies Finger)",Bhindi,Local,21/08/2026,4000,4000,4000
"Tamil Nadu",Thiruvarur,"Valangaiman APMC",Amaranthus,Amaranthus,Local,21/08/2026,2000,2000,2000
"Tamil Nadu",Thiruvarur,"Valangaiman APMC",Coconut,Coconut,Local,21/08/2026,5000,5000,5000
"Tamil Nadu",Thiruvarur,"Valangaiman APMC",Snakeguard,Snakeguard,Local,21/08/2026,4000,4000,4000
"Tamil Nadu",Thiruvarur,"Valangaiman APMC",Ridgeguard(Tori),Ridgeguard(Tori),Local,21/08/2026,4000,4000,4000
"Tamil Nadu",Thiruvarur,"Valangaiman APMC",Mango(Raw-Ripe),"Mango - Raw-Ripe",Local,21/08/2026,6000,7000,6500
"Andhra Pradesh",Srikakulam,"Ichapuram APMC",Paddy(Common),Sannalu,Local,21/08/2026,2369,2369,2369
"Tamil Nadu",Virudhunagar,"Kariyapatti(Uzhavar Sandhai )",Onion,Bellary,Local,21/08/2026,5500,6000,5750
"Tamil Nadu",Virudhunagar,"Kariyapatti(Uzhavar Sandhai )",Cauliflower,Ranchi,Local,21/08/2026,3500,4000,3750
"Tamil Nadu",Virudhunagar,"Kariyapatti(Uzhavar Sandhai )",Coriander(Leaves),"I Sort",Local,21/08/2026,3500,4000,3750
"Tamil Nadu",Virudhunagar,"Kariyapatti(Uzhavar Sandhai )",Chikoos(Sapota),Sapota,Local,21/08/2026,3500,4000,3750
"Tamil Nadu",Virudhunagar,"Kariyapatti(Uzhavar Sandhai )","Bottle gourd","Bottle Gourd",Local,21/08/2026,1800,2000,1900
"Tamil Nadu",Virudhunagar,"Kariyapatti(Uzhavar Sandhai )","Bhindi(Ladies Finger)",Bhindi,Local,21/08/2026,4500,5000,4750
"Tamil Nadu",Virudhunagar,"Kariyapatti(Uzhavar Sandhai )","Banana - Green","Banana - Green",Local,21/08/2026,3000,3500,3250
"Tamil Nadu",Virudhunagar,"Kariyapatti(Uzhavar Sandhai )",Ginger(Green),"Green Ginger",Local,21/08/2026,19000,20000,19500
"Tamil Nadu",Virudhunagar,"Kariyapatti(Uzhavar Sandhai )",Ridgeguard(Tori),Ridgeguard(Tori),Local,21/08/2026,6500,7000,6750
"Tamil Nadu",Virudhunagar,"Kariyapatti(Uzhavar Sandhai )","Elephant Yam(Suran)/Amorphophallus","Elephant Yam (Suran)",Local,21/08/2026,4500,5000,4750
Assam,Nagaon,"Ambagan APMC",Beetroot,Beetroot,FAQ,21/08/2026,1950,2050,2000
Assam,Nagaon,"Ambagan APMC","Bitter gourd","Bitter Gourd",FAQ,21/08/2026,2000,2100,2050
Assam,Nagaon,"Ambagan APMC","Green Chilli","Green Chilly",FAQ,21/08/2026,3300,3550,3400
Assam,Nagaon,"Ambagan APMC",Brinjal,Brinjal,FAQ,21/08/2026,2150,2250,2200
"Tamil Nadu",Villupuram,"Manalurpet APMC",Maize,Other,Local,21/08/2026,2158,2619,2388.5
"Tamil Nadu",Madurai,"Thirumangalam(Uzhavar Sandhai )",Banana,Besrai,Local,21/08/2026,3000,4000,3500
"Tamil Nadu",Madurai,"Thirumangalam(Uzhavar Sandhai )","Green Chilli","Green Chilly",Local,21/08/2026,4500,4800,4650
"Tamil Nadu",Madurai,"Thirumangalam(Uzhavar Sandhai )","Green Avare(W)","Green Avare (W)",Local,21/08/2026,5000,6000,5500
"Tamil Nadu",Madurai,"Melur(Uzhavar Sandhai )",Ashgourd,Gouard,Local,21/08/2026,2000,2400,2200
"Tamil Nadu",Madurai,"Melur(Uzhavar Sandhai )",Cucumbar(Kheera),Cucumbar,Local,21/08/2026,5000,6000,5500
"Tamil Nadu",Madurai,"Melur(Uzhavar Sandhai )","Green Avare(W)","Green Avare (W)",Local,21/08/2026,6000,7000,6500
"Tamil Nadu",Madurai,"Melur(Uzhavar Sandhai )","Onion Green","Onion Green",Local,21/08/2026,7500,8000,7750
"Tamil Nadu",Salem,"Vazhapadi(Uzhavar Sandhai)",Onion,Bellary,Local,21/08/2026,4000,4500,4250
"Tamil Nadu",Salem,"Vazhapadi(Uzhavar Sandhai)",Potato,"Red Nanital",Local,21/08/2026,3000,3400,3200
"Tamil Nadu",Salem,"Vazhapadi(Uzhavar Sandhai)",Garlic,Garlic,Local,21/08/2026,25000,25000,25000
"Tamil Nadu",Salem,"Vazhapadi(Uzhavar Sandhai)","Bitter gourd","Bitter Gourd",Local,21/08/2026,5000,5500,5250
"Tamil Nadu",Salem,"Vazhapadi(Uzhavar Sandhai)",Ashgourd,Gouard,Local,21/08/2026,2500,2500,2500
"Tamil Nadu",Salem,"Vazhapadi(Uzhavar Sandhai)",Beans,"Beans (Whole)",Local,21/08/2026,7000,8000,7500
"Tamil Nadu",Salem,"Vazhapadi(Uzhavar Sandhai)",Ginger(Green),"Green Ginger",Local,21/08/2026,15000,15000,15000
"Tamil Nadu",Salem,"Vazhapadi(Uzhavar Sandhai)",Snakeguard,Snakeguard,Local,21/08/2026,2500,3000,2750
"Tamil Nadu",Salem,"Vazhapadi(Uzhavar Sandhai)",Drumstick,Drumstick,Local,21/08/2026,1500,2000,1750
"Tamil Nadu",Karur,"Gandhigramam(Uzhavar Sandhai)",Banana,Other,Local,21/08/2026,5000,6000,5500
"Tamil Nadu",Karur,"Gandhigramam(Uzhavar Sandhai)",Coriander(Leaves),"I Sort",Local,21/08/2026,5000,5500,5250
"Tamil Nadu",Karur,"Gandhigramam(Uzhavar Sandhai)",Papaya,Papaya,Local,21/08/2026,3500,4000,3750
"Tamil Nadu",Karur,"Gandhigramam(Uzhavar Sandhai)",Beans,"Beans (Whole)",Local,21/08/2026,8000,9000,8500
"Tamil Nadu",Karur,"Gandhigramam(Uzhavar Sandhai)",Beetroot,Beetroot,Local,21/08/2026,8000,8500,8250
"Tamil Nadu",Karur,"Gandhigramam(Uzhavar Sandhai)",Ridgeguard(Tori),Ridgeguard(Tori),Local,21/08/2026,5500,6000,5750
"Tamil Nadu",Karur,"Gandhigramam(Uzhavar Sandhai)","Elephant Yam(Suran)/Amorphophallus","Elephant Yam (Suran)",Local,21/08/2026,4000,5000,4500
"Tamil Nadu",Karur,"Gandhigramam(Uzhavar Sandhai)","Amla(Nelli Kai)",Amla,Local,21/08/2026,7500,8500,8000
"Tamil Nadu",Karur,"Gandhigramam(Uzhavar Sandhai)","Onion Green","Onion Green",Local,21/08/2026,7500,8000,7750
"Tamil Nadu",Pudukkottai,"Aranthangi(Uzhavar Sandhai )",Papaya,Papaya,Local,21/08/2026,2500,3000,2750
"Tamil Nadu",Pudukkottai,"Aranthangi(Uzhavar Sandhai )","Bhindi(Ladies Finger)",Bhindi,Local,21/08/2026,3500,4000,3750
"Tamil Nadu",Pudukkottai,"Aranthangi(Uzhavar Sandhai )",Raddish,Raddish,Local,21/08/2026,3500,4000,3750
"Tamil Nadu",Pudukkottai,"Aranthangi(Uzhavar Sandhai )",Mango(Raw-Ripe),"Mango - Raw-Ripe",Local,21/08/2026,7000,8000,7500
"Tamil Nadu",Pudukkottai,"Aranthangi(Uzhavar Sandhai )","Onion Green","Onion Green",Local,21/08/2026,7000,8000,7500
"Tamil Nadu",Coimbatore,"Sulur(Uzhavar Sandhai )",Onion,Bellary,Local,21/08/2026,4800,5300,5050
"Tamil Nadu",Coimbatore,"Sulur(Uzhavar Sandhai )",Cauliflower,Ranchi,Local,21/08/2026,4800,5200,5000
"Tamil Nadu",Coimbatore,"Sulur(Uzhavar Sandhai )","Bitter gourd",Other,Local,21/08/2026,5500,6000,5750
"Tamil Nadu",Coimbatore,"Sulur(Uzhavar Sandhai )",Ashgourd,Gouard,Local,21/08/2026,1500,2000,1750
"Tamil Nadu",Pudukkottai,"Gandarvakottai(Uzhavar Sandhai )",Banana,"Red Banana",Local,21/08/2026,6000,7000,6500
"Tamil Nadu",Pudukkottai,"Gandarvakottai(Uzhavar Sandhai )",Mango,Malgoa,Local,21/08/2026,6500,7000,6750
"Tamil Nadu",Pudukkottai,"Gandarvakottai(Uzhavar Sandhai )",Tomato,Other,Local,21/08/2026,2000,2500,2250
"Tamil Nadu",Cuddalore,"Panruti(Uzhavar Sandhai )",Brinjal,Round,Local,21/08/2026,4000,5000,4500
"Tamil Nadu",Cuddalore,"Panruti(Uzhavar Sandhai )",Amaranthus,Amaranthus,Local,21/08/2026,2000,2000,2000
"Tamil Nadu",Cuddalore,"Panruti(Uzhavar Sandhai )",Cabbage,Cabbage,Local,21/08/2026,3000,3000,3000
"Tamil Nadu",Cuddalore,"Panruti(Uzhavar Sandhai )","Jack Fruit(Ripe)","Jack Fruit",Local,21/08/2026,8000,8000,8000
"Tamil Nadu",Cuddalore,"Panruti(Uzhavar Sandhai )",Lemon,Lemon,Local,21/08/2026,6000,6000,6000
Keralam,Thiruvananthapuram,"Kollayil  VFPCK Market",Banana,"Nendra Bale","Grade A",21/08/2026,5700,6400,6000
"Tamil Nadu",Dharmapuri,"AJattihalli(Uzhavar Sandhai )",Banana,"Red Banana",Local,21/08/2026,7500,8000,7750
"Tamil Nadu",Dharmapuri,"AJattihalli(Uzhavar Sandhai )",Ginger(Green),"Green Ginger",Local,21/08/2026,22500,23000,22750
"Tamil Nadu",Dharmapuri,"AJattihalli(Uzhavar Sandhai )",Snakeguard,Snakeguard,Local,21/08/2026,2200,2500,2350
"Tamil Nadu",Dharmapuri,"AJattihalli(Uzhavar Sandhai )",Beetroot,Beetroot,Local,21/08/2026,5400,5600,5500
"Tamil Nadu",Dharmapuri,"AJattihalli(Uzhavar Sandhai )","Chow Chow","Chow Chow",Local,21/08/2026,4400,4600,4500
"Tamil Nadu",Dharmapuri,"AJattihalli(Uzhavar Sandhai )",Drumstick,Drumstick,Local,21/08/2026,3800,4000,3900
"Tamil Nadu",Nagapattinam,"Vedaranyam(Uzhavar Sandhai)","Bitter gourd","Bitter Gourd",Local,21/08/2026,4800,5000,4900
"Tamil Nadu",Nagapattinam,"Vedaranyam(Uzhavar Sandhai)","Green Avare(W)","Green Avare (W)",Local,21/08/2026,4500,4800,4650
"Tamil Nadu",Nagapattinam,"Vedaranyam(Uzhavar Sandhai)","Chow Chow","Chow Chow",Local,21/08/2026,2200,2400,2300
"Tamil Nadu",Nagapattinam,"Vedaranyam(Uzhavar Sandhai)",Yam(Ratalu),"Yam (Ratalu)",Local,21/08/2026,6200,6500,6350
"Tamil Nadu",Vellore,"Perampet(Uzhavar Sandhai)",Potato,"Red Nanital",Local,21/08/2026,2800,2800,2800
"Tamil Nadu",Vellore,"Perampet(Uzhavar Sandhai)",Amaranthus,Amaranthus,Local,21/08/2026,3500,4000,3750
"Tamil Nadu",Vellore,"Perampet(Uzhavar Sandhai)","Green Chilli","Green Chilly",Local,21/08/2026,5000,5500,5250
"Tamil Nadu",Vellore,"Perampet(Uzhavar Sandhai)",Ridgeguard(Tori),Ridgeguard(Tori),Local,21/08/2026,3000,3500,3250
"Tamil Nadu",Vellore,"Perampet(Uzhavar Sandhai)",Raddish,Raddish,Local,21/08/2026,3000,3000,3000
"Tamil Nadu",Vellore,"Perampet(Uzhavar Sandhai)",Drumstick,Drumstick,Local,21/08/2026,2500,2500,2500
"Tamil Nadu",Vellore,"Perampet(Uzhavar Sandhai)",Guava,"Guava Allahabad",Local,21/08/2026,3500,4000,3750
"Tamil Nadu",Vellore,"Perampet(Uzhavar Sandhai)",Mint(Pudina),Mint(Pudina),Local,21/08/2026,3000,3000,3000
Telangana,Siddipet,"Bejjenki APMC",Maize,Local,FAQ,21/08/2026,2250,2250,2250
Maharashtra,Pune,"Pune(Pimpri) APMC","Green Chilli",Other,Local,21/08/2026,3000,3000,3000
"Tamil Nadu",Karur,"Kulithalai(Uzhavar Sandhai )",Banana,Other,Local,21/08/2026,5500,6000,5750
"Tamil Nadu",Karur,"Kulithalai(Uzhavar Sandhai )",Mango,Neelam,Local,21/08/2026,5000,6000,5500
"Tamil Nadu",Karur,"Kulithalai(Uzhavar Sandhai )",Amaranthus,Amaranthus,Local,21/08/2026,2000,3000,2500
"Tamil Nadu",Karur,"Kulithalai(Uzhavar Sandhai )",Beans,"Beans (Whole)",Local,21/08/2026,8000,8600,8300
"Tamil Nadu",Karur,"Kulithalai(Uzhavar Sandhai )",Coconut,Coconut,Local,21/08/2026,4500,5000,4750
"Tamil Nadu",Karur,"Kulithalai(Uzhavar Sandhai )",Raddish,Raddish,Local,21/08/2026,3600,4000,3800
"Tamil Nadu",Karur,"Kulithalai(Uzhavar Sandhai )","Green Avare(W)",Other,Local,21/08/2026,5500,6000,5750
"Tamil Nadu",Karur,"Kulithalai(Uzhavar Sandhai )","Elephant Yam(Suran)/Amorphophallus","Elephant Yam (Suran)",Local,21/08/2026,5000,5500,5250
"Tamil Nadu",Karur,"Kulithalai(Uzhavar Sandhai )",Lemon,Lemon,Local,21/08/2026,5500,6000,5750
"Tamil Nadu",Karur,"Kulithalai(Uzhavar Sandhai )","Amla(Nelli Kai)",Amla,Local,21/08/2026,7500,8000,7750
"Tamil Nadu",Karur,"Kulithalai(Uzhavar Sandhai )",Mint(Pudina),Mint(Pudina),Local,21/08/2026,4500,5000,4750
"Tamil Nadu",Karur,"Pallapatti (Uzhavar Sandhai )",Coriander(Leaves),"I Sort",Local,21/08/2026,4500,5000,4750
"Tamil Nadu",Karur,"Pallapatti (Uzhavar Sandhai )",Tomato,Other,Local,21/08/2026,1800,2000,1900
"Tamil Nadu",Karur,"Pallapatti (Uzhavar Sandhai )","Bhindi(Ladies Finger)",Bhindi,Local,21/08/2026,3500,4000,3750
"Tamil Nadu",Karur,"Pallapatti (Uzhavar Sandhai )",Tapioca,Tapioca,Local,21/08/2026,2500,3000,2750
"Tamil Nadu",Karur,"Pallapatti (Uzhavar Sandhai )",Coconut,Coconut,Local,21/08/2026,5500,6000,5750
"Tamil Nadu",Karur,"Pallapatti (Uzhavar Sandhai )",Ridgeguard(Tori),Ridgeguard(Tori),Local,21/08/2026,5000,6000,5500
"Tamil Nadu",Karur,"Pallapatti (Uzhavar Sandhai )","Jamun(Narale Hannu)",Jamun,Local,21/08/2026,12000,15000,13500
"Tamil Nadu",Karur,"Velayuthampalayam(Uzhavar Sandhai )",Pumpkin,Pumpkin,Local,21/08/2026,2400,3000,2700
"Tamil Nadu",Karur,"Velayuthampalayam(Uzhavar Sandhai )",Coconut,Coconut,Local,21/08/2026,5200,6000,5600
"Tamil Nadu",Karur,"Velayuthampalayam(Uzhavar Sandhai )",Raddish,Raddish,Local,21/08/2026,2400,3000,2700
"Tamil Nadu",Karur,"Vengamedu(Uzhavar Sandhai )",Banana,"Red Banana",Local,21/08/2026,5000,6000,5500
"Tamil Nadu",Karur,"Vengamedu(Uzhavar Sandhai )","Bitter gourd",Other,Local,21/08/2026,5500,6000,5750
"Tamil Nadu",Karur,"Vengamedu(Uzhavar Sandhai )",Amaranthus,Amaranthus,Local,21/08/2026,2000,2500,2250
"Tamil Nadu",Karur,"Vengamedu(Uzhavar Sandhai )","Green Avare(W)",Other,Local,21/08/2026,7000,8000,7500
"Tamil Nadu",Karur,"Vengamedu(Uzhavar Sandhai )",Mint(Pudina),Mint(Pudina),Local,21/08/2026,5000,5500,5250
"Tamil Nadu",Theni,"Devaram(Uzhavar Sandhai )",Papaya,Papaya,Local,21/08/2026,3000,3000,3000
"Tamil Nadu",Theni,"Devaram(Uzhavar Sandhai )",Tomato,Deshi,Local,21/08/2026,1800,1800,1800
"Tamil Nadu",Theni,"Devaram(Uzhavar Sandhai )","Cluster beans","Cluster Beans",Local,21/08/2026,3400,3400,3400
"Tamil Nadu",Theni,"Devaram(Uzhavar Sandhai )",Amaranthus,Amaranthus,Local,21/08/2026,2500,2500,2500
"Tamil Nadu",Theni,"Devaram(Uzhavar Sandhai )",Cabbage,Cabbage,Local,21/08/2026,3000,3000,3000
"Tamil Nadu",Theni,"Devaram(Uzhavar Sandhai )",Beetroot,Beetroot,Local,21/08/2026,4200,4200,4200
"Tamil Nadu",Theni,"Devaram(Uzhavar Sandhai )",Ridgeguard(Tori),Ridgeguard(Tori),Local,21/08/2026,5000,5000,5000
"Tamil Nadu",Theni,"Devaram(Uzhavar Sandhai )",Raddish,Raddish,Local,21/08/2026,2400,2400,2400
"Tamil Nadu",Theni,"Devaram(Uzhavar Sandhai )","Chow Chow","Chow Chow",Local,21/08/2026,2800,2800,2800
"Tamil Nadu",Salem,"Attayampatti(Uzhavar Sandhai )",Brinjal,Round,Local,21/08/2026,4000,4400,4200
"Tamil Nadu",Salem,"Attayampatti(Uzhavar Sandhai )",Coriander(Leaves),"I Sort",Local,21/08/2026,2500,2500,2500
"Tamil Nadu",Salem,"Attayampatti(Uzhavar Sandhai )","Cluster beans","Cluster Beans",Local,21/08/2026,3600,3600,3600
"Tamil Nadu",Salem,"Attayampatti(Uzhavar Sandhai )",Tapioca,Tapioca,Local,21/08/2026,3000,3500,3250
"Tamil Nadu",Salem,"Attayampatti(Uzhavar Sandhai )",Coconut,Coconut,Local,21/08/2026,6500,6500,6500
"Tamil Nadu",Sivaganga,"Devakottai (Uzhavar Sandhai )",Banana,Poovan,Local,21/08/2026,3500,4000,3750
"Tamil Nadu",Sivaganga,"Devakottai (Uzhavar Sandhai )",Cauliflower,Ranchi,Local,21/08/2026,2500,3400,2950
"Tamil Nadu",Sivaganga,"Devakottai (Uzhavar Sandhai )",Cabbage,Cabbage,Local,21/08/2026,2800,3400,3100
"Tamil Nadu",Sivaganga,"Devakottai (Uzhavar Sandhai )",Mango(Raw-Ripe),"Mango - Raw-Ripe",Local,21/08/2026,4500,5400,4950
"Tamil Nadu",Sivaganga,"Devakottai (Uzhavar Sandhai )",Guava,"Guava Allahabad",Local,21/08/2026,5200,6400,5800
"Tamil Nadu",Sivaganga,"Devakottai (Uzhavar Sandhai )","Elephant Yam(Suran)/Amorphophallus","Elephant Yam (Suran)",Local,21/08/2026,4400,4800,4600
"Tamil Nadu",Sivaganga,"Devakottai (Uzhavar Sandhai )","Onion Green","Onion Green",Local,21/08/2026,7800,8200,8000
"Tamil Nadu",Salem,"Edapadi (Uzhavar Sandhai )",Onion,Bellary,Local,21/08/2026,5000,5500,5250
"Tamil Nadu",Salem,"Edapadi (Uzhavar Sandhai )",Brinjal,Other,Local,21/08/2026,3000,3500,3250
"Tamil Nadu",Salem,"Edapadi (Uzhavar Sandhai )",Carrot,Pusakesar,Local,21/08/2026,8000,8500,8250
"Tamil Nadu",Salem,"Edapadi (Uzhavar Sandhai )",Snakeguard,Snakeguard,Local,21/08/2026,3500,4000,3750
"Tamil Nadu",Salem,"Edapadi (Uzhavar Sandhai )","Elephant Yam(Suran)/Amorphophallus","Elephant Yam (Suran)",Local,21/08/2026,3800,4000,3900
"Tamil Nadu",Salem,"Elampillai(Uzhavar Sandhai )",Potato,Other,Local,21/08/2026,2500,3000,2750
"Tamil Nadu",Salem,"Elampillai(Uzhavar Sandhai )",Cauliflower,Ranchi,Local,21/08/2026,2500,3000,2750
"Tamil Nadu",Salem,"Elampillai(Uzhavar Sandhai )","Bitter gourd",Other,Local,21/08/2026,5000,5500,5250
"Tamil Nadu",Salem,"Elampillai(Uzhavar Sandhai )","Banana - Green","Banana - Green",Local,21/08/2026,2000,2400,2200
"Tamil Nadu",Salem,"Elampillai(Uzhavar Sandhai )",Beans,"Beans (Whole)",Local,21/08/2026,9000,9400,9200
"Tamil Nadu",Salem,"Elampillai(Uzhavar Sandhai )",Cabbage,Cabbage,Local,21/08/2026,3000,3500,3250
"Tamil Nadu",Salem,"Elampillai(Uzhavar Sandhai )",Snakeguard,Snakeguard,Local,21/08/2026,3500,4000,3750
"Tamil Nadu",Salem,"Elampillai(Uzhavar Sandhai )","Green Avare(W)",Other,Local,21/08/2026,5500,6000,5750
"Tamil Nadu",Salem,"Elampillai(Uzhavar Sandhai )","Chow Chow","Chow Chow",Local,21/08/2026,3500,4000,3750
"Tamil Nadu",Salem,"Hasthampatti(Uzhavar Sandhai )",Cauliflower,Ranchi,Local,21/08/2026,2500,3000,2750
"Tamil Nadu",Salem,"Hasthampatti(Uzhavar Sandhai )",Brinjal,Round,Local,21/08/2026,3500,3800,3650
"Tamil Nadu",Salem,"Hasthampatti(Uzhavar Sandhai )","Bottle gourd","Bottle Gourd",Local,21/08/2026,2500,3000,2750
"Tamil Nadu",Salem,"Hasthampatti(Uzhavar Sandhai )","Green Chilli","Green Chilly",Local,21/08/2026,4800,5000,4900
"Tamil Nadu",Salem,"Hasthampatti(Uzhavar Sandhai )",Cowpea(Veg),"Cowpea (Veg)",Local,21/08/2026,4500,5000,4750
"Tamil Nadu",Salem,"Hasthampatti(Uzhavar Sandhai )",Beans,"Beans (Whole)",Local,21/08/2026,9000,9500,9250
"Tamil Nadu",Salem,"Hasthampatti(Uzhavar Sandhai )",Carrot,Pusakesar,Local,21/08/2026,8000,8400,8200
"Tamil Nadu",Salem,"Hasthampatti(Uzhavar Sandhai )",Cucumbar(Kheera),Cucumbar,Local,21/08/2026,4000,5000,4500
"Tamil Nadu",Salem,"Hasthampatti(Uzhavar Sandhai )",Ridgeguard(Tori),Ridgeguard(Tori),Local,21/08/2026,4000,4500,4250
"Tamil Nadu",Salem,"Hasthampatti(Uzhavar Sandhai )",Thondekai,Thondekai,Local,21/08/2026,4500,5000,4750
"Tamil Nadu",Salem,"Hasthampatti(Uzhavar Sandhai )",Guava,"Guava Allahabad",Local,21/08/2026,5500,6000,5750
"Tamil Nadu",Salem,"Hasthampatti(Uzhavar Sandhai )","Amla(Nelli Kai)",Amla,Local,21/08/2026,6500,7000,6750
"Tamil Nadu",Salem,"Jalagandapuram(Uzhavar Sandhai )",Brinjal,Round,Local,21/08/2026,3600,4000,3800
"Tamil Nadu",Salem,"Jalagandapuram(Uzhavar Sandhai )",Papaya,Papaya,Local,21/08/2026,2500,3000,2750
"Tamil Nadu",Salem,"Jalagandapuram(Uzhavar Sandhai )",Ginger(Green),"Green Ginger",Local,21/08/2026,16000,17000,16500
"Tamil Nadu",Salem,"Jalagandapuram(Uzhavar Sandhai )",Coconut,Coconut,Local,21/08/2026,5500,6000,5750
"Tamil Nadu",Salem,"Jalagandapuram(Uzhavar Sandhai )","Onion Green","Onion Green",Local,21/08/2026,5500,6000,5750
"Tamil Nadu",Sivaganga,"Singampunari(Uzhavar Sandhai )",Tomato,Other,Local,21/08/2026,2000,2200,2100
"Tamil Nadu",Sivaganga,"Singampunari(Uzhavar Sandhai )",Ashgourd,Gouard,Local,21/08/2026,2200,2600,2400
"Tamil Nadu",Sivaganga,"Singampunari(Uzhavar Sandhai )",Snakeguard,Snakeguard,Local,21/08/2026,3200,3800,3500
"Tamil Nadu",Sivaganga,"Karaikudi(Uzhavar Sandhai )",Onion,Bellary,Local,21/08/2026,5000,6400,5700
"Tamil Nadu",Sivaganga,"Karaikudi(Uzhavar Sandhai )",Potato,"Red Nanital",Local,21/08/2026,6000,6600,6300
"Tamil Nadu",Sivaganga,"Karaikudi(Uzhavar Sandhai )",Brinjal,Round,Local,21/08/2026,5500,6000,5750
"Tamil Nadu",Sivaganga,"Karaikudi(Uzhavar Sandhai )",Coconut,Coconut,Local,21/08/2026,6600,7200,6900
"Tamil Nadu",Sivaganga,"Karaikudi(Uzhavar Sandhai )",Carrot,Pusakesar,Local,21/08/2026,8500,9000,8750
"Tamil Nadu",Sivaganga,"Tirupatthur(Uzhavar Sandhai )",Onion,Bellary,Local,21/08/2026,4500,5000,4750
"Tamil Nadu",Sivaganga,"Tirupatthur(Uzhavar Sandhai )","Cluster beans","Cluster Beans",Local,21/08/2026,3500,4000,3750
"Tamil Nadu",Sivaganga,"Tirupatthur(Uzhavar Sandhai )","Bottle gourd","Bottle Gourd",Local,21/08/2026,3200,3500,3350
"Tamil Nadu",Sivaganga,"Tirupatthur(Uzhavar Sandhai )",Coconut,Coconut,Local,21/08/2026,6500,7000,6750
"Tamil Nadu",Sivaganga,"Tirupatthur(Uzhavar Sandhai )",Beetroot,Beetroot,Local,21/08/2026,5500,6000,5750
"Tamil Nadu",Sivaganga,"Tirupatthur(Uzhavar Sandhai )","Green Avare(W)","Green Avare (W)",Local,21/08/2026,4400,5500,4950
"Tamil Nadu",Sivaganga,"Tirupatthur(Uzhavar Sandhai )","Elephant Yam(Suran)/Amorphophallus","Elephant Yam (Suran)",Local,21/08/2026,4500,5000,4750
"Tamil Nadu",Sivaganga,"Tirupatthur(Uzhavar Sandhai )",Lemon,Lemon,Local,21/08/2026,14400,15500,14950
"Tamil Nadu",Thanjavur,"Pattukottai(Uzhavar Sandhai )",Cauliflower,Ranchi,Local,21/08/2026,4800,4800,4800
"Tamil Nadu",Thanjavur,"Pattukottai(Uzhavar Sandhai )","Bitter gourd","Bitter Gourd",Local,21/08/2026,6000,6000,6000
"Tamil Nadu",Thanjavur,"Pattukottai(Uzhavar Sandhai )","Bottle gourd","Bottle Gourd",Local,21/08/2026,2600,2600,2600
"Tamil Nadu",Thanjavur,"Pattukottai(Uzhavar Sandhai )","Banana - Green","Banana - Green",Local,21/08/2026,3000,3000,3000
"Tamil Nadu",Thanjavur,"Pattukottai(Uzhavar Sandhai )",Beans,"Beans (Whole)",Local,21/08/2026,9600,9600,9600
"Tamil Nadu",Thanjavur,"Pattukottai(Uzhavar Sandhai )",Ridgeguard(Tori),Ridgeguard(Tori),Local,21/08/2026,5600,5600,5600
"Tamil Nadu",Thanjavur,"Pattukottai(Uzhavar Sandhai )","Chow Chow","Chow Chow",Local,21/08/2026,4400,4400,4400
"Tamil Nadu",Thanjavur,"Pattukottai(Uzhavar Sandhai )","Elephant Yam(Suran)/Amorphophallus","Elephant Yam (Suran)",Local,21/08/2026,4500,4500,4500
"Tamil Nadu",Thanjavur,"Thanjavur(Uzhavar Sandhai )",Ginger(Green),"Green Ginger",Local,21/08/2026,20000,20000,20000
"Tamil Nadu",Thanjavur,"Thanjavur(Uzhavar Sandhai )","Betal Leaves",Mysore,Local,21/08/2026,18000,18000,18000
"Tamil Nadu",Thanjavur,"Thanjavur(Uzhavar Sandhai )","Sweet Potato","Hosur Red",Local,21/08/2026,6000,6000,6000
"Tamil Nadu",Thanjavur,"Thanjavur(Uzhavar Sandhai )",Carrot,Pusakesar,Local,21/08/2026,8000,8000,8000
"Tamil Nadu",Thanjavur,"Thanjavur(Uzhavar Sandhai )",Ridgeguard(Tori),Ridgeguard(Tori),Local,21/08/2026,5600,5600,5600
"Tamil Nadu",Thanjavur,"Thanjavur(Uzhavar Sandhai )","Green Avare(W)","Green Avare (W)",Local,21/08/2026,5400,5400,5400
"Tamil Nadu",Thanjavur,"Thanjavur(Uzhavar Sandhai )",Pomegranate,Pomogranate,Local,21/08/2026,24000,24000,24000
"Tamil Nadu",Thanjavur,"Thanjavur(Uzhavar Sandhai )","Elephant Yam(Suran)/Amorphophallus","Elephant Yam (Suran)",Local,21/08/2026,5000,5000,5000
"Tamil Nadu",Thiruchirappalli,"KKNagar(Uzhavar Sandhai )",Papaya,Papaya,Local,21/08/2026,4000,4000,4000
"Tamil Nadu",Thiruchirappalli,"KKNagar(Uzhavar Sandhai )","Bottle gourd","Bottle Gourd",Local,21/08/2026,3000,3000,3000
"Tamil Nadu",Thiruchirappalli,"KKNagar(Uzhavar Sandhai )",Cowpea(Veg),"Cowpea (Veg)",Local,21/08/2026,4000,4000,4000
"Tamil Nadu",Thiruchirappalli,"KKNagar(Uzhavar Sandhai )",Cabbage,Cabbage,Local,21/08/2026,3000,3000,3000
"Tamil Nadu",Thiruchirappalli,"KKNagar(Uzhavar Sandhai )",Beetroot,Beetroot,Local,21/08/2026,5000,5000,5000
"Tamil Nadu",Thiruchirappalli,"KKNagar(Uzhavar Sandhai )",Ridgeguard(Tori),Ridgeguard(Tori),Local,21/08/2026,6000,6000,6000
"Tamil Nadu",Thiruchirappalli,"KKNagar(Uzhavar Sandhai )",Yam(Ratalu),"Yam (Ratalu)",Local,21/08/2026,10000,10000,10000
"Tamil Nadu",Thiruchirappalli,"KKNagar(Uzhavar Sandhai )",Colacasia,Colacasia,Local,21/08/2026,6000,6000,6000
"Tamil Nadu",Thiruchirappalli,"KKNagar(Uzhavar Sandhai )","Amla(Nelli Kai)",Amla,Local,21/08/2026,8000,9000,8500
"Tamil Nadu",Thiruchirappalli,"KKNagar(Uzhavar Sandhai )","Sweet Corn ","Sweet Corn ",Local,21/08/2026,3000,3000,3000
"Tamil Nadu",Thiruchirappalli,"Lalgudi(Uzhavar Sandhai )",Cauliflower,Ranchi,Local,21/08/2026,4000,4000,4000
"Tamil Nadu",Thiruchirappalli,"Lalgudi(Uzhavar Sandhai )",Amaranthus,Amaranthus,Local,21/08/2026,1500,1500,1500
"Tamil Nadu",Thiruchirappalli,"Lalgudi(Uzhavar Sandhai )",Ginger(Green),"Green Ginger",Local,21/08/2026,18000,18000,18000
"Tamil Nadu",Thiruchirappalli,"Lalgudi(Uzhavar Sandhai )",Yam(Ratalu),"Yam (Ratalu)",Local,21/08/2026,7600,7600,7600
"Tamil Nadu",Thiruchirappalli,"Lalgudi(Uzhavar Sandhai )","Indian Beans(Seam)","Indian Beans (Seam)",Local,21/08/2026,7000,7000,7000
"Tamil Nadu",Thiruchirappalli,"Lalgudi(Uzhavar Sandhai )",Lemon,Lemon,Local,21/08/2026,12000,12000,12000
"Tamil Nadu",Thiruchirappalli,"Lalgudi(Uzhavar Sandhai )",Mint(Pudina),Mint(Pudina),Local,21/08/2026,4600,4600,4600
"Tamil Nadu",Thiruchirappalli,"Manachanallur(Uzhavar Sandhai )",Garlic,Garlic,Local,21/08/2026,16000,16000,16000
"Tamil Nadu",Thiruchirappalli,"Manachanallur(Uzhavar Sandhai )",Cauliflower,Ranchi,Local,21/08/2026,4000,4000,4000
"Tamil Nadu",Thiruchirappalli,"Manachanallur(Uzhavar Sandhai )",Pumpkin,Pumpkin,Local,21/08/2026,2000,2000,2000
"Tamil Nadu",Thiruchirappalli,"Manachanallur(Uzhavar Sandhai )",Snakeguard,Snakeguard,Local,21/08/2026,3600,3600,3600
"Tamil Nadu",Thiruchirappalli,"Manachanallur(Uzhavar Sandhai )",Ridgeguard(Tori),Ridgeguard(Tori),Local,21/08/2026,6000,6000,6000
"Tamil Nadu",Thiruchirappalli,"Manachanallur(Uzhavar Sandhai )",Raddish,Raddish,Local,21/08/2026,3600,3600,3600
"Tamil Nadu",Thiruchirappalli,"Manapparai(Uzhavar Sandhai )",Grapes,Annabesahai,Local,21/08/2026,8000,8000,8000
"Tamil Nadu",Thiruchirappalli,"Manapparai(Uzhavar Sandhai )",Chikoos(Sapota),Sapota,Local,21/08/2026,4000,4000,4000
"Tamil Nadu",Thiruchirappalli,"Manapparai(Uzhavar Sandhai )",Tomato,Other,Local,21/08/2026,2500,2500,2500
"Tamil Nadu",Thiruchirappalli,"Manapparai(Uzhavar Sandhai )","Cluster beans","Cluster Beans",Local,21/08/2026,4000,4000,4000
"Tamil Nadu",Thiruchirappalli,"Manapparai(Uzhavar Sandhai )","Bhindi(Ladies Finger)",Bhindi,Local,21/08/2026,4000,4000,4000
"Tamil Nadu",Thiruchirappalli,"Manapparai(Uzhavar Sandhai )",Carrot,Pusakesar,Local,21/08/2026,8500,8500,8500
"Tamil Nadu",Thiruchirappalli,"Manapparai(Uzhavar Sandhai )",Cabbage,Cabbage,Local,21/08/2026,3000,3000,3000
"Tamil Nadu",Thiruchirappalli,"Manapparai(Uzhavar Sandhai )",Snakeguard,Snakeguard,Local,21/08/2026,3600,4000,3800
"Tamil Nadu",Thiruchirappalli,"Manapparai(Uzhavar Sandhai )",Ridgeguard(Tori),Ridgeguard(Tori),Local,21/08/2026,6000,6000,6000
"Tamil Nadu",Thiruchirappalli,"Manapparai(Uzhavar Sandhai )",Raddish,Raddish,Local,21/08/2026,3000,3600,3300
"Tamil Nadu",Thiruchirappalli,"Manapparai(Uzhavar Sandhai )","Chow Chow","Chow Chow",Local,21/08/2026,4000,4000,4000
"Tamil Nadu",Thiruchirappalli,"Manapparai(Uzhavar Sandhai )",Drumstick,Drumstick,Local,21/08/2026,3600,3600,3600
"Tamil Nadu",Thiruchirappalli,"Manapparai(Uzhavar Sandhai )","Knool Khol","Knool Khol",Local,21/08/2026,4200,4200,4200
"Tamil Nadu",Thiruchirappalli,"Musiri(Uzhavar Sandhai )",Potato,Other,Local,21/08/2026,2600,3000,2800
"Tamil Nadu",Thiruchirappalli,"Musiri(Uzhavar Sandhai )",Coriander(Leaves),"I Sort",Local,21/08/2026,2600,3000,2800
"Tamil Nadu",Thiruchirappalli,"Musiri(Uzhavar Sandhai )","Green Chilli","Green Chilly",Local,21/08/2026,4600,5200,4900
"Tamil Nadu",Thiruchirappalli,"Musiri(Uzhavar Sandhai )","Betal Leaves",Mysore,Local,21/08/2026,7000,8000,7500
"Tamil Nadu",Thiruchirappalli,"Musiri(Uzhavar Sandhai )",Carrot,Pusakesar,Local,21/08/2026,8000,8500,8250
"Tamil Nadu",Thiruchirappalli,"Musiri(Uzhavar Sandhai )",Snakeguard,Snakeguard,Local,21/08/2026,3600,4000,3800
"Tamil Nadu",Thiruchirappalli,"Musiri(Uzhavar Sandhai )",Ridgeguard(Tori),Ridgeguard(Tori),Local,21/08/2026,5000,5600,5300
"Tamil Nadu",Thiruchirappalli,"Musiri(Uzhavar Sandhai )",Raddish,Raddish,Local,21/08/2026,3000,3600,3300
"Tamil Nadu",Thiruchirappalli,"Musiri(Uzhavar Sandhai )","Green Avare(W)","Green Avare (W)",Local,21/08/2026,4600,7000,5800
"Tamil Nadu",Thiruchirappalli,"Musiri(Uzhavar Sandhai )",Drumstick,Drumstick,Local,21/08/2026,2500,3000,2750
"Tamil Nadu",Thiruchirappalli,"Musiri(Uzhavar Sandhai )",Lime,Lime,Local,21/08/2026,4000,4000,4000
"Tamil Nadu",Thiruchirappalli,"Musiri(Uzhavar Sandhai )",Yam(Ratalu),"Yam (Ratalu)",Local,21/08/2026,7000,8000,7500
"Tamil Nadu",Thiruchirappalli,"Musiri(Uzhavar Sandhai )","Indian Beans(Seam)","Indian Beans (Seam)",Local,21/08/2026,6000,7000,6500
"Tamil Nadu",Thiruchirappalli,"Thiruverumbur(Uzhavar Sandhai )","Cluster beans","Cluster Beans",Local,21/08/2026,3600,3600,3600
"Tamil Nadu",Thiruchirappalli,"Thiruverumbur(Uzhavar Sandhai )",Pumpkin,Pumpkin,Local,21/08/2026,2000,2000,2000
"Tamil Nadu",Thiruchirappalli,"Thiruverumbur(Uzhavar Sandhai )",Thondekai,Thondekai,Local,21/08/2026,5000,5000,5000
"Tamil Nadu",Thiruchirappalli,"Thiruverumbur(Uzhavar Sandhai )",Drumstick,Drumstick,Local,21/08/2026,3500,3500,3500
"Tamil Nadu",Virudhunagar,"Rajapalayam(Uzhavar Sandhai )","Bhindi(Ladies Finger)",Bhindi,Local,21/08/2026,3800,4800,4300
"Tamil Nadu",Virudhunagar,"Rajapalayam(Uzhavar Sandhai )","Banana - Green","Banana - Green",Local,21/08/2026,3000,3600,3300
"Tamil Nadu",Virudhunagar,"Rajapalayam(Uzhavar Sandhai )","Onion Green","Onion Green",Local,21/08/2026,6000,7000,6500
"Tamil Nadu",Virudhunagar,"Sathur(Uzhavar Sandhai )",Banana,Besrai,Local,21/08/2026,3500,4000,3750
"Tamil Nadu",Virudhunagar,"Sathur(Uzhavar Sandhai )",Tomato,Deshi,Local,21/08/2026,1800,2000,1900
"Tamil Nadu",Virudhunagar,"Sathur(Uzhavar Sandhai )","Cluster beans","Cluster Beans",Local,21/08/2026,3500,4000,3750
"Tamil Nadu",Virudhunagar,"Sathur(Uzhavar Sandhai )","Bhindi(Ladies Finger)",Bhindi,Local,21/08/2026,3500,4000,3750
"Tamil Nadu",Virudhunagar,"Sathur(Uzhavar Sandhai )",Carrot,Pusakesar,Local,21/08/2026,4500,5000,4750
"Tamil Nadu",Virudhunagar,"Sathur(Uzhavar Sandhai )",Guava,"Guava Allahabad",Local,21/08/2026,4500,5000,4750
"Tamil Nadu",Virudhunagar,"Sivakasi(Uzhavar Sandhai )",Banana,Besrai,Local,21/08/2026,3500,4000,3750
"Tamil Nadu",Virudhunagar,"Sivakasi(Uzhavar Sandhai )",Brinjal,Round,Local,21/08/2026,2500,3000,2750
"Tamil Nadu",Virudhunagar,"Sivakasi(Uzhavar Sandhai )",Ginger(Green),"Green Ginger",Local,21/08/2026,14000,16000,15000
"Tamil Nadu",Virudhunagar,"Sivakasi(Uzhavar Sandhai )",Carrot,Pusakesar,Local,21/08/2026,5000,6000,5500
"Tamil Nadu",Virudhunagar,"Sivakasi(Uzhavar Sandhai )","Green Avare(W)","Green Avare (W)",Local,21/08/2026,5000,6000,5500
"Tamil Nadu",Virudhunagar,"Sivakasi(Uzhavar Sandhai )","Elephant Yam(Suran)/Amorphophallus","Elephant Yam (Suran)",Local,21/08/2026,4000,5000,4500
"Tamil Nadu",Virudhunagar,"Sivakasi(Uzhavar Sandhai )","Onion Green","Onion Green",Local,21/08/2026,6000,7000,6500
"Tamil Nadu",Virudhunagar,"Sivakasi(Uzhavar Sandhai )",Mint(Pudina),Mint(Pudina),Local,21/08/2026,5000,6000,5500
"Tamil Nadu",Virudhunagar,"Thalavaipuram(Uzhavar Sandhai )",Brinjal,Round,Local,21/08/2026,2800,3500,3150
"Tamil Nadu",Virudhunagar,"Thalavaipuram(Uzhavar Sandhai )",Coriander(Leaves),"I Sort",Local,21/08/2026,4000,5000,4500
"Tamil Nadu",Virudhunagar,"Thalavaipuram(Uzhavar Sandhai )",Tomato,Deshi,Local,21/08/2026,1200,1600,1400
"Tamil Nadu",Virudhunagar,"Thalavaipuram(Uzhavar Sandhai )","Bhindi(Ladies Finger)",Bhindi,Local,21/08/2026,4000,4800,4400
"Tamil Nadu",Virudhunagar,"Thalavaipuram(Uzhavar Sandhai )",Ridgeguard(Tori),Ridgeguard(Tori),Local,21/08/2026,2800,3500,3150
"Tamil Nadu",Virudhunagar,"Thalavaipuram(Uzhavar Sandhai )","Chow Chow","Chow Chow",Local,21/08/2026,2500,3000,2750
"Tamil Nadu",Virudhunagar,"Virudhunagar(Uzhavar Sandhai )",Potato,"Red Nanital",Local,21/08/2026,3000,3500,3250
"Tamil Nadu",Virudhunagar,"Virudhunagar(Uzhavar Sandhai )",Chikoos(Sapota),Sapota,Local,21/08/2026,3500,4000,3750
"Tamil Nadu",Virudhunagar,"Virudhunagar(Uzhavar Sandhai )","Cluster beans","Cluster Beans",Local,21/08/2026,3500,4000,3750
"Tamil Nadu",Virudhunagar,"Virudhunagar(Uzhavar Sandhai )","Green Chilli","Green Chilly",Local,21/08/2026,5500,6000,5750
"Tamil Nadu",Virudhunagar,"Virudhunagar(Uzhavar Sandhai )",Beetroot,Beetroot,Local,21/08/2026,3500,4000,3750
"Tamil Nadu",Virudhunagar,"Virudhunagar(Uzhavar Sandhai )","Green Avare(W)","Green Avare (W)",Local,21/08/2026,6500,7000,6750
"Tamil Nadu",Chengalpattu,"Madhuranthagam(Uzhavar Sandhai )",Banana,Poovan,Local,21/08/2026,3000,4000,3500
"Tamil Nadu",Chengalpattu,"Madhuranthagam(Uzhavar Sandhai )","Bitter gourd","Bitter Gourd",Local,21/08/2026,4000,4000,4000
"Tamil Nadu",Chengalpattu,"Madhuranthagam(Uzhavar Sandhai )","Bhindi(Ladies Finger)",Bhindi,Local,21/08/2026,5000,5000,5000
"Tamil Nadu",Chengalpattu,"Madhuranthagam(Uzhavar Sandhai )","Green Avare(W)",Other,Local,21/08/2026,5000,5000,5000
"Tamil Nadu",Chengalpattu,"Madhuranthagam(Uzhavar Sandhai )","Onion Green","Onion Green",Local,21/08/2026,6000,6000,6000
"Tamil Nadu",Chengalpattu,"Nanganallur(Uzhavar Sandhai )",Orange,Darjeeling,Local,21/08/2026,14000,15000,14500
"Tamil Nadu",Chengalpattu,"Nanganallur(Uzhavar Sandhai )",Potato,"Red Nanital",Local,21/08/2026,3500,4000,3750
"Tamil Nadu",Chengalpattu,"Nanganallur(Uzhavar Sandhai )","Water Melon","Water Melon",Local,21/08/2026,2000,2500,2250
"Tamil Nadu",Chengalpattu,"Nanganallur(Uzhavar Sandhai )","Bhindi(Ladies Finger)",Bhindi,Local,21/08/2026,3500,4000,3750
"Tamil Nadu",Chengalpattu,"Nanganallur(Uzhavar Sandhai )","Sweet Potato","Hosur Red",Local,21/08/2026,5000,6000,5500
"Tamil Nadu",Chengalpattu,"Nanganallur(Uzhavar Sandhai )",Beetroot,Beetroot,Local,21/08/2026,5500,6000,5750
"Tamil Nadu",Chengalpattu,"Nanganallur(Uzhavar Sandhai )",Capsicum,Capsicum,Local,21/08/2026,5500,6000,5750
"Tamil Nadu",Chengalpattu,"Nanganallur(Uzhavar Sandhai )",Pomegranate,Pomogranate,Local,21/08/2026,13000,14000,13500
"Tamil Nadu",Chengalpattu,"Pallavaram(Uzhavar Sandhai )",Potato,"Red Nanital",Local,21/08/2026,2500,3000,2750
"Tamil Nadu",Chengalpattu,"Pallavaram(Uzhavar Sandhai )",Cauliflower,Ranchi,Local,21/08/2026,2500,3000,2750
"Tamil Nadu",Chengalpattu,"Pallavaram(Uzhavar Sandhai )",Tapioca,Tapioca,Local,21/08/2026,3500,4000,3750
"Tamil Nadu",Chengalpattu,"Pallavaram(Uzhavar Sandhai )",Carrot,Pusakesar,Local,21/08/2026,8000,9000,8500
"Tamil Nadu",Chengalpattu,"Pallavaram(Uzhavar Sandhai )",Cabbage,Cabbage,Local,21/08/2026,2000,2500,2250
"Tamil Nadu",Chengalpattu,"Pallavaram(Uzhavar Sandhai )","Elephant Yam(Suran)/Amorphophallus","Elephant Yam (Suran)",Local,21/08/2026,5000,6000,5500
"Tamil Nadu","Nagercoil (Kannyiakumari)","Myladi(Uzhavar Sandhai )",Brinjal,Round,Local,21/08/2026,6500,7000,6750
"Tamil Nadu","Nagercoil (Kannyiakumari)","Myladi(Uzhavar Sandhai )",Papaya,Papaya,Local,21/08/2026,2500,3000,2750
"Tamil Nadu","Nagercoil (Kannyiakumari)","Myladi(Uzhavar Sandhai )",Ashgourd,Gouard,Local,21/08/2026,1800,2000,1900
"Tamil Nadu","Nagercoil (Kannyiakumari)","Myladi(Uzhavar Sandhai )",Pumpkin,Pumpkin,Local,21/08/2026,1800,2000,1900
"Tamil Nadu","Nagercoil (Kannyiakumari)","Myladi(Uzhavar Sandhai )",Amaranthus,Amaranthus,Local,21/08/2026,1200,1500,1350
"Tamil Nadu","Nagercoil (Kannyiakumari)","Myladi(Uzhavar Sandhai )",Ginger(Green),"Green Ginger",Local,21/08/2026,19000,20000,19500
"Tamil Nadu","Nagercoil (Kannyiakumari)","Myladi(Uzhavar Sandhai )",Cucumbar(Kheera),Cucumbar,Local,21/08/2026,2200,2500,2350
"Tamil Nadu",Chengalpattu,"Jameenrayapettai(Uzhavar Sandhai )",Orange,Darjeeling,Local,21/08/2026,12000,13000,12500
"Tamil Nadu",Chengalpattu,"Jameenrayapettai(Uzhavar Sandhai )",Banana,"Red Banana",Local,21/08/2026,8000,9000,8500
"Tamil Nadu",Chengalpattu,"Jameenrayapettai(Uzhavar Sandhai )",Amaranthus,Amaranthus,Local,21/08/2026,2000,2500,2250
"Tamil Nadu",Chengalpattu,"Jameenrayapettai(Uzhavar Sandhai )",Coconut,Coconut,Local,21/08/2026,6000,7000,6500
"Tamil Nadu",Chengalpattu,"Jameenrayapettai(Uzhavar Sandhai )",Carrot,Pusakesar,Local,21/08/2026,8000,9000,8500
"Tamil Nadu",Chengalpattu,"Jameenrayapettai(Uzhavar Sandhai )",Cabbage,Cabbage,Local,21/08/2026,2000,2500,2250
"Tamil Nadu",Chengalpattu,"Jameenrayapettai(Uzhavar Sandhai )",Cucumbar(Kheera),Cucumbar,Local,21/08/2026,5000,6000,5500
"Tamil Nadu",Chengalpattu,"Jameenrayapettai(Uzhavar Sandhai )",Lemon,Lemon,Local,21/08/2026,20000,22000,21000
"Tamil Nadu",Chengalpattu,"Jameenrayapettai(Uzhavar Sandhai )",Colacasia,Colacasia,Local,21/08/2026,5000,6000,5500
"Tamil Nadu",Chengalpattu,"Jameenrayapettai(Uzhavar Sandhai )","Onion Green","Onion Green",Local,21/08/2026,9000,10000,9500
"Tamil Nadu",Chengalpattu,"Jameenrayapettai(Uzhavar Sandhai )","Tube Rose(Loose)","Tube Rose (Loose)",Local,21/08/2026,18000,20000,19000
"Tamil Nadu",Thirupur,"Dharapuram(Uzhavar Sandhai )",Potato,Other,Local,21/08/2026,7000,7500,7250
"Tamil Nadu",Thirupur,"Dharapuram(Uzhavar Sandhai )",Cauliflower,Ranchi,Local,21/08/2026,3000,3500,3250
"Tamil Nadu",Thirupur,"Dharapuram(Uzhavar Sandhai )",Brinjal,Round,Local,21/08/2026,5000,5500,5250
"Tamil Nadu",Thirupur,"Dharapuram(Uzhavar Sandhai )",Coriander(Leaves),"I Sort",Local,21/08/2026,3500,4000,3750
"Tamil Nadu",Thirupur,"Dharapuram(Uzhavar Sandhai )","Bhindi(Ladies Finger)",Bhindi,Local,21/08/2026,4500,5000,4750
"Tamil Nadu",Thirupur,"Dharapuram(Uzhavar Sandhai )",Amaranthus,Amaranthus,Local,21/08/2026,2500,3000,2750
"Tamil Nadu",Thirupur,"Dharapuram(Uzhavar Sandhai )",Snakeguard,Snakeguard,Local,21/08/2026,3400,3800,3600
"Tamil Nadu",Thirupur,"Dharapuram(Uzhavar Sandhai )",Ridgeguard(Tori),Ridgeguard(Tori),Local,21/08/2026,5000,5500,5250
"Tamil Nadu",Thirupur,"Dharapuram(Uzhavar Sandhai )",Guava,"Guava Allahabad",Local,21/08/2026,3500,4000,3750
"Tamil Nadu",Thirupur,"Dharapuram(Uzhavar Sandhai )","Elephant Yam(Suran)/Amorphophallus","Elephant Yam (Suran)",Local,21/08/2026,4500,5000,4750
"Tamil Nadu",Thirupur,"Dharapuram(Uzhavar Sandhai )","Onion Green","Onion Green",Local,21/08/2026,6500,7500,7000
"Tamil Nadu",Thirupur,"Palladam(Uzhavar Sandhai )","Bottle gourd","Bottle Gourd",Local,21/08/2026,1500,2000,1750
"Tamil Nadu",Thirupur,"Palladam(Uzhavar Sandhai )",Coconut,Coconut,Local,21/08/2026,5000,6000,5500
"Tamil Nadu",Thirupur,"Palladam(Uzhavar Sandhai )",Cabbage,Cabbage,Local,21/08/2026,2500,3000,2750
"Tamil Nadu",Thirupur,"Palladam(Uzhavar Sandhai )",Beetroot,Beetroot,Local,21/08/2026,2500,3000,2750
"Tamil Nadu",Thirupur,"Palladam(Uzhavar Sandhai )","Green Avare(W)",Other,Local,21/08/2026,6500,7000,6750
"Tamil Nadu",Thirupur,"Palladam(Uzhavar Sandhai )","Onion Green","Onion Green",Local,21/08/2026,6000,7000,6500
Bihar,Muzaffarpur,"Bhagwanpur Mandi APMC",Cauliflower,"African Sarson",FAQ,21/08/2026,6300,6300,6300
Bihar,Muzaffarpur,"Bhagwanpur Mandi APMC",Onion,Medium,"Grade C",21/08/2026,3200,3200,3200
"Tamil Nadu",Kallakuruchi,"Kallakurichi(Uzhavar Sandhai )",Groundnut,"Big (With Shell)",Local,21/08/2026,7000,7000,7000
"Tamil Nadu",Kallakuruchi,"Kallakurichi(Uzhavar Sandhai )","Bhindi(Ladies Finger)",Bhindi,Local,21/08/2026,3000,3000,3000
"Tamil Nadu",Kallakuruchi,"Kallakurichi(Uzhavar Sandhai )",Amaranthus,Amaranthus,Local,21/08/2026,3000,3000,3000
"Tamil Nadu",Kallakuruchi,"Kallakurichi(Uzhavar Sandhai )",Ginger(Green),"Green Ginger",Local,21/08/2026,22000,22000,22000
"Tamil Nadu",Kallakuruchi,"Kallakurichi(Uzhavar Sandhai )",Snakeguard,Snakeguard,Local,21/08/2026,4000,4000,4000
"Tamil Nadu",Kallakuruchi,"Kallakurichi(Uzhavar Sandhai )",Raddish,Raddish,Local,21/08/2026,5000,5000,5000
"Tamil Nadu",Kallakuruchi,"Kallakurichi(Uzhavar Sandhai )","Green Avare(W)","Green Avare (W)",Local,21/08/2026,7000,7000,7000
"Tamil Nadu",Kallakuruchi,"Kallakurichi(Uzhavar Sandhai )",Guava,"Guava Allahabad",Local,21/08/2026,5000,5000,5000
"Tamil Nadu",Kallakuruchi,"Kallakurichi(Uzhavar Sandhai )","Amla(Nelli Kai)",Amla,Local,21/08/2026,8000,8000,8000
Punjab,Pathankot,"Pathankot APMC","Bitter gourd","Bitter Gourd",Medium,21/08/2026,1300,1300,1300
Punjab,Pathankot,"Pathankot APMC","Mousambi(Sweet Lime)",Mousambi,Medium,21/08/2026,4200,4200,4200
"Andhra Pradesh",Srikakulam,"Jalumuru APMC",Paddy(Common),1121,FAQ,21/08/2026,2369,2369,2369
"Tamil Nadu",Thirupathur,"Natrampalli(Uzhavar Sandhai )",Tomato,Deshi,Local,21/08/2026,1500,2000,1750
"Tamil Nadu",Thirupathur,"Natrampalli(Uzhavar Sandhai )","Bottle gourd","Bottle Gourd",Local,21/08/2026,1500,2000,1750
"Tamil Nadu",Thirupathur,"Natrampalli(Uzhavar Sandhai )",Beans,"Beans (Whole)",Local,21/08/2026,8000,10000,9000
"Tamil Nadu",Thirupathur,"Natrampalli(Uzhavar Sandhai )",Snakeguard,Snakeguard,Local,21/08/2026,3000,4000,3500
"Tamil Nadu",Thirupathur,"Natrampalli(Uzhavar Sandhai )",Drumstick,Drumstick,Local,21/08/2026,4000,5000,4500
"Andhra Pradesh",Palnadu,"Macharla APMC",Paddy(Common),"B P T","Grade Range-1",21/08/2026,2550,2550,2550
"Andhra Pradesh",Ananthapuramu,"Kalyandurg APMC",Groundnut,Local,"Grade Range-1",21/08/2026,8000,8500,8300
"Andhra Pradesh",Ananthapuramu,"Gooti APMC","Red gram/Arhar/Tur(whole)",Local,"Grade Range-1",21/08/2026,3800,5970,4700
"Tamil Nadu",Salem,"Athur(Uzhavar Sandhai )",Banana,"Red Banana",Local,21/08/2026,7000,7500,7250
"Tamil Nadu",Salem,"Athur(Uzhavar Sandhai )","Water Melon","Water Melon",Local,21/08/2026,1500,2000,1750
"Tamil Nadu",Salem,"Athur(Uzhavar Sandhai )","Cluster beans","Cluster Beans",Local,21/08/2026,3000,3500,3250
"Tamil Nadu",Salem,"Athur(Uzhavar Sandhai )",Amaranthus,Amaranthus,Local,21/08/2026,2000,2500,2250
"Tamil Nadu",Salem,"Athur(Uzhavar Sandhai )",Tapioca,Tapioca,Local,21/08/2026,2500,3000,2750
"Tamil Nadu",Salem,"Athur(Uzhavar Sandhai )",Carrot,Pusakesar,Local,21/08/2026,7000,8200,7600
"Tamil Nadu",Salem,"Athur(Uzhavar Sandhai )",Drumstick,Drumstick,Local,21/08/2026,1500,2000,1750
"Tamil Nadu",Salem,"Athur(Uzhavar Sandhai )","Tamarind Fruit","Tamarind Fruit",Local,21/08/2026,12000,13000,12500
"Tamil Nadu",Salem,"Athur(Uzhavar Sandhai )","Onion Green","Onion Green",Local,21/08/2026,5000,6000,5500
"Tamil Nadu",Salem,"Athur(Uzhavar Sandhai )","Tube Rose(Loose)","Tube Rose (Loose)",Local,21/08/2026,20000,25000,22500
"Tamil Nadu",Theni,"Periyakulam(Uzhavar Sandhai )","Bottle gourd","Bottle Gourd",Local,21/08/2026,1800,2000,1900
"Tamil Nadu",Theni,"Periyakulam(Uzhavar Sandhai )","Bhindi(Ladies Finger)",Bhindi,Local,21/08/2026,4600,4800,4700
"Tamil Nadu",Theni,"Periyakulam(Uzhavar Sandhai )","Green Chilli","Green Chilly",Local,21/08/2026,4500,5000,4750
"Tamil Nadu",Theni,"Periyakulam(Uzhavar Sandhai )",Coconut,Coconut,Local,21/08/2026,5400,5600,5500
"Tamil Nadu",Theni,"Periyakulam(Uzhavar Sandhai )",Carrot,Pusakesar,Local,21/08/2026,6500,7000,6750
"Tamil Nadu",Theni,"Periyakulam(Uzhavar Sandhai )",Snakeguard,Snakeguard,Local,21/08/2026,3000,3500,3250
"Tamil Nadu",Theni,"Periyakulam(Uzhavar Sandhai )",Yam(Ratalu),"Yam (Ratalu)",Local,21/08/2026,7500,8000,7750
"Tamil Nadu",Virudhunagar,"Srivilliputhur(Uzhavar Sandhai )",Beans,"Beans (Whole)",Local,21/08/2026,7500,9000,8250
"Tamil Nadu",Virudhunagar,"Srivilliputhur(Uzhavar Sandhai )",Beetroot,Beetroot,Local,21/08/2026,4000,5000,4500
Rajasthan,Rajsamand,"Rajsamand APMC",Potato,Potato,FAQ,21/08/2026,500,900,700
Rajasthan,Rajsamand,"Rajsamand APMC",Tomato,Tomato,FAQ,21/08/2026,2000,2500,2250
"West Bengal",Bankura,"Khatra APMC",Paddy(Common),"Swarna Masuri (New)",FAQ,21/08/2026,2300,2389,2369
"West Bengal",Bankura,"Khatra APMC",Rice,Common,FAQ,21/08/2026,3800,3900,3850
"West Bengal",Bankura,"Khatra APMC",Tomato,Tomato,FAQ,21/08/2026,2500,3000,2800
"Tamil Nadu",Coimbatore,"Vadavalli(Uzhavar Sandhai )",Orange,Darjeeling,Local,21/08/2026,8000,14000,11000
"Tamil Nadu",Coimbatore,"Vadavalli(Uzhavar Sandhai )",Banana,"Red Banana",Local,21/08/2026,8000,8600,8300
"Tamil Nadu",Coimbatore,"Vadavalli(Uzhavar Sandhai )",Grapes,Annabesahai,Local,21/08/2026,9000,10000,9500
"Tamil Nadu",Coimbatore,"Vadavalli(Uzhavar Sandhai )",Potato,Other,Local,21/08/2026,6000,6400,6200
"Tamil Nadu",Coimbatore,"Vadavalli(Uzhavar Sandhai )",Coriander(Leaves),"I Sort",Local,21/08/2026,3500,4000,3750
"Tamil Nadu",Coimbatore,"Vadavalli(Uzhavar Sandhai )",Ashgourd,Gouard,Local,21/08/2026,1800,2000,1900
"Tamil Nadu",Coimbatore,"Vadavalli(Uzhavar Sandhai )",Amaranthus,Amaranthus,Local,21/08/2026,5400,6200,5800
"Tamil Nadu",Coimbatore,"Vadavalli(Uzhavar Sandhai )",Beans,"Beans (Whole)",Local,21/08/2026,8000,8500,8250
"Tamil Nadu",Coimbatore,"Vadavalli(Uzhavar Sandhai )",Coconut,Coconut,Local,21/08/2026,5400,5800,5600
"Tamil Nadu",Coimbatore,"Vadavalli(Uzhavar Sandhai )",Cabbage,Cabbage,Local,21/08/2026,2200,2800,2500
"Tamil Nadu",Coimbatore,"Vadavalli(Uzhavar Sandhai )",Snakeguard,Snakeguard,Local,21/08/2026,2800,3500,3150
"Tamil Nadu",Coimbatore,"Vadavalli(Uzhavar Sandhai )",Cucumbar(Kheera),Cucumbar,Local,21/08/2026,4000,4400,4200
"Tamil Nadu",Coimbatore,"Vadavalli(Uzhavar Sandhai )","Green Avare(W)",Other,Local,21/08/2026,3800,4400,4100
"Tamil Nadu",Coimbatore,"Vadavalli(Uzhavar Sandhai )",Guava,"Guava Allahabad",Local,21/08/2026,4500,5500,5000
"Tamil Nadu",Coimbatore,"Vadavalli(Uzhavar Sandhai )",Yam(Ratalu),"Yam (Ratalu)",Local,21/08/2026,9000,9600,9300
Keralam,Wayanad,"Pulpally Market",Coffee,Other,Local,21/08/2026,21500,21700,21600
"West Bengal",Darjeeling,"Karsiyang(Matigara) APMC",Potato,Red,FAQ,21/08/2026,1400,1600,1500
"West Bengal",Darjeeling,"Darjeeling APMC","Squash(Chappal Kadoo)",Other,FAQ,21/08/2026,2200,2400,2300
"Uttar Pradesh",Bulandshahar,"Gulavati APMC",Pumpkin,Pumpkin,FAQ,21/08/2026,1100,1300,1200
"Uttar Pradesh",Bulandshahar,"Gulavati APMC",Cucumbar(Kheera),Cucumbar,FAQ,21/08/2026,1500,1700,1600
"Tamil Nadu",Coimbatore,"Udumalpet APMC","Bitter gourd","Bitter Gourd",Local,21/08/2026,6000,6500,6250
"Tamil Nadu",Coimbatore,"Udumalpet APMC",Pumpkin,Pumpkin,Local,21/08/2026,1500,2000,1750
"Tamil Nadu",Coimbatore,"Udumalpet APMC","Sweet Potato","Hosur Red",Local,21/08/2026,6000,7000,6500
"Tamil Nadu",Coimbatore,"Udumalpet APMC",Thondekai,Thondekai,Local,21/08/2026,5000,5500,5250
"Tamil Nadu",Coimbatore,"Udumalpet APMC",Capsicum,Capsicum,Local,21/08/2026,9500,10000,9750
"West Bengal",Darjeeling,"Siliguri APMC","Black Gram Dal(Urd Dal)","Black Gram Dal",FAQ,21/08/2026,12000,13000,12500
"West Bengal",Darjeeling,"Siliguri APMC",Onion,Onion,FAQ,21/08/2026,4000,4400,4200
"West Bengal",Darjeeling,"Siliguri APMC",Ginger(Green),"Green Ginger",FAQ,21/08/2026,10000,11000,10500
Punjab,Tarntaran,"Bhikhiwind APMC","Bhindi(Ladies Finger)",Bhindi,"Grade C",21/08/2026,800,800,800
"Tamil Nadu",Erode,"Gobichettipalayam(Uzhavar Sandhai )",Beans,"Beans (Whole)",Local,21/08/2026,8000,8500,8250
"Tamil Nadu",Erode,"Gobichettipalayam(Uzhavar Sandhai )","Sweet Corn ","Sweet Corn ",Local,21/08/2026,5000,5200,5100
Telangana,"Ranga Reddy","Chevella APMC",Tomato,Local,Local,21/08/2026,1000,1000,1000
"Tamil Nadu",Erode,"Sampath Nagar(Uzhavar Sandhai )",Coriander(Leaves),"I Sort",Local,21/08/2026,3500,4000,3750
"Tamil Nadu",Erode,"Sampath Nagar(Uzhavar Sandhai )","Bottle gourd","Bottle Gourd",Local,21/08/2026,1500,2000,1750
"Tamil Nadu",Erode,"Sampath Nagar(Uzhavar Sandhai )",Amaranthus,Amaranthus,Local,21/08/2026,3500,4000,3750
"Tamil Nadu",Erode,"Sampath Nagar(Uzhavar Sandhai )",Beans,"Beans (Whole)",Local,21/08/2026,8000,8400,8200
"Tamil Nadu",Erode,"Sampath Nagar(Uzhavar Sandhai )",Carrot,Pusakesar,Local,21/08/2026,7500,7800,7650
"Tamil Nadu",Erode,"Sampath Nagar(Uzhavar Sandhai )","Elephant Yam(Suran)/Amorphophallus","Elephant Yam (Suran)",Local,21/08/2026,3000,3500,3250
"Tamil Nadu",Erode,"Sampath Nagar(Uzhavar Sandhai )","Amla(Nelli Kai)",Amla,Local,21/08/2026,8500,9000,8750
"Tamil Nadu",Pudukkottai,"Ponnamaravathi(Uzhavar Sandhai)",Coriander(Leaves),"I Sort",Local,21/08/2026,4500,5000,4750
"Tamil Nadu",Pudukkottai,"Ponnamaravathi(Uzhavar Sandhai)",Coconut,Coconut,Local,21/08/2026,3500,4000,3750
"Tamil Nadu",Pudukkottai,"Ponnamaravathi(Uzhavar Sandhai)",Lemon,Lemon,Local,21/08/2026,10000,11000,10500
"Tamil Nadu",Nagapattinam,"Mayiladuthurai(Uzhavar Sandhai )",Banana,Besrai,Local,21/08/2026,3500,4000,3750
"Tamil Nadu",Nagapattinam,"Mayiladuthurai(Uzhavar Sandhai )",Cauliflower,Ranchi,Local,21/08/2026,5000,5000,5000
"Tamil Nadu",Nagapattinam,"Mayiladuthurai(Uzhavar Sandhai )",Tomato,Deshi,Local,21/08/2026,2000,2500,2250
"Tamil Nadu",Nagapattinam,"Mayiladuthurai(Uzhavar Sandhai )","Bottle gourd","Bottle Gourd",Local,21/08/2026,2500,3000,2750
"Tamil Nadu",Nagapattinam,"Mayiladuthurai(Uzhavar Sandhai )",Pumpkin,Pumpkin,Local,21/08/2026,1500,2000,1750
"Tamil Nadu",Nagapattinam,"Mayiladuthurai(Uzhavar Sandhai )",Coconut,Coconut,Local,21/08/2026,3000,4000,3500
"Tamil Nadu",Nagapattinam,"Mayiladuthurai(Uzhavar Sandhai )",Cabbage,Cabbage,Local,21/08/2026,4000,4000,4000
"Tamil Nadu",Nagapattinam,"Mayiladuthurai(Uzhavar Sandhai )",Ridgeguard(Tori),Ridgeguard(Tori),Local,21/08/2026,6000,7000,6500
"Tamil Nadu",Nagapattinam,"Mayiladuthurai(Uzhavar Sandhai )",Lime,Lime,Local,21/08/2026,3500,4000,3750
"Tamil Nadu",Pudukkottai,"Viralimalai(Uzhavar Sandhai )",Banana,Besrai,Local,21/08/2026,4000,5000,4500
"Tamil Nadu",Pudukkottai,"Viralimalai(Uzhavar Sandhai )","Green Chilli","Green Chilly",Local,21/08/2026,5000,6000,5500
"Tamil Nadu",Pudukkottai,"Viralimalai(Uzhavar Sandhai )","Onion Green","Onion Green",Local,21/08/2026,7000,8000,7500
"Tamil Nadu",Pudukkottai,"Viralimalai(Uzhavar Sandhai )",Mint(Pudina),Mint(Pudina),Local,21/08/2026,4500,5000,4750
"Tamil Nadu",Ramanathapuram,"Kamuthi(Uzhavar Sandhai )",Brinjal,Round,Local,21/08/2026,5000,5500,5250
"Tamil Nadu",Ramanathapuram,"Paramakudi(Uzhavar Sandhai )","Bitter gourd","Bitter Gourd",Local,21/08/2026,5500,6000,5750
"Tamil Nadu",Ramanathapuram,"Paramakudi(Uzhavar Sandhai )","Bhindi(Ladies Finger)",Bhindi,Local,21/08/2026,4800,5000,4900
"Tamil Nadu",Ramanathapuram,"Paramakudi(Uzhavar Sandhai )",Beans,"Beans (Whole)",Local,21/08/2026,9000,10000,9500
"Tamil Nadu",Ramanathapuram,"Paramakudi(Uzhavar Sandhai )",Ginger(Green),"Green Ginger",Local,21/08/2026,17000,18000,17500
"Tamil Nadu",Ramanathapuram,"Paramakudi(Uzhavar Sandhai )",Raddish,Raddish,Local,21/08/2026,4800,5000,4900
"Tamil Nadu",Ramanathapuram,"Paramakudi(Uzhavar Sandhai )","Tube Flower","Tube Flower",Local,21/08/2026,70000,80000,75000
"Tamil Nadu",Pudukkottai,"Alangudi(Uzhavar Sandhai )",Onion,Bellary,Local,21/08/2026,4500,5000,4750
"Tamil Nadu",Pudukkottai,"Alangudi(Uzhavar Sandhai )",Papaya,Papaya,Local,21/08/2026,2500,3000,2750
"Tamil Nadu",Pudukkottai,"Alangudi(Uzhavar Sandhai )","Bitter gourd",Other,Local,21/08/2026,7000,8000,7500
"Tamil Nadu",Pudukkottai,"Alangudi(Uzhavar Sandhai )","Bottle gourd","Bottle Gourd",Local,21/08/2026,2000,2500,2250
"Tamil Nadu",Pudukkottai,"Alangudi(Uzhavar Sandhai )",Snakeguard,Snakeguard,Local,21/08/2026,3500,4000,3750
"Tamil Nadu",Pudukkottai,"Alangudi(Uzhavar Sandhai )",Ridgeguard(Tori),Ridgeguard(Tori),Local,21/08/2026,5500,6000,5750
"Tamil Nadu",Thiruvannamalai,"Arani(Uzhavar Sandhai )","Cluster beans","Cluster Beans",Local,21/08/2026,3500,4200,3850
"Tamil Nadu",Thiruvannamalai,"Arani(Uzhavar Sandhai )","Bottle gourd","Bottle Gourd",Local,21/08/2026,1500,2000,1750
"Tamil Nadu",Thiruvannamalai,"Arani(Uzhavar Sandhai )","Banana - Green","Banana - Green",Local,21/08/2026,1500,2000,1750
"Tamil Nadu",Thiruvannamalai,"Arani(Uzhavar Sandhai )",Raddish,Raddish,Local,21/08/2026,2500,3000,2750
"Tamil Nadu",Thiruvannamalai,"Arani(Uzhavar Sandhai )",Mango(Raw-Ripe),"Mango - Raw-Ripe",Local,21/08/2026,7000,8000,7500
"Tamil Nadu",Thiruvannamalai,"Polur(Uzhavar Sandhai )",Groundnut,"Big (With Shell)",Local,21/08/2026,5000,6000,5500
"Tamil Nadu",Thiruvannamalai,"Polur(Uzhavar Sandhai )",Banana,Besrai,Local,21/08/2026,5000,6000,5500
"Tamil Nadu",Thiruvannamalai,"Polur(Uzhavar Sandhai )",Cauliflower,Ranchi,Local,21/08/2026,3000,3600,3300
"Tamil Nadu",Thiruvannamalai,"Polur(Uzhavar Sandhai )",Ashgourd,Gouard,Local,21/08/2026,1600,2000,1800
"Tamil Nadu",Thiruvannamalai,"Polur(Uzhavar Sandhai )","Green Avare(W)","Green Avare (W)",Local,21/08/2026,5000,6000,5500
"Tamil Nadu",Thiruvannamalai,"Polur(Uzhavar Sandhai )",Colacasia,Colacasia,Local,21/08/2026,4000,4800,4400
"Tamil Nadu",Thiruvannamalai,"Tiruvannamalai(Uzhavar Sandhai )",Apple,American,Local,21/08/2026,22000,24000,23000
"Tamil Nadu",Thiruvannamalai,"Tiruvannamalai(Uzhavar Sandhai )",Cauliflower,Ranchi,Local,21/08/2026,3500,4000,3750
"Tamil Nadu",Thiruvannamalai,"Tiruvannamalai(Uzhavar Sandhai )",Chikoos(Sapota),Sapota,Local,21/08/2026,4000,5000,4500
"Tamil Nadu",Thiruvannamalai,"Tiruvannamalai(Uzhavar Sandhai )","Green Chilli","Green Chilly",Local,21/08/2026,5000,6000,5500
"Tamil Nadu",Thiruvannamalai,"Tiruvannamalai(Uzhavar Sandhai )",Snakeguard,Snakeguard,Local,21/08/2026,3600,4000,3800
"Tamil Nadu",Thiruvannamalai,"Tiruvannamalai(Uzhavar Sandhai )",Capsicum,Capsicum,Local,21/08/2026,6000,7000,6500
"Tamil Nadu",Thiruvannamalai,"Tiruvannamalai(Uzhavar Sandhai )",Drumstick,Drumstick,Local,21/08/2026,3500,4000,3750
"Tamil Nadu",Thiruvannamalai,"Tiruvannamalai(Uzhavar Sandhai )","Tender Coconut","Tender Coconut",Local,21/08/2026,2000,2500,2250
"Tamil Nadu",Thiruvannamalai,"Tiruvannamalai(Uzhavar Sandhai )",Fig(Anjura/Anjeer),Anjura,Local,21/08/2026,7000,8000,7500
"Tamil Nadu",Thiruvannamalai,"Tiruvannamalai(Uzhavar Sandhai )",Lemon,Lemon,Local,21/08/2026,12000,15000,13500
"Tamil Nadu",Thiruvannamalai,"Tiruvannamalai(Uzhavar Sandhai )",Mashrooms,Mashrooms,Local,21/08/2026,20000,25000,22500
"Tamil Nadu",Thiruvellore,"Naravarikuppam(Uzhavar Sandhai )",Brinjal,Round,Local,21/08/2026,6000,6000,6000
"Tamil Nadu",Thiruvellore,"Naravarikuppam(Uzhavar Sandhai )","Bottle gourd","Bottle Gourd",Local,21/08/2026,4000,4000,4000
"Tamil Nadu",Thiruvellore,"Naravarikuppam(Uzhavar Sandhai )",Coconut,Coconut,Local,21/08/2026,6000,6000,6000
"Tamil Nadu",Thiruvellore,"Paruthipattu(Uzhavar Sandhai )",Potato,"Red Nanital",Local,21/08/2026,4000,4000,4000
"Tamil Nadu",Thiruvellore,"Paruthipattu(Uzhavar Sandhai )",Coriander(Leaves),"I Sort",Local,21/08/2026,6000,6000,6000
"Tamil Nadu",Thiruvellore,"Paruthipattu(Uzhavar Sandhai )",Tomato,Deshi,Local,21/08/2026,2500,2500,2500
"Tamil Nadu",Thiruvellore,"Paruthipattu(Uzhavar Sandhai )","Bhindi(Ladies Finger)",Bhindi,Local,21/08/2026,6000,6000,6000
"Tamil Nadu",Thiruvellore,"Paruthipattu(Uzhavar Sandhai )",Ridgeguard(Tori),Ridgeguard(Tori),Local,21/08/2026,5000,5000,5000
"Tamil Nadu",Thiruvellore,"Paruthipattu(Uzhavar Sandhai )",Raddish,Raddish,Local,21/08/2026,4000,4000,4000
"Tamil Nadu",Thiruvellore,"Paruthipattu(Uzhavar Sandhai )",Mint(Pudina),Mint(Pudina),Local,21/08/2026,4000,4000,4000
"Tamil Nadu",Tuticorin,"Kovilpatti(Uzhavar Sandhai )",Banana,Other,Local,21/08/2026,3000,3500,3250
"Tamil Nadu",Tuticorin,"Kovilpatti(Uzhavar Sandhai )","Cluster beans","Cluster Beans",Local,21/08/2026,3000,3500,3250
"Tamil Nadu",Tuticorin,"Kovilpatti(Uzhavar Sandhai )",Ashgourd,Gouard,Local,21/08/2026,2000,2500,2250
"Tamil Nadu",Tuticorin,"Kovilpatti(Uzhavar Sandhai )","Banana - Green","Banana - Green",Local,21/08/2026,3000,3500,3250
"Tamil Nadu",Tuticorin,"Kovilpatti(Uzhavar Sandhai )",Beans,"Beans (Whole)",Local,21/08/2026,8000,8500,8250
"Tamil Nadu",Tuticorin,"Kovilpatti(Uzhavar Sandhai )",Coconut,Coconut,Local,21/08/2026,6000,6500,6250
"Tamil Nadu",Tuticorin,"Kovilpatti(Uzhavar Sandhai )",Carrot,Pusakesar,Local,21/08/2026,7000,7500,7250
"Tamil Nadu",Tuticorin,"Kovilpatti(Uzhavar Sandhai )",Capsicum,Capsicum,Local,21/08/2026,6000,6500,6250
"Tamil Nadu",Tuticorin,"Kovilpatti(Uzhavar Sandhai )","Green Avare(W)",Other,Local,21/08/2026,3500,4000,3750
"Tamil Nadu",Tuticorin,"Kovilpatti(Uzhavar Sandhai )","Onion Green","Onion Green",Local,21/08/2026,8000,8500,8250
"Tamil Nadu",Vellore,"Gudiyatham(Uzhavar Sandhai )","Cluster beans","Cluster Beans",Local,21/08/2026,4000,4000,4000
"Tamil Nadu",Vellore,"Gudiyatham(Uzhavar Sandhai )","Green Chilli","Green Chilly",Local,21/08/2026,5600,5600,5600
"Tamil Nadu",Vellore,"Gudiyatham(Uzhavar Sandhai )",Cowpea(Veg),"Cowpea (Veg)",Local,21/08/2026,5000,5000,5000
"Tamil Nadu",Vellore,"Gudiyatham(Uzhavar Sandhai )","Banana - Green","Banana - Green",Local,21/08/2026,3500,3500,3500
"Tamil Nadu",Vellore,"Gudiyatham(Uzhavar Sandhai )",Beetroot,Beetroot,Local,21/08/2026,4600,4600,4600
"Tamil Nadu",Vellore,"Gudiyatham(Uzhavar Sandhai )","Knool Khol","Knool Khol",Local,21/08/2026,4000,4000,4000
"Tamil Nadu",Vellore,"Gudiyatham(Uzhavar Sandhai )",Guava,"Guava Allahabad",Local,21/08/2026,4500,4500,4500
"Tamil Nadu",Vellore,"Gudiyatham(Uzhavar Sandhai )","Sweet Corn ","Sweet Corn ",Local,21/08/2026,2400,2400,2400
"Tamil Nadu",Vellore,"Kahithapattarai(Uzhavar Sandhai )",Groundnut,"Big (With Shell)",Local,21/08/2026,8000,8000,8000
"Tamil Nadu",Vellore,"Kahithapattarai(Uzhavar Sandhai )","Chili Red",Bold,Local,21/08/2026,20000,20000,20000
"Tamil Nadu",Vellore,"Kahithapattarai(Uzhavar Sandhai )",Cauliflower,Ranchi,Local,21/08/2026,2000,2000,2000
"Tamil Nadu",Vellore,"Kahithapattarai(Uzhavar Sandhai )",Tomato,Deshi,Local,21/08/2026,2000,2000,2000
"Tamil Nadu",Vellore,"Kahithapattarai(Uzhavar Sandhai )","Bottle gourd","Bottle Gourd",Local,21/08/2026,2000,2000,2000
"Tamil Nadu",Vellore,"Kahithapattarai(Uzhavar Sandhai )",Ashgourd,Gouard,Local,21/08/2026,2000,2000,2000
"Tamil Nadu",Vellore,"Kahithapattarai(Uzhavar Sandhai )","Bhindi(Ladies Finger)",Bhindi,Local,21/08/2026,3000,3000,3000
"Tamil Nadu",Vellore,"Kahithapattarai(Uzhavar Sandhai )",Cabbage,Cabbage,Local,21/08/2026,2500,2500,2500
"Tamil Nadu",Vellore,"Kahithapattarai(Uzhavar Sandhai )",Cucumbar(Kheera),Cucumbar,Local,21/08/2026,4000,4000,4000
"Tamil Nadu",Vellore,"Kahithapattarai(Uzhavar Sandhai )","Green Avare(W)",Other,Local,21/08/2026,3600,3600,3600
"Tamil Nadu",Vellore,"Kahithapattarai(Uzhavar Sandhai )","Custard Apple(Sharifa)","Custard Apple(Sharifa)",Local,21/08/2026,5000,5000,5000
"Tamil Nadu",Vellore,"Kahithapattarai(Uzhavar Sandhai )","Onion Green","Onion Green",Local,21/08/2026,8000,8000,8000
"Andhra Pradesh",Prakasam,"Darsi APMC",Paddy(Common),"B P T",Local,21/08/2026,2500,2600,2600
Telangana,Hanumakonda,"Kamalapur APMC",Paddy(Common),Common,FAQ,21/08/2026,2369,2389,2369
Punjab,Ludhiana,"Samrala APMC",Spinach,Other,Local,21/08/2026,2000,2500,2200
Punjab,Ludhiana,"Samrala APMC",Onion,Other,Local,21/08/2026,3500,4500,4000
Punjab,Ludhiana,"Samrala APMC",Potato,Other,Local,21/08/2026,500,600,550
Odisha,Dhenkanal,"Hindol APMC","Bitter gourd","Bitter Gourd","Grade B",21/08/2026,5500,6000,5800
Odisha,Dhenkanal,"Hindol APMC",Onion,Other,"Grade B",21/08/2026,3500,4000,3800
Odisha,Dhenkanal,"Hindol APMC",Drumstick,Drumstick,"Grade B",21/08/2026,5800,6200,6000
Odisha,Dhenkanal,"Hindol APMC",Pumpkin,Pumpkin,"Grade B",21/08/2026,1500,1700,1600
"Andhra Pradesh","West Godavari","Achanta APMC",Paddy(Common),1121,Local,21/08/2026,2359,2375,2369
"Tamil Nadu",Thiruvannamalai,"Cheyyar(Uzhavar Sandhai )",Banana,Poovan,Local,21/08/2026,4000,5000,4500
"Tamil Nadu",Thiruvannamalai,"Cheyyar(Uzhavar Sandhai )","Bitter gourd",Other,Local,21/08/2026,3200,4000,3600
"Tamil Nadu",Thiruvannamalai,"Cheyyar(Uzhavar Sandhai )",Carrot,Pusakesar,Local,21/08/2026,6000,7200,6600
"Tamil Nadu",Thiruvannamalai,"Cheyyar(Uzhavar Sandhai )",Thondekai,Thondekai,Local,21/08/2026,3200,4000,3600
"Tamil Nadu",Thiruvannamalai,"Cheyyar(Uzhavar Sandhai )",Colacasia,Colacasia,Local,21/08/2026,3500,4200,3850
"Andhra Pradesh",Markapuram,"Markapur APMC","Bengal Gram(Gram)(Whole)","Desi (Whole)",FAQ,21/08/2026,5450,5450,5450
"Andhra Pradesh",Annamayya,"Punganur APMC",Tomato,Hybrid,FAQ,21/08/2026,1000,1400,1200
Odisha,Sundergarh,"Panposh APMC",Cabbage,Cabbage,FAQ,21/08/2026,2000,3000,2500
Odisha,Sundergarh,"Panposh APMC",Cauliflower,Other,FAQ,21/08/2026,4000,4500,4200
Odisha,Nayagarh,"Bahadajholla APMC","Bitter gourd","Bitter Gourd","Grade B",21/08/2026,3524,3600,3600
"Tamil Nadu",Ariyalur,"Ariyalur(Uzhavar Sandhai)",Onion,Bellary,Local,21/08/2026,4000,4500,4250
"Tamil Nadu",Ariyalur,"Ariyalur(Uzhavar Sandhai)",Brinjal,Round,Local,21/08/2026,4500,5000,4750
"Tamil Nadu",Ariyalur,"Ariyalur(Uzhavar Sandhai)",Beans,"Beans (Whole)",Local,21/08/2026,4000,4500,4250
"Tamil Nadu",Ariyalur,"Ariyalur(Uzhavar Sandhai)",Cabbage,Cabbage,Local,21/08/2026,4000,4500,4250
"Tamil Nadu",Ariyalur,"Ariyalur(Uzhavar Sandhai)",Mint(Pudina),Mint(Pudina),Local,21/08/2026,4500,5500,5000
"Andhra Pradesh",Annamayya,"Valmikipuram APMC",Tomato,Hybrid,FAQ,21/08/2026,800,1280,1000
Haryana,Mahendragarh-Narnaul,"Narnaul APMC",Brinjal,Brinjal,Medium,21/08/2026,1500,2500,2000
Haryana,Mahendragarh-Narnaul,"Narnaul APMC","Bhindi(Ladies Finger)",Bhindi,Medium,21/08/2026,2000,3500,2500
Haryana,Mahendragarh-Narnaul,"Narnaul APMC","Sponge gourd","Sponge gourd",Medium,21/08/2026,3000,4000,4000
Haryana,Mahendragarh-Narnaul,"Narnaul APMC",Capsicum,Capsicum,Medium,21/08/2026,6000,7000,7000
Haryana,Mahendragarh-Narnaul,"Narnaul APMC",Pumpkin,Pumpkin,Medium,21/08/2026,800,2000,1500
Haryana,Mahendragarh-Narnaul,"Narnaul APMC",Tomato,Tomato,Medium,21/08/2026,2000,3000,2500
Uttarakhand,Haridwar,"Haridwar Union APMC","Bitter gourd",Other,Local,21/08/2026,650,850,750
Uttarakhand,Haridwar,"Haridwar Union APMC",Cucumbar(Kheera),Other,Local,21/08/2026,650,850,750
Rajasthan,Bharatpur,"Bayana APMC",Tomato,Other,Local,21/08/2026,2200,2200,2200
Punjab,Hoshiarpur,"Tanda Urmur APMC",Ginger(Green),Other,"Grade A",21/08/2026,11000,13000,12000
Punjab,Hoshiarpur,"Tanda Urmur APMC","Green Chilli","Green Chilly","Grade A",21/08/2026,2500,3000,2800
Punjab,Hoshiarpur,"Tanda Urmur APMC",Pineapple,Other,"Grade A",21/08/2026,5000,6000,5500
Punjab,Hoshiarpur,"Tanda Urmur APMC","Field Pea","Field Pea","Grade A",21/08/2026,8000,10000,9000
Punjab,Hoshiarpur,"Tanda Urmur APMC",Cauliflower,Cauliflower,"Grade A",21/08/2026,5000,6000,5500
Punjab,Hoshiarpur,"Tanda Urmur APMC","Bottle gourd",Other,"Grade A",21/08/2026,1500,2000,1800
Punjab,Hoshiarpur,"Tanda Urmur APMC",Pumpkin,Pumpkin,"Grade A",21/08/2026,1500,2000,1800
Punjab,Ludhiana,"Doraha APMC",Banana,Amruthapani,Local,21/08/2026,2700,2700,2700
Punjab,Ludhiana,"Doraha APMC",Capsicum,Capsicum,Local,21/08/2026,2000,5000,4000
Odisha,Boudh,"Boudh APMC","Bhindi(Ladies Finger)",Other,Local,21/08/2026,6000,7000,6500
Odisha,Boudh,"Boudh APMC",Onion,Other,Local,21/08/2026,3500,4500,4000
Odisha,Boudh,"Boudh APMC",Pumpkin,Other,Local,21/08/2026,1000,1500,1200
Odisha,Mayurbhanja,"Betnoti APMC",Tomato,Tomato,FAQ,21/08/2026,3000,3400,3200
Keralam,Alappuzha,"Chengannur Market",Coconut,Big,FAQ,21/08/2026,6200,6500,6400
Haryana,Gurgaon,"Gurgaon APMC",Onion,Other,"Grade B",21/08/2026,2500,3500,3000
"Tamil Nadu",Coimbatore,"Sundarapuram(Uzhavar Sandhai )",Banana,"Red Banana",Local,21/08/2026,7000,8000,7500
"Tamil Nadu",Coimbatore,"Sundarapuram(Uzhavar Sandhai )",Cauliflower,Ranchi,Local,21/08/2026,4500,5000,4750
"Tamil Nadu",Coimbatore,"Sundarapuram(Uzhavar Sandhai )",Brinjal,Other,Local,21/08/2026,4500,5000,4750
"Tamil Nadu",Coimbatore,"Sundarapuram(Uzhavar Sandhai )","Bottle gourd","Bottle Gourd",Local,21/08/2026,3000,3500,3250
"Tamil Nadu",Coimbatore,"Sundarapuram(Uzhavar Sandhai )",Ashgourd,Gouard,Local,21/08/2026,1800,2000,1900
"Tamil Nadu",Coimbatore,"Sundarapuram(Uzhavar Sandhai )",Pumpkin,Pumpkin,Local,21/08/2026,1800,2000,1900
"Tamil Nadu",Coimbatore,"Sundarapuram(Uzhavar Sandhai )","Bhindi(Ladies Finger)",Bhindi,Local,21/08/2026,4500,5000,4750
"Tamil Nadu",Coimbatore,"Sundarapuram(Uzhavar Sandhai )",Cowpea(Veg),"Cowpea (Veg)",Local,21/08/2026,3500,4000,3750
"Tamil Nadu",Coimbatore,"Sundarapuram(Uzhavar Sandhai )","Sweet Potato","Hosur Red",Local,21/08/2026,4500,5000,4750
"Tamil Nadu",Coimbatore,"Sundarapuram(Uzhavar Sandhai )",Raddish,Raddish,Local,21/08/2026,3500,4000,3750
"Tamil Nadu",Coimbatore,"Sundarapuram(Uzhavar Sandhai )",Thondekai,Thondekai,Local,21/08/2026,4500,5000,4750
"Tamil Nadu",Coimbatore,"Sundarapuram(Uzhavar Sandhai )","Green Avare(W)","Green Avare (W)",Local,21/08/2026,5500,6000,5750
"Tamil Nadu",Coimbatore,"Sundarapuram(Uzhavar Sandhai )",Guava,"Guava Allahabad",Local,21/08/2026,5500,6000,5750
"Tamil Nadu",Coimbatore,"Sundarapuram(Uzhavar Sandhai )","Onion Green","Onion Green",Local,21/08/2026,7000,7500,7250
"Tamil Nadu",Coimbatore,"Sundarapuram(Uzhavar Sandhai )","Sweet Corn ","Sweet Corn ",Local,21/08/2026,3500,4000,3750
Haryana,Rohtak,Meham,"Mousambi(Sweet Lime)",Mousambi,Medium,21/08/2026,2500,2500,2500
Haryana,Rohtak,Meham,Potato,Potato,Medium,21/08/2026,1000,1100,1050
Haryana,Rohtak,Meham,Cabbage,Cabbage,Medium,21/08/2026,2500,2500,2500
Haryana,Rohtak,Meham,Brinjal,Brinjal,Medium,21/08/2026,3000,3000,3000
Odisha,Kalahandi,"Kalahandi(Dharamagarh) APMC",Tomato,Other,"Grade B",21/08/2026,2600,3000,2800
"Uttar Pradesh","Khiri (Lakhimpur)","Maigalganj APMC",Cucumbar(Kheera),Cucumbar,FAQ,21/08/2026,800,840,820
"Uttar Pradesh","Khiri (Lakhimpur)","Maigalganj APMC","Bhindi(Ladies Finger)",Bhindi,FAQ,21/08/2026,2225,2275,2250
"Uttar Pradesh","Khiri (Lakhimpur)","Maigalganj APMC",Carrot,Carrot,FAQ,21/08/2026,1300,1345,1320
"Uttar Pradesh","Khiri (Lakhimpur)","Maigalganj APMC","Pointed gourd(Parval)","Pointed gourd (Parval)",FAQ,21/08/2026,2500,2545,2520
"Himachal Pradesh",Kangra,"SMY Baijnath",Papaya,Other,"Grade B",21/08/2026,4500,5000,4800
"Himachal Pradesh",Kangra,"SMY Baijnath",Cucumbar(Kheera),Cucumbar,"Grade A",21/08/2026,2500,3500,3000
"Himachal Pradesh",Kangra,"SMY Baijnath",Tomato,Hybrid,"Grade A",21/08/2026,2400,2500,2500
"Himachal Pradesh",Kangra,"SMY Baijnath","Bhindi(Ladies Finger)",Bhindi,"Grade A",21/08/2026,2800,3200,3000
"Himachal Pradesh",Kangra,"SMY Baijnath",Onion,Onion,"Grade A",21/08/2026,4500,5200,4600
"Himachal Pradesh",Kangra,"SMY Jaisinghpur",Pomegranate,Other,Medium,21/08/2026,9000,16000,12000
"Himachal Pradesh",Kangra,"SMY Jaisinghpur",Apple,"Kullu Delicious",Medium,21/08/2026,6000,18000,12000
"Himachal Pradesh",Kangra,"SMY Jaisinghpur",Potato,Potato,FAQ,21/08/2026,1200,2200,1600
"Himachal Pradesh",Kangra,"SMY Jaisinghpur",Onion,Other,FAQ,21/08/2026,5000,5400,5200
"Himachal Pradesh",Kangra,"SMY Jaisinghpur",Raddish,Raddish,FAQ,21/08/2026,2200,2800,2500
"Himachal Pradesh",Kangra,"SMY Jaisinghpur","Bhindi(Ladies Finger)",Bhindi,FAQ,21/08/2026,2800,3500,3200
"Himachal Pradesh",Kangra,"SMY Jaisinghpur",Garlic,Average,FAQ,21/08/2026,16000,19000,17500
Punjab,Hoshiarpur,"Garh Shankar(Mahalpur) APMC","Bitter gourd",Other,FAQ,21/08/2026,2400,2400,2400
Punjab,Hoshiarpur,"Garh Shankar(Mahalpur) APMC",Onion,Onion,FAQ,21/08/2026,2600,2600,2600
Punjab,Hoshiarpur,"Garh Shankar(Mahalpur) APMC","Bhindi(Ladies Finger)",Bhindi,FAQ,21/08/2026,2500,2500,2500
Punjab,Hoshiarpur,"Garh Shankar(Mahalpur) APMC",Cauliflower,Cauliflower,FAQ,21/08/2026,3800,3800,3800
Punjab,Hoshiarpur,"Garh Shankar(Mahalpur) APMC","Bottle gourd","Bottle Gourd",FAQ,21/08/2026,1800,1800,1800
"Tamil Nadu",Erode,"Sathiyamagalam(Uzhavar Sandhai )",Onion,Bellary,Local,21/08/2026,4500,5000,4750
"Tamil Nadu",Erode,"Sathiyamagalam(Uzhavar Sandhai )",Coriander(Leaves),"I Sort",Local,21/08/2026,4500,5000,4750
"Tamil Nadu",Erode,"Sathiyamagalam(Uzhavar Sandhai )",Tomato,Local,Local,21/08/2026,1500,2000,1750
"Tamil Nadu",Erode,"Sathiyamagalam(Uzhavar Sandhai )","Cluster beans","Cluster Beans",Local,21/08/2026,3000,3400,3200
"Tamil Nadu",Erode,"Sathiyamagalam(Uzhavar Sandhai )",Ashgourd,Gouard,Local,21/08/2026,2000,2300,2150
"Tamil Nadu",Erode,"Sathiyamagalam(Uzhavar Sandhai )",Cabbage,Cabbage,Local,21/08/2026,3000,3300,3150
"Tamil Nadu",Erode,"Sathiyamagalam(Uzhavar Sandhai )",Raddish,Raddish,Local,21/08/2026,2500,3000,2750
"Tamil Nadu",Erode,"Sathiyamagalam(Uzhavar Sandhai )","Elephant Yam(Suran)/Amorphophallus","Elephant Yam (Suran)",Local,21/08/2026,3000,3400,3200
"Tamil Nadu",Erode,"Sathiyamagalam(Uzhavar Sandhai )","Onion Green","Onion Green",Local,21/08/2026,6000,6500,6250
"Tamil Nadu",Coimbatore,"Mettupalayam(Uzhavar Sandhai )",Mango,Safeda,Local,21/08/2026,6000,10000,8000
"Tamil Nadu",Coimbatore,"Mettupalayam(Uzhavar Sandhai )","Water Melon","Water Melon",Local,21/08/2026,2000,2500,2250
"Tamil Nadu",Coimbatore,"Mettupalayam(Uzhavar Sandhai )","Mousambi(Sweet Lime)",Mousambi,Local,21/08/2026,4500,5000,4750
"Tamil Nadu",Coimbatore,"Mettupalayam(Uzhavar Sandhai )","Bitter gourd","Bitter Gourd",Local,21/08/2026,4500,5500,5000
"Tamil Nadu",Coimbatore,"Mettupalayam(Uzhavar Sandhai )",Ashgourd,Gouard,Local,21/08/2026,2400,2800,2600
"Tamil Nadu",Coimbatore,"Mettupalayam(Uzhavar Sandhai )",Pumpkin,Pumpkin,Local,21/08/2026,1600,2000,1800
"Tamil Nadu",Coimbatore,"Mettupalayam(Uzhavar Sandhai )","Sweet Potato","Hosur Red",Local,21/08/2026,3500,4000,3750
"Tamil Nadu",Coimbatore,"Mettupalayam(Uzhavar Sandhai )",Thondekai,Thondekai,Local,21/08/2026,3000,3500,3250
"Tamil Nadu",Coimbatore,"Mettupalayam(Uzhavar Sandhai )",Capsicum,Capsicum,Local,21/08/2026,6000,7000,6500
"Tamil Nadu",Coimbatore,"Mettupalayam(Uzhavar Sandhai )",Mashrooms,Mashrooms,Local,21/08/2026,16000,20000,18000
"Tamil Nadu",Coimbatore,"Mettupalayam(Uzhavar Sandhai )","Baby Corn","Baby Corn","Grade A",21/08/2026,2500,3000,2750
"Tamil Nadu",Coimbatore,"Mettupalayam(Uzhavar Sandhai )","Sweet Corn ","Sweet Corn ",Local,21/08/2026,3500,4000,3750
"Tamil Nadu",Namakkal,"Tiruchengode APMC",Brinjal,Round,Local,21/08/2026,5000,6000,5500
"Tamil Nadu",Namakkal,"Tiruchengode APMC",Tomato,Deshi,Local,21/08/2026,2000,2500,2250
"Tamil Nadu",Namakkal,"Tiruchengode APMC","Bottle gourd","Bottle Gourd",Local,21/08/2026,1000,1500,1250
"Tamil Nadu",Namakkal,"Tiruchengode APMC",Ashgourd,Gouard,Local,21/08/2026,2400,2800,2600
"Tamil Nadu",Namakkal,"Tiruchengode APMC",Pumpkin,Pumpkin,Local,21/08/2026,2000,2400,2200
"Tamil Nadu",Namakkal,"Tiruchengode APMC","Bhindi(Ladies Finger)",Bhindi,Local,21/08/2026,4000,4400,4200
"Tamil Nadu",Namakkal,"Tiruchengode APMC",Amaranthus,Amaranthus,Local,21/08/2026,3500,4000,3750
"Tamil Nadu",Namakkal,"Tiruchengode APMC","Banana - Green","Banana - Green",Local,21/08/2026,3500,4000,3750
"Tamil Nadu",Namakkal,"Tiruchengode APMC",Cabbage,Cabbage,Local,21/08/2026,2500,3000,2750
"Tamil Nadu",Namakkal,"Tiruchengode APMC",Beetroot,Beetroot,Local,21/08/2026,7000,8000,7500
"Tamil Nadu",Namakkal,"Tiruchengode APMC",Ridgeguard(Tori),Ridgeguard(Tori),Local,21/08/2026,5500,6000,5750
"Tamil Nadu",Namakkal,"Tiruchengode APMC",Lemon,Lemon,Local,21/08/2026,7000,8000,7500
"Tamil Nadu",Namakkal,"Tiruchengode APMC","Amla(Nelli Kai)",Amla,Local,21/08/2026,7000,8000,7500
"Tamil Nadu",Coimbatore,"RSPuram(Uzhavar Sandhai )",Banana,"Red Banana",Local,21/08/2026,8000,8600,8300
"Tamil Nadu",Coimbatore,"RSPuram(Uzhavar Sandhai )",Brinjal,Other,Local,21/08/2026,3200,3800,3500
"Tamil Nadu",Coimbatore,"RSPuram(Uzhavar Sandhai )","Water Melon","Water Melon",Local,21/08/2026,1500,2000,1750
"Tamil Nadu",Coimbatore,"RSPuram(Uzhavar Sandhai )","Mousambi(Sweet Lime)",Mousambi,Local,21/08/2026,4000,5000,4500
"Tamil Nadu",Coimbatore,"RSPuram(Uzhavar Sandhai )","Bitter gourd",Other,Local,21/08/2026,5000,5800,5400
"Tamil Nadu",Coimbatore,"RSPuram(Uzhavar Sandhai )",Amaranthus,Amaranthus,Local,21/08/2026,5600,6500,6050
"Tamil Nadu",Coimbatore,"RSPuram(Uzhavar Sandhai )","Green Chilli","Green Chilly",Local,21/08/2026,4000,4400,4200
"Tamil Nadu",Coimbatore,"RSPuram(Uzhavar Sandhai )",Cowpea(Veg),"Cowpea (Veg)",Local,21/08/2026,3500,4000,3750
"Tamil Nadu",Coimbatore,"RSPuram(Uzhavar Sandhai )","Sweet Potato","Hosur Red",Local,21/08/2026,4200,5000,4600
"Tamil Nadu",Coimbatore,"RSPuram(Uzhavar Sandhai )",Cabbage,Cabbage,Local,21/08/2026,2200,2800,2500
"Tamil Nadu",Coimbatore,"RSPuram(Uzhavar Sandhai )",Thondekai,Thondekai,Local,21/08/2026,4000,5000,4500
"Tamil Nadu",Coimbatore,"RSPuram(Uzhavar Sandhai )",Capsicum,Capsicum,Local,21/08/2026,4000,4800,4400
"Tamil Nadu",Coimbatore,"RSPuram(Uzhavar Sandhai )","Green Avare(W)",Other,Local,21/08/2026,3800,4400,4100
"Tamil Nadu",Coimbatore,"RSPuram(Uzhavar Sandhai )","Chow Chow","Chow Chow",Local,21/08/2026,3000,3400,3200
"Tamil Nadu",Coimbatore,"RSPuram(Uzhavar Sandhai )",Guava,"Guava Allahabad",Local,21/08/2026,4500,5500,5000
"Tamil Nadu",Coimbatore,"RSPuram(Uzhavar Sandhai )","Tender Coconut","Tender Coconut",Local,21/08/2026,4000,4500,4250
"Tamil Nadu",Coimbatore,"RSPuram(Uzhavar Sandhai )",Yam(Ratalu),"Yam (Ratalu)",Local,21/08/2026,9000,9600,9300
"Tamil Nadu",Coimbatore,"RSPuram(Uzhavar Sandhai )",Colacasia,Colacasia,Local,21/08/2026,4500,5000,4750
"Tamil Nadu",Coimbatore,"RSPuram(Uzhavar Sandhai )",Mashrooms,Mashrooms,Local,21/08/2026,20000,25000,22500
"Tamil Nadu",Coimbatore,"RSPuram(Uzhavar Sandhai )","Baby Corn","Baby Corn","Grade A",21/08/2026,2200,2600,2400
"Tamil Nadu",Coimbatore,"Singanallur(Uzhavar Sandhai )",Apple,American,Local,21/08/2026,25000,28000,26500
"Tamil Nadu",Coimbatore,"Singanallur(Uzhavar Sandhai )",Grapes,Annabesahai,Local,21/08/2026,9000,10000,9500
"Tamil Nadu",Coimbatore,"Singanallur(Uzhavar Sandhai )",Garlic,Garlic,Local,21/08/2026,15000,22000,18500
"Tamil Nadu",Coimbatore,"Singanallur(Uzhavar Sandhai )","Sweet Potato","Hosur Red",Local,21/08/2026,4500,5000,4750
"Tamil Nadu",Coimbatore,"Singanallur(Uzhavar Sandhai )",Beetroot,Beetroot,Local,21/08/2026,5000,7000,6000
"Tamil Nadu",Coimbatore,"Singanallur(Uzhavar Sandhai )",Cucumbar(Kheera),Cucumbar,Local,21/08/2026,3500,4000,3750
"Tamil Nadu",Coimbatore,"Singanallur(Uzhavar Sandhai )",Thondekai,Thondekai,Local,21/08/2026,4800,5200,5000
"Tamil Nadu",Coimbatore,"Singanallur(Uzhavar Sandhai )","Chow Chow","Chow Chow",Local,21/08/2026,3000,3500,3250
"Tamil Nadu",Coimbatore,"Singanallur(Uzhavar Sandhai )",Drumstick,Drumstick,Local,21/08/2026,3500,3800,3650
"Tamil Nadu",Coimbatore,"Singanallur(Uzhavar Sandhai )",Mango(Raw-Ripe),"Mango - Raw-Ripe",Local,21/08/2026,6000,6500,6250
"Tamil Nadu",Coimbatore,"Singanallur(Uzhavar Sandhai )","Onion Green","Onion Green",Local,21/08/2026,7000,7500,7250
"Tamil Nadu",Coimbatore,"Singanallur(Uzhavar Sandhai )",Mint(Pudina),Mint(Pudina),Local,21/08/2026,4500,5000,4750
Gujarat,Rajkot,"Rajkot(Veg.Sub Yard) APMC","Bottle gourd","Bottle Gourd",FAQ,21/08/2026,1445,2375,1910
Gujarat,Rajkot,"Rajkot(Veg.Sub Yard) APMC",Lemon,Lemon,FAQ,21/08/2026,2625,4655,3640
"Tamil Nadu",Coimbatore,"Pollachi(Uzhavar Sandhai )",Banana,"Red Banana",Local,21/08/2026,7000,8000,7500
"Tamil Nadu",Coimbatore,"Pollachi(Uzhavar Sandhai )",Potato,"Red Nanital",Local,21/08/2026,4000,6500,5250
"Tamil Nadu",Coimbatore,"Pollachi(Uzhavar Sandhai )",Brinjal,Round,Local,21/08/2026,5500,6500,6000
"Tamil Nadu",Coimbatore,"Pollachi(Uzhavar Sandhai )",Ridgeguard(Tori),Ridgeguard(Tori),Local,21/08/2026,5500,6000,5750
"Tamil Nadu",Coimbatore,"Pollachi(Uzhavar Sandhai )",Raddish,Raddish,Local,21/08/2026,3500,4000,3750
"Tamil Nadu",Coimbatore,"Pollachi(Uzhavar Sandhai )","Tender Coconut","Tender Coconut",Local,21/08/2026,3500,4000,3750
"Madhya Pradesh",Betul,"Betul(F&V) APMC",Tomato,Local,FAQ,21/08/2026,1300,1300,1300
"Madhya Pradesh",Betul,"Betul(F&V) APMC",Cauliflower,Cauliflower,FAQ,21/08/2026,2500,2500,2500
"Uttar Pradesh",Shamli,"Kairana APMC",Guava,Guava,Medium,21/08/2026,2100,2200,2150
"Tamil Nadu",Karur,"Karur(Uzhavar Sandhai )",Banana,"Red Banana",Local,21/08/2026,5000,6000,5500
"Tamil Nadu",Karur,"Karur(Uzhavar Sandhai )",Cauliflower,Ranchi,Local,21/08/2026,3500,4000,3750
"Tamil Nadu",Karur,"Karur(Uzhavar Sandhai )",Coriander(Leaves),"I Sort",Local,21/08/2026,5000,5500,5250
"Tamil Nadu",Karur,"Karur(Uzhavar Sandhai )",Beans,"Beans (Whole)",Local,21/08/2026,8500,9000,8750
"Tamil Nadu",Karur,"Karur(Uzhavar Sandhai )",Cucumbar(Kheera),Cucumbar,Local,21/08/2026,7500,8000,7750
"Tamil Nadu",Karur,"Karur(Uzhavar Sandhai )","Green Avare(W)",Other,Local,21/08/2026,7000,8000,7500
"Tamil Nadu",Karur,"Karur(Uzhavar Sandhai )",Lemon,Lemon,Local,21/08/2026,16500,17000,16750
"Tamil Nadu",Karur,"Karur(Uzhavar Sandhai )",Colacasia,Colacasia,Local,21/08/2026,6500,7000,6750
"Tamil Nadu",Karur,"Karur(Uzhavar Sandhai )","Onion Green","Onion Green",Local,21/08/2026,7500,8000,7750
Tripura,"South Tripura",Manubazar,"Banana - Green","Banana - Green","Grade A",21/08/2026,2300,2500,2400
Tripura,"South Tripura",Manubazar,Colacasia,Colacasia,"Grade A",21/08/2026,3500,4000,3800
Tripura,"South Tripura",Manubazar,Potato,Jyoti,"Grade A",21/08/2026,1800,2000,1900
Tripura,"South Tripura",Manubazar,Pumpkin,Pumpkin,"Grade A",21/08/2026,2400,2600,2500
"Tamil Nadu",Coimbatore,"Kurichi(Uzhavar Sandhai )",Mango,Neelam,Local,21/08/2026,8000,9000,8500
"Tamil Nadu",Coimbatore,"Kurichi(Uzhavar Sandhai )",Onion,Bellary,Local,21/08/2026,5000,5600,5300
"Tamil Nadu",Coimbatore,"Kurichi(Uzhavar Sandhai )",Coriander(Leaves),"I Sort",Local,21/08/2026,3500,4000,3750
"Tamil Nadu",Coimbatore,"Kurichi(Uzhavar Sandhai )","Bitter gourd",Other,Local,21/08/2026,5500,6000,5750
"Tamil Nadu",Coimbatore,"Kurichi(Uzhavar Sandhai )",Amaranthus,Amaranthus,Local,21/08/2026,4500,6000,5250
"Tamil Nadu",Coimbatore,"Kurichi(Uzhavar Sandhai )",Snakeguard,Snakeguard,Local,21/08/2026,3000,3600,3300
"Tamil Nadu",Coimbatore,"Kurichi(Uzhavar Sandhai )","Onion Green","Onion Green",Local,21/08/2026,7000,7500,7250
"Tamil Nadu",Coimbatore,"Kurichi(Uzhavar Sandhai )",Mint(Pudina),Mint(Pudina),Local,21/08/2026,4500,5000,4750
"Tamil Nadu",Cuddalore,"Chidambaram(Uzhavar Sandhai )",Banana,Besrai,Local,21/08/2026,4000,4000,4000
"Tamil Nadu",Cuddalore,"Chidambaram(Uzhavar Sandhai )",Brinjal,Round,Local,21/08/2026,4000,5000,4500
Rajasthan,Jaipur,"Bassi APMC","Bajra(Pearl Millet/Cumbu)",Other,Local,21/08/2026,2160,2160,2160
Rajasthan,Jaipur,"Bassi APMC",Barley(Jau),Other,Local,21/08/2026,2545,2590,2567
"Tamil Nadu",Chengalpattu,"Thirukalukundram(Uzhavar Sandhai )","Cluster beans","Cluster Beans",Local,21/08/2026,3300,3500,3400
"Tamil Nadu",Chengalpattu,"Thirukalukundram(Uzhavar Sandhai )","Bitter gourd",Other,Local,21/08/2026,4500,5000,4750
"Tamil Nadu",Chengalpattu,"Thirukalukundram(Uzhavar Sandhai )",Carrot,Pusakesar,Local,21/08/2026,6000,7000,6500
"Tamil Nadu",Chengalpattu,"Thirukalukundram(Uzhavar Sandhai )","Green Avare(W)",Other,Local,21/08/2026,6000,7000,6500
"Tamil Nadu","Nagercoil (Kannyiakumari)","Vadaseri APMC",Potato,"Red Nanital",Local,21/08/2026,3000,3500,3250
"Tamil Nadu","Nagercoil (Kannyiakumari)","Vadaseri APMC",Coriander(Leaves),"I Sort",Local,21/08/2026,4000,4500,4250
"Tamil Nadu","Nagercoil (Kannyiakumari)","Vadaseri APMC",Tomato,Local,Local,21/08/2026,2200,2500,2350
"Tamil Nadu","Nagercoil (Kannyiakumari)","Vadaseri APMC",Ginger(Green),"Green Ginger",Local,21/08/2026,18000,20000,19000
"Tamil Nadu","Nagercoil (Kannyiakumari)","Vadaseri APMC","Sweet Potato","Hosur Red",Local,21/08/2026,3500,4000,3750
"Tamil Nadu",Pudukkottai,"Karambakkudi(Uzhavar Sandhai )",Papaya,Papaya,Local,21/08/2026,2500,3000,2750
"Tamil Nadu",Pudukkottai,"Karambakkudi(Uzhavar Sandhai )","Cluster beans","Cluster Beans",Local,21/08/2026,4000,4500,4250
"Tamil Nadu",Pudukkottai,"Karambakkudi(Uzhavar Sandhai )","Banana - Green","Banana - Green",Local,21/08/2026,2500,3000,2750
"Tamil Nadu",Pudukkottai,"Karambakkudi(Uzhavar Sandhai )",Coconut,Coconut,Local,21/08/2026,3500,4000,3750
"Tamil Nadu",Pudukkottai,"Karambakkudi(Uzhavar Sandhai )",Snakeguard,Snakeguard,Local,21/08/2026,3500,4000,3750
"Tamil Nadu",Pudukkottai,"Karambakkudi(Uzhavar Sandhai )",Drumstick,Drumstick,Local,21/08/2026,5000,6000,5500
"Tamil Nadu",Pudukkottai,"Karambakkudi(Uzhavar Sandhai )","Onion Green","Onion Green",Local,21/08/2026,7000,8000,7500
Meghalaya,"East Khasi Hills","Shillong APMC",Rice,"Khaw Khasi",FAQ,21/08/2026,5600,5800,5700
Meghalaya,"East Khasi Hills","Shillong APMC",Pineapple,"Giant Kew",FAQ,21/08/2026,3500,4500,4000
Meghalaya,"East Khasi Hills","Shillong APMC",Carrot,"New Kuroda",FAQ,21/08/2026,5000,6000,5500
Meghalaya,"East Khasi Hills","Shillong APMC",Beetroot,"Ruby Queen",FAQ,21/08/2026,6000,7000,6500
Meghalaya,"East Khasi Hills","Shillong APMC","French Beans(Frasbean)",Selection-9-Manipur,FAQ,21/08/2026,6000,8000,7000
Meghalaya,"East Khasi Hills","Shillong APMC",Turnip,Other,FAQ,21/08/2026,3000,3500,3300
"Madhya Pradesh",Morena,"Kailaras APMC","Chili Red","Geeli Mirchi",FAQ,21/08/2026,1800,2200,2200
"Tamil Nadu",Vellore,"Thirupathur APMC",Cauliflower,Ranchi,Local,21/08/2026,3000,3000,3000
"Tamil Nadu",Vellore,"Thirupathur APMC",Coriander(Leaves),"I Sort",Local,21/08/2026,4000,4000,4000
"Tamil Nadu",Vellore,"Thirupathur APMC",Tomato,Deshi,Local,21/08/2026,2000,2000,2000
"Tamil Nadu",Vellore,"Thirupathur APMC","Bottle gourd","Bottle Gourd",Local,21/08/2026,2000,2000,2000
"Tamil Nadu",Vellore,"Thirupathur APMC",Cucumbar(Kheera),Cucumbar,Local,21/08/2026,4000,4000,4000
"Tamil Nadu",Vellore,"Thirupathur APMC",Thondekai,Thondekai,Local,21/08/2026,4000,4000,4000
"Tamil Nadu",Vellore,"Thirupathur APMC","Tender Coconut","Tender Coconut",Local,21/08/2026,3000,3000,3000
"Tamil Nadu",Vellore,"Thirupathur APMC","Amla(Nelli Kai)",Amla,Local,21/08/2026,8000,8000,8000
"Tamil Nadu",Vellore,"Thirupathur APMC","Onion Green","Onion Green",Local,21/08/2026,7500,7500,7500
"Tamil Nadu",Vellore,"Thirupathur APMC","Sweet Corn ","Sweet Corn ",Local,21/08/2026,3000,3000,3000
Bihar,"East Champaran/ Motihari","Chakia APMC",Potato,Red,"Grade A",21/08/2026,1100,1300,1200
Bihar,"East Champaran/ Motihari","Chakia APMC","Pointed gourd(Parval)",Other,"Grade A",21/08/2026,2300,2500,2400
"Tamil Nadu",Dharmapuri,"Harur(Uzhavar Sandhai )",Banana,Besrai,Local,21/08/2026,4000,5000,4500
"Tamil Nadu",Dharmapuri,"Harur(Uzhavar Sandhai )","Cluster beans","Cluster Beans",Local,21/08/2026,3500,4000,3750
"Tamil Nadu",Dharmapuri,"Harur(Uzhavar Sandhai )","Bhindi(Ladies Finger)",Bhindi,Local,21/08/2026,2500,3000,2750
"Tamil Nadu",Dharmapuri,"Harur(Uzhavar Sandhai )",Beans,"Beans (Whole)",Local,21/08/2026,7500,8000,7750
"Tamil Nadu",Dharmapuri,"Harur(Uzhavar Sandhai )",Snakeguard,Snakeguard,Local,21/08/2026,3000,3500,3250
"Tamil Nadu",Dharmapuri,"Harur(Uzhavar Sandhai )",Beetroot,Beetroot,Local,21/08/2026,4000,5000,4500
"Tamil Nadu",Dharmapuri,"Harur(Uzhavar Sandhai )",Ridgeguard(Tori),Ridgeguard(Tori),Local,21/08/2026,4000,4500,4250
"Tamil Nadu",Krishnagiri,"Kaveripattinam(Uzhavar Sandhai )",Banana,Besrai,Local,21/08/2026,4000,7000,5500
"Tamil Nadu",Krishnagiri,"Kaveripattinam(Uzhavar Sandhai )",Pumpkin,Pumpkin,Local,21/08/2026,2500,2500,2500
"Tamil Nadu",Krishnagiri,"Kaveripattinam(Uzhavar Sandhai )",Ridgeguard(Tori),Ridgeguard(Tori),Local,21/08/2026,6000,6000,6000
"Tamil Nadu",Krishnagiri,"Kaveripattinam(Uzhavar Sandhai )","Green Avare(W)","Green Avare (W)",Local,21/08/2026,8000,8000,8000
"Tamil Nadu",Krishnagiri,"Kaveripattinam(Uzhavar Sandhai )",Drumstick,Drumstick,Local,21/08/2026,2000,2000,2000
"Tamil Nadu",Krishnagiri,"Kaveripattinam(Uzhavar Sandhai )",Mint(Pudina),Mint(Pudina),Local,21/08/2026,5000,5000,5000
"Tamil Nadu","The Nilgiris","Gudalur(Uzhavar Sandhai )",Coriander(Leaves),"I Sort",Local,21/08/2026,7000,8000,7500
"Tamil Nadu","The Nilgiris","Gudalur(Uzhavar Sandhai )","Bottle gourd","Bottle Gourd",Local,21/08/2026,2800,3000,2900
"Tamil Nadu","The Nilgiris","Gudalur(Uzhavar Sandhai )","Bhindi(Ladies Finger)",Bhindi,Local,21/08/2026,3500,3800,3650
"Tamil Nadu","The Nilgiris","Gudalur(Uzhavar Sandhai )",Cowpea(Veg),"Cowpea (Veg)",Local,21/08/2026,4000,4500,4250
"Tamil Nadu","The Nilgiris","Gudalur(Uzhavar Sandhai )",Beans,"Beans (Whole)",Local,21/08/2026,6000,7000,6500
"Tamil Nadu","The Nilgiris","Gudalur(Uzhavar Sandhai )",Snakeguard,Snakeguard,Local,21/08/2026,3500,3800,3650
"Tamil Nadu","The Nilgiris","Gudalur(Uzhavar Sandhai )",Lemon,Lemon,Local,21/08/2026,13000,14000,13500
"Himachal Pradesh",Kangra,"SMY Palampur","Pea Pod/Pea Cod/हरी मटर",Other,FAQ,21/08/2026,10000,12000,11000
"Himachal Pradesh",Kangra,"SMY Palampur",Onion,Onion,FAQ,21/08/2026,5000,5200,5100
"Himachal Pradesh",Kangra,"SMY Palampur",Carrot,Carrot,FAQ,21/08/2026,3400,3500,3450
Manipur,"Imphal East","Lamlong Bazaar APMC","Masur Dal","Masur Dal",FAQ,21/08/2026,9000,10000,9500
Manipur,"Imphal East","Lamlong Bazaar APMC","Red gram split/Arhar dal/Tur dal","Arhar Dal(Tur)",FAQ,21/08/2026,14000,15000,14500
Manipur,"Imphal East","Lamlong Bazaar APMC","Dry Chillies","Dry Chillies",FAQ,21/08/2026,26000,28000,27000
Manipur,"Imphal East","Lamlong Bazaar APMC",Ginger(Green),"Green Ginger",Local,21/08/2026,9500,10000,9750
Punjab,Tarntaran,"Patti APMC",Cauliflower,Other,Local,21/08/2026,750,750,750
Punjab,Tarntaran,"Patti APMC","Bhindi(Ladies Finger)",Other,Local,21/08/2026,0.45,0.45,0.45
"Uttar Pradesh",Mau(Maunathbhanjan),"Kopaganj APMC",Cauliflower,Cauliflower,FAQ,21/08/2026,2300,2400,2350
"Uttar Pradesh",Mau(Maunathbhanjan),"Kopaganj APMC","Banana - Green","Banana - Green",FAQ,21/08/2026,1700,1800,1750
"Uttar Pradesh",Mau(Maunathbhanjan),"Kopaganj APMC","Bhindi(Ladies Finger)",Bhindi,FAQ,21/08/2026,1544,1590,1559
Haryana,Hissar,"Hansi APMC",Chikoos(Sapota),Other,"Grade B",21/08/2026,6000,8000,7000
Haryana,Hissar,"Hansi APMC",Mango,Other,"Grade B",21/08/2026,8000,12000,10000
Haryana,Hissar,"Hansi APMC","Water Melon",Other,"Grade B",21/08/2026,2500,3000,2750
Haryana,Hissar,"Hansi APMC","Bottle gourd",Other,FAQ,21/08/2026,1500,2000,1750
Haryana,Hissar,"Hansi APMC",Ridgeguard(Tori),Other,FAQ,21/08/2026,3000,3500,3250
Punjab,Amritsar,"Rayya APMC",Tinda,Other,FAQ,21/08/2026,1797,1797,1797
Punjab,Amritsar,"Rayya APMC",Brinjal,Round,FAQ,21/08/2026,1867,1867,1867
Nagaland,Dimapur,"Dimapur APMC",Beans,Local,Local,21/08/2026,5500,6500,6000
Nagaland,Dimapur,"Dimapur APMC","Bottle gourd","Bottle Gourd",Local,21/08/2026,3000,4000,3500
Nagaland,Dimapur,"Dimapur APMC","Leafy Vegetable","Leafy Vegetables",Local,21/08/2026,2500,3500,3000
Nagaland,Dimapur,"Dimapur APMC",Brinjal,Brinjal,Local,21/08/2026,3000,4000,3500
Uttarakhand,Haridwar,"Lakshar APMC",Wheat,Other,Local,21/08/2026,2585,2600,2600
Uttarakhand,Haridwar,"Bhagwanpur(Naveen Mandi Sthal) APMC",Brinjal,Other,"Grade A",21/08/2026,500,600,560
Keralam,Kozhikode(Calicut),"Mukkom Market",Pineapple,Other,Large,21/08/2026,9800,10500,10000
Keralam,Kozhikode(Calicut),"Mukkom Market",Ashgourd,Other,FAQ,21/08/2026,2200,2600,2400
Keralam,Kozhikode(Calicut),"Mukkom Market","Banana - Green","Banana - Green",FAQ,21/08/2026,6000,6500,6200
Keralam,Kozhikode(Calicut),"Mukkom Market",Carrot,Carrot,FAQ,21/08/2026,8000,8500,8200
"Tamil Nadu",Thirupur,"Tiruppur (South) (Uzhavar Sandhai )",Garlic,Garlic,Local,21/08/2026,20000,24000,22000
"Tamil Nadu",Thirupur,"Tiruppur (South) (Uzhavar Sandhai )",Cauliflower,Ranchi,Local,21/08/2026,2500,3000,2750
"Tamil Nadu",Thirupur,"Tiruppur (South) (Uzhavar Sandhai )",Tomato,Local,Local,21/08/2026,1000,1200,1100
"Tamil Nadu",Thirupur,"Tiruppur (South) (Uzhavar Sandhai )","Bottle gourd","Bottle Gourd",Local,21/08/2026,1500,2000,1750
"Tamil Nadu",Thirupur,"Tiruppur (South) (Uzhavar Sandhai )",Cowpea(Veg),"Cowpea (Veg)",Local,21/08/2026,2500,3000,2750
"Tamil Nadu",Thirupur,"Tiruppur (South) (Uzhavar Sandhai )",Raddish,Raddish,Local,21/08/2026,1800,2000,1900
"Tamil Nadu",Thirupur,"Tiruppur (South) (Uzhavar Sandhai )","Amla(Nelli Kai)",Amla,Local,21/08/2026,5000,7000,6000
"Andhra Pradesh",Annamayya,"Somala APMC",Tomato,Tomato,FAQ,21/08/2026,800,1200,1000
Haryana,Rewari,"Kosli APMC",Apple,Other,Medium,21/08/2026,8000,8000,8000
Haryana,Rewari,"Kosli APMC",Potato,Other,FAQ,21/08/2026,1000,1000,1000
Haryana,Rewari,"Kosli APMC",Onion,Other,FAQ,21/08/2026,2500,2500,2500
Haryana,Rewari,"Kosli APMC",Tomato,Other,FAQ,21/08/2026,2500,2500,2500
Punjab,Gurdaspur,"Quadian APMC","Bhindi(Ladies Finger)",Other,"Grade A",21/08/2026,3800,4000,3900
Punjab,Gurdaspur,"Quadian APMC",Potato,Other,"Grade A",21/08/2026,800,1000,900
Punjab,Jalandhar,"Nakodar APMC",Colacasia,Colacasia,Local,21/08/2026,1500,1500,1500
Rajasthan,Ganganagar,"Suratgarh APMC","Bengal Gram(Gram)(Whole)",Other,FAQ,21/08/2026,5745,5745,5745
Rajasthan,Ganganagar,"Suratgarh APMC",Guar,Gwar,FAQ,21/08/2026,5700,5831,5775
Punjab,Ludhiana,"Khanna APMC",Guava,Guava,"Grade A",21/08/2026,3000,3000,3000
Punjab,Ludhiana,"Khanna APMC",Onion,Nasik,"Grade A",21/08/2026,2200,2200,2200
Punjab,Ludhiana,"Khanna APMC",Pomegranate,Other,"Grade A",21/08/2026,10000,10000,10000
Punjab,Ludhiana,"Khanna APMC",Cauliflower,Other,"Grade A",21/08/2026,2500,2500,2500
Punjab,Ludhiana,"Khanna APMC",Ginger(Green),"Green Ginger","Grade A",21/08/2026,5000,5000,5000
"Jammu and Kashmir",Baramulla,"Sopore (Nowpora) (F&V)",Pear(Marasebu),Other,"Grade A",21/08/2026,4800,4800,4800
"Andhra Pradesh",Tirupathi,"Vakadu APMC",Paddy(Common),"B P T",Local,21/08/2026,2389,2410,2400
Keralam,Kollam,"Sasthamkotta Market","Bhindi(Ladies Finger)",Other,Local,21/08/2026,3500,3500,3500
Keralam,Kollam,"Sasthamkotta Market",Pumpkin,Other,Local,21/08/2026,2500,2500,2500
Keralam,Kollam,"Sasthamkotta Market",Brinjal,Brinjal,Local,21/08/2026,3500,3500,3500
Keralam,Kollam,"Sasthamkotta Market",Cowpea(Veg),Other,Local,21/08/2026,6000,6000,6000
Keralam,Kollam,"Sasthamkotta Market",Ashgourd,Other,Local,21/08/2026,2500,2500,2500
Keralam,Kollam,"Sasthamkotta Market",Mango(Raw-Ripe),Other,Local,21/08/2026,2500,2500,2500
Keralam,Kozhikode(Calicut),"Kallachi Market",Amaranthus,Amaranthus,FAQ,21/08/2026,3500,3900,3700
Keralam,Kozhikode(Calicut),"Kallachi Market","Banana - Green","Banana - Green",FAQ,21/08/2026,6600,7000,6800
Keralam,Kozhikode(Calicut),"Kallachi Market",Beetroot,Beetroot,FAQ,21/08/2026,4800,5200,5000
Keralam,Kozhikode(Calicut),"Kallachi Market",Cauliflower,Other,FAQ,21/08/2026,3800,4200,4000
Keralam,Alappuzha,"Harippad Market",Beetroot,Beetroot,FAQ,21/08/2026,6000,6500,6000
Keralam,Alappuzha,"Harippad Market",Onion,Small,FAQ,21/08/2026,7000,7500,7000
Punjab,Patiala,"Patiala APMC",Papaya,Papaya,"Grade A",21/08/2026,1700,3500,2600
Punjab,Patiala,"Patiala APMC",Capsicum,Other,"Grade A",21/08/2026,2500,3400,3000
Punjab,Patiala,"Patiala APMC",Cabbage,Other,"Grade A",21/08/2026,2600,3500,3000
Keralam,Ernakulam,"Perumbavoor Market","Banana - Green","Banana - Green",Medium,21/08/2026,6000,6800,6400
Keralam,Ernakulam,"Perumbavoor Market","Bottle gourd","Bottle Gourd",Medium,21/08/2026,4500,5200,4800
Keralam,Ernakulam,"Perumbavoor Market",Brinjal,Brinjal,Medium,21/08/2026,4500,5400,4800
Punjab,Sangrur,"Ahmedgarh APMC",Brinjal,Brinjal,Local,21/08/2026,1800,2000,2000
Punjab,Sangrur,"Ahmedgarh APMC",Tomato,Local,Local,21/08/2026,3500,3800,3800
Keralam,Palakad,"Pattambi Market",Ashgourd,Ashgourd,FAQ,21/08/2026,2000,2400,2200
Keralam,Palakad,"Pattambi Market","Bottle gourd","Bottle Gourd",FAQ,21/08/2026,4000,4500,4200
Keralam,Ernakulam,"Piravam Market",Amaranthus,Amaranthus,Local,21/08/2026,6000,7000,6500
Punjab,Tarntaran,"Tarantaran APMC",Cauliflower,Other,Local,21/08/2026,2600,2600,2600
Punjab,Tarntaran,"Tarantaran APMC",Brinjal,Other,Local,21/08/2026,2600,2600,2600
Punjab,Tarntaran,"Tarantaran APMC","Bitter gourd","Bitter Gourd",Local,21/08/2026,2500,2500,2500
Keralam,Malappuram,"Kondotty Market","Bitter gourd",Other,FAQ,21/08/2026,7000,7800,7500
Keralam,Malappuram,"Kondotty Market",Beetroot,Other,FAQ,21/08/2026,4000,4800,4500
Keralam,Malappuram,"Kondotty Market",Ashgourd,Other,FAQ,21/08/2026,2000,2600,2500
Keralam,Malappuram,"Kondotty Market",Lemon,Other,FAQ,21/08/2026,12500,13200,13000
Keralam,Idukki,"Udumbannoor  VFPCK Market",Banana,Palayamthodan,"Grade A",21/08/2026,3000,3700,3300
"Tamil Nadu",Thanjavur,"Tirukattupalli(Uzhavar Sandhai )","Green Avare(W)","Green Avare (W)",Local,21/08/2026,5400,6000,5700
"Tamil Nadu",Thanjavur,"Tirukattupalli(Uzhavar Sandhai )",Mango(Raw-Ripe),"Mango - Raw-Ripe",Local,21/08/2026,7000,7000,7000
"Tamil Nadu",Thiruchirappalli,"Thuraiyur APMC","Cluster beans","Cluster Beans",Local,21/08/2026,3500,4000,3750
"Tamil Nadu",Thiruchirappalli,"Thuraiyur APMC","Bhindi(Ladies Finger)",Bhindi,Local,21/08/2026,4500,5000,4750
"Tamil Nadu",Thiruchirappalli,"Thuraiyur APMC",Cowpea(Veg),"Cowpea (Veg)",Local,21/08/2026,4000,4000,4000
"Tamil Nadu",Thiruchirappalli,"Thuraiyur APMC","Banana - Green","Banana - Green",Local,21/08/2026,2000,2500,2250
"Tamil Nadu",Thiruchirappalli,"Thuraiyur APMC",Coconut,Coconut,Local,21/08/2026,6000,6500,6250
"Tamil Nadu",Thiruchirappalli,"Thuraiyur APMC",Beetroot,Beetroot,Local,21/08/2026,4500,5000,4750
"Tamil Nadu",Villupuram,"Avalurpet APMC",Maize,Other,Local,21/08/2026,2469,2469,2469
"Tamil Nadu",Villupuram,"Tindivanam APMC",Tomato,Deshi,Local,21/08/2026,2000,2000,2000
"Tamil Nadu",Villupuram,"Tindivanam APMC",Snakeguard,Snakeguard,Local,21/08/2026,5000,5000,5000
"Tamil Nadu",Villupuram,"Tindivanam APMC",Mango(Raw-Ripe),"Mango - Raw-Ripe",Local,21/08/2026,7000,7000,7000
"Tamil Nadu",Villupuram,"Ulundurpettai APMC","Green Chilli","Green Chilly",Local,21/08/2026,6000,6000,6000
"Tamil Nadu",Villupuram,"Ulundurpettai APMC",Mango(Raw-Ripe),"Mango - Raw-Ripe",Local,21/08/2026,2000,2000,2000
"Tamil Nadu",Villupuram,"Ulundurpettai APMC",Yam(Ratalu),"Yam (Ratalu)",Local,21/08/2026,3000,3000,3000
"Tamil Nadu",Villupuram,"Ulundurpettai APMC",Lemon,Lemon,Local,21/08/2026,5000,5000,5000
"Tamil Nadu",Villupuram,"Ulundurpettai APMC","Onion Green","Onion Green",Local,21/08/2026,7000,7000,7000
"Uttar Pradesh",Badaun,"Babrala APMC",Wheat,Dara,Local,21/08/2026,2580,2600,2590
Gujarat,Anand,"Khambhat(Veg Yard Khambhat) APMC",Brinjal,Other,Local,21/08/2026,4000,6500,5000
Gujarat,Anand,"Khambhat(Veg Yard Khambhat) APMC","Bhindi(Ladies Finger)",Other,Local,21/08/2026,3500,6000,5000
Gujarat,Anand,"Khambhat(Veg Yard Khambhat) APMC",Banana,Amruthapani,Large,21/08/2026,1800,2000,1900
Gujarat,Anand,"Khambhat(Veg Yard Khambhat) APMC","Bottle gourd","Bottle Gourd",Local,21/08/2026,1000,2000,1500
Gujarat,Anand,"Khambhat(Veg Yard Khambhat) APMC",Cauliflower,Other,Local,21/08/2026,5000,7000,6000
Gujarat,Gandhinagar,"Mansa(Manas Veg Yard) APMC",Brinjal,Round/Long,Local,21/08/2026,3000,7000,7000
Gujarat,Amreli,"Damnagar APMC",Brinjal,Other,Local,21/08/2026,2800,2800,2800
Gujarat,Amreli,"Damnagar APMC",Coriander(Leaves),Coriander,Local,21/08/2026,3500,3500,3500
Gujarat,Rajkot,"Gondal(Veg.market Gondal) APMC",Cabbage,Cabbage,Local,21/08/2026,1000,2100,1550
Gujarat,Rajkot,"Gondal(Veg.market Gondal) APMC",Carrot,Carrot,Local,21/08/2026,1000,4000,2500
"Tamil Nadu",Madurai,"Chokkikulam(Uzhavar Sandhai )",Brinjal,Round,Local,21/08/2026,4000,4500,4250
"Tamil Nadu",Madurai,"Chokkikulam(Uzhavar Sandhai )",Tapioca,Tapioca,Local,21/08/2026,3000,4600,3800
"Tamil Nadu",Madurai,"Chokkikulam(Uzhavar Sandhai )",Ginger(Green),"Green Ginger",Local,21/08/2026,12000,20000,16000
"Tamil Nadu",Madurai,"Chokkikulam(Uzhavar Sandhai )","Betal Leaves",Mysore,Local,21/08/2026,20000,24000,22000
"Tamil Nadu",Madurai,"Chokkikulam(Uzhavar Sandhai )",Cabbage,Cabbage,Local,21/08/2026,2600,3000,2800
"Tamil Nadu",Madurai,"Chokkikulam(Uzhavar Sandhai )",Beetroot,Beetroot,Local,21/08/2026,5000,5500,5250
"Tamil Nadu",Madurai,"Chokkikulam(Uzhavar Sandhai )",Ridgeguard(Tori),Ridgeguard(Tori),Local,21/08/2026,5000,6500,5750
"Tamil Nadu",Madurai,"Chokkikulam(Uzhavar Sandhai )","Green Avare(W)","Green Avare (W)",Local,21/08/2026,4000,7000,5500
"Tamil Nadu",Madurai,"Chokkikulam(Uzhavar Sandhai )","Chow Chow","Chow Chow",Local,21/08/2026,2500,3000,2750
"Tamil Nadu",Madurai,"Chokkikulam(Uzhavar Sandhai )",Drumstick,Drumstick,Local,21/08/2026,3000,5000,4000
"Tamil Nadu",Madurai,"Chokkikulam(Uzhavar Sandhai )",Mango(Raw-Ripe),"Mango - Raw-Ripe",Local,21/08/2026,5000,10000,7500
"Tamil Nadu",Madurai,"Chokkikulam(Uzhavar Sandhai )",Pomegranate,Pomogranate,Local,21/08/2026,18000,23000,20500
"Tamil Nadu",Madurai,"Chokkikulam(Uzhavar Sandhai )",Mashrooms,Mashrooms,Local,21/08/2026,22500,25000,23750
Gujarat,Amreli,"The Agricultural Produce Market Committee-Amreli","Cummin Seed(Jeera)","Cummin Seed(Jeera)",FAQ,21/08/2026,18150,19500,19200
Gujarat,Amreli,"The Agricultural Produce Market Committee-Amreli",Groundnut,Other,FAQ,21/08/2026,4550,6975,6100
Gujarat,Amreli,"The Agricultural Produce Market Committee-Amreli","Sesamum(Sesame,Gingelly,Til)",White,FAQ,21/08/2026,6000,12275,11675
Gujarat,Amreli,"The Agricultural Produce Market Committee-Amreli","Foxtail Millet(Navane)","Navane Hybrid",FAQ,21/08/2026,2000,3525,3525
"Andhra Pradesh",NTR,"Mylavaram APMC",Maize,Hybrid,Local,21/08/2026,2400,2400,2400
Telangana,Warangal,"Warangal APMC","Field Pea","Field Pea",FAQ,21/08/2026,3500,4000,3750
Telangana,Warangal,"Warangal APMC",Capsicum,Capsicum,FAQ,21/08/2026,4500,5000,4750
Telangana,Warangal,"Warangal APMC","French Beans(Frasbean)","French Beans (Frasbean)",FAQ,21/08/2026,8000,8500,8250
Assam,Nagaon,"Haibargaon APMC",Beetroot,Beetroot,FAQ,21/08/2026,1900,2100,2000
Assam,Nagaon,"Haibargaon APMC",Pumpkin,Pumpkin,FAQ,21/08/2026,1700,1900,1800
Odisha,Puri,"Sakhigopal APMC",Coconut,Coconut,Local,21/08/2026,13000,25000,22000
Uttarakhand,Haridwar,"Roorkee APMC",Apple,Other,Medium,21/08/2026,7500,10000,8500
Uttarakhand,Haridwar,"Roorkee APMC",Brinjal,Other,Local,21/08/2026,650,900,750
Uttarakhand,Haridwar,"Roorkee APMC",Banana,Other,Medium,21/08/2026,800,1200,1000
"Tamil Nadu",Erode,"Thalavadi(Uzhavar Sandhai )",Brinjal,Round,Local,21/08/2026,3000,3600,3300
"Tamil Nadu",Erode,"Thalavadi(Uzhavar Sandhai )",Papaya,Papaya,Local,21/08/2026,2000,2400,2200
"Tamil Nadu",Erode,"Thalavadi(Uzhavar Sandhai )",Amaranthus,Amaranthus,Local,21/08/2026,3500,4000,3750
"Tamil Nadu",Erode,"Thalavadi(Uzhavar Sandhai )",Cabbage,Cabbage,Local,21/08/2026,1800,2200,2000
"Tamil Nadu",Erode,"Thalavadi(Uzhavar Sandhai )",Beetroot,Beetroot,Local,21/08/2026,4000,4500,4250
"Tamil Nadu",Erode,"Thalavadi(Uzhavar Sandhai )",Raddish,Raddish,Local,21/08/2026,2400,2800,2600
"Tamil Nadu",Erode,"Perundurai(Uzhavar Sandhai )",Papaya,Papaya,Local,21/08/2026,2500,3000,2750
"Tamil Nadu",Erode,"Perundurai(Uzhavar Sandhai )","Green Chilli","Green Chilly",Local,21/08/2026,3600,4200,3900
"Tamil Nadu",Erode,"Perundurai(Uzhavar Sandhai )",Tapioca,Tapioca,Local,21/08/2026,2200,2500,2350
"Tamil Nadu",Erode,"Perundurai(Uzhavar Sandhai )","Chow Chow","Chow Chow",Local,21/08/2026,2500,3200,2850
"Tamil Nadu",Erode,"Perundurai(Uzhavar Sandhai )",Mint(Pudina),Mint(Pudina),Local,21/08/2026,3500,4000,3750
"Tamil Nadu",Cuddalore,"Viruthachalam(Uzhavar Sandhai )",Brinjal,Round,Local,21/08/2026,4000,5000,4500
"Tamil Nadu",Cuddalore,"Viruthachalam(Uzhavar Sandhai )","Bottle gourd","Bottle Gourd",Local,21/08/2026,3000,3000,3000
"Tamil Nadu",Cuddalore,"Viruthachalam(Uzhavar Sandhai )",Beans,"Beans (Whole)",Local,21/08/2026,7000,7000,7000
"Tamil Nadu",Cuddalore,"Viruthachalam(Uzhavar Sandhai )",Carrot,Pusakesar,Local,21/08/2026,8000,8000,8000
"Tamil Nadu",Cuddalore,"Viruthachalam(Uzhavar Sandhai )",Ridgeguard(Tori),Ridgeguard(Tori),Local,21/08/2026,6000,6000,6000
"Tamil Nadu",Cuddalore,"Viruthachalam(Uzhavar Sandhai )",Mint(Pudina),Mint(Pudina),Local,21/08/2026,5000,5000,5000
"Tamil Nadu",Dharmapuri,"Dharmapuri(Uzhavar Sandhai )",Banana,Besrai,Local,21/08/2026,5200,5500,5350
"Tamil Nadu",Dharmapuri,"Dharmapuri(Uzhavar Sandhai )",Onion,Bellary,Local,21/08/2026,5200,5500,5350
"Tamil Nadu",Dharmapuri,"Dharmapuri(Uzhavar Sandhai )",Potato,"Red Nanital",Local,21/08/2026,2600,2800,2700
"Tamil Nadu",Dharmapuri,"Dharmapuri(Uzhavar Sandhai )","Green Chilli","Green Chilly",Local,21/08/2026,4200,4600,4400
"Tamil Nadu",Dharmapuri,"Dharmapuri(Uzhavar Sandhai )",Cowpea(Veg),"Cowpea (Veg)",Local,21/08/2026,4600,5000,4800
"Tamil Nadu",Dharmapuri,"Dharmapuri(Uzhavar Sandhai )",Cabbage,Cabbage,Local,21/08/2026,3200,3400,3300
"Tamil Nadu",Dharmapuri,"Dharmapuri(Uzhavar Sandhai )","Green Avare(W)","Green Avare (W)",Local,21/08/2026,4300,4600,4450
"Tamil Nadu",Dharmapuri,"Dharmapuri(Uzhavar Sandhai )","Chow Chow","Chow Chow",Local,21/08/2026,4300,4600,4450
"Tamil Nadu",Dharmapuri,"Dharmapuri(Uzhavar Sandhai )","Knool Khol","Knool Khol",Local,21/08/2026,5200,5400,5300
"Tamil Nadu",Dharmapuri,"Dharmapuri(Uzhavar Sandhai )",Marigold(Calcutta),Marigold(Calcutta),Local,21/08/2026,13000,14000,13500
"Tamil Nadu",Dharmapuri,"Dharmapuri(Uzhavar Sandhai )",Yam(Ratalu),"Yam (Ratalu)",Local,21/08/2026,7500,8000,7750
"Tamil Nadu",Dharmapuri,"Dharmapuri(Uzhavar Sandhai )","Amla(Nelli Kai)",Amla,Local,21/08/2026,7000,7500,7250
"Tamil Nadu",Dharmapuri,"Dharmapuri(Uzhavar Sandhai )","Sweet Corn ","Sweet Corn ",Local,21/08/2026,2500,3000,2750
"Tamil Nadu",Dharmapuri,"Palacode(Uzhavar Sandhai )",Papaya,Papaya,Local,21/08/2026,3200,3500,3350
"Tamil Nadu",Dharmapuri,"Palacode(Uzhavar Sandhai )",Cowpea(Veg),"Cowpea (Veg)",Local,21/08/2026,4500,5000,4750
"Tamil Nadu",Dharmapuri,"Palacode(Uzhavar Sandhai )","Banana - Green","Banana - Green",Local,21/08/2026,2200,2500,2350
"Tamil Nadu",Dharmapuri,"Palacode(Uzhavar Sandhai )",Beans,"Beans (Whole)",Local,21/08/2026,9500,10000,9750
"Tamil Nadu",Dharmapuri,"Palacode(Uzhavar Sandhai )",Drumstick,Drumstick,Local,21/08/2026,2700,3000,2850
"Tamil Nadu",Dharmapuri,"Palacode(Uzhavar Sandhai )","Amla(Nelli Kai)",Amla,Local,21/08/2026,9000,9500,9250
"Tamil Nadu",Dharmapuri,"Palacode(Uzhavar Sandhai )","Onion Green","Onion Green",Local,21/08/2026,5500,6000,5750
"Tamil Nadu",Dharmapuri,"Pennagaram(Uzhavar Sandhai )",Potato,"Red Nanital",Local,21/08/2026,3300,3500,3400
"Tamil Nadu",Dharmapuri,"Pennagaram(Uzhavar Sandhai )",Coriander(Leaves),"I Sort",Local,21/08/2026,5500,6000,5750
"Tamil Nadu",Dharmapuri,"Pennagaram(Uzhavar Sandhai )",Papaya,Papaya,Local,21/08/2026,3300,3500,3400
"Tamil Nadu",Dharmapuri,"Pennagaram(Uzhavar Sandhai )",Amaranthus,Amaranthus,Local,21/08/2026,2400,2500,2450
"Tamil Nadu",Dharmapuri,"Pennagaram(Uzhavar Sandhai )","Banana - Green","Banana - Green",Local,21/08/2026,2800,3000,2900
"Tamil Nadu",Dharmapuri,"Pennagaram(Uzhavar Sandhai )",Capsicum,Capsicum,Local,21/08/2026,6500,7000,6750
"Tamil Nadu",Dharmapuri,"Pennagaram(Uzhavar Sandhai )","Onion Green","Onion Green",Local,21/08/2026,6500,7000,6750
"Tamil Nadu",Dindigul,"Chinnalapatti(Uzhavar Sandhai )","Cluster beans","Cluster Beans",Local,21/08/2026,3600,4000,3800
"Tamil Nadu",Dindigul,"Chinnalapatti(Uzhavar Sandhai )","Banana - Green","Banana - Green",Local,21/08/2026,3000,3600,3300
"Tamil Nadu",Dindigul,"Chinnalapatti(Uzhavar Sandhai )",Guava,"Guava Allahabad",Local,21/08/2026,5000,6000,5500
"Tamil Nadu",Dindigul,"Dindigul(Uzhavar Sandhai )","Bitter gourd",Other,Local,21/08/2026,6000,7000,6500
"Tamil Nadu",Dindigul,"Dindigul(Uzhavar Sandhai )","Bottle gourd","Bottle Gourd",Local,21/08/2026,2500,3000,2750
"Tamil Nadu",Dindigul,"Dindigul(Uzhavar Sandhai )",Ashgourd,Gouard,Local,21/08/2026,2500,3000,2750
"Tamil Nadu",Dindigul,"Dindigul(Uzhavar Sandhai )",Ridgeguard(Tori),Ridgeguard(Tori),Local,21/08/2026,6000,7000,6500
"Tamil Nadu",Erode,"Periyar Nagar(Uzhavar Sandhai )",Coriander(Leaves),"I Sort",Local,21/08/2026,3500,4000,3750
"Tamil Nadu",Erode,"Periyar Nagar(Uzhavar Sandhai )",Tomato,Other,Local,21/08/2026,1800,2000,1900
"Tamil Nadu",Erode,"Periyar Nagar(Uzhavar Sandhai )",Cowpea(Veg),"Cowpea (Veg)",Local,21/08/2026,3600,4000,3800
"Tamil Nadu",Erode,"Periyar Nagar(Uzhavar Sandhai )","Amla(Nelli Kai)",Amla,Local,21/08/2026,8500,9000,8750
"Tamil Nadu",Kallakuruchi,"Sankarapuram(Uzhavar Sandhai )",Banana,Besrai,Local,21/08/2026,4000,4000,4000
"Tamil Nadu",Kallakuruchi,"Sankarapuram(Uzhavar Sandhai )",Mango,Neelam,Local,21/08/2026,5000,5000,5000
"Tamil Nadu",Kallakuruchi,"Sankarapuram(Uzhavar Sandhai )",Tapioca,Tapioca,Local,21/08/2026,3000,3000,3000
"Tamil Nadu",Kallakuruchi,"Sankarapuram(Uzhavar Sandhai )",Coconut,Coconut,Local,21/08/2026,6000,6000,6000
"Tamil Nadu",Kallakuruchi,"Sankarapuram(Uzhavar Sandhai )",Ridgeguard(Tori),Ridgeguard(Tori),Local,21/08/2026,4000,4000,4000
"Tamil Nadu",Kallakuruchi,"Sankarapuram(Uzhavar Sandhai )",Raddish,Raddish,Local,21/08/2026,5000,5000,5000
"Tamil Nadu",Kallakuruchi,"Sankarapuram(Uzhavar Sandhai )",Thondekai,Thondekai,Local,21/08/2026,5000,5000,5000
"Tamil Nadu",Kallakuruchi,"Sankarapuram(Uzhavar Sandhai )","Tender Coconut","Tender Coconut",Local,21/08/2026,3000,3000,3000
"Tamil Nadu",Kancheepuram,"Kancheepuram(Uzhavar Sandhai )","Bhindi(Ladies Finger)",Bhindi,Local,21/08/2026,3000,4000,3500
"Tamil Nadu",Kancheepuram,"Kancheepuram(Uzhavar Sandhai )","Banana - Green","Banana - Green",Local,21/08/2026,3500,4000,3750
"Tamil Nadu",Kancheepuram,"Kancheepuram(Uzhavar Sandhai )","Onion Green","Onion Green",Local,21/08/2026,6000,7500,6750
"Tamil Nadu",Kancheepuram,"Kundrathur(Uzhavar Sandhai )",Ashgourd,Gouard,Local,21/08/2026,2000,2000,2000
"Tamil Nadu",Kancheepuram,"Kundrathur(Uzhavar Sandhai )",Carrot,Pusakesar,Local,21/08/2026,5000,6000,5500
"Tamil Nadu",Kancheepuram,"Kundrathur(Uzhavar Sandhai )",Cucumbar(Kheera),Cucumbar,Local,21/08/2026,3000,3000,3000
"Tamil Nadu",Kancheepuram,"Kundrathur(Uzhavar Sandhai )",Thondekai,Thondekai,Local,21/08/2026,3500,3500,3500
"Tamil Nadu",Kancheepuram,"Kundrathur(Uzhavar Sandhai )",Capsicum,Capsicum,Local,21/08/2026,5000,5000,5000
"Tamil Nadu",Kancheepuram,"Kundrathur(Uzhavar Sandhai )",Yam(Ratalu),"Yam (Ratalu)",Local,21/08/2026,4000,4000,4000
"Tamil Nadu",Kancheepuram,"Kundrathur(Uzhavar Sandhai )","Onion Green","Onion Green",Local,21/08/2026,6000,6000,6000
"Tamil Nadu",Kancheepuram,"Padappai(Uzhavar Sandhai )",Potato,Other,Local,21/08/2026,2800,3500,3150
"Tamil Nadu",Kancheepuram,"Padappai(Uzhavar Sandhai )",Pumpkin,Pumpkin,Local,21/08/2026,2000,3000,2500
"Tamil Nadu",Kancheepuram,"Padappai(Uzhavar Sandhai )","Green Chilli","Green Chilly",Local,21/08/2026,5000,6500,5750
"Tamil Nadu",Kancheepuram,"Padappai(Uzhavar Sandhai )","Banana - Green","Banana - Green",Local,21/08/2026,3500,4000,3750
"Tamil Nadu",Kancheepuram,"Padappai(Uzhavar Sandhai )",Cabbage,Cabbage,Local,21/08/2026,2000,2500,2250
"Tamil Nadu",Kancheepuram,"Padappai(Uzhavar Sandhai )",Cucumbar(Kheera),Cucumbar,Local,21/08/2026,3000,4000,3500
"Tamil Nadu",Kancheepuram,"Padappai(Uzhavar Sandhai )",Thondekai,Thondekai,Local,21/08/2026,3000,4000,3500
"Tamil Nadu",Kancheepuram,"Padappai(Uzhavar Sandhai )",Mint(Pudina),Mint(Pudina),Local,21/08/2026,3000,4000,3500
"Tamil Nadu",Kancheepuram,"Sunguvarchatram(Uzhavar Sandhai )",Cauliflower,Ranchi,Local,21/08/2026,3000,3500,3250
"Tamil Nadu",Kancheepuram,"Sunguvarchatram(Uzhavar Sandhai )","Banana - Green","Banana - Green",Local,21/08/2026,3000,3000,3000
"Tamil Nadu",Kancheepuram,"Sunguvarchatram(Uzhavar Sandhai )",Coconut,Coconut,Local,21/08/2026,5000,6000,5500
"Tamil Nadu",Kancheepuram,"Sunguvarchatram(Uzhavar Sandhai )",Raddish,Raddish,Local,21/08/2026,3000,3000,3000
"Tamil Nadu",Kancheepuram,"Sunguvarchatram(Uzhavar Sandhai )",Yam(Ratalu),"Yam (Ratalu)",Local,21/08/2026,4000,4000,4000
"Tamil Nadu",Kancheepuram,"Sunguvarchatram(Uzhavar Sandhai )","Onion Green","Onion Green",Local,21/08/2026,6000,6000,6000
"Tamil Nadu",Krishnagiri,"Avallapalli(Uzhavar Sandhai )",Capsicum,Capsicum,Local,21/08/2026,3000,3500,3250
"Tamil Nadu",Krishnagiri,"Avallapalli(Uzhavar Sandhai )","Elephant Yam(Suran)/Amorphophallus","Elephant Yam (Suran)",Local,21/08/2026,4500,5000,4750
"Tamil Nadu",Dharmapuri,"Karimangalam(Uzhavar Sandhai)",Coriander(Leaves),"I Sort",Local,21/08/2026,4500,5000,4750
"Tamil Nadu",Dharmapuri,"Karimangalam(Uzhavar Sandhai)","Bitter gourd",Other,Local,21/08/2026,4500,5000,4750
"Tamil Nadu",Dharmapuri,"Karimangalam(Uzhavar Sandhai)","Green Chilli","Green Chilly",Local,21/08/2026,4500,5000,4750
"Tamil Nadu",Dharmapuri,"Karimangalam(Uzhavar Sandhai)",Beans,"Beans (Whole)",Local,21/08/2026,9000,9700,9350
"Tamil Nadu",Dharmapuri,"Karimangalam(Uzhavar Sandhai)",Beetroot,Beetroot,Local,21/08/2026,5000,5600,5300
"Tamil Nadu",Dharmapuri,"Karimangalam(Uzhavar Sandhai)","Chow Chow","Chow Chow",Local,21/08/2026,4000,4600,4300
"Tamil Nadu",Dharmapuri,"Karimangalam(Uzhavar Sandhai)",Drumstick,Drumstick,Local,21/08/2026,3800,4000,3900
"Tamil Nadu",Dharmapuri,"Karimangalam(Uzhavar Sandhai)","Knool Khol","Knool Khol",Local,21/08/2026,5000,5400,5200
"Tamil Nadu",Dharmapuri,"Karimangalam(Uzhavar Sandhai)","Onion Green","Onion Green",Local,21/08/2026,4500,5000,4750
"Tamil Nadu",Krishnagiri,"Denkanikottai(Uzhavar Sandhai )","Bitter gourd","Bitter Gourd",Local,21/08/2026,4000,4500,4250
"Tamil Nadu",Krishnagiri,"Denkanikottai(Uzhavar Sandhai )",Amaranthus,Amaranthus,Local,21/08/2026,3000,4000,3500
"Tamil Nadu",Krishnagiri,"Denkanikottai(Uzhavar Sandhai )",Cowpea(Veg),"Cowpea (Veg)",Local,21/08/2026,5000,6000,5500
"Tamil Nadu",Krishnagiri,"Denkanikottai(Uzhavar Sandhai )",Ginger(Green),"Green Ginger",Local,21/08/2026,17000,18000,17500
"Tamil Nadu",Krishnagiri,"Denkanikottai(Uzhavar Sandhai )",Cabbage,Cabbage,Local,21/08/2026,1000,1500,1250
"Tamil Nadu",Krishnagiri,"Denkanikottai(Uzhavar Sandhai )",Snakeguard,Snakeguard,Local,21/08/2026,3000,4000,3500
"Tamil Nadu",Krishnagiri,"Denkanikottai(Uzhavar Sandhai )","Chow Chow","Chow Chow",Local,21/08/2026,2000,2500,2250
"Tamil Nadu",Krishnagiri,"Denkanikottai(Uzhavar Sandhai )","Elephant Yam(Suran)/Amorphophallus","Elephant Yam (Suran)",Local,21/08/2026,4000,5000,4500
"Tamil Nadu",Krishnagiri,"Hosur(Uzhavar Sandhai )",Apple,American,Local,21/08/2026,24000,28000,26000
"Tamil Nadu",Krishnagiri,"Hosur(Uzhavar Sandhai )",Pineapple,"Pine Apple",Local,21/08/2026,8000,10000,9000
"Tamil Nadu",Krishnagiri,"Hosur(Uzhavar Sandhai )","Green Peas","Green Peas",Local,21/08/2026,16000,18000,17000
"Tamil Nadu",Krishnagiri,"Hosur(Uzhavar Sandhai )",Tomato,Deshi,Local,21/08/2026,1000,1500,1250
"Tamil Nadu",Krishnagiri,"Hosur(Uzhavar Sandhai )",Coconut,Coconut,Local,21/08/2026,5500,6000,5750
"Tamil Nadu",Krishnagiri,"Hosur(Uzhavar Sandhai )",Carrot,Pusakesar,Local,21/08/2026,5500,6000,5750
"Tamil Nadu",Krishnagiri,"Hosur(Uzhavar Sandhai )",Snakeguard,Snakeguard,Local,21/08/2026,3500,4000,3750
"Tamil Nadu",Krishnagiri,"Hosur(Uzhavar Sandhai )",Capsicum,Capsicum,Local,21/08/2026,3000,3500,3250
"Tamil Nadu",Krishnagiri,"Hosur(Uzhavar Sandhai )",Lime,Lime,Local,21/08/2026,10000,12000,11000
"Tamil Nadu",Krishnagiri,"Hosur(Uzhavar Sandhai )",Lemon,Lemon,Local,21/08/2026,12000,14000,13000
"Tamil Nadu",Krishnagiri,"Hosur(Uzhavar Sandhai )",Mashrooms,Mashrooms,Local,21/08/2026,18000,20000,19000
"Tamil Nadu",Krishnagiri,"Hosur(Uzhavar Sandhai )","Onion Green","Onion Green",Local,21/08/2026,8500,9000,8750
"Tamil Nadu",Krishnagiri,"Hosur(Uzhavar Sandhai )",Rose(Local),"Rose (Local)",Local,21/08/2026,18000,20000,19000
"Tamil Nadu",Krishnagiri,"Krishnagiri(Uzhavar Sandhai )",Coriander(Leaves),"I Sort",Local,21/08/2026,1500,2000,1750
"Tamil Nadu",Krishnagiri,"Krishnagiri(Uzhavar Sandhai )","Banana - Green","Banana - Green",Local,21/08/2026,2500,3000,2750
"Tamil Nadu",Krishnagiri,"Krishnagiri(Uzhavar Sandhai )",Tapioca,Tapioca,Local,21/08/2026,2500,3000,2750
"Tamil Nadu",Krishnagiri,"Krishnagiri(Uzhavar Sandhai )",Cabbage,Cabbage,Local,21/08/2026,2500,3000,2750
"Tamil Nadu",Krishnagiri,"Krishnagiri(Uzhavar Sandhai )",Ridgeguard(Tori),Ridgeguard(Tori),Local,21/08/2026,2600,2800,2700
"Tamil Nadu",Krishnagiri,"Krishnagiri(Uzhavar Sandhai )",Capsicum,Capsicum,Local,21/08/2026,5000,6000,5500
"Tamil Nadu",Krishnagiri,"Krishnagiri(Uzhavar Sandhai )",Rose(Local),"Rose (Local)",Local,21/08/2026,35000,40000,37500
"Tamil Nadu",Madurai,"Anaiyur(Uzhavar Sandhai )",Groundnut,"Big (With Shell)",Local,21/08/2026,7000,8000,7500
"Tamil Nadu",Madurai,"Anaiyur(Uzhavar Sandhai )",Banana,Besrai,Local,21/08/2026,3600,4000,3800
"Tamil Nadu",Madurai,"Anaiyur(Uzhavar Sandhai )",Mango,Safeda,Local,21/08/2026,5000,6000,5500
"Tamil Nadu",Madurai,"Anaiyur(Uzhavar Sandhai )",Grapes,Annabesahai,Local,21/08/2026,11000,12000,11500
"Tamil Nadu",Madurai,"Anaiyur(Uzhavar Sandhai )",Potato,"Red Nanital",Local,21/08/2026,5000,6000,5500
"Tamil Nadu",Madurai,"Anaiyur(Uzhavar Sandhai )",Cauliflower,Ranchi,Local,21/08/2026,3000,4000,3500
"Tamil Nadu",Madurai,"Anaiyur(Uzhavar Sandhai )",Brinjal,Round,Local,21/08/2026,4000,4500,4250
"Tamil Nadu",Madurai,"Anaiyur(Uzhavar Sandhai )",Coriander(Leaves),"I Sort",Local,21/08/2026,4000,4500,4250
"Tamil Nadu",Madurai,"Anaiyur(Uzhavar Sandhai )",Beans,"Beans (Whole)",Local,21/08/2026,10000,11000,10500
"Tamil Nadu",Madurai,"Anaiyur(Uzhavar Sandhai )",Beetroot,Beetroot,Local,21/08/2026,4000,5500,4750
"Tamil Nadu",Madurai,"Anaiyur(Uzhavar Sandhai )",Drumstick,Drumstick,Local,21/08/2026,4000,5000,4500
"Tamil Nadu",Madurai,"Anaiyur(Uzhavar Sandhai )",Colacasia,Colacasia,Local,21/08/2026,4000,5000,4500
"Tamil Nadu",Madurai,"Usilampatti(Uzhavar Sandhai )",Brinjal,Round,Local,21/08/2026,4000,4500,4250
"Tamil Nadu",Madurai,"Usilampatti(Uzhavar Sandhai )",Amaranthus,Amaranthus,Local,21/08/2026,3000,3600,3300
"Tamil Nadu",Madurai,"Usilampatti(Uzhavar Sandhai )",Tapioca,Tapioca,Local,21/08/2026,3600,4000,3800
"Tamil Nadu",Madurai,"Usilampatti(Uzhavar Sandhai )",Ridgeguard(Tori),Ridgeguard(Tori),Local,21/08/2026,6000,6500,6250
"Tamil Nadu",Nagapattinam,"Nagapattinam(Uzhavar Sandhai )",Banana,Poovan,Local,21/08/2026,4000,4000,4000
"Tamil Nadu",Nagapattinam,"Nagapattinam(Uzhavar Sandhai )",Onion,Bellary,Local,21/08/2026,2200,3500,2850
"Tamil Nadu",Nagapattinam,"Nagapattinam(Uzhavar Sandhai )",Papaya,Papaya,Local,21/08/2026,3800,3800,3800
"Tamil Nadu",Nagapattinam,"Nagapattinam(Uzhavar Sandhai )","Bitter gourd","Bitter Gourd",Local,21/08/2026,3700,4500,4100
"Tamil Nadu",Nagapattinam,"Nagapattinam(Uzhavar Sandhai )",Ashgourd,Gouard,Local,21/08/2026,3200,3200,3200
"Tamil Nadu",Nagapattinam,"Nagapattinam(Uzhavar Sandhai )",Amaranthus,Amaranthus,Local,21/08/2026,2000,2500,2250
"Tamil Nadu",Nagapattinam,"Nagapattinam(Uzhavar Sandhai )",Beetroot,Beetroot,Local,21/08/2026,3500,4000,3750
"Tamil Nadu",Nagapattinam,"Nagapattinam(Uzhavar Sandhai )",Ridgeguard(Tori),Ridgeguard(Tori),Local,21/08/2026,4400,4800,4600
"Tamil Nadu",Nagapattinam,"Nagapattinam(Uzhavar Sandhai )",Mango(Raw-Ripe),"Mango - Raw-Ripe",Local,21/08/2026,4300,6500,5400
"Tamil Nadu",Nagapattinam,"Nagapattinam(Uzhavar Sandhai )","Elephant Yam(Suran)/Amorphophallus","Elephant Yam (Suran)",Local,21/08/2026,6300,6300,6300
"Tamil Nadu",Nagapattinam,"Sirkali(Uzhavar Sandhai )","Banana - Green","Banana - Green",Local,21/08/2026,2500,3000,2750
"Tamil Nadu",Nagapattinam,"Sirkali(Uzhavar Sandhai )",Ridgeguard(Tori),Ridgeguard(Tori),Local,21/08/2026,5500,6000,5750
"Tamil Nadu",Nagapattinam,"Sirkali(Uzhavar Sandhai )",Raddish,Raddish,Local,21/08/2026,3600,4000,3800
"Tamil Nadu",Nagapattinam,"Sirkali(Uzhavar Sandhai )","Green Avare(W)","Green Avare (W)",Local,21/08/2026,6500,7000,6750
"Tamil Nadu",Nagapattinam,"Sirkali(Uzhavar Sandhai )","Chow Chow","Chow Chow",Local,21/08/2026,3000,3000,3000
"Tamil Nadu",Nagapattinam,"Sirkali(Uzhavar Sandhai )","Tamarind Fruit","Tamarind Fruit",Local,21/08/2026,15000,15000,15000
"Tamil Nadu",Namakkal,"Kumarapalayam(Uzhavar Sandhai )",Cauliflower,Ranchi,Local,21/08/2026,3500,4000,3750
"Tamil Nadu",Namakkal,"Kumarapalayam(Uzhavar Sandhai )","Bottle gourd","Bottle Gourd",Local,21/08/2026,1800,2000,1900
"Tamil Nadu",Namakkal,"Kumarapalayam(Uzhavar Sandhai )","Tender Coconut","Tender Coconut",Local,21/08/2026,3000,3500,3250
"Tamil Nadu",Namakkal,"Kumarapalayam(Uzhavar Sandhai )",Lemon,Lemon,Local,21/08/2026,5500,6000,5750
"Tamil Nadu",Namakkal,"Kumarapalayam(Uzhavar Sandhai )","Amla(Nelli Kai)",Amla,Local,21/08/2026,8000,9500,8750
"Tamil Nadu",Namakkal,"Kumarapalayam(Uzhavar Sandhai )","Onion Green","Onion Green",Local,21/08/2026,6000,7000,6500
"Tamil Nadu",Namakkal,"Mohanur(Uzhavar Sandhai )",Brinjal,Other,Local,21/08/2026,7200,7600,7400
"Tamil Nadu",Namakkal,"Mohanur(Uzhavar Sandhai )",Coriander(Leaves),"I Sort",Local,21/08/2026,6400,8000,7200
"Tamil Nadu",Namakkal,"Mohanur(Uzhavar Sandhai )",Tomato,Deshi,Local,21/08/2026,2400,3000,2700
"Tamil Nadu",Namakkal,"Mohanur(Uzhavar Sandhai )","Cluster beans","Cluster Beans",Local,21/08/2026,4400,4800,4600
"Tamil Nadu",Namakkal,"Mohanur(Uzhavar Sandhai )",Pumpkin,Pumpkin,Local,21/08/2026,2800,3000,2900
"Tamil Nadu",Namakkal,"Mohanur(Uzhavar Sandhai )","Banana - Green","Banana - Green",Local,21/08/2026,3200,4000,3600
"Tamil Nadu",Namakkal,"Mohanur(Uzhavar Sandhai )",Ginger(Green),"Green Ginger",Local,21/08/2026,22400,24000,23200
"Tamil Nadu",Namakkal,"Mohanur(Uzhavar Sandhai )",Carrot,Pusakesar,Local,21/08/2026,7200,8000,7600
"Tamil Nadu",Namakkal,"Mohanur(Uzhavar Sandhai )",Cabbage,Cabbage,Local,21/08/2026,2400,3500,2950
"Tamil Nadu",Namakkal,"Mohanur(Uzhavar Sandhai )",Drumstick,Drumstick,Local,21/08/2026,1800,2400,2100
"Tamil Nadu",Namakkal,"Mohanur(Uzhavar Sandhai )",Mint(Pudina),Mint(Pudina),Local,21/08/2026,5500,6000,5750
"Tamil Nadu",Namakkal,"Namakkal(Uzhavar Sandhai )",Mango,Neelam,Local,21/08/2026,7000,8000,7500
"Tamil Nadu",Namakkal,"Namakkal(Uzhavar Sandhai )",Potato,Other,Local,21/08/2026,2500,2800,2650
"Tamil Nadu",Namakkal,"Namakkal(Uzhavar Sandhai )",Brinjal,Other,Local,21/08/2026,6000,6500,6250
"Tamil Nadu",Namakkal,"Namakkal(Uzhavar Sandhai )","Water Melon","Water Melon",Local,21/08/2026,1000,1200,1100
"Tamil Nadu",Namakkal,"Namakkal(Uzhavar Sandhai )","Cluster beans","Cluster Beans",Local,21/08/2026,2500,3000,2750
"Tamil Nadu",Namakkal,"Namakkal(Uzhavar Sandhai )","Bottle gourd","Bottle Gourd",Local,21/08/2026,1500,2000,1750
"Tamil Nadu",Namakkal,"Namakkal(Uzhavar Sandhai )",Ashgourd,Gouard,Local,21/08/2026,1800,2000,1900
"Tamil Nadu",Namakkal,"Namakkal(Uzhavar Sandhai )",Ginger(Green),"Green Ginger",Local,21/08/2026,17000,18000,17500
"Tamil Nadu",Namakkal,"Namakkal(Uzhavar Sandhai )",Coconut,Coconut,Local,21/08/2026,5500,6000,5750
"Tamil Nadu",Namakkal,"Namakkal(Uzhavar Sandhai )",Beetroot,Beetroot,Local,21/08/2026,7000,8000,7500
"Tamil Nadu",Namakkal,"Namakkal(Uzhavar Sandhai )",Guava,"Guava Allahabad",Local,21/08/2026,5000,6000,5500
"Tamil Nadu",Namakkal,"Paramathivelur(Uzhavar Sandhai )",Papaya,Papaya,Local,21/08/2026,3000,3500,3250
"Tamil Nadu",Namakkal,"Paramathivelur(Uzhavar Sandhai )",Tomato,Local,Local,21/08/2026,1900,2300,2100
"Tamil Nadu",Namakkal,"Paramathivelur(Uzhavar Sandhai )","Cluster beans","Cluster Beans",Local,21/08/2026,3500,4000,3750
"Tamil Nadu",Namakkal,"Paramathivelur(Uzhavar Sandhai )","Bhindi(Ladies Finger)",Bhindi,Local,21/08/2026,4400,5000,4700
"Tamil Nadu",Namakkal,"Paramathivelur(Uzhavar Sandhai )",Drumstick,Drumstick,Local,21/08/2026,1700,2000,1850
"Tamil Nadu",Namakkal,"Paramathivelur(Uzhavar Sandhai )",Guava,"Guava Allahabad",Local,21/08/2026,4900,5500,5200
"Tamil Nadu",Namakkal,"Paramathivelur(Uzhavar Sandhai )","Onion Green","Onion Green",Local,21/08/2026,7200,8000,7600
"Tamil Nadu",Namakkal,"Rasipuram(Uzhavar Sandhai )",Potato,Other,Local,21/08/2026,3000,3500,3250
"Tamil Nadu",Namakkal,"Rasipuram(Uzhavar Sandhai )",Coriander(Leaves),"I Sort",Local,21/08/2026,7500,8000,7750
"Tamil Nadu",Namakkal,"Rasipuram(Uzhavar Sandhai )","Bhindi(Ladies Finger)",Bhindi,Local,21/08/2026,3400,4000,3700
"Tamil Nadu",Namakkal,"Rasipuram(Uzhavar Sandhai )",Beans,"Beans (Whole)",Local,21/08/2026,8000,9000,8500
"Tamil Nadu",Namakkal,"Rasipuram(Uzhavar Sandhai )",Ridgeguard(Tori),Ridgeguard(Tori),Local,21/08/2026,5000,5500,5250
"Tamil Nadu",Namakkal,"Rasipuram(Uzhavar Sandhai )",Raddish,Raddish,Local,21/08/2026,3000,3500,3250
"Tamil Nadu",Namakkal,"Rasipuram(Uzhavar Sandhai )","Chow Chow","Chow Chow",Local,21/08/2026,2500,3000,2750
"Tamil Nadu",Namakkal,"Rasipuram(Uzhavar Sandhai )",Mango(Raw-Ripe),"Mango - Raw-Ripe",Local,21/08/2026,4500,5500,5000
"Tamil Nadu",Namakkal,"Rasipuram(Uzhavar Sandhai )",Fig(Anjura/Anjeer),Anjura,Local,21/08/2026,13000,15000,14000
"Tamil Nadu",Namakkal,"Rasipuram(Uzhavar Sandhai )",Marigold(Calcutta),Marigold(Calcutta),Local,21/08/2026,26000,28000,27000
"Tamil Nadu",Namakkal,"Rasipuram(Uzhavar Sandhai )",Rose(Local),"Rose (Local)",Local,21/08/2026,23000,24000,23500
"Tamil Nadu",Madurai,"Palanganatham(Uzhavar Sandhai )",Garlic,Garlic,Local,21/08/2026,26000,27000,26500
"Tamil Nadu",Madurai,"Palanganatham(Uzhavar Sandhai )",Coriander(Leaves),"I Sort",Local,21/08/2026,4000,4500,4250
"Tamil Nadu",Madurai,"Palanganatham(Uzhavar Sandhai )","Mousambi(Sweet Lime)",Mousambi,Local,21/08/2026,7000,7500,7250
"Tamil Nadu",Madurai,"Palanganatham(Uzhavar Sandhai )","Bitter gourd","Bitter Gourd",Local,21/08/2026,5000,6500,5750
"Tamil Nadu",Madurai,"Palanganatham(Uzhavar Sandhai )",Amaranthus,Amaranthus,Local,21/08/2026,3000,3600,3300
"Tamil Nadu",Madurai,"Palanganatham(Uzhavar Sandhai )",Beans,"Beans (Whole)",Local,21/08/2026,10000,11000,10500
"Tamil Nadu",Madurai,"Palanganatham(Uzhavar Sandhai )",Cabbage,Cabbage,Local,21/08/2026,2600,3000,2800
"Tamil Nadu",Madurai,"Palanganatham(Uzhavar Sandhai )",Raddish,Raddish,Local,21/08/2026,2500,3000,2750
"Tamil Nadu",Madurai,"Palanganatham(Uzhavar Sandhai )",Lime,Lime,Local,21/08/2026,14000,16000,15000
"Tamil Nadu",Madurai,"Palanganatham(Uzhavar Sandhai )","Indian Beans(Seam)","Indian Beans (Seam)",Local,21/08/2026,4500,5500,5000
"Tamil Nadu",Madurai,"Palanganatham(Uzhavar Sandhai )",Lemon,Lemon,Local,21/08/2026,15000,17000,16000
"Tamil Nadu",Madurai,"Anna nagar(Uzhavar Sandhai )",Orange,Darjeeling,Local,21/08/2026,14000,14000,14000
"Tamil Nadu",Madurai,"Anna nagar(Uzhavar Sandhai )","Green Peas","Green Peas",Local,21/08/2026,22000,22000,22000
"Tamil Nadu",Madurai,"Anna nagar(Uzhavar Sandhai )","Cluster beans","Cluster Beans",Local,21/08/2026,4000,4000,4000
"Tamil Nadu",Madurai,"Anna nagar(Uzhavar Sandhai )","Bhindi(Ladies Finger)",Bhindi,Local,21/08/2026,4800,4800,4800
"Tamil Nadu",Madurai,"Anna nagar(Uzhavar Sandhai )",Tapioca,Tapioca,Local,21/08/2026,3600,3600,3600
"Tamil Nadu",Madurai,"Anna nagar(Uzhavar Sandhai )",Snakeguard,Snakeguard,Local,21/08/2026,4200,4200,4200
"Tamil Nadu",Madurai,"Anna nagar(Uzhavar Sandhai )","Knool Khol","Knool Khol",Local,21/08/2026,4000,4000,4000
"Tamil Nadu",Madurai,"Anna nagar(Uzhavar Sandhai )",Lime,Lime,Local,21/08/2026,4500,4500,4500
"Tamil Nadu",Madurai,"Anna nagar(Uzhavar Sandhai )","Elephant Yam(Suran)/Amorphophallus","Elephant Yam (Suran)",Local,21/08/2026,4000,4000,4000
"Tamil Nadu",Madurai,"Anna nagar(Uzhavar Sandhai )","Sweet Corn ","Sweet Corn ",Local,21/08/2026,5000,5000,5000
"Tamil Nadu",Perambalur,"Perambalur(Uzhavar Sandhai )",Groundnut,"Big (With Shell)",Local,21/08/2026,8000,9000,8500
"Tamil Nadu",Perambalur,"Perambalur(Uzhavar Sandhai )",Banana,"Red Banana",Local,21/08/2026,6000,7000,6500
"Tamil Nadu",Perambalur,"Perambalur(Uzhavar Sandhai )",Onion,Bellary,Local,21/08/2026,6000,6600,6300
"Tamil Nadu",Perambalur,"Perambalur(Uzhavar Sandhai )",Garlic,Garlic,Local,21/08/2026,20000,22000,21000
"Tamil Nadu",Perambalur,"Perambalur(Uzhavar Sandhai )",Papaya,Papaya,Local,21/08/2026,4000,5000,4500
"Tamil Nadu",Perambalur,"Perambalur(Uzhavar Sandhai )","Green Chilli","Green Chilly",Local,21/08/2026,5600,6000,5800
"Tamil Nadu",Perambalur,"Perambalur(Uzhavar Sandhai )",Beans,"Beans (Whole)",Local,21/08/2026,9000,9000,9000
"Tamil Nadu",Perambalur,"Perambalur(Uzhavar Sandhai )",Carrot,Pusakesar,Local,21/08/2026,9000,9000,9000
"Tamil Nadu",Perambalur,"Perambalur(Uzhavar Sandhai )",Cabbage,Cabbage,Local,21/08/2026,2800,3000,2900
"Tamil Nadu",Perambalur,"Perambalur(Uzhavar Sandhai )",Cucumbar(Kheera),Cucumbar,Local,21/08/2026,6400,7600,7000
"Tamil Nadu",Perambalur,"Perambalur(Uzhavar Sandhai )",Yam(Ratalu),"Yam (Ratalu)",Local,21/08/2026,6400,8000,7200
"Tamil Nadu",Salem,"Mecheri(Uzhavar Sandhai)",Papaya,Papaya,Local,21/08/2026,2500,3000,2750
"Tamil Nadu",Salem,"Mecheri(Uzhavar Sandhai)","Cluster beans","Cluster Beans",Local,21/08/2026,3000,3500,3250
"Tamil Nadu",Salem,"Mecheri(Uzhavar Sandhai)","Bhindi(Ladies Finger)",Bhindi,Local,21/08/2026,3000,3500,3250
"Tamil Nadu",Salem,"Mecheri(Uzhavar Sandhai)","Banana - Green","Banana - Green",Local,21/08/2026,2000,2500,2250
"Tamil Nadu",Salem,"Mecheri(Uzhavar Sandhai)",Snakeguard,Snakeguard,Local,21/08/2026,3500,4000,3750
"Tamil Nadu",Salem,"Ammapet(Uzhavar Sandhai )",Groundnut,"Big (With Shell)",Local,21/08/2026,6600,7000,6800
"Tamil Nadu",Salem,"Ammapet(Uzhavar Sandhai )",Banana,"Red Banana",Local,21/08/2026,7000,7500,7250
"Tamil Nadu",Salem,"Ammapet(Uzhavar Sandhai )",Onion,Bellary,Local,21/08/2026,5000,5200,5100
"Tamil Nadu",Salem,"Ammapet(Uzhavar Sandhai )",Potato,Other,Local,21/08/2026,4600,5000,4800
"Tamil Nadu",Salem,"Ammapet(Uzhavar Sandhai )","Bitter gourd",Other,Local,21/08/2026,4600,5000,4800
"Tamil Nadu",Salem,"Ammapet(Uzhavar Sandhai )","Bottle gourd","Bottle Gourd",Local,21/08/2026,2500,2800,2650
"Tamil Nadu",Salem,"Ammapet(Uzhavar Sandhai )","Green Chilli","Green Chilly",Local,21/08/2026,4600,5000,4800
"Tamil Nadu",Salem,"Ammapet(Uzhavar Sandhai )","Sweet Potato","Hosur Red",Local,21/08/2026,3800,4000,3900
"Tamil Nadu",Salem,"Ammapet(Uzhavar Sandhai )",Snakeguard,Snakeguard,Local,21/08/2026,3500,3800,3650
"Tamil Nadu",Salem,"Ammapet(Uzhavar Sandhai )",Thondekai,Thondekai,Local,21/08/2026,4800,5000,4900
"Tamil Nadu",Salem,"Ammapet(Uzhavar Sandhai )",Rose(Local),"Rose (Local)",Local,21/08/2026,7000,8000,7500
"Tamil Nadu",Salem,"Mettur(Uzhavar Sandhai )",Coriander(Leaves),"I Sort",Local,21/08/2026,3000,4000,3500
"Tamil Nadu",Salem,"Mettur(Uzhavar Sandhai )","Green Chilli","Green Chilly",Local,21/08/2026,4800,5200,5000
"Tamil Nadu",Salem,"Mettur(Uzhavar Sandhai )","Banana - Green","Banana - Green",Local,21/08/2026,2500,3000,2750
"Tamil Nadu",Salem,"Mettur(Uzhavar Sandhai )",Cabbage,Cabbage,Local,21/08/2026,3500,4000,3750
"Tamil Nadu",Salem,"Mettur(Uzhavar Sandhai )",Raddish,Raddish,Local,21/08/2026,1500,1500,1500
"Tamil Nadu",Salem,"Mettur(Uzhavar Sandhai )",Capsicum,Capsicum,Local,21/08/2026,6000,7000,6500
"Tamil Nadu",Salem,"Mettur(Uzhavar Sandhai )","Indian Beans(Seam)","Indian Beans (Seam)",Local,21/08/2026,5500,6000,5750
"Tamil Nadu",Salem,"Sooramangalam(Uzhavar Sandhai )",Mango,Neelam,Local,21/08/2026,4000,5000,4500
"Tamil Nadu",Salem,"Sooramangalam(Uzhavar Sandhai )",Onion,Bellary,Local,21/08/2026,4800,5500,5150
"Tamil Nadu",Salem,"Sooramangalam(Uzhavar Sandhai )",Coriander(Leaves),"I Sort",Local,21/08/2026,3400,3600,3500
"Tamil Nadu",Salem,"Sooramangalam(Uzhavar Sandhai )","Water Melon","Water Melon",Local,21/08/2026,1800,2000,1900
"Tamil Nadu",Salem,"Sooramangalam(Uzhavar Sandhai )",Tomato,Local,Local,21/08/2026,1500,1800,1650
"Tamil Nadu",Salem,"Sooramangalam(Uzhavar Sandhai )","Bottle gourd","Bottle Gourd",Local,21/08/2026,2000,3000,2500
"Tamil Nadu",Salem,"Sooramangalam(Uzhavar Sandhai )",Cowpea(Veg),"Cowpea (Veg)",Local,21/08/2026,4500,5000,4750
"Tamil Nadu",Salem,"Sooramangalam(Uzhavar Sandhai )",Tapioca,Tapioca,Local,21/08/2026,3000,3500,3250
"Tamil Nadu",Salem,"Sooramangalam(Uzhavar Sandhai )","Sweet Potato","Hosur Red",Local,21/08/2026,4000,4500,4250
"Tamil Nadu",Salem,"Sooramangalam(Uzhavar Sandhai )",Cabbage,Cabbage,Local,21/08/2026,2500,3000,2750
"Tamil Nadu",Salem,"Sooramangalam(Uzhavar Sandhai )",Thondekai,Thondekai,Local,21/08/2026,4500,5000,4750
"Tamil Nadu",Salem,"Sooramangalam(Uzhavar Sandhai )","Green Avare(W)",Other,Local,21/08/2026,5500,6000,5750
"Tamil Nadu",Salem,"Sooramangalam(Uzhavar Sandhai )","Chow Chow","Chow Chow",Local,21/08/2026,3500,3800,3650
"Tamil Nadu",Salem,"Sooramangalam(Uzhavar Sandhai )","Elephant Yam(Suran)/Amorphophallus","Elephant Yam (Suran)",Local,21/08/2026,4500,5000,4750
"Tamil Nadu",Salem,"Sooramangalam(Uzhavar Sandhai )",Yam(Ratalu),"Yam (Ratalu)",Local,21/08/2026,8000,8500,8250
"Tamil Nadu",Salem,"Sooramangalam(Uzhavar Sandhai )","Baby Corn","Baby Corn","Grade A",21/08/2026,2500,3000,2750
"Tamil Nadu",Salem,"Thammampatti (Uzhavar Sandhai )",Ashgourd,Gouard,Local,21/08/2026,2000,2500,2250
"Tamil Nadu",Salem,"Thammampatti (Uzhavar Sandhai )",Snakeguard,Snakeguard,Local,21/08/2026,3500,3800,3650
"Tamil Nadu",Salem,"Thammampatti (Uzhavar Sandhai )",Beetroot,Beetroot,Local,21/08/2026,7000,7500,7250
"Tamil Nadu",Salem,"Thammampatti (Uzhavar Sandhai )",Thondekai,Thondekai,Local,21/08/2026,4500,5000,4750
"Tamil Nadu",Salem,"Thammampatti (Uzhavar Sandhai )",Capsicum,Capsicum,Local,21/08/2026,7000,7000,7000
"Tamil Nadu",Salem,"Thammampatti (Uzhavar Sandhai )","Tamarind Fruit","Tamarind Fruit",Local,21/08/2026,13000,14000,13500
"Tamil Nadu",Salem,"Thammampatti (Uzhavar Sandhai )","Custard Apple(Sharifa)","Custard Apple(Sharifa)",Local,21/08/2026,4000,4000,4000
"Tamil Nadu",Salem,"Thammampatti (Uzhavar Sandhai )","Onion Green","Onion Green",Local,21/08/2026,5000,6000,5500
"Tamil Nadu",Salem,"Thammampatti (Uzhavar Sandhai )",Mint(Pudina),Mint(Pudina),Local,21/08/2026,3500,4000,3750
"Tamil Nadu",Salem,"Thathakapatti(Uzhavar Sandhai )",Potato,"Red Nanital",Local,21/08/2026,2800,6500,4650
"Tamil Nadu",Salem,"Thathakapatti(Uzhavar Sandhai )",Brinjal,Round,Local,21/08/2026,4000,4400,4200
"Tamil Nadu",Salem,"Thathakapatti(Uzhavar Sandhai )",Tomato,Deshi,Local,21/08/2026,1400,1800,1600
"Tamil Nadu",Salem,"Thathakapatti(Uzhavar Sandhai )","Green Chilli","Green Chilly",Local,21/08/2026,5000,5200,5100
"Tamil Nadu",Salem,"Thathakapatti(Uzhavar Sandhai )",Tapioca,Tapioca,Local,21/08/2026,3500,4000,3750
"Tamil Nadu",Salem,"Thathakapatti(Uzhavar Sandhai )","Sweet Potato","Hosur Red",Local,21/08/2026,4000,5000,4500
"Tamil Nadu",Salem,"Thathakapatti(Uzhavar Sandhai )",Raddish,Raddish,Local,21/08/2026,2500,3000,2750
"Tamil Nadu",Salem,"Thathakapatti(Uzhavar Sandhai )",Thondekai,Thondekai,Local,21/08/2026,4000,5000,4500
"Tamil Nadu",Salem,"Thathakapatti(Uzhavar Sandhai )","Knool Khol","Knool Khol",Local,21/08/2026,3500,4000,3750
"Tamil Nadu",Salem,"Thathakapatti(Uzhavar Sandhai )",Guava,"Guava Allahabad",Local,21/08/2026,4000,5000,4500
"Tamil Nadu",Salem,"Thathakapatti(Uzhavar Sandhai )",Pomegranate,Pomogranate,Local,21/08/2026,12000,16000,14000
"Tamil Nadu",Salem,"Thathakapatti(Uzhavar Sandhai )",Jasmine,Jasmine,Local,21/08/2026,75000,80000,77500
"Tamil Nadu",Salem,"Thathakapatti(Uzhavar Sandhai )",Yam(Ratalu),"Yam (Ratalu)",Local,21/08/2026,7000,8000,7500
"Tamil Nadu",Pudukkottai,"Pudukottai(Uzhavar Sandhai )",Papaya,Papaya,Local,21/08/2026,3500,4000,3750
"Tamil Nadu",Pudukkottai,"Pudukottai(Uzhavar Sandhai )","Water Melon","Water Melon",Local,21/08/2026,1000,1500,1250
"Tamil Nadu",Pudukkottai,"Pudukottai(Uzhavar Sandhai )","Bitter gourd","Bitter Gourd",Local,21/08/2026,8000,9000,8500
"Tamil Nadu",Pudukkottai,"Pudukottai(Uzhavar Sandhai )","Green Chilli","Green Chilly",Local,21/08/2026,6000,7000,6500
"Tamil Nadu",Pudukkottai,"Pudukottai(Uzhavar Sandhai )","Tender Coconut","Tender Coconut",Local,21/08/2026,5000,6000,5500
"Tamil Nadu",Pudukkottai,"Pudukottai(Uzhavar Sandhai )",Colacasia,Colacasia,Local,21/08/2026,5500,6000,5750
"Tamil Nadu","The Nilgiris","Udhagamandalam(Uzhavar Sandhai )",Cauliflower,Ranchi,Local,21/08/2026,4000,4500,4250
"Tamil Nadu","The Nilgiris","Udhagamandalam(Uzhavar Sandhai )",Brinjal,Other,Local,21/08/2026,3500,3800,3650
"Tamil Nadu","The Nilgiris","Udhagamandalam(Uzhavar Sandhai )",Coriander(Leaves),"I Sort",Local,21/08/2026,6500,7000,6750
"Tamil Nadu","The Nilgiris","Udhagamandalam(Uzhavar Sandhai )","Bhindi(Ladies Finger)",Bhindi,Local,21/08/2026,3500,3800,3650
"Tamil Nadu","The Nilgiris","Udhagamandalam(Uzhavar Sandhai )",Coconut,Coconut,Local,21/08/2026,6000,6500,6250
"Tamil Nadu","The Nilgiris","Udhagamandalam(Uzhavar Sandhai )",Cucumbar(Kheera),Cucumbar,Local,21/08/2026,4000,4500,4250
"Tamil Nadu","The Nilgiris","Udhagamandalam(Uzhavar Sandhai )",Raddish,Raddish,Local,21/08/2026,2500,3000,2750
"Tamil Nadu","The Nilgiris","Udhagamandalam(Uzhavar Sandhai )","Elephant Yam(Suran)/Amorphophallus","Elephant Yam (Suran)",Local,21/08/2026,3500,4000,3750
"Tamil Nadu","The Nilgiris","Udhagamandalam(Uzhavar Sandhai )",Turnip,Turnip,Local,21/08/2026,3500,4000,3750
"Tamil Nadu","The Nilgiris","Udhagamandalam(Uzhavar Sandhai )","Onion Green","Onion Green",Local,21/08/2026,7500,7800,7650
"Tamil Nadu",Theni,"Andipatti(Uzhavar Sandhai )",Coriander(Leaves),"I Sort",Local,21/08/2026,3000,3200,3100
"Tamil Nadu",Theni,"Andipatti(Uzhavar Sandhai )",Tomato,Other,Local,21/08/2026,1600,1800,1700
"Tamil Nadu",Theni,"Andipatti(Uzhavar Sandhai )","Bottle gourd","Bottle Gourd",Local,21/08/2026,1800,2000,1900
"Tamil Nadu",Theni,"Andipatti(Uzhavar Sandhai )",Pumpkin,Pumpkin,Local,21/08/2026,1600,1800,1700
"Tamil Nadu",Theni,"Andipatti(Uzhavar Sandhai )",Amaranthus,Amaranthus,Local,21/08/2026,2000,2500,2250
"Tamil Nadu",Theni,"Andipatti(Uzhavar Sandhai )",Beans,"Beans (Whole)",Local,21/08/2026,9500,10000,9750
"Tamil Nadu",Theni,"Andipatti(Uzhavar Sandhai )",Cabbage,Cabbage,Local,21/08/2026,2800,3000,2900
"Tamil Nadu",Theni,"Andipatti(Uzhavar Sandhai )",Snakeguard,Snakeguard,Local,21/08/2026,3000,3500,3250
"Tamil Nadu",Theni,"Andipatti(Uzhavar Sandhai )",Drumstick,Drumstick,Local,21/08/2026,1500,2000,1750
"Tamil Nadu",Theni,"Andipatti(Uzhavar Sandhai )",Yam(Ratalu),"Yam (Ratalu)",Local,21/08/2026,7800,8000,7900
"Tamil Nadu",Theni,"Bodinayakanur(Uzhavar Sandhai )",Brinjal,Round,Local,21/08/2026,3600,3600,3600
"Tamil Nadu",Theni,"Bodinayakanur(Uzhavar Sandhai )",Papaya,Papaya,Local,21/08/2026,3000,3000,3000
"Tamil Nadu",Theni,"Bodinayakanur(Uzhavar Sandhai )",Pumpkin,Pumpkin,Local,21/08/2026,1800,1800,1800
"Tamil Nadu",Theni,"Bodinayakanur(Uzhavar Sandhai )","Bhindi(Ladies Finger)",Bhindi,Local,21/08/2026,4800,4800,4800
"Tamil Nadu",Theni,"Bodinayakanur(Uzhavar Sandhai )",Amaranthus,Amaranthus,Local,21/08/2026,2500,2500,2500
"Tamil Nadu",Theni,"Bodinayakanur(Uzhavar Sandhai )",Snakeguard,Snakeguard,Local,21/08/2026,3600,3600,3600
"Tamil Nadu",Theni,"Bodinayakanur(Uzhavar Sandhai )",Ridgeguard(Tori),Ridgeguard(Tori),Local,21/08/2026,4800,4800,4800
"Tamil Nadu",Theni,"Chinnamanur(Uzhavar Sandhai )",Soyabean,Local,Local,21/08/2026,10000,10000,10000
"Tamil Nadu",Theni,"Chinnamanur(Uzhavar Sandhai )",Tomato,Local,Local,21/08/2026,1800,1800,1800
"Tamil Nadu",Theni,"Chinnamanur(Uzhavar Sandhai )","Green Chilli","Green Chilly",Local,21/08/2026,4500,4500,4500
"Tamil Nadu",Theni,"Chinnamanur(Uzhavar Sandhai )",Carrot,Pusakesar,Local,21/08/2026,7000,7000,7000
"Tamil Nadu",Theni,"Chinnamanur(Uzhavar Sandhai )",Beetroot,Beetroot,Local,21/08/2026,4500,4500,4500
"Tamil Nadu",Theni,"Chinnamanur(Uzhavar Sandhai )",Raddish,Raddish,Local,21/08/2026,2400,2400,2400
"Tamil Nadu",Theni,"Chinnamanur(Uzhavar Sandhai )",Thondekai,Thondekai,Local,21/08/2026,3600,3600,3600
"Tamil Nadu",Theni,"Chinnamanur(Uzhavar Sandhai )","Knool Khol","Knool Khol",Local,21/08/2026,3500,3500,3500
"Tamil Nadu",Theni,"Chinnamanur(Uzhavar Sandhai )",Mint(Pudina),Mint(Pudina),Local,21/08/2026,4800,4800,4800
"Tamil Nadu",Theni,"Kambam(Uzhavar Sandhai )",Potato,"Red Nanital",Local,21/08/2026,2600,2600,2600
"Tamil Nadu",Theni,"Kambam(Uzhavar Sandhai )","Bitter gourd","Bitter Gourd",Local,21/08/2026,4000,4600,4300
"Tamil Nadu",Theni,"Kambam(Uzhavar Sandhai )","Bottle gourd","Bottle Gourd",Local,21/08/2026,1200,1400,1300
"Tamil Nadu",Theni,"Kambam(Uzhavar Sandhai )",Beans,"Beans (Whole)",Local,21/08/2026,8000,10000,9000
"Tamil Nadu",Theni,"Kambam(Uzhavar Sandhai )",Carrot,Pusakesar,Local,21/08/2026,7000,7000,7000
"Tamil Nadu",Theni,"Kambam(Uzhavar Sandhai )",Cabbage,Cabbage,Local,21/08/2026,2800,2800,2800
"Tamil Nadu",Theni,"Kambam(Uzhavar Sandhai )",Beetroot,Beetroot,Local,21/08/2026,4000,4400,4200
"Tamil Nadu",Theni,"Kambam(Uzhavar Sandhai )",Lime,Lime,Local,21/08/2026,11000,13000,12000
"Tamil Nadu",Theni,"Kambam(Uzhavar Sandhai )",Lemon,Lemon,Local,21/08/2026,9000,10000,9500
"Tamil Nadu",Theni,"Kambam(Uzhavar Sandhai )","Amla(Nelli Kai)",Amla,Local,21/08/2026,5000,6000,5500
"Tamil Nadu",Theni,"Theni(Uzhavar Sandhai )",Apple,American,Local,21/08/2026,14000,26000,20000
"Tamil Nadu",Theni,"Theni(Uzhavar Sandhai )",Garlic,Garlic,Local,21/08/2026,10000,20000,15000
"Tamil Nadu",Theni,"Theni(Uzhavar Sandhai )",Cauliflower,Ranchi,Local,21/08/2026,2500,3500,3000
"Tamil Nadu",Theni,"Theni(Uzhavar Sandhai )",Brinjal,Other,Local,21/08/2026,3000,3400,3200
"Tamil Nadu",Theni,"Theni(Uzhavar Sandhai )","Water Melon","Water Melon",Local,21/08/2026,2000,2500,2250
"Tamil Nadu",Theni,"Theni(Uzhavar Sandhai )",Tomato,Other,Local,21/08/2026,1800,1800,1800
"Tamil Nadu",Theni,"Theni(Uzhavar Sandhai )","Cluster beans","Cluster Beans",Local,21/08/2026,3400,3400,3400
"Tamil Nadu",Theni,"Theni(Uzhavar Sandhai )",Coconut,Coconut,Local,21/08/2026,5600,5600,5600
"Tamil Nadu",Theni,"Theni(Uzhavar Sandhai )","Betal Leaves",Mysore,Local,21/08/2026,22000,22000,22000
"Tamil Nadu",Theni,"Theni(Uzhavar Sandhai )",Cabbage,Cabbage,Local,21/08/2026,3000,3000,3000
"Tamil Nadu",Theni,"Theni(Uzhavar Sandhai )",Ridgeguard(Tori),Ridgeguard(Tori),Local,21/08/2026,4800,4800,4800
"Tamil Nadu",Theni,"Theni(Uzhavar Sandhai )",Thondekai,Thondekai,Local,21/08/2026,3500,3500,3500
"Tamil Nadu",Theni,"Theni(Uzhavar Sandhai )","Elephant Yam(Suran)/Amorphophallus","Elephant Yam (Suran)",Local,21/08/2026,4000,4000,4000
"Tamil Nadu",Theni,"Theni(Uzhavar Sandhai )",Colacasia,Colacasia,Local,21/08/2026,5500,5500,5500
"Tamil Nadu",Thirunelveli,"Melapalayam(Uzhavar Sandhai )",Garlic,Garlic,Local,21/08/2026,25000,28000,26500
"Tamil Nadu",Thirunelveli,"Melapalayam(Uzhavar Sandhai )",Coriander(Leaves),"I Sort",Local,21/08/2026,3500,4000,3750
"Tamil Nadu",Thirunelveli,"Melapalayam(Uzhavar Sandhai )",Papaya,Papaya,Local,21/08/2026,3500,4000,3750
"Tamil Nadu",Thirunelveli,"Melapalayam(Uzhavar Sandhai )","Cluster beans","Cluster Beans",Local,21/08/2026,2400,2600,2500
"Tamil Nadu",Thirunelveli,"Melapalayam(Uzhavar Sandhai )","Bitter gourd",Other,Local,21/08/2026,4500,6000,5250
"Tamil Nadu",Thirunelveli,"Melapalayam(Uzhavar Sandhai )","Bottle gourd","Bottle Gourd",Local,21/08/2026,1000,1200,1100
"Tamil Nadu",Thirunelveli,"Melapalayam(Uzhavar Sandhai )",Beans,"Beans (Whole)",Local,21/08/2026,9000,9600,9300
"Tamil Nadu",Thirunelveli,"Melapalayam(Uzhavar Sandhai )","Sweet Potato","Hosur Red",Local,21/08/2026,5000,5500,5250
"Tamil Nadu",Thirunelveli,"Palayamkottai(Uzhavar Sandhai )",Orange,Darjeeling,Local,21/08/2026,14000,16000,15000
"Tamil Nadu",Thirunelveli,"Palayamkottai(Uzhavar Sandhai )",Banana,"Red Banana",Local,21/08/2026,9000,10000,9500
"Tamil Nadu",Thirunelveli,"Palayamkottai(Uzhavar Sandhai )",Mango,Safeda,Local,21/08/2026,8000,10000,9000
"Tamil Nadu",Thirunelveli,"Palayamkottai(Uzhavar Sandhai )",Onion,Bellary,Local,21/08/2026,5000,5400,5200
"Tamil Nadu",Thirunelveli,"Palayamkottai(Uzhavar Sandhai )",Potato,Other,Local,21/08/2026,2200,2400,2300
"Tamil Nadu",Thirunelveli,"Palayamkottai(Uzhavar Sandhai )",Cauliflower,Ranchi,Local,21/08/2026,4400,4600,4500
"Tamil Nadu",Thirunelveli,"Palayamkottai(Uzhavar Sandhai )",Tomato,Deshi,Local,21/08/2026,1800,2300,2050
"Tamil Nadu",Thirunelveli,"Palayamkottai(Uzhavar Sandhai )","Cluster beans","Cluster Beans",Local,21/08/2026,2400,2600,2500
"Tamil Nadu",Thirunelveli,"Palayamkottai(Uzhavar Sandhai )",Raddish,Raddish,Local,21/08/2026,3000,3500,3250
"Tamil Nadu",Thirunelveli,"Palayamkottai(Uzhavar Sandhai )",Thondekai,Thondekai,Local,21/08/2026,4500,5000,4750
"Tamil Nadu",Thirunelveli,"Palayamkottai(Uzhavar Sandhai )",Mint(Pudina),Mint(Pudina),Local,21/08/2026,5000,5500,5250
"Tamil Nadu",Thirupur,"Kangayam(Uzhavar Sandhai )",Coriander(Leaves),"I Sort",Local,21/08/2026,3400,3800,3600
"Tamil Nadu",Thirupur,"Kangayam(Uzhavar Sandhai )",Papaya,Papaya,Local,21/08/2026,2000,2500,2250
"Tamil Nadu",Thirupur,"Kangayam(Uzhavar Sandhai )","Bottle gourd","Bottle Gourd",Local,21/08/2026,1500,2000,1750
"Tamil Nadu",Thirupur,"Kangayam(Uzhavar Sandhai )",Ashgourd,Gouard,Local,21/08/2026,2000,2400,2200
"Tamil Nadu",Thirupur,"Kangayam(Uzhavar Sandhai )",Drumstick,Drumstick,Local,21/08/2026,2500,3000,2750
"Tamil Nadu",Thirupur,"Kangayam(Uzhavar Sandhai )",Lemon,Lemon,Local,21/08/2026,11000,12000,11500
"Tamil Nadu",Thirupur,"Tiruppur (North) (Uzhavar Sandhai )",Banana,"Red Banana",Local,21/08/2026,6000,7000,6500
"Tamil Nadu",Thirupur,"Tiruppur (North) (Uzhavar Sandhai )","Bottle gourd","Bottle Gourd",Local,21/08/2026,1200,1600,1400
"Tamil Nadu",Thirupur,"Tiruppur (North) (Uzhavar Sandhai )",Amaranthus,Amaranthus,Local,21/08/2026,2200,2600,2400
"Tamil Nadu",Thirupur,"Tiruppur (North) (Uzhavar Sandhai )",Tapioca,Tapioca,Local,21/08/2026,2000,2500,2250
"Tamil Nadu",Thirupur,"Tiruppur (North) (Uzhavar Sandhai )","Onion Green","Onion Green",Local,21/08/2026,6000,7000,6500
"Tamil Nadu",Thiruvannamalai,"Chengam(Uzhavar Sandhai )",Groundnut,"Big (With Shell)",Local,21/08/2026,7000,8000,7500
"Tamil Nadu",Thiruvannamalai,"Chengam(Uzhavar Sandhai )",Onion,Bellary,Local,21/08/2026,4200,5000,4600
"Tamil Nadu",Thiruvannamalai,"Chengam(Uzhavar Sandhai )","Water Melon","Water Melon",Local,21/08/2026,1200,1500,1350
"Tamil Nadu",Thiruvannamalai,"Chengam(Uzhavar Sandhai )","Bitter gourd","Bitter Gourd",Local,21/08/2026,5000,6000,5500
"Tamil Nadu",Thiruvannamalai,"Chengam(Uzhavar Sandhai )","Green Chilli","Green Chilly",Local,21/08/2026,5000,6000,5500
"Tamil Nadu",Thiruvannamalai,"Chengam(Uzhavar Sandhai )","Banana - Green","Banana - Green",Local,21/08/2026,1200,1500,1350
"Tamil Nadu",Thiruvannamalai,"Chengam(Uzhavar Sandhai )",Snakeguard,Snakeguard,Local,21/08/2026,2500,3000,2750
"Tamil Nadu",Thiruvannamalai,"Chengam(Uzhavar Sandhai )",Cucumbar(Kheera),Cucumbar,Local,21/08/2026,6000,7200,6600
"Tamil Nadu",Thiruvannamalai,"Chengam(Uzhavar Sandhai )",Thondekai,Thondekai,Local,21/08/2026,7000,8000,7500
"Tamil Nadu",Thiruvannamalai,"Chengam(Uzhavar Sandhai )","Green Avare(W)","Green Avare (W)",Local,21/08/2026,5000,6000,5500
"Tamil Nadu",Thiruvannamalai,"Chengam(Uzhavar Sandhai )",Guava,"Guava Allahabad",Local,21/08/2026,4200,5000,4600
"Tamil Nadu",Thiruvannamalai,"Chengam(Uzhavar Sandhai )","Sweet Corn ","Sweet Corn ",Local,21/08/2026,2500,3000,2750
"Tamil Nadu",Thiruvannamalai,"Keelpennathur(Uzhavar Sandhai )",Jasmine,Jasmine,Local,21/08/2026,29000,30000,29500
"Tamil Nadu",Thiruvannamalai,"Keelpennathur(Uzhavar Sandhai )",Lemon,Lemon,Local,21/08/2026,9000,10000,9500
"Tamil Nadu",Thiruvannamalai,"Tamarainagar(Uzhavar Sandhai )",Groundnut,"Big (With Shell)",Local,21/08/2026,7000,8400,7700
"Tamil Nadu",Thiruvannamalai,"Tamarainagar(Uzhavar Sandhai )",Coriander(Leaves),"I Sort",Local,21/08/2026,4000,5000,4500
"Tamil Nadu",Thiruvannamalai,"Tamarainagar(Uzhavar Sandhai )","Green Chilli","Green Chilly",Local,21/08/2026,4000,5000,4500
"Tamil Nadu",Thiruvannamalai,"Tamarainagar(Uzhavar Sandhai )",Drumstick,Drumstick,Local,21/08/2026,3500,4000,3750
"Tamil Nadu",Thiruvannamalai,"Tamarainagar(Uzhavar Sandhai )",Mango(Raw-Ripe),"Mango - Raw-Ripe",Local,21/08/2026,2500,3000,2750
"Tamil Nadu",Thiruvannamalai,"Tamarainagar(Uzhavar Sandhai )",Lime,Lime,Local,21/08/2026,4000,5000,4500
"Tamil Nadu",Thiruvannamalai,"Tamarainagar(Uzhavar Sandhai )",Fig(Anjura/Anjeer),Anjura,Local,21/08/2026,5000,6000,5500
"Tamil Nadu",Thiruvannamalai,"Tamarainagar(Uzhavar Sandhai )","Elephant Yam(Suran)/Amorphophallus","Elephant Yam (Suran)",Local,21/08/2026,5000,6000,5500
"Tamil Nadu",Thiruvannamalai,"Vandavasi(Uzhavar Sandhai )",Onion,Bellary,Local,21/08/2026,5000,6000,5500
"Tamil Nadu",Thiruvannamalai,"Vandavasi(Uzhavar Sandhai )",Papaya,Papaya,Local,21/08/2026,3000,4000,3500
"Tamil Nadu",Thiruvannamalai,"Vandavasi(Uzhavar Sandhai )",Amaranthus,Amaranthus,Local,21/08/2026,2500,3000,2750
"Tamil Nadu",Thiruvannamalai,"Vandavasi(Uzhavar Sandhai )",Carrot,Pusakesar,Local,21/08/2026,6000,7200,6600
"Tamil Nadu",Thiruvannamalai,"Vandavasi(Uzhavar Sandhai )",Ridgeguard(Tori),Ridgeguard(Tori),Local,21/08/2026,3600,4200,3900
"Tamil Nadu",Thiruvannamalai,"Vandavasi(Uzhavar Sandhai )",Raddish,Raddish,Local,21/08/2026,2500,3000,2750
"Tamil Nadu",Thiruvannamalai,"Vandavasi(Uzhavar Sandhai )","Green Avare(W)",Other,Local,21/08/2026,5000,6000,5500
"Tamil Nadu",Thiruvannamalai,"Vandavasi(Uzhavar Sandhai )",Drumstick,Drumstick,Local,21/08/2026,3600,4200,3900
"Tamil Nadu",Thiruvannamalai,"Vandavasi(Uzhavar Sandhai )",Lemon,Lemon,Local,21/08/2026,10000,12000,11000
"Tamil Nadu",Thiruvarur,"Muthupettai(Uzhavar Sandhai )","Bitter gourd","Bitter Gourd",Local,21/08/2026,6000,6000,6000
"Tamil Nadu",Thiruvarur,"Muthupettai(Uzhavar Sandhai )","Bhindi(Ladies Finger)",Bhindi,Local,21/08/2026,3400,3400,3400
"Tamil Nadu",Thiruvarur,"Muthupettai(Uzhavar Sandhai )",Amaranthus,Amaranthus,Local,21/08/2026,2000,2000,2000
"Tamil Nadu",Thiruvarur,"Muthupettai(Uzhavar Sandhai )",Beetroot,Beetroot,Local,21/08/2026,5000,5000,5000
"Tamil Nadu",Thiruvarur,"Muthupettai(Uzhavar Sandhai )",Lemon,Lemon,Local,21/08/2026,11000,11000,11000
"West Bengal",Bankura,"Bishnupur(Bankura) APMC","Bottle gourd","Bottle Gourd",FAQ,21/08/2026,1500,1900,1600
"Tamil Nadu",Thiruvarur,"Tiruvarur(Uzhavar Sandhai )","Bhindi(Ladies Finger)",Bhindi,Local,21/08/2026,4000,4000,4000
"Tamil Nadu",Thiruvarur,"Tiruvarur(Uzhavar Sandhai )","Green Chilli","Green Chilly",Local,21/08/2026,6000,6000,6000
"Tamil Nadu",Virudhunagar,"Aruppukottai(Uzhavar Sandhai )",Cauliflower,Ranchi,Local,21/08/2026,3000,4000,3500
"Tamil Nadu",Virudhunagar,"Aruppukottai(Uzhavar Sandhai )",Papaya,Papaya,Local,21/08/2026,3000,3500,3250
"Tamil Nadu",Virudhunagar,"Aruppukottai(Uzhavar Sandhai )","Bottle gourd","Bottle Gourd",Local,21/08/2026,1500,2000,1750
"Tamil Nadu",Virudhunagar,"Aruppukottai(Uzhavar Sandhai )",Ashgourd,Gouard,Local,21/08/2026,3000,4000,3500
"Tamil Nadu",Virudhunagar,"Aruppukottai(Uzhavar Sandhai )",Pumpkin,Pumpkin,Local,21/08/2026,2500,3000,2750
"Tamil Nadu",Virudhunagar,"Aruppukottai(Uzhavar Sandhai )","Banana - Green","Banana - Green",Local,21/08/2026,3000,3500,3250
"Tamil Nadu",Virudhunagar,"Aruppukottai(Uzhavar Sandhai )",Beans,"Beans (Whole)",Local,21/08/2026,9000,10000,9500
"Tamil Nadu",Virudhunagar,"Aruppukottai(Uzhavar Sandhai )",Coconut,Coconut,Local,21/08/2026,5000,6000,5500
"Tamil Nadu",Virudhunagar,"Aruppukottai(Uzhavar Sandhai )",Drumstick,Drumstick,Local,21/08/2026,3000,4000,3500
"Tamil Nadu",Virudhunagar,"Aruppukottai(Uzhavar Sandhai )",Pomegranate,Pomogranate,Local,21/08/2026,18000,20000,19000
"Tamil Nadu",Virudhunagar,"Aruppukottai(Uzhavar Sandhai )","Elephant Yam(Suran)/Amorphophallus","Elephant Yam (Suran)",Local,21/08/2026,4000,5000,4500
"Tamil Nadu",Thiruvarur,"Valangaiman APMC","Banana - Green","Banana - Green",Local,21/08/2026,4000,4000,4000
"Tamil Nadu",Thiruvarur,"Valangaiman APMC","Onion Green","Onion Green",Local,21/08/2026,7000,7000,7000
"Tamil Nadu",Virudhunagar,"Kariyapatti(Uzhavar Sandhai )",Banana,Besrai,Local,21/08/2026,3500,4000,3750
"Tamil Nadu",Virudhunagar,"Kariyapatti(Uzhavar Sandhai )","Cluster beans","Cluster Beans",Local,21/08/2026,3500,4000,3750
"Tamil Nadu",Virudhunagar,"Kariyapatti(Uzhavar Sandhai )",Beans,"Beans (Whole)",Local,21/08/2026,9500,10000,9750
"Tamil Nadu",Virudhunagar,"Kariyapatti(Uzhavar Sandhai )",Cabbage,Cabbage,Local,21/08/2026,3000,3500,3250
"Tamil Nadu",Virudhunagar,"Kariyapatti(Uzhavar Sandhai )","Chow Chow","Chow Chow",Local,21/08/2026,3000,3500,3250
"Tamil Nadu",Virudhunagar,"Kariyapatti(Uzhavar Sandhai )",Guava,"Guava Allahabad",Local,21/08/2026,3500,4000,3750
"Tamil Nadu",Virudhunagar,"Kariyapatti(Uzhavar Sandhai )","Onion Green","Onion Green",Local,21/08/2026,7000,7500,7250
Assam,Nagaon,"Ambagan APMC",Pumpkin,Pumpkin,FAQ,21/08/2026,1750,1900,1800
Telangana,Khammam,"Sattupalli (Ramalayam),RBZ",Tomato,Tomato,FAQ,21/08/2026,1800,2400,2000
"Tamil Nadu",Madurai,"Thirumangalam(Uzhavar Sandhai )","Cluster beans","Cluster Beans",Local,21/08/2026,3000,3600,3300
"Tamil Nadu",Madurai,"Thirumangalam(Uzhavar Sandhai )",Coconut,Coconut,Local,21/08/2026,6500,6800,6650
"Tamil Nadu",Madurai,"Thirumangalam(Uzhavar Sandhai )","Onion Green","Onion Green",Local,21/08/2026,7500,8000,7750
"Tamil Nadu",Madurai,"Melur(Uzhavar Sandhai )",Mango,Safeda,Local,21/08/2026,7000,7500,7250
"Tamil Nadu",Madurai,"Melur(Uzhavar Sandhai )",Brinjal,Round,Local,21/08/2026,4000,4500,4250
"Tamil Nadu",Madurai,"Melur(Uzhavar Sandhai )",Papaya,Papaya,Local,21/08/2026,4000,4500,4250
"Tamil Nadu",Madurai,"Melur(Uzhavar Sandhai )","Bitter gourd",Other,Local,21/08/2026,5000,6500,5750
"Tamil Nadu",Madurai,"Melur(Uzhavar Sandhai )","Green Chilli","Green Chilly",Local,21/08/2026,4500,4800,4650
"Tamil Nadu",Madurai,"Melur(Uzhavar Sandhai )",Cowpea(Veg),"Cowpea (Veg)",Local,21/08/2026,3000,4000,3500
"Tamil Nadu",Madurai,"Melur(Uzhavar Sandhai )",Tapioca,Tapioca,Local,21/08/2026,3600,4000,3800
"Tamil Nadu",Madurai,"Melur(Uzhavar Sandhai )",Drumstick,Drumstick,Local,21/08/2026,4000,5000,4500
"Tamil Nadu",Madurai,"Melur(Uzhavar Sandhai )",Lime,Lime,Local,21/08/2026,3600,4000,3800
"Tamil Nadu",Madurai,"Melur(Uzhavar Sandhai )",Guava,"Guava Allahabad",Local,21/08/2026,5000,6000,5500
"Tamil Nadu",Salem,"Vazhapadi(Uzhavar Sandhai)",Banana,"Red Banana",Local,21/08/2026,7500,7500,7500
"Tamil Nadu",Salem,"Vazhapadi(Uzhavar Sandhai)",Chikoos(Sapota),Sapota,Local,21/08/2026,5000,5000,5000
"Tamil Nadu",Salem,"Vazhapadi(Uzhavar Sandhai)","Bottle gourd","Bottle Gourd",Local,21/08/2026,2000,2500,2250
"Tamil Nadu",Salem,"Vazhapadi(Uzhavar Sandhai)",Pumpkin,Pumpkin,Local,21/08/2026,2500,2500,2500
"Tamil Nadu",Salem,"Vazhapadi(Uzhavar Sandhai)","Green Chilli","Green Chilly",Local,21/08/2026,5000,5500,5250
"Tamil Nadu",Salem,"Vazhapadi(Uzhavar Sandhai)","Banana - Green","Banana - Green",Local,21/08/2026,2500,2500,2500
"Tamil Nadu",Salem,"Vazhapadi(Uzhavar Sandhai)",Coconut,Coconut,Local,21/08/2026,5000,6000,5500
"Tamil Nadu",Salem,"Vazhapadi(Uzhavar Sandhai)",Carrot,Pusakesar,Local,21/08/2026,7000,8000,7500
"Tamil Nadu",Salem,"Vazhapadi(Uzhavar Sandhai)",Cabbage,Cabbage,Local,21/08/2026,4000,4000,4000
"Tamil Nadu",Salem,"Vazhapadi(Uzhavar Sandhai)",Ridgeguard(Tori),Ridgeguard(Tori),Local,21/08/2026,4500,5000,4750
"Tamil Nadu",Salem,"Vazhapadi(Uzhavar Sandhai)",Raddish,Raddish,Local,21/08/2026,3000,3600,3300
"Tamil Nadu",Karur,"Gandhigramam(Uzhavar Sandhai)",Brinjal,Other,Local,21/08/2026,3500,4000,3750
"Tamil Nadu",Karur,"Gandhigramam(Uzhavar Sandhai)","Green Chilli","Green Chilly",Local,21/08/2026,4000,5000,4500
"Tamil Nadu",Karur,"Gandhigramam(Uzhavar Sandhai)","Chow Chow","Chow Chow",Local,21/08/2026,3500,4000,3750
"Tamil Nadu",Karur,"Gandhigramam(Uzhavar Sandhai)",Mango(Raw-Ripe),"Mango - Raw-Ripe",Local,21/08/2026,5000,6500,5750
"Tamil Nadu",Pudukkottai,"Aranthangi(Uzhavar Sandhai )",Brinjal,Other,Local,21/08/2026,5000,6000,5500
"Tamil Nadu",Pudukkottai,"Aranthangi(Uzhavar Sandhai )",Tomato,Other,Local,21/08/2026,2000,2500,2250
"Tamil Nadu",Pudukkottai,"Aranthangi(Uzhavar Sandhai )",Coconut,Coconut,Local,21/08/2026,3500,4000,3750
"Tamil Nadu",Pudukkottai,"Aranthangi(Uzhavar Sandhai )",Ridgeguard(Tori),Ridgeguard(Tori),Local,21/08/2026,5000,6000,5500
"Tamil Nadu",Coimbatore,"Sulur(Uzhavar Sandhai )",Banana,Poovan,Local,21/08/2026,4000,4500,4250
"Tamil Nadu",Coimbatore,"Sulur(Uzhavar Sandhai )",Coriander(Leaves),"I Sort",Local,21/08/2026,3500,4000,3750
"Tamil Nadu",Pudukkottai,"Gandarvakottai(Uzhavar Sandhai )",Potato,Other,Local,21/08/2026,5000,6000,5500
"Tamil Nadu",Pudukkottai,"Gandarvakottai(Uzhavar Sandhai )",Brinjal,Other,Local,21/08/2026,4500,6000,5250
"Tamil Nadu",Pudukkottai,"Gandarvakottai(Uzhavar Sandhai )",Coriander(Leaves),"I Sort",Local,21/08/2026,4500,5000,4750
"Tamil Nadu",Pudukkottai,"Gandarvakottai(Uzhavar Sandhai )",Papaya,Papaya,Local,21/08/2026,2000,3000,2500
"Tamil Nadu",Pudukkottai,"Gandarvakottai(Uzhavar Sandhai )",Pumpkin,Pumpkin,Local,21/08/2026,1000,1500,1250
"Tamil Nadu",Pudukkottai,"Gandarvakottai(Uzhavar Sandhai )","Bhindi(Ladies Finger)",Bhindi,Local,21/08/2026,3500,4000,3750
"Tamil Nadu",Pudukkottai,"Gandarvakottai(Uzhavar Sandhai )",Amaranthus,Amaranthus,Local,21/08/2026,1000,1500,1250
"Tamil Nadu",Pudukkottai,"Gandarvakottai(Uzhavar Sandhai )","Banana - Green","Banana - Green",Local,21/08/2026,2500,3000,2750
"Tamil Nadu",Pudukkottai,"Gandarvakottai(Uzhavar Sandhai )",Drumstick,Drumstick,Local,21/08/2026,5000,6000,5500
"Tamil Nadu",Pudukkottai,"Gandarvakottai(Uzhavar Sandhai )",Lemon,Lemon,Local,21/08/2026,8000,9000,8500
"Tamil Nadu",Pudukkottai,"Gandarvakottai(Uzhavar Sandhai )","Onion Green","Onion Green",Local,21/08/2026,7000,8000,7500
"Tamil Nadu",Cuddalore,"Panruti(Uzhavar Sandhai )",Banana,Besrai,Local,21/08/2026,4000,7000,5500
"Tamil Nadu",Cuddalore,"Panruti(Uzhavar Sandhai )",Tomato,Deshi,Local,21/08/2026,2000,2000,2000
"Tamil Nadu",Cuddalore,"Panruti(Uzhavar Sandhai )","Bitter gourd","Bitter Gourd",Local,21/08/2026,6000,6000,6000
"Tamil Nadu",Cuddalore,"Panruti(Uzhavar Sandhai )","Banana - Green","Banana - Green",Local,21/08/2026,2500,2500,2500
"Tamil Nadu",Cuddalore,"Panruti(Uzhavar Sandhai )",Coconut,Coconut,Local,21/08/2026,6000,6000,6000
"Tamil Nadu",Dharmapuri,"AJattihalli(Uzhavar Sandhai )","Bottle gourd","Bottle Gourd",Local,21/08/2026,1800,2000,1900
"Tamil Nadu",Dharmapuri,"AJattihalli(Uzhavar Sandhai )","Green Chilli","Green Chilly",Local,21/08/2026,4400,4600,4500
"Tamil Nadu",Dharmapuri,"AJattihalli(Uzhavar Sandhai )","Banana - Green","Banana - Green",Local,21/08/2026,2800,3000,2900
"Tamil Nadu",Dharmapuri,"AJattihalli(Uzhavar Sandhai )",Capsicum,Capsicum,Local,21/08/2026,8000,8200,8100
"Tamil Nadu",Dharmapuri,"AJattihalli(Uzhavar Sandhai )","Green Avare(W)","Green Avare (W)",Local,21/08/2026,4800,5000,4900
"Tamil Nadu",Dharmapuri,"AJattihalli(Uzhavar Sandhai )","Knool Khol","Knool Khol",Local,21/08/2026,5000,5400,5200
"Tamil Nadu",Dharmapuri,"AJattihalli(Uzhavar Sandhai )","Amla(Nelli Kai)",Amla,Local,21/08/2026,10500,11000,10750
"Tamil Nadu",Dharmapuri,"AJattihalli(Uzhavar Sandhai )","Onion Green","Onion Green",Local,21/08/2026,5800,6000,5900
"Madhya Pradesh",Harda,"Sirali(F&V) APMC","Bottle gourd","Bottle Gourd","Grade A",21/08/2026,1300,1300,1300
"Tamil Nadu",Nagapattinam,"Vedaranyam(Uzhavar Sandhai)",Banana,Other,Local,21/08/2026,3500,3800,3650
"Tamil Nadu",Nagapattinam,"Vedaranyam(Uzhavar Sandhai)","Bottle gourd","Bottle Gourd",Local,21/08/2026,2500,2600,2550
"Tamil Nadu",Nagapattinam,"Vedaranyam(Uzhavar Sandhai)",Pumpkin,Pumpkin,Local,21/08/2026,2400,2600,2500
"Tamil Nadu",Nagapattinam,"Vedaranyam(Uzhavar Sandhai)","Bhindi(Ladies Finger)",Bhindi,Local,21/08/2026,4200,4400,4300
"Tamil Nadu",Nagapattinam,"Vedaranyam(Uzhavar Sandhai)","Green Chilli","Green Chilly",Local,21/08/2026,3500,3800,3650
"Tamil Nadu",Nagapattinam,"Vedaranyam(Uzhavar Sandhai)",Raddish,Raddish,Local,21/08/2026,2800,3000,2900
"Tamil Nadu",Nagapattinam,"Vedaranyam(Uzhavar Sandhai)",Drumstick,Drumstick,Local,21/08/2026,3500,3600,3550
"Tamil Nadu",Nagapattinam,"Vedaranyam(Uzhavar Sandhai)",Mango(Raw-Ripe),"Mango - Raw-Ripe",Local,21/08/2026,3500,3800,3650
"Tamil Nadu",Nagapattinam,"Vedaranyam(Uzhavar Sandhai)",Lime,Lime,Local,21/08/2026,1800,2000,1900
"Tamil Nadu",Nagapattinam,"Vedaranyam(Uzhavar Sandhai)","Onion Green","Onion Green",Local,21/08/2026,4800,5000,4900
"Tamil Nadu",Vellore,"Perampet(Uzhavar Sandhai)",Groundnut,"Big (With Shell)",Local,21/08/2026,7500,7500,7500
"Tamil Nadu",Vellore,"Perampet(Uzhavar Sandhai)",Brinjal,Round,Local,21/08/2026,3000,4000,3500
"Tamil Nadu",Vellore,"Perampet(Uzhavar Sandhai)",Coriander(Leaves),"I Sort",Local,21/08/2026,5000,5000,5000
"Tamil Nadu",Vellore,"Perampet(Uzhavar Sandhai)",Papaya,Papaya,Local,21/08/2026,2500,3000,2750
"Tamil Nadu",Vellore,"Perampet(Uzhavar Sandhai)",Tomato,Deshi,Local,21/08/2026,1400,1600,1500
Maharashtra,Pune,"Pune(Pimpri) APMC",Beetroot,Other,Local,21/08/2026,2000,2500,2250
Maharashtra,Pune,"Pune(Pimpri) APMC",Tomato,Local,Local,21/08/2026,1200,1500,1350
"Tamil Nadu",Karur,"Kulithalai(Uzhavar Sandhai )",Coriander(Leaves),"I Sort",Local,21/08/2026,2500,3000,2750
"Tamil Nadu",Karur,"Kulithalai(Uzhavar Sandhai )","Bitter gourd",Other,Local,21/08/2026,5000,6000,5500
"Tamil Nadu",Karur,"Kulithalai(Uzhavar Sandhai )","Bhindi(Ladies Finger)",Bhindi,Local,21/08/2026,3000,3600,3300
"Tamil Nadu",Karur,"Kulithalai(Uzhavar Sandhai )",Cowpea(Veg),"Cowpea (Veg)",Local,21/08/2026,2500,3000,2750
"Tamil Nadu",Karur,"Kulithalai(Uzhavar Sandhai )",Carrot,Pusakesar,Local,21/08/2026,8000,8600,8300
"Tamil Nadu",Karur,"Kulithalai(Uzhavar Sandhai )",Cucumbar(Kheera),Cucumbar,Local,21/08/2026,6000,6500,6250
"Tamil Nadu",Karur,"Kulithalai(Uzhavar Sandhai )",Ridgeguard(Tori),Ridgeguard(Tori),Local,21/08/2026,5000,5400,5200
"Tamil Nadu",Karur,"Kulithalai(Uzhavar Sandhai )","Knool Khol","Knool Khol",Local,21/08/2026,4500,5000,4750
"Tamil Nadu",Karur,"Kulithalai(Uzhavar Sandhai )",Colacasia,Colacasia,Local,21/08/2026,5500,6000,5750
"Tamil Nadu",Karur,"Kulithalai(Uzhavar Sandhai )","Sweet Corn ","Sweet Corn ",Local,21/08/2026,4500,5000,4750
"Tamil Nadu",Karur,"Pallapatti (Uzhavar Sandhai )",Banana,Other,Local,21/08/2026,5500,6000,5750
"Tamil Nadu",Karur,"Pallapatti (Uzhavar Sandhai )",Pumpkin,Pumpkin,Local,21/08/2026,2000,2500,2250
"Tamil Nadu",Karur,"Pallapatti (Uzhavar Sandhai )",Amaranthus,Amaranthus,Local,21/08/2026,2500,3000,2750
"Tamil Nadu",Karur,"Pallapatti (Uzhavar Sandhai )",Mango(Raw-Ripe),"Mango - Raw-Ripe",Local,21/08/2026,8000,9000,8500
"Tamil Nadu",Karur,"Pallapatti (Uzhavar Sandhai )",Lime,Lime,Local,21/08/2026,3500,4000,3750
"Tamil Nadu",Karur,"Velayuthampalayam(Uzhavar Sandhai )",Banana,Other,Local,21/08/2026,5000,6000,5500
"Tamil Nadu",Karur,"Velayuthampalayam(Uzhavar Sandhai )",Coriander(Leaves),"I Sort",Local,21/08/2026,4500,5500,5000
"Tamil Nadu",Karur,"Velayuthampalayam(Uzhavar Sandhai )","Cluster beans","Cluster Beans",Local,21/08/2026,3200,4000,3600
"Tamil Nadu",Karur,"Velayuthampalayam(Uzhavar Sandhai )",Amaranthus,Amaranthus,Local,21/08/2026,2000,2500,2250
"Tamil Nadu",Karur,"Velayuthampalayam(Uzhavar Sandhai )",Ginger(Green),"Green Ginger",Local,21/08/2026,18000,20000,19000
"Tamil Nadu",Karur,"Velayuthampalayam(Uzhavar Sandhai )",Snakeguard,Snakeguard,Local,21/08/2026,3200,4000,3600
"Tamil Nadu",Karur,"Velayuthampalayam(Uzhavar Sandhai )","Green Avare(W)",Other,Local,21/08/2026,7000,8000,7500
"Tamil Nadu",Karur,"Velayuthampalayam(Uzhavar Sandhai )",Mint(Pudina),Mint(Pudina),Local,21/08/2026,4500,5500,5000
"Tamil Nadu",Karur,"Vengamedu(Uzhavar Sandhai )","Bhindi(Ladies Finger)",Bhindi,Local,21/08/2026,3500,4000,3750
"Tamil Nadu",Karur,"Vengamedu(Uzhavar Sandhai )","Green Chilli","Green Chilly",Local,21/08/2026,4000,5000,4500
"Tamil Nadu",Karur,"Vengamedu(Uzhavar Sandhai )","Banana - Green","Banana - Green",Local,21/08/2026,2500,3000,2750
"Tamil Nadu",Karur,"Vengamedu(Uzhavar Sandhai )",Snakeguard,Snakeguard,Local,21/08/2026,3500,4000,3750
"Tamil Nadu",Theni,"Devaram(Uzhavar Sandhai )",Banana,Besrai,Local,21/08/2026,6000,6000,6000
"Tamil Nadu",Theni,"Devaram(Uzhavar Sandhai )",Onion,Bellary,Local,21/08/2026,4800,4800,4800
"Tamil Nadu",Theni,"Devaram(Uzhavar Sandhai )","Bottle gourd","Bottle Gourd",Local,21/08/2026,2000,2000,2000
"Tamil Nadu",Theni,"Devaram(Uzhavar Sandhai )",Pumpkin,Pumpkin,Local,21/08/2026,1800,1800,1800
"Tamil Nadu",Theni,"Devaram(Uzhavar Sandhai )",Coconut,Coconut,Local,21/08/2026,5400,5400,5400
"Tamil Nadu",Theni,"Devaram(Uzhavar Sandhai )",Snakeguard,Snakeguard,Local,21/08/2026,3500,3500,3500
"Tamil Nadu",Theni,"Devaram(Uzhavar Sandhai )","Indian Beans(Seam)","Indian Beans (Seam)",Local,21/08/2026,5500,5500,5500
"Tamil Nadu",Theni,"Devaram(Uzhavar Sandhai )",Mint(Pudina),Mint(Pudina),Local,21/08/2026,4500,4500,4500
"Tamil Nadu",Salem,"Attayampatti(Uzhavar Sandhai )",Groundnut,"Big (With Shell)",Local,21/08/2026,7000,7000,7000
"Tamil Nadu",Salem,"Attayampatti(Uzhavar Sandhai )",Banana,"Red Banana",Local,21/08/2026,7500,8000,7750
"Tamil Nadu",Salem,"Attayampatti(Uzhavar Sandhai )","Green Chilli","Green Chilly",Local,21/08/2026,4800,5400,5100
"Tamil Nadu",Salem,"Attayampatti(Uzhavar Sandhai )",Snakeguard,Snakeguard,Local,21/08/2026,3400,3800,3600
"Tamil Nadu",Salem,"Attayampatti(Uzhavar Sandhai )",Mango(Raw-Ripe),"Mango - Raw-Ripe",Local,21/08/2026,2000,2500,2250
"Tamil Nadu",Salem,"Attayampatti(Uzhavar Sandhai )",Lemon,Lemon,Local,21/08/2026,5000,5000,5000
"Tamil Nadu",Salem,"Attayampatti(Uzhavar Sandhai )",Mint(Pudina),Mint(Pudina),Local,21/08/2026,3500,4000,3750
"Tamil Nadu",Sivaganga,"Devakottai (Uzhavar Sandhai )",Potato,Other,Local,21/08/2026,5500,6400,5950
"Tamil Nadu",Sivaganga,"Devakottai (Uzhavar Sandhai )",Brinjal,Other,Local,21/08/2026,4200,4800,4500
"Tamil Nadu",Sivaganga,"Devakottai (Uzhavar Sandhai )",Ginger(Green),"Green Ginger",Local,21/08/2026,12000,21200,16600
"Tamil Nadu",Sivaganga,"Devakottai (Uzhavar Sandhai )",Carrot,Pusakesar,Local,21/08/2026,6200,8400,7300
"Tamil Nadu",Sivaganga,"Devakottai (Uzhavar Sandhai )",Lemon,Lemon,Local,21/08/2026,15000,17000,16000
"Tamil Nadu",Salem,"Edapadi (Uzhavar Sandhai )",Ashgourd,Gouard,Local,21/08/2026,2200,2600,2400
"Tamil Nadu",Salem,"Edapadi (Uzhavar Sandhai )",Cabbage,Cabbage,Local,21/08/2026,2800,3000,2900
"Tamil Nadu",Salem,"Edapadi (Uzhavar Sandhai )",Ridgeguard(Tori),Ridgeguard(Tori),Local,21/08/2026,3500,4000,3750
"Tamil Nadu",Salem,"Edapadi (Uzhavar Sandhai )",Raddish,Raddish,Local,21/08/2026,2800,3000,2900
"Tamil Nadu",Salem,"Edapadi (Uzhavar Sandhai )",Capsicum,Capsicum,Local,21/08/2026,4500,5000,4750
"Tamil Nadu",Salem,"Edapadi (Uzhavar Sandhai )","Amla(Nelli Kai)",Amla,Local,21/08/2026,7800,8000,7900
"Tamil Nadu",Salem,"Elampillai(Uzhavar Sandhai )",Onion,Bellary,Local,21/08/2026,5000,5500,5250
"Tamil Nadu",Salem,"Elampillai(Uzhavar Sandhai )",Coriander(Leaves),"I Sort",Local,21/08/2026,3000,4000,3500
"Tamil Nadu",Salem,"Elampillai(Uzhavar Sandhai )","Mousambi(Sweet Lime)",Mousambi,Local,21/08/2026,3000,3500,3250
"Tamil Nadu",Salem,"Elampillai(Uzhavar Sandhai )","Bottle gourd","Bottle Gourd",Local,21/08/2026,2500,3000,2750
"Tamil Nadu",Salem,"Elampillai(Uzhavar Sandhai )",Pumpkin,Pumpkin,Local,21/08/2026,2000,2400,2200
"Tamil Nadu",Salem,"Elampillai(Uzhavar Sandhai )","Bhindi(Ladies Finger)",Bhindi,Local,21/08/2026,3000,3400,3200
"Tamil Nadu",Salem,"Elampillai(Uzhavar Sandhai )",Ginger(Green),"Green Ginger",Local,21/08/2026,17000,18000,17500
"Tamil Nadu",Salem,"Elampillai(Uzhavar Sandhai )",Coconut,Coconut,Local,21/08/2026,6000,6500,6250
"Tamil Nadu",Salem,"Elampillai(Uzhavar Sandhai )",Beetroot,Beetroot,Local,21/08/2026,7000,7500,7250
"Tamil Nadu",Salem,"Hasthampatti(Uzhavar Sandhai )",Groundnut,"Big (With Shell)",Local,21/08/2026,6500,7000,6750
"Tamil Nadu",Salem,"Hasthampatti(Uzhavar Sandhai )",Banana,"Red Banana",Local,21/08/2026,7000,7500,7250
"Tamil Nadu",Salem,"Hasthampatti(Uzhavar Sandhai )",Onion,Bellary,Local,21/08/2026,4800,5000,4900
"Tamil Nadu",Salem,"Hasthampatti(Uzhavar Sandhai )",Tapioca,Tapioca,Local,21/08/2026,3000,3500,3250
"Tamil Nadu",Salem,"Hasthampatti(Uzhavar Sandhai )",Ginger(Green),"Green Ginger",Local,21/08/2026,17000,18000,17500
"Tamil Nadu",Salem,"Hasthampatti(Uzhavar Sandhai )",Raddish,Raddish,Local,21/08/2026,2600,2800,2700
"Tamil Nadu",Salem,"Hasthampatti(Uzhavar Sandhai )",Capsicum,Capsicum,Local,21/08/2026,5500,6000,5750
"Tamil Nadu",Salem,"Hasthampatti(Uzhavar Sandhai )",Mango(Raw-Ripe),"Mango - Raw-Ripe",Local,21/08/2026,3500,4000,3750
"Tamil Nadu",Salem,"Hasthampatti(Uzhavar Sandhai )","Elephant Yam(Suran)/Amorphophallus","Elephant Yam (Suran)",Local,21/08/2026,3500,4000,3750
"Tamil Nadu",Salem,"Hasthampatti(Uzhavar Sandhai )",Mint(Pudina),Mint(Pudina),Local,21/08/2026,2500,3000,2750
"Tamil Nadu",Salem,"Hasthampatti(Uzhavar Sandhai )","Baby Corn","Baby Corn","Grade A",21/08/2026,2500,3000,2750
"Tamil Nadu",Salem,"Jalagandapuram(Uzhavar Sandhai )",Groundnut,"Big (With Shell)",Local,21/08/2026,6000,6500,6250
"Tamil Nadu",Salem,"Jalagandapuram(Uzhavar Sandhai )","Green Chilli","Green Chilly",Local,21/08/2026,4800,5000,4900
"Tamil Nadu",Salem,"Jalagandapuram(Uzhavar Sandhai )",Ridgeguard(Tori),Ridgeguard(Tori),Local,21/08/2026,3500,4000,3750
"Tamil Nadu",Salem,"Jalagandapuram(Uzhavar Sandhai )",Drumstick,Drumstick,Local,21/08/2026,2500,3000,2750
"Tamil Nadu",Sivaganga,"Singampunari(Uzhavar Sandhai )",Banana,Karpura,Local,21/08/2026,3500,4000,3750
"Tamil Nadu",Sivaganga,"Singampunari(Uzhavar Sandhai )",Onion,Bellary,Local,21/08/2026,3200,5600,4400
"Tamil Nadu",Sivaganga,"Singampunari(Uzhavar Sandhai )","Banana - Green","Banana - Green",Local,21/08/2026,2500,3000,2750
"Tamil Nadu",Sivaganga,"Singampunari(Uzhavar Sandhai )",Carrot,Pusakesar,Local,21/08/2026,5400,8200,6800
"Tamil Nadu",Sivaganga,"Singampunari(Uzhavar Sandhai )",Raddish,Raddish,Local,21/08/2026,2600,3200,2900
"Tamil Nadu",Sivaganga,"Singampunari(Uzhavar Sandhai )","Green Avare(W)",Other,Local,21/08/2026,5400,6200,5800
"Tamil Nadu",Sivaganga,"Karaikudi(Uzhavar Sandhai )",Cauliflower,Ranchi,Local,21/08/2026,3600,4000,3800
"Tamil Nadu",Sivaganga,"Karaikudi(Uzhavar Sandhai )","Bhindi(Ladies Finger)",Bhindi,Local,21/08/2026,5000,5400,5200
"Tamil Nadu",Sivaganga,"Karaikudi(Uzhavar Sandhai )",Ginger(Green),"Green Ginger",Local,21/08/2026,13000,14000,13500
"Tamil Nadu",Sivaganga,"Karaikudi(Uzhavar Sandhai )",Cabbage,Cabbage,Local,21/08/2026,3200,4000,3600
"Tamil Nadu",Sivaganga,"Karaikudi(Uzhavar Sandhai )",Capsicum,Capsicum,Local,21/08/2026,7500,8500,8000
"Tamil Nadu",Sivaganga,"Karaikudi(Uzhavar Sandhai )","Elephant Yam(Suran)/Amorphophallus","Elephant Yam (Suran)",Local,21/08/2026,4500,5000,4750
"Tamil Nadu",Sivaganga,"Tirupatthur(Uzhavar Sandhai )",Brinjal,Round,Local,21/08/2026,4400,4800,4600
"Tamil Nadu",Sivaganga,"Tirupatthur(Uzhavar Sandhai )",Papaya,Papaya,Local,21/08/2026,4500,5000,4750
"Tamil Nadu",Sivaganga,"Tirupatthur(Uzhavar Sandhai )","Green Chilli","Green Chilly",Local,21/08/2026,5000,5500,5250
"Tamil Nadu",Sivaganga,"Tirupatthur(Uzhavar Sandhai )",Cabbage,Cabbage,Local,21/08/2026,3000,3500,3250
"Tamil Nadu",Thanjavur,"Pattukottai(Uzhavar Sandhai )",Banana,Besrai,Local,21/08/2026,3500,3500,3500
"Tamil Nadu",Thanjavur,"Pattukottai(Uzhavar Sandhai )","Cluster beans","Cluster Beans",Local,21/08/2026,4000,4000,4000
"Tamil Nadu",Thanjavur,"Pattukottai(Uzhavar Sandhai )","Green Avare(W)","Green Avare (W)",Local,21/08/2026,7400,7400,7400
"Tamil Nadu",Thanjavur,"Pattukottai(Uzhavar Sandhai )",Mango(Raw-Ripe),"Mango - Raw-Ripe",Local,21/08/2026,5000,5000,5000
"Tamil Nadu",Thanjavur,"Thanjavur(Uzhavar Sandhai )",Apple,American,Local,21/08/2026,26000,26000,26000
"Tamil Nadu",Thanjavur,"Thanjavur(Uzhavar Sandhai )",Grapes,Annabesahai,Local,21/08/2026,12000,12000,12000
"Tamil Nadu",Thanjavur,"Thanjavur(Uzhavar Sandhai )",Garlic,Garlic,Local,21/08/2026,21000,21000,21000
"Tamil Nadu",Thanjavur,"Thanjavur(Uzhavar Sandhai )",Coriander(Leaves),"I Sort",Local,21/08/2026,3500,3500,3500
"Tamil Nadu",Thanjavur,"Thanjavur(Uzhavar Sandhai )","Mousambi(Sweet Lime)",Mousambi,Local,21/08/2026,10000,10000,10000
"Tamil Nadu",Thanjavur,"Thanjavur(Uzhavar Sandhai )","Banana - Green","Banana - Green",Local,21/08/2026,4000,4000,4000
"Tamil Nadu",Thanjavur,"Thanjavur(Uzhavar Sandhai )",Beetroot,Beetroot,Local,21/08/2026,5600,6400,6000
"Tamil Nadu",Thanjavur,"Thanjavur(Uzhavar Sandhai )",Capsicum,Capsicum,Local,21/08/2026,6000,6000,6000
"Tamil Nadu",Thanjavur,"Thanjavur(Uzhavar Sandhai )",Guava,"Guava Allahabad",Local,21/08/2026,8000,8000,8000
"Tamil Nadu",Thanjavur,"Thanjavur(Uzhavar Sandhai )",Yam(Ratalu),"Yam (Ratalu)",Local,21/08/2026,10000,10000,10000
"Tamil Nadu",Thanjavur,"Thanjavur(Uzhavar Sandhai )",Colacasia,Colacasia,Local,21/08/2026,5600,5600,5600
"Tamil Nadu",Thiruchirappalli,"KKNagar(Uzhavar Sandhai )",Orange,Darjeeling,Local,21/08/2026,12000,12000,12000
"Tamil Nadu",Thiruchirappalli,"KKNagar(Uzhavar Sandhai )",Potato,"Red Nanital",Local,21/08/2026,3000,3600,3300
"Tamil Nadu",Thiruchirappalli,"KKNagar(Uzhavar Sandhai )","Cluster beans","Cluster Beans",Local,21/08/2026,4000,4000,4000
"Tamil Nadu",Thiruchirappalli,"KKNagar(Uzhavar Sandhai )","Bitter gourd",Other,Local,21/08/2026,6000,6000,6000
"Tamil Nadu",Thiruchirappalli,"KKNagar(Uzhavar Sandhai )",Ashgourd,Gouard,Local,21/08/2026,2200,2200,2200
"Tamil Nadu",Thiruchirappalli,"KKNagar(Uzhavar Sandhai )",Pumpkin,Pumpkin,Local,21/08/2026,2000,2000,2000
"Tamil Nadu",Thiruchirappalli,"KKNagar(Uzhavar Sandhai )",Coconut,Coconut,Local,21/08/2026,7000,7000,7000
"Tamil Nadu",Thiruchirappalli,"KKNagar(Uzhavar Sandhai )","Betal Leaves",Mysore,Local,21/08/2026,10000,10000,10000
"Tamil Nadu",Thiruchirappalli,"KKNagar(Uzhavar Sandhai )",Carrot,Pusakesar,Local,21/08/2026,8400,8400,8400
"Tamil Nadu",Thiruchirappalli,"KKNagar(Uzhavar Sandhai )",Thondekai,Thondekai,Local,21/08/2026,4600,4600,4600
"Tamil Nadu",Thiruchirappalli,"KKNagar(Uzhavar Sandhai )","Knool Khol","Knool Khol",Local,21/08/2026,4000,4000,4000
"Tamil Nadu",Thiruchirappalli,"KKNagar(Uzhavar Sandhai )",Lime,Lime,Local,21/08/2026,5000,5000,5000
"Tamil Nadu",Thiruchirappalli,"KKNagar(Uzhavar Sandhai )","Tender Coconut","Tender Coconut",Local,21/08/2026,5000,5000,5000
"Tamil Nadu",Thiruchirappalli,"Lalgudi(Uzhavar Sandhai )",Banana,Poovan,Local,21/08/2026,4000,5000,4500
"Tamil Nadu",Thiruchirappalli,"Lalgudi(Uzhavar Sandhai )",Brinjal,Other,Local,21/08/2026,5600,5600,5600
"Tamil Nadu",Thiruchirappalli,"Lalgudi(Uzhavar Sandhai )",Coriander(Leaves),"I Sort",Local,21/08/2026,3000,3000,3000
"Tamil Nadu",Thiruchirappalli,"Lalgudi(Uzhavar Sandhai )",Ashgourd,Gouard,Local,21/08/2026,2000,2000,2000
"Tamil Nadu",Thiruchirappalli,"Lalgudi(Uzhavar Sandhai )","Green Chilli","Green Chilly",Local,21/08/2026,5400,5400,5400
"Tamil Nadu",Thiruchirappalli,"Lalgudi(Uzhavar Sandhai )",Beans,"Beans (Whole)",Local,21/08/2026,8000,8000,8000
"Tamil Nadu",Thiruchirappalli,"Lalgudi(Uzhavar Sandhai )",Tapioca,Tapioca,Local,21/08/2026,4000,4000,4000
"Tamil Nadu",Thiruchirappalli,"Lalgudi(Uzhavar Sandhai )",Coconut,Coconut,Local,21/08/2026,7000,7000,7000
"Tamil Nadu",Thiruchirappalli,"Lalgudi(Uzhavar Sandhai )","Sweet Potato","Hosur Red",Local,21/08/2026,5000,5000,5000
"Tamil Nadu",Thiruchirappalli,"Lalgudi(Uzhavar Sandhai )",Cabbage,Cabbage,Local,21/08/2026,3000,3000,3000
"Tamil Nadu",Thiruchirappalli,"Lalgudi(Uzhavar Sandhai )",Thondekai,Thondekai,Local,21/08/2026,4600,4600,4600
"Tamil Nadu",Thiruchirappalli,"Lalgudi(Uzhavar Sandhai )",Guava,"Guava Allahabad",Local,21/08/2026,8000,8000,8000
"Tamil Nadu",Thiruchirappalli,"Lalgudi(Uzhavar Sandhai )","Elephant Yam(Suran)/Amorphophallus","Elephant Yam (Suran)",Local,21/08/2026,3600,3600,3600
"Tamil Nadu",Thiruchirappalli,"Lalgudi(Uzhavar Sandhai )",Colacasia,Colacasia,Local,21/08/2026,5400,5400,5400
"Tamil Nadu",Thiruchirappalli,"Lalgudi(Uzhavar Sandhai )","Onion Green","Onion Green",Local,21/08/2026,8000,8000,8000
"Tamil Nadu",Thiruchirappalli,"Manachanallur(Uzhavar Sandhai )",Onion,Bellary,Local,21/08/2026,5600,5600,5600
"Tamil Nadu",Thiruchirappalli,"Manachanallur(Uzhavar Sandhai )",Potato,"Red Nanital",Local,21/08/2026,3000,3000,3000
"Tamil Nadu",Thiruchirappalli,"Manachanallur(Uzhavar Sandhai )","Cluster beans","Cluster Beans",Local,21/08/2026,3600,3600,3600
"Tamil Nadu",Thiruchirappalli,"Manachanallur(Uzhavar Sandhai )","Bottle gourd","Bottle Gourd",Local,21/08/2026,3000,3000,3000
"Tamil Nadu",Thiruchirappalli,"Manachanallur(Uzhavar Sandhai )","Bhindi(Ladies Finger)",Bhindi,Local,21/08/2026,4600,4600,4600
"Tamil Nadu",Thiruchirappalli,"Manachanallur(Uzhavar Sandhai )","Banana - Green","Banana - Green",Local,21/08/2026,2500,2500,2500
"Tamil Nadu",Thiruchirappalli,"Manachanallur(Uzhavar Sandhai )",Ginger(Green),"Green Ginger",Local,21/08/2026,18000,18000,18000
"Tamil Nadu",Thiruchirappalli,"Manachanallur(Uzhavar Sandhai )",Carrot,Pusakesar,Local,21/08/2026,8000,8000,8000
"Tamil Nadu",Thiruchirappalli,"Manachanallur(Uzhavar Sandhai )","Tender Coconut","Tender Coconut",Local,21/08/2026,3500,4500,4000
"Tamil Nadu",Thiruchirappalli,"Manapparai(Uzhavar Sandhai )","Bitter gourd",Other,Local,21/08/2026,6600,6600,6600
"Tamil Nadu",Thiruchirappalli,"Manapparai(Uzhavar Sandhai )","Bottle gourd","Bottle Gourd",Local,21/08/2026,2500,3000,2750
"Tamil Nadu",Thiruchirappalli,"Manapparai(Uzhavar Sandhai )",Beetroot,Beetroot,Local,21/08/2026,5500,5500,5500
"Tamil Nadu",Thiruchirappalli,"Manapparai(Uzhavar Sandhai )","Green Avare(W)",Other,Local,21/08/2026,5000,5000,5000
"Tamil Nadu",Thiruchirappalli,"Manapparai(Uzhavar Sandhai )",Lemon,Lemon,Local,21/08/2026,7000,7000,7000
"Tamil Nadu",Thiruchirappalli,"Musiri(Uzhavar Sandhai )",Onion,Bellary,Local,21/08/2026,4200,6000,5100
"Tamil Nadu",Thiruchirappalli,"Musiri(Uzhavar Sandhai )",Tomato,Local,Local,21/08/2026,2000,2000,2000
"Tamil Nadu",Thiruchirappalli,"Musiri(Uzhavar Sandhai )","Bhindi(Ladies Finger)",Bhindi,Local,21/08/2026,3500,4000,3750
"Tamil Nadu",Thiruchirappalli,"Musiri(Uzhavar Sandhai )","Banana - Green","Banana - Green",Local,21/08/2026,2500,2500,2500
"Tamil Nadu",Thiruchirappalli,"Musiri(Uzhavar Sandhai )","Chow Chow","Chow Chow",Local,21/08/2026,3500,4000,3750
"Tamil Nadu",Thiruchirappalli,"Musiri(Uzhavar Sandhai )","Knool Khol","Knool Khol",Local,21/08/2026,3000,3500,3250
"Tamil Nadu",Thiruchirappalli,"Musiri(Uzhavar Sandhai )",Guava,"Guava Allahabad",Local,21/08/2026,4000,5000,4500
"Tamil Nadu",Thiruchirappalli,"Musiri(Uzhavar Sandhai )",Lemon,Lemon,Local,21/08/2026,9000,11000,10000
"Tamil Nadu",Thiruchirappalli,"Musiri(Uzhavar Sandhai )",Turnip,Turnip,Local,21/08/2026,3000,3600,3300
"Tamil Nadu",Thiruchirappalli,"Thiruverumbur(Uzhavar Sandhai )",Banana,Karpura,Local,21/08/2026,5000,5000,5000
"Tamil Nadu",Thiruchirappalli,"Thiruverumbur(Uzhavar Sandhai )",Onion,Bellary,Local,21/08/2026,5600,5600,5600
"Tamil Nadu",Thiruchirappalli,"Thiruverumbur(Uzhavar Sandhai )","Bottle gourd","Bottle Gourd",Local,21/08/2026,2000,2000,2000
"Tamil Nadu",Thiruchirappalli,"Thiruverumbur(Uzhavar Sandhai )",Amaranthus,Amaranthus,Local,21/08/2026,2000,2000,2000
"Tamil Nadu",Thiruchirappalli,"Thiruverumbur(Uzhavar Sandhai )","Sweet Potato","Hosur Red",Local,21/08/2026,5000,5000,5000
"Tamil Nadu",Thiruchirappalli,"Thiruverumbur(Uzhavar Sandhai )",Capsicum,Capsicum,Local,21/08/2026,5600,5600,5600
"Tamil Nadu",Virudhunagar,"Rajapalayam(Uzhavar Sandhai )",Cauliflower,Ranchi,Local,21/08/2026,2500,3000,2750
"Tamil Nadu",Virudhunagar,"Rajapalayam(Uzhavar Sandhai )",Brinjal,Round,Local,21/08/2026,3000,3500,3250
"Tamil Nadu",Virudhunagar,"Rajapalayam(Uzhavar Sandhai )",Chikoos(Sapota),Sapota,Local,21/08/2026,3000,3500,3250
"Tamil Nadu",Virudhunagar,"Rajapalayam(Uzhavar Sandhai )","Cluster beans","Cluster Beans",Local,21/08/2026,3500,4000,3750
"Tamil Nadu",Virudhunagar,"Rajapalayam(Uzhavar Sandhai )",Ashgourd,Gouard,Local,21/08/2026,2000,2500,2250
"Tamil Nadu",Virudhunagar,"Rajapalayam(Uzhavar Sandhai )",Amaranthus,Amaranthus,Local,21/08/2026,2500,3000,2750
"Tamil Nadu",Virudhunagar,"Rajapalayam(Uzhavar Sandhai )","Green Chilli","Green Chilly",Local,21/08/2026,4500,5500,5000
"Tamil Nadu",Virudhunagar,"Rajapalayam(Uzhavar Sandhai )","Green Avare(W)","Green Avare (W)",Local,21/08/2026,5000,6000,5500
"Tamil Nadu",Virudhunagar,"Rajapalayam(Uzhavar Sandhai )",Guava,"Guava Allahabad",Local,21/08/2026,3500,4000,3750
"Tamil Nadu",Virudhunagar,"Rajapalayam(Uzhavar Sandhai )",Lemon,Lemon,Local,21/08/2026,10000,12000,11000
"Tamil Nadu",Virudhunagar,"Rajapalayam(Uzhavar Sandhai )",Mint(Pudina),Mint(Pudina),Local,21/08/2026,4500,5000,4750
"Tamil Nadu",Virudhunagar,"Sathur(Uzhavar Sandhai )",Onion,Bellary,Local,21/08/2026,3500,4000,3750
"Tamil Nadu",Virudhunagar,"Sathur(Uzhavar Sandhai )",Cauliflower,Ranchi,Local,21/08/2026,3500,4000,3750
"Tamil Nadu",Virudhunagar,"Sathur(Uzhavar Sandhai )",Beetroot,Beetroot,Local,21/08/2026,3500,4000,3750
"Tamil Nadu",Virudhunagar,"Sathur(Uzhavar Sandhai )",Raddish,Raddish,Local,21/08/2026,2500,3000,2750
"Tamil Nadu",Virudhunagar,"Sathur(Uzhavar Sandhai )","Chow Chow","Chow Chow",Local,21/08/2026,2500,3000,2750
"Tamil Nadu",Virudhunagar,"Sivakasi(Uzhavar Sandhai )",Onion,Bellary,Local,21/08/2026,5000,6000,5500
"Tamil Nadu",Virudhunagar,"Sivakasi(Uzhavar Sandhai )",Potato,"Red Nanital",Local,21/08/2026,3500,4000,3750
"Tamil Nadu",Virudhunagar,"Sivakasi(Uzhavar Sandhai )",Chikoos(Sapota),Sapota,Local,21/08/2026,3500,4000,3750
"Tamil Nadu",Virudhunagar,"Sivakasi(Uzhavar Sandhai )","Cluster beans","Cluster Beans",Local,21/08/2026,4000,5000,4500
"Tamil Nadu",Virudhunagar,"Sivakasi(Uzhavar Sandhai )","Bitter gourd","Bitter Gourd",Local,21/08/2026,5000,6000,5500
"Tamil Nadu",Virudhunagar,"Sivakasi(Uzhavar Sandhai )",Ashgourd,Gouard,Local,21/08/2026,2500,3000,2750
"Tamil Nadu",Virudhunagar,"Sivakasi(Uzhavar Sandhai )",Amaranthus,Amaranthus,Local,21/08/2026,2500,3000,2750
"Tamil Nadu",Virudhunagar,"Sivakasi(Uzhavar Sandhai )","Banana - Green","Banana - Green",Local,21/08/2026,3500,4000,3750
"Tamil Nadu",Virudhunagar,"Sivakasi(Uzhavar Sandhai )",Snakeguard,Snakeguard,Local,21/08/2026,3500,4000,3750
"Tamil Nadu",Virudhunagar,"Sivakasi(Uzhavar Sandhai )","Chow Chow","Chow Chow",Local,21/08/2026,3500,4000,3750
"Tamil Nadu",Virudhunagar,"Sivakasi(Uzhavar Sandhai )",Guava,"Guava Allahabad",Local,21/08/2026,5000,6000,5500
"Tamil Nadu",Virudhunagar,"Sivakasi(Uzhavar Sandhai )",Yam(Ratalu),"Yam (Ratalu)",Local,21/08/2026,7000,8000,7500
"Tamil Nadu",Virudhunagar,"Thalavaipuram(Uzhavar Sandhai )",Banana,Besrai,Local,21/08/2026,3200,4000,3600
"Tamil Nadu",Virudhunagar,"Thalavaipuram(Uzhavar Sandhai )",Amaranthus,Amaranthus,Local,21/08/2026,2800,3500,3150
"Tamil Nadu",Virudhunagar,"Thalavaipuram(Uzhavar Sandhai )","Green Chilli","Green Chilly",Local,21/08/2026,4500,5500,5000
"Tamil Nadu",Virudhunagar,"Thalavaipuram(Uzhavar Sandhai )",Raddish,Raddish,Local,21/08/2026,3500,4500,4000
"Tamil Nadu",Virudhunagar,"Thalavaipuram(Uzhavar Sandhai )",Drumstick,Drumstick,Local,21/08/2026,3200,4000,3600
"Tamil Nadu",Virudhunagar,"Thalavaipuram(Uzhavar Sandhai )",Guava,"Guava Allahabad",Local,21/08/2026,3200,4000,3600
"Tamil Nadu",Virudhunagar,"Thalavaipuram(Uzhavar Sandhai )",Yam(Ratalu),"Yam (Ratalu)",Local,21/08/2026,8000,10000,9000
"Tamil Nadu",Virudhunagar,"Thalavaipuram(Uzhavar Sandhai )",Colacasia,Colacasia,Local,21/08/2026,5500,7000,6250
"Tamil Nadu",Virudhunagar,"Thalavaipuram(Uzhavar Sandhai )","Onion Green","Onion Green",Local,21/08/2026,5500,7000,6250
"Tamil Nadu",Virudhunagar,"Thalavaipuram(Uzhavar Sandhai )",Mint(Pudina),Mint(Pudina),Local,21/08/2026,4000,5000,4500
"Tamil Nadu",Virudhunagar,"Virudhunagar(Uzhavar Sandhai )",Onion,Bellary,Local,21/08/2026,5000,5500,5250
"Tamil Nadu",Virudhunagar,"Virudhunagar(Uzhavar Sandhai )",Beans,"Beans (Whole)",Local,21/08/2026,9400,10000,9700
"Tamil Nadu",Virudhunagar,"Virudhunagar(Uzhavar Sandhai )",Cabbage,Cabbage,Local,21/08/2026,3500,4000,3750
"Tamil Nadu",Chengalpattu,"Madhuranthagam(Uzhavar Sandhai )",Garlic,Garlic,Local,21/08/2026,16000,16000,16000
"Tamil Nadu",Chengalpattu,"Madhuranthagam(Uzhavar Sandhai )",Coriander(Leaves),"I Sort",Local,21/08/2026,3000,3000,3000
"Tamil Nadu",Chengalpattu,"Madhuranthagam(Uzhavar Sandhai )",Ginger(Green),"Green Ginger",Local,21/08/2026,12000,12000,12000
"Tamil Nadu",Chengalpattu,"Madhuranthagam(Uzhavar Sandhai )",Snakeguard,Snakeguard,Local,21/08/2026,4000,4000,4000
"Tamil Nadu",Chengalpattu,"Nanganallur(Uzhavar Sandhai )",Onion,Bellary,Local,21/08/2026,4500,5000,4750
"Tamil Nadu",Chengalpattu,"Nanganallur(Uzhavar Sandhai )",Garlic,Garlic,Local,21/08/2026,18000,20000,19000
"Tamil Nadu",Chengalpattu,"Nanganallur(Uzhavar Sandhai )","Green Peas","Green Peas",Local,21/08/2026,13500,14000,13750
"Tamil Nadu",Chengalpattu,"Nanganallur(Uzhavar Sandhai )","Cluster beans","Cluster Beans",Local,21/08/2026,5500,6000,5750
"Tamil Nadu",Chengalpattu,"Nanganallur(Uzhavar Sandhai )",Ashgourd,Gouard,Local,21/08/2026,2500,3000,2750
"Tamil Nadu",Chengalpattu,"Nanganallur(Uzhavar Sandhai )",Pumpkin,Pumpkin,Local,21/08/2026,2500,3000,2750
"Tamil Nadu",Chengalpattu,"Nanganallur(Uzhavar Sandhai )","Banana - Green","Banana - Green",Local,21/08/2026,3500,4000,3750
"Tamil Nadu",Chengalpattu,"Nanganallur(Uzhavar Sandhai )","Onion Green","Onion Green",Local,21/08/2026,8000,9000,8500
"Tamil Nadu",Chengalpattu,"Pallavaram(Uzhavar Sandhai )",Tomato,Deshi,Local,21/08/2026,2000,2500,2250
"Tamil Nadu",Chengalpattu,"Pallavaram(Uzhavar Sandhai )",Amaranthus,Amaranthus,Local,21/08/2026,2500,3000,2750
"Tamil Nadu",Chengalpattu,"Pallavaram(Uzhavar Sandhai )",Yam(Ratalu),"Yam (Ratalu)",Local,21/08/2026,6000,7000,6500
"Tamil Nadu",Chengalpattu,"Pallavaram(Uzhavar Sandhai )","Amla(Nelli Kai)",Amla,Local,21/08/2026,10000,12000,11000
"Tamil Nadu","Nagercoil (Kannyiakumari)","Myladi(Uzhavar Sandhai )",Pineapple,"Pine Apple",Local,21/08/2026,4500,5000,4750
"Tamil Nadu","Nagercoil (Kannyiakumari)","Myladi(Uzhavar Sandhai )",Potato,"Red Nanital",Local,21/08/2026,3000,3500,3250
"Tamil Nadu","Nagercoil (Kannyiakumari)","Myladi(Uzhavar Sandhai )","Bitter gourd","Bitter Gourd",Local,21/08/2026,5500,6000,5750
"Tamil Nadu","Nagercoil (Kannyiakumari)","Myladi(Uzhavar Sandhai )","Bottle gourd","Bottle Gourd",Local,21/08/2026,1800,2000,1900
"Tamil Nadu","Nagercoil (Kannyiakumari)","Myladi(Uzhavar Sandhai )","Banana - Green","Banana - Green",Local,21/08/2026,6500,7000,6750
"Tamil Nadu","Nagercoil (Kannyiakumari)","Myladi(Uzhavar Sandhai )",Tapioca,Tapioca,Local,21/08/2026,3500,4000,3750
"Tamil Nadu","Nagercoil (Kannyiakumari)","Myladi(Uzhavar Sandhai )",Coconut,Coconut,Local,21/08/2026,5800,6000,5900
"Tamil Nadu","Nagercoil (Kannyiakumari)","Myladi(Uzhavar Sandhai )",Cabbage,Cabbage,Local,21/08/2026,5000,5500,5250
"Tamil Nadu","Nagercoil (Kannyiakumari)","Myladi(Uzhavar Sandhai )",Drumstick,Drumstick,Local,21/08/2026,4500,5000,4750
"Tamil Nadu","Nagercoil (Kannyiakumari)","Myladi(Uzhavar Sandhai )","Tamarind Fruit","Tamarind Fruit",Local,21/08/2026,14000,15000,14500
"Tamil Nadu",Chengalpattu,"Jameenrayapettai(Uzhavar Sandhai )",Apple,American,Local,21/08/2026,25000,28000,26500
"Tamil Nadu",Chengalpattu,"Jameenrayapettai(Uzhavar Sandhai )",Onion,Bellary,Local,21/08/2026,4000,5000,4500
"Tamil Nadu",Chengalpattu,"Jameenrayapettai(Uzhavar Sandhai )",Potato,Other,Local,21/08/2026,2500,3000,2750
"Tamil Nadu",Chengalpattu,"Jameenrayapettai(Uzhavar Sandhai )",Garlic,Garlic,Local,21/08/2026,24000,25000,24500
"Tamil Nadu",Chengalpattu,"Jameenrayapettai(Uzhavar Sandhai )",Cauliflower,Ranchi,Local,21/08/2026,2500,3000,2750
"Tamil Nadu",Chengalpattu,"Jameenrayapettai(Uzhavar Sandhai )",Brinjal,Round,Local,21/08/2026,3500,4000,3750
"Tamil Nadu",Chengalpattu,"Jameenrayapettai(Uzhavar Sandhai )","Bottle gourd","Bottle Gourd",Local,21/08/2026,4000,5000,4500
"Tamil Nadu",Chengalpattu,"Jameenrayapettai(Uzhavar Sandhai )",Cowpea(Veg),"Cowpea (Veg)",Local,21/08/2026,7000,8000,7500
"Tamil Nadu",Chengalpattu,"Jameenrayapettai(Uzhavar Sandhai )",Snakeguard,Snakeguard,Local,21/08/2026,4000,5000,4500
"Tamil Nadu",Chengalpattu,"Jameenrayapettai(Uzhavar Sandhai )",Ridgeguard(Tori),Ridgeguard(Tori),Local,21/08/2026,6000,7000,6500
"Tamil Nadu",Chengalpattu,"Jameenrayapettai(Uzhavar Sandhai )",Thondekai,Thondekai,Local,21/08/2026,4000,5000,4500
"Tamil Nadu",Chengalpattu,"Jameenrayapettai(Uzhavar Sandhai )",Capsicum,Capsicum,Local,21/08/2026,6000,7000,6500
"Tamil Nadu",Chengalpattu,"Jameenrayapettai(Uzhavar Sandhai )","Chow Chow","Chow Chow",Local,21/08/2026,3500,4800,4150
"Tamil Nadu",Chengalpattu,"Jameenrayapettai(Uzhavar Sandhai )",Marigold(Calcutta),Marigold(Calcutta),Local,21/08/2026,14000,16000,15000
"Tamil Nadu",Chengalpattu,"Jameenrayapettai(Uzhavar Sandhai )",Rose(Local),"Rose (Local)",Local,21/08/2026,12000,14000,13000
"Tamil Nadu",Thirupur,"Dharapuram(Uzhavar Sandhai )",Chikoos(Sapota),Sapota,Local,21/08/2026,3500,4000,3750
"Tamil Nadu",Thirupur,"Dharapuram(Uzhavar Sandhai )",Tomato,Local,Local,21/08/2026,1000,1500,1250
"Tamil Nadu",Thirupur,"Dharapuram(Uzhavar Sandhai )","Banana - Green","Banana - Green",Local,21/08/2026,2500,3000,2750
"Tamil Nadu",Thirupur,"Dharapuram(Uzhavar Sandhai )",Beans,"Beans (Whole)",Local,21/08/2026,8000,9000,8500
"Tamil Nadu",Thirupur,"Dharapuram(Uzhavar Sandhai )",Carrot,Pusakesar,Local,21/08/2026,7500,8000,7750
"Tamil Nadu",Thirupur,"Dharapuram(Uzhavar Sandhai )",Beetroot,Beetroot,Local,21/08/2026,4000,8000,6000
"Tamil Nadu",Thirupur,"Dharapuram(Uzhavar Sandhai )","Chow Chow","Chow Chow",Local,21/08/2026,3500,4000,3750
"Tamil Nadu",Thirupur,"Dharapuram(Uzhavar Sandhai )",Mango(Raw-Ripe),"Mango - Raw-Ripe",Local,21/08/2026,2500,3000,2750
"Tamil Nadu",Thirupur,"Palladam(Uzhavar Sandhai )",Banana,Karpura,Local,21/08/2026,4000,5000,4500
"Tamil Nadu",Thirupur,"Palladam(Uzhavar Sandhai )",Tomato,Local,Local,21/08/2026,1200,1600,1400
"Tamil Nadu",Thirupur,"Palladam(Uzhavar Sandhai )","Bitter gourd",Other,Local,21/08/2026,5000,6000,5500
"Tamil Nadu",Thirupur,"Palladam(Uzhavar Sandhai )",Amaranthus,Amaranthus,Local,21/08/2026,2500,3000,2750
"Tamil Nadu",Thirupur,"Palladam(Uzhavar Sandhai )","Banana - Green","Banana - Green",Local,21/08/2026,2500,3000,2750
"Tamil Nadu",Thirupur,"Palladam(Uzhavar Sandhai )",Beans,"Beans (Whole)",Local,21/08/2026,7000,7500,7250
"Tamil Nadu",Thirupur,"Palladam(Uzhavar Sandhai )",Snakeguard,Snakeguard,Local,21/08/2026,3500,4000,3750
"Tamil Nadu",Thirupur,"Palladam(Uzhavar Sandhai )",Mint(Pudina),Mint(Pudina),Local,21/08/2026,2500,3000,2750
Bihar,Muzaffarpur,"Bhagwanpur Mandi APMC",Brinjal,"Arkasheela Mattigulla",FAQ,21/08/2026,2200,2200,2200
Bihar,Muzaffarpur,"Bhagwanpur Mandi APMC","Bhindi(Ladies Finger)",Bhindi,"Grade B",21/08/2026,850,850,850
Bihar,Muzaffarpur,"Bhagwanpur Mandi APMC",Onion,Medium,"Grade A",21/08/2026,4200,4200,4200
"Tamil Nadu",Kallakuruchi,"Kallakurichi(Uzhavar Sandhai )",Onion,Bellary,Local,21/08/2026,5000,5000,5000
"Tamil Nadu",Kallakuruchi,"Kallakurichi(Uzhavar Sandhai )",Cauliflower,Ranchi,Local,21/08/2026,3000,3000,3000
"Tamil Nadu",Kallakuruchi,"Kallakurichi(Uzhavar Sandhai )",Brinjal,Other,Local,21/08/2026,6000,6000,6000
"Tamil Nadu",Kallakuruchi,"Kallakurichi(Uzhavar Sandhai )",Tomato,Deshi,Local,21/08/2026,2000,2000,2000
"Tamil Nadu",Kallakuruchi,"Kallakurichi(Uzhavar Sandhai )",Beans,"Beans (Whole)",Local,21/08/2026,9000,9000,9000
"Tamil Nadu",Kallakuruchi,"Kallakurichi(Uzhavar Sandhai )",Cabbage,Cabbage,Local,21/08/2026,4000,4000,4000
"Tamil Nadu",Kallakuruchi,"Kallakurichi(Uzhavar Sandhai )",Drumstick,Drumstick,Local,21/08/2026,3000,3000,3000
"Tamil Nadu",Kallakuruchi,"Kallakurichi(Uzhavar Sandhai )","Karbuja(Musk Melon)",Karbhuja,Local,21/08/2026,5000,5000,5000
"Tamil Nadu",Kallakuruchi,"Kallakurichi(Uzhavar Sandhai )","Tender Coconut","Tender Coconut",Local,21/08/2026,3000,3000,3000
"Tamil Nadu",Kallakuruchi,"Kallakurichi(Uzhavar Sandhai )",Jasmine,Jasmine,Local,21/08/2026,60000,60000,60000
"Tamil Nadu",Kallakuruchi,"Kallakurichi(Uzhavar Sandhai )","Onion Green","Onion Green",Local,21/08/2026,7000,7000,7000
Punjab,Pathankot,"Pathankot APMC",Cauliflower,Cauliflower,Medium,21/08/2026,4200,4200,4200
Punjab,Pathankot,"Pathankot APMC","Green Chilli","Green Chilly",Medium,21/08/2026,2100,2100,2100
"Tamil Nadu",Thirupathur,"Natrampalli(Uzhavar Sandhai )",Potato,"Red Nanital",Local,21/08/2026,3000,3500,3250
"Tamil Nadu",Thirupathur,"Natrampalli(Uzhavar Sandhai )","Bhindi(Ladies Finger)",Bhindi,Local,21/08/2026,2500,3000,2750
"Tamil Nadu",Thirupathur,"Natrampalli(Uzhavar Sandhai )",Amaranthus,Amaranthus,Local,21/08/2026,1500,2000,1750
"Tamil Nadu",Thirupathur,"Natrampalli(Uzhavar Sandhai )","Banana - Green","Banana - Green",Local,21/08/2026,2500,3000,2750
"Tamil Nadu",Thirupathur,"Natrampalli(Uzhavar Sandhai )","Green Avare(W)","Green Avare (W)",Local,21/08/2026,5000,6000,5500
"Tamil Nadu",Thirupathur,"Natrampalli(Uzhavar Sandhai )","Onion Green","Onion Green",Local,21/08/2026,5000,6000,5500
"Andhra Pradesh","East Godavari","Gopalapuram APMC",Maize,Local,Local,21/08/2026,2410,2410,2410
"Andhra Pradesh",Kakinada,"Pithapuram APMC",Paddy(Common),"B P T",FAQ,21/08/2026,2369,2389,2379
"Tamil Nadu",Salem,"Athur(Uzhavar Sandhai )",Onion,Bellary,Local,21/08/2026,5000,5600,5300
"Tamil Nadu",Salem,"Athur(Uzhavar Sandhai )",Potato,Other,Local,21/08/2026,2800,3000,2900
"Tamil Nadu",Salem,"Athur(Uzhavar Sandhai )",Brinjal,Other,Local,21/08/2026,2500,3000,2750
"Tamil Nadu",Salem,"Athur(Uzhavar Sandhai )",Papaya,Papaya,Local,21/08/2026,3000,4000,3500
"Tamil Nadu",Salem,"Athur(Uzhavar Sandhai )",Snakeguard,Snakeguard,Local,21/08/2026,2500,3000,2750
"Tamil Nadu",Salem,"Athur(Uzhavar Sandhai )",Ridgeguard(Tori),Ridgeguard(Tori),Local,21/08/2026,4000,4500,4250
"Tamil Nadu",Salem,"Athur(Uzhavar Sandhai )",Raddish,Raddish,Local,21/08/2026,2500,3000,2750
"Tamil Nadu",Salem,"Athur(Uzhavar Sandhai )","Chow Chow","Chow Chow",Local,21/08/2026,4000,4500,4250
"Tamil Nadu",Salem,"Athur(Uzhavar Sandhai )",Lemon,Lemon,Local,21/08/2026,6500,7000,6750
"Tamil Nadu",Salem,"Athur(Uzhavar Sandhai )","Custard Apple(Sharifa)","Custard Apple(Sharifa)",Local,21/08/2026,3500,4000,3750
"Tamil Nadu",Salem,"Athur(Uzhavar Sandhai )","Amla(Nelli Kai)",Amla,Local,21/08/2026,7000,8000,7500
"Tamil Nadu",Theni,"Periyakulam(Uzhavar Sandhai )",Onion,Bellary,Local,21/08/2026,5000,5300,5150
"Tamil Nadu",Theni,"Periyakulam(Uzhavar Sandhai )",Pumpkin,Pumpkin,Local,21/08/2026,1600,1800,1700
"Tamil Nadu",Theni,"Periyakulam(Uzhavar Sandhai )",Beetroot,Beetroot,Local,21/08/2026,4200,4400,4300
"Tamil Nadu",Theni,"Periyakulam(Uzhavar Sandhai )",Lemon,Lemon,Local,21/08/2026,11000,11500,11250
"Tamil Nadu",Theni,"Periyakulam(Uzhavar Sandhai )",Mint(Pudina),Mint(Pudina),Local,21/08/2026,4500,4500,4500
"Tamil Nadu",Virudhunagar,"Srivilliputhur(Uzhavar Sandhai )",Brinjal,Round,Local,21/08/2026,3500,4000,3750
"Tamil Nadu",Virudhunagar,"Srivilliputhur(Uzhavar Sandhai )","Bitter gourd","Bitter Gourd",Local,21/08/2026,6500,8000,7250
"Tamil Nadu",Virudhunagar,"Srivilliputhur(Uzhavar Sandhai )","Green Avare(W)","Green Avare (W)",Local,21/08/2026,5000,6000,5500
"Uttar Pradesh",Bulandshahar,"Siyana APMC",Paddy(Basmati),"Basmati 1509",FAQ,21/08/2026,2000,2080,2040
"West Bengal",Bankura,"Khatra APMC",Cucumbar(Kheera),Cucumbar,FAQ,21/08/2026,2000,2700,2400
"West Bengal",Bankura,"Khatra APMC",Mustard,Mustard,FAQ,21/08/2026,6000,6700,6400
"Tamil Nadu",Coimbatore,"Vadavalli(Uzhavar Sandhai )",Apple,American,Local,21/08/2026,20000,28000,24000
"Tamil Nadu",Coimbatore,"Vadavalli(Uzhavar Sandhai )",Onion,Bellary,Local,21/08/2026,4800,5300,5050
"Tamil Nadu",Coimbatore,"Vadavalli(Uzhavar Sandhai )",Cauliflower,Ranchi,Local,21/08/2026,4000,4500,4250
"Tamil Nadu",Coimbatore,"Vadavalli(Uzhavar Sandhai )",Tapioca,Tapioca,Local,21/08/2026,3000,3500,3250
"Tamil Nadu",Coimbatore,"Vadavalli(Uzhavar Sandhai )",Carrot,Pusakesar,Local,21/08/2026,6200,7000,6600
"Tamil Nadu",Coimbatore,"Vadavalli(Uzhavar Sandhai )",Capsicum,Capsicum,Local,21/08/2026,4000,4800,4400
Keralam,Wayanad,"Pulpally Market",Paddy(Common),Other,Local,21/08/2026,3120,3140,3130
"West Bengal",Darjeeling,"Karsiyang(Matigara) APMC",Onion,Nasik,FAQ,21/08/2026,5000,5200,5100
"West Bengal","Uttar Dinajpur","Raiganj APMC",Brinjal,Round/Long,FAQ,21/08/2026,4000,4500,4200
"Uttar Pradesh",Bulandshahar,"Gulavati APMC",Cauliflower,Cauliflower,FAQ,21/08/2026,2100,2300,2200
"Uttar Pradesh",Bulandshahar,"Gulavati APMC","Bhindi(Ladies Finger)",Bhindi,FAQ,21/08/2026,3100,3300,3200
"Uttar Pradesh",Bulandshahar,"Gulavati APMC",Brinjal,Brinjal,FAQ,21/08/2026,1500,1700,1600
"Tamil Nadu",Coimbatore,"Udumalpet APMC",Onion,Bellary,Local,21/08/2026,5500,6000,5750
"Tamil Nadu",Coimbatore,"Udumalpet APMC",Potato,"Red Nanital",Local,21/08/2026,3500,4000,3750
"Tamil Nadu",Coimbatore,"Udumalpet APMC",Coriander(Leaves),"I Sort",Local,21/08/2026,6000,7000,6500
"Tamil Nadu",Coimbatore,"Udumalpet APMC","Water Melon","Water Melon",Local,21/08/2026,1500,2000,1750
"Tamil Nadu",Coimbatore,"Udumalpet APMC","Cluster beans","Cluster Beans",Local,21/08/2026,3500,4000,3750
"Tamil Nadu",Coimbatore,"Udumalpet APMC","Bottle gourd","Bottle Gourd",Local,21/08/2026,1500,2000,1750
"Tamil Nadu",Coimbatore,"Udumalpet APMC",Ashgourd,Gouard,Local,21/08/2026,1500,2000,1750
"Tamil Nadu",Coimbatore,"Udumalpet APMC","Bhindi(Ladies Finger)",Bhindi,Local,21/08/2026,4500,5000,4750
"Tamil Nadu",Coimbatore,"Udumalpet APMC",Cabbage,Cabbage,Local,21/08/2026,3000,3500,3250
"Tamil Nadu",Coimbatore,"Udumalpet APMC",Cucumbar(Kheera),Cucumbar,Local,21/08/2026,4000,4500,4250
"Tamil Nadu",Coimbatore,"Udumalpet APMC",Lemon,Lemon,Local,21/08/2026,13000,15000,14000
"Tamil Nadu",Coimbatore,"Udumalpet APMC","Onion Green","Onion Green",Local,21/08/2026,6500,8500,7500
"Himachal Pradesh",Kangra,"SMY Nagrota Bagwan",Papaya,Papaya,Medium,21/08/2026,4000,5000,4500
"West Bengal",Darjeeling,"Siliguri APMC",Banana,"Banana - Ripe","Grade A",21/08/2026,2200,2400,2300
"Tamil Nadu",Erode,"Gobichettipalayam(Uzhavar Sandhai )",Onion,Bellary,Local,21/08/2026,4500,5000,4750
"Tamil Nadu",Erode,"Gobichettipalayam(Uzhavar Sandhai )",Potato,"Red Nanital",Local,21/08/2026,3600,3800,3700
"Tamil Nadu",Erode,"Gobichettipalayam(Uzhavar Sandhai )",Tomato,Deshi,Local,21/08/2026,1800,2000,1900
"Tamil Nadu",Erode,"Gobichettipalayam(Uzhavar Sandhai )","Bhindi(Ladies Finger)",Bhindi,Local,21/08/2026,3400,3600,3500
"Tamil Nadu",Erode,"Gobichettipalayam(Uzhavar Sandhai )",Carrot,Pusakesar,Local,21/08/2026,7500,8000,7750
"Tamil Nadu",Erode,"Gobichettipalayam(Uzhavar Sandhai )",Beetroot,Beetroot,Local,21/08/2026,7000,7500,7250
"Tamil Nadu",Erode,"Gobichettipalayam(Uzhavar Sandhai )",Ridgeguard(Tori),Ridgeguard(Tori),Local,21/08/2026,4800,5000,4900
"Tamil Nadu",Erode,"Gobichettipalayam(Uzhavar Sandhai )","Chow Chow","Chow Chow",Local,21/08/2026,3600,3800,3700
"Tamil Nadu",Erode,"Gobichettipalayam(Uzhavar Sandhai )","Tender Coconut","Tender Coconut",Local,21/08/2026,3500,4000,3750
"Tamil Nadu",Erode,"Gobichettipalayam(Uzhavar Sandhai )","Onion Green","Onion Green",Local,21/08/2026,6000,6500,6250
"Tamil Nadu",Erode,"Sampath Nagar(Uzhavar Sandhai )",Apple,American,Local,21/08/2026,26000,27000,26500
"Tamil Nadu",Erode,"Sampath Nagar(Uzhavar Sandhai )",Banana,Besrai,Local,21/08/2026,2500,2800,2650
"Tamil Nadu",Erode,"Sampath Nagar(Uzhavar Sandhai )",Onion,Bellary,Local,21/08/2026,5000,5400,5200
"Tamil Nadu",Erode,"Sampath Nagar(Uzhavar Sandhai )",Potato,Other,Local,21/08/2026,4500,4800,4650
"Tamil Nadu",Erode,"Sampath Nagar(Uzhavar Sandhai )",Brinjal,Other,Local,21/08/2026,3200,3800,3500
"Tamil Nadu",Erode,"Sampath Nagar(Uzhavar Sandhai )",Ashgourd,Gouard,Local,21/08/2026,2000,2400,2200
"Tamil Nadu",Erode,"Sampath Nagar(Uzhavar Sandhai )","Green Chilli","Green Chilly",Local,21/08/2026,4000,4400,4200
"Tamil Nadu",Erode,"Sampath Nagar(Uzhavar Sandhai )",Cucumbar(Kheera),Cucumbar,Local,21/08/2026,4500,5000,4750
"Tamil Nadu",Erode,"Sampath Nagar(Uzhavar Sandhai )",Capsicum,Capsicum,Local,21/08/2026,4200,4600,4400
"Tamil Nadu",Erode,"Sampath Nagar(Uzhavar Sandhai )",Drumstick,Drumstick,Local,21/08/2026,3000,3400,3200
"Tamil Nadu",Erode,"Sampath Nagar(Uzhavar Sandhai )",Guava,"Guava Allahabad",Local,21/08/2026,4500,5000,4750
"Tamil Nadu",Erode,"Sampath Nagar(Uzhavar Sandhai )",Lemon,Lemon,Local,21/08/2026,16000,17000,16500
"Tamil Nadu",Pudukkottai,"Ponnamaravathi(Uzhavar Sandhai)",Banana,Besrai,Local,21/08/2026,6500,7000,6750
"Tamil Nadu",Pudukkottai,"Ponnamaravathi(Uzhavar Sandhai)",Onion,Bellary,Local,21/08/2026,4500,5000,4750
"Tamil Nadu",Pudukkottai,"Ponnamaravathi(Uzhavar Sandhai)",Papaya,Papaya,Local,21/08/2026,2500,3000,2750
"Tamil Nadu",Pudukkottai,"Ponnamaravathi(Uzhavar Sandhai)","Green Avare(W)","Green Avare (W)",Local,21/08/2026,7500,8000,7750
Odisha,Kalahandi,"Junagarh APMC",Tomato,Other,"Grade B",21/08/2026,2600,3000,2800
"Tamil Nadu",Nagapattinam,"Mayiladuthurai(Uzhavar Sandhai )","Bhindi(Ladies Finger)",Bhindi,Local,21/08/2026,4500,5000,4750
"Tamil Nadu",Nagapattinam,"Mayiladuthurai(Uzhavar Sandhai )",Raddish,Raddish,Local,21/08/2026,3500,4000,3750
"Tamil Nadu",Nagapattinam,"Mayiladuthurai(Uzhavar Sandhai )","Chow Chow","Chow Chow",Local,21/08/2026,4000,4000,4000
"Tamil Nadu",Nagapattinam,"Mayiladuthurai(Uzhavar Sandhai )","Onion Green","Onion Green",Local,21/08/2026,5500,6000,5750
"Tamil Nadu",Pudukkottai,"Viralimalai(Uzhavar Sandhai )","Bhindi(Ladies Finger)",Bhindi,Local,21/08/2026,3500,4000,3750
"Tamil Nadu",Pudukkottai,"Viralimalai(Uzhavar Sandhai )",Amaranthus,Amaranthus,Local,21/08/2026,1000,1500,1250
"Tamil Nadu",Pudukkottai,"Viralimalai(Uzhavar Sandhai )",Drumstick,Drumstick,Local,21/08/2026,5000,6000,5500
"Tamil Nadu",Pudukkottai,"Viralimalai(Uzhavar Sandhai )",Lemon,Lemon,Local,21/08/2026,7000,8000,7500
"Tamil Nadu",Ramanathapuram,"Kamuthi(Uzhavar Sandhai )",Tomato,Deshi,Local,21/08/2026,2500,3000,2750
"Tamil Nadu",Ramanathapuram,"Paramakudi(Uzhavar Sandhai )",Banana,Besrai,Local,21/08/2026,4500,5000,4750
"Tamil Nadu",Ramanathapuram,"Paramakudi(Uzhavar Sandhai )",Tomato,Deshi,Local,21/08/2026,2000,2500,2250
"Tamil Nadu",Ramanathapuram,"Paramakudi(Uzhavar Sandhai )",Pumpkin,Pumpkin,Local,21/08/2026,2200,2500,2350
"Tamil Nadu",Ramanathapuram,"Paramakudi(Uzhavar Sandhai )",Coconut,Coconut,Local,21/08/2026,6000,6500,6250
"Tamil Nadu",Ramanathapuram,"Paramakudi(Uzhavar Sandhai )",Carrot,Pusakesar,Local,21/08/2026,7000,8000,7500
"Tamil Nadu",Ramanathapuram,"Paramakudi(Uzhavar Sandhai )",Cabbage,Cabbage,Local,21/08/2026,4800,5000,4900
"Tamil Nadu",Ramanathapuram,"Paramakudi(Uzhavar Sandhai )",Snakeguard,Snakeguard,Local,21/08/2026,4800,5000,4900
"Tamil Nadu",Ramanathapuram,"Paramakudi(Uzhavar Sandhai )",Beetroot,Beetroot,Local,21/08/2026,5000,5200,5100
"Tamil Nadu",Ramanathapuram,"Paramakudi(Uzhavar Sandhai )","Green Avare(W)","Green Avare (W)",Local,21/08/2026,7500,8000,7750
"Tamil Nadu",Ramanathapuram,"Paramakudi(Uzhavar Sandhai )","Chow Chow","Chow Chow",Local,21/08/2026,4000,4500,4250
"Tamil Nadu",Ramanathapuram,"Paramakudi(Uzhavar Sandhai )",Lime,Lime,Local,21/08/2026,11000,12000,11500
"Tamil Nadu",Ramanathapuram,"Paramakudi(Uzhavar Sandhai )",Jasmine,Jasmine,Local,21/08/2026,60000,65000,62500
"Tamil Nadu",Pudukkottai,"Alangudi(Uzhavar Sandhai )",Brinjal,Other,Local,21/08/2026,5500,6000,5750
"Tamil Nadu",Pudukkottai,"Alangudi(Uzhavar Sandhai )",Tomato,Other,Local,21/08/2026,2000,2500,2250
"Tamil Nadu",Pudukkottai,"Alangudi(Uzhavar Sandhai )","Bhindi(Ladies Finger)",Bhindi,Local,21/08/2026,3500,4000,3750
"Tamil Nadu",Pudukkottai,"Alangudi(Uzhavar Sandhai )",Coconut,Coconut,Local,21/08/2026,3500,4000,3750
"Tamil Nadu",Pudukkottai,"Alangudi(Uzhavar Sandhai )","Green Avare(W)",Other,Local,21/08/2026,7000,8000,7500
"Tamil Nadu",Thiruvannamalai,"Arani(Uzhavar Sandhai )",Banana,Other,Local,21/08/2026,5000,6000,5500
"Tamil Nadu",Thiruvannamalai,"Arani(Uzhavar Sandhai )",Garlic,Garlic,Local,21/08/2026,23000,26000,24500
"Tamil Nadu",Thiruvannamalai,"Arani(Uzhavar Sandhai )",Brinjal,Round,Local,21/08/2026,4000,4500,4250
"Tamil Nadu",Thiruvannamalai,"Arani(Uzhavar Sandhai )",Ashgourd,Gouard,Local,21/08/2026,2000,2500,2250
"Tamil Nadu",Thiruvannamalai,"Arani(Uzhavar Sandhai )",Beans,"Beans (Whole)",Local,21/08/2026,7000,8400,7700
"Tamil Nadu",Thiruvannamalai,"Arani(Uzhavar Sandhai )","Knool Khol","Knool Khol",Local,21/08/2026,3000,3600,3300
"Tamil Nadu",Thiruvannamalai,"Arani(Uzhavar Sandhai )","Tender Coconut","Tender Coconut",Local,21/08/2026,1500,2000,1750
"Tamil Nadu",Thiruvannamalai,"Polur(Uzhavar Sandhai )",Onion,Bellary,Local,21/08/2026,4200,5000,4600
"Tamil Nadu",Thiruvannamalai,"Polur(Uzhavar Sandhai )",Coriander(Leaves),"I Sort",Local,21/08/2026,4200,5000,4600
"Tamil Nadu",Thiruvannamalai,"Polur(Uzhavar Sandhai )",Amaranthus,Amaranthus,Local,21/08/2026,1600,2000,1800
"Tamil Nadu",Thiruvannamalai,"Polur(Uzhavar Sandhai )",Beans,"Beans (Whole)",Local,21/08/2026,6000,7200,6600
"Tamil Nadu",Thiruvannamalai,"Polur(Uzhavar Sandhai )","Sweet Potato","Hosur Red",Local,21/08/2026,3300,4000,3650
"Tamil Nadu",Thiruvannamalai,"Polur(Uzhavar Sandhai )",Carrot,Pusakesar,Local,21/08/2026,6000,7200,6600
"Tamil Nadu",Thiruvannamalai,"Polur(Uzhavar Sandhai )",Cabbage,Cabbage,Local,21/08/2026,3000,3600,3300
"Tamil Nadu",Thiruvannamalai,"Polur(Uzhavar Sandhai )",Beetroot,Beetroot,Local,21/08/2026,4000,4800,4400
"Tamil Nadu",Thiruvannamalai,"Polur(Uzhavar Sandhai )",Cucumbar(Kheera),Cucumbar,Local,21/08/2026,3300,4000,3650
"Tamil Nadu",Thiruvannamalai,"Polur(Uzhavar Sandhai )",Guava,"Guava Allahabad",Local,21/08/2026,4200,5000,4600
"Tamil Nadu",Thiruvannamalai,"Polur(Uzhavar Sandhai )",Lemon,Lemon,Local,21/08/2026,8000,10000,9000
"Tamil Nadu",Thiruvannamalai,"Polur(Uzhavar Sandhai )","Onion Green","Onion Green",Local,21/08/2026,5000,6000,5500
"Tamil Nadu",Thiruvannamalai,"Polur(Uzhavar Sandhai )",Mint(Pudina),Mint(Pudina),Local,21/08/2026,3300,4000,3650
"Tamil Nadu",Thiruvannamalai,"Polur(Uzhavar Sandhai )",Rose(Local),"Rose (Local)",Local,21/08/2026,16000,20000,18000
"Tamil Nadu",Thiruvannamalai,"Tiruvannamalai(Uzhavar Sandhai )",Onion,Bellary,Local,21/08/2026,4000,5000,4500
"Tamil Nadu",Thiruvannamalai,"Tiruvannamalai(Uzhavar Sandhai )",Potato,"Red Nanital",Local,21/08/2026,3000,3600,3300
"Tamil Nadu",Thiruvannamalai,"Tiruvannamalai(Uzhavar Sandhai )",Garlic,Garlic,Local,21/08/2026,25000,28000,26500
"Tamil Nadu",Thiruvannamalai,"Tiruvannamalai(Uzhavar Sandhai )","Water Melon","Water Melon",Local,21/08/2026,2000,2500,2250
"Tamil Nadu",Thiruvannamalai,"Tiruvannamalai(Uzhavar Sandhai )","Banana - Green","Banana - Green",Local,21/08/2026,2500,3000,2750
"Tamil Nadu",Thiruvannamalai,"Tiruvannamalai(Uzhavar Sandhai )",Beans,"Beans (Whole)",Local,21/08/2026,8000,10000,9000
"Tamil Nadu",Thiruvannamalai,"Tiruvannamalai(Uzhavar Sandhai )",Tapioca,Tapioca,Local,21/08/2026,2500,3000,2750
"Tamil Nadu",Thiruvannamalai,"Tiruvannamalai(Uzhavar Sandhai )",Carrot,Pusakesar,Local,21/08/2026,6400,7200,6800
"Tamil Nadu",Thiruvannamalai,"Tiruvannamalai(Uzhavar Sandhai )",Cabbage,Cabbage,Local,21/08/2026,2500,3000,2750
"Tamil Nadu",Thiruvannamalai,"Tiruvannamalai(Uzhavar Sandhai )",Mango(Raw-Ripe),"Mango - Raw-Ripe",Local,21/08/2026,6000,8000,7000
"Tamil Nadu",Thiruvannamalai,"Tiruvannamalai(Uzhavar Sandhai )","Knool Khol","Knool Khol",Local,21/08/2026,3500,4000,3750
"Tamil Nadu",Thiruvannamalai,"Tiruvannamalai(Uzhavar Sandhai )",Guava,"Guava Allahabad",Local,21/08/2026,5000,6000,5500
"Tamil Nadu",Thiruvannamalai,"Tiruvannamalai(Uzhavar Sandhai )","Elephant Yam(Suran)/Amorphophallus","Elephant Yam (Suran)",Local,21/08/2026,4000,5000,4500
"Tamil Nadu",Thiruvannamalai,"Tiruvannamalai(Uzhavar Sandhai )","Onion Green","Onion Green",Local,21/08/2026,7000,8000,7500
"Tamil Nadu",Thiruvannamalai,"Tiruvannamalai(Uzhavar Sandhai )",Mint(Pudina),Mint(Pudina),Local,21/08/2026,4000,5000,4500
"Tamil Nadu",Thiruvannamalai,"Tiruvannamalai(Uzhavar Sandhai )",Rose(Local),"Rose (Local)",Local,21/08/2026,20000,25000,22500
"Tamil Nadu",Thiruvellore,"Naravarikuppam(Uzhavar Sandhai )","Green Chilli","Green Chilly",Local,21/08/2026,6000,6000,6000
"Tamil Nadu",Thiruvellore,"Paruthipattu(Uzhavar Sandhai )","Green Chilli","Green Chilly",Local,21/08/2026,5000,5000,5000
"Tamil Nadu",Thiruvellore,"Paruthipattu(Uzhavar Sandhai )","Banana - Green","Banana - Green",Local,21/08/2026,4000,4000,4000
"Tamil Nadu",Thiruvellore,"Paruthipattu(Uzhavar Sandhai )",Coconut,Coconut,Local,21/08/2026,6000,6000,6000
"Tamil Nadu",Thiruvellore,"Paruthipattu(Uzhavar Sandhai )",Cabbage,Cabbage,Local,21/08/2026,4000,4000,4000
"Tamil Nadu",Thiruvellore,"Paruthipattu(Uzhavar Sandhai )","Green Avare(W)","Green Avare (W)",Local,21/08/2026,6000,6000,6000
"Andhra Pradesh",Srikakulam,"Narasannapet APMC",Paddy(Common),Paddy,FAQ,21/08/2026,2369,2369,2369
"Tamil Nadu",Tuticorin,"Kovilpatti(Uzhavar Sandhai )",Chikoos(Sapota),Sapota,Local,21/08/2026,4000,4500,4250
"Tamil Nadu",Tuticorin,"Kovilpatti(Uzhavar Sandhai )",Papaya,Papaya,Local,21/08/2026,3000,3500,3250
"Tamil Nadu",Tuticorin,"Kovilpatti(Uzhavar Sandhai )","Bitter gourd",Other,Local,21/08/2026,8000,8500,8250
"Tamil Nadu",Tuticorin,"Kovilpatti(Uzhavar Sandhai )",Amaranthus,Amaranthus,Local,21/08/2026,1500,1800,1650
"Tamil Nadu",Tuticorin,"Kovilpatti(Uzhavar Sandhai )",Ginger(Green),"Green Ginger",Local,21/08/2026,18000,19000,18500
"Tamil Nadu",Tuticorin,"Kovilpatti(Uzhavar Sandhai )",Snakeguard,Snakeguard,Local,21/08/2026,3000,3500,3250
"Tamil Nadu",Tuticorin,"Kovilpatti(Uzhavar Sandhai )",Mint(Pudina),Mint(Pudina),Local,21/08/2026,5000,5500,5250
"Tamil Nadu",Vellore,"Gudiyatham(Uzhavar Sandhai )",Banana,"Red Banana",Local,21/08/2026,9000,9000,9000
"Tamil Nadu",Vellore,"Gudiyatham(Uzhavar Sandhai )",Potato,"Red Nanital",Local,21/08/2026,3000,3000,3000
"Tamil Nadu",Vellore,"Gudiyatham(Uzhavar Sandhai )",Coriander(Leaves),"I Sort",Local,21/08/2026,5000,5000,5000
"Tamil Nadu",Vellore,"Gudiyatham(Uzhavar Sandhai )","Bottle gourd","Bottle Gourd",Local,21/08/2026,2400,2400,2400
"Tamil Nadu",Vellore,"Gudiyatham(Uzhavar Sandhai )",Pumpkin,Pumpkin,Local,21/08/2026,2400,2400,2400
"Tamil Nadu",Vellore,"Gudiyatham(Uzhavar Sandhai )","Bhindi(Ladies Finger)",Bhindi,Local,21/08/2026,2400,2400,2400
"Tamil Nadu",Vellore,"Gudiyatham(Uzhavar Sandhai )",Beans,"Beans (Whole)",Local,21/08/2026,7000,7000,7000
"Tamil Nadu",Vellore,"Gudiyatham(Uzhavar Sandhai )",Ginger(Green),"Green Ginger",Local,21/08/2026,20000,20000,20000
"Tamil Nadu",Vellore,"Gudiyatham(Uzhavar Sandhai )",Coconut,Coconut,Local,21/08/2026,4000,4000,4000
"Tamil Nadu",Vellore,"Gudiyatham(Uzhavar Sandhai )","Indian Beans(Seam)","Indian Beans (Seam)",Local,21/08/2026,5000,5000,5000
"Tamil Nadu",Vellore,"Gudiyatham(Uzhavar Sandhai )",Colacasia,Colacasia,Local,21/08/2026,5600,5600,5600
"Tamil Nadu",Vellore,"Kahithapattarai(Uzhavar Sandhai )",Brinjal,Other,Local,21/08/2026,4000,4000,4000
"Tamil Nadu",Vellore,"Kahithapattarai(Uzhavar Sandhai )",Beetroot,Beetroot,Local,21/08/2026,3600,3600,3600
"Tamil Nadu",Vellore,"Kahithapattarai(Uzhavar Sandhai )",Ridgeguard(Tori),Ridgeguard(Tori),Local,21/08/2026,2500,2500,2500
"Tamil Nadu",Vellore,"Kahithapattarai(Uzhavar Sandhai )",Capsicum,Capsicum,Local,21/08/2026,4600,4600,4600
"Tamil Nadu",Vellore,"Kahithapattarai(Uzhavar Sandhai )","Chow Chow","Chow Chow",Local,21/08/2026,3500,3500,3500
"Tamil Nadu",Vellore,"Kahithapattarai(Uzhavar Sandhai )",Yam(Ratalu),"Yam (Ratalu)",Local,21/08/2026,5000,5000,5000
"Tamil Nadu",Vellore,"Kahithapattarai(Uzhavar Sandhai )",Mint(Pudina),Mint(Pudina),Local,21/08/2026,6000,6000,6000
Haryana,Rewari,"Rewari APMC",Tomato,Other,Medium,21/08/2026,600,3000,1500
Punjab,Hoshiarpur,"Mukerian APMC",Banana,Medium,"Grade B",21/08/2026,2000,3000,2500
Punjab,Hoshiarpur,"Mukerian APMC",Potato,Potato,Local,21/08/2026,1000,1200,1100
Punjab,Hoshiarpur,"Mukerian APMC",Capsicum,Capsicum,"Grade B",21/08/2026,3500,5500,4500
Punjab,Ludhiana,"Samrala APMC","Bhindi(Ladies Finger)",Bhindi,Local,21/08/2026,2500,3000,2800
Punjab,Ludhiana,"Samrala APMC",Brinjal,Other,Local,21/08/2026,1500,2000,1800
Odisha,Dhenkanal,"Hindol APMC","Banana - Green",Other,"Grade B",21/08/2026,2500,2800,2700
"Tamil Nadu",Thiruvannamalai,"Cheyyar(Uzhavar Sandhai )","Cluster beans","Cluster Beans",Local,21/08/2026,3500,4200,3850
"Tamil Nadu",Thiruvannamalai,"Cheyyar(Uzhavar Sandhai )",Snakeguard,Snakeguard,Local,21/08/2026,2500,3000,2750
"Tamil Nadu",Thiruvannamalai,"Cheyyar(Uzhavar Sandhai )",Ridgeguard(Tori),Ridgeguard(Tori),Local,21/08/2026,3500,4200,3850
"Tamil Nadu",Thiruvannamalai,"Cheyyar(Uzhavar Sandhai )","Knool Khol","Knool Khol",Local,21/08/2026,3000,3600,3300
"Tamil Nadu",Thiruvannamalai,"Cheyyar(Uzhavar Sandhai )","Tender Coconut","Tender Coconut",Local,21/08/2026,2000,2500,2250
"Tamil Nadu",Thiruvannamalai,"Cheyyar(Uzhavar Sandhai )","Onion Green","Onion Green",Local,21/08/2026,4000,5000,4500
"Andhra Pradesh",Dr.B.R.A.Konaseema,"Ramachandrapuram APMC",Paddy(Common),Paddy,FAQ,21/08/2026,2369,2378,2369
"Andhra Pradesh","SPSR Nellore","Gudur APMC",Paddy(Common),MTU-1010,Local,21/08/2026,2389,2470,2435
"Andhra Pradesh",Dr.B.R.A.Konaseema,"Mummidivaram APMC",Prawn,"Prawn-White Prawn",FAQ,21/08/2026,20000,21000,20000
Odisha,Sundergarh,"Panposh APMC",Pumpkin,Other,FAQ,21/08/2026,1000,1500,1200
Odisha,Nayagarh,"Bahadajholla APMC",Colacasia,Colacasia,"Grade B",21/08/2026,2452,2500,2500
Odisha,Nayagarh,"Bahadajholla APMC",Tomato,Tomato,"Grade B",21/08/2026,1750,1800,1800
"Tamil Nadu",Ariyalur,"Ariyalur(Uzhavar Sandhai)",Raddish,Raddish,Local,21/08/2026,3500,4000,3750
"Tamil Nadu",Ariyalur,"Ariyalur(Uzhavar Sandhai)","Chow Chow","Chow Chow",Local,21/08/2026,3500,4500,4000
"Tamil Nadu",Ariyalur,"Ariyalur(Uzhavar Sandhai)",Lemon,Lemon,Local,21/08/2026,3500,4000,3750
"Tamil Nadu",Ariyalur,"Ariyalur(Uzhavar Sandhai)","Onion Green","Onion Green",Local,21/08/2026,6000,7000,6500
Haryana,Mahendragarh-Narnaul,"Narnaul APMC",Tinda,Tinda,Medium,21/08/2026,2000,3500,2500
Haryana,Mahendragarh-Narnaul,"Narnaul APMC",Pomegranate,Pomogranate,Medium,21/08/2026,8000,10000,10000
Haryana,Mahendragarh-Narnaul,"Narnaul APMC",Pear(Marasebu),Pears,Medium,21/08/2026,7000,8000,8000
Bihar,Siwan,"Maharjganj APMC",Potato,"Red Nanital",FAQ,21/08/2026,1800,1800,1800
Punjab,Hoshiarpur,"Tanda Urmur APMC",Cabbage,Cabbage,"Grade A",21/08/2026,2500,3000,2800
Punjab,Hoshiarpur,"Tanda Urmur APMC",Tomato,Tomato,"Grade A",21/08/2026,2800,3200,3000
Punjab,Ludhiana,"Doraha APMC","Peas Wet",Other,Local,21/08/2026,5000,8000,7000
Punjab,Ludhiana,"Doraha APMC",Potato,Desi,Local,21/08/2026,700,800,750
Odisha,Boudh,"Boudh APMC",Brinjal,Other,Local,21/08/2026,7000,8000,7500
Odisha,Mayurbhanja,"Betnoti APMC",Brinjal,Brinjal,FAQ,21/08/2026,4600,5000,4800
Odisha,Mayurbhanja,"Betnoti APMC","Pointed gourd(Parval)",Other,FAQ,21/08/2026,3300,3700,3500
Odisha,Mayurbhanja,"Betnoti APMC","Bitter gourd","Bitter Gourd",FAQ,21/08/2026,4300,4700,4500
"Andhra Pradesh",Ananthapuramu,"Rapthadu APMC","Ground Nut Seed","Ground Nut Seed","Grade Range-1",21/08/2026,9600,11600,10600
Keralam,Alappuzha,"Chengannur Market",Ashgourd,Other,FAQ,21/08/2026,1800,2100,1900
Keralam,Alappuzha,"Chengannur Market",Tomato,Tomato,FAQ,21/08/2026,3000,3300,3200
Keralam,Alappuzha,"Chengannur Market",Snakeguard,Other,FAQ,21/08/2026,4000,4400,4200
Keralam,Alappuzha,"Chengannur Market",Pumpkin,Other,FAQ,21/08/2026,1900,2200,2000
Haryana,Gurgaon,"Gurgaon APMC","Bhindi(Ladies Finger)",Other,"Grade A",21/08/2026,1000,2000,1500
Haryana,Gurgaon,"Gurgaon APMC","Bitter gourd",Other,"Grade B",21/08/2026,1500,2500,2000
"Tamil Nadu",Coimbatore,"Sundarapuram(Uzhavar Sandhai )","Cluster beans","Cluster Beans",Local,21/08/2026,3500,4000,3750
"Tamil Nadu",Coimbatore,"Sundarapuram(Uzhavar Sandhai )",Amaranthus,Amaranthus,Local,21/08/2026,4500,6000,5250
"Tamil Nadu",Coimbatore,"Sundarapuram(Uzhavar Sandhai )","Banana - Green","Banana - Green",Local,21/08/2026,3500,4000,3750
"Tamil Nadu",Coimbatore,"Sundarapuram(Uzhavar Sandhai )",Cucumbar(Kheera),Cucumbar,Local,21/08/2026,4000,4500,4250
"Tamil Nadu",Coimbatore,"Sundarapuram(Uzhavar Sandhai )",Ridgeguard(Tori),Ridgeguard(Tori),Local,21/08/2026,4000,4500,4250
"Tamil Nadu",Coimbatore,"Sundarapuram(Uzhavar Sandhai )",Lemon,Lemon,Local,21/08/2026,13000,14000,13500
"Tamil Nadu",Coimbatore,"Sundarapuram(Uzhavar Sandhai )","Amla(Nelli Kai)",Amla,Local,21/08/2026,8000,9000,8500
"Tamil Nadu",Coimbatore,"Sundarapuram(Uzhavar Sandhai )",Mint(Pudina),Mint(Pudina),Local,21/08/2026,4500,5000,4750
Haryana,Rohtak,Meham,Banana,Medium,Medium,21/08/2026,1600,1600,1600
Haryana,Rohtak,Meham,Spinach,Spinach,Medium,21/08/2026,2000,2000,2000
Haryana,Rohtak,Meham,Apple,Apple,Medium,21/08/2026,6000,6500,6200
Haryana,Rohtak,Meham,"Bhindi(Ladies Finger)",Bhindi,Medium,21/08/2026,4000,4000,4000
Odisha,Kalahandi,"Kalahandi(Dharamagarh) APMC","Green Chilli",Other,"Grade B",21/08/2026,5000,5800,5300
"Uttar Pradesh","Khiri (Lakhimpur)","Maigalganj APMC",Cabbage,Cabbage,FAQ,21/08/2026,925,975,950
Punjab,Gurdaspur,"Kalanaur APMC",Pumpkin,Pumpkin,"Grade A",21/08/2026,1300,1300,1300
Punjab,Gurdaspur,"Kalanaur APMC","Bottle gourd","Bottle Gourd","Grade A",21/08/2026,1200,1200,1200
"Himachal Pradesh",Kangra,"SMY Baijnath",Apple,Apple,"Grade A",21/08/2026,3000,12000,6000
"Himachal Pradesh",Kangra,"SMY Baijnath",Carrot,Carrot,"Grade A",21/08/2026,2500,3000,2800
"Himachal Pradesh",Kangra,"SMY Baijnath","Mousambi(Sweet Lime)",Mousambi,"Grade A",21/08/2026,6000,6200,6200
"Himachal Pradesh",Kangra,"SMY Baijnath","Bitter gourd","Bitter Gourd","Grade A",21/08/2026,3000,3500,3400
"Himachal Pradesh",Kangra,"SMY Jaisinghpur","Sponge gourd","Sponge gourd",FAQ,21/08/2026,3200,3800,3500
"Himachal Pradesh",Kangra,"SMY Jaisinghpur",Tomato,Tomato,FAQ,21/08/2026,2700,3000,2800
"Himachal Pradesh",Kangra,"SMY Jaisinghpur",Ginger(Green),"Green Ginger",FAQ,21/08/2026,11000,16000,13000
"Himachal Pradesh",Kangra,"SMY Jaisinghpur",Capsicum,Capsicum,FAQ,21/08/2026,5200,6000,5600
"Himachal Pradesh",Kangra,"SMY Jaisinghpur",Cabbage,Cabbage,FAQ,21/08/2026,2800,3800,3200
"Himachal Pradesh",Kangra,"SMY Jaisinghpur","Pea Pod/Pea Cod/हरी मटर",Other,FAQ,21/08/2026,10000,13000,11500
"Himachal Pradesh",Kangra,"SMY Jaisinghpur","Green Chilli","Green Chilly",FAQ,21/08/2026,4500,5500,5000
"Himachal Pradesh",Kangra,"SMY Jaisinghpur","Bottle gourd","Bottle Gourd",FAQ,21/08/2026,2200,4000,3000
Punjab,Hoshiarpur,"Garh Shankar(Mahalpur) APMC",Papaya,Papaya,Medium,21/08/2026,3500,3500,3500
"Tamil Nadu",Erode,"Sathiyamagalam(Uzhavar Sandhai )",Cauliflower,Ranchi,Local,21/08/2026,2800,3200,3000
"Tamil Nadu",Erode,"Sathiyamagalam(Uzhavar Sandhai )",Tapioca,Tapioca,Local,21/08/2026,2500,3000,2750
"Tamil Nadu",Erode,"Sathiyamagalam(Uzhavar Sandhai )",Carrot,Pusakesar,Local,21/08/2026,7500,8000,7750
"Tamil Nadu",Erode,"Sathiyamagalam(Uzhavar Sandhai )",Snakeguard,Snakeguard,Local,21/08/2026,3500,4000,3750
"Tamil Nadu",Erode,"Sathiyamagalam(Uzhavar Sandhai )","Chow Chow","Chow Chow",Local,21/08/2026,2500,3000,2750
"Tamil Nadu",Erode,"Sathiyamagalam(Uzhavar Sandhai )",Drumstick,Drumstick,Local,21/08/2026,2500,3000,2750
"Tamil Nadu",Erode,"Sathiyamagalam(Uzhavar Sandhai )",Lemon,Lemon,Local,21/08/2026,7500,8000,7750
"Tamil Nadu",Erode,"Sathiyamagalam(Uzhavar Sandhai )","Sweet Corn ","Sweet Corn ",Local,21/08/2026,2500,3000,2750
"Tamil Nadu",Coimbatore,"Mettupalayam(Uzhavar Sandhai )",Banana,Besrai,Local,21/08/2026,4000,8000,6000
"Tamil Nadu",Coimbatore,"Mettupalayam(Uzhavar Sandhai )",Potato,"Red Nanital",Local,21/08/2026,4000,6000,5000
"Tamil Nadu",Coimbatore,"Mettupalayam(Uzhavar Sandhai )",Garlic,Garlic,Local,21/08/2026,16000,18000,17000
"Tamil Nadu",Coimbatore,"Mettupalayam(Uzhavar Sandhai )",Cauliflower,Ranchi,Local,21/08/2026,4000,4500,4250
"Tamil Nadu",Coimbatore,"Mettupalayam(Uzhavar Sandhai )",Coriander(Leaves),"I Sort",Local,21/08/2026,4500,5000,4750
"Tamil Nadu",Coimbatore,"Mettupalayam(Uzhavar Sandhai )","Green Peas","Green Peas",Local,21/08/2026,16000,18000,17000
"Tamil Nadu",Coimbatore,"Mettupalayam(Uzhavar Sandhai )",Papaya,Papaya,Local,21/08/2026,3500,4000,3750
"Tamil Nadu",Coimbatore,"Mettupalayam(Uzhavar Sandhai )",Tomato,Deshi,Local,21/08/2026,1600,2000,1800
"Tamil Nadu",Coimbatore,"Mettupalayam(Uzhavar Sandhai )",Cowpea(Veg),"Cowpea (Veg)",Local,21/08/2026,4000,4500,4250
"Tamil Nadu",Coimbatore,"Mettupalayam(Uzhavar Sandhai )","Banana - Green","Banana - Green",Local,21/08/2026,4500,5000,4750
"Tamil Nadu",Coimbatore,"Mettupalayam(Uzhavar Sandhai )",Ridgeguard(Tori),Ridgeguard(Tori),Local,21/08/2026,3500,4500,4000
"Tamil Nadu",Coimbatore,"Mettupalayam(Uzhavar Sandhai )","Green Avare(W)","Green Avare (W)",Local,21/08/2026,4000,4500,4250
"Tamil Nadu",Coimbatore,"Mettupalayam(Uzhavar Sandhai )","Chow Chow","Chow Chow",Local,21/08/2026,3500,4000,3750
"Tamil Nadu",Coimbatore,"Mettupalayam(Uzhavar Sandhai )",Drumstick,Drumstick,Local,21/08/2026,2500,3000,2750
"Tamil Nadu",Coimbatore,"Mettupalayam(Uzhavar Sandhai )","Knool Khol","Knool Khol",Local,21/08/2026,5000,6000,5500
"Tamil Nadu",Coimbatore,"Mettupalayam(Uzhavar Sandhai )",Guava,"Guava Allahabad",Local,21/08/2026,5000,6000,5500
"Tamil Nadu",Coimbatore,"Mettupalayam(Uzhavar Sandhai )",Pomegranate,Pomogranate,Local,21/08/2026,12000,14000,13000
"Tamil Nadu",Coimbatore,"Mettupalayam(Uzhavar Sandhai )","Tender Coconut","Tender Coconut",Local,21/08/2026,3500,4000,3750
"Tamil Nadu",Coimbatore,"Mettupalayam(Uzhavar Sandhai )","Amla(Nelli Kai)",Amla,Local,21/08/2026,8000,9000,8500
"Tamil Nadu",Namakkal,"Tiruchengode APMC",Carrot,Pusakesar,Local,21/08/2026,7500,8000,7750
"Tamil Nadu",Namakkal,"Tiruchengode APMC",Raddish,Raddish,Local,21/08/2026,2500,3000,2750
"Tamil Nadu",Namakkal,"Tiruchengode APMC","Green Avare(W)","Green Avare (W)",Local,21/08/2026,6500,7000,6750
"Tamil Nadu",Namakkal,"Tiruchengode APMC","Chow Chow","Chow Chow",Local,21/08/2026,2500,3000,2750
"Tamil Nadu",Namakkal,"Tiruchengode APMC",Mango(Raw-Ripe),"Mango - Raw-Ripe",Local,21/08/2026,4500,5000,4750
"Tamil Nadu",Namakkal,"Tiruchengode APMC","Tender Coconut","Tender Coconut",Local,21/08/2026,3000,3500,3250
"Andhra Pradesh",Kakinada,"Sampara (Kakinada Rural) APMC",Paddy(Common),1001,FAQ,21/08/2026,2369,2389,2379
"Tamil Nadu",Ariyalur,"Jeyankondam (Uzhavar Sandhai )",Onion,Bellary,Local,21/08/2026,3500,4000,3750
"Tamil Nadu",Ariyalur,"Jeyankondam (Uzhavar Sandhai )","Bhindi(Ladies Finger)",Bhindi,Local,21/08/2026,3600,4000,3800
"Tamil Nadu",Ariyalur,"Jeyankondam (Uzhavar Sandhai )",Amaranthus,Amaranthus,Local,21/08/2026,2500,3000,2750
"Tamil Nadu",Coimbatore,"RSPuram(Uzhavar Sandhai )",Cauliflower,Ranchi,Local,21/08/2026,4000,4500,4250
"Tamil Nadu",Coimbatore,"RSPuram(Uzhavar Sandhai )",Tomato,Local,Local,21/08/2026,1600,1800,1700
"Tamil Nadu",Coimbatore,"RSPuram(Uzhavar Sandhai )",Beans,"Beans (Whole)",Local,21/08/2026,8000,8500,8250
"Tamil Nadu",Coimbatore,"RSPuram(Uzhavar Sandhai )",Ridgeguard(Tori),Ridgeguard(Tori),Local,21/08/2026,3500,4000,3750
"Tamil Nadu",Coimbatore,"RSPuram(Uzhavar Sandhai )",Lemon,Lemon,Local,21/08/2026,13000,14000,13500
"Tamil Nadu",Coimbatore,"RSPuram(Uzhavar Sandhai )","Sweet Corn ","Sweet Corn ",Local,21/08/2026,3500,4000,3750
"Tamil Nadu",Coimbatore,"Singanallur(Uzhavar Sandhai )",Cauliflower,Ranchi,Local,21/08/2026,4800,5200,5000
"Tamil Nadu",Coimbatore,"Singanallur(Uzhavar Sandhai )",Coriander(Leaves),"I Sort",Local,21/08/2026,3500,4000,3750
"Tamil Nadu",Coimbatore,"Singanallur(Uzhavar Sandhai )",Chikoos(Sapota),Sapota,Local,21/08/2026,4500,5000,4750
"Tamil Nadu",Coimbatore,"Singanallur(Uzhavar Sandhai )",Papaya,Papaya,Local,21/08/2026,4000,4400,4200
"Tamil Nadu",Coimbatore,"Singanallur(Uzhavar Sandhai )",Tomato,Local,Local,21/08/2026,1500,1800,1650
"Tamil Nadu",Coimbatore,"Singanallur(Uzhavar Sandhai )","Cluster beans","Cluster Beans",Local,21/08/2026,3500,4000,3750
"Tamil Nadu",Coimbatore,"Singanallur(Uzhavar Sandhai )",Pumpkin,Pumpkin,Local,21/08/2026,2000,2200,2100
"Tamil Nadu",Coimbatore,"Singanallur(Uzhavar Sandhai )",Cowpea(Veg),"Cowpea (Veg)",Local,21/08/2026,3500,4000,3750
"Tamil Nadu",Coimbatore,"Singanallur(Uzhavar Sandhai )","Banana - Green","Banana - Green",Local,21/08/2026,3500,4000,3750
"Tamil Nadu",Coimbatore,"Singanallur(Uzhavar Sandhai )","Betal Leaves",Mysore,Local,21/08/2026,18000,21000,19500
"Tamil Nadu",Coimbatore,"Singanallur(Uzhavar Sandhai )",Cabbage,Cabbage,Local,21/08/2026,2500,3000,2750
"Tamil Nadu",Coimbatore,"Singanallur(Uzhavar Sandhai )",Snakeguard,Snakeguard,Local,21/08/2026,3000,3600,3300
"Tamil Nadu",Coimbatore,"Singanallur(Uzhavar Sandhai )","Knool Khol","Knool Khol",Local,21/08/2026,4500,5000,4750
"Tamil Nadu",Coimbatore,"Singanallur(Uzhavar Sandhai )",Pomegranate,Pomogranate,Local,21/08/2026,15000,17000,16000
Gujarat,Rajkot,"Rajkot(Veg.Sub Yard) APMC",Brinjal,Brinjal,FAQ,21/08/2026,2065,4130,3095
"Tamil Nadu",Coimbatore,"Pollachi(Uzhavar Sandhai )",Chikoos(Sapota),Sapota,Local,21/08/2026,4000,4500,4250
"Tamil Nadu",Coimbatore,"Pollachi(Uzhavar Sandhai )",Tomato,Deshi,Local,21/08/2026,1800,2200,2000
"Tamil Nadu",Coimbatore,"Pollachi(Uzhavar Sandhai )","Bottle gourd","Bottle Gourd",Local,21/08/2026,2500,3000,2750
"Tamil Nadu",Coimbatore,"Pollachi(Uzhavar Sandhai )",Ashgourd,Gouard,Local,21/08/2026,2000,2500,2250
"Tamil Nadu",Coimbatore,"Pollachi(Uzhavar Sandhai )",Amaranthus,Amaranthus,Local,21/08/2026,3000,4000,3500
"Tamil Nadu",Coimbatore,"Pollachi(Uzhavar Sandhai )","Green Avare(W)","Green Avare (W)",Local,21/08/2026,6500,7500,7000
"Madhya Pradesh",Betul,"Betul(F&V) APMC",Cabbage,Cabbage,FAQ,21/08/2026,1200,1200,1200
"Uttar Pradesh",Shamli,"Kairana APMC","Bottle gourd","Bottle Gourd",FAQ,21/08/2026,900,1000,950
"Uttar Pradesh",Shamli,"Kairana APMC","Bhindi(Ladies Finger)",Bhindi,FAQ,21/08/2026,1300,1400,1350
"Uttar Pradesh",Shamli,"Kairana APMC",Apple,Other,Medium,21/08/2026,3900,4000,3950
Chandigarh,Chandigarh,"Chandigarh (Grain/F&V) APMC","Mousambi(Sweet Lime)",Mousambi,Medium,21/08/2026,1500,3500,3000
"Tamil Nadu",Karur,"Karur(Uzhavar Sandhai )",Onion,Bellary,Local,21/08/2026,5500,6000,5750
"Tamil Nadu",Karur,"Karur(Uzhavar Sandhai )","Bitter gourd",Other,Local,21/08/2026,5500,6000,5750
"Tamil Nadu",Karur,"Karur(Uzhavar Sandhai )","Bhindi(Ladies Finger)",Bhindi,Local,21/08/2026,3500,4000,3750
"Tamil Nadu",Karur,"Karur(Uzhavar Sandhai )",Carrot,Pusakesar,Local,21/08/2026,8500,9000,8750
"Tamil Nadu",Karur,"Karur(Uzhavar Sandhai )",Drumstick,Drumstick,Local,21/08/2026,2500,3000,2750
"Tamil Nadu",Karur,"Karur(Uzhavar Sandhai )",Mango(Raw-Ripe),"Mango - Raw-Ripe",Local,21/08/2026,6000,6500,6250
"Tamil Nadu",Karur,"Karur(Uzhavar Sandhai )",Mint(Pudina),Mint(Pudina),Local,21/08/2026,5000,5500,5250
"Tamil Nadu",Karur,"Karur(Uzhavar Sandhai )","Sweet Corn ","Sweet Corn ",Local,21/08/2026,3500,4000,3750
Tripura,"South Tripura",Manubazar,Cowpea(Veg),"Cowpea (Veg)","Grade A",21/08/2026,3200,3500,3300
Tripura,"South Tripura",Manubazar,"Pointed gourd(Parval)","Pointed gourd (Parval)","Grade A",21/08/2026,5800,6000,5900
Tripura,"South Tripura",Manubazar,"Sponge gourd",Other,"Grade A",21/08/2026,4300,4500,4400
"Tamil Nadu",Coimbatore,"Kurichi(Uzhavar Sandhai )",Papaya,Papaya,Local,21/08/2026,4000,4500,4250
"Tamil Nadu",Coimbatore,"Kurichi(Uzhavar Sandhai )","Bottle gourd","Bottle Gourd",Local,21/08/2026,3000,3500,3250
"Tamil Nadu",Coimbatore,"Kurichi(Uzhavar Sandhai )",Pumpkin,Pumpkin,Local,21/08/2026,1800,2000,1900
"Tamil Nadu",Coimbatore,"Kurichi(Uzhavar Sandhai )","Bhindi(Ladies Finger)",Bhindi,Local,21/08/2026,4500,5000,4750
"Tamil Nadu",Coimbatore,"Kurichi(Uzhavar Sandhai )",Thondekai,Thondekai,Local,21/08/2026,4500,5000,4750
"Tamil Nadu",Coimbatore,"Kurichi(Uzhavar Sandhai )","Green Avare(W)","Green Avare (W)",Local,21/08/2026,5500,6000,5750
"Tamil Nadu",Coimbatore,"Kurichi(Uzhavar Sandhai )",Guava,"Guava Allahabad",Local,21/08/2026,5000,6000,5500
"Tamil Nadu",Cuddalore,"Chidambaram(Uzhavar Sandhai )",Onion,Bellary,Local,21/08/2026,4000,4000,4000
"Tamil Nadu",Chengalpattu,"Thirukalukundram(Uzhavar Sandhai )",Cauliflower,Ranchi,Local,21/08/2026,2500,3300,2900
"Tamil Nadu",Chengalpattu,"Thirukalukundram(Uzhavar Sandhai )",Brinjal,Other,Local,21/08/2026,3500,4500,4000
"Tamil Nadu","Nagercoil (Kannyiakumari)","Vadaseri APMC",Banana,Besrai,Local,21/08/2026,5500,6000,5750
"Tamil Nadu","Nagercoil (Kannyiakumari)","Vadaseri APMC",Onion,Bellary,Local,21/08/2026,5500,6000,5750
"Tamil Nadu","Nagercoil (Kannyiakumari)","Vadaseri APMC",Garlic,Garlic,Local,21/08/2026,20000,22000,21000
"Tamil Nadu","Nagercoil (Kannyiakumari)","Vadaseri APMC",Ashgourd,Gouard,Local,21/08/2026,2200,2500,2350
"Tamil Nadu","Nagercoil (Kannyiakumari)","Vadaseri APMC","Bhindi(Ladies Finger)",Bhindi,Local,21/08/2026,5000,5500,5250
"Tamil Nadu","Nagercoil (Kannyiakumari)","Vadaseri APMC",Amaranthus,Amaranthus,Local,21/08/2026,1500,2000,1750
"Tamil Nadu","Nagercoil (Kannyiakumari)","Vadaseri APMC",Tapioca,Tapioca,Local,21/08/2026,3500,4000,3750
"Tamil Nadu","Nagercoil (Kannyiakumari)","Vadaseri APMC",Coconut,Coconut,Local,21/08/2026,6300,6500,6400
"Tamil Nadu","Nagercoil (Kannyiakumari)","Vadaseri APMC",Carrot,Pusakesar,Local,21/08/2026,8500,9000,8750
"Tamil Nadu","Nagercoil (Kannyiakumari)","Vadaseri APMC",Cabbage,Cabbage,Local,21/08/2026,5000,5500,5250
"Tamil Nadu","Nagercoil (Kannyiakumari)","Vadaseri APMC",Lime,Lime,Local,21/08/2026,5500,6000,5750
"Tamil Nadu","Nagercoil (Kannyiakumari)","Vadaseri APMC",Colacasia,Colacasia,Local,21/08/2026,8000,8500,8250
"Tamil Nadu",Pudukkottai,"Karambakkudi(Uzhavar Sandhai )",Tomato,Other,Local,21/08/2026,2500,3000,2750
"Tamil Nadu",Pudukkottai,"Karambakkudi(Uzhavar Sandhai )","Bitter gourd",Other,Local,21/08/2026,7000,8000,7500
"Tamil Nadu",Pudukkottai,"Karambakkudi(Uzhavar Sandhai )","Bottle gourd","Bottle Gourd",Local,21/08/2026,2500,3000,2750
"Tamil Nadu",Pudukkottai,"Karambakkudi(Uzhavar Sandhai )","Green Avare(W)",Other,Local,21/08/2026,7000,8000,7500
Maharashtra,Raigad,"Murud APMC",Rice,Other,Local,21/08/2026,4000,4500,4250
Meghalaya,"East Khasi Hills","Shillong APMC",Potato,Local,FAQ,21/08/2026,1600,1700,1650
Meghalaya,"East Khasi Hills","Shillong APMC",Cauliflower,Local,FAQ,21/08/2026,4000,4500,4300
Meghalaya,"East Khasi Hills","Shillong APMC",Brinjal,Other,FAQ,21/08/2026,4000,4500,4300
Meghalaya,"East Khasi Hills","Shillong APMC",Pumpkin,Other,FAQ,21/08/2026,2700,2900,2800
Meghalaya,"East Khasi Hills","Shillong APMC","Squash(Chappal Kadoo)","Squash(Chappal Kadoo)",FAQ,21/08/2026,1000,1100,1050
"Madhya Pradesh",Morena,"Kailaras APMC",Tomato,Other,FAQ,21/08/2026,1600,1600,1600
"Madhya Pradesh",Morena,"Kailaras APMC",Raddish,Other,FAQ,21/08/2026,1800,1800,1800
"Tamil Nadu",Vellore,"Thirupathur APMC",Onion,Bellary,Local,21/08/2026,5000,5000,5000
"Tamil Nadu",Vellore,"Thirupathur APMC",Chikoos(Sapota),Sapota,Local,21/08/2026,4000,4000,4000
"Tamil Nadu",Vellore,"Thirupathur APMC",Pumpkin,Pumpkin,Local,21/08/2026,2000,2000,2000
"Tamil Nadu",Vellore,"Thirupathur APMC","Green Chilli","Green Chilly",Local,21/08/2026,7000,7000,7000
"Tamil Nadu",Vellore,"Thirupathur APMC",Cowpea(Veg),"Cowpea (Veg)",Local,21/08/2026,6000,6000,6000
"Tamil Nadu",Vellore,"Thirupathur APMC",Ginger(Green),"Green Ginger",Local,21/08/2026,20000,20000,20000
"Tamil Nadu",Vellore,"Thirupathur APMC",Snakeguard,Snakeguard,Local,21/08/2026,3600,3600,3600
"Tamil Nadu",Vellore,"Thirupathur APMC",Capsicum,Capsicum,Local,21/08/2026,5000,5000,5000
"Tamil Nadu",Vellore,"Thirupathur APMC","Knool Khol","Knool Khol",Local,21/08/2026,4500,4500,4500
"Tamil Nadu",Vellore,"Thirupathur APMC","Jack Fruit(Ripe)","Jack Fruit",Local,21/08/2026,3000,3000,3000
"Tamil Nadu",Vellore,"Thirupathur APMC",Yam(Ratalu),"Yam (Ratalu)",Local,21/08/2026,4000,4000,4000
"Tamil Nadu",Vellore,"Thirupathur APMC",Mint(Pudina),Mint(Pudina),Local,21/08/2026,5000,5000,5000
"Tamil Nadu",Dharmapuri,"Harur(Uzhavar Sandhai )",Garlic,Garlic,Local,21/08/2026,16000,18000,17000
"Tamil Nadu",Dharmapuri,"Harur(Uzhavar Sandhai )",Cauliflower,Ranchi,Local,21/08/2026,3500,4000,3750
"Tamil Nadu",Dharmapuri,"Harur(Uzhavar Sandhai )","Banana - Green","Banana - Green",Local,21/08/2026,2000,2500,2250
"Tamil Nadu",Dharmapuri,"Harur(Uzhavar Sandhai )",Carrot,Pusakesar,Local,21/08/2026,7000,8000,7500
"Tamil Nadu",Dharmapuri,"Harur(Uzhavar Sandhai )","Green Avare(W)","Green Avare (W)",Local,21/08/2026,6000,7000,6500
"Tamil Nadu",Dharmapuri,"Harur(Uzhavar Sandhai )",Drumstick,Drumstick,Local,21/08/2026,3000,3500,3250
"Tamil Nadu",Krishnagiri,"Kaveripattinam(Uzhavar Sandhai )",Onion,Bellary,Local,21/08/2026,4000,4000,4000
"Tamil Nadu",Krishnagiri,"Kaveripattinam(Uzhavar Sandhai )",Ashgourd,Gouard,Local,21/08/2026,2500,2500,2500
"Tamil Nadu",Krishnagiri,"Kaveripattinam(Uzhavar Sandhai )",Amaranthus,Amaranthus,Local,21/08/2026,2000,2500,2250
"Tamil Nadu",Krishnagiri,"Kaveripattinam(Uzhavar Sandhai )","Banana - Green","Banana - Green",Local,21/08/2026,2500,3000,2750
"Tamil Nadu","The Nilgiris","Gudalur(Uzhavar Sandhai )",Potato,"Red Nanital",Local,21/08/2026,5500,6000,5750
"Tamil Nadu","The Nilgiris","Gudalur(Uzhavar Sandhai )",Garlic,Garlic,Local,21/08/2026,19000,20000,19500
"Tamil Nadu","The Nilgiris","Gudalur(Uzhavar Sandhai )",Pumpkin,Pumpkin,Local,21/08/2026,1500,2000,1750
"Tamil Nadu","The Nilgiris","Gudalur(Uzhavar Sandhai )",Tapioca,Tapioca,Local,21/08/2026,3500,4000,3750
"Tamil Nadu","The Nilgiris","Gudalur(Uzhavar Sandhai )",Thondekai,Thondekai,Local,21/08/2026,3500,4000,3750
"Tamil Nadu","The Nilgiris","Gudalur(Uzhavar Sandhai )",Turnip,Turnip,Local,21/08/2026,3500,4000,3750
"Tamil Nadu","The Nilgiris","Gudalur(Uzhavar Sandhai )","Onion Green","Onion Green",Local,21/08/2026,7500,7800,7650
"Himachal Pradesh",Kangra,"SMY Palampur",Potato,Potato,FAQ,21/08/2026,1000,2000,1500
"Himachal Pradesh",Kangra,"SMY Palampur",Cucumbar(Kheera),Cucumbar,FAQ,21/08/2026,3000,4000,3500
"Himachal Pradesh",Kangra,"SMY Palampur","Mousambi(Sweet Lime)",Mousambi,Medium,21/08/2026,6000,6500,6200
"Himachal Pradesh",Kangra,"SMY Palampur",Banana,Other,Medium,21/08/2026,5200,5500,5400
"Himachal Pradesh",Kangra,"SMY Palampur",Pomegranate,Pomogranate,Medium,21/08/2026,8000,15000,11000
"Himachal Pradesh",Kangra,"SMY Palampur",Tomato,Tomato,FAQ,21/08/2026,2500,2800,2600
"Himachal Pradesh",Kangra,"SMY Palampur",Coriander(Leaves),Coriander,FAQ,21/08/2026,15000,20000,17500
"Himachal Pradesh",Kangra,"SMY Palampur",Colacasia,Colacasia,FAQ,21/08/2026,3400,3500,3450
"Himachal Pradesh",Kangra,"SMY Palampur",Cabbage,Cabbage,FAQ,21/08/2026,2500,3500,3000
Manipur,"Imphal East","Lamlong Bazaar APMC",Paddy(Common),Other,Local,21/08/2026,3000,3000,3000
Manipur,"Imphal East","Lamlong Bazaar APMC","Black Gram Dal(Urd Dal)","Black Gram Dal",FAQ,21/08/2026,13000,14000,13500
Manipur,"Imphal East","Lamlong Bazaar APMC",Potato,Other,FAQ,21/08/2026,2500,3000,2750
Manipur,"Imphal East","Lamlong Bazaar APMC","Bengal Gram(Gram)(Whole)","Desi (Whole)",FAQ,21/08/2026,7500,8000,7750
Manipur,"Imphal East","Lamlong Bazaar APMC",Onion,Onion,FAQ,21/08/2026,5500,6000,5750
"West Bengal","Paschim Bardhaman","Asansol APMC",Peas(Dry),Other,FAQ,21/08/2026,6850,7000,6900
Punjab,Tarntaran,"Patti APMC",Raddish,Raddish,Local,21/08/2026,100,100,100
Punjab,Tarntaran,"Patti APMC",Cucumbar(Kheera),Cucumbar,Local,21/08/2026,0.38,0.38,0.38
Punjab,Tarntaran,"Patti APMC",Garlic,Other,Local,21/08/2026,40.6,40.6,40.6
Punjab,Tarntaran,"Patti APMC","Green Chilli",Other,Local,21/08/2026,0.44,0.44,0.44
Punjab,Tarntaran,"Patti APMC",Capsicum,Other,Local,21/08/2026,2500,2500,2500
"Uttar Pradesh",Mau(Maunathbhanjan),"Kopaganj APMC","Bottle gourd","Bottle Gourd",FAQ,21/08/2026,1299,1400,1300
"Uttar Pradesh",Mau(Maunathbhanjan),"Kopaganj APMC",Brinjal,Brinjal,FAQ,21/08/2026,1400,1500,1450
Haryana,Hissar,"Hansi APMC",Guava,Other,"Grade B",21/08/2026,3000,5000,4000
Haryana,Hissar,"Hansi APMC",Apple,Other,"Grade B",21/08/2026,8000,20000,15000
Haryana,Hissar,"Hansi APMC",Tomato,Other,FAQ,21/08/2026,2500,3500,3000
Haryana,Hissar,"Hansi APMC",Colacasia,Other,FAQ,21/08/2026,2500,3000,2750
Haryana,Hissar,"Hansi APMC",Garlic,Other,FAQ,21/08/2026,10000,20000,15000
Haryana,Hissar,"Hansi APMC",Lemon,Other,FAQ,21/08/2026,6000,7000,6500
Haryana,Hissar,"Hansi APMC",Spinach,Other,FAQ,21/08/2026,2500,3000,2750
Punjab,Amritsar,"Rayya APMC","Green Chilli","Green Chilly",FAQ,21/08/2026,1101,1101,1101
Punjab,Amritsar,"Rayya APMC","Bitter gourd","Bitter Gourd",FAQ,21/08/2026,1365,1365,1365
Punjab,Amritsar,"Rayya APMC",Potato,Potato,FAQ,21/08/2026,754,754,754
"Andhra Pradesh",Prakasam,"Maddipadu APMC","Bajra(Pearl Millet/Cumbu)",Bold,FAQ,21/08/2026,2550,2550,2550
Keralam,Kozhikode(Calicut),"Mukkom Market",Orange,Other,Large,21/08/2026,14000,15000,14500
Keralam,Kozhikode(Calicut),"Mukkom Market",Grapes,Other,Large,21/08/2026,9800,10200,10000
Keralam,Kozhikode(Calicut),"Mukkom Market",Beetroot,Beetroot,FAQ,21/08/2026,5000,5500,5200
"Tamil Nadu",Thirupur,"Tiruppur (South) (Uzhavar Sandhai )",Banana,"Red Banana",Local,21/08/2026,5000,6000,5500
"Tamil Nadu",Thirupur,"Tiruppur (South) (Uzhavar Sandhai )",Potato,Other,Local,21/08/2026,5000,6000,5500
"Tamil Nadu",Thirupur,"Tiruppur (South) (Uzhavar Sandhai )",Coriander(Leaves),"I Sort",Local,21/08/2026,2500,3000,2750
"Tamil Nadu",Thirupur,"Tiruppur (South) (Uzhavar Sandhai )","Green Chilli","Green Chilly",Local,21/08/2026,3500,4000,3750
"Tamil Nadu",Thirupur,"Tiruppur (South) (Uzhavar Sandhai )","Banana - Green","Banana - Green",Local,21/08/2026,2500,3000,2750
"Tamil Nadu",Thirupur,"Tiruppur (South) (Uzhavar Sandhai )",Ginger(Green),"Green Ginger",Local,21/08/2026,13000,16000,14500
"Tamil Nadu",Thirupur,"Tiruppur (South) (Uzhavar Sandhai )",Carrot,Pusakesar,Local,21/08/2026,5500,6000,5750
"Tamil Nadu",Thirupur,"Tiruppur (South) (Uzhavar Sandhai )",Snakeguard,Snakeguard,Local,21/08/2026,3000,3500,3250
"Tamil Nadu",Thirupur,"Tiruppur (South) (Uzhavar Sandhai )",Drumstick,Drumstick,Local,21/08/2026,2500,3000,2750
Haryana,Rewari,"Kosli APMC",Banana,Other,Medium,21/08/2026,2000,2000,2000
Punjab,Gurdaspur,"Quadian APMC",Banana,Other,"Grade A",21/08/2026,3300,3500,3400
Punjab,Gurdaspur,"Quadian APMC",Tomato,Other,"Grade A",21/08/2026,3300,3500,3400
Punjab,Gurdaspur,"Quadian APMC",Papaya,Other,"Grade A",21/08/2026,4200,4400,4300
Punjab,Jalandhar,"Nakodar APMC",Cucumbar(Kheera),Cucumbar,Local,21/08/2026,1750,1750,1750
Punjab,Jalandhar,"Nakodar APMC",Brinjal,Brinjal,Local,21/08/2026,1050,1050,1050
Rajasthan,Chittorgarh,"Kapasan APMC",Wheat,Lokwan,FAQ,21/08/2026,2450,2650,2550
Punjab,Ludhiana,"Khanna APMC",Mango,Dusheri,"Grade A",21/08/2026,5000,5000,5000
Punjab,Ludhiana,"Khanna APMC","Mousambi(Sweet Lime)",Other,"Grade A",21/08/2026,3000,3000,3000
Punjab,Ludhiana,"Khanna APMC",Tomato,Tomato,"Grade A",21/08/2026,2500,2500,2500
Punjab,Ludhiana,"Khanna APMC",Potato,Local,"Grade A",21/08/2026,500,500,500
Punjab,Ludhiana,"Khanna APMC",Brinjal,Round,"Grade A",21/08/2026,1500,1500,1500
Keralam,Kollam,"Sasthamkotta Market","Bitter gourd","Bitter Gourd",Local,21/08/2026,6000,6000,6000
Keralam,Kollam,"Sasthamkotta Market","Sweet Potato",Other,Local,21/08/2026,4000,4000,4000
Keralam,Kollam,"Sasthamkotta Market",Tomato,Tomato,Local,21/08/2026,3000,3000,3000
Keralam,Kozhikode(Calicut),"Kallachi Market","Cluster beans","Cluster Beans",FAQ,21/08/2026,7300,7700,7500
Keralam,Kozhikode(Calicut),"Kallachi Market","Bottle gourd","Bottle Gourd",FAQ,21/08/2026,3800,4200,4000
Keralam,Kozhikode(Calicut),"Kallachi Market",Carrot,Carrot,FAQ,21/08/2026,7600,8000,7800
Keralam,Kozhikode(Calicut),"Kallachi Market","Elephant Yam(Suran)/Amorphophallus",Amorphophallus,FAQ,21/08/2026,4400,4800,4600
Keralam,Kozhikode(Calicut),"Kallachi Market",Tomato,Tomato,FAQ,21/08/2026,1600,2000,1800
Keralam,Alappuzha,"Harippad Market","Banana - Green",Other,FAQ,21/08/2026,7500,8000,7500
Keralam,Alappuzha,"Harippad Market",Capsicum,Capsicum,FAQ,21/08/2026,9000,9500,9000
Punjab,Sangrur,"Ahmedgarh APMC","Mousambi(Sweet Lime)",Mousambi,Local,21/08/2026,3500,3800,3800
Keralam,Palakad,"Pattambi Market",Beetroot,Beetroot,FAQ,21/08/2026,4500,5000,4800
Keralam,Palakad,"Pattambi Market","Bitter gourd","Bitter Gourd",FAQ,21/08/2026,7000,8000,7500
Punjab,Tarntaran,"Tarantaran APMC",Potato,Other,Local,21/08/2026,900,900,900
Keralam,Malappuram,"Kondotty Market",Cucumbar(Kheera),Other,FAQ,21/08/2026,3500,4200,4000
Keralam,Malappuram,"Kondotty Market","French Beans(Frasbean)",Other,FAQ,21/08/2026,6800,7200,7000
Keralam,Malappuram,"Kondotty Market",Garlic,Other,FAQ,21/08/2026,17500,18300,18000
Keralam,Malappuram,"Kondotty Market",Carrot,Other,FAQ,21/08/2026,5800,6200,6000
"Tamil Nadu",Thanjavur,"Tirukattupalli(Uzhavar Sandhai )",Brinjal,Round,Local,21/08/2026,3600,4000,3800
"Tamil Nadu",Thanjavur,"Tirukattupalli(Uzhavar Sandhai )",Pumpkin,Pumpkin,Local,21/08/2026,2000,2000,2000
"Tamil Nadu",Thanjavur,"Tirukattupalli(Uzhavar Sandhai )","Banana - Green","Banana - Green",Local,21/08/2026,4000,4000,4000
"Tamil Nadu",Thanjavur,"Tirukattupalli(Uzhavar Sandhai )",Snakeguard,Snakeguard,Local,21/08/2026,4000,5600,4800
"Tamil Nadu",Thanjavur,"Tirukattupalli(Uzhavar Sandhai )","Onion Green","Onion Green",Local,21/08/2026,7400,7400,7400
"Tamil Nadu",Thiruchirappalli,"Thuraiyur APMC",Onion,Bellary,Local,21/08/2026,4500,5500,5000
"Tamil Nadu",Thiruchirappalli,"Thuraiyur APMC",Brinjal,Other,Local,21/08/2026,3000,3500,3250
"Tamil Nadu",Thiruchirappalli,"Thuraiyur APMC","Betal Leaves",Mysore,Local,21/08/2026,9000,10000,9500
"Tamil Nadu",Thiruchirappalli,"Thuraiyur APMC","Chow Chow","Chow Chow",Local,21/08/2026,3500,4000,3750
"Tamil Nadu",Villupuram,"Avalurpet APMC",Paddy(Common),Other,Local,21/08/2026,2012,3359,2685.5
"Tamil Nadu",Villupuram,"Tindivanam APMC",Ridgeguard(Tori),Ridgeguard(Tori),Local,21/08/2026,5000,5000,5000
"Tamil Nadu",Villupuram,"Tindivanam APMC","Onion Green","Onion Green",Local,21/08/2026,7500,7500,7500
"Tamil Nadu",Villupuram,"Tindivanam APMC",Mint(Pudina),Mint(Pudina),Local,21/08/2026,3000,3000,3000
"Tamil Nadu",Villupuram,"Ulundurpettai APMC",Banana,Besrai,Local,21/08/2026,3000,4000,3500
"Tamil Nadu",Villupuram,"Ulundurpettai APMC",Potato,"Red Nanital",Local,21/08/2026,4000,4000,4000
"Tamil Nadu",Villupuram,"Ulundurpettai APMC","Cluster beans","Cluster Beans",Local,21/08/2026,5000,5000,5000
"Tamil Nadu",Villupuram,"Ulundurpettai APMC",Ashgourd,Gouard,Local,21/08/2026,2000,2000,2000
"Tamil Nadu",Villupuram,"Ulundurpettai APMC","Bhindi(Ladies Finger)",Bhindi,Local,21/08/2026,3500,3500,3500
"Tamil Nadu",Villupuram,"Ulundurpettai APMC",Coconut,Coconut,Local,21/08/2026,3000,3000,3000
"Tamil Nadu",Villupuram,"Ulundurpettai APMC",Snakeguard,Snakeguard,Local,21/08/2026,5000,5000,5000
"Tamil Nadu",Villupuram,"Ulundurpettai APMC",Thondekai,Thondekai,Local,21/08/2026,5000,5000,5000
Maharashtra,Ahilyanagar,"Rahuri APMC",Wheat,Other,FAQ,21/08/2026,2600,2650,2625
Gujarat,Anand,"Khambhat(Veg Yard Khambhat) APMC",Cabbage,Other,Local,21/08/2026,2000,3000,2500
Gujarat,Gandhinagar,"Mansa(Manas Veg Yard) APMC","Bhindi(Ladies Finger)",Other,Local,21/08/2026,2000,3000,2500
Gujarat,Rajkot,"Dhoraji APMC",Soyabean,Yellow,Non-FAQ,21/08/2026,5480,6165,5980
Gujarat,Amreli,"Babra APMC",Groundnut,G20,FAQ,21/08/2026,5550,6200,5875
Gujarat,Amreli,"Damnagar APMC","Bhindi(Ladies Finger)",Bhindi,Local,21/08/2026,2500,2500,2500
Gujarat,Amreli,"Damnagar APMC","Green Chilli","Green Chilly",Local,21/08/2026,4000,4000,4000
Gujarat,Amreli,"Damnagar APMC",Guar,Gwar,Local,21/08/2026,9500,9500,9500
Gujarat,Rajkot,"Gondal(Veg.market Gondal) APMC","Bhindi(Ladies Finger)",Bhindi,Local,21/08/2026,1000,6000,3500
Gujarat,Rajkot,"Gondal(Veg.market Gondal) APMC",Guar,Gwar,Local,21/08/2026,1000,13000,7000
Gujarat,Rajkot,"Gondal(Veg.market Gondal) APMC","Bitter gourd","Bitter Gourd",Local,21/08/2026,900,4000,2450
Gujarat,Rajkot,"Gondal(Veg.market Gondal) APMC",Brinjal,Brinjal,Local,21/08/2026,1000,5500,3250
Gujarat,Rajkot,"Gondal(Veg.market Gondal) APMC",Cauliflower,Cauliflower,Local,21/08/2026,900,5000,2950
Gujarat,Rajkot,"Gondal(Veg.market Gondal) APMC",Cucumbar(Kheera),Cucumbar,Local,21/08/2026,500,4000,2250
Gujarat,Rajkot,"Gondal(Veg.market Gondal) APMC","Green Chilli","Green Chilly",Local,21/08/2026,1000,5000,3000
"Tamil Nadu",Madurai,"Chokkikulam(Uzhavar Sandhai )",Apple,American,Local,21/08/2026,18000,27000,22500
"Tamil Nadu",Madurai,"Chokkikulam(Uzhavar Sandhai )",Garlic,Garlic,Local,21/08/2026,14000,17000,15500
"Tamil Nadu",Madurai,"Chokkikulam(Uzhavar Sandhai )",Coriander(Leaves),"I Sort",Local,21/08/2026,4000,4500,4250
"Tamil Nadu",Madurai,"Chokkikulam(Uzhavar Sandhai )",Papaya,Papaya,Local,21/08/2026,4000,4500,4250
"Tamil Nadu",Madurai,"Chokkikulam(Uzhavar Sandhai )","Green Chilli","Green Chilly",Local,21/08/2026,4500,4800,4650
"Tamil Nadu",Madurai,"Chokkikulam(Uzhavar Sandhai )",Cucumbar(Kheera),Cucumbar,Local,21/08/2026,5000,6000,5500
"Tamil Nadu",Madurai,"Chokkikulam(Uzhavar Sandhai )",Thondekai,Thondekai,Local,21/08/2026,3600,4500,4050
"Tamil Nadu",Madurai,"Chokkikulam(Uzhavar Sandhai )","Knool Khol","Knool Khol",Local,21/08/2026,4000,5000,4500
Gujarat,Amreli,"The Agricultural Produce Market Committee-Amreli",Wheat,Lokwan,FAQ,21/08/2026,2500,2875,2675
Gujarat,Amreli,"The Agricultural Produce Market Committee-Amreli","Bengal Gram(Gram)(Whole)",Other,FAQ,21/08/2026,4500,6175,6100
Gujarat,Amreli,"The Agricultural Produce Market Committee-Amreli",Soyabean,Soyabeen,FAQ,21/08/2026,5125,6150,6000
"Andhra Pradesh",NTR,"Mylavaram APMC",Cotton,Bunny,Local,21/08/2026,7100,7100,7100
"Andhra Pradesh",Palnadu,"Krosuru APMC",Paddy(Common),"B P T",FAQ,21/08/2026,2200,2600,2400
Telangana,Warangal,"Warangal APMC","Bitter gourd","Bitter Gourd",FAQ,21/08/2026,2000,2500,2250
Telangana,Warangal,"Warangal APMC",Beetroot,Beetroot,FAQ,21/08/2026,2500,3000,2750
Telangana,Warangal,"Warangal APMC",Cucumbar(Kheera),Cucumbar,FAQ,21/08/2026,2500,3000,2750
"Andhra Pradesh",Prakasam,"Kondapi APMC","Bengal Gram(Gram)(Whole)","Average (Whole)",Local,21/08/2026,5500,6000,5700
"Andhra Pradesh",Markapuram,"Cumbum APMC","Bengal Gram(Gram)(Whole)","Desi (Whole)",FAQ,21/08/2026,5700,5900,5800
"Andhra Pradesh","SPSR Nellore","Kavali APMC",Paddy(Common),Other,Local,21/08/2026,2380,2450,2400
Punjab,Fazilka,"Abohar APMC","Green Gram(Moong)(Whole)",Local,Local,21/08/2026,5855,5855,5855
Assam,Nagaon,"Haibargaon APMC",Brinjal,Brinjal,FAQ,21/08/2026,2100,2300,2200
Assam,Nagaon,"Haibargaon APMC","Green Chilli","Green Chilly",FAQ,21/08/2026,3300,3500,3400
Assam,Nagaon,"Haibargaon APMC","Bitter gourd","Bitter Gourd",FAQ,21/08/2026,1950,2150,2050
Uttarakhand,Haridwar,"Roorkee APMC",Onion,Other,Medium,21/08/2026,2000,4000,3000
"Tamil Nadu",Erode,"Thalavadi(Uzhavar Sandhai )","Green Chilli","Green Chilly",Local,21/08/2026,3500,4000,3750
"Tamil Nadu",Erode,"Thalavadi(Uzhavar Sandhai )","Green Avare(W)",Other,Local,21/08/2026,4500,5000,4750
"Tamil Nadu",Erode,"Perundurai(Uzhavar Sandhai )",Banana,"Red Banana",Local,21/08/2026,5500,6000,5750
"Tamil Nadu",Erode,"Perundurai(Uzhavar Sandhai )",Coriander(Leaves),"I Sort",Local,21/08/2026,3800,4200,4000
"Tamil Nadu",Erode,"Perundurai(Uzhavar Sandhai )",Amaranthus,Amaranthus,Local,21/08/2026,3500,4000,3750
"Tamil Nadu",Erode,"Perundurai(Uzhavar Sandhai )","Banana - Green","Banana - Green",Local,21/08/2026,2600,3000,2800
"Tamil Nadu",Erode,"Perundurai(Uzhavar Sandhai )",Beans,"Beans (Whole)",Local,21/08/2026,7600,8000,7800
"Tamil Nadu",Erode,"Perundurai(Uzhavar Sandhai )",Cabbage,Cabbage,Local,21/08/2026,2500,3000,2750
"Tamil Nadu",Erode,"Perundurai(Uzhavar Sandhai )",Beetroot,Beetroot,Local,21/08/2026,6500,7000,6750
"Tamil Nadu",Erode,"Perundurai(Uzhavar Sandhai )",Raddish,Raddish,Local,21/08/2026,2500,2800,2650
"Tamil Nadu",Erode,"Perundurai(Uzhavar Sandhai )","Baby Corn","Baby Corn","Grade A",21/08/2026,2200,2500,2350
"Tamil Nadu",Cuddalore,"Viruthachalam(Uzhavar Sandhai )",Onion,Bellary,Local,21/08/2026,5000,5000,5000
"Tamil Nadu",Cuddalore,"Viruthachalam(Uzhavar Sandhai )",Papaya,Papaya,Local,21/08/2026,4000,4500,4250
"Tamil Nadu",Cuddalore,"Viruthachalam(Uzhavar Sandhai )","Cluster beans","Cluster Beans",Local,21/08/2026,4000,4000,4000
"Tamil Nadu",Cuddalore,"Viruthachalam(Uzhavar Sandhai )","Bhindi(Ladies Finger)",Bhindi,Local,21/08/2026,3000,3000,3000
"Tamil Nadu",Cuddalore,"Viruthachalam(Uzhavar Sandhai )",Amaranthus,Amaranthus,Local,21/08/2026,2000,2500,2250
"Tamil Nadu",Cuddalore,"Viruthachalam(Uzhavar Sandhai )",Cabbage,Cabbage,Local,21/08/2026,4000,4000,4000
"Tamil Nadu",Cuddalore,"Viruthachalam(Uzhavar Sandhai )","Chow Chow","Chow Chow",Local,21/08/2026,4000,4000,4000
"Tamil Nadu",Cuddalore,"Viruthachalam(Uzhavar Sandhai )",Mango(Raw-Ripe),"Mango - Raw-Ripe",Local,21/08/2026,8000,8000,8000
"Tamil Nadu",Cuddalore,"Viruthachalam(Uzhavar Sandhai )","Onion Green","Onion Green",Local,21/08/2026,7000,7000,7000
"Tamil Nadu",Dharmapuri,"Dharmapuri(Uzhavar Sandhai )",Brinjal,Round,Local,21/08/2026,2600,2800,2700
"Tamil Nadu",Dharmapuri,"Dharmapuri(Uzhavar Sandhai )",Tomato,Local,Local,21/08/2026,1800,2000,1900
"Tamil Nadu",Dharmapuri,"Dharmapuri(Uzhavar Sandhai )","Bottle gourd","Bottle Gourd",Local,21/08/2026,1800,2000,1900
"Tamil Nadu",Dharmapuri,"Dharmapuri(Uzhavar Sandhai )",Ashgourd,Gouard,Local,21/08/2026,1500,1600,1550
"Tamil Nadu",Dharmapuri,"Dharmapuri(Uzhavar Sandhai )",Amaranthus,Amaranthus,Local,21/08/2026,2400,2500,2450
"Tamil Nadu",Dharmapuri,"Dharmapuri(Uzhavar Sandhai )",Carrot,Pusakesar,Local,21/08/2026,7000,7400,7200
"Tamil Nadu",Dharmapuri,"Dharmapuri(Uzhavar Sandhai )",Snakeguard,Snakeguard,Local,21/08/2026,2400,2500,2450
"Tamil Nadu",Dharmapuri,"Palacode(Uzhavar Sandhai )",Garlic,Garlic,Local,21/08/2026,15500,16000,15750
"Tamil Nadu",Dharmapuri,"Palacode(Uzhavar Sandhai )",Cauliflower,Ranchi,Local,21/08/2026,2700,3000,2850
"Tamil Nadu",Dharmapuri,"Palacode(Uzhavar Sandhai )",Coriander(Leaves),"I Sort",Local,21/08/2026,4500,5000,4750
"Tamil Nadu",Dharmapuri,"Palacode(Uzhavar Sandhai )",Ashgourd,Gouard,Local,21/08/2026,1400,1600,1500
"Tamil Nadu",Dharmapuri,"Palacode(Uzhavar Sandhai )",Ginger(Green),"Green Ginger",Local,21/08/2026,22500,23000,22750
"Tamil Nadu",Dharmapuri,"Palacode(Uzhavar Sandhai )",Coconut,Coconut,Local,21/08/2026,6000,6500,6250
"Tamil Nadu",Dharmapuri,"Palacode(Uzhavar Sandhai )",Snakeguard,Snakeguard,Local,21/08/2026,2400,2600,2500
"Tamil Nadu",Dharmapuri,"Pennagaram(Uzhavar Sandhai )","Bottle gourd","Bottle Gourd",Local,21/08/2026,2200,2400,2300
"Tamil Nadu",Dharmapuri,"Pennagaram(Uzhavar Sandhai )",Pumpkin,Pumpkin,Local,21/08/2026,1800,2000,1900
"Tamil Nadu",Dharmapuri,"Pennagaram(Uzhavar Sandhai )","Bhindi(Ladies Finger)",Bhindi,Local,21/08/2026,3300,3500,3400
"Tamil Nadu",Dharmapuri,"Pennagaram(Uzhavar Sandhai )",Carrot,Pusakesar,Local,21/08/2026,7500,8000,7750
"Tamil Nadu",Dharmapuri,"Pennagaram(Uzhavar Sandhai )",Ridgeguard(Tori),Ridgeguard(Tori),Local,21/08/2026,3300,3500,3400
"Tamil Nadu",Dharmapuri,"Pennagaram(Uzhavar Sandhai )",Mint(Pudina),Mint(Pudina),Local,21/08/2026,5500,6000,5750
"Tamil Nadu",Dindigul,"Chinnalapatti(Uzhavar Sandhai )",Onion,Bellary,Local,21/08/2026,5000,5500,5250
"Tamil Nadu",Dindigul,"Chinnalapatti(Uzhavar Sandhai )",Coriander(Leaves),"I Sort",Local,21/08/2026,3000,3500,3250
"Tamil Nadu",Dindigul,"Chinnalapatti(Uzhavar Sandhai )",Papaya,Papaya,Local,21/08/2026,4000,4500,4250
"Tamil Nadu",Dindigul,"Chinnalapatti(Uzhavar Sandhai )","Green Chilli","Green Chilly",Local,21/08/2026,5000,6000,5500
"Tamil Nadu",Dindigul,"Chinnalapatti(Uzhavar Sandhai )",Beans,"Beans (Whole)",Local,21/08/2026,8000,10000,9000
"Tamil Nadu",Dindigul,"Chinnalapatti(Uzhavar Sandhai )",Ginger(Green),"Green Ginger",Local,21/08/2026,16000,18000,17000
"Tamil Nadu",Dindigul,"Chinnalapatti(Uzhavar Sandhai )",Cabbage,Cabbage,Local,21/08/2026,3600,4000,3800
"Tamil Nadu",Dindigul,"Chinnalapatti(Uzhavar Sandhai )",Yam(Ratalu),"Yam (Ratalu)",Local,21/08/2026,8000,10000,9000
"Tamil Nadu",Dindigul,"Chinnalapatti(Uzhavar Sandhai )","Onion Green","Onion Green",Local,21/08/2026,5500,6000,5750
"Tamil Nadu",Dindigul,"Dindigul(Uzhavar Sandhai )",Tomato,Other,Local,21/08/2026,1500,1700,1600
"Tamil Nadu",Dindigul,"Dindigul(Uzhavar Sandhai )",Pumpkin,Pumpkin,Local,21/08/2026,1500,2000,1750
"Tamil Nadu",Dindigul,"Dindigul(Uzhavar Sandhai )","Green Avare(W)","Green Avare (W)",Local,21/08/2026,7000,8000,7500
"Tamil Nadu",Erode,"Periyar Nagar(Uzhavar Sandhai )",Banana,Besrai,Local,21/08/2026,2400,2800,2600
"Tamil Nadu",Erode,"Periyar Nagar(Uzhavar Sandhai )",Pumpkin,Pumpkin,Local,21/08/2026,2000,2200,2100
"Tamil Nadu",Erode,"Periyar Nagar(Uzhavar Sandhai )",Amaranthus,Amaranthus,Local,21/08/2026,3000,3500,3250
"Tamil Nadu",Erode,"Periyar Nagar(Uzhavar Sandhai )",Snakeguard,Snakeguard,Local,21/08/2026,4000,4200,4100
"Tamil Nadu",Erode,"Periyar Nagar(Uzhavar Sandhai )",Ridgeguard(Tori),Ridgeguard(Tori),Local,21/08/2026,4000,4200,4100
"Tamil Nadu",Erode,"Periyar Nagar(Uzhavar Sandhai )",Guava,"Guava Allahabad",Local,21/08/2026,4600,5000,4800
"Tamil Nadu",Kallakuruchi,"Sankarapuram(Uzhavar Sandhai )",Coriander(Leaves),"I Sort",Local,21/08/2026,6000,6000,6000
"Tamil Nadu",Kallakuruchi,"Sankarapuram(Uzhavar Sandhai )",Chikoos(Sapota),Sapota,Local,21/08/2026,5000,5000,5000
"Tamil Nadu",Kallakuruchi,"Sankarapuram(Uzhavar Sandhai )","Cluster beans","Cluster Beans",Local,21/08/2026,5000,5000,5000
"Tamil Nadu",Kallakuruchi,"Sankarapuram(Uzhavar Sandhai )","Bitter gourd","Bitter Gourd",Local,21/08/2026,7000,7000,7000
"Tamil Nadu",Kallakuruchi,"Sankarapuram(Uzhavar Sandhai )",Ginger(Green),"Green Ginger",Local,21/08/2026,22000,22000,22000
"Tamil Nadu",Kallakuruchi,"Sankarapuram(Uzhavar Sandhai )","Sweet Potato","Hosur Red",Local,21/08/2026,6000,6000,6000
"Tamil Nadu",Kallakuruchi,"Sankarapuram(Uzhavar Sandhai )",Snakeguard,Snakeguard,Local,21/08/2026,4000,4000,4000
"Tamil Nadu",Kallakuruchi,"Sankarapuram(Uzhavar Sandhai )",Beetroot,Beetroot,Local,21/08/2026,6000,6000,6000
"Tamil Nadu",Kallakuruchi,"Sankarapuram(Uzhavar Sandhai )","Green Avare(W)","Green Avare (W)",Local,21/08/2026,7000,7000,7000
"Tamil Nadu",Kallakuruchi,"Sankarapuram(Uzhavar Sandhai )","Elephant Yam(Suran)/Amorphophallus","Elephant Yam (Suran)",Local,21/08/2026,4000,4000,4000
"Tamil Nadu",Kallakuruchi,"Sankarapuram(Uzhavar Sandhai )","Baby Corn","Baby Corn","Grade A",21/08/2026,3000,3000,3000
"Tamil Nadu",Kancheepuram,"Kancheepuram(Uzhavar Sandhai )",Brinjal,Other,Local,21/08/2026,4000,4500,4250
"Tamil Nadu",Kancheepuram,"Kancheepuram(Uzhavar Sandhai )",Ashgourd,Gouard,Local,21/08/2026,2500,3000,2750
"Tamil Nadu",Kancheepuram,"Kancheepuram(Uzhavar Sandhai )",Amaranthus,Amaranthus,Local,21/08/2026,3000,4000,3500
"Tamil Nadu",Kancheepuram,"Kancheepuram(Uzhavar Sandhai )",Guava,"Guava Allahabad",Local,21/08/2026,4000,5000,4500
"Tamil Nadu",Kancheepuram,"Kundrathur(Uzhavar Sandhai )",Cauliflower,Ranchi,Local,21/08/2026,3000,3500,3250
"Tamil Nadu",Kancheepuram,"Kundrathur(Uzhavar Sandhai )",Raddish,Raddish,Local,21/08/2026,3000,3000,3000
"Tamil Nadu",Kancheepuram,"Kundrathur(Uzhavar Sandhai )","Green Avare(W)","Green Avare (W)",Local,21/08/2026,4500,4500,4500
"Tamil Nadu",Kancheepuram,"Kundrathur(Uzhavar Sandhai )",Pomegranate,Pomogranate,Local,21/08/2026,15000,15000,15000
"Tamil Nadu",Kancheepuram,"Kundrathur(Uzhavar Sandhai )",Colacasia,Colacasia,Local,21/08/2026,3000,3000,3000
"Tamil Nadu",Kancheepuram,"Padappai(Uzhavar Sandhai )",Onion,Bellary,Local,21/08/2026,3300,4500,3900
"Tamil Nadu",Kancheepuram,"Padappai(Uzhavar Sandhai )","Bottle gourd","Bottle Gourd",Local,21/08/2026,2500,3000,2750
"Tamil Nadu",Kancheepuram,"Padappai(Uzhavar Sandhai )",Coconut,Coconut,Local,21/08/2026,5500,6500,6000
"Tamil Nadu",Kancheepuram,"Padappai(Uzhavar Sandhai )",Beetroot,Beetroot,Local,21/08/2026,3000,4000,3500
"Tamil Nadu",Kancheepuram,"Padappai(Uzhavar Sandhai )",Capsicum,Capsicum,Local,21/08/2026,5000,6000,5500
"Tamil Nadu",Kancheepuram,"Padappai(Uzhavar Sandhai )",Drumstick,Drumstick,Local,21/08/2026,3000,4000,3500
"Tamil Nadu",Kancheepuram,"Padappai(Uzhavar Sandhai )","Tender Coconut","Tender Coconut",Local,21/08/2026,2200,2800,2500
"Tamil Nadu",Kancheepuram,"Sunguvarchatram(Uzhavar Sandhai )",Brinjal,Other,Local,21/08/2026,3500,4000,3750
"Tamil Nadu",Kancheepuram,"Sunguvarchatram(Uzhavar Sandhai )","Bottle gourd","Bottle Gourd",Local,21/08/2026,3000,3000,3000
"Tamil Nadu",Kancheepuram,"Sunguvarchatram(Uzhavar Sandhai )","Green Chilli","Green Chilly",Local,21/08/2026,5500,6000,5750
"Tamil Nadu",Kancheepuram,"Sunguvarchatram(Uzhavar Sandhai )",Beans,"Beans (Whole)",Local,21/08/2026,7000,8000,7500
"Tamil Nadu",Kancheepuram,"Sunguvarchatram(Uzhavar Sandhai )",Cabbage,Cabbage,Local,21/08/2026,3000,3000,3000
"Tamil Nadu",Kancheepuram,"Sunguvarchatram(Uzhavar Sandhai )",Snakeguard,Snakeguard,Local,21/08/2026,3500,4000,3750
"Tamil Nadu",Kancheepuram,"Sunguvarchatram(Uzhavar Sandhai )",Cucumbar(Kheera),Cucumbar,Local,21/08/2026,3000,3000,3000
"Tamil Nadu",Krishnagiri,"Avallapalli(Uzhavar Sandhai )",Brinjal,Round,Local,21/08/2026,3500,4000,3750
"Tamil Nadu",Krishnagiri,"Avallapalli(Uzhavar Sandhai )",Coriander(Leaves),"I Sort",Local,21/08/2026,3500,4000,3750
"Tamil Nadu",Krishnagiri,"Avallapalli(Uzhavar Sandhai )","Bitter gourd","Bitter Gourd",Local,21/08/2026,4000,4500,4250
"Tamil Nadu",Krishnagiri,"Avallapalli(Uzhavar Sandhai )","Green Chilli","Green Chilly",Local,21/08/2026,4500,5000,4750
"Tamil Nadu",Krishnagiri,"Avallapalli(Uzhavar Sandhai )",Ridgeguard(Tori),Ridgeguard(Tori),Local,21/08/2026,4000,4500,4250
"Tamil Nadu",Dharmapuri,"Karimangalam(Uzhavar Sandhai)",Brinjal,Other,Local,21/08/2026,2800,3000,2900
"Tamil Nadu",Dharmapuri,"Karimangalam(Uzhavar Sandhai)","Bhindi(Ladies Finger)",Bhindi,Local,21/08/2026,2800,3000,2900
"Tamil Nadu",Dharmapuri,"Karimangalam(Uzhavar Sandhai)","Banana - Green","Banana - Green",Local,21/08/2026,2800,3000,2900
"Tamil Nadu",Dharmapuri,"Karimangalam(Uzhavar Sandhai)",Ginger(Green),"Green Ginger",Local,21/08/2026,20000,21000,20500
"Tamil Nadu",Dharmapuri,"Karimangalam(Uzhavar Sandhai)",Coconut,Coconut,Local,21/08/2026,5500,6000,5750
"Tamil Nadu",Dharmapuri,"Karimangalam(Uzhavar Sandhai)",Carrot,Pusakesar,Local,21/08/2026,7000,7400,7200
"Tamil Nadu",Dharmapuri,"Karimangalam(Uzhavar Sandhai)",Snakeguard,Snakeguard,Local,21/08/2026,2800,3000,2900
"Tamil Nadu",Dharmapuri,"Karimangalam(Uzhavar Sandhai)",Ridgeguard(Tori),Ridgeguard(Tori),Local,21/08/2026,3800,4000,3900
"Tamil Nadu",Dharmapuri,"Karimangalam(Uzhavar Sandhai)","Green Avare(W)",Other,Local,21/08/2026,4500,5000,4750
"Tamil Nadu",Krishnagiri,"Denkanikottai(Uzhavar Sandhai )",Capsicum,Capsicum,Local,21/08/2026,3000,3500,3250
"Tamil Nadu",Krishnagiri,"Denkanikottai(Uzhavar Sandhai )",Drumstick,Drumstick,Local,21/08/2026,3000,4000,3500
"Tamil Nadu",Krishnagiri,"Denkanikottai(Uzhavar Sandhai )","Onion Green","Onion Green",Local,21/08/2026,8000,9000,8500
"Tamil Nadu",Krishnagiri,"Denkanikottai(Uzhavar Sandhai )",Mint(Pudina),Mint(Pudina),Local,21/08/2026,3000,4000,3500
"Tamil Nadu",Krishnagiri,"Hosur(Uzhavar Sandhai )",Groundnut,"Big (With Shell)",Local,21/08/2026,8000,10000,9000
"Tamil Nadu",Krishnagiri,"Hosur(Uzhavar Sandhai )",Orange,Darjeeling,Local,21/08/2026,14000,18000,16000
"Tamil Nadu",Krishnagiri,"Hosur(Uzhavar Sandhai )",Garlic,Garlic,Local,21/08/2026,20000,24000,22000
"Tamil Nadu",Krishnagiri,"Hosur(Uzhavar Sandhai )",Brinjal,Round,Local,21/08/2026,3500,4000,3750
"Tamil Nadu",Krishnagiri,"Hosur(Uzhavar Sandhai )","Water Melon","Water Melon",Local,21/08/2026,2000,2500,2250
"Tamil Nadu",Krishnagiri,"Hosur(Uzhavar Sandhai )","Bottle gourd","Bottle Gourd",Local,21/08/2026,1500,2000,1750
"Tamil Nadu",Krishnagiri,"Hosur(Uzhavar Sandhai )","Betal Leaves",Mysore,Local,21/08/2026,10000,12000,11000
"Tamil Nadu",Krishnagiri,"Hosur(Uzhavar Sandhai )","Sweet Potato","Hosur Red",Local,21/08/2026,3500,4000,3750
"Tamil Nadu",Krishnagiri,"Hosur(Uzhavar Sandhai )",Cucumbar(Kheera),Cucumbar,Local,21/08/2026,3500,4000,3750
"Tamil Nadu",Krishnagiri,"Hosur(Uzhavar Sandhai )","Chow Chow","Chow Chow",Local,21/08/2026,2000,2500,2250
"Tamil Nadu",Krishnagiri,"Hosur(Uzhavar Sandhai )","Jack Fruit(Ripe)","Jack Fruit",Local,21/08/2026,2000,2500,2250
"Tamil Nadu",Krishnagiri,"Hosur(Uzhavar Sandhai )",Guava,"Guava Allahabad",Local,21/08/2026,5500,6000,5750
"Tamil Nadu",Krishnagiri,"Hosur(Uzhavar Sandhai )","Karbuja(Musk Melon)",Karbhuja,Local,21/08/2026,5500,6000,5750
"Tamil Nadu",Krishnagiri,"Hosur(Uzhavar Sandhai )","Tamarind Fruit","Tamarind Fruit",Local,21/08/2026,10000,15000,12500
"Tamil Nadu",Krishnagiri,"Hosur(Uzhavar Sandhai )","Tube Rose(Loose)","Tube Rose (Loose)",Local,21/08/2026,18000,20000,19000
"Tamil Nadu",Krishnagiri,"Krishnagiri(Uzhavar Sandhai )",Groundnut,"Big (With Shell)",Local,21/08/2026,7000,7500,7250
"Tamil Nadu",Krishnagiri,"Krishnagiri(Uzhavar Sandhai )","Bitter gourd","Bitter Gourd",Local,21/08/2026,3500,4000,3750
"Tamil Nadu",Krishnagiri,"Krishnagiri(Uzhavar Sandhai )",Pumpkin,Pumpkin,Local,21/08/2026,1800,2000,1900
"Tamil Nadu",Krishnagiri,"Krishnagiri(Uzhavar Sandhai )","Bhindi(Ladies Finger)",Bhindi,Local,21/08/2026,2500,3000,2750
"Tamil Nadu",Krishnagiri,"Krishnagiri(Uzhavar Sandhai )",Coconut,Coconut,Local,21/08/2026,5500,6000,5750
"Tamil Nadu",Krishnagiri,"Krishnagiri(Uzhavar Sandhai )","Sweet Potato","Hosur Red",Local,21/08/2026,2600,2800,2700
"Tamil Nadu",Madurai,"Anaiyur(Uzhavar Sandhai )","Banana - Green","Banana - Green",Local,21/08/2026,1800,2400,2100
"Tamil Nadu",Madurai,"Anaiyur(Uzhavar Sandhai )",Ginger(Green),"Green Ginger",Local,21/08/2026,12000,20000,16000
"Tamil Nadu",Madurai,"Anaiyur(Uzhavar Sandhai )",Cabbage,Cabbage,Local,21/08/2026,2500,3000,2750
"Tamil Nadu",Madurai,"Anaiyur(Uzhavar Sandhai )",Yam(Ratalu),"Yam (Ratalu)",Local,21/08/2026,8000,9000,8500
"Tamil Nadu",Madurai,"Anaiyur(Uzhavar Sandhai )","Indian Beans(Seam)","Indian Beans (Seam)",Local,21/08/2026,5000,5500,5250
"Tamil Nadu",Madurai,"Anaiyur(Uzhavar Sandhai )",Lemon,Lemon,Local,21/08/2026,15000,17000,16000
"Tamil Nadu",Madurai,"Anaiyur(Uzhavar Sandhai )",Mashrooms,Mashrooms,Local,21/08/2026,20000,25000,22500
"Tamil Nadu",Madurai,"Anaiyur(Uzhavar Sandhai )",Mint(Pudina),Mint(Pudina),Local,21/08/2026,4000,4500,4250
"Tamil Nadu",Madurai,"Usilampatti(Uzhavar Sandhai )","Green Chilli","Green Chilly",Local,21/08/2026,4500,4800,4650
"Tamil Nadu",Madurai,"Usilampatti(Uzhavar Sandhai )",Coconut,Coconut,Local,21/08/2026,6500,6800,6650
"Tamil Nadu",Madurai,"Usilampatti(Uzhavar Sandhai )","Green Avare(W)","Green Avare (W)",Local,21/08/2026,6000,7000,6500
"Tamil Nadu",Madurai,"Usilampatti(Uzhavar Sandhai )",Mint(Pudina),Mint(Pudina),Local,21/08/2026,4000,4500,4250
"Tamil Nadu",Nagapattinam,"Nagapattinam(Uzhavar Sandhai )","Green Chilli","Green Chilly",Local,21/08/2026,3100,4000,3550
"Tamil Nadu",Nagapattinam,"Nagapattinam(Uzhavar Sandhai )","Green Avare(W)","Green Avare (W)",Local,21/08/2026,5900,6500,6200
"Tamil Nadu",Nagapattinam,"Nagapattinam(Uzhavar Sandhai )","Tamarind Fruit","Tamarind Fruit",Local,21/08/2026,11500,13000,12250
"Tamil Nadu",Nagapattinam,"Sirkali(Uzhavar Sandhai )",Groundnut,"Big (With Shell)",Local,21/08/2026,5500,6000,5750
"Tamil Nadu",Nagapattinam,"Sirkali(Uzhavar Sandhai )",Potato,"Red Nanital",Local,21/08/2026,3600,4000,3800
"Tamil Nadu",Nagapattinam,"Sirkali(Uzhavar Sandhai )",Cauliflower,Ranchi,Local,21/08/2026,5000,5000,5000
"Tamil Nadu",Nagapattinam,"Sirkali(Uzhavar Sandhai )",Papaya,Papaya,Local,21/08/2026,2500,3000,2750
"Tamil Nadu",Nagapattinam,"Sirkali(Uzhavar Sandhai )",Ashgourd,Gouard,Local,21/08/2026,2500,3000,2750
"Tamil Nadu",Nagapattinam,"Sirkali(Uzhavar Sandhai )",Amaranthus,Amaranthus,Local,21/08/2026,1500,2000,1750
"Tamil Nadu",Nagapattinam,"Sirkali(Uzhavar Sandhai )","Sweet Potato","Hosur Red",Local,21/08/2026,5500,6000,5750
"Tamil Nadu",Nagapattinam,"Sirkali(Uzhavar Sandhai )",Carrot,Pusakesar,Local,21/08/2026,8500,9000,8750
"Tamil Nadu",Nagapattinam,"Sirkali(Uzhavar Sandhai )",Cucumbar(Kheera),Cucumbar,Local,21/08/2026,2500,3000,2750
"Tamil Nadu",Nagapattinam,"Sirkali(Uzhavar Sandhai )",Mango(Raw-Ripe),"Mango - Raw-Ripe",Local,21/08/2026,5500,6000,5750
"Tamil Nadu",Nagapattinam,"Sirkali(Uzhavar Sandhai )",Guava,"Guava Allahabad",Local,21/08/2026,4000,5000,4500
"Tamil Nadu",Nagapattinam,"Sirkali(Uzhavar Sandhai )","Elephant Yam(Suran)/Amorphophallus","Elephant Yam (Suran)",Local,21/08/2026,6500,7000,6750
"Tamil Nadu",Nagapattinam,"Sirkali(Uzhavar Sandhai )",Yam(Ratalu),"Yam (Ratalu)",Local,21/08/2026,5500,6000,5750
"Tamil Nadu",Nagapattinam,"Sirkali(Uzhavar Sandhai )",Mint(Pudina),Mint(Pudina),Local,21/08/2026,4000,4500,4250
"Tamil Nadu",Namakkal,"Kumarapalayam(Uzhavar Sandhai )",Coriander(Leaves),"I Sort",Local,21/08/2026,7500,8500,8000
"Tamil Nadu",Namakkal,"Kumarapalayam(Uzhavar Sandhai )",Papaya,Papaya,Local,21/08/2026,2500,3000,2750
"Tamil Nadu",Namakkal,"Kumarapalayam(Uzhavar Sandhai )",Tomato,Deshi,Local,21/08/2026,2000,2500,2250
"Tamil Nadu",Namakkal,"Kumarapalayam(Uzhavar Sandhai )",Beans,"Beans (Whole)",Local,21/08/2026,9000,10000,9500
"Tamil Nadu",Namakkal,"Kumarapalayam(Uzhavar Sandhai )",Coconut,Coconut,Local,21/08/2026,5400,5600,5500
"Tamil Nadu",Namakkal,"Kumarapalayam(Uzhavar Sandhai )",Carrot,Pusakesar,Local,21/08/2026,8000,9000,8500
"Tamil Nadu",Namakkal,"Kumarapalayam(Uzhavar Sandhai )",Jasmine,Jasmine,Local,21/08/2026,70000,80000,75000
"Tamil Nadu",Namakkal,"Mohanur(Uzhavar Sandhai )","Bitter gourd","Bitter Gourd",Local,21/08/2026,6400,6800,6600
"Tamil Nadu",Namakkal,"Mohanur(Uzhavar Sandhai )",Ashgourd,Gouard,Local,21/08/2026,2600,3000,2800
"Tamil Nadu",Namakkal,"Mohanur(Uzhavar Sandhai )","Bhindi(Ladies Finger)",Bhindi,Local,21/08/2026,4400,4800,4600
"Tamil Nadu",Namakkal,"Mohanur(Uzhavar Sandhai )",Beans,"Beans (Whole)",Local,21/08/2026,11200,12000,11600
"Tamil Nadu",Namakkal,"Mohanur(Uzhavar Sandhai )",Ridgeguard(Tori),Ridgeguard(Tori),Local,21/08/2026,5500,6000,5750
"Tamil Nadu",Namakkal,"Mohanur(Uzhavar Sandhai )","Chow Chow","Chow Chow",Local,21/08/2026,4000,5000,4500
"Tamil Nadu",Namakkal,"Namakkal(Uzhavar Sandhai )",Banana,"Red Banana",Local,21/08/2026,7000,8000,7500
"Tamil Nadu",Namakkal,"Namakkal(Uzhavar Sandhai )",Onion,Bellary,Local,21/08/2026,5000,5400,5200
"Tamil Nadu",Namakkal,"Namakkal(Uzhavar Sandhai )",Cauliflower,Ranchi,Local,21/08/2026,2500,4000,3250
"Tamil Nadu",Namakkal,"Namakkal(Uzhavar Sandhai )",Papaya,Papaya,Local,21/08/2026,3000,3500,3250
"Tamil Nadu",Namakkal,"Namakkal(Uzhavar Sandhai )","Mousambi(Sweet Lime)",Mousambi,Local,21/08/2026,3000,3500,3250
"Tamil Nadu",Namakkal,"Namakkal(Uzhavar Sandhai )","Green Chilli","Green Chilly",Local,21/08/2026,5000,5800,5400
"Tamil Nadu",Namakkal,"Namakkal(Uzhavar Sandhai )",Thondekai,Thondekai,Local,21/08/2026,4500,5000,4750
"Tamil Nadu",Namakkal,"Namakkal(Uzhavar Sandhai )",Mango(Raw-Ripe),"Mango - Raw-Ripe",Local,21/08/2026,4500,5000,4750
"Tamil Nadu",Namakkal,"Namakkal(Uzhavar Sandhai )",Jasmine,Jasmine,Local,21/08/2026,45000,50000,47500
"Tamil Nadu",Namakkal,"Namakkal(Uzhavar Sandhai )","Onion Green","Onion Green",Local,21/08/2026,4000,7000,5500
"Tamil Nadu",Namakkal,"Namakkal(Uzhavar Sandhai )","Sweet Corn ","Sweet Corn ",Local,21/08/2026,4500,5000,4750
"Tamil Nadu",Namakkal,"Paramathivelur(Uzhavar Sandhai )",Potato,Other,Local,21/08/2026,2400,2800,2600
"Tamil Nadu",Namakkal,"Paramathivelur(Uzhavar Sandhai )",Ginger(Green),"Green Ginger",Local,21/08/2026,18000,20000,19000
"Tamil Nadu",Namakkal,"Paramathivelur(Uzhavar Sandhai )",Coconut,Coconut,Local,21/08/2026,5400,6000,5700
"Tamil Nadu",Namakkal,"Paramathivelur(Uzhavar Sandhai )",Carrot,Pusakesar,Local,21/08/2026,8500,9500,9000
"Tamil Nadu",Namakkal,"Paramathivelur(Uzhavar Sandhai )",Ridgeguard(Tori),Ridgeguard(Tori),Local,21/08/2026,5400,6000,5700
"Tamil Nadu",Namakkal,"Rasipuram(Uzhavar Sandhai )",Banana,"Red Banana",Local,21/08/2026,7000,7500,7250
"Tamil Nadu",Namakkal,"Rasipuram(Uzhavar Sandhai )",Onion,Bellary,Local,21/08/2026,4600,5000,4800
"Tamil Nadu",Namakkal,"Rasipuram(Uzhavar Sandhai )",Brinjal,Other,Local,21/08/2026,6600,7200,6900
"Tamil Nadu",Namakkal,"Rasipuram(Uzhavar Sandhai )",Chikoos(Sapota),Sapota,Local,21/08/2026,4000,4500,4250
"Tamil Nadu",Namakkal,"Rasipuram(Uzhavar Sandhai )",Papaya,Papaya,Local,21/08/2026,3000,3500,3250
"Tamil Nadu",Namakkal,"Rasipuram(Uzhavar Sandhai )","Water Melon","Water Melon",Local,21/08/2026,1500,2000,1750
"Tamil Nadu",Namakkal,"Rasipuram(Uzhavar Sandhai )","Mousambi(Sweet Lime)",Mousambi,Local,21/08/2026,3500,4000,3750
"Tamil Nadu",Namakkal,"Rasipuram(Uzhavar Sandhai )",Amaranthus,Amaranthus,Local,21/08/2026,3500,4000,3750
"Tamil Nadu",Namakkal,"Rasipuram(Uzhavar Sandhai )","Green Chilli","Green Chilly",Local,21/08/2026,5400,6000,5700
"Tamil Nadu",Namakkal,"Rasipuram(Uzhavar Sandhai )","Banana - Green","Banana - Green",Local,21/08/2026,4000,4500,4250
"Tamil Nadu",Namakkal,"Rasipuram(Uzhavar Sandhai )","Tamarind Fruit","Tamarind Fruit",Local,21/08/2026,13000,15000,14000
"Tamil Nadu",Namakkal,"Rasipuram(Uzhavar Sandhai )","Custard Apple(Sharifa)","Custard Apple(Sharifa)",Local,21/08/2026,3500,4000,3750
"Tamil Nadu",Namakkal,"Rasipuram(Uzhavar Sandhai )","Amla(Nelli Kai)",Amla,Local,21/08/2026,8500,9000,8750
"Tamil Nadu",Namakkal,"Rasipuram(Uzhavar Sandhai )","Onion Green","Onion Green",Local,21/08/2026,5500,7500,6500
"Tamil Nadu",Namakkal,"Rasipuram(Uzhavar Sandhai )","Baby Corn","Baby Corn","Grade A",21/08/2026,2000,2500,2250
"Tamil Nadu",Madurai,"Palanganatham(Uzhavar Sandhai )",Orange,Darjeeling,Local,21/08/2026,14000,16000,15000
"Tamil Nadu",Madurai,"Palanganatham(Uzhavar Sandhai )",Grapes,Annabesahai,Local,21/08/2026,11000,12000,11500
"Tamil Nadu",Madurai,"Palanganatham(Uzhavar Sandhai )","Green Peas","Green Peas",Local,21/08/2026,18000,20000,19000
"Tamil Nadu",Madurai,"Palanganatham(Uzhavar Sandhai )",Tomato,Deshi,Local,21/08/2026,1800,2000,1900
"Tamil Nadu",Madurai,"Palanganatham(Uzhavar Sandhai )",Thondekai,Thondekai,Local,21/08/2026,3600,4500,4050
"Tamil Nadu",Madurai,"Palanganatham(Uzhavar Sandhai )",Drumstick,Drumstick,Local,21/08/2026,4000,5000,4500
"Tamil Nadu",Madurai,"Palanganatham(Uzhavar Sandhai )","Elephant Yam(Suran)/Amorphophallus","Elephant Yam (Suran)",Local,21/08/2026,4500,5000,4750
"Tamil Nadu",Madurai,"Palanganatham(Uzhavar Sandhai )",Yam(Ratalu),"Yam (Ratalu)",Local,21/08/2026,8000,9000,8500
"Tamil Nadu",Madurai,"Palanganatham(Uzhavar Sandhai )",Mashrooms,Mashrooms,Local,21/08/2026,22500,25000,23750
"Tamil Nadu",Madurai,"Anna nagar(Uzhavar Sandhai )",Banana,"Red Banana",Local,21/08/2026,8000,9000,8500
"Tamil Nadu",Madurai,"Anna nagar(Uzhavar Sandhai )",Cauliflower,Ranchi,Local,21/08/2026,4000,4000,4000
"Tamil Nadu",Madurai,"Anna nagar(Uzhavar Sandhai )","Mousambi(Sweet Lime)",Mousambi,Local,21/08/2026,6500,6500,6500
"Tamil Nadu",Madurai,"Anna nagar(Uzhavar Sandhai )",Tomato,Other,Local,21/08/2026,2400,2400,2400
"Tamil Nadu",Madurai,"Anna nagar(Uzhavar Sandhai )","Bottle gourd","Bottle Gourd",Local,21/08/2026,2600,2600,2600
"Tamil Nadu",Madurai,"Anna nagar(Uzhavar Sandhai )",Ashgourd,Gouard,Local,21/08/2026,1800,1800,1800
"Tamil Nadu",Madurai,"Anna nagar(Uzhavar Sandhai )",Amaranthus,Amaranthus,Local,21/08/2026,2000,2000,2000
"Tamil Nadu",Madurai,"Anna nagar(Uzhavar Sandhai )",Ginger(Green),"Green Ginger",Local,21/08/2026,18000,18000,18000
"Tamil Nadu",Madurai,"Anna nagar(Uzhavar Sandhai )","Sweet Potato","Hosur Red",Local,21/08/2026,5600,5600,5600
"Tamil Nadu",Madurai,"Anna nagar(Uzhavar Sandhai )",Cucumbar(Kheera),Cucumbar,Local,21/08/2026,5000,5000,5000
"Tamil Nadu",Madurai,"Anna nagar(Uzhavar Sandhai )",Ridgeguard(Tori),Ridgeguard(Tori),Local,21/08/2026,5600,5600,5600
"Tamil Nadu",Madurai,"Anna nagar(Uzhavar Sandhai )","Green Avare(W)",Other,Local,21/08/2026,7800,7800,7800
"Tamil Nadu",Madurai,"Anna nagar(Uzhavar Sandhai )","Chow Chow","Chow Chow",Local,21/08/2026,4000,4000,4000
"Tamil Nadu",Madurai,"Anna nagar(Uzhavar Sandhai )",Lemon,Lemon,Local,21/08/2026,13000,13000,13000
"Tamil Nadu",Madurai,"Anna nagar(Uzhavar Sandhai )",Mint(Pudina),Mint(Pudina),Local,21/08/2026,5200,5200,5200
"Tamil Nadu",Perambalur,"Perambalur(Uzhavar Sandhai )",Potato,Other,Local,21/08/2026,2800,3000,2900
"Tamil Nadu",Perambalur,"Perambalur(Uzhavar Sandhai )",Cauliflower,Ranchi,Local,21/08/2026,4000,5000,4500
"Tamil Nadu",Perambalur,"Perambalur(Uzhavar Sandhai )",Brinjal,Other,Local,21/08/2026,3800,4000,3900
"Tamil Nadu",Perambalur,"Perambalur(Uzhavar Sandhai )","Cluster beans","Cluster Beans",Local,21/08/2026,5000,5000,5000
"Tamil Nadu",Perambalur,"Perambalur(Uzhavar Sandhai )",Cowpea(Veg),"Cowpea (Veg)",Local,21/08/2026,5000,5000,5000
"Tamil Nadu",Perambalur,"Perambalur(Uzhavar Sandhai )","Banana - Green","Banana - Green",Local,21/08/2026,3000,4000,3500
"Tamil Nadu",Perambalur,"Perambalur(Uzhavar Sandhai )",Ginger(Green),"Green Ginger",Local,21/08/2026,14000,17500,15750
"Tamil Nadu",Perambalur,"Perambalur(Uzhavar Sandhai )",Snakeguard,Snakeguard,Local,21/08/2026,3000,3000,3000
"Tamil Nadu",Perambalur,"Perambalur(Uzhavar Sandhai )",Raddish,Raddish,Local,21/08/2026,2800,3200,3000
"Tamil Nadu",Perambalur,"Perambalur(Uzhavar Sandhai )","Chow Chow","Chow Chow",Local,21/08/2026,4200,4400,4300
"Tamil Nadu",Perambalur,"Perambalur(Uzhavar Sandhai )",Drumstick,Drumstick,Local,21/08/2026,3600,4000,3800
"Tamil Nadu",Perambalur,"Perambalur(Uzhavar Sandhai )","Tender Coconut","Tender Coconut",Local,21/08/2026,3000,4000,3500
"Tamil Nadu",Perambalur,"Perambalur(Uzhavar Sandhai )","Indian Beans(Seam)","Indian Beans (Seam)",Local,21/08/2026,8000,8000,8000
"Tamil Nadu",Salem,"Mecheri(Uzhavar Sandhai)",Tomato,Deshi,Local,21/08/2026,1500,1800,1650
"Tamil Nadu",Salem,"Mecheri(Uzhavar Sandhai)","Bottle gourd","Bottle Gourd",Local,21/08/2026,2000,2500,2250
"Tamil Nadu",Salem,"Mecheri(Uzhavar Sandhai)",Pumpkin,Pumpkin,Local,21/08/2026,2000,2500,2250
"Tamil Nadu",Salem,"Mecheri(Uzhavar Sandhai)","Green Chilli","Green Chilly",Local,21/08/2026,4500,5000,4750
"Tamil Nadu",Salem,"Mecheri(Uzhavar Sandhai)",Ridgeguard(Tori),Ridgeguard(Tori),Local,21/08/2026,3500,4000,3750
"Tamil Nadu",Salem,"Mecheri(Uzhavar Sandhai)",Drumstick,Drumstick,Local,21/08/2026,2000,3000,2500
"Tamil Nadu",Salem,"Ammapet(Uzhavar Sandhai )","Cluster beans","Cluster Beans",Local,21/08/2026,3200,3500,3350
"Tamil Nadu",Salem,"Ammapet(Uzhavar Sandhai )","Bhindi(Ladies Finger)",Bhindi,Local,21/08/2026,3200,3500,3350
"Tamil Nadu",Salem,"Ammapet(Uzhavar Sandhai )",Amaranthus,Amaranthus,Local,21/08/2026,2400,2800,2600
"Tamil Nadu",Salem,"Ammapet(Uzhavar Sandhai )",Beans,"Beans (Whole)",Local,21/08/2026,8000,8800,8400
"Tamil Nadu",Salem,"Ammapet(Uzhavar Sandhai )",Coconut,Coconut,Local,21/08/2026,6000,6500,6250
"Tamil Nadu",Salem,"Ammapet(Uzhavar Sandhai )",Carrot,Pusakesar,Local,21/08/2026,8000,8500,8250
"Tamil Nadu",Salem,"Ammapet(Uzhavar Sandhai )","Tender Coconut","Tender Coconut",Local,21/08/2026,2000,4000,3000
"Tamil Nadu",Salem,"Ammapet(Uzhavar Sandhai )",Lemon,Lemon,Local,21/08/2026,4000,5000,4500
"Tamil Nadu",Salem,"Ammapet(Uzhavar Sandhai )",Mashrooms,Mashrooms,Local,21/08/2026,19000,20000,19500
"Tamil Nadu",Salem,"Ammapet(Uzhavar Sandhai )","Baby Corn","Baby Corn","Grade A",21/08/2026,2800,3000,2900
"Tamil Nadu",Salem,"Ammapet(Uzhavar Sandhai )","Sweet Corn ","Sweet Corn ",Local,21/08/2026,3200,3500,3350
"Tamil Nadu",Salem,"Mettur(Uzhavar Sandhai )",Onion,Bellary,Local,21/08/2026,4500,5500,5000
"Tamil Nadu",Salem,"Mettur(Uzhavar Sandhai )",Potato,Other,Local,21/08/2026,3500,4000,3750
"Tamil Nadu",Salem,"Mettur(Uzhavar Sandhai )","Water Melon","Water Melon",Local,21/08/2026,1500,2000,1750
"Tamil Nadu",Salem,"Mettur(Uzhavar Sandhai )","Bottle gourd","Bottle Gourd",Local,21/08/2026,1500,2000,1750
"Tamil Nadu",Salem,"Mettur(Uzhavar Sandhai )",Ashgourd,Gouard,Local,21/08/2026,2000,2500,2250
"Tamil Nadu",Salem,"Mettur(Uzhavar Sandhai )",Amaranthus,Amaranthus,Local,21/08/2026,2000,2500,2250
"Tamil Nadu",Salem,"Mettur(Uzhavar Sandhai )",Drumstick,Drumstick,Local,21/08/2026,2500,3000,2750
"Tamil Nadu",Salem,"Sooramangalam(Uzhavar Sandhai )",Potato,Other,Local,21/08/2026,6000,6500,6250
"Tamil Nadu",Salem,"Sooramangalam(Uzhavar Sandhai )",Brinjal,Other,Local,21/08/2026,3400,3600,3500
"Tamil Nadu",Salem,"Sooramangalam(Uzhavar Sandhai )","Bitter gourd",Other,Local,21/08/2026,5000,5500,5250
"Tamil Nadu",Salem,"Sooramangalam(Uzhavar Sandhai )","Bhindi(Ladies Finger)",Bhindi,Local,21/08/2026,3000,3400,3200
"Tamil Nadu",Salem,"Sooramangalam(Uzhavar Sandhai )","Banana - Green","Banana - Green",Local,21/08/2026,2000,2400,2200
"Tamil Nadu",Salem,"Sooramangalam(Uzhavar Sandhai )",Coconut,Coconut,Local,21/08/2026,6000,6500,6250
"Tamil Nadu",Salem,"Sooramangalam(Uzhavar Sandhai )",Guava,"Guava Allahabad",Local,21/08/2026,5000,6000,5500
"Tamil Nadu",Salem,"Sooramangalam(Uzhavar Sandhai )",Mint(Pudina),Mint(Pudina),Local,21/08/2026,3000,3200,3100
"Tamil Nadu",Salem,"Thammampatti (Uzhavar Sandhai )",Onion,Bellary,Local,21/08/2026,4800,5600,5200
"Tamil Nadu",Salem,"Thammampatti (Uzhavar Sandhai )",Potato,Other,Local,21/08/2026,2800,3000,2900
"Tamil Nadu",Salem,"Thammampatti (Uzhavar Sandhai )","Bottle gourd","Bottle Gourd",Local,21/08/2026,2000,2800,2400
"Tamil Nadu",Salem,"Thammampatti (Uzhavar Sandhai )","Green Chilli","Green Chilly",Local,21/08/2026,4500,5000,4750
"Tamil Nadu",Salem,"Thammampatti (Uzhavar Sandhai )",Carrot,Pusakesar,Local,21/08/2026,7500,8000,7750
"Tamil Nadu",Salem,"Thammampatti (Uzhavar Sandhai )",Cabbage,Cabbage,Local,21/08/2026,3500,4000,3750
"Tamil Nadu",Salem,"Thammampatti (Uzhavar Sandhai )",Ridgeguard(Tori),Ridgeguard(Tori),Local,21/08/2026,4500,5000,4750
"Tamil Nadu",Salem,"Thammampatti (Uzhavar Sandhai )","Elephant Yam(Suran)/Amorphophallus","Elephant Yam (Suran)",Local,21/08/2026,2000,2500,2250
"Tamil Nadu",Salem,"Thammampatti (Uzhavar Sandhai )","Amla(Nelli Kai)",Amla,Local,21/08/2026,6000,7000,6500
"Tamil Nadu",Salem,"Thathakapatti(Uzhavar Sandhai )",Banana,Besrai,Local,21/08/2026,4000,8000,6000
"Tamil Nadu",Salem,"Thathakapatti(Uzhavar Sandhai )",Coriander(Leaves),"I Sort",Local,21/08/2026,3500,4000,3750
"Tamil Nadu",Salem,"Thathakapatti(Uzhavar Sandhai )","Green Peas","Green Peas",Local,21/08/2026,17000,17400,17200
"Tamil Nadu",Salem,"Thathakapatti(Uzhavar Sandhai )","Bitter gourd","Bitter Gourd",Local,21/08/2026,5600,6000,5800
"Tamil Nadu",Salem,"Thathakapatti(Uzhavar Sandhai )","Bottle gourd","Bottle Gourd",Local,21/08/2026,2500,3000,2750
"Tamil Nadu",Salem,"Thathakapatti(Uzhavar Sandhai )",Ashgourd,Gouard,Local,21/08/2026,1800,2000,1900
"Tamil Nadu",Salem,"Thathakapatti(Uzhavar Sandhai )",Coconut,Coconut,Local,21/08/2026,6000,6500,6250
"Tamil Nadu",Salem,"Thathakapatti(Uzhavar Sandhai )",Ridgeguard(Tori),Ridgeguard(Tori),Local,21/08/2026,3500,4000,3750
"Tamil Nadu",Salem,"Thathakapatti(Uzhavar Sandhai )",Capsicum,Capsicum,Local,21/08/2026,5000,5500,5250
"Tamil Nadu",Salem,"Thathakapatti(Uzhavar Sandhai )","Green Avare(W)","Green Avare (W)",Local,21/08/2026,6000,7500,6750
"Tamil Nadu",Salem,"Thathakapatti(Uzhavar Sandhai )","Chow Chow","Chow Chow",Local,21/08/2026,3500,3800,3650
"Tamil Nadu",Salem,"Thathakapatti(Uzhavar Sandhai )",Lime,Lime,Local,21/08/2026,3500,4000,3750
"Tamil Nadu",Salem,"Thathakapatti(Uzhavar Sandhai )","Tamarind Fruit","Tamarind Fruit",Local,21/08/2026,14000,15000,14500
"Tamil Nadu",Salem,"Thathakapatti(Uzhavar Sandhai )","Indian Beans(Seam)","Indian Beans (Seam)",Local,21/08/2026,5500,6000,5750
"Tamil Nadu",Salem,"Thathakapatti(Uzhavar Sandhai )","Custard Apple(Sharifa)","Custard Apple(Sharifa)",Local,21/08/2026,4000,5000,4500
"Tamil Nadu",Salem,"Thathakapatti(Uzhavar Sandhai )","Onion Green","Onion Green",Local,21/08/2026,6000,6500,6250
"Tamil Nadu",Salem,"Thathakapatti(Uzhavar Sandhai )",Mint(Pudina),Mint(Pudina),Local,21/08/2026,2500,3000,2750
"Tamil Nadu",Pudukkottai,"Pudukottai(Uzhavar Sandhai )",Groundnut,"Big (With Shell)",Local,21/08/2026,5500,6000,5750
"Tamil Nadu",Pudukkottai,"Pudukottai(Uzhavar Sandhai )",Coriander(Leaves),"I Sort",Local,21/08/2026,4500,5000,4750
"Tamil Nadu",Pudukkottai,"Pudukottai(Uzhavar Sandhai )","Bottle gourd","Bottle Gourd",Local,21/08/2026,2500,3000,2750
"Tamil Nadu",Pudukkottai,"Pudukottai(Uzhavar Sandhai )",Pumpkin,Pumpkin,Local,21/08/2026,1000,1500,1250
"Tamil Nadu",Pudukkottai,"Pudukottai(Uzhavar Sandhai )","Bhindi(Ladies Finger)",Bhindi,Local,21/08/2026,4000,4500,4250
"Tamil Nadu",Pudukkottai,"Pudukottai(Uzhavar Sandhai )",Amaranthus,Amaranthus,Local,21/08/2026,1500,2000,1750
"Tamil Nadu",Pudukkottai,"Pudukottai(Uzhavar Sandhai )",Cowpea(Veg),"Cowpea (Veg)",Local,21/08/2026,1500,2000,1750
"Tamil Nadu",Pudukkottai,"Pudukottai(Uzhavar Sandhai )","Banana - Green","Banana - Green",Local,21/08/2026,2500,3000,2750
"Tamil Nadu",Pudukkottai,"Pudukottai(Uzhavar Sandhai )","Green Avare(W)","Green Avare (W)",Local,21/08/2026,7000,8000,7500
"Tamil Nadu",Pudukkottai,"Pudukottai(Uzhavar Sandhai )",Mango(Raw-Ripe),"Mango - Raw-Ripe",Local,21/08/2026,9000,10000,9500
"Tamil Nadu",Pudukkottai,"Pudukottai(Uzhavar Sandhai )","Knool Khol","Knool Khol",Local,21/08/2026,4000,4500,4250
"Tamil Nadu",Pudukkottai,"Pudukottai(Uzhavar Sandhai )",Lime,Lime,Local,21/08/2026,1500,2000,1750
"Tamil Nadu",Pudukkottai,"Pudukottai(Uzhavar Sandhai )",Yam(Ratalu),"Yam (Ratalu)",Local,21/08/2026,8000,9000,8500
"Tamil Nadu",Pudukkottai,"Pudukottai(Uzhavar Sandhai )","Onion Green","Onion Green",Local,21/08/2026,7000,8000,7500
"Tamil Nadu",Pudukkottai,"Pudukottai(Uzhavar Sandhai )",Mint(Pudina),Mint(Pudina),Local,21/08/2026,4500,5000,4750
"Tamil Nadu","The Nilgiris","Udhagamandalam(Uzhavar Sandhai )",Tomato,Deshi,Local,21/08/2026,2000,2300,2150
"Tamil Nadu","The Nilgiris","Udhagamandalam(Uzhavar Sandhai )","Bottle gourd","Bottle Gourd",Local,21/08/2026,2500,2800,2650
"Tamil Nadu","The Nilgiris","Udhagamandalam(Uzhavar Sandhai )",Beans,"Beans (Whole)",Local,21/08/2026,6500,7000,6750
"Tamil Nadu","The Nilgiris","Udhagamandalam(Uzhavar Sandhai )",Ginger(Green),"Green Ginger",Local,21/08/2026,15000,16000,15500
"Tamil Nadu","The Nilgiris","Udhagamandalam(Uzhavar Sandhai )",Cabbage,Cabbage,Local,21/08/2026,2000,2500,2250
"Tamil Nadu","The Nilgiris","Udhagamandalam(Uzhavar Sandhai )",Beetroot,Beetroot,Local,21/08/2026,4500,5000,4750
"Tamil Nadu","The Nilgiris","Udhagamandalam(Uzhavar Sandhai )","Chow Chow","Chow Chow",Local,21/08/2026,2000,2500,2250
"Tamil Nadu","The Nilgiris","Udhagamandalam(Uzhavar Sandhai )",Mango(Raw-Ripe),"Mango - Raw-Ripe",Local,21/08/2026,10000,11000,10500
"Tamil Nadu","The Nilgiris","Udhagamandalam(Uzhavar Sandhai )","Knool Khol","Knool Khol",Local,21/08/2026,4000,4500,4250
"Tamil Nadu",Theni,"Andipatti(Uzhavar Sandhai )",Soyabean,Local,Local,21/08/2026,9000,9500,9250
"Tamil Nadu",Theni,"Andipatti(Uzhavar Sandhai )","Bhindi(Ladies Finger)",Bhindi,Local,21/08/2026,4600,4800,4700
"Tamil Nadu",Theni,"Andipatti(Uzhavar Sandhai )","Green Chilli","Green Chilly",Local,21/08/2026,4500,5000,4750
"Tamil Nadu",Theni,"Andipatti(Uzhavar Sandhai )","Banana - Green","Banana - Green",Local,21/08/2026,3000,3500,3250
"Tamil Nadu",Theni,"Andipatti(Uzhavar Sandhai )","Chow Chow","Chow Chow",Local,21/08/2026,2600,2800,2700
"Tamil Nadu",Theni,"Andipatti(Uzhavar Sandhai )",Lemon,Lemon,Local,21/08/2026,11000,11500,11250
"Tamil Nadu",Theni,"Andipatti(Uzhavar Sandhai )","Onion Green","Onion Green",Local,21/08/2026,6500,7000,6750
"Tamil Nadu",Theni,"Andipatti(Uzhavar Sandhai )",Mint(Pudina),Mint(Pudina),Local,21/08/2026,4500,4500,4500
"Tamil Nadu",Theni,"Bodinayakanur(Uzhavar Sandhai )",Coriander(Leaves),"I Sort",Local,21/08/2026,3200,3200,3200
"Tamil Nadu",Theni,"Bodinayakanur(Uzhavar Sandhai )",Tomato,Deshi,Local,21/08/2026,1800,1800,1800
"Tamil Nadu",Theni,"Bodinayakanur(Uzhavar Sandhai )",Ashgourd,Gouard,Local,21/08/2026,1500,1500,1500
"Tamil Nadu",Theni,"Bodinayakanur(Uzhavar Sandhai )",Coconut,Coconut,Local,21/08/2026,6000,6000,6000
"Tamil Nadu",Theni,"Bodinayakanur(Uzhavar Sandhai )","Chow Chow","Chow Chow",Local,21/08/2026,2800,2800,2800
"Tamil Nadu",Theni,"Bodinayakanur(Uzhavar Sandhai )",Drumstick,Drumstick,Local,21/08/2026,2200,2200,2200
"Tamil Nadu",Theni,"Chinnamanur(Uzhavar Sandhai )",Brinjal,Other,Local,21/08/2026,3400,3600,3500
"Tamil Nadu",Theni,"Chinnamanur(Uzhavar Sandhai )","Banana - Green","Banana - Green",Local,21/08/2026,3600,3600,3600
"Tamil Nadu",Theni,"Chinnamanur(Uzhavar Sandhai )",Snakeguard,Snakeguard,Local,21/08/2026,3600,3600,3600
"Tamil Nadu",Theni,"Chinnamanur(Uzhavar Sandhai )",Lime,Lime,Local,21/08/2026,11000,12000,11500
"Tamil Nadu",Theni,"Kambam(Uzhavar Sandhai )",Mango,Safeda,Local,21/08/2026,7000,8000,7500
"Tamil Nadu",Theni,"Kambam(Uzhavar Sandhai )",Brinjal,Round,Local,21/08/2026,3000,3600,3300
"Tamil Nadu",Theni,"Kambam(Uzhavar Sandhai )",Papaya,Papaya,Local,21/08/2026,3000,3000,3000
"Tamil Nadu",Theni,"Kambam(Uzhavar Sandhai )","Cluster beans","Cluster Beans",Local,21/08/2026,3000,3500,3250
"Tamil Nadu",Theni,"Kambam(Uzhavar Sandhai )",Ashgourd,Gouard,Local,21/08/2026,1500,1500,1500
"Tamil Nadu",Theni,"Kambam(Uzhavar Sandhai )","Bhindi(Ladies Finger)",Bhindi,Local,21/08/2026,4800,5000,4900
"Tamil Nadu",Theni,"Kambam(Uzhavar Sandhai )","Banana - Green","Banana - Green",Local,21/08/2026,3000,3500,3250
"Tamil Nadu",Theni,"Kambam(Uzhavar Sandhai )","Betal Leaves",Mysore,Local,21/08/2026,23000,23000,23000
"Tamil Nadu",Theni,"Kambam(Uzhavar Sandhai )",Ridgeguard(Tori),Ridgeguard(Tori),Local,21/08/2026,4000,4600,4300
"Tamil Nadu",Theni,"Kambam(Uzhavar Sandhai )",Drumstick,Drumstick,Local,21/08/2026,2500,3000,2750
"Tamil Nadu",Theni,"Theni(Uzhavar Sandhai )",Orange,Darjeeling,Local,21/08/2026,16000,16000,16000
"Tamil Nadu",Theni,"Theni(Uzhavar Sandhai )",Banana,"Red Banana",Local,21/08/2026,6000,7000,6500
"Tamil Nadu",Theni,"Theni(Uzhavar Sandhai )",Mango,Neelam,Local,21/08/2026,5000,5000,5000
"Tamil Nadu",Theni,"Theni(Uzhavar Sandhai )","Bitter gourd",Other,Local,21/08/2026,4800,4800,4800
"Tamil Nadu",Theni,"Theni(Uzhavar Sandhai )",Pumpkin,Pumpkin,Local,21/08/2026,1500,1800,1650
"Tamil Nadu",Theni,"Theni(Uzhavar Sandhai )",Ginger(Green),"Green Ginger",Local,21/08/2026,9000,16000,12500
"Tamil Nadu",Theni,"Theni(Uzhavar Sandhai )",Snakeguard,Snakeguard,Local,21/08/2026,3500,3500,3500
"Tamil Nadu",Theni,"Theni(Uzhavar Sandhai )","Chow Chow","Chow Chow",Local,21/08/2026,2800,2800,2800
"Tamil Nadu",Theni,"Theni(Uzhavar Sandhai )",Pomegranate,Pomogranate,Local,21/08/2026,14000,26000,20000
"Tamil Nadu",Theni,"Theni(Uzhavar Sandhai )","Amla(Nelli Kai)",Amla,Local,21/08/2026,6000,6000,6000
"Tamil Nadu",Theni,"Theni(Uzhavar Sandhai )","Sweet Corn ","Sweet Corn ",Local,21/08/2026,5000,5000,5000
"Tamil Nadu",Thirunelveli,"Kandiyaperi(Uzhavar Sandhai )",Tomato,Other,Local,21/08/2026,1800,2300,2050
"Tamil Nadu",Thirunelveli,"Kandiyaperi(Uzhavar Sandhai )",Amaranthus,Amaranthus,Local,21/08/2026,1200,1500,1350
"Tamil Nadu",Thirunelveli,"Kandiyaperi(Uzhavar Sandhai )",Coconut,Coconut,Local,21/08/2026,6000,6200,6100
"Tamil Nadu",Thirunelveli,"Melapalayam(Uzhavar Sandhai )",Brinjal,Other,Local,21/08/2026,2500,3000,2750
"Tamil Nadu",Thirunelveli,"Melapalayam(Uzhavar Sandhai )",Ashgourd,Gouard,Local,21/08/2026,1000,1200,1100
"Tamil Nadu",Thirunelveli,"Melapalayam(Uzhavar Sandhai )",Amaranthus,Amaranthus,Local,21/08/2026,1200,1500,1350
"Tamil Nadu",Thirunelveli,"Melapalayam(Uzhavar Sandhai )","Banana - Green","Banana - Green",Local,21/08/2026,2500,3000,2750
"Tamil Nadu",Thirunelveli,"Melapalayam(Uzhavar Sandhai )","Chow Chow","Chow Chow",Local,21/08/2026,3200,3600,3400
"Tamil Nadu",Thirunelveli,"Melapalayam(Uzhavar Sandhai )",Lemon,Lemon,Local,21/08/2026,11000,12000,11500
"Tamil Nadu",Thirunelveli,"Melapalayam(Uzhavar Sandhai )","Amla(Nelli Kai)",Amla,Local,21/08/2026,4500,5500,5000
"Tamil Nadu",Thirunelveli,"Melapalayam(Uzhavar Sandhai )",Mint(Pudina),Mint(Pudina),Local,21/08/2026,5000,5500,5250
"Tamil Nadu",Thirunelveli,"Palayamkottai(Uzhavar Sandhai )",Brinjal,Other,Local,21/08/2026,2500,3000,2750
"Tamil Nadu",Thirunelveli,"Palayamkottai(Uzhavar Sandhai )","Bitter gourd","Bitter Gourd",Local,21/08/2026,4500,6000,5250
"Tamil Nadu",Thirunelveli,"Palayamkottai(Uzhavar Sandhai )",Ashgourd,Gouard,Local,21/08/2026,1000,1200,1100
"Tamil Nadu",Thirunelveli,"Palayamkottai(Uzhavar Sandhai )",Amaranthus,Amaranthus,Local,21/08/2026,1200,1500,1350
"Tamil Nadu",Thirunelveli,"Palayamkottai(Uzhavar Sandhai )",Cowpea(Veg),"Cowpea (Veg)",Local,21/08/2026,2600,2800,2700
"Tamil Nadu",Thirunelveli,"Palayamkottai(Uzhavar Sandhai )",Ridgeguard(Tori),Ridgeguard(Tori),Local,21/08/2026,3500,4000,3750
"Tamil Nadu",Thirunelveli,"Palayamkottai(Uzhavar Sandhai )",Drumstick,Drumstick,Local,21/08/2026,2800,3000,2900
"Tamil Nadu",Thirunelveli,"Palayamkottai(Uzhavar Sandhai )",Mango(Raw-Ripe),"Mango - Raw-Ripe",Local,21/08/2026,6000,8000,7000
"Tamil Nadu",Thirunelveli,"Palayamkottai(Uzhavar Sandhai )",Lime,Lime,Local,21/08/2026,12000,16000,14000
"Tamil Nadu",Thirunelveli,"Palayamkottai(Uzhavar Sandhai )",Guava,"Guava Allahabad",Local,21/08/2026,6000,8000,7000
"Tamil Nadu",Thirunelveli,"Palayamkottai(Uzhavar Sandhai )","Elephant Yam(Suran)/Amorphophallus","Elephant Yam (Suran)",Local,21/08/2026,4000,4500,4250
"Tamil Nadu",Thirunelveli,"Palayamkottai(Uzhavar Sandhai )","Amla(Nelli Kai)",Amla,Local,21/08/2026,5000,5500,5250
"Tamil Nadu",Thirunelveli,"Palayamkottai(Uzhavar Sandhai )","Onion Green","Onion Green",Local,21/08/2026,6000,7500,6750
"Tamil Nadu",Thirupur,"Kangayam(Uzhavar Sandhai )",Onion,Bellary,Local,21/08/2026,4000,4500,4250
"Tamil Nadu",Thirupur,"Kangayam(Uzhavar Sandhai )","Cluster beans","Cluster Beans",Local,21/08/2026,4000,4500,4250
"Tamil Nadu",Thirupur,"Kangayam(Uzhavar Sandhai )",Ridgeguard(Tori),Ridgeguard(Tori),Local,21/08/2026,5500,6000,5750
"Tamil Nadu",Thirupur,"Kangayam(Uzhavar Sandhai )","Tender Coconut","Tender Coconut",Local,21/08/2026,2500,3000,2750
"Tamil Nadu",Thirupur,"Kangayam(Uzhavar Sandhai )","Onion Green","Onion Green",Local,21/08/2026,6500,7000,6750
"Tamil Nadu",Thirupur,"Tiruppur (North) (Uzhavar Sandhai )","Banana - Green","Banana - Green",Local,21/08/2026,2500,3000,2750
"Tamil Nadu",Thirupur,"Tiruppur (North) (Uzhavar Sandhai )",Ginger(Green),"Green Ginger",Local,21/08/2026,17000,18000,17500
"Tamil Nadu",Thirupur,"Tiruppur (North) (Uzhavar Sandhai )",Snakeguard,Snakeguard,Local,21/08/2026,3000,4000,3500
"Tamil Nadu",Thirupur,"Tiruppur (North) (Uzhavar Sandhai )",Beetroot,Beetroot,Local,21/08/2026,5000,6000,5500
"Tamil Nadu",Thirupur,"Tiruppur (North) (Uzhavar Sandhai )",Raddish,Raddish,Local,21/08/2026,3000,3500,3250
"Tamil Nadu",Thirupur,"Tiruppur (North) (Uzhavar Sandhai )","Chow Chow","Chow Chow",Local,21/08/2026,2000,3000,2500
"Tamil Nadu",Thiruvannamalai,"Chengam(Uzhavar Sandhai )",Cauliflower,Ranchi,Local,21/08/2026,3300,4000,3650
"Tamil Nadu",Thiruvannamalai,"Chengam(Uzhavar Sandhai )",Brinjal,Round,Local,21/08/2026,3300,4000,3650
"Tamil Nadu",Thiruvannamalai,"Chengam(Uzhavar Sandhai )",Ashgourd,Gouard,Local,21/08/2026,1600,2000,1800
"Tamil Nadu",Thiruvannamalai,"Chengam(Uzhavar Sandhai )",Ginger(Green),"Green Ginger",Local,21/08/2026,16000,20000,18000
"Tamil Nadu",Thiruvannamalai,"Chengam(Uzhavar Sandhai )",Coconut,Coconut,Local,21/08/2026,4200,5000,4600
"Tamil Nadu",Thiruvannamalai,"Chengam(Uzhavar Sandhai )","Sweet Potato","Hosur Red",Local,21/08/2026,3300,4000,3650
"Tamil Nadu",Thiruvannamalai,"Chengam(Uzhavar Sandhai )",Yam(Ratalu),"Yam (Ratalu)",Local,21/08/2026,3300,4000,3650
"Tamil Nadu",Thiruvannamalai,"Chengam(Uzhavar Sandhai )","Amla(Nelli Kai)",Amla,Local,21/08/2026,8000,10000,9000
"Tamil Nadu",Thiruvannamalai,"Keelpennathur(Uzhavar Sandhai )",Onion,Bellary,Local,21/08/2026,3000,3500,3250
"Tamil Nadu",Thiruvannamalai,"Tamarainagar(Uzhavar Sandhai )",Tomato,Deshi,Local,21/08/2026,1800,2200,2000
"Tamil Nadu",Thiruvannamalai,"Tamarainagar(Uzhavar Sandhai )","Cluster beans","Cluster Beans",Local,21/08/2026,4000,5000,4500
"Tamil Nadu",Thiruvannamalai,"Tamarainagar(Uzhavar Sandhai )",Pumpkin,Pumpkin,Local,21/08/2026,2000,2500,2250
"Tamil Nadu",Thiruvannamalai,"Tamarainagar(Uzhavar Sandhai )",Amaranthus,Amaranthus,Local,21/08/2026,4000,5000,4500
"Tamil Nadu",Thiruvannamalai,"Tamarainagar(Uzhavar Sandhai )","Banana - Green","Banana - Green",Local,21/08/2026,3500,4200,3850
"Tamil Nadu",Thiruvannamalai,"Tamarainagar(Uzhavar Sandhai )",Coconut,Coconut,Local,21/08/2026,6200,7400,6800
"Tamil Nadu",Thiruvannamalai,"Tamarainagar(Uzhavar Sandhai )",Thondekai,Thondekai,Local,21/08/2026,3500,4000,3750
"Tamil Nadu",Thiruvannamalai,"Tamarainagar(Uzhavar Sandhai )","Indian Beans(Seam)","Indian Beans (Seam)",Local,21/08/2026,5000,6000,5500
"Tamil Nadu",Thiruvannamalai,"Tamarainagar(Uzhavar Sandhai )",Rose(Local),"Rose (Local)",Local,21/08/2026,25000,30000,27500
"Tamil Nadu",Thiruvannamalai,"Vandavasi(Uzhavar Sandhai )",Banana,Karpura,Local,21/08/2026,5000,6000,5500
"Tamil Nadu",Thiruvannamalai,"Vandavasi(Uzhavar Sandhai )",Brinjal,Other,Local,21/08/2026,3800,4500,4150
"Tamil Nadu",Thiruvannamalai,"Vandavasi(Uzhavar Sandhai )",Coriander(Leaves),"I Sort",Local,21/08/2026,4000,5000,4500
"Tamil Nadu",Thiruvannamalai,"Vandavasi(Uzhavar Sandhai )",Tomato,Local,Local,21/08/2026,1600,2000,1800
"Tamil Nadu",Thiruvannamalai,"Vandavasi(Uzhavar Sandhai )","Bitter gourd",Other,Local,21/08/2026,4000,4800,4400
"Tamil Nadu",Thiruvannamalai,"Vandavasi(Uzhavar Sandhai )",Beetroot,Beetroot,Local,21/08/2026,4000,4800,4400
"Tamil Nadu",Thiruvannamalai,"Vandavasi(Uzhavar Sandhai )",Thondekai,Thondekai,Local,21/08/2026,3500,4000,3750
"Tamil Nadu",Thiruvannamalai,"Vandavasi(Uzhavar Sandhai )",Guava,"Guava Allahabad",Local,21/08/2026,4000,5000,4500
"Tamil Nadu",Thiruvarur,"Muthupettai(Uzhavar Sandhai )",Onion,Bellary,Local,21/08/2026,4800,4800,4800
"Tamil Nadu",Thiruvarur,"Muthupettai(Uzhavar Sandhai )",Tomato,Deshi,Local,21/08/2026,2000,2000,2000
"Tamil Nadu",Thiruvarur,"Muthupettai(Uzhavar Sandhai )","Onion Green","Onion Green",Local,21/08/2026,8000,8000,8000
"Tamil Nadu",Thiruvarur,"Muthupettai(Uzhavar Sandhai )",Mint(Pudina),Mint(Pudina),Local,21/08/2026,5000,5000,5000
"West Bengal",Bankura,"Bishnupur(Bankura) APMC",Mustard,Mustard,FAQ,21/08/2026,6000,6700,6400
"West Bengal",Bankura,"Bishnupur(Bankura) APMC",Brinjal,Brinjal,FAQ,21/08/2026,3700,4600,4200
"Tamil Nadu",Thiruvarur,"Tiruvarur(Uzhavar Sandhai )",Brinjal,Round,Local,21/08/2026,4000,4000,4000
"Tamil Nadu",Thiruvarur,"Tiruvarur(Uzhavar Sandhai )","Cluster beans","Cluster Beans",Local,21/08/2026,4000,4000,4000
"Tamil Nadu",Thiruvarur,"Tiruvarur(Uzhavar Sandhai )","Bitter gourd","Bitter Gourd",Local,21/08/2026,6000,6000,6000
"Tamil Nadu",Thiruvarur,"Tiruvarur(Uzhavar Sandhai )","Bottle gourd","Bottle Gourd",Local,21/08/2026,3000,3000,3000
"Tamil Nadu",Thiruvarur,"Tiruvarur(Uzhavar Sandhai )",Ashgourd,Gouard,Local,21/08/2026,2500,2500,2500
"Tamil Nadu",Thiruvarur,"Tiruvarur(Uzhavar Sandhai )",Pumpkin,Pumpkin,Local,21/08/2026,2500,2500,2500
"Tamil Nadu",Virudhunagar,"Aruppukottai(Uzhavar Sandhai )",Mango,Safeda,Local,21/08/2026,5000,6000,5500
"Tamil Nadu",Virudhunagar,"Aruppukottai(Uzhavar Sandhai )",Garlic,Garlic,Local,21/08/2026,22000,24000,23000
"Tamil Nadu",Virudhunagar,"Aruppukottai(Uzhavar Sandhai )",Brinjal,Round,Local,21/08/2026,3000,4000,3500
"Tamil Nadu",Virudhunagar,"Aruppukottai(Uzhavar Sandhai )",Ginger(Green),"Green Ginger",Local,21/08/2026,18000,20000,19000
"Tamil Nadu",Virudhunagar,"Aruppukottai(Uzhavar Sandhai )",Carrot,Pusakesar,Local,21/08/2026,8000,9000,8500
"Tamil Nadu",Virudhunagar,"Aruppukottai(Uzhavar Sandhai )",Snakeguard,Snakeguard,Local,21/08/2026,3000,4000,3500
"Tamil Nadu",Virudhunagar,"Aruppukottai(Uzhavar Sandhai )",Beetroot,Beetroot,Local,21/08/2026,4000,5000,4500
"Tamil Nadu",Virudhunagar,"Aruppukottai(Uzhavar Sandhai )",Raddish,Raddish,Local,21/08/2026,3000,3500,3250
"Tamil Nadu",Virudhunagar,"Aruppukottai(Uzhavar Sandhai )",Mango(Raw-Ripe),"Mango - Raw-Ripe",Local,21/08/2026,8000,10000,9000
"Tamil Nadu",Virudhunagar,"Aruppukottai(Uzhavar Sandhai )","Onion Green","Onion Green",Local,21/08/2026,7000,7500,7250
"Tamil Nadu",Thiruvarur,"Valangaiman APMC","Cluster beans","Cluster Beans",Local,21/08/2026,4000,4000,4000
"Tamil Nadu",Virudhunagar,"Kariyapatti(Uzhavar Sandhai )",Tomato,Deshi,Local,21/08/2026,1800,2000,1900
"Tamil Nadu",Virudhunagar,"Kariyapatti(Uzhavar Sandhai )",Pumpkin,Pumpkin,Local,21/08/2026,2500,3000,2750
"Tamil Nadu",Virudhunagar,"Kariyapatti(Uzhavar Sandhai )","Green Chilli","Green Chilly",Local,21/08/2026,5500,6000,5750
"Tamil Nadu",Virudhunagar,"Kariyapatti(Uzhavar Sandhai )",Carrot,Pusakesar,Local,21/08/2026,8500,9000,8750
"Tamil Nadu",Virudhunagar,"Kariyapatti(Uzhavar Sandhai )",Yam(Ratalu),"Yam (Ratalu)",Local,21/08/2026,8500,9000,8750
Assam,Nagaon,"Ambagan APMC",Potato,Potato,FAQ,21/08/2026,1400,1600,1500
Keralam,Pathanamthitta,"Enadimangalam VFPCK Market",Banana,Poovan,"Grade A",21/08/2026,5000,5800,5500
"Tamil Nadu",Madurai,"Thirumangalam(Uzhavar Sandhai )",Brinjal,Round,Local,21/08/2026,4000,4500,4250
"Tamil Nadu",Madurai,"Thirumangalam(Uzhavar Sandhai )",Papaya,Papaya,Local,21/08/2026,4000,4500,4250
"Tamil Nadu",Madurai,"Thirumangalam(Uzhavar Sandhai )",Ashgourd,Gouard,Local,21/08/2026,2000,2400,2200
"Tamil Nadu",Madurai,"Thirumangalam(Uzhavar Sandhai )",Pumpkin,Pumpkin,Local,21/08/2026,2000,2400,2200
"Tamil Nadu",Madurai,"Thirumangalam(Uzhavar Sandhai )",Ridgeguard(Tori),Ridgeguard(Tori),Local,21/08/2026,6000,6500,6250
"Tamil Nadu",Madurai,"Thirumangalam(Uzhavar Sandhai )",Drumstick,Drumstick,Local,21/08/2026,4000,5000,4500
Keralam,Pathanamthitta,"Ezhamkulam VFPCK Market",Cowpea(Veg),"Cowpea (Veg)","Grade A",21/08/2026,7000,8000,7500
"Tamil Nadu",Madurai,"Melur(Uzhavar Sandhai )",Coriander(Leaves),"I Sort",Local,21/08/2026,4000,4500,4250
"Tamil Nadu",Madurai,"Melur(Uzhavar Sandhai )",Chikoos(Sapota),Sapota,Local,21/08/2026,4000,6000,5000
"Tamil Nadu",Madurai,"Melur(Uzhavar Sandhai )","Bottle gourd","Bottle Gourd",Local,21/08/2026,2200,2400,2300
"Tamil Nadu",Madurai,"Melur(Uzhavar Sandhai )",Pumpkin,Pumpkin,Local,21/08/2026,2000,2400,2200
"Tamil Nadu",Madurai,"Melur(Uzhavar Sandhai )","Bhindi(Ladies Finger)",Bhindi,Local,21/08/2026,4400,4800,4600
"Tamil Nadu",Madurai,"Melur(Uzhavar Sandhai )","Sweet Potato","Hosur Red",Local,21/08/2026,4500,5000,4750
"Tamil Nadu",Madurai,"Melur(Uzhavar Sandhai )",Mango(Raw-Ripe),"Mango - Raw-Ripe",Local,21/08/2026,10000,12000,11000
"Tamil Nadu",Madurai,"Melur(Uzhavar Sandhai )",Yam(Ratalu),"Yam (Ratalu)",Local,21/08/2026,8000,9000,8500
"Tamil Nadu",Madurai,"Melur(Uzhavar Sandhai )",Colacasia,Colacasia,Local,21/08/2026,5000,6000,5500
"Tamil Nadu",Madurai,"Melur(Uzhavar Sandhai )",Mint(Pudina),Mint(Pudina),Local,21/08/2026,4000,4500,4250
"Tamil Nadu",Salem,"Vazhapadi(Uzhavar Sandhai)",Cauliflower,Ranchi,Local,21/08/2026,2500,2500,2500
"Tamil Nadu",Salem,"Vazhapadi(Uzhavar Sandhai)",Coriander(Leaves),"I Sort",Local,21/08/2026,4000,4000,4000
"Tamil Nadu",Salem,"Vazhapadi(Uzhavar Sandhai)","Water Melon","Water Melon",Local,21/08/2026,2500,2500,2500
"Tamil Nadu",Salem,"Vazhapadi(Uzhavar Sandhai)",Mango(Raw-Ripe),"Mango - Raw-Ripe",Local,21/08/2026,4000,4000,4000
"Tamil Nadu",Salem,"Vazhapadi(Uzhavar Sandhai)","Jack Fruit(Ripe)","Jack Fruit",Local,21/08/2026,3000,3000,3000
"Tamil Nadu",Salem,"Vazhapadi(Uzhavar Sandhai)",Jasmine,Jasmine,Local,21/08/2026,70000,70000,70000
"Tamil Nadu",Salem,"Vazhapadi(Uzhavar Sandhai)",Lemon,Lemon,Local,21/08/2026,8000,8000,8000
"Tamil Nadu",Karur,"Gandhigramam(Uzhavar Sandhai)",Onion,Bellary,Local,21/08/2026,5500,6000,5750
"Tamil Nadu",Karur,"Gandhigramam(Uzhavar Sandhai)",Chikoos(Sapota),Sapota,Local,21/08/2026,4500,5000,4750
"Tamil Nadu",Karur,"Gandhigramam(Uzhavar Sandhai)","Cluster beans","Cluster Beans",Local,21/08/2026,3500,4000,3750
"Tamil Nadu",Karur,"Gandhigramam(Uzhavar Sandhai)","Bitter gourd",Other,Local,21/08/2026,5500,6000,5750
"Tamil Nadu",Karur,"Gandhigramam(Uzhavar Sandhai)",Ashgourd,Gouard,Local,21/08/2026,2700,3000,2850
"Tamil Nadu",Karur,"Gandhigramam(Uzhavar Sandhai)",Pumpkin,Pumpkin,Local,21/08/2026,2700,3000,2850
"Tamil Nadu",Karur,"Gandhigramam(Uzhavar Sandhai)",Tapioca,Tapioca,Local,21/08/2026,3000,3500,3250
"Tamil Nadu",Karur,"Gandhigramam(Uzhavar Sandhai)",Ginger(Green),"Green Ginger",Local,21/08/2026,18000,20000,19000
"Tamil Nadu",Karur,"Gandhigramam(Uzhavar Sandhai)","Sweet Potato","Hosur Red",Local,21/08/2026,3500,4000,3750
"Tamil Nadu",Karur,"Gandhigramam(Uzhavar Sandhai)",Drumstick,Drumstick,Local,21/08/2026,2500,3000,2750
"Tamil Nadu",Pudukkottai,"Aranthangi(Uzhavar Sandhai )",Ashgourd,Gouard,Local,21/08/2026,1000,1500,1250
"Tamil Nadu",Pudukkottai,"Aranthangi(Uzhavar Sandhai )",Pumpkin,Pumpkin,Local,21/08/2026,1000,1500,1250
"Tamil Nadu",Pudukkottai,"Aranthangi(Uzhavar Sandhai )","Green Chilli","Green Chilly",Local,21/08/2026,5000,6000,5500
"Tamil Nadu",Pudukkottai,"Aranthangi(Uzhavar Sandhai )","Banana - Green","Banana - Green",Local,21/08/2026,2500,3000,2750
"Tamil Nadu",Pudukkottai,"Aranthangi(Uzhavar Sandhai )","Green Avare(W)",Other,Local,21/08/2026,7000,8000,7500
"Tamil Nadu",Pudukkottai,"Aranthangi(Uzhavar Sandhai )",Drumstick,Drumstick,Local,21/08/2026,5000,6000,5500
"Tamil Nadu",Coimbatore,"Sulur(Uzhavar Sandhai )",Tomato,Local,Local,21/08/2026,1500,1800,1650
"Tamil Nadu",Coimbatore,"Sulur(Uzhavar Sandhai )","Banana - Green","Banana - Green",Local,21/08/2026,3500,4000,3750
"Tamil Nadu",Coimbatore,"Sulur(Uzhavar Sandhai )",Beans,"Beans (Whole)",Local,21/08/2026,8000,8500,8250
"Tamil Nadu",Coimbatore,"Sulur(Uzhavar Sandhai )","Green Avare(W)",Other,Local,21/08/2026,4400,4800,4600
"Tamil Nadu",Coimbatore,"Sulur(Uzhavar Sandhai )",Lemon,Lemon,Local,21/08/2026,13000,14000,13500
"Tamil Nadu",Coimbatore,"Sulur(Uzhavar Sandhai )","Onion Green","Onion Green",Local,21/08/2026,7000,7500,7250
"Tamil Nadu",Pudukkottai,"Gandarvakottai(Uzhavar Sandhai )",Ashgourd,Gouard,Local,21/08/2026,1000,1500,1250
"Tamil Nadu",Pudukkottai,"Gandarvakottai(Uzhavar Sandhai )",Raddish,Raddish,Local,21/08/2026,3500,4000,3750
"Tamil Nadu",Pudukkottai,"Gandarvakottai(Uzhavar Sandhai )",Mango(Raw-Ripe),"Mango - Raw-Ripe",Local,21/08/2026,6000,7000,6500
"Tamil Nadu",Cuddalore,"Panruti(Uzhavar Sandhai )",Onion,Bellary,Local,21/08/2026,3500,3500,3500
"Tamil Nadu",Cuddalore,"Panruti(Uzhavar Sandhai )",Potato,"Red Nanital",Local,21/08/2026,4000,4000,4000
"Tamil Nadu",Cuddalore,"Panruti(Uzhavar Sandhai )",Mango(Raw-Ripe),"Mango - Raw-Ripe",Local,21/08/2026,7000,7000,7000
"Tamil Nadu",Cuddalore,"Panruti(Uzhavar Sandhai )","Onion Green","Onion Green",Local,21/08/2026,6000,6000,6000
"Tamil Nadu",Dharmapuri,"AJattihalli(Uzhavar Sandhai )",Brinjal,Round,Local,21/08/2026,2600,2800,2700
"Tamil Nadu",Dharmapuri,"AJattihalli(Uzhavar Sandhai )",Coriander(Leaves),"I Sort",Local,21/08/2026,4800,5000,4900
"Tamil Nadu",Dharmapuri,"AJattihalli(Uzhavar Sandhai )",Tomato,Local,Local,21/08/2026,1800,2000,1900
"Tamil Nadu",Dharmapuri,"AJattihalli(Uzhavar Sandhai )","Bhindi(Ladies Finger)",Bhindi,Local,21/08/2026,3200,3500,3350
"Tamil Nadu",Dharmapuri,"AJattihalli(Uzhavar Sandhai )",Coconut,Coconut,Local,21/08/2026,6500,7000,6750
"Tamil Nadu",Dharmapuri,"AJattihalli(Uzhavar Sandhai )",Cabbage,Cabbage,Local,21/08/2026,3000,3400,3200
"Tamil Nadu",Dharmapuri,"AJattihalli(Uzhavar Sandhai )",Raddish,Raddish,Local,21/08/2026,1600,1800,1700
Keralam,Malappuram,"Parappanangadi VFPCK Market",Banana,"Nendra Bale",Local,21/08/2026,5900,6100,6000
"Tamil Nadu",Nagapattinam,"Vedaranyam(Uzhavar Sandhai)",Potato,"Red Nanital",Local,21/08/2026,3200,3400,3300
"Tamil Nadu",Nagapattinam,"Vedaranyam(Uzhavar Sandhai)",Brinjal,Round,Local,21/08/2026,4200,4500,4350
"Tamil Nadu",Nagapattinam,"Vedaranyam(Uzhavar Sandhai)",Ashgourd,Gouard,Local,21/08/2026,2800,3000,2900
"Tamil Nadu",Nagapattinam,"Vedaranyam(Uzhavar Sandhai)",Amaranthus,Amaranthus,Local,21/08/2026,1800,2000,1900
"Tamil Nadu",Nagapattinam,"Vedaranyam(Uzhavar Sandhai)","Banana - Green","Banana - Green",Local,21/08/2026,1600,1800,1700
"Tamil Nadu",Nagapattinam,"Vedaranyam(Uzhavar Sandhai)",Snakeguard,Snakeguard,Local,21/08/2026,3800,4000,3900
"Tamil Nadu",Vellore,"Perampet(Uzhavar Sandhai)","Cluster beans","Cluster Beans",Local,21/08/2026,4000,4000,4000
"Tamil Nadu",Vellore,"Perampet(Uzhavar Sandhai)","Bottle gourd","Bottle Gourd",Local,21/08/2026,2500,2500,2500
"Tamil Nadu",Vellore,"Perampet(Uzhavar Sandhai)",Ashgourd,Gouard,Local,21/08/2026,2400,2400,2400
"Tamil Nadu",Vellore,"Perampet(Uzhavar Sandhai)",Cowpea(Veg),"Cowpea (Veg)",Local,21/08/2026,5000,5000,5000
"Tamil Nadu",Vellore,"Perampet(Uzhavar Sandhai)",Beetroot,Beetroot,Local,21/08/2026,4500,4500,4500
"Tamil Nadu",Vellore,"Perampet(Uzhavar Sandhai)","Tender Coconut","Tender Coconut",Local,21/08/2026,2500,3000,2750
"Tamil Nadu",Vellore,"Perampet(Uzhavar Sandhai)","Elephant Yam(Suran)/Amorphophallus","Elephant Yam (Suran)",Local,21/08/2026,6000,6000,6000
Maharashtra,Pune,"Pune(Pimpri) APMC",Coriander(Leaves),Other,Local,21/08/2026,7,9,8
"Tamil Nadu",Karur,"Kulithalai(Uzhavar Sandhai )",Papaya,Papaya,Local,21/08/2026,2500,3000,2750
"Tamil Nadu",Karur,"Kulithalai(Uzhavar Sandhai )","Water Melon","Water Melon",Local,21/08/2026,2500,3000,2750
"Tamil Nadu",Karur,"Kulithalai(Uzhavar Sandhai )",Tomato,Deshi,Local,21/08/2026,1600,2000,1800
"Tamil Nadu",Karur,"Kulithalai(Uzhavar Sandhai )","Green Chilli","Green Chilly",Local,21/08/2026,5000,5600,5300
"Tamil Nadu",Karur,"Kulithalai(Uzhavar Sandhai )",Ginger(Green),"Green Ginger",Local,21/08/2026,19500,20000,19750
"Tamil Nadu",Karur,"Kulithalai(Uzhavar Sandhai )","Betal Leaves",Mysore,Local,21/08/2026,9000,10000,9500
"Tamil Nadu",Karur,"Kulithalai(Uzhavar Sandhai )",Mashrooms,Mashrooms,Local,21/08/2026,16000,20000,18000
"Tamil Nadu",Karur,"Pallapatti (Uzhavar Sandhai )",Brinjal,Other,Local,21/08/2026,5000,6000,5500
"Tamil Nadu",Karur,"Pallapatti (Uzhavar Sandhai )","Cluster beans","Cluster Beans",Local,21/08/2026,3500,4000,3750
"Tamil Nadu",Karur,"Pallapatti (Uzhavar Sandhai )","Sweet Potato","Hosur Red",Local,21/08/2026,4500,5000,4750
"Tamil Nadu",Karur,"Pallapatti (Uzhavar Sandhai )","Green Avare(W)",Other,Local,21/08/2026,8000,9000,8500
"Andhra Pradesh",Srikakulam,"Etcherla APMC",Maize,"Deshi White",Local,21/08/2026,2400,2400,2400
"Tamil Nadu",Karur,"Velayuthampalayam(Uzhavar Sandhai )",Tomato,Other,Local,21/08/2026,1600,2000,1800
"Tamil Nadu",Karur,"Velayuthampalayam(Uzhavar Sandhai )","Bitter gourd","Bitter Gourd",Local,21/08/2026,5000,6000,5500
"Tamil Nadu",Karur,"Velayuthampalayam(Uzhavar Sandhai )","Bottle gourd","Bottle Gourd",Local,21/08/2026,2400,3000,2700
"Tamil Nadu",Karur,"Velayuthampalayam(Uzhavar Sandhai )","Bhindi(Ladies Finger)",Bhindi,Local,21/08/2026,3200,4000,3600
"Tamil Nadu",Karur,"Vengamedu(Uzhavar Sandhai )","Bottle gourd","Bottle Gourd",Local,21/08/2026,2500,3000,2750
"Tamil Nadu",Karur,"Vengamedu(Uzhavar Sandhai )",Coconut,Coconut,Local,21/08/2026,5500,6000,5750
"Tamil Nadu",Theni,"Devaram(Uzhavar Sandhai )",Potato,"Red Nanital",Local,21/08/2026,2600,2600,2600
"Tamil Nadu",Theni,"Devaram(Uzhavar Sandhai )",Brinjal,Round,Local,21/08/2026,3500,3500,3500
"Tamil Nadu",Theni,"Devaram(Uzhavar Sandhai )","Bitter gourd","Bitter Gourd",Local,21/08/2026,5000,5000,5000
"Tamil Nadu",Theni,"Devaram(Uzhavar Sandhai )","Green Chilli","Green Chilly",Local,21/08/2026,4500,4500,4500
"Tamil Nadu",Theni,"Devaram(Uzhavar Sandhai )","Banana - Green","Banana - Green",Local,21/08/2026,3500,3500,3500
"Tamil Nadu",Theni,"Devaram(Uzhavar Sandhai )",Thondekai,Thondekai,Local,21/08/2026,3500,3500,3500
"Tamil Nadu",Theni,"Devaram(Uzhavar Sandhai )",Drumstick,Drumstick,Local,21/08/2026,2500,2500,2500
"Tamil Nadu",Theni,"Devaram(Uzhavar Sandhai )","Onion Green","Onion Green",Local,21/08/2026,6500,6500,6500
"Tamil Nadu",Salem,"Attayampatti(Uzhavar Sandhai )",Ashgourd,Gouard,Local,21/08/2026,2400,2800,2600
"Tamil Nadu",Salem,"Attayampatti(Uzhavar Sandhai )",Pumpkin,Pumpkin,Local,21/08/2026,2400,2800,2600
"Tamil Nadu",Salem,"Attayampatti(Uzhavar Sandhai )","Bhindi(Ladies Finger)",Bhindi,Local,21/08/2026,3600,3600,3600
"Tamil Nadu",Salem,"Attayampatti(Uzhavar Sandhai )",Cucumbar(Kheera),Cucumbar,Local,21/08/2026,5000,5000,5000
"Tamil Nadu",Salem,"Attayampatti(Uzhavar Sandhai )","Green Avare(W)","Green Avare (W)",Local,21/08/2026,6500,7000,6750
"Tamil Nadu",Salem,"Attayampatti(Uzhavar Sandhai )",Drumstick,Drumstick,Local,21/08/2026,3000,3000,3000
"Tamil Nadu",Salem,"Attayampatti(Uzhavar Sandhai )","Onion Green","Onion Green",Local,21/08/2026,6000,6400,6200
"Tamil Nadu",Sivaganga,"Devakottai (Uzhavar Sandhai )",Onion,Bellary,Local,21/08/2026,3500,5800,4650
"Tamil Nadu",Sivaganga,"Devakottai (Uzhavar Sandhai )",Coriander(Leaves),"I Sort",Local,21/08/2026,4400,4800,4600
"Tamil Nadu",Sivaganga,"Devakottai (Uzhavar Sandhai )","Cluster beans","Cluster Beans",Local,21/08/2026,3200,3800,3500
"Tamil Nadu",Sivaganga,"Devakottai (Uzhavar Sandhai )","Bottle gourd","Bottle Gourd",Local,21/08/2026,2600,3400,3000
"Tamil Nadu",Sivaganga,"Devakottai (Uzhavar Sandhai )",Pumpkin,Pumpkin,Local,21/08/2026,2200,2600,2400
"Tamil Nadu",Sivaganga,"Devakottai (Uzhavar Sandhai )",Amaranthus,Amaranthus,Local,21/08/2026,3500,4000,3750
"Tamil Nadu",Sivaganga,"Devakottai (Uzhavar Sandhai )",Ridgeguard(Tori),Ridgeguard(Tori),Local,21/08/2026,4400,5200,4800
"Tamil Nadu",Sivaganga,"Devakottai (Uzhavar Sandhai )","Chow Chow","Chow Chow",Local,21/08/2026,3200,4400,3800
"Tamil Nadu",Salem,"Edapadi (Uzhavar Sandhai )",Banana,"Red Banana",Local,21/08/2026,7000,7500,7250
"Tamil Nadu",Salem,"Edapadi (Uzhavar Sandhai )",Papaya,Papaya,Local,21/08/2026,2600,3000,2800
"Tamil Nadu",Salem,"Edapadi (Uzhavar Sandhai )","Cluster beans","Cluster Beans",Local,21/08/2026,2600,3000,2800
"Tamil Nadu",Salem,"Edapadi (Uzhavar Sandhai )",Pumpkin,Pumpkin,Local,21/08/2026,2400,2600,2500
"Tamil Nadu",Salem,"Edapadi (Uzhavar Sandhai )","Bhindi(Ladies Finger)",Bhindi,Local,21/08/2026,3400,3800,3600
"Tamil Nadu",Salem,"Edapadi (Uzhavar Sandhai )",Beans,"Beans (Whole)",Local,21/08/2026,9000,10000,9500
"Tamil Nadu",Salem,"Edapadi (Uzhavar Sandhai )",Ginger(Green),"Green Ginger",Local,21/08/2026,17500,18000,17750
"Tamil Nadu",Salem,"Edapadi (Uzhavar Sandhai )","Green Avare(W)",Other,Local,21/08/2026,7000,7500,7250
"Tamil Nadu",Salem,"Edapadi (Uzhavar Sandhai )",Lemon,Lemon,Local,21/08/2026,7500,8000,7750
"Tamil Nadu",Salem,"Elampillai(Uzhavar Sandhai )",Groundnut,"Big (With Shell)",Local,21/08/2026,6500,7000,6750
"Tamil Nadu",Salem,"Elampillai(Uzhavar Sandhai )",Garlic,Garlic,Local,21/08/2026,23000,24000,23500
"Tamil Nadu",Salem,"Elampillai(Uzhavar Sandhai )",Papaya,Papaya,Local,21/08/2026,2500,3000,2750
"Tamil Nadu",Salem,"Elampillai(Uzhavar Sandhai )",Ridgeguard(Tori),Ridgeguard(Tori),Local,21/08/2026,3500,4000,3750
"Tamil Nadu",Salem,"Elampillai(Uzhavar Sandhai )",Drumstick,Drumstick,Local,21/08/2026,2500,3000,2750
"Tamil Nadu",Salem,"Elampillai(Uzhavar Sandhai )",Marigold(Calcutta),Marigold(Calcutta),Local,21/08/2026,19000,20000,19500
"Tamil Nadu",Salem,"Elampillai(Uzhavar Sandhai )",Lemon,Lemon,Local,21/08/2026,4000,5000,4500
"Tamil Nadu",Salem,"Elampillai(Uzhavar Sandhai )",Mint(Pudina),Mint(Pudina),Local,21/08/2026,2500,3000,2750
"Tamil Nadu",Salem,"Hasthampatti(Uzhavar Sandhai )",Orange,Darjeeling,Local,21/08/2026,8000,10000,9000
"Tamil Nadu",Salem,"Hasthampatti(Uzhavar Sandhai )",Potato,Other,Local,21/08/2026,4500,5000,4750
"Tamil Nadu",Salem,"Hasthampatti(Uzhavar Sandhai )","Cluster beans","Cluster Beans",Local,21/08/2026,3000,3500,3250
"Tamil Nadu",Salem,"Hasthampatti(Uzhavar Sandhai )",Coconut,Coconut,Local,21/08/2026,6000,6500,6250
"Tamil Nadu",Salem,"Hasthampatti(Uzhavar Sandhai )",Cabbage,Cabbage,Local,21/08/2026,3000,3500,3250
"Tamil Nadu",Salem,"Hasthampatti(Uzhavar Sandhai )","Green Avare(W)",Other,Local,21/08/2026,5500,6000,5750
"Tamil Nadu",Salem,"Hasthampatti(Uzhavar Sandhai )","Tamarind Fruit","Tamarind Fruit",Local,21/08/2026,14000,15000,14500
"Tamil Nadu",Salem,"Hasthampatti(Uzhavar Sandhai )",Colacasia,Colacasia,Local,21/08/2026,6500,7000,6750
"Tamil Nadu",Salem,"Hasthampatti(Uzhavar Sandhai )",Pear(Marasebu),Pears,Local,21/08/2026,9000,10000,9500
"Tamil Nadu",Salem,"Hasthampatti(Uzhavar Sandhai )","Onion Green","Onion Green",Local,21/08/2026,5500,6000,5750
"Tamil Nadu",Salem,"Jalagandapuram(Uzhavar Sandhai )",Banana,"Red Banana",Local,21/08/2026,6500,7000,6750
"Tamil Nadu",Salem,"Jalagandapuram(Uzhavar Sandhai )",Potato,Other,Local,21/08/2026,2600,2800,2700
"Tamil Nadu",Salem,"Jalagandapuram(Uzhavar Sandhai )",Cauliflower,Ranchi,Local,21/08/2026,2000,2500,2250
"Tamil Nadu",Salem,"Jalagandapuram(Uzhavar Sandhai )","Bottle gourd","Bottle Gourd",Local,21/08/2026,2600,3000,2800
"Tamil Nadu",Salem,"Jalagandapuram(Uzhavar Sandhai )",Ashgourd,Gouard,Local,21/08/2026,2000,2400,2200
"Tamil Nadu",Salem,"Jalagandapuram(Uzhavar Sandhai )",Cowpea(Veg),"Cowpea (Veg)",Local,21/08/2026,5000,5500,5250
"Tamil Nadu",Salem,"Jalagandapuram(Uzhavar Sandhai )",Beans,"Beans (Whole)",Local,21/08/2026,8000,8500,8250
"Tamil Nadu",Salem,"Jalagandapuram(Uzhavar Sandhai )",Cabbage,Cabbage,Local,21/08/2026,3500,4000,3750
"Tamil Nadu",Salem,"Jalagandapuram(Uzhavar Sandhai )",Snakeguard,Snakeguard,Local,21/08/2026,3500,3800,3650
"Tamil Nadu",Salem,"Jalagandapuram(Uzhavar Sandhai )","Chow Chow","Chow Chow",Local,21/08/2026,3600,4000,3800
"Tamil Nadu",Salem,"Jalagandapuram(Uzhavar Sandhai )","Amla(Nelli Kai)",Amla,Local,21/08/2026,6500,7000,6750
"Tamil Nadu",Salem,"Jalagandapuram(Uzhavar Sandhai )",Mint(Pudina),Mint(Pudina),Local,21/08/2026,3000,3500,3250
"Tamil Nadu",Sivaganga,"Singampunari(Uzhavar Sandhai )","Cluster beans","Cluster Beans",Local,21/08/2026,3200,3800,3500
"Tamil Nadu",Sivaganga,"Singampunari(Uzhavar Sandhai )","Bitter gourd",Other,Local,21/08/2026,5200,6600,5900
"Tamil Nadu",Sivaganga,"Singampunari(Uzhavar Sandhai )",Coconut,Coconut,Local,21/08/2026,6000,6400,6200
"Tamil Nadu",Sivaganga,"Singampunari(Uzhavar Sandhai )",Beetroot,Beetroot,Local,21/08/2026,5200,5600,5400
"Tamil Nadu",Sivaganga,"Singampunari(Uzhavar Sandhai )",Guava,"Guava Allahabad",Local,21/08/2026,5000,6000,5500
"Tamil Nadu",Sivaganga,"Karaikudi(Uzhavar Sandhai )","Bitter gourd","Bitter Gourd",Local,21/08/2026,5500,7000,6250
"Tamil Nadu",Sivaganga,"Karaikudi(Uzhavar Sandhai )","Bottle gourd","Bottle Gourd",Local,21/08/2026,3000,3600,3300
"Tamil Nadu",Sivaganga,"Karaikudi(Uzhavar Sandhai )",Ashgourd,Gouard,Local,21/08/2026,2400,2800,2600
"Tamil Nadu",Sivaganga,"Karaikudi(Uzhavar Sandhai )",Amaranthus,Amaranthus,Local,21/08/2026,3600,4000,3800
"Tamil Nadu",Sivaganga,"Karaikudi(Uzhavar Sandhai )","Green Avare(W)","Green Avare (W)",Local,21/08/2026,4000,4400,4200
"Tamil Nadu",Sivaganga,"Karaikudi(Uzhavar Sandhai )","Chow Chow","Chow Chow",Local,21/08/2026,2800,3200,3000
"Tamil Nadu",Sivaganga,"Karaikudi(Uzhavar Sandhai )",Mango(Raw-Ripe),"Mango - Raw-Ripe",Local,21/08/2026,5500,6000,5750
"Tamil Nadu",Sivaganga,"Karaikudi(Uzhavar Sandhai )",Yam(Ratalu),"Yam (Ratalu)",Local,21/08/2026,8500,9500,9000
"Tamil Nadu",Sivaganga,"Tirupatthur(Uzhavar Sandhai )","Bitter gourd","Bitter Gourd",Local,21/08/2026,5500,7000,6250
"Tamil Nadu",Sivaganga,"Tirupatthur(Uzhavar Sandhai )",Ashgourd,Gouard,Local,21/08/2026,2500,2800,2650
"Tamil Nadu",Sivaganga,"Tirupatthur(Uzhavar Sandhai )",Drumstick,Drumstick,Local,21/08/2026,3400,4500,3950
"Tamil Nadu",Thanjavur,"Pattukottai(Uzhavar Sandhai )",Onion,Bellary,Local,21/08/2026,4600,6000,5300
"Tamil Nadu",Thanjavur,"Pattukottai(Uzhavar Sandhai )",Tomato,Deshi,Local,21/08/2026,2600,2600,2600
"Tamil Nadu",Thanjavur,"Pattukottai(Uzhavar Sandhai )",Ashgourd,Gouard,Local,21/08/2026,3000,3000,3000
"Tamil Nadu",Thanjavur,"Pattukottai(Uzhavar Sandhai )",Amaranthus,Amaranthus,Local,21/08/2026,2000,2000,2000
"Tamil Nadu",Thanjavur,"Pattukottai(Uzhavar Sandhai )",Ginger(Green),"Green Ginger",Local,21/08/2026,12000,18000,15000
"Tamil Nadu",Thanjavur,"Pattukottai(Uzhavar Sandhai )",Carrot,Pusakesar,Local,21/08/2026,9600,9600,9600
"Tamil Nadu",Thanjavur,"Pattukottai(Uzhavar Sandhai )",Cabbage,Cabbage,Local,21/08/2026,3400,3400,3400
"Tamil Nadu",Thanjavur,"Pattukottai(Uzhavar Sandhai )",Raddish,Raddish,Local,21/08/2026,4400,4400,4400
"Tamil Nadu",Thanjavur,"Pattukottai(Uzhavar Sandhai )",Lime,Lime,Local,21/08/2026,4000,4000,4000
"Tamil Nadu",Thanjavur,"Pattukottai(Uzhavar Sandhai )","Onion Green","Onion Green",Local,21/08/2026,7800,7800,7800
"Tamil Nadu",Thanjavur,"Thanjavur(Uzhavar Sandhai )",Mango,Safeda,Local,21/08/2026,8000,8000,8000
"Tamil Nadu",Thanjavur,"Thanjavur(Uzhavar Sandhai )",Onion,Bellary,Local,21/08/2026,5400,6000,5700
"Tamil Nadu",Thanjavur,"Thanjavur(Uzhavar Sandhai )",Potato,Other,Local,21/08/2026,3000,3000,3000
"Tamil Nadu",Thanjavur,"Thanjavur(Uzhavar Sandhai )",Cauliflower,Ranchi,Local,21/08/2026,5000,5000,5000
"Tamil Nadu",Thanjavur,"Thanjavur(Uzhavar Sandhai )","Cluster beans","Cluster Beans",Local,21/08/2026,4000,4000,4000
"Tamil Nadu",Thanjavur,"Thanjavur(Uzhavar Sandhai )","Bottle gourd","Bottle Gourd",Local,21/08/2026,3000,3000,3000
"Tamil Nadu",Thanjavur,"Thanjavur(Uzhavar Sandhai )",Pumpkin,Pumpkin,Local,21/08/2026,2000,2000,2000
"Tamil Nadu",Thanjavur,"Thanjavur(Uzhavar Sandhai )",Amaranthus,Amaranthus,Local,21/08/2026,2000,2000,2000
"Tamil Nadu",Thiruchirappalli,"KKNagar(Uzhavar Sandhai )",Groundnut,"Big (With Shell)",Local,21/08/2026,8000,8000,8000
"Tamil Nadu",Thiruchirappalli,"KKNagar(Uzhavar Sandhai )",Grapes,Annabesahai,Local,21/08/2026,12000,12000,12000
"Tamil Nadu",Thiruchirappalli,"KKNagar(Uzhavar Sandhai )",Garlic,Garlic,Local,21/08/2026,26000,26000,26000
"Tamil Nadu",Thiruchirappalli,"KKNagar(Uzhavar Sandhai )","Chili Red",Bold,Local,21/08/2026,28000,28000,28000
"Tamil Nadu",Thiruchirappalli,"KKNagar(Uzhavar Sandhai )",Brinjal,Other,Local,21/08/2026,5600,5600,5600
"Tamil Nadu",Thiruchirappalli,"KKNagar(Uzhavar Sandhai )",Tomato,Deshi,Local,21/08/2026,2200,2400,2300
"Tamil Nadu",Thiruchirappalli,"KKNagar(Uzhavar Sandhai )","Bhindi(Ladies Finger)",Bhindi,Local,21/08/2026,4600,4600,4600
"Tamil Nadu",Thiruchirappalli,"KKNagar(Uzhavar Sandhai )",Amaranthus,Amaranthus,Local,21/08/2026,2000,2000,2000
"Tamil Nadu",Thiruchirappalli,"KKNagar(Uzhavar Sandhai )","Green Chilli","Green Chilly",Local,21/08/2026,5400,5400,5400
"Tamil Nadu",Thiruchirappalli,"KKNagar(Uzhavar Sandhai )","Banana - Green","Banana - Green",Local,21/08/2026,3000,3000,3000
"Tamil Nadu",Thiruchirappalli,"KKNagar(Uzhavar Sandhai )",Tapioca,Tapioca,Local,21/08/2026,4000,4000,4000
"Tamil Nadu",Thiruchirappalli,"KKNagar(Uzhavar Sandhai )","Sweet Potato","Hosur Red",Local,21/08/2026,6600,6600,6600
"Tamil Nadu",Thiruchirappalli,"KKNagar(Uzhavar Sandhai )",Cucumbar(Kheera),Cucumbar,Local,21/08/2026,6000,6000,6000
"Tamil Nadu",Thiruchirappalli,"KKNagar(Uzhavar Sandhai )",Raddish,Raddish,Local,21/08/2026,3600,3600,3600
"Tamil Nadu",Thiruchirappalli,"KKNagar(Uzhavar Sandhai )","Green Avare(W)",Other,Local,21/08/2026,4600,5000,4800
"Tamil Nadu",Thiruchirappalli,"KKNagar(Uzhavar Sandhai )",Drumstick,Drumstick,Local,21/08/2026,3000,3500,3250
"Tamil Nadu",Thiruchirappalli,"KKNagar(Uzhavar Sandhai )",Mango(Raw-Ripe),"Mango - Raw-Ripe",Local,21/08/2026,9000,10000,9500
"Tamil Nadu",Thiruchirappalli,"KKNagar(Uzhavar Sandhai )",Mint(Pudina),Mint(Pudina),Local,21/08/2026,4800,4800,4800
"Tamil Nadu",Thiruchirappalli,"Lalgudi(Uzhavar Sandhai )",Onion,Bellary,Local,21/08/2026,5400,5400,5400
"Tamil Nadu",Thiruchirappalli,"Lalgudi(Uzhavar Sandhai )",Potato,Other,Local,21/08/2026,3000,3000,3000
"Tamil Nadu",Thiruchirappalli,"Lalgudi(Uzhavar Sandhai )",Papaya,Papaya,Local,21/08/2026,5000,5000,5000
"Tamil Nadu",Thiruchirappalli,"Lalgudi(Uzhavar Sandhai )",Tomato,Local,Local,21/08/2026,2400,2400,2400
"Tamil Nadu",Thiruchirappalli,"Lalgudi(Uzhavar Sandhai )",Cowpea(Veg),"Cowpea (Veg)",Local,21/08/2026,4000,4000,4000
"Tamil Nadu",Thiruchirappalli,"Lalgudi(Uzhavar Sandhai )","Banana - Green","Banana - Green",Local,21/08/2026,3000,3000,3000
"Tamil Nadu",Thiruchirappalli,"Lalgudi(Uzhavar Sandhai )",Beetroot,Beetroot,Local,21/08/2026,5000,5000,5000
"Tamil Nadu",Thiruchirappalli,"Lalgudi(Uzhavar Sandhai )",Ridgeguard(Tori),Ridgeguard(Tori),Local,21/08/2026,6000,6000,6000
"Tamil Nadu",Thiruchirappalli,"Lalgudi(Uzhavar Sandhai )","Green Avare(W)",Other,Local,21/08/2026,5000,5000,5000
"Tamil Nadu",Thiruchirappalli,"Lalgudi(Uzhavar Sandhai )",Mango(Raw-Ripe),"Mango - Raw-Ripe",Local,21/08/2026,10000,10000,10000
"Tamil Nadu",Thiruchirappalli,"Manachanallur(Uzhavar Sandhai )","Bitter gourd","Bitter Gourd",Local,21/08/2026,6600,6600,6600
"Tamil Nadu",Thiruchirappalli,"Manachanallur(Uzhavar Sandhai )",Mango(Raw-Ripe),"Mango - Raw-Ripe",Local,21/08/2026,8000,8000,8000
"Tamil Nadu",Thiruchirappalli,"Manachanallur(Uzhavar Sandhai )",Mint(Pudina),Mint(Pudina),Local,21/08/2026,4600,4600,4600
"Tamil Nadu",Thiruchirappalli,"Manapparai(Uzhavar Sandhai )",Onion,Bellary,Local,21/08/2026,5000,5500,5250
"Tamil Nadu",Thiruchirappalli,"Manapparai(Uzhavar Sandhai )",Potato,Other,Local,21/08/2026,3000,3000,3000
"Tamil Nadu",Thiruchirappalli,"Manapparai(Uzhavar Sandhai )",Cauliflower,Ranchi,Local,21/08/2026,5000,5000,5000
"Tamil Nadu",Thiruchirappalli,"Manapparai(Uzhavar Sandhai )",Brinjal,Other,Local,21/08/2026,3600,3600,3600
"Tamil Nadu",Thiruchirappalli,"Manapparai(Uzhavar Sandhai )",Amaranthus,Amaranthus,Local,21/08/2026,2000,2000,2000
"Tamil Nadu",Thiruchirappalli,"Manapparai(Uzhavar Sandhai )",Ginger(Green),"Green Ginger",Local,21/08/2026,22000,22000,22000
"Tamil Nadu",Thiruchirappalli,"Manapparai(Uzhavar Sandhai )",Mango(Raw-Ripe),"Mango - Raw-Ripe",Local,21/08/2026,10000,10000,10000
"Tamil Nadu",Thiruchirappalli,"Musiri(Uzhavar Sandhai )","Bitter gourd","Bitter Gourd",Local,21/08/2026,5000,6000,5500
"Tamil Nadu",Thiruchirappalli,"Musiri(Uzhavar Sandhai )","Bottle gourd","Bottle Gourd",Local,21/08/2026,2000,2500,2250
"Tamil Nadu",Thiruchirappalli,"Musiri(Uzhavar Sandhai )",Pumpkin,Pumpkin,Local,21/08/2026,1500,2000,1750
"Tamil Nadu",Thiruchirappalli,"Musiri(Uzhavar Sandhai )",Ginger(Green),"Green Ginger",Local,21/08/2026,15000,16500,15750
"Tamil Nadu",Thiruchirappalli,"Musiri(Uzhavar Sandhai )","Sweet Potato","Hosur Red",Local,21/08/2026,4000,4600,4300
"Tamil Nadu",Thiruchirappalli,"Musiri(Uzhavar Sandhai )","Amla(Nelli Kai)",Amla,Local,21/08/2026,6000,7000,6500
"Tamil Nadu",Thiruchirappalli,"Musiri(Uzhavar Sandhai )","Onion Green","Onion Green",Local,21/08/2026,5000,8000,6500
"Tamil Nadu",Thiruchirappalli,"Thiruverumbur(Uzhavar Sandhai )",Garlic,Garlic,Local,21/08/2026,16000,16000,16000
"Tamil Nadu",Thiruchirappalli,"Thiruverumbur(Uzhavar Sandhai )","Green Chilli","Green Chilly",Local,21/08/2026,5400,5400,5400
"Tamil Nadu",Thiruchirappalli,"Thiruverumbur(Uzhavar Sandhai )",Cowpea(Veg),"Cowpea (Veg)",Local,21/08/2026,3600,3600,3600
"Tamil Nadu",Thiruchirappalli,"Thiruverumbur(Uzhavar Sandhai )","Banana - Green","Banana - Green",Local,21/08/2026,2500,2500,2500
"Tamil Nadu",Thiruchirappalli,"Thiruverumbur(Uzhavar Sandhai )",Beans,"Beans (Whole)",Local,21/08/2026,8000,8000,8000
"Tamil Nadu",Thiruchirappalli,"Thiruverumbur(Uzhavar Sandhai )",Cabbage,Cabbage,Local,21/08/2026,3000,3000,3000
"Tamil Nadu",Thiruchirappalli,"Thiruverumbur(Uzhavar Sandhai )",Snakeguard,Snakeguard,Local,21/08/2026,3600,3600,3600
"Tamil Nadu",Thiruchirappalli,"Thiruverumbur(Uzhavar Sandhai )",Ridgeguard(Tori),Ridgeguard(Tori),Local,21/08/2026,6000,6000,6000
"Tamil Nadu",Thiruchirappalli,"Thiruverumbur(Uzhavar Sandhai )","Chow Chow","Chow Chow",Local,21/08/2026,4000,4000,4000
"Tamil Nadu",Thiruchirappalli,"Thiruverumbur(Uzhavar Sandhai )",Lemon,Lemon,Local,21/08/2026,15000,15000,15000
"Tamil Nadu",Thiruchirappalli,"Thiruverumbur(Uzhavar Sandhai )","Amla(Nelli Kai)",Amla,Local,21/08/2026,8000,8000,8000
"Tamil Nadu",Virudhunagar,"Rajapalayam(Uzhavar Sandhai )",Tomato,Deshi,Local,21/08/2026,1300,1600,1450
"Tamil Nadu",Virudhunagar,"Rajapalayam(Uzhavar Sandhai )","Bottle gourd","Bottle Gourd",Local,21/08/2026,1500,2000,1750
"Tamil Nadu",Virudhunagar,"Rajapalayam(Uzhavar Sandhai )",Cabbage,Cabbage,Local,21/08/2026,3500,4000,3750
"Tamil Nadu",Virudhunagar,"Rajapalayam(Uzhavar Sandhai )",Snakeguard,Snakeguard,Local,21/08/2026,3000,3500,3250
"Tamil Nadu",Virudhunagar,"Rajapalayam(Uzhavar Sandhai )",Ridgeguard(Tori),Ridgeguard(Tori),Local,21/08/2026,3000,3500,3250
"Tamil Nadu",Virudhunagar,"Rajapalayam(Uzhavar Sandhai )","Chow Chow","Chow Chow",Local,21/08/2026,3000,3800,3400
"Tamil Nadu",Virudhunagar,"Rajapalayam(Uzhavar Sandhai )",Lime,Lime,Local,21/08/2026,8000,10000,9000
"Tamil Nadu",Virudhunagar,"Sathur(Uzhavar Sandhai )",Brinjal,Round,Local,21/08/2026,3500,4000,3750
"Tamil Nadu",Virudhunagar,"Sathur(Uzhavar Sandhai )","Bitter gourd","Bitter Gourd",Local,21/08/2026,5500,6000,5750
"Tamil Nadu",Virudhunagar,"Sathur(Uzhavar Sandhai )","Bottle gourd","Bottle Gourd",Local,21/08/2026,1800,2000,1900
"Tamil Nadu",Virudhunagar,"Sathur(Uzhavar Sandhai )","Green Chilli","Green Chilly",Local,21/08/2026,5500,6000,5750
"Tamil Nadu",Virudhunagar,"Sathur(Uzhavar Sandhai )",Ridgeguard(Tori),Ridgeguard(Tori),Local,21/08/2026,5500,6000,5750
"Tamil Nadu",Virudhunagar,"Sivakasi(Uzhavar Sandhai )",Tomato,Deshi,Local,21/08/2026,1500,2000,1750
"Tamil Nadu",Virudhunagar,"Sivakasi(Uzhavar Sandhai )",Cabbage,Cabbage,Local,21/08/2026,2500,3000,2750
"Tamil Nadu",Virudhunagar,"Sivakasi(Uzhavar Sandhai )",Raddish,Raddish,Local,21/08/2026,3500,4000,3750
"Tamil Nadu",Virudhunagar,"Sivakasi(Uzhavar Sandhai )",Drumstick,Drumstick,Local,21/08/2026,3500,4000,3750
"Tamil Nadu",Virudhunagar,"Thalavaipuram(Uzhavar Sandhai )",Cauliflower,Ranchi,Local,21/08/2026,2500,3000,2750
"Tamil Nadu",Virudhunagar,"Thalavaipuram(Uzhavar Sandhai )",Chikoos(Sapota),Sapota,Local,21/08/2026,2800,3500,3150
"Tamil Nadu",Virudhunagar,"Thalavaipuram(Uzhavar Sandhai )",Papaya,Papaya,Local,21/08/2026,2800,3500,3150
"Tamil Nadu",Virudhunagar,"Thalavaipuram(Uzhavar Sandhai )","Bitter gourd",Other,Local,21/08/2026,7500,9000,8250
"Tamil Nadu",Virudhunagar,"Thalavaipuram(Uzhavar Sandhai )","Bottle gourd","Bottle Gourd",Local,21/08/2026,1600,2000,1800
"Tamil Nadu",Virudhunagar,"Thalavaipuram(Uzhavar Sandhai )",Beans,"Beans (Whole)",Local,21/08/2026,7500,9000,8250
"Tamil Nadu",Virudhunagar,"Thalavaipuram(Uzhavar Sandhai )",Snakeguard,Snakeguard,Local,21/08/2026,2800,3500,3150
"Tamil Nadu",Virudhunagar,"Virudhunagar(Uzhavar Sandhai )",Banana,Besrai,Local,21/08/2026,3500,4000,3750
"Tamil Nadu",Virudhunagar,"Virudhunagar(Uzhavar Sandhai )",Tomato,Deshi,Local,21/08/2026,1600,2000,1800
"Tamil Nadu",Virudhunagar,"Virudhunagar(Uzhavar Sandhai )","Bitter gourd","Bitter Gourd",Local,21/08/2026,5500,6000,5750
"Tamil Nadu",Virudhunagar,"Virudhunagar(Uzhavar Sandhai )",Ashgourd,Gouard,Local,21/08/2026,2500,3000,2750
"Tamil Nadu",Virudhunagar,"Virudhunagar(Uzhavar Sandhai )",Pumpkin,Pumpkin,Local,21/08/2026,2500,3000,2750
"Tamil Nadu",Virudhunagar,"Virudhunagar(Uzhavar Sandhai )",Ridgeguard(Tori),Ridgeguard(Tori),Local,21/08/2026,5500,6000,5750
"Tamil Nadu",Virudhunagar,"Virudhunagar(Uzhavar Sandhai )",Raddish,Raddish,Local,21/08/2026,2500,3000,2750
"Tamil Nadu",Virudhunagar,"Virudhunagar(Uzhavar Sandhai )","Chow Chow","Chow Chow",Local,21/08/2026,3500,4000,3750
"Tamil Nadu",Virudhunagar,"Virudhunagar(Uzhavar Sandhai )",Guava,"Guava Allahabad",Local,21/08/2026,4500,5000,4750
"Tamil Nadu",Virudhunagar,"Virudhunagar(Uzhavar Sandhai )","Onion Green","Onion Green",Local,21/08/2026,6500,7000,6750
"Tamil Nadu",Chengalpattu,"Chengalpet(Uzhavar Sandhai )","Green Avare(W)","Green Avare (W)",Local,21/08/2026,6000,7000,6500
"Tamil Nadu",Chengalpattu,"Madhuranthagam(Uzhavar Sandhai )",Brinjal,Round,Local,21/08/2026,5000,5000,5000
"Tamil Nadu",Chengalpattu,"Madhuranthagam(Uzhavar Sandhai )",Tomato,Deshi,Local,21/08/2026,2000,2000,2000
"Tamil Nadu",Chengalpattu,"Madhuranthagam(Uzhavar Sandhai )",Amaranthus,Amaranthus,Local,21/08/2026,3000,3000,3000
"Tamil Nadu",Chengalpattu,"Madhuranthagam(Uzhavar Sandhai )","Green Chilli","Green Chilly",Local,21/08/2026,5000,5000,5000
"Tamil Nadu",Chengalpattu,"Madhuranthagam(Uzhavar Sandhai )","Tender Coconut","Tender Coconut",Local,21/08/2026,3000,4000,3500
"Tamil Nadu",Chengalpattu,"Nanganallur(Uzhavar Sandhai )",Cauliflower,Ranchi,Local,21/08/2026,2500,3000,2750
"Tamil Nadu",Chengalpattu,"Nanganallur(Uzhavar Sandhai )",Brinjal,Round,Local,21/08/2026,3000,3000,3000
"Tamil Nadu",Chengalpattu,"Nanganallur(Uzhavar Sandhai )",Tomato,Deshi,Local,21/08/2026,2000,2500,2250
"Tamil Nadu",Chengalpattu,"Nanganallur(Uzhavar Sandhai )","Bottle gourd","Bottle Gourd",Local,21/08/2026,3500,4000,3750
"Tamil Nadu",Chengalpattu,"Nanganallur(Uzhavar Sandhai )",Amaranthus,Amaranthus,Local,21/08/2026,2000,2500,2250
"Tamil Nadu",Chengalpattu,"Nanganallur(Uzhavar Sandhai )","Green Chilli","Green Chilly",Local,21/08/2026,5000,6000,5500
"Tamil Nadu",Chengalpattu,"Nanganallur(Uzhavar Sandhai )",Ginger(Green),"Green Ginger",Local,21/08/2026,15000,16000,15500
"Tamil Nadu",Chengalpattu,"Nanganallur(Uzhavar Sandhai )",Cucumbar(Kheera),Cucumbar,Local,21/08/2026,6500,7000,6750
"Tamil Nadu",Chengalpattu,"Nanganallur(Uzhavar Sandhai )",Raddish,Raddish,Local,21/08/2026,4500,5000,4750
"Tamil Nadu",Chengalpattu,"Nanganallur(Uzhavar Sandhai )","Green Avare(W)","Green Avare (W)",Local,21/08/2026,7500,8000,7750
"Tamil Nadu",Chengalpattu,"Nanganallur(Uzhavar Sandhai )","Chow Chow","Chow Chow",Local,21/08/2026,4500,5000,4750
"Tamil Nadu",Chengalpattu,"Nanganallur(Uzhavar Sandhai )",Drumstick,Drumstick,Local,21/08/2026,5500,6000,5750
"Tamil Nadu",Chengalpattu,"Nanganallur(Uzhavar Sandhai )","Tender Coconut","Tender Coconut",Local,21/08/2026,5000,6000,5500
"Tamil Nadu",Chengalpattu,"Nanganallur(Uzhavar Sandhai )",Jasmine,Jasmine,Local,21/08/2026,32000,35000,33500
"Tamil Nadu",Chengalpattu,"Nanganallur(Uzhavar Sandhai )","Elephant Yam(Suran)/Amorphophallus","Elephant Yam (Suran)",Local,21/08/2026,6500,7000,6750
"Tamil Nadu",Chengalpattu,"Nanganallur(Uzhavar Sandhai )",Colacasia,Colacasia,Local,21/08/2026,5500,6000,5750
"Tamil Nadu",Chengalpattu,"Nanganallur(Uzhavar Sandhai )",Mint(Pudina),Mint(Pudina),Local,21/08/2026,4500,5000,4750
"Tamil Nadu",Chengalpattu,"Pallavaram(Uzhavar Sandhai )",Coriander(Leaves),"I Sort",Local,21/08/2026,3500,4000,3750
"Tamil Nadu",Chengalpattu,"Pallavaram(Uzhavar Sandhai )","Bottle gourd","Bottle Gourd",Local,21/08/2026,4000,5000,4500
"Tamil Nadu",Chengalpattu,"Pallavaram(Uzhavar Sandhai )",Cowpea(Veg),"Cowpea (Veg)",Local,21/08/2026,7000,8000,7500
"Tamil Nadu",Chengalpattu,"Pallavaram(Uzhavar Sandhai )","Banana - Green","Banana - Green",Local,21/08/2026,3500,4000,3750
"Tamil Nadu",Chengalpattu,"Pallavaram(Uzhavar Sandhai )",Ridgeguard(Tori),Ridgeguard(Tori),Local,21/08/2026,6000,7000,6500
"Tamil Nadu",Chengalpattu,"Pallavaram(Uzhavar Sandhai )",Thondekai,Thondekai,Local,21/08/2026,4000,5000,4500
"Tamil Nadu",Chengalpattu,"Pallavaram(Uzhavar Sandhai )",Capsicum,Capsicum,Local,21/08/2026,6000,7000,6500
"Tamil Nadu",Chengalpattu,"Pallavaram(Uzhavar Sandhai )","Indian Beans(Seam)","Indian Beans (Seam)",Local,21/08/2026,7000,8000,7500
"Tamil Nadu",Chengalpattu,"Pallavaram(Uzhavar Sandhai )","Onion Green","Onion Green",Local,21/08/2026,9000,10000,9500
"Tamil Nadu",Chengalpattu,"Pallavaram(Uzhavar Sandhai )",Mint(Pudina),Mint(Pudina),Local,21/08/2026,3500,4000,3750
"Tamil Nadu","Nagercoil (Kannyiakumari)","Myladi(Uzhavar Sandhai )",Garlic,Garlic,Local,21/08/2026,14000,15000,14500
"Tamil Nadu","Nagercoil (Kannyiakumari)","Myladi(Uzhavar Sandhai )",Cauliflower,Ranchi,Local,21/08/2026,5000,5500,5250
"Tamil Nadu","Nagercoil (Kannyiakumari)","Myladi(Uzhavar Sandhai )","Bhindi(Ladies Finger)",Bhindi,Local,21/08/2026,5500,6000,5750
"Tamil Nadu","Nagercoil (Kannyiakumari)","Myladi(Uzhavar Sandhai )",Mango(Raw-Ripe),"Mango - Raw-Ripe",Local,21/08/2026,6500,7000,6750
"Tamil Nadu",Chengalpattu,"Jameenrayapettai(Uzhavar Sandhai )",Grapes,Annabesahai,Local,21/08/2026,11000,12000,11500
"Tamil Nadu",Chengalpattu,"Jameenrayapettai(Uzhavar Sandhai )",Tomato,Other,Local,21/08/2026,2000,2500,2250
"Tamil Nadu",Chengalpattu,"Jameenrayapettai(Uzhavar Sandhai )","Cluster beans","Cluster Beans",Local,21/08/2026,5000,6000,5500
"Tamil Nadu",Chengalpattu,"Jameenrayapettai(Uzhavar Sandhai )",Pumpkin,Pumpkin,Local,21/08/2026,2000,2500,2250
"Tamil Nadu",Chengalpattu,"Jameenrayapettai(Uzhavar Sandhai )",Tapioca,Tapioca,Local,21/08/2026,3500,4000,3750
"Tamil Nadu",Chengalpattu,"Jameenrayapettai(Uzhavar Sandhai )",Beetroot,Beetroot,Local,21/08/2026,5000,6000,5500
"Tamil Nadu",Chengalpattu,"Jameenrayapettai(Uzhavar Sandhai )",Raddish,Raddish,Local,21/08/2026,4000,5000,4500
"Tamil Nadu",Chengalpattu,"Jameenrayapettai(Uzhavar Sandhai )",Drumstick,Drumstick,Local,21/08/2026,4000,5000,4500
"Tamil Nadu",Thirupur,"Dharapuram(Uzhavar Sandhai )",Onion,Bellary,Local,21/08/2026,4500,5000,4750
"Tamil Nadu",Thirupur,"Dharapuram(Uzhavar Sandhai )",Papaya,Papaya,Local,21/08/2026,2500,3000,2750
"Tamil Nadu",Thirupur,"Dharapuram(Uzhavar Sandhai )","Green Chilli","Green Chilly",Local,21/08/2026,4000,4500,4250
"Tamil Nadu",Thirupur,"Dharapuram(Uzhavar Sandhai )",Ginger(Green),"Green Ginger",Local,21/08/2026,17000,18000,17500
"Tamil Nadu",Thirupur,"Dharapuram(Uzhavar Sandhai )",Coconut,Coconut,Local,21/08/2026,6000,6500,6250
"Tamil Nadu",Thirupur,"Palladam(Uzhavar Sandhai )",Potato,Other,Local,21/08/2026,2500,3000,2750
"Tamil Nadu",Thirupur,"Palladam(Uzhavar Sandhai )",Cauliflower,Ranchi,Local,21/08/2026,3000,3500,3250
"Tamil Nadu",Thirupur,"Palladam(Uzhavar Sandhai )",Brinjal,Other,Local,21/08/2026,3500,4000,3750
"Tamil Nadu",Thirupur,"Palladam(Uzhavar Sandhai )","Green Chilli","Green Chilly",Local,21/08/2026,3500,4000,3750
"Tamil Nadu",Thirupur,"Palladam(Uzhavar Sandhai )",Ridgeguard(Tori),Ridgeguard(Tori),Local,21/08/2026,4000,5000,4500
"Tamil Nadu",Thirupur,"Palladam(Uzhavar Sandhai )",Raddish,Raddish,Local,21/08/2026,3000,3500,3250
"Tamil Nadu",Thirupur,"Palladam(Uzhavar Sandhai )","Chow Chow","Chow Chow",Local,21/08/2026,2500,3000,2750
"Tamil Nadu",Thirupur,"Palladam(Uzhavar Sandhai )",Lemon,Lemon,Local,21/08/2026,11000,12000,11500
"Uttar Pradesh",Sitapur,"Hargaon (Laharpur) APMC",Pumpkin,Pumpkin,Local,21/08/2026,900,910,905
Bihar,Muzaffarpur,"Bhagwanpur Mandi APMC",Potato,Jyoti,"Grade C",21/08/2026,950,950,950
Bihar,Muzaffarpur,"Bhagwanpur Mandi APMC",Potato,"Red Nanital","Grade A",21/08/2026,1100,1100,1100
Bihar,Muzaffarpur,"Bhagwanpur Mandi APMC",Potato,"Red Nanital","Grade B",21/08/2026,1100,1100,1100
Bihar,Muzaffarpur,"Bhagwanpur Mandi APMC","Bhindi(Ladies Finger)",Bhindi,FAQ,21/08/2026,950,950,950
Bihar,Muzaffarpur,"Bhagwanpur Mandi APMC",Onion,"1st Sort","Grade A",21/08/2026,4400,4400,4400
"Tamil Nadu",Kallakuruchi,"Kallakurichi(Uzhavar Sandhai )",Banana,"Red Banana",Local,21/08/2026,8000,8000,8000
"Tamil Nadu",Kallakuruchi,"Kallakurichi(Uzhavar Sandhai )",Potato,"Red Nanital",Local,21/08/2026,3500,3500,3500
"Tamil Nadu",Kallakuruchi,"Kallakurichi(Uzhavar Sandhai )",Garlic,Garlic,Local,21/08/2026,26000,26000,26000
"Tamil Nadu",Kallakuruchi,"Kallakurichi(Uzhavar Sandhai )","Water Melon","Water Melon",Local,21/08/2026,1000,1000,1000
"Tamil Nadu",Kallakuruchi,"Kallakurichi(Uzhavar Sandhai )","Bottle gourd","Bottle Gourd",Local,21/08/2026,1500,1500,1500
"Tamil Nadu",Kallakuruchi,"Kallakurichi(Uzhavar Sandhai )",Pumpkin,Pumpkin,Local,21/08/2026,2500,2500,2500
"Tamil Nadu",Kallakuruchi,"Kallakurichi(Uzhavar Sandhai )",Coconut,Coconut,Local,21/08/2026,6000,6000,6000
"Tamil Nadu",Kallakuruchi,"Kallakurichi(Uzhavar Sandhai )",Beetroot,Beetroot,Local,21/08/2026,6000,6000,6000
"Tamil Nadu",Kallakuruchi,"Kallakurichi(Uzhavar Sandhai )",Ridgeguard(Tori),Ridgeguard(Tori),Local,21/08/2026,4000,4000,4000
"Tamil Nadu",Kallakuruchi,"Kallakurichi(Uzhavar Sandhai )",Capsicum,Capsicum,Local,21/08/2026,9000,9000,9000
"Tamil Nadu",Kallakuruchi,"Kallakurichi(Uzhavar Sandhai )",Colacasia,Colacasia,Local,21/08/2026,4000,4000,4000
"Tamil Nadu",Kallakuruchi,"Kallakurichi(Uzhavar Sandhai )",Rose(Local),"Rose (Local)",Local,21/08/2026,45000,45000,45000
Punjab,Pathankot,"Pathankot APMC",Onion,Onion,Medium,21/08/2026,3500,3600,3546.15
Punjab,Pathankot,"Pathankot APMC","Bottle gourd","Bottle Gourd",Medium,21/08/2026,1400,1400,1400
Punjab,Pathankot,"Pathankot APMC","Bhindi(Ladies Finger)",Bhindi,Medium,21/08/2026,1800,1800,1800
Punjab,Pathankot,"Pathankot APMC",Raddish,Raddish,Medium,21/08/2026,1900,1900,1900
Punjab,Pathankot,"Pathankot APMC",Lemon,Lemon,Medium,21/08/2026,4900,4900,4900
Punjab,Pathankot,"Pathankot APMC",Apple,Apple,Medium,21/08/2026,3600,3600,3600
"Andhra Pradesh",Palnadu,"Gurazala APMC","Chili Red",Red,"Grade Range-1",21/08/2026,17000,27500,24300
"Tamil Nadu",Thirupathur,"Natrampalli(Uzhavar Sandhai )",Banana,Besrai,Local,21/08/2026,5000,6000,5500
"Tamil Nadu",Thirupathur,"Natrampalli(Uzhavar Sandhai )",Onion,Bellary,Local,21/08/2026,4500,5000,4750
"Tamil Nadu",Thirupathur,"Natrampalli(Uzhavar Sandhai )","Cluster beans","Cluster Beans",Local,21/08/2026,3000,4000,3500
"Tamil Nadu",Thirupathur,"Natrampalli(Uzhavar Sandhai )",Coconut,Coconut,Local,21/08/2026,2500,3000,2750
"Tamil Nadu",Thirupathur,"Natrampalli(Uzhavar Sandhai )",Carrot,Pusakesar,Local,21/08/2026,5000,6000,5500
"Tamil Nadu",Thirupathur,"Natrampalli(Uzhavar Sandhai )",Beetroot,Beetroot,Local,21/08/2026,5000,6000,5500
"Tamil Nadu",Thirupathur,"Natrampalli(Uzhavar Sandhai )",Ridgeguard(Tori),Ridgeguard(Tori),Local,21/08/2026,3000,4000,3500
"Tamil Nadu",Thirupathur,"Natrampalli(Uzhavar Sandhai )",Lemon,Lemon,Local,21/08/2026,5000,6000,5500
"Tamil Nadu",Thirupathur,"Natrampalli(Uzhavar Sandhai )",Mint(Pudina),Mint(Pudina),Local,21/08/2026,3500,4000,3750
"Andhra Pradesh",Bapatla,"Chirala APMC",Paddy(Common),"B P T",Local,21/08/2026,2400,2500,2450
"Andhra Pradesh",Palnadu,"Macharla APMC",Cotton,Bunny,"Grade Range-1",21/08/2026,8200,8200,8200
"Andhra Pradesh",Markapuram,"Giddalur APMC","Bengal Gram(Gram)(Whole)",Other,FAQ,21/08/2026,5900,6000,5950
"Uttar Pradesh",Balrampur,"Panchpedwa APMC","Banana - Green","Banana - Green",FAQ,21/08/2026,1150,1300,1250
"Andhra Pradesh",Dr.B.R.A.Konaseema,"Razole APMC",Coconut,Medium,FAQ,21/08/2026,15500,16000,15500
"Tamil Nadu",Salem,"Athur(Uzhavar Sandhai )","Bitter gourd",Other,Local,21/08/2026,4000,4500,4250
"Tamil Nadu",Salem,"Athur(Uzhavar Sandhai )","Bhindi(Ladies Finger)",Bhindi,Local,21/08/2026,3000,3500,3250
"Tamil Nadu",Salem,"Athur(Uzhavar Sandhai )","Banana - Green","Banana - Green",Local,21/08/2026,2000,2400,2200
"Tamil Nadu",Salem,"Athur(Uzhavar Sandhai )",Ginger(Green),"Green Ginger",Local,21/08/2026,17000,18000,17500
"Tamil Nadu",Salem,"Athur(Uzhavar Sandhai )",Capsicum,Capsicum,Local,21/08/2026,8000,8500,8250
"Tamil Nadu",Salem,"Athur(Uzhavar Sandhai )",Jasmine,Jasmine,Local,21/08/2026,75000,80000,77500
"Tamil Nadu",Salem,"Athur(Uzhavar Sandhai )",Marigold(Calcutta),Marigold(Calcutta),Local,21/08/2026,32000,36000,34000
"Tamil Nadu",Salem,"Athur(Uzhavar Sandhai )",Rose(Local),"Rose (Local)",Local,21/08/2026,24000,28000,26000
"Tamil Nadu",Theni,"Periyakulam(Uzhavar Sandhai )",Potato,Other,Local,21/08/2026,2400,2600,2500
"Tamil Nadu",Theni,"Periyakulam(Uzhavar Sandhai )",Tomato,Other,Local,21/08/2026,1600,1800,1700
"Tamil Nadu",Theni,"Periyakulam(Uzhavar Sandhai )","Cluster beans","Cluster Beans",Local,21/08/2026,3200,3400,3300
"Tamil Nadu",Theni,"Periyakulam(Uzhavar Sandhai )","Bitter gourd",Other,Local,21/08/2026,4400,4800,4600
"Tamil Nadu",Theni,"Periyakulam(Uzhavar Sandhai )",Ginger(Green),"Green Ginger",Local,21/08/2026,9000,16000,12500
"Tamil Nadu",Theni,"Periyakulam(Uzhavar Sandhai )",Ridgeguard(Tori),Ridgeguard(Tori),Local,21/08/2026,4600,4800,4700
"Tamil Nadu",Theni,"Periyakulam(Uzhavar Sandhai )","Chow Chow","Chow Chow",Local,21/08/2026,2600,2800,2700
"Tamil Nadu",Virudhunagar,"Srivilliputhur(Uzhavar Sandhai )","Bhindi(Ladies Finger)",Bhindi,Local,21/08/2026,4000,5000,4500
"Tamil Nadu",Virudhunagar,"Srivilliputhur(Uzhavar Sandhai )","Banana - Green","Banana - Green",Local,21/08/2026,2500,3000,2750
"Uttar Pradesh",Hathras,"Shadabad APMC","Bottle gourd","Bottle Gourd",Small,21/08/2026,800,900,850
"Uttar Pradesh",Hathras,"Shadabad APMC",Raddish,Raddish,Small,21/08/2026,400,500,450
"Uttar Pradesh",Hathras,"Shadabad APMC",Pumpkin,Pumpkin,Small,21/08/2026,600,700,650
"West Bengal",Bankura,"Khatra APMC","Sweet Pumpkin","Sweet Pumpkin",FAQ,21/08/2026,1500,1900,1600
"West Bengal",Bankura,"Khatra APMC",Wheat,Sonalika,FAQ,21/08/2026,2600,2850,2700
"West Bengal",Bankura,"Khatra APMC",Brinjal,Round/Long,FAQ,21/08/2026,3500,4300,4000
"Tamil Nadu",Coimbatore,"Vadavalli(Uzhavar Sandhai )",Mango,Neelam,Local,21/08/2026,8000,9000,8500
"Tamil Nadu",Coimbatore,"Vadavalli(Uzhavar Sandhai )","Bottle gourd","Bottle Gourd",Local,21/08/2026,2200,2800,2500
"Tamil Nadu",Coimbatore,"Vadavalli(Uzhavar Sandhai )","Bhindi(Ladies Finger)",Bhindi,Local,21/08/2026,3800,4400,4100
"Tamil Nadu",Coimbatore,"Vadavalli(Uzhavar Sandhai )",Ridgeguard(Tori),Ridgeguard(Tori),Local,21/08/2026,3500,4000,3750
"Tamil Nadu",Coimbatore,"Vadavalli(Uzhavar Sandhai )",Thondekai,Thondekai,Local,21/08/2026,4000,5000,4500
"Tamil Nadu",Coimbatore,"Vadavalli(Uzhavar Sandhai )",Colacasia,Colacasia,Local,21/08/2026,4500,5000,4750
"Tamil Nadu",Coimbatore,"Vadavalli(Uzhavar Sandhai )","Amla(Nelli Kai)",Amla,Local,21/08/2026,7500,8500,8000
"Tamil Nadu",Coimbatore,"Vadavalli(Uzhavar Sandhai )","Onion Green","Onion Green",Local,21/08/2026,7000,7500,7250
"Tamil Nadu",Coimbatore,"Vadavalli(Uzhavar Sandhai )",Mint(Pudina),Mint(Pudina),Local,21/08/2026,4500,5000,4750
Keralam,Wayanad,"Pulpally Market",Banana,Other,Medium,21/08/2026,4400,4600,4500
"West Bengal",Darjeeling,"Karsiyang(Matigara) APMC",Cabbage,Other,FAQ,21/08/2026,2700,2900,2800
"West Bengal",Darjeeling,"Karsiyang(Matigara) APMC",Carrot,Other,FAQ,21/08/2026,3100,3300,3200
"West Bengal",Darjeeling,"Darjeeling APMC",Tomato,Other,FAQ,21/08/2026,3500,3700,3600
"West Bengal","Uttar Dinajpur","Raiganj APMC",Potato,Other,FAQ,21/08/2026,600,650,620
"Uttar Pradesh",Bulandshahar,"Gulavati APMC",Lemon,Other,FAQ,21/08/2026,9100,9300,9200
"Tamil Nadu",Coimbatore,"Udumalpet APMC",Banana,"Red Banana",Local,21/08/2026,7000,7500,7250
"Tamil Nadu",Coimbatore,"Udumalpet APMC",Papaya,Papaya,Local,21/08/2026,2500,3000,2750
"Tamil Nadu",Coimbatore,"Udumalpet APMC",Tomato,Deshi,Local,21/08/2026,1400,1600,1500
"Tamil Nadu",Coimbatore,"Udumalpet APMC",Amaranthus,Amaranthus,Local,21/08/2026,2500,3000,2750
"Tamil Nadu",Coimbatore,"Udumalpet APMC",Cowpea(Veg),"Cowpea (Veg)",Local,21/08/2026,3000,3500,3250
"Tamil Nadu",Coimbatore,"Udumalpet APMC",Tapioca,Tapioca,Local,21/08/2026,3500,4000,3750
"Tamil Nadu",Coimbatore,"Udumalpet APMC",Coconut,Coconut,Local,21/08/2026,5500,6000,5750
"Tamil Nadu",Coimbatore,"Udumalpet APMC",Carrot,Pusakesar,Local,21/08/2026,8500,9000,8750
"Tamil Nadu",Coimbatore,"Udumalpet APMC",Snakeguard,Snakeguard,Local,21/08/2026,3500,4000,3750
"Tamil Nadu",Coimbatore,"Udumalpet APMC",Raddish,Raddish,Local,21/08/2026,2500,3000,2750
"Tamil Nadu",Coimbatore,"Udumalpet APMC","Chow Chow","Chow Chow",Local,21/08/2026,3500,4000,3750
"Tamil Nadu",Coimbatore,"Udumalpet APMC",Drumstick,Drumstick,Local,21/08/2026,2500,3000,2750
"Tamil Nadu",Coimbatore,"Udumalpet APMC",Guava,"Guava Allahabad",Local,21/08/2026,4000,5000,4500
"Tamil Nadu",Coimbatore,"Udumalpet APMC",Yam(Ratalu),"Yam (Ratalu)",Local,21/08/2026,10000,11000,10500
"Himachal Pradesh",Kangra,"SMY Nagrota Bagwan",Apple,Apple,Medium,21/08/2026,4000,18000,12000
"Himachal Pradesh",Kangra,"SMY Nagrota Bagwan",Banana,Other,Medium,21/08/2026,4000,4800,4400
"Himachal Pradesh",Kangra,"SMY Nagrota Bagwan",Pineapple,"Pine Apple",Medium,21/08/2026,4000,4200,4100
"West Bengal",Darjeeling,"Siliguri APMC",Potato,Jyoti,FAQ,21/08/2026,640,670,660
"West Bengal",Darjeeling,"Siliguri APMC","Green Chilli","Green Chilly",FAQ,21/08/2026,4500,5000,4800
"West Bengal",Darjeeling,"Siliguri APMC","Squash(Chappal Kadoo)",Other,FAQ,21/08/2026,1200,1400,1300
"West Bengal",Darjeeling,"Siliguri APMC","Green Gram Dal(Moong Dal)","Green Gram Dal",FAQ,21/08/2026,9600,9800,9700
Punjab,Tarntaran,"Bhikhiwind APMC",Ridgeguard(Tori),Ridgeguard(Tori),Local,21/08/2026,1000,1000,1000
"Tamil Nadu",Erode,"Gobichettipalayam(Uzhavar Sandhai )",Banana,Besrai,Local,21/08/2026,2200,2600,2400
"Tamil Nadu",Erode,"Gobichettipalayam(Uzhavar Sandhai )","Bitter gourd","Bitter Gourd",Local,21/08/2026,5500,6000,5750
"Tamil Nadu",Erode,"Gobichettipalayam(Uzhavar Sandhai )",Ashgourd,Gouard,Local,21/08/2026,3000,3500,3250
"Tamil Nadu",Erode,"Gobichettipalayam(Uzhavar Sandhai )","Green Chilli","Green Chilly",Local,21/08/2026,3800,4000,3900
"Tamil Nadu",Erode,"Gobichettipalayam(Uzhavar Sandhai )","Green Avare(W)","Green Avare (W)",Local,21/08/2026,5500,6000,5750
"Tamil Nadu",Erode,"Gobichettipalayam(Uzhavar Sandhai )",Guava,"Guava Allahabad",Local,21/08/2026,5500,6000,5750
"Tamil Nadu",Erode,"Sampath Nagar(Uzhavar Sandhai )","Mousambi(Sweet Lime)",Mousambi,Local,21/08/2026,5000,5500,5250
"Tamil Nadu",Erode,"Sampath Nagar(Uzhavar Sandhai )",Pumpkin,Pumpkin,Local,21/08/2026,2000,2200,2100
"Tamil Nadu",Erode,"Sampath Nagar(Uzhavar Sandhai )",Coconut,Coconut,Local,21/08/2026,5000,5500,5250
"Tamil Nadu",Erode,"Sampath Nagar(Uzhavar Sandhai )",Beetroot,Beetroot,Local,21/08/2026,7500,7800,7650
"Tamil Nadu",Erode,"Sampath Nagar(Uzhavar Sandhai )","Green Avare(W)",Other,Local,21/08/2026,5500,5800,5650
"Tamil Nadu",Erode,"Sampath Nagar(Uzhavar Sandhai )","Chow Chow","Chow Chow",Local,21/08/2026,3000,3500,3250
"Tamil Nadu",Erode,"Sampath Nagar(Uzhavar Sandhai )",Pomegranate,Pomogranate,Local,21/08/2026,17000,17500,17250
"Tamil Nadu",Erode,"Sampath Nagar(Uzhavar Sandhai )","Tender Coconut","Tender Coconut",Local,21/08/2026,3000,4000,3500
"Andhra Pradesh",Kakinada,"Samalkot APMC",Paddy(Common),Paddy,FAQ,21/08/2026,2369,2380,2369
"Tamil Nadu",Pudukkottai,"Ponnamaravathi(Uzhavar Sandhai)",Brinjal,Round,Local,21/08/2026,6500,7000,6750
"Tamil Nadu",Pudukkottai,"Ponnamaravathi(Uzhavar Sandhai)","Cluster beans","Cluster Beans",Local,21/08/2026,4500,5000,4750
"Tamil Nadu",Pudukkottai,"Ponnamaravathi(Uzhavar Sandhai)",Pumpkin,Pumpkin,Local,21/08/2026,1000,1500,1250
"Tamil Nadu",Pudukkottai,"Ponnamaravathi(Uzhavar Sandhai)","Green Chilli","Green Chilly",Local,21/08/2026,6000,6500,6250
"Tamil Nadu",Pudukkottai,"Ponnamaravathi(Uzhavar Sandhai)",Cowpea(Veg),"Cowpea (Veg)",Local,21/08/2026,1500,2000,1750
"Tamil Nadu",Pudukkottai,"Ponnamaravathi(Uzhavar Sandhai)","Banana - Green","Banana - Green",Local,21/08/2026,2500,3000,2750
"Tamil Nadu",Pudukkottai,"Ponnamaravathi(Uzhavar Sandhai)",Ridgeguard(Tori),Ridgeguard(Tori),Local,21/08/2026,6500,7000,6750
Odisha,Kalahandi,"Bhawanipatna APMC","Bhindi(Ladies Finger)",Bhindi,Local,21/08/2026,3200,3200,3200
Odisha,Kalahandi,"Bhawanipatna APMC",Pumpkin,Pumpkin,Local,21/08/2026,2000,2000,2000
"Tamil Nadu",Nagapattinam,"Mayiladuthurai(Uzhavar Sandhai )",Potato,"Red Nanital",Local,21/08/2026,3000,3000,3000
"Tamil Nadu",Nagapattinam,"Mayiladuthurai(Uzhavar Sandhai )",Brinjal,Round,Local,21/08/2026,4500,5000,4750
"Tamil Nadu",Nagapattinam,"Mayiladuthurai(Uzhavar Sandhai )","Cluster beans","Cluster Beans",Local,21/08/2026,4500,5000,4750
"Tamil Nadu",Nagapattinam,"Mayiladuthurai(Uzhavar Sandhai )","Banana - Green","Banana - Green",Local,21/08/2026,3000,3500,3250
"Tamil Nadu",Nagapattinam,"Mayiladuthurai(Uzhavar Sandhai )","Green Avare(W)","Green Avare (W)",Local,21/08/2026,7000,8000,7500
"Tamil Nadu",Nagapattinam,"Mayiladuthurai(Uzhavar Sandhai )",Mango(Raw-Ripe),"Mango - Raw-Ripe",Local,21/08/2026,3500,4000,3750
"Tamil Nadu",Nagapattinam,"Mayiladuthurai(Uzhavar Sandhai )","Tender Coconut","Tender Coconut",Local,21/08/2026,2000,2500,2250
"Tamil Nadu",Pudukkottai,"Viralimalai(Uzhavar Sandhai )",Onion,Bellary,Local,21/08/2026,4000,5000,4500
"Tamil Nadu",Pudukkottai,"Viralimalai(Uzhavar Sandhai )",Brinjal,Round,Local,21/08/2026,5000,6000,5500
"Tamil Nadu",Pudukkottai,"Viralimalai(Uzhavar Sandhai )","Bitter gourd","Bitter Gourd",Local,21/08/2026,7000,8000,7500
"Tamil Nadu",Pudukkottai,"Viralimalai(Uzhavar Sandhai )","Bottle gourd","Bottle Gourd",Local,21/08/2026,2000,2500,2250
"Tamil Nadu",Pudukkottai,"Viralimalai(Uzhavar Sandhai )",Raddish,Raddish,Local,21/08/2026,3500,4000,3750
"Tamil Nadu",Ramanathapuram,"Kamuthi(Uzhavar Sandhai )","Bhindi(Ladies Finger)",Bhindi,Local,21/08/2026,6000,6500,6250
"Tamil Nadu",Ramanathapuram,"Paramakudi(Uzhavar Sandhai )",Soyabean,Local,Local,21/08/2026,9000,10000,9500
"Tamil Nadu",Ramanathapuram,"Paramakudi(Uzhavar Sandhai )","Bottle gourd","Bottle Gourd",Local,21/08/2026,2000,2500,2250
"Tamil Nadu",Ramanathapuram,"Paramakudi(Uzhavar Sandhai )","Banana - Green","Banana - Green",Local,21/08/2026,3000,3200,3100
"Tamil Nadu",Ramanathapuram,"Paramakudi(Uzhavar Sandhai )",Ridgeguard(Tori),Ridgeguard(Tori),Local,21/08/2026,5500,6000,5750
"Tamil Nadu",Ramanathapuram,"Paramakudi(Uzhavar Sandhai )",Yam(Ratalu),"Yam (Ratalu)",Local,21/08/2026,6500,6800,6650
"Tamil Nadu",Pudukkottai,"Alangudi(Uzhavar Sandhai )",Banana,Karpura,Local,21/08/2026,4500,5000,4750
"Tamil Nadu",Pudukkottai,"Alangudi(Uzhavar Sandhai )","Cluster beans","Cluster Beans",Local,21/08/2026,4000,4500,4250
"Tamil Nadu",Pudukkottai,"Alangudi(Uzhavar Sandhai )","Green Chilli","Green Chilly",Local,21/08/2026,6000,7000,6500
"Tamil Nadu",Pudukkottai,"Alangudi(Uzhavar Sandhai )","Banana - Green","Banana - Green",Local,21/08/2026,2500,3000,2750
"Tamil Nadu",Thiruvannamalai,"Arani(Uzhavar Sandhai )",Tomato,Deshi,Local,21/08/2026,1500,2000,1750
"Tamil Nadu",Thiruvannamalai,"Arani(Uzhavar Sandhai )","Green Chilli","Green Chilly",Local,21/08/2026,5000,6000,5500
"Tamil Nadu",Thiruvannamalai,"Arani(Uzhavar Sandhai )",Ginger(Green),"Green Ginger",Local,21/08/2026,20000,24000,22000
"Tamil Nadu",Thiruvannamalai,"Arani(Uzhavar Sandhai )","Sweet Potato","Hosur Red",Local,21/08/2026,3000,4000,3500
"Tamil Nadu",Thiruvannamalai,"Arani(Uzhavar Sandhai )",Carrot,Pusakesar,Local,21/08/2026,6000,7200,6600
"Tamil Nadu",Thiruvannamalai,"Arani(Uzhavar Sandhai )","Chow Chow","Chow Chow",Local,21/08/2026,4000,4800,4400
"Tamil Nadu",Thiruvannamalai,"Arani(Uzhavar Sandhai )",Drumstick,Drumstick,Local,21/08/2026,3500,4200,3850
"Tamil Nadu",Thiruvannamalai,"Arani(Uzhavar Sandhai )",Guava,"Guava Allahabad",Local,21/08/2026,4000,5000,4500
"Tamil Nadu",Thiruvannamalai,"Arani(Uzhavar Sandhai )",Lemon,Lemon,Local,21/08/2026,10000,12000,11000
"Tamil Nadu",Thiruvannamalai,"Polur(Uzhavar Sandhai )",Potato,"Red Nanital",Local,21/08/2026,3300,4000,3650
"Tamil Nadu",Thiruvannamalai,"Polur(Uzhavar Sandhai )",Brinjal,Round,Local,21/08/2026,4000,4800,4400
"Tamil Nadu",Thiruvannamalai,"Polur(Uzhavar Sandhai )",Papaya,Papaya,Local,21/08/2026,2500,3000,2750
"Tamil Nadu",Thiruvannamalai,"Polur(Uzhavar Sandhai )","Bitter gourd","Bitter Gourd",Local,21/08/2026,4000,4800,4400
"Tamil Nadu",Thiruvannamalai,"Polur(Uzhavar Sandhai )","Bottle gourd","Bottle Gourd",Local,21/08/2026,1600,2000,1800
"Tamil Nadu",Thiruvannamalai,"Polur(Uzhavar Sandhai )",Pumpkin,Pumpkin,Local,21/08/2026,1600,2000,1800
"Tamil Nadu",Thiruvannamalai,"Polur(Uzhavar Sandhai )","Chow Chow","Chow Chow",Local,21/08/2026,3300,4000,3650
"Tamil Nadu",Thiruvannamalai,"Polur(Uzhavar Sandhai )","Jack Fruit(Ripe)","Jack Fruit",Local,21/08/2026,1600,2000,1800
"Tamil Nadu",Thiruvannamalai,"Tiruvannamalai(Uzhavar Sandhai )",Groundnut,"Big (With Shell)",Local,21/08/2026,7000,8000,7500
"Tamil Nadu",Thiruvannamalai,"Tiruvannamalai(Uzhavar Sandhai )",Banana,Besrai,Local,21/08/2026,4000,5000,4500
"Tamil Nadu",Thiruvannamalai,"Tiruvannamalai(Uzhavar Sandhai )",Grapes,Annabesahai,Local,21/08/2026,8000,10000,9000
"Tamil Nadu",Thiruvannamalai,"Tiruvannamalai(Uzhavar Sandhai )","Cluster beans","Cluster Beans",Local,21/08/2026,4000,5000,4500
"Tamil Nadu",Thiruvannamalai,"Tiruvannamalai(Uzhavar Sandhai )","Bitter gourd","Bitter Gourd",Local,21/08/2026,5000,6000,5500
"Tamil Nadu",Thiruvannamalai,"Tiruvannamalai(Uzhavar Sandhai )","Bhindi(Ladies Finger)",Bhindi,Local,21/08/2026,2500,3000,2750
"Tamil Nadu",Thiruvannamalai,"Tiruvannamalai(Uzhavar Sandhai )",Amaranthus,Amaranthus,Local,21/08/2026,3000,4000,3500
"Tamil Nadu",Thiruvannamalai,"Tiruvannamalai(Uzhavar Sandhai )",Coconut,Coconut,Local,21/08/2026,4000,5000,4500
"Tamil Nadu",Thiruvannamalai,"Tiruvannamalai(Uzhavar Sandhai )",Beetroot,Beetroot,Local,21/08/2026,4000,4500,4250
"Tamil Nadu",Thiruvannamalai,"Tiruvannamalai(Uzhavar Sandhai )",Cucumbar(Kheera),Cucumbar,Local,21/08/2026,4000,5000,4500
"Tamil Nadu",Thiruvannamalai,"Tiruvannamalai(Uzhavar Sandhai )",Lime,Lime,Local,21/08/2026,3500,4000,3750
"Tamil Nadu",Thiruvannamalai,"Tiruvannamalai(Uzhavar Sandhai )","Karbuja(Musk Melon)",Karbhuja,Local,21/08/2026,3000,3500,3250
"Tamil Nadu",Thiruvannamalai,"Tiruvannamalai(Uzhavar Sandhai )",Pomegranate,Pomogranate,Local,21/08/2026,14000,16000,15000
"Tamil Nadu",Thiruvannamalai,"Tiruvannamalai(Uzhavar Sandhai )",Marigold(Calcutta),Marigold(Calcutta),Local,21/08/2026,30000,35000,32500
"Tamil Nadu",Thiruvellore,"Naravarikuppam(Uzhavar Sandhai )",Tomato,Deshi,Local,21/08/2026,2000,2000,2000
"Tamil Nadu",Thiruvellore,"Paruthipattu(Uzhavar Sandhai )",Onion,Bellary,Local,21/08/2026,3500,3500,3500
"Tamil Nadu",Thiruvellore,"Paruthipattu(Uzhavar Sandhai )","Bitter gourd","Bitter Gourd",Local,21/08/2026,5000,5000,5000
"Tamil Nadu",Thiruvellore,"Paruthipattu(Uzhavar Sandhai )",Carrot,Pusakesar,Local,21/08/2026,6000,6000,6000
"Tamil Nadu",Thiruvellore,"Paruthipattu(Uzhavar Sandhai )",Capsicum,Capsicum,Local,21/08/2026,6000,6000,6000
"Tamil Nadu",Tuticorin,"Kovilpatti(Uzhavar Sandhai )",Onion,Bellary,Local,21/08/2026,5000,5500,5250
"Tamil Nadu",Tuticorin,"Kovilpatti(Uzhavar Sandhai )",Tomato,Local,Local,21/08/2026,2000,2500,2250
"Tamil Nadu",Tuticorin,"Kovilpatti(Uzhavar Sandhai )","Bhindi(Ladies Finger)",Bhindi,Local,21/08/2026,3500,4000,3750
"Tamil Nadu",Tuticorin,"Kovilpatti(Uzhavar Sandhai )",Beetroot,Beetroot,Local,21/08/2026,4500,5000,4750
"Tamil Nadu",Tuticorin,"Kovilpatti(Uzhavar Sandhai )",Ridgeguard(Tori),Ridgeguard(Tori),Local,21/08/2026,7500,8000,7750
"Tamil Nadu",Tuticorin,"Kovilpatti(Uzhavar Sandhai )",Raddish,Raddish,Local,21/08/2026,3500,4000,3750
"Tamil Nadu",Tuticorin,"Kovilpatti(Uzhavar Sandhai )",Thondekai,Thondekai,Local,21/08/2026,5000,5500,5250
"Tamil Nadu",Tuticorin,"Kovilpatti(Uzhavar Sandhai )",Mango(Raw-Ripe),"Mango - Raw-Ripe",Local,21/08/2026,6500,7000,6750
"Tamil Nadu",Tuticorin,"Kovilpatti(Uzhavar Sandhai )","Indian Beans(Seam)","Indian Beans (Seam)",Local,21/08/2026,7500,8000,7750
"Tamil Nadu",Vellore,"Gudiyatham(Uzhavar Sandhai )",Tomato,Local,Local,21/08/2026,1600,1600,1600
"Tamil Nadu",Vellore,"Gudiyatham(Uzhavar Sandhai )","Bitter gourd","Bitter Gourd",Local,21/08/2026,4600,4600,4600
"Tamil Nadu",Vellore,"Gudiyatham(Uzhavar Sandhai )",Amaranthus,Amaranthus,Local,21/08/2026,4000,4000,4000
"Tamil Nadu",Vellore,"Gudiyatham(Uzhavar Sandhai )",Cabbage,Cabbage,Local,21/08/2026,3600,3600,3600
"Tamil Nadu",Vellore,"Gudiyatham(Uzhavar Sandhai )",Ridgeguard(Tori),Ridgeguard(Tori),Local,21/08/2026,3600,3600,3600
"Tamil Nadu",Vellore,"Gudiyatham(Uzhavar Sandhai )",Lime,Lime,Local,21/08/2026,5000,5000,5000
"Tamil Nadu",Vellore,"Gudiyatham(Uzhavar Sandhai )","Tender Coconut","Tender Coconut",Local,21/08/2026,3000,3000,3000
"Tamil Nadu",Vellore,"Kahithapattarai(Uzhavar Sandhai )",Banana,Besrai,Local,21/08/2026,5000,6000,5500
"Tamil Nadu",Vellore,"Kahithapattarai(Uzhavar Sandhai )",Potato,Other,Local,21/08/2026,2800,2800,2800
"Tamil Nadu",Vellore,"Kahithapattarai(Uzhavar Sandhai )","Water Melon","Water Melon",Local,21/08/2026,3000,3000,3000
"Tamil Nadu",Vellore,"Kahithapattarai(Uzhavar Sandhai )","Bitter gourd","Bitter Gourd",Local,21/08/2026,4600,4600,4600
"Tamil Nadu",Vellore,"Kahithapattarai(Uzhavar Sandhai )",Cowpea(Veg),"Cowpea (Veg)",Local,21/08/2026,2500,2500,2500
"Tamil Nadu",Vellore,"Kahithapattarai(Uzhavar Sandhai )",Ginger(Green),"Green Ginger",Local,21/08/2026,8000,8000,8000
"Tamil Nadu",Vellore,"Kahithapattarai(Uzhavar Sandhai )",Coconut,Coconut,Local,21/08/2026,2500,2500,2500
"Tamil Nadu",Vellore,"Kahithapattarai(Uzhavar Sandhai )",Carrot,Pusakesar,Local,21/08/2026,4000,4000,4000
"Tamil Nadu",Vellore,"Kahithapattarai(Uzhavar Sandhai )","Knool Khol","Knool Khol",Local,21/08/2026,3000,3000,3000
"Tamil Nadu",Vellore,"Kahithapattarai(Uzhavar Sandhai )",Guava,"Guava Allahabad",Local,21/08/2026,4000,4000,4000
"Tamil Nadu",Vellore,"Kahithapattarai(Uzhavar Sandhai )","Sweet Corn ","Sweet Corn ",Local,21/08/2026,3500,3500,3500
"Andhra Pradesh",Palnadu,"Chilakaluripet APMC","Bengal Gram(Gram)(Whole)",Gulabi,Local,21/08/2026,5000,5600,5200
"Andhra Pradesh",Prakasam,"Darsi APMC",Cotton,Desi,Local,21/08/2026,8100,8200,8200
Haryana,Rewari,"Rewari APMC",Apple,Apple,Medium,21/08/2026,4000,25000,15000
Haryana,Rewari,"Rewari APMC",Potato,Other,Medium,21/08/2026,600,2500,1500
Punjab,Hoshiarpur,"Mukerian APMC",Papaya,Papaya,"Grade B",21/08/2026,2000,3000,2500
Punjab,Hoshiarpur,"Mukerian APMC",Pomegranate,Pomogranate,"Grade B",21/08/2026,12000,14000,13000
Punjab,Hoshiarpur,"Mukerian APMC",Cauliflower,Cauliflower,"Grade B",21/08/2026,3500,5500,4500
Punjab,Ludhiana,"Samrala APMC",Cauliflower,Other,Local,21/08/2026,2200,3000,2500
Punjab,Ludhiana,"Samrala APMC",Ginger(Green),Other,Local,21/08/2026,8500,10000,9000
Odisha,Dhenkanal,"Hindol APMC",Brinjal,Brinjal,"Grade B",21/08/2026,5000,6000,5500
Odisha,Dhenkanal,"Hindol APMC",Cucumbar(Kheera),Cucumbar,"Grade B",21/08/2026,4500,5000,4800
Odisha,Dhenkanal,"Hindol APMC",Potato,Potato,"Grade B",21/08/2026,1400,1600,1500
Telangana,Khammam,"Sattupally APMC",Paddy(Common),"Samba Masuri",Non-FAQ,21/08/2026,2300,2369,2350
"Tamil Nadu",Thiruvannamalai,"Cheyyar(Uzhavar Sandhai )",Brinjal,Other,Local,21/08/2026,3000,3700,3350
"Tamil Nadu",Thiruvannamalai,"Cheyyar(Uzhavar Sandhai )",Coriander(Leaves),"I Sort",Local,21/08/2026,4000,5000,4500
"Tamil Nadu",Thiruvannamalai,"Cheyyar(Uzhavar Sandhai )",Papaya,Papaya,Local,21/08/2026,3200,4000,3600
"Tamil Nadu",Thiruvannamalai,"Cheyyar(Uzhavar Sandhai )",Pumpkin,Pumpkin,Local,21/08/2026,2500,3000,2750
"Tamil Nadu",Thiruvannamalai,"Cheyyar(Uzhavar Sandhai )","Green Chilli","Green Chilly",Local,21/08/2026,4800,6000,5400
"Tamil Nadu",Thiruvannamalai,"Cheyyar(Uzhavar Sandhai )","Banana - Green","Banana - Green",Local,21/08/2026,1500,2000,1750
"Tamil Nadu",Thiruvannamalai,"Cheyyar(Uzhavar Sandhai )",Cabbage,Cabbage,Local,21/08/2026,3000,3600,3300
"Tamil Nadu",Thiruvannamalai,"Cheyyar(Uzhavar Sandhai )",Cucumbar(Kheera),Cucumbar,Local,21/08/2026,2500,3000,2750
"Tamil Nadu",Thiruvannamalai,"Cheyyar(Uzhavar Sandhai )","Green Avare(W)",Other,Local,21/08/2026,3500,4200,3850
"Tamil Nadu",Thiruvannamalai,"Cheyyar(Uzhavar Sandhai )",Drumstick,Drumstick,Local,21/08/2026,3500,4200,3850
"Tamil Nadu",Thiruvannamalai,"Cheyyar(Uzhavar Sandhai )",Mint(Pudina),Mint(Pudina),Local,21/08/2026,3700,4500,4100
Odisha,Sundergarh,"Panposh APMC","Bottle gourd","Bottle Gourd",FAQ,21/08/2026,2000,2500,2200
Odisha,Nayagarh,"Bahadajholla APMC",Cauliflower,Other,"Grade B",21/08/2026,5123,5300,5300
Odisha,Nayagarh,"Bahadajholla APMC",Cucumbar(Kheera),Cucumbar,"Grade B",21/08/2026,3466,3500,3500
"Tamil Nadu",Ariyalur,"Ariyalur(Uzhavar Sandhai)",Tomato,Deshi,Local,21/08/2026,2400,2800,2600
"Tamil Nadu",Ariyalur,"Ariyalur(Uzhavar Sandhai)","Bhindi(Ladies Finger)",Bhindi,Local,21/08/2026,3500,4000,3750
"Tamil Nadu",Ariyalur,"Ariyalur(Uzhavar Sandhai)",Beetroot,Beetroot,Local,21/08/2026,4000,4500,4250
"Tamil Nadu",Ariyalur,"Ariyalur(Uzhavar Sandhai)",Drumstick,Drumstick,Local,21/08/2026,3500,4000,3750
Haryana,Mahendragarh-Narnaul,"Narnaul APMC",Raddish,Raddish,Medium,21/08/2026,2000,3500,3000
Haryana,Mahendragarh-Narnaul,"Narnaul APMC",Spinach,Spinach,Medium,21/08/2026,2000,3000,2500
Haryana,Mahendragarh-Narnaul,"Narnaul APMC",Cauliflower,Cauliflower,Medium,21/08/2026,5000,6000,5500
Haryana,Mahendragarh-Narnaul,"Narnaul APMC",Cabbage,Cabbage,Medium,21/08/2026,3000,4000,3500
Haryana,Mahendragarh-Narnaul,"Narnaul APMC","Green Chilli","Green Chilly",Medium,21/08/2026,2500,4000,3500
Haryana,Mahendragarh-Narnaul,"Narnaul APMC",Onion,Onion,Medium,21/08/2026,3000,4000,3500
Haryana,Mahendragarh-Narnaul,"Narnaul APMC",Apple,Apple,Medium,21/08/2026,8000,15000,12000
"Uttar Pradesh",Raebarelli,"Lalganj APMC","Bottle gourd","Bottle Gourd",FAQ,21/08/2026,1400,1600,1500
"Uttar Pradesh",Raebarelli,"Lalganj APMC","Pointed gourd(Parval)","Pointed gourd (Parval)",FAQ,21/08/2026,2100,2300,2200
Uttarakhand,Haridwar,"Haridwar Union APMC",Onion,Other,Medium,21/08/2026,2000,4000,3000
Uttarakhand,Haridwar,"Haridwar Union APMC",Apple,Other,Medium,21/08/2026,7500,10000,8500
Uttarakhand,Haridwar,"Haridwar Union APMC",Tomato,Other,Medium,21/08/2026,1200,2200,1600
Uttarakhand,Haridwar,"Haridwar Union APMC",Banana,Other,Medium,21/08/2026,1200,1800,1600
Uttarakhand,Haridwar,"Haridwar Union APMC",Mango,Other,Local,21/08/2026,2000,3000,2500
Bihar,Siwan,"Maharjganj APMC","Green Chilli","Green Chilly",FAQ,21/08/2026,4000,4000,4000
Bihar,Siwan,"Maharjganj APMC",Onion,"1st Sort",FAQ,21/08/2026,3200,3200,3200
Rajasthan,Bharatpur,"Bayana APMC",Onion,Onion,Local,21/08/2026,2400,2400,2400
Punjab,Hoshiarpur,"Tanda Urmur APMC",Apple,Apple,"Grade A",21/08/2026,8000,10000,9000
Punjab,Hoshiarpur,"Tanda Urmur APMC","Bitter gourd","Bitter Gourd","Grade A",21/08/2026,3000,3500,3200
Punjab,Hoshiarpur,"Tanda Urmur APMC",Potato,Local,"Grade A",21/08/2026,1200,1400,1300
Punjab,Ludhiana,"Doraha APMC",Tomato,Deshi,Local,21/08/2026,2000,3000,2500
Odisha,Boudh,"Boudh APMC",Tomato,Other,Local,21/08/2026,2500,3500,3000
Odisha,Boudh,"Boudh APMC",Cucumbar(Kheera),Other,Local,21/08/2026,4500,5500,5000
Odisha,Mayurbhanja,"Betnoti APMC",Papaya(Raw),Other,FAQ,21/08/2026,2500,2900,2700
Odisha,Mayurbhanja,"Betnoti APMC","Bottle gourd","Bottle Gourd",FAQ,21/08/2026,2800,3200,3000
Keralam,Alappuzha,"Chengannur Market","Elephant Yam(Suran)/Amorphophallus",Amorphophallus,FAQ,21/08/2026,4700,5000,4800
Keralam,Alappuzha,"Chengannur Market",Onion,Small,FAQ,21/08/2026,7700,8000,7800
Haryana,Gurgaon,"Gurgaon APMC",Capsicum,Other,"Grade B",21/08/2026,2000,3000,2500
"Tamil Nadu",Coimbatore,"Sundarapuram(Uzhavar Sandhai )",Mango,Neelam,Local,21/08/2026,8000,9000,8500
"Tamil Nadu",Coimbatore,"Sundarapuram(Uzhavar Sandhai )",Onion,Bellary,Local,21/08/2026,5000,5500,5250
"Tamil Nadu",Coimbatore,"Sundarapuram(Uzhavar Sandhai )","Bitter gourd",Other,Local,21/08/2026,5500,6000,5750
"Tamil Nadu",Coimbatore,"Sundarapuram(Uzhavar Sandhai )","Green Chilli","Green Chilly",Local,21/08/2026,4200,4800,4500
"Tamil Nadu",Coimbatore,"Sundarapuram(Uzhavar Sandhai )",Beans,"Beans (Whole)",Local,21/08/2026,8000,8500,8250
"Tamil Nadu",Coimbatore,"Sundarapuram(Uzhavar Sandhai )",Tapioca,Tapioca,Local,21/08/2026,3000,3500,3250
"Tamil Nadu",Coimbatore,"Sundarapuram(Uzhavar Sandhai )",Ginger(Green),"Green Ginger",Local,21/08/2026,17000,18000,17500
"Tamil Nadu",Coimbatore,"Sundarapuram(Uzhavar Sandhai )",Carrot,Pusakesar,Local,21/08/2026,7500,8000,7750
"Tamil Nadu",Coimbatore,"Sundarapuram(Uzhavar Sandhai )",Cabbage,Cabbage,Local,21/08/2026,3000,3500,3250
"Tamil Nadu",Coimbatore,"Sundarapuram(Uzhavar Sandhai )",Beetroot,Beetroot,Local,21/08/2026,7000,7600,7300
"Tamil Nadu",Coimbatore,"Sundarapuram(Uzhavar Sandhai )",Capsicum,Capsicum,Local,21/08/2026,5000,5500,5250
"Tamil Nadu",Coimbatore,"Sundarapuram(Uzhavar Sandhai )","Chow Chow","Chow Chow",Local,21/08/2026,3500,4000,3750
Haryana,Rohtak,Meham,Guava,Guava,Medium,21/08/2026,3000,4000,3500
"Uttar Pradesh","Khiri (Lakhimpur)","Maigalganj APMC","Bottle gourd","Bottle Gourd",FAQ,21/08/2026,1010,1030,1020
"Uttar Pradesh","Khiri (Lakhimpur)","Maigalganj APMC","Banana - Green","Banana - Green",FAQ,21/08/2026,1780,1815,1800
Punjab,Gurdaspur,"Kalanaur APMC","Bhindi(Ladies Finger)",Other,"Grade A",21/08/2026,4100,4100,4100
"Himachal Pradesh",Kangra,"SMY Baijnath",Brinjal,Brinjal,"Grade A",21/08/2026,2700,3400,3200
"Himachal Pradesh",Kangra,"SMY Baijnath","Green Chilli","Green Chilly","Grade A",21/08/2026,4500,5000,4500
"Himachal Pradesh",Kangra,"SMY Baijnath",Cabbage,Cabbage,"Grade A",21/08/2026,2400,2800,2500
"Himachal Pradesh",Kangra,"SMY Baijnath",Pumpkin,Other,"Grade B",21/08/2026,2400,2500,2500
"Himachal Pradesh",Kangra,"SMY Baijnath","Bottle gourd","Bottle Gourd","Grade A",21/08/2026,2500,3500,3200
"Himachal Pradesh",Kangra,"SMY Baijnath",Capsicum,Capsicum,"Grade A",21/08/2026,5500,6000,6000
"Himachal Pradesh",Kangra,"SMY Jaisinghpur",Pear(Marasebu),Pears,Medium,21/08/2026,7000,10000,8500
"Himachal Pradesh",Kangra,"SMY Jaisinghpur","Bitter gourd","Bitter Gourd",FAQ,21/08/2026,3800,4200,4000
"Himachal Pradesh",Kangra,"SMY Jaisinghpur","French Beans(Frasbean)","French Beans (Frasbean)",FAQ,21/08/2026,6500,7500,7000
Punjab,Hoshiarpur,"Garh Shankar(Mahalpur) APMC",Cucumbar(Kheera),Cucumbar,FAQ,21/08/2026,2500,2500,2500
Punjab,Hoshiarpur,"Garh Shankar(Mahalpur) APMC",Potato,Potato,FAQ,21/08/2026,800,800,800
Punjab,Hoshiarpur,"Garh Shankar(Mahalpur) APMC",Capsicum,Capsicum,FAQ,21/08/2026,4500,4500,4500
Punjab,Hoshiarpur,"Garh Shankar(Mahalpur) APMC",Apple,Other,Medium,21/08/2026,9500,9500,9500
"Tamil Nadu",Erode,"Sathiyamagalam(Uzhavar Sandhai )",Banana,"Red Banana",Local,21/08/2026,5500,6000,5750
"Tamil Nadu",Erode,"Sathiyamagalam(Uzhavar Sandhai )",Brinjal,Other,Local,21/08/2026,4500,5000,4750
"Tamil Nadu",Erode,"Sathiyamagalam(Uzhavar Sandhai )",Pumpkin,Pumpkin,Local,21/08/2026,2500,3000,2750
"Tamil Nadu",Erode,"Sathiyamagalam(Uzhavar Sandhai )",Beans,"Beans (Whole)",Local,21/08/2026,7500,8000,7750
"Tamil Nadu",Erode,"Sathiyamagalam(Uzhavar Sandhai )","Green Avare(W)",Other,Local,21/08/2026,6000,6500,6250
"Tamil Nadu",Coimbatore,"Mettupalayam(Uzhavar Sandhai )",Ginger(Green),"Green Ginger",Local,21/08/2026,9000,17000,13000
"Tamil Nadu",Coimbatore,"Mettupalayam(Uzhavar Sandhai )",Cabbage,Cabbage,Local,21/08/2026,3500,4000,3750
"Tamil Nadu",Coimbatore,"Mettupalayam(Uzhavar Sandhai )",Snakeguard,Snakeguard,Local,21/08/2026,2500,3000,2750
"Tamil Nadu",Coimbatore,"Mettupalayam(Uzhavar Sandhai )",Raddish,Raddish,Local,21/08/2026,3000,3500,3250
"Tamil Nadu",Coimbatore,"Mettupalayam(Uzhavar Sandhai )","Jack Fruit(Ripe)","Jack Fruit",Local,21/08/2026,3500,4000,3750
"Tamil Nadu",Coimbatore,"Mettupalayam(Uzhavar Sandhai )",Yam(Ratalu),"Yam (Ratalu)",Local,21/08/2026,6000,7000,6500
"Tamil Nadu",Namakkal,"Tiruchengode APMC",Banana,Besrai,Local,21/08/2026,4000,5000,4500
"Tamil Nadu",Namakkal,"Tiruchengode APMC",Potato,"Red Nanital",Local,21/08/2026,2500,3000,2750
"Tamil Nadu",Namakkal,"Tiruchengode APMC",Cauliflower,Ranchi,Local,21/08/2026,2500,3000,2750
"Tamil Nadu",Namakkal,"Tiruchengode APMC",Chikoos(Sapota),Sapota,Local,21/08/2026,4000,4500,4250
"Tamil Nadu",Namakkal,"Tiruchengode APMC","Mousambi(Sweet Lime)",Mousambi,Local,21/08/2026,3000,3500,3250
"Tamil Nadu",Namakkal,"Tiruchengode APMC","Cluster beans","Cluster Beans",Local,21/08/2026,4400,4800,4600
"Tamil Nadu",Namakkal,"Tiruchengode APMC","Bitter gourd","Bitter Gourd",Local,21/08/2026,5500,6000,5750
"Tamil Nadu",Namakkal,"Tiruchengode APMC",Drumstick,Drumstick,Local,21/08/2026,1500,2000,1750
"Tamil Nadu",Namakkal,"Tiruchengode APMC",Guava,"Guava Allahabad",Local,21/08/2026,6000,7000,6500
"Tamil Nadu",Namakkal,"Tiruchengode APMC","Elephant Yam(Suran)/Amorphophallus","Elephant Yam (Suran)",Local,21/08/2026,3500,4000,3750
"Tamil Nadu",Namakkal,"Tiruchengode APMC",Yam(Ratalu),"Yam (Ratalu)",Local,21/08/2026,6000,7000,6500
"Tamil Nadu",Namakkal,"Tiruchengode APMC","Onion Green","Onion Green",Local,21/08/2026,5500,6500,6000
"Tamil Nadu",Namakkal,"Tiruchengode APMC",Mint(Pudina),Mint(Pudina),Local,21/08/2026,4500,5000,4750
Telangana,Khammam,"Nelakondapally APMC",Paddy(Common),HMT,Local,21/08/2026,2380,2400,2389
Telangana,Karimnagar,"Weekly Market Area,RBZ APMC",Beetroot,Beetroot,Local,21/08/2026,2000,3500,2000
"Uttar Pradesh",Rampur,"Bilaspur APMC",Banana,Other,Medium,21/08/2026,2200,2400,2300
"Tamil Nadu",Ariyalur,"Jeyankondam (Uzhavar Sandhai )",Tomato,Deshi,Local,21/08/2026,2200,2600,2400
"Tamil Nadu",Ariyalur,"Jeyankondam (Uzhavar Sandhai )",Raddish,Raddish,Local,21/08/2026,3400,3800,3600
"Tamil Nadu",Ariyalur,"Jeyankondam (Uzhavar Sandhai )","Onion Green","Onion Green",Local,21/08/2026,6500,7000,6750
"Tamil Nadu",Coimbatore,"RSPuram(Uzhavar Sandhai )",Groundnut,"Big (With Shell)",Local,21/08/2026,5800,6400,6100
"Tamil Nadu",Coimbatore,"RSPuram(Uzhavar Sandhai )",Papaya,Papaya,Local,21/08/2026,4000,4500,4250
"Tamil Nadu",Coimbatore,"RSPuram(Uzhavar Sandhai )","Bottle gourd","Bottle Gourd",Local,21/08/2026,2200,2800,2500
"Tamil Nadu",Coimbatore,"RSPuram(Uzhavar Sandhai )",Ashgourd,Gouard,Local,21/08/2026,1800,2000,1900
"Tamil Nadu",Coimbatore,"RSPuram(Uzhavar Sandhai )",Tapioca,Tapioca,Local,21/08/2026,3000,3500,3250
"Tamil Nadu",Coimbatore,"RSPuram(Uzhavar Sandhai )",Coconut,Coconut,Local,21/08/2026,5400,5800,5600
"Tamil Nadu",Coimbatore,"RSPuram(Uzhavar Sandhai )",Raddish,Raddish,Local,21/08/2026,2600,3400,3000
"Tamil Nadu",Coimbatore,"RSPuram(Uzhavar Sandhai )",Drumstick,Drumstick,Local,21/08/2026,2200,2800,2500
"Tamil Nadu",Coimbatore,"RSPuram(Uzhavar Sandhai )","Knool Khol","Knool Khol",Local,21/08/2026,3500,4000,3750
"Tamil Nadu",Coimbatore,"RSPuram(Uzhavar Sandhai )",Pomegranate,Pomogranate,Local,21/08/2026,10000,14000,12000
"Tamil Nadu",Coimbatore,"RSPuram(Uzhavar Sandhai )",Pear(Marasebu),Pears,Local,21/08/2026,14000,15000,14500
"Tamil Nadu",Coimbatore,"RSPuram(Uzhavar Sandhai )","Onion Green","Onion Green",Local,21/08/2026,7000,7500,7250
"Tamil Nadu",Coimbatore,"Singanallur(Uzhavar Sandhai )",Onion,Bellary,Local,21/08/2026,5000,5300,5150
"Tamil Nadu",Coimbatore,"Singanallur(Uzhavar Sandhai )",Brinjal,Other,Local,21/08/2026,3800,4400,4100
"Tamil Nadu",Coimbatore,"Singanallur(Uzhavar Sandhai )","Green Peas","Green Peas",Local,21/08/2026,20000,22000,21000
"Tamil Nadu",Coimbatore,"Singanallur(Uzhavar Sandhai )",Amaranthus,Amaranthus,Local,21/08/2026,4500,5000,4750
"Tamil Nadu",Coimbatore,"Singanallur(Uzhavar Sandhai )","Green Chilli","Green Chilly",Local,21/08/2026,4000,4500,4250
"Tamil Nadu",Coimbatore,"Singanallur(Uzhavar Sandhai )",Coconut,Coconut,Local,21/08/2026,5700,5900,5800
"Tamil Nadu",Coimbatore,"Singanallur(Uzhavar Sandhai )",Yam(Ratalu),"Yam (Ratalu)",Local,21/08/2026,9000,10000,9500
"Tamil Nadu",Coimbatore,"Singanallur(Uzhavar Sandhai )",Colacasia,Colacasia,Local,21/08/2026,4500,5000,4750
Gujarat,Rajkot,"Rajkot(Veg.Sub Yard) APMC",Tomato,Tomato,FAQ,21/08/2026,1450,2510,1980
"Tamil Nadu",Coimbatore,"Pollachi(Uzhavar Sandhai )",Papaya,Papaya,Local,21/08/2026,3000,3500,3250
"Tamil Nadu",Coimbatore,"Pollachi(Uzhavar Sandhai )","Bhindi(Ladies Finger)",Bhindi,Local,21/08/2026,4500,5000,4750
"Tamil Nadu",Coimbatore,"Pollachi(Uzhavar Sandhai )",Ginger(Green),"Green Ginger",Local,21/08/2026,20000,22000,21000
"Tamil Nadu",Coimbatore,"Pollachi(Uzhavar Sandhai )",Coconut,Coconut,Local,21/08/2026,5000,5500,5250
"Tamil Nadu",Coimbatore,"Pollachi(Uzhavar Sandhai )",Carrot,Pusakesar,Local,21/08/2026,6500,7500,7000
"Tamil Nadu",Coimbatore,"Pollachi(Uzhavar Sandhai )",Cabbage,Cabbage,Local,21/08/2026,3500,4200,3850
"Tamil Nadu",Coimbatore,"Pollachi(Uzhavar Sandhai )","Elephant Yam(Suran)/Amorphophallus","Elephant Yam (Suran)",Local,21/08/2026,3500,4000,3750
"Tamil Nadu",Coimbatore,"Pollachi(Uzhavar Sandhai )",Mashrooms,Mashrooms,Local,21/08/2026,18000,20000,19000
"Tamil Nadu",Coimbatore,"Pollachi(Uzhavar Sandhai )",Mint(Pudina),Mint(Pudina),Local,21/08/2026,6000,7000,6500
"Uttar Pradesh",Shamli,"Kairana APMC",Cucumbar(Kheera),Cucumbar,FAQ,21/08/2026,1500,1600,1550
"Uttar Pradesh",Shamli,"Kairana APMC",Lemon,Lemon,FAQ,21/08/2026,3900,4000,3950
"Uttar Pradesh",Shamli,"Kairana APMC",Pumpkin,Pumpkin,FAQ,21/08/2026,1000,1100,1050
"Uttar Pradesh",Shamli,"Kairana APMC",Brinjal,Round/Long,FAQ,21/08/2026,1100,1200,1150
"Tamil Nadu",Karur,"Karur(Uzhavar Sandhai )",Brinjal,Other,Local,21/08/2026,4000,5000,4500
"Tamil Nadu",Karur,"Karur(Uzhavar Sandhai )","Cluster beans","Cluster Beans",Local,21/08/2026,3500,4000,3750
"Tamil Nadu",Karur,"Karur(Uzhavar Sandhai )",Ashgourd,Gouard,Local,21/08/2026,2500,3000,2750
"Tamil Nadu",Karur,"Karur(Uzhavar Sandhai )","Green Chilli","Green Chilly",Local,21/08/2026,4000,5000,4500
"Tamil Nadu",Karur,"Karur(Uzhavar Sandhai )",Coconut,Coconut,Local,21/08/2026,5500,6000,5750
"Tamil Nadu",Karur,"Karur(Uzhavar Sandhai )",Snakeguard,Snakeguard,Local,21/08/2026,3500,4000,3750
"Tamil Nadu",Karur,"Karur(Uzhavar Sandhai )",Ridgeguard(Tori),Ridgeguard(Tori),Local,21/08/2026,5500,6000,5750
"Tamil Nadu",Karur,"Karur(Uzhavar Sandhai )",Thondekai,Thondekai,Local,21/08/2026,5500,6000,5750
"Tamil Nadu",Karur,"Karur(Uzhavar Sandhai )",Yam(Ratalu),"Yam (Ratalu)",Local,21/08/2026,9000,10000,9500
Tripura,"South Tripura",Manubazar,Amaranthus,Amaranthus,"Grade A",21/08/2026,2200,2400,2300
"Tamil Nadu",Coimbatore,"Kurichi(Uzhavar Sandhai )",Banana,"Red Banana",Local,21/08/2026,8000,8500,8250
"Tamil Nadu",Coimbatore,"Kurichi(Uzhavar Sandhai )",Tapioca,Tapioca,Local,21/08/2026,3000,3500,3250
"Tamil Nadu",Coimbatore,"Kurichi(Uzhavar Sandhai )",Cucumbar(Kheera),Cucumbar,Local,21/08/2026,4000,4500,4250
"Tamil Nadu",Coimbatore,"Kurichi(Uzhavar Sandhai )",Ridgeguard(Tori),Ridgeguard(Tori),Local,21/08/2026,4000,4500,4250
"Tamil Nadu",Cuddalore,"Chidambaram(Uzhavar Sandhai )","Banana - Green","Banana - Green",Local,21/08/2026,2500,3000,2750
"Tamil Nadu",Cuddalore,"Chidambaram(Uzhavar Sandhai )",Raddish,Raddish,Local,21/08/2026,3000,3000,3000
"Tamil Nadu",Cuddalore,"Chidambaram(Uzhavar Sandhai )","Onion Green","Onion Green",Local,21/08/2026,6000,6000,6000
"Madhya Pradesh",Ujjain,"Ujjain APMC",Onion,Onion,Non-FAQ,21/08/2026,200,3700.99,3100
Rajasthan,Jaipur,"Bassi APMC",Wheat,Other,Local,21/08/2026,2530,2581,2555
"Tamil Nadu",Chengalpattu,"Thirukalukundram(Uzhavar Sandhai )",Coconut,Coconut,Local,21/08/2026,4500,5000,4750
"Tamil Nadu",Chengalpattu,"Thirukalukundram(Uzhavar Sandhai )",Beetroot,Beetroot,Local,21/08/2026,4500,5000,4750
"Madhya Pradesh",Katni,"Katni APMC",Potato,Potato,FAQ,21/08/2026,500,500,500
"Madhya Pradesh",Katni,"Katni APMC",Onion,Onion,FAQ,21/08/2026,3350,3350,3350
"Tamil Nadu","Nagercoil (Kannyiakumari)","Vadaseri APMC",Mango,Safeda,Local,21/08/2026,6500,7000,6750
"Tamil Nadu","Nagercoil (Kannyiakumari)","Vadaseri APMC",Cauliflower,Ranchi,Local,21/08/2026,5000,5500,5250
"Tamil Nadu","Nagercoil (Kannyiakumari)","Vadaseri APMC",Raddish,Raddish,Local,21/08/2026,4500,5000,4750
"Tamil Nadu","Nagercoil (Kannyiakumari)","Vadaseri APMC",Drumstick,Drumstick,Local,21/08/2026,4500,5000,4750
"Tamil Nadu","Nagercoil (Kannyiakumari)","Vadaseri APMC","Jack Fruit(Ripe)","Jack Fruit",Local,21/08/2026,3000,3500,3250
"Tamil Nadu","Nagercoil (Kannyiakumari)","Vadaseri APMC",Kakada,Kakada,Local,21/08/2026,25000,30000,27500
"Tamil Nadu","Nagercoil (Kannyiakumari)","Vadaseri APMC","Tamarind Fruit","Tamarind Fruit",Local,21/08/2026,13000,14000,13500
"Tamil Nadu","Nagercoil (Kannyiakumari)","Vadaseri APMC","Elephant Yam(Suran)/Amorphophallus","Elephant Yam (Suran)",Local,21/08/2026,5000,5500,5250
"Tamil Nadu","Nagercoil (Kannyiakumari)","Vadaseri APMC","Onion Green","Onion Green",Local,21/08/2026,7500,8000,7750
"Tamil Nadu","Nagercoil (Kannyiakumari)","Vadaseri APMC",Mint(Pudina),Mint(Pudina),Local,21/08/2026,6500,7000,6750
"Tamil Nadu",Pudukkottai,"Karambakkudi(Uzhavar Sandhai )","Green Chilli","Green Chilly",Local,21/08/2026,5000,6000,5500
"Tamil Nadu",Pudukkottai,"Karambakkudi(Uzhavar Sandhai )",Raddish,Raddish,Local,21/08/2026,3500,4000,3750
"Tamil Nadu",Pudukkottai,"Karambakkudi(Uzhavar Sandhai )",Mint(Pudina),Mint(Pudina),Local,21/08/2026,4500,5000,4750
Meghalaya,"East Khasi Hills","Shillong APMC",Banana,Other,FAQ,21/08/2026,3000,5000,4000
Meghalaya,"East Khasi Hills","Shillong APMC",Ginger(Dry),Nadia,FAQ,21/08/2026,10000,12000,11000
Meghalaya,"East Khasi Hills","Shillong APMC","Betal Leaves",Local,FAQ,21/08/2026,10000,20000,15000
Meghalaya,"East Khasi Hills","Shillong APMC",Cucumbar(Kheera),Malini,FAQ,21/08/2026,1800,2000,1900
"Madhya Pradesh",Morena,"Kailaras APMC","Bitter gourd",Other,FAQ,21/08/2026,2000,2000,2000
"Madhya Pradesh",Morena,"Kailaras APMC",Cauliflower,Other,FAQ,21/08/2026,2200,2200,2200
"Madhya Pradesh",Morena,"Kailaras APMC",Pumpkin,Other,FAQ,21/08/2026,1500,1500,1500
"Madhya Pradesh",Morena,"Kailaras APMC","Sponge gourd","Sponge gourd",FAQ,21/08/2026,1600,2000,2000
"Madhya Pradesh",Morena,"Kailaras APMC",Colacasia,Arabi,FAQ,21/08/2026,1500,1500,1500
"Tamil Nadu",Vellore,"Thirupathur APMC",Ashgourd,Gouard,Local,21/08/2026,2000,2000,2000
"Tamil Nadu",Vellore,"Thirupathur APMC",Tapioca,Tapioca,Local,21/08/2026,3000,3000,3000
"Tamil Nadu",Vellore,"Thirupathur APMC",Carrot,Pusakesar,Local,21/08/2026,7600,7600,7600
"Tamil Nadu",Vellore,"Thirupathur APMC",Ridgeguard(Tori),Ridgeguard(Tori),Local,21/08/2026,4000,4000,4000
"Tamil Nadu",Vellore,"Thirupathur APMC",Guava,"Guava Allahabad",Local,21/08/2026,5000,5000,5000
Bihar,"East Champaran/ Motihari","Chakia APMC","Bhindi(Ladies Finger)",Bhindi,"Grade A",21/08/2026,600,800,700
Bihar,"East Champaran/ Motihari","Chakia APMC",Brinjal,"Arkasheela Mattigulla","Grade A",21/08/2026,1800,2000,1900
Bihar,"East Champaran/ Motihari","Chakia APMC",Tomato,Deshi,"Grade A",21/08/2026,2800,3000,2900
"Tamil Nadu",Dharmapuri,"Harur(Uzhavar Sandhai )",Amaranthus,Amaranthus,Local,21/08/2026,2500,3000,2750
"Tamil Nadu",Dharmapuri,"Harur(Uzhavar Sandhai )",Coconut,Coconut,Local,21/08/2026,5000,6000,5500
"Tamil Nadu",Dharmapuri,"Harur(Uzhavar Sandhai )",Raddish,Raddish,Local,21/08/2026,2000,2500,2250
"Tamil Nadu",Dharmapuri,"Harur(Uzhavar Sandhai )","Knool Khol","Knool Khol",Local,21/08/2026,4500,5000,4750
"Tamil Nadu",Dharmapuri,"Harur(Uzhavar Sandhai )",Lemon,Lemon,Local,21/08/2026,7000,8000,7500
"Tamil Nadu",Dharmapuri,"Harur(Uzhavar Sandhai )","Onion Green","Onion Green",Local,21/08/2026,5500,6000,5750
"Tamil Nadu",Krishnagiri,"Kaveripattinam(Uzhavar Sandhai )",Brinjal,Round,Local,21/08/2026,4000,5000,4500
"Tamil Nadu",Krishnagiri,"Kaveripattinam(Uzhavar Sandhai )",Tomato,Local,Local,21/08/2026,2500,2500,2500
"Tamil Nadu",Krishnagiri,"Kaveripattinam(Uzhavar Sandhai )","Bitter gourd","Bitter Gourd",Local,21/08/2026,6000,6000,6000
"Tamil Nadu",Krishnagiri,"Kaveripattinam(Uzhavar Sandhai )","Bhindi(Ladies Finger)",Bhindi,Local,21/08/2026,3000,3000,3000
"Tamil Nadu",Krishnagiri,"Kaveripattinam(Uzhavar Sandhai )","Green Chilli","Green Chilly",Local,21/08/2026,5000,5000,5000
"Tamil Nadu",Krishnagiri,"Kaveripattinam(Uzhavar Sandhai )",Snakeguard,Snakeguard,Local,21/08/2026,3000,3000,3000
"Tamil Nadu",Krishnagiri,"Kaveripattinam(Uzhavar Sandhai )","Chow Chow","Chow Chow",Local,21/08/2026,4000,4000,4000
"Tamil Nadu","The Nilgiris","Gudalur(Uzhavar Sandhai )",Onion,Bellary,Local,21/08/2026,5000,5500,5250
"Tamil Nadu","The Nilgiris","Gudalur(Uzhavar Sandhai )",Cauliflower,Ranchi,Local,21/08/2026,3500,4000,3750
"Tamil Nadu","The Nilgiris","Gudalur(Uzhavar Sandhai )",Brinjal,Round,Local,21/08/2026,3400,3800,3600
"Tamil Nadu","The Nilgiris","Gudalur(Uzhavar Sandhai )","Cluster beans","Cluster Beans",Local,21/08/2026,3000,3500,3250
"Tamil Nadu","The Nilgiris","Gudalur(Uzhavar Sandhai )",Ashgourd,Gouard,Local,21/08/2026,1500,2000,1750
"Tamil Nadu","The Nilgiris","Gudalur(Uzhavar Sandhai )","Banana - Green","Banana - Green",Local,21/08/2026,4000,4500,4250
"Tamil Nadu","The Nilgiris","Gudalur(Uzhavar Sandhai )",Raddish,Raddish,Local,21/08/2026,3000,3500,3250
"Tamil Nadu","The Nilgiris","Gudalur(Uzhavar Sandhai )","Elephant Yam(Suran)/Amorphophallus","Elephant Yam (Suran)",Local,21/08/2026,3500,4000,3750
"Himachal Pradesh",Kangra,"SMY Palampur",Lemon,Other,FAQ,21/08/2026,9000,10000,9500
"Himachal Pradesh",Kangra,"SMY Palampur",Apple,"Kullu Delicious",Local,21/08/2026,5000,17000,12000
"Himachal Pradesh",Kangra,"SMY Palampur","Bhindi(Ladies Finger)",Bhindi,FAQ,21/08/2026,2800,3000,2900
"Himachal Pradesh",Kangra,"SMY Palampur","Bottle gourd","Bottle Gourd",FAQ,21/08/2026,2000,3500,2800
"Himachal Pradesh",Kangra,"SMY Palampur",Raddish,Raddish,FAQ,21/08/2026,2000,2500,2200
"Himachal Pradesh",Kangra,"SMY Palampur",Mashrooms,Mashrooms,FAQ,21/08/2026,17000,20000,18500
Manipur,"Imphal East","Lamlong Bazaar APMC",Banana,Other,Local,21/08/2026,5500,6000,5750
Manipur,"Imphal East","Lamlong Bazaar APMC",Pineapple,"Pine Apple",Large,21/08/2026,4000,5000,4500
"West Bengal","Paschim Bardhaman","Asansol APMC","Masur Dal","Masur Dal",FAQ,21/08/2026,9650,9850,9700
Punjab,Tarntaran,"Patti APMC",Tomato,Other,Local,21/08/2026,0.4,0.4,0.4
Punjab,Tarntaran,"Patti APMC",Potato,Potato,Local,21/08/2026,0.35,0.35,0.35
"Uttar Pradesh",Mau(Maunathbhanjan),"Kopaganj APMC","Bitter gourd","Bitter Gourd",FAQ,21/08/2026,2092,2200,2100
Haryana,Hissar,"Hansi APMC",Pineapple,Other,"Grade B",21/08/2026,3000,4000,3500
Haryana,Hissar,"Hansi APMC",Pumpkin,Other,FAQ,21/08/2026,1000,1500,1250
Haryana,Hissar,"Hansi APMC",Brinjal,Other,FAQ,21/08/2026,1500,2000,1750
Haryana,Hissar,"Hansi APMC",Tinda,Other,FAQ,21/08/2026,3000,4000,3500
Punjab,Amritsar,"Rayya APMC","Bhindi(Ladies Finger)",Bhindi,FAQ,21/08/2026,698,698,698
Punjab,Amritsar,"Rayya APMC",Cucumbar(Kheera),Cucumbar,FAQ,21/08/2026,900,900,900
Punjab,Amritsar,"Rayya APMC",Cauliflower,Other,FAQ,21/08/2026,1174,1174,1174
Punjab,Amritsar,"Rayya APMC",Onion,Other,FAQ,21/08/2026,1420,1420,1420
Nagaland,Dimapur,"Dimapur APMC","Green Chilli","Green Chilly",Small,21/08/2026,7000,9000,8000
Uttarakhand,Haridwar,"Bhagwanpur(Naveen Mandi Sthal) APMC","Bottle gourd",Other,"Grade A",21/08/2026,600,850,700
Uttarakhand,Haridwar,"Bhagwanpur(Naveen Mandi Sthal) APMC",Banana,Other,"Grade B",21/08/2026,800,1400,1000
"Andhra Pradesh",Prakasam,"Santhamaguluru APMC",Paddy(Common),"B P T",FAQ,21/08/2026,2500,2580,2550
"Andhra Pradesh",Prakasam,"Maddipadu APMC",Paddy(Common),"B P T",FAQ,21/08/2026,2800,2800,2800
"Andhra Pradesh",Prakasam,"Maddipadu APMC","Bengal Gram(Gram)(Whole)",Gulabi,FAQ,21/08/2026,6000,6000,6000
Keralam,Kozhikode(Calicut),"Mukkom Market","Bhindi(Ladies Finger)",Bhindi,FAQ,21/08/2026,5400,5800,5600
Keralam,Kozhikode(Calicut),"Mukkom Market",Cabbage,Cabbage,FAQ,21/08/2026,2800,3200,3000
"Tamil Nadu",Thirupur,"Tiruppur (South) (Uzhavar Sandhai )",Brinjal,Other,Local,21/08/2026,5000,6000,5500
"Tamil Nadu",Thirupur,"Tiruppur (South) (Uzhavar Sandhai )",Amaranthus,Amaranthus,Local,21/08/2026,2500,3000,2750
"Tamil Nadu",Thirupur,"Tiruppur (South) (Uzhavar Sandhai )",Beetroot,Beetroot,Local,21/08/2026,5000,7000,6000
"Tamil Nadu",Thirupur,"Tiruppur (South) (Uzhavar Sandhai )","Chow Chow","Chow Chow",Local,21/08/2026,2500,3000,2750
"Tamil Nadu",Thirupur,"Tiruppur (South) (Uzhavar Sandhai )",Guava,"Guava Allahabad",Local,21/08/2026,3500,4000,3750
"Tamil Nadu",Thirupur,"Tiruppur (South) (Uzhavar Sandhai )",Lemon,Lemon,Local,21/08/2026,10000,12000,11000
Haryana,Rewari,"Kosli APMC","Bhindi(Ladies Finger)",Bhindi,FAQ,21/08/2026,3000,3000,3000
Haryana,Rewari,"Kosli APMC",Brinjal,Other,FAQ,21/08/2026,2000,2000,2000
Haryana,Rewari,"Kosli APMC",Pumpkin,Other,FAQ,21/08/2026,1000,1200,1100
Punjab,Gurdaspur,"Quadian APMC",Brinjal,Other,"Grade A",21/08/2026,1500,1700,1600
Punjab,Gurdaspur,"Quadian APMC",Cabbage,Other,"Grade A",21/08/2026,1200,1400,1300
Rajasthan,Ganganagar,"Suratgarh APMC",Wheat,Deshi,FAQ,21/08/2026,2559,2707,2668
Punjab,Ludhiana,"Khanna APMC",Garlic,Other,"Grade Range-1",21/08/2026,5000,5000,5000
Punjab,Ludhiana,"Khanna APMC",Apple,Apple,"Grade A",21/08/2026,8000,8000,8000
Keralam,Kollam,"Sasthamkotta Market",Yam(Ratalu),Other,Local,21/08/2026,5000,5000,5000
Keralam,Kozhikode(Calicut),"Kallachi Market",Cowpea(Veg),"Cowpea (Veg)",FAQ,21/08/2026,6800,7200,7000
Keralam,Kozhikode(Calicut),"Kallachi Market","Bitter gourd","Bitter Gourd",FAQ,21/08/2026,7300,7700,7500
Keralam,Kozhikode(Calicut),"Kallachi Market",Brinjal,Brinjal,FAQ,21/08/2026,3800,4200,4000
Keralam,Kozhikode(Calicut),"Kallachi Market",Drumstick,Drumstick,FAQ,21/08/2026,3800,4200,4000
Keralam,Kozhikode(Calicut),"Kallachi Market",Potato,Other,FAQ,21/08/2026,2200,2600,2400
Keralam,Kozhikode(Calicut),"Kallachi Market",Pumpkin,Pumpkin,FAQ,21/08/2026,2000,2400,2200
Keralam,Kozhikode(Calicut),"Kallachi Market",Snakeguard,Snakeguard,FAQ,21/08/2026,4800,5200,5000
Keralam,Alappuzha,"Harippad Market",Amaranthus,Other,FAQ,21/08/2026,5000,5500,5000
Keralam,Alappuzha,"Harippad Market",Ashgourd,Other,FAQ,21/08/2026,4000,4500,4000
Keralam,Alappuzha,"Harippad Market","Bhindi(Ladies Finger)",Other,FAQ,21/08/2026,4500,5000,4500
Keralam,Alappuzha,"Harippad Market",Carrot,Other,FAQ,21/08/2026,8000,8500,8000
Punjab,Patiala,"Patiala APMC",Apple,Other,"Grade A",21/08/2026,8000,12000,10000
Punjab,Patiala,"Patiala APMC",Guava,Other,"Grade B",21/08/2026,2300,3700,3000
Punjab,Patiala,"Patiala APMC",Banana,Other,"Grade B",21/08/2026,2800,4000,3500
Punjab,Patiala,"Patiala APMC",Mango,Other,"Grade A",21/08/2026,2200,4200,3200
Punjab,Patiala,"Patiala APMC","Water Melon",Other,"Grade B",21/08/2026,1600,2500,2000
Punjab,Patiala,"Patiala APMC",Pineapple,"Pine Apple","Grade A",21/08/2026,2300,4300,3300
Keralam,Ernakulam,"Perumbavoor Market",Beetroot,Beetroot,Medium,21/08/2026,5000,5800,5400
Keralam,Ernakulam,"Perumbavoor Market",Carrot,Carrot,Medium,21/08/2026,7500,8500,8000
Punjab,Sangrur,"Ahmedgarh APMC",Spinach,Other,Local,21/08/2026,1600,1800,1800
Keralam,Palakad,"Pattambi Market","Banana - Green","Banana - Green",FAQ,21/08/2026,6000,7000,6500
Keralam,Palakad,"Pattambi Market",Cabbage,Cabbage,FAQ,21/08/2026,2500,3000,2800
Punjab,Tarntaran,"Tarantaran APMC",Tomato,Other,Local,21/08/2026,2500,2500,2500
Punjab,Tarntaran,"Tarantaran APMC",Onion,Other,Local,21/08/2026,2100,2100,2100
Keralam,Malappuram,"Kondotty Market",Ginger(Green),Other,FAQ,21/08/2026,17500,18200,18000
Keralam,Malappuram,"Kondotty Market",Cauliflower,Other,FAQ,21/08/2026,4200,4600,4500
Keralam,Malappuram,"Kondotty Market",Amaranthus,Other,FAQ,21/08/2026,3300,3600,3500
Keralam,Malappuram,"Kondotty Market",Tomato,Other,FAQ,21/08/2026,1400,1800,1600
Keralam,Malappuram,"Kondotty Market",Onion,Other,FAQ,21/08/2026,4500,5200,5000
"Tamil Nadu",Thanjavur,"Tirukattupalli(Uzhavar Sandhai )",Tomato,Deshi,Local,21/08/2026,2000,2000,2000
"Tamil Nadu",Thanjavur,"Tirukattupalli(Uzhavar Sandhai )","Bottle gourd","Bottle Gourd",Local,21/08/2026,3000,3000,3000
"Tamil Nadu",Thanjavur,"Tirukattupalli(Uzhavar Sandhai )",Beans,"Beans (Whole)",Local,21/08/2026,8000,8000,8000
"Tamil Nadu",Thiruchirappalli,"Thuraiyur APMC",Cauliflower,Ranchi,Local,21/08/2026,4000,4500,4250
"Tamil Nadu",Thiruchirappalli,"Thuraiyur APMC","Bottle gourd","Bottle Gourd",Local,21/08/2026,2500,3000,2750
"Tamil Nadu",Thiruchirappalli,"Thuraiyur APMC",Beans,"Beans (Whole)",Local,21/08/2026,7500,8500,8000
"Tamil Nadu",Thiruchirappalli,"Thuraiyur APMC",Carrot,Pusakesar,Local,21/08/2026,7500,8500,8000
"Tamil Nadu",Thiruchirappalli,"Thuraiyur APMC",Cabbage,Cabbage,Local,21/08/2026,2500,3000,2750
"Tamil Nadu",Thiruchirappalli,"Thuraiyur APMC",Capsicum,Capsicum,Local,21/08/2026,5000,6000,5500
Keralam,Idukki,"Alacode  VFPCK Market",Banana,"Banana - Ripe","Grade A",21/08/2026,5500,6300,6000
"Tamil Nadu",Villupuram,"Tindivanam APMC",Banana,Besrai,Local,21/08/2026,5000,5000,5000
"Tamil Nadu",Villupuram,"Tindivanam APMC",Potato,"Red Nanital",Local,21/08/2026,3500,3500,3500
"Tamil Nadu",Villupuram,"Tindivanam APMC",Raddish,Raddish,Local,21/08/2026,4000,4000,4000
"Tamil Nadu",Villupuram,"Tindivanam APMC","Tender Coconut","Tender Coconut",Local,21/08/2026,3500,4000,3750
"Tamil Nadu",Villupuram,"Ulundurpettai APMC",Brinjal,Round,Local,21/08/2026,5000,5000,5000
"Tamil Nadu",Villupuram,"Ulundurpettai APMC","Bottle gourd","Bottle Gourd",Local,21/08/2026,2000,2000,2000
"Tamil Nadu",Villupuram,"Ulundurpettai APMC",Pumpkin,Pumpkin,Local,21/08/2026,2500,2500,2500
"Tamil Nadu",Villupuram,"Ulundurpettai APMC",Ridgeguard(Tori),Ridgeguard(Tori),Local,21/08/2026,6000,6000,6000
"Tamil Nadu",Villupuram,"Ulundurpettai APMC",Guava,"Guava Allahabad",Local,21/08/2026,5000,5000,5000
"Tamil Nadu",Villupuram,"Ulundurpettai APMC","Tender Coconut","Tender Coconut",Local,21/08/2026,3000,3000,3000
"Tamil Nadu",Villupuram,"Ulundurpettai APMC","Elephant Yam(Suran)/Amorphophallus","Elephant Yam (Suran)",Local,21/08/2026,6000,6000,6000
"Tamil Nadu",Villupuram,"Ulundurpettai APMC","Amla(Nelli Kai)",Amla,Local,21/08/2026,8000,8000,8000
Gujarat,Anand,"Khambhat(Veg Yard Khambhat) APMC","Green Chilli",Other,Local,21/08/2026,2000,5000,4000
Gujarat,Anand,"Khambhat(Veg Yard Khambhat) APMC",Tomato,Other,Local,21/08/2026,2500,3500,3000
Gujarat,Gandhinagar,"Mansa(Manas Veg Yard) APMC",Brinjal,Brinjal,Local,21/08/2026,4000,4000,4000
Gujarat,Gandhinagar,"Mansa(Manas Veg Yard) APMC",Potato,Other,Local,21/08/2026,1000,1000,1000
Gujarat,Gandhinagar,"Mansa(Manas Veg Yard) APMC","Bitter gourd",Other,Local,21/08/2026,3000,4000,3000
Gujarat,Gandhinagar,"Mansa(Manas Veg Yard) APMC",Ridgeguard(Tori),Other,Local,21/08/2026,3500,4000,4000
Gujarat,Gandhinagar,"Mansa(Manas Veg Yard) APMC",Tomato,Tomato,Local,21/08/2026,1500,2000,2000
Gujarat,Amreli,"Babra APMC",Wheat,Medium,FAQ,21/08/2026,2400,2650,2525
Gujarat,Amreli,"Damnagar APMC","Bottle gourd","Bottle Gourd",Local,21/08/2026,2000,2000,2000
Gujarat,Amreli,"Damnagar APMC",Cauliflower,Cauliflower,Local,21/08/2026,6000,6000,6000
Gujarat,Amreli,"Damnagar APMC",Ginger(Green),"Green Ginger",Local,21/08/2026,8000,8000,8000
Gujarat,Rajkot,"Gondal(Veg.market Gondal) APMC",Lemon,Other,Local,21/08/2026,1000,6500,3750
"Tamil Nadu",Madurai,"Chokkikulam(Uzhavar Sandhai )",Pineapple,"Pine Apple",Local,21/08/2026,6000,7000,6500
"Tamil Nadu",Madurai,"Chokkikulam(Uzhavar Sandhai )",Onion,Bellary,Local,21/08/2026,5500,6000,5750
"Tamil Nadu",Madurai,"Chokkikulam(Uzhavar Sandhai )",Potato,"Red Nanital",Local,21/08/2026,2800,6000,4400
"Tamil Nadu",Madurai,"Chokkikulam(Uzhavar Sandhai )",Tomato,Deshi,Local,21/08/2026,1800,2000,1900
"Tamil Nadu",Madurai,"Chokkikulam(Uzhavar Sandhai )",Ashgourd,Gouard,Local,21/08/2026,2000,2400,2200
"Tamil Nadu",Madurai,"Chokkikulam(Uzhavar Sandhai )",Amaranthus,Amaranthus,Local,21/08/2026,3000,3600,3300
"Tamil Nadu",Madurai,"Chokkikulam(Uzhavar Sandhai )","Banana - Green","Banana - Green",Local,21/08/2026,2000,2400,2200
"Tamil Nadu",Madurai,"Chokkikulam(Uzhavar Sandhai )",Coconut,Coconut,Local,21/08/2026,6500,6800,6650
"Tamil Nadu",Madurai,"Chokkikulam(Uzhavar Sandhai )",Carrot,Pusakesar,Local,21/08/2026,6000,8000,7000
"Tamil Nadu",Madurai,"Chokkikulam(Uzhavar Sandhai )",Yam(Ratalu),"Yam (Ratalu)",Local,21/08/2026,8000,9000,8500
"Tamil Nadu",Madurai,"Chokkikulam(Uzhavar Sandhai )","Indian Beans(Seam)","Indian Beans (Seam)",Local,21/08/2026,4500,5500,5000
"Tamil Nadu",Madurai,"Chokkikulam(Uzhavar Sandhai )","Onion Green","Onion Green",Local,21/08/2026,7500,8000,7750
Gujarat,Amreli,"The Agricultural Produce Market Committee-Amreli",Groundnut(Split),Groundnut(Split),FAQ,21/08/2026,7750,10600,10475
Gujarat,Amreli,"The Agricultural Produce Market Committee-Amreli","Castor Seed","Castor seed",FAQ,21/08/2026,6825,6875,6875
Gujarat,Amreli,"The Agricultural Produce Market Committee-Amreli","Bajra(Pearl Millet/Cumbu)",Other,FAQ,21/08/2026,2425,2425,2425
Gujarat,Amreli,"The Agricultural Produce Market Committee-Amreli",Jowar(Sorghum),Other,FAQ,21/08/2026,5500,6175,5525
"Andhra Pradesh",Tirupathi,"Pakala APMC",Gur(Jaggery),"NO 3",Local,21/08/2026,2900,2900,2900
Telangana,Warangal,"Warangal APMC",Cabbage,Cabbage,FAQ,21/08/2026,2000,2500,2250
Telangana,Warangal,"Warangal APMC",Carrot,Carrot,FAQ,21/08/2026,3500,4000,3750
Telangana,Warangal,"Warangal APMC",Thondekai,Thondekai,FAQ,21/08/2026,2000,2500,2250
Telangana,Warangal,"Warangal APMC",Tomato,Tomato,FAQ,21/08/2026,1200,1600,1400
"Andhra Pradesh",Prakasam,"Kandukur APMC",Paddy(Common),Other,Local,21/08/2026,2380,2450,2400
Assam,Nagaon,"Haibargaon APMC",Potato,Potato,FAQ,21/08/2026,1300,1500,1400
Assam,Nagaon,"Haibargaon APMC",Tomato,Tomato,FAQ,21/08/2026,3000,3200,3100
Uttarakhand,Haridwar,"Roorkee APMC","Bottle gourd",Other,Local,21/08/2026,650,850,750
Uttarakhand,Haridwar,"Roorkee APMC",Cucumbar(Kheera),Other,Local,21/08/2026,700,1000,800
Uttarakhand,Haridwar,"Roorkee APMC",Potato,Other,Medium,21/08/2026,800,1200,1000
Uttarakhand,Haridwar,"Roorkee APMC",Tomato,Other,Medium,21/08/2026,1200,2200,1600
Uttarakhand,Haridwar,"Roorkee APMC",Cauliflower,Other,Local,21/08/2026,1000,1300,1100
Maharashtra,Raigad,"Alibagh APMC",Rice,Other,Local,21/08/2026,4000,4500,4250
"Tamil Nadu",Erode,"Thalavadi(Uzhavar Sandhai )",Banana,"Red Banana",Local,21/08/2026,5500,6000,5750
"Tamil Nadu",Erode,"Thalavadi(Uzhavar Sandhai )",Potato,"Red Nanital",Local,21/08/2026,3400,3800,3600
"Tamil Nadu",Erode,"Thalavadi(Uzhavar Sandhai )",Coriander(Leaves),"I Sort",Local,21/08/2026,4500,5000,4750
"Tamil Nadu",Erode,"Thalavadi(Uzhavar Sandhai )",Tomato,Other,Local,21/08/2026,1200,1600,1400
"Tamil Nadu",Erode,"Thalavadi(Uzhavar Sandhai )","Bitter gourd",Other,Local,21/08/2026,5500,6000,5750
"Tamil Nadu",Erode,"Thalavadi(Uzhavar Sandhai )","Bhindi(Ladies Finger)",Bhindi,Local,21/08/2026,3000,3400,3200
"Tamil Nadu",Erode,"Thalavadi(Uzhavar Sandhai )","Banana - Green","Banana - Green",Local,21/08/2026,3000,3500,3250
"Tamil Nadu",Erode,"Thalavadi(Uzhavar Sandhai )",Beans,"Beans (Whole)",Local,21/08/2026,7000,7500,7250
"Tamil Nadu",Erode,"Thalavadi(Uzhavar Sandhai )",Tapioca,Tapioca,Local,21/08/2026,2500,3000,2750
"Tamil Nadu",Erode,"Thalavadi(Uzhavar Sandhai )",Coconut,Coconut,Local,21/08/2026,4800,5400,5100
"Tamil Nadu",Erode,"Thalavadi(Uzhavar Sandhai )",Cucumbar(Kheera),Cucumbar,Local,21/08/2026,3500,4000,3750
"Tamil Nadu",Erode,"Thalavadi(Uzhavar Sandhai )",Drumstick,Drumstick,Local,21/08/2026,2500,3000,2750
"Tamil Nadu",Erode,"Perundurai(Uzhavar Sandhai )","Cluster beans","Cluster Beans",Local,21/08/2026,3000,3400,3200
"Tamil Nadu",Erode,"Perundurai(Uzhavar Sandhai )",Ashgourd,Gouard,Local,21/08/2026,2000,2400,2200
"Tamil Nadu",Erode,"Perundurai(Uzhavar Sandhai )",Snakeguard,Snakeguard,Local,21/08/2026,3200,3600,3400
"Tamil Nadu",Erode,"Perundurai(Uzhavar Sandhai )",Ridgeguard(Tori),Ridgeguard(Tori),Local,21/08/2026,4000,4400,4200
"Tamil Nadu",Erode,"Perundurai(Uzhavar Sandhai )","Green Avare(W)",Other,Local,21/08/2026,4600,5200,4900
"Tamil Nadu",Erode,"Perundurai(Uzhavar Sandhai )",Drumstick,Drumstick,Local,21/08/2026,2500,3000,2750
"Tamil Nadu",Erode,"Perundurai(Uzhavar Sandhai )",Guava,"Guava Allahabad",Local,21/08/2026,4500,5000,4750
"Tamil Nadu",Erode,"Perundurai(Uzhavar Sandhai )","Elephant Yam(Suran)/Amorphophallus","Elephant Yam (Suran)",Local,21/08/2026,2600,3000,2800
"Tamil Nadu",Cuddalore,"Viruthachalam(Uzhavar Sandhai )",Potato,"Red Nanital",Local,21/08/2026,4000,4000,4000
"Tamil Nadu",Cuddalore,"Viruthachalam(Uzhavar Sandhai )",Tomato,Deshi,Local,21/08/2026,4000,4000,4000
"Tamil Nadu",Cuddalore,"Viruthachalam(Uzhavar Sandhai )","Green Chilli","Green Chilly",Local,21/08/2026,5000,5000,5000
"Tamil Nadu",Cuddalore,"Viruthachalam(Uzhavar Sandhai )","Banana - Green","Banana - Green",Local,21/08/2026,2500,2500,2500
"Tamil Nadu",Cuddalore,"Viruthachalam(Uzhavar Sandhai )","Green Avare(W)","Green Avare (W)",Local,21/08/2026,8000,14000,11000
"Tamil Nadu",Cuddalore,"Viruthachalam(Uzhavar Sandhai )",Drumstick,Drumstick,Local,21/08/2026,2000,2000,2000
"Tamil Nadu",Dharmapuri,"Dharmapuri(Uzhavar Sandhai )",Garlic,Garlic,Local,21/08/2026,23000,23800,23400
"Tamil Nadu",Dharmapuri,"Dharmapuri(Uzhavar Sandhai )",Cauliflower,Ranchi,Local,21/08/2026,3300,3500,3400
"Tamil Nadu",Dharmapuri,"Dharmapuri(Uzhavar Sandhai )",Pumpkin,Pumpkin,Local,21/08/2026,1500,1600,1550
"Tamil Nadu",Dharmapuri,"Dharmapuri(Uzhavar Sandhai )","Banana - Green","Banana - Green",Local,21/08/2026,2800,3000,2900
"Tamil Nadu",Dharmapuri,"Dharmapuri(Uzhavar Sandhai )",Tapioca,Tapioca,Local,21/08/2026,3200,3400,3300
"Tamil Nadu",Dharmapuri,"Dharmapuri(Uzhavar Sandhai )",Coconut,Coconut,Local,21/08/2026,6500,7000,6750
"Tamil Nadu",Dharmapuri,"Dharmapuri(Uzhavar Sandhai )",Ridgeguard(Tori),Ridgeguard(Tori),Local,21/08/2026,3600,3800,3700
"Tamil Nadu",Dharmapuri,"Dharmapuri(Uzhavar Sandhai )",Capsicum,Capsicum,Local,21/08/2026,7500,8000,7750
"Tamil Nadu",Dharmapuri,"Dharmapuri(Uzhavar Sandhai )",Drumstick,Drumstick,Local,21/08/2026,3600,4000,3800
"Tamil Nadu",Dharmapuri,"Dharmapuri(Uzhavar Sandhai )",Guava,"Guava Allahabad",Local,21/08/2026,5500,6000,5750
"Tamil Nadu",Dharmapuri,"Dharmapuri(Uzhavar Sandhai )","Tamarind Fruit","Tamarind Fruit",Local,21/08/2026,11000,11800,11400
"Tamil Nadu",Dharmapuri,"Dharmapuri(Uzhavar Sandhai )",Mint(Pudina),Mint(Pudina),Local,21/08/2026,4600,5000,4800
"Tamil Nadu",Dharmapuri,"Palacode(Uzhavar Sandhai )",Onion,Bellary,Local,21/08/2026,4500,5000,4750
"Tamil Nadu",Dharmapuri,"Palacode(Uzhavar Sandhai )",Potato,Other,Local,21/08/2026,2700,3000,2850
"Tamil Nadu",Dharmapuri,"Palacode(Uzhavar Sandhai )","Cluster beans","Cluster Beans",Local,21/08/2026,3600,4000,3800
"Tamil Nadu",Dharmapuri,"Palacode(Uzhavar Sandhai )",Pumpkin,Pumpkin,Local,21/08/2026,2200,2400,2300
"Tamil Nadu",Dharmapuri,"Palacode(Uzhavar Sandhai )",Carrot,Pusakesar,Local,21/08/2026,7200,7600,7400
"Tamil Nadu",Dharmapuri,"Palacode(Uzhavar Sandhai )",Cabbage,Cabbage,Local,21/08/2026,3000,3400,3200
"Tamil Nadu",Dharmapuri,"Palacode(Uzhavar Sandhai )",Thondekai,Thondekai,Local,21/08/2026,5200,5600,5400
"Tamil Nadu",Dharmapuri,"Palacode(Uzhavar Sandhai )","Chow Chow","Chow Chow",Local,21/08/2026,4500,5000,4750
"Tamil Nadu",Dharmapuri,"Palacode(Uzhavar Sandhai )",Mint(Pudina),Mint(Pudina),Local,21/08/2026,5000,5500,5250
"Tamil Nadu",Dharmapuri,"Palacode(Uzhavar Sandhai )","Sweet Corn ","Sweet Corn ",Local,21/08/2026,2700,3000,2850
"Tamil Nadu",Dharmapuri,"Pennagaram(Uzhavar Sandhai )",Brinjal,Round,Local,21/08/2026,3500,3800,3650
"Tamil Nadu",Dharmapuri,"Pennagaram(Uzhavar Sandhai )","Cluster beans","Cluster Beans",Local,21/08/2026,3600,4000,3800
"Tamil Nadu",Dharmapuri,"Pennagaram(Uzhavar Sandhai )",Coconut,Coconut,Local,21/08/2026,4500,5000,4750
"Tamil Nadu",Dharmapuri,"Pennagaram(Uzhavar Sandhai )",Beetroot,Beetroot,Local,21/08/2026,5200,5600,5400
"Tamil Nadu",Dharmapuri,"Pennagaram(Uzhavar Sandhai )",Cucumbar(Kheera),Cucumbar,Local,21/08/2026,3600,4000,3800
"Tamil Nadu",Dharmapuri,"Pennagaram(Uzhavar Sandhai )","Green Avare(W)","Green Avare (W)",Local,21/08/2026,6500,7000,6750
"Tamil Nadu",Dharmapuri,"Pennagaram(Uzhavar Sandhai )","Chow Chow","Chow Chow",Local,21/08/2026,4600,5000,4800
"Tamil Nadu",Dharmapuri,"Pennagaram(Uzhavar Sandhai )",Drumstick,Drumstick,Local,21/08/2026,3600,4000,3800
"Tamil Nadu",Dindigul,"Chinnalapatti(Uzhavar Sandhai )",Potato,"Red Nanital",Local,21/08/2026,4000,5000,4500
"Tamil Nadu",Dindigul,"Chinnalapatti(Uzhavar Sandhai )",Tomato,Deshi,Local,21/08/2026,1500,1700,1600
"Tamil Nadu",Dindigul,"Chinnalapatti(Uzhavar Sandhai )","Bottle gourd","Bottle Gourd",Local,21/08/2026,2500,3000,2750
"Tamil Nadu",Dindigul,"Chinnalapatti(Uzhavar Sandhai )",Pumpkin,Pumpkin,Local,21/08/2026,1600,2000,1800
"Tamil Nadu",Dindigul,"Chinnalapatti(Uzhavar Sandhai )",Beetroot,Beetroot,Local,21/08/2026,4000,9000,6500
"Tamil Nadu",Dindigul,"Chinnalapatti(Uzhavar Sandhai )",Ridgeguard(Tori),Ridgeguard(Tori),Local,21/08/2026,6000,7000,6500
"Tamil Nadu",Dindigul,"Chinnalapatti(Uzhavar Sandhai )","Chow Chow","Chow Chow",Local,21/08/2026,3600,4000,3800
"Tamil Nadu",Dindigul,"Chinnalapatti(Uzhavar Sandhai )","Elephant Yam(Suran)/Amorphophallus","Elephant Yam (Suran)",Local,21/08/2026,5600,6000,5800
"Tamil Nadu",Dindigul,"Chinnalapatti(Uzhavar Sandhai )","Indian Beans(Seam)","Indian Beans (Seam)",Local,21/08/2026,5600,6000,5800
"Tamil Nadu",Erode,"Periyar Nagar(Uzhavar Sandhai )","Cluster beans","Cluster Beans",Local,21/08/2026,3000,3500,3250
"Tamil Nadu",Erode,"Periyar Nagar(Uzhavar Sandhai )","Bitter gourd",Other,Local,21/08/2026,5400,5800,5600
"Tamil Nadu",Erode,"Periyar Nagar(Uzhavar Sandhai )","Bottle gourd","Bottle Gourd",Local,21/08/2026,1800,2000,1900
"Tamil Nadu",Erode,"Periyar Nagar(Uzhavar Sandhai )",Ashgourd,Gouard,Local,21/08/2026,2000,2400,2200
"Tamil Nadu",Erode,"Periyar Nagar(Uzhavar Sandhai )","Banana - Green","Banana - Green",Local,21/08/2026,3000,3500,3250
"Tamil Nadu",Erode,"Periyar Nagar(Uzhavar Sandhai )","Green Avare(W)",Other,Local,21/08/2026,5400,5800,5600
"Tamil Nadu",Erode,"Periyar Nagar(Uzhavar Sandhai )","Tender Coconut","Tender Coconut",Local,21/08/2026,3500,4000,3750
"Tamil Nadu",Erode,"Periyar Nagar(Uzhavar Sandhai )",Lemon,Lemon,Local,21/08/2026,16000,17000,16500
"Tamil Nadu",Kallakuruchi,"Sankarapuram(Uzhavar Sandhai )",Groundnut,"Big (With Shell)",Local,21/08/2026,7000,7000,7000
"Tamil Nadu",Kallakuruchi,"Sankarapuram(Uzhavar Sandhai )",Papaya,Papaya,Local,21/08/2026,3000,3000,3000
"Tamil Nadu",Kallakuruchi,"Sankarapuram(Uzhavar Sandhai )","Bhindi(Ladies Finger)",Bhindi,Local,21/08/2026,3000,3000,3000
"Tamil Nadu",Kallakuruchi,"Sankarapuram(Uzhavar Sandhai )","Green Chilli","Green Chilly",Local,21/08/2026,6000,6000,6000
"Tamil Nadu",Kallakuruchi,"Sankarapuram(Uzhavar Sandhai )",Guava,"Guava Allahabad",Local,21/08/2026,5000,5000,5000
"Tamil Nadu",Kallakuruchi,"Sankarapuram(Uzhavar Sandhai )","Amla(Nelli Kai)",Amla,Local,21/08/2026,8000,8000,8000
"Tamil Nadu",Kancheepuram,"Kancheepuram(Uzhavar Sandhai )",Banana,Karpura,Local,21/08/2026,4500,5000,4750
"Tamil Nadu",Kancheepuram,"Kancheepuram(Uzhavar Sandhai )",Onion,Bellary,Local,21/08/2026,3500,4800,4150
"Tamil Nadu",Kancheepuram,"Kancheepuram(Uzhavar Sandhai )",Coconut,Coconut,Local,21/08/2026,5800,6500,6150
"Tamil Nadu",Kancheepuram,"Kancheepuram(Uzhavar Sandhai )","Amla(Nelli Kai)",Amla,Local,21/08/2026,9000,10000,9500
"Tamil Nadu",Kancheepuram,"Kancheepuram(Uzhavar Sandhai )","Sweet Corn ","Sweet Corn ",Local,21/08/2026,2500,4000,3250
"Tamil Nadu",Kancheepuram,"Kundrathur(Uzhavar Sandhai )",Apple,American,Local,21/08/2026,16000,18000,17000
"Tamil Nadu",Kancheepuram,"Kundrathur(Uzhavar Sandhai )",Brinjal,Other,Local,21/08/2026,3500,4000,3750
"Tamil Nadu",Kancheepuram,"Kundrathur(Uzhavar Sandhai )",Pumpkin,Pumpkin,Local,21/08/2026,2000,2000,2000
"Tamil Nadu",Kancheepuram,"Kundrathur(Uzhavar Sandhai )",Coconut,Coconut,Local,21/08/2026,5000,6000,5500
"Tamil Nadu",Kancheepuram,"Kundrathur(Uzhavar Sandhai )",Snakeguard,Snakeguard,Local,21/08/2026,3500,4000,3750
"Tamil Nadu",Kancheepuram,"Padappai(Uzhavar Sandhai )",Cauliflower,Ranchi,Local,21/08/2026,3000,4000,3500
"Tamil Nadu",Kancheepuram,"Padappai(Uzhavar Sandhai )",Tomato,Local,Local,21/08/2026,2200,2800,2500
"Tamil Nadu",Kancheepuram,"Padappai(Uzhavar Sandhai )","Bhindi(Ladies Finger)",Bhindi,Local,21/08/2026,3000,4000,3500
"Tamil Nadu",Kancheepuram,"Padappai(Uzhavar Sandhai )",Amaranthus,Amaranthus,Local,21/08/2026,3000,4000,3500
"Tamil Nadu",Kancheepuram,"Padappai(Uzhavar Sandhai )","Sweet Potato","Hosur Red",Local,21/08/2026,4000,5000,4500
"Tamil Nadu",Kancheepuram,"Padappai(Uzhavar Sandhai )",Snakeguard,Snakeguard,Local,21/08/2026,3000,4000,3500
"Tamil Nadu",Kancheepuram,"Padappai(Uzhavar Sandhai )",Raddish,Raddish,Local,21/08/2026,3000,4000,3500
"Tamil Nadu",Kancheepuram,"Padappai(Uzhavar Sandhai )","Amla(Nelli Kai)",Amla,Local,21/08/2026,8000,11000,9500
"Tamil Nadu",Kancheepuram,"Padappai(Uzhavar Sandhai )","Onion Green","Onion Green",Local,21/08/2026,5000,6500,5750
"Tamil Nadu",Kancheepuram,"Sunguvarchatram(Uzhavar Sandhai )",Tomato,Other,Local,21/08/2026,2500,2500,2500
"Tamil Nadu",Kancheepuram,"Sunguvarchatram(Uzhavar Sandhai )","Bhindi(Ladies Finger)",Bhindi,Local,21/08/2026,4000,4000,4000
"Tamil Nadu",Kancheepuram,"Sunguvarchatram(Uzhavar Sandhai )",Amaranthus,Amaranthus,Local,21/08/2026,3000,3000,3000
"Tamil Nadu",Kancheepuram,"Sunguvarchatram(Uzhavar Sandhai )",Carrot,Pusakesar,Local,21/08/2026,5000,6000,5500
"Tamil Nadu",Kancheepuram,"Sunguvarchatram(Uzhavar Sandhai )",Beetroot,Beetroot,Local,21/08/2026,3500,4000,3750
"Tamil Nadu",Krishnagiri,"Avallapalli(Uzhavar Sandhai )",Potato,"Red Nanital",Local,21/08/2026,2000,2500,2250
"Tamil Nadu",Krishnagiri,"Avallapalli(Uzhavar Sandhai )","Cluster beans","Cluster Beans",Local,21/08/2026,3000,3500,3250
"Tamil Nadu",Krishnagiri,"Avallapalli(Uzhavar Sandhai )",Amaranthus,Amaranthus,Local,21/08/2026,3500,4000,3750
"Tamil Nadu",Dharmapuri,"Karimangalam(Uzhavar Sandhai)",Tomato,Local,Local,21/08/2026,1800,2000,1900
"Tamil Nadu",Dharmapuri,"Karimangalam(Uzhavar Sandhai)","Cluster beans","Cluster Beans",Local,21/08/2026,3300,3500,3400
"Tamil Nadu",Dharmapuri,"Karimangalam(Uzhavar Sandhai)","Bottle gourd","Bottle Gourd",Local,21/08/2026,2300,2500,2400
"Tamil Nadu",Dharmapuri,"Karimangalam(Uzhavar Sandhai)",Amaranthus,Amaranthus,Local,21/08/2026,2300,2500,2400
"Tamil Nadu",Dharmapuri,"Karimangalam(Uzhavar Sandhai)","Amla(Nelli Kai)",Amla,Local,21/08/2026,7000,7500,7250
"Tamil Nadu",Krishnagiri,"Denkanikottai(Uzhavar Sandhai )",Banana,Besrai,Local,21/08/2026,8000,9000,8500
"Tamil Nadu",Krishnagiri,"Denkanikottai(Uzhavar Sandhai )",Garlic,Garlic,Local,21/08/2026,22000,24000,23000
"Tamil Nadu",Krishnagiri,"Denkanikottai(Uzhavar Sandhai )",Cauliflower,Ranchi,Local,21/08/2026,3000,3500,3250
"Tamil Nadu",Krishnagiri,"Denkanikottai(Uzhavar Sandhai )",Coriander(Leaves),"I Sort",Local,21/08/2026,3000,4000,3500
"Tamil Nadu",Krishnagiri,"Denkanikottai(Uzhavar Sandhai )","Bottle gourd","Bottle Gourd",Local,21/08/2026,1500,2000,1750
"Tamil Nadu",Krishnagiri,"Denkanikottai(Uzhavar Sandhai )","Green Chilli","Green Chilly",Local,21/08/2026,4000,5000,4500
"Tamil Nadu",Krishnagiri,"Denkanikottai(Uzhavar Sandhai )",Thondekai,Thondekai,Local,21/08/2026,3000,4000,3500
"Tamil Nadu",Krishnagiri,"Denkanikottai(Uzhavar Sandhai )","Knool Khol","Knool Khol",Local,21/08/2026,1500,2000,1750
"Tamil Nadu",Krishnagiri,"Hosur(Uzhavar Sandhai )",Coriander(Leaves),"I Sort",Local,21/08/2026,3500,4000,3750
"Tamil Nadu",Krishnagiri,"Hosur(Uzhavar Sandhai )",Papaya,Papaya,Local,21/08/2026,3500,4000,3750
"Tamil Nadu",Krishnagiri,"Hosur(Uzhavar Sandhai )","Bitter gourd","Bitter Gourd",Local,21/08/2026,4000,4500,4250
"Tamil Nadu",Krishnagiri,"Hosur(Uzhavar Sandhai )",Ashgourd,Gouard,Local,21/08/2026,2500,3000,2750
"Tamil Nadu",Krishnagiri,"Hosur(Uzhavar Sandhai )",Amaranthus,Amaranthus,Local,21/08/2026,5500,6000,5750
"Tamil Nadu",Krishnagiri,"Hosur(Uzhavar Sandhai )","Green Chilli","Green Chilly",Local,21/08/2026,4500,5000,4750
"Tamil Nadu",Krishnagiri,"Hosur(Uzhavar Sandhai )",Cowpea(Veg),"Cowpea (Veg)",Local,21/08/2026,5500,6000,5750
"Tamil Nadu",Krishnagiri,"Hosur(Uzhavar Sandhai )","Banana - Green","Banana - Green",Local,21/08/2026,4500,5000,4750
"Tamil Nadu",Krishnagiri,"Hosur(Uzhavar Sandhai )",Ridgeguard(Tori),Ridgeguard(Tori),Local,21/08/2026,4000,4500,4250
"Tamil Nadu",Krishnagiri,"Hosur(Uzhavar Sandhai )",Mango(Raw-Ripe),"Mango - Raw-Ripe",Local,21/08/2026,2500,3000,2750
"Tamil Nadu",Krishnagiri,"Hosur(Uzhavar Sandhai )",Pomegranate,Pomogranate,Local,21/08/2026,15000,17000,16000
"Tamil Nadu",Krishnagiri,"Hosur(Uzhavar Sandhai )",Colacasia,Colacasia,Local,21/08/2026,4000,4500,4250
"Tamil Nadu",Krishnagiri,"Hosur(Uzhavar Sandhai )","Amla(Nelli Kai)",Amla,Local,21/08/2026,8000,10000,9000
"Tamil Nadu",Krishnagiri,"Krishnagiri(Uzhavar Sandhai )",Banana,Besrai,Local,21/08/2026,5000,7000,6000
"Tamil Nadu",Krishnagiri,"Krishnagiri(Uzhavar Sandhai )",Tomato,Deshi,Local,21/08/2026,1000,1500,1250
"Tamil Nadu",Krishnagiri,"Krishnagiri(Uzhavar Sandhai )","Cluster beans","Cluster Beans",Local,21/08/2026,3000,3400,3200
"Tamil Nadu",Krishnagiri,"Krishnagiri(Uzhavar Sandhai )","Bottle gourd","Bottle Gourd",Local,21/08/2026,2000,2400,2200
"Tamil Nadu",Krishnagiri,"Krishnagiri(Uzhavar Sandhai )",Ginger(Green),"Green Ginger",Local,21/08/2026,15000,18000,16500
"Tamil Nadu",Krishnagiri,"Krishnagiri(Uzhavar Sandhai )",Snakeguard,Snakeguard,Local,21/08/2026,3400,3600,3500
"Tamil Nadu",Krishnagiri,"Krishnagiri(Uzhavar Sandhai )",Beetroot,Beetroot,Local,21/08/2026,4500,5000,4750
"Tamil Nadu",Krishnagiri,"Krishnagiri(Uzhavar Sandhai )",Thondekai,Thondekai,Local,21/08/2026,4500,5000,4750
"Tamil Nadu",Krishnagiri,"Krishnagiri(Uzhavar Sandhai )","Chow Chow","Chow Chow",Local,21/08/2026,3500,4000,3750
"Tamil Nadu",Krishnagiri,"Krishnagiri(Uzhavar Sandhai )","Knool Khol","Knool Khol",Local,21/08/2026,4000,5000,4500
"Tamil Nadu",Krishnagiri,"Krishnagiri(Uzhavar Sandhai )",Guava,"Guava Allahabad",Local,21/08/2026,3500,4000,3750
"Tamil Nadu",Krishnagiri,"Krishnagiri(Uzhavar Sandhai )","Amla(Nelli Kai)",Amla,Local,21/08/2026,8000,9000,8500
"Tamil Nadu",Krishnagiri,"Krishnagiri(Uzhavar Sandhai )",Mint(Pudina),Mint(Pudina),Local,21/08/2026,2000,2600,2300
"Tamil Nadu",Madurai,"Anaiyur(Uzhavar Sandhai )",Apple,American,Local,21/08/2026,18000,27000,22500
"Tamil Nadu",Madurai,"Anaiyur(Uzhavar Sandhai )",Orange,Darjeeling,Local,21/08/2026,14000,16000,15000
"Tamil Nadu",Madurai,"Anaiyur(Uzhavar Sandhai )",Onion,Bellary,Local,21/08/2026,3600,6000,4800
"Tamil Nadu",Madurai,"Anaiyur(Uzhavar Sandhai )","Water Melon","Water Melon",Local,21/08/2026,2000,2500,2250
"Tamil Nadu",Madurai,"Anaiyur(Uzhavar Sandhai )","Cluster beans","Cluster Beans",Local,21/08/2026,3000,3600,3300
"Tamil Nadu",Madurai,"Anaiyur(Uzhavar Sandhai )","Bhindi(Ladies Finger)",Bhindi,Local,21/08/2026,4400,4800,4600
"Tamil Nadu",Madurai,"Anaiyur(Uzhavar Sandhai )",Coconut,Coconut,Local,21/08/2026,6500,6800,6650
"Tamil Nadu",Madurai,"Anaiyur(Uzhavar Sandhai )",Carrot,Pusakesar,Local,21/08/2026,5000,8000,6500
"Tamil Nadu",Madurai,"Anaiyur(Uzhavar Sandhai )",Raddish,Raddish,Local,21/08/2026,2500,3000,2750
"Tamil Nadu",Madurai,"Anaiyur(Uzhavar Sandhai )",Pomegranate,Pomogranate,Local,21/08/2026,20000,27000,23500
"Tamil Nadu",Madurai,"Anaiyur(Uzhavar Sandhai )","Elephant Yam(Suran)/Amorphophallus","Elephant Yam (Suran)",Local,21/08/2026,4000,5000,4500
"Tamil Nadu",Madurai,"Anaiyur(Uzhavar Sandhai )","Amla(Nelli Kai)",Amla,Local,21/08/2026,7000,7500,7250
"Tamil Nadu",Madurai,"Usilampatti(Uzhavar Sandhai )","Bhindi(Ladies Finger)",Bhindi,Local,21/08/2026,4400,4800,4600
"Tamil Nadu",Madurai,"Usilampatti(Uzhavar Sandhai )",Lemon,Lemon,Local,21/08/2026,15000,17000,16000
"Tamil Nadu",Nagapattinam,"Nagapattinam(Uzhavar Sandhai )","Cluster beans","Cluster Beans",Local,21/08/2026,3600,3600,3600
"Tamil Nadu",Nagapattinam,"Nagapattinam(Uzhavar Sandhai )","Bottle gourd","Bottle Gourd",Local,21/08/2026,2800,3300,3050
"Tamil Nadu",Nagapattinam,"Nagapattinam(Uzhavar Sandhai )",Beans,"Beans (Whole)",Local,21/08/2026,9000,10800,9900
"Tamil Nadu",Nagapattinam,"Nagapattinam(Uzhavar Sandhai )",Coconut,Coconut,Local,21/08/2026,4500,5000,4750
"Tamil Nadu",Nagapattinam,"Nagapattinam(Uzhavar Sandhai )",Cabbage,Cabbage,Local,21/08/2026,3900,3900,3900
"Tamil Nadu",Nagapattinam,"Nagapattinam(Uzhavar Sandhai )","Chow Chow","Chow Chow",Local,21/08/2026,2700,2700,2700
"Tamil Nadu",Nagapattinam,"Sirkali(Uzhavar Sandhai )",Banana,Besrai,Local,21/08/2026,4000,5000,4500
"Tamil Nadu",Nagapattinam,"Sirkali(Uzhavar Sandhai )",Onion,Bellary,Local,21/08/2026,4500,5000,4750
"Tamil Nadu",Nagapattinam,"Sirkali(Uzhavar Sandhai )",Tomato,Deshi,Local,21/08/2026,2000,2500,2250
"Tamil Nadu",Nagapattinam,"Sirkali(Uzhavar Sandhai )","Bottle gourd","Bottle Gourd",Local,21/08/2026,2500,3000,2750
"Tamil Nadu",Nagapattinam,"Sirkali(Uzhavar Sandhai )",Beans,"Beans (Whole)",Local,21/08/2026,9000,10000,9500
"Tamil Nadu",Nagapattinam,"Sirkali(Uzhavar Sandhai )",Coconut,Coconut,Local,21/08/2026,3500,4000,3750
"Tamil Nadu",Nagapattinam,"Sirkali(Uzhavar Sandhai )",Cabbage,Cabbage,Local,21/08/2026,2500,3000,2750
"Tamil Nadu",Namakkal,"Kumarapalayam(Uzhavar Sandhai )",Banana,Besrai,Local,21/08/2026,3500,4000,3750
"Tamil Nadu",Namakkal,"Kumarapalayam(Uzhavar Sandhai )",Chikoos(Sapota),Sapota,Local,21/08/2026,3500,4000,3750
"Tamil Nadu",Namakkal,"Kumarapalayam(Uzhavar Sandhai )","Cluster beans","Cluster Beans",Local,21/08/2026,3500,4000,3750
"Tamil Nadu",Namakkal,"Kumarapalayam(Uzhavar Sandhai )",Ashgourd,Gouard,Local,21/08/2026,2500,3000,2750
"Tamil Nadu",Namakkal,"Kumarapalayam(Uzhavar Sandhai )","Bhindi(Ladies Finger)",Bhindi,Local,21/08/2026,3000,3400,3200
"Tamil Nadu",Namakkal,"Kumarapalayam(Uzhavar Sandhai )",Snakeguard,Snakeguard,Local,21/08/2026,4500,5000,4750
"Tamil Nadu",Namakkal,"Kumarapalayam(Uzhavar Sandhai )",Ridgeguard(Tori),Ridgeguard(Tori),Local,21/08/2026,4500,5000,4750
"Tamil Nadu",Namakkal,"Kumarapalayam(Uzhavar Sandhai )",Drumstick,Drumstick,Local,21/08/2026,3000,3500,3250
"Tamil Nadu",Namakkal,"Mohanur(Uzhavar Sandhai )",Banana,"Red Banana",Local,21/08/2026,7200,8000,7600
"Tamil Nadu",Namakkal,"Mohanur(Uzhavar Sandhai )","Bottle gourd","Bottle Gourd",Local,21/08/2026,1200,2000,1600
"Tamil Nadu",Namakkal,"Mohanur(Uzhavar Sandhai )","Green Chilli","Green Chilly",Local,21/08/2026,5600,6500,6050
"Tamil Nadu",Namakkal,"Mohanur(Uzhavar Sandhai )",Coconut,Coconut,Local,21/08/2026,5400,6000,5700
"Tamil Nadu",Namakkal,"Mohanur(Uzhavar Sandhai )",Beetroot,Beetroot,Local,21/08/2026,6400,7000,6700
"Tamil Nadu",Namakkal,"Mohanur(Uzhavar Sandhai )",Thondekai,Thondekai,Local,21/08/2026,4400,4800,4600
"Tamil Nadu",Namakkal,"Mohanur(Uzhavar Sandhai )",Guava,"Guava Allahabad",Local,21/08/2026,5200,5600,5400
"Tamil Nadu",Namakkal,"Namakkal(Uzhavar Sandhai )",Groundnut,"Big (With Shell)",Local,21/08/2026,6500,7000,6750
"Tamil Nadu",Namakkal,"Namakkal(Uzhavar Sandhai )",Coriander(Leaves),"I Sort",Local,21/08/2026,7000,8000,7500
"Tamil Nadu",Namakkal,"Namakkal(Uzhavar Sandhai )","Bitter gourd",Other,Local,21/08/2026,6000,6400,6200
"Tamil Nadu",Namakkal,"Namakkal(Uzhavar Sandhai )",Tapioca,Tapioca,Local,21/08/2026,2500,3000,2750
"Tamil Nadu",Namakkal,"Namakkal(Uzhavar Sandhai )",Carrot,Pusakesar,Local,21/08/2026,8000,8500,8250
"Tamil Nadu",Namakkal,"Namakkal(Uzhavar Sandhai )",Ridgeguard(Tori),Ridgeguard(Tori),Local,21/08/2026,5000,5500,5250
"Tamil Nadu",Namakkal,"Namakkal(Uzhavar Sandhai )",Capsicum,Capsicum,Local,21/08/2026,4500,5000,4750
"Tamil Nadu",Namakkal,"Namakkal(Uzhavar Sandhai )",Drumstick,Drumstick,Local,21/08/2026,1500,2000,1750
"Tamil Nadu",Namakkal,"Namakkal(Uzhavar Sandhai )","Jack Fruit(Ripe)","Jack Fruit",Local,21/08/2026,2500,3000,2750
"Tamil Nadu",Namakkal,"Namakkal(Uzhavar Sandhai )","Tender Coconut","Tender Coconut",Local,21/08/2026,2000,3500,2750
"Tamil Nadu",Namakkal,"Namakkal(Uzhavar Sandhai )","Elephant Yam(Suran)/Amorphophallus","Elephant Yam (Suran)",Local,21/08/2026,3500,4000,3750
"Tamil Nadu",Namakkal,"Namakkal(Uzhavar Sandhai )","Baby Corn","Baby Corn","Grade A",21/08/2026,2000,2500,2250
"Tamil Nadu",Namakkal,"Paramathivelur(Uzhavar Sandhai )",Cauliflower,Ranchi,Local,21/08/2026,3500,4000,3750
"Tamil Nadu",Namakkal,"Paramathivelur(Uzhavar Sandhai )","Bitter gourd",Other,Local,21/08/2026,6300,7000,6650
"Tamil Nadu",Namakkal,"Paramathivelur(Uzhavar Sandhai )","Bottle gourd","Bottle Gourd",Local,21/08/2026,1700,2000,1850
"Tamil Nadu",Namakkal,"Paramathivelur(Uzhavar Sandhai )",Ashgourd,Gouard,Local,21/08/2026,1700,2000,1850
"Tamil Nadu",Namakkal,"Paramathivelur(Uzhavar Sandhai )","Green Chilli","Green Chilly",Local,21/08/2026,5800,6500,6150
"Tamil Nadu",Namakkal,"Paramathivelur(Uzhavar Sandhai )",Cabbage,Cabbage,Local,21/08/2026,2400,2800,2600
"Tamil Nadu",Namakkal,"Paramathivelur(Uzhavar Sandhai )",Snakeguard,Snakeguard,Local,21/08/2026,4400,5000,4700
"Tamil Nadu",Namakkal,"Paramathivelur(Uzhavar Sandhai )",Raddish,Raddish,Local,21/08/2026,3900,4500,4200
"Tamil Nadu",Namakkal,"Paramathivelur(Uzhavar Sandhai )","Tender Coconut","Tender Coconut",Local,21/08/2026,3000,3500,3250
"Tamil Nadu",Namakkal,"Rasipuram(Uzhavar Sandhai )",Cauliflower,Ranchi,Local,21/08/2026,3000,4000,3500
"Tamil Nadu",Namakkal,"Rasipuram(Uzhavar Sandhai )","Cluster beans","Cluster Beans",Local,21/08/2026,3000,3500,3250
"Tamil Nadu",Namakkal,"Rasipuram(Uzhavar Sandhai )","Bitter gourd",Other,Local,21/08/2026,6000,6500,6250
"Tamil Nadu",Namakkal,"Rasipuram(Uzhavar Sandhai )","Bottle gourd","Bottle Gourd",Local,21/08/2026,1800,2500,2150
"Tamil Nadu",Namakkal,"Rasipuram(Uzhavar Sandhai )",Pumpkin,Pumpkin,Local,21/08/2026,2600,3000,2800
"Tamil Nadu",Namakkal,"Rasipuram(Uzhavar Sandhai )",Cabbage,Cabbage,Local,21/08/2026,3800,4000,3900
"Tamil Nadu",Namakkal,"Rasipuram(Uzhavar Sandhai )",Thondekai,Thondekai,Local,21/08/2026,4500,5000,4750
"Tamil Nadu",Namakkal,"Rasipuram(Uzhavar Sandhai )",Drumstick,Drumstick,Local,21/08/2026,2000,2500,2250
"Tamil Nadu",Namakkal,"Rasipuram(Uzhavar Sandhai )","Elephant Yam(Suran)/Amorphophallus","Elephant Yam (Suran)",Local,21/08/2026,3500,4000,3750
"Tamil Nadu",Namakkal,"Rasipuram(Uzhavar Sandhai )",Mint(Pudina),Mint(Pudina),Local,21/08/2026,5500,6000,5750
"Tamil Nadu",Madurai,"Palanganatham(Uzhavar Sandhai )",Banana,Besrai,Local,21/08/2026,3000,4000,3500
"Tamil Nadu",Madurai,"Palanganatham(Uzhavar Sandhai )",Cauliflower,Ranchi,Local,21/08/2026,3500,4000,3750
"Tamil Nadu",Madurai,"Palanganatham(Uzhavar Sandhai )",Pumpkin,Pumpkin,Local,21/08/2026,2000,2400,2200
"Tamil Nadu",Madurai,"Palanganatham(Uzhavar Sandhai )","Banana - Green","Banana - Green",Local,21/08/2026,1500,2000,1750
"Tamil Nadu",Madurai,"Palanganatham(Uzhavar Sandhai )",Ginger(Green),"Green Ginger",Local,21/08/2026,19000,20000,19500
"Tamil Nadu",Madurai,"Palanganatham(Uzhavar Sandhai )",Coconut,Coconut,Local,21/08/2026,6500,6800,6650
"Tamil Nadu",Madurai,"Palanganatham(Uzhavar Sandhai )",Carrot,Pusakesar,Local,21/08/2026,5000,8000,6500
"Tamil Nadu",Madurai,"Palanganatham(Uzhavar Sandhai )",Beetroot,Beetroot,Local,21/08/2026,5000,5500,5250
"Tamil Nadu",Madurai,"Palanganatham(Uzhavar Sandhai )","Green Avare(W)","Green Avare (W)",Local,21/08/2026,6000,7000,6500
"Tamil Nadu",Madurai,"Palanganatham(Uzhavar Sandhai )",Mango(Raw-Ripe),"Mango - Raw-Ripe",Local,21/08/2026,4500,5000,4750
"Tamil Nadu",Madurai,"Palanganatham(Uzhavar Sandhai )",Colacasia,Colacasia,Local,21/08/2026,5000,6000,5500
"Tamil Nadu",Madurai,"Anna nagar(Uzhavar Sandhai )",Groundnut,"Big (With Shell)",Local,21/08/2026,8000,8000,8000
"Tamil Nadu",Madurai,"Anna nagar(Uzhavar Sandhai )",Grapes,Annabesahai,Local,21/08/2026,10000,10000,10000
"Tamil Nadu",Madurai,"Anna nagar(Uzhavar Sandhai )","Chili Red",Bold,Local,21/08/2026,22000,22000,22000
"Tamil Nadu",Madurai,"Anna nagar(Uzhavar Sandhai )",Brinjal,Other,Local,21/08/2026,3000,3000,3000
"Tamil Nadu",Madurai,"Anna nagar(Uzhavar Sandhai )",Papaya,Papaya,Local,21/08/2026,4500,4500,4500
"Tamil Nadu",Madurai,"Anna nagar(Uzhavar Sandhai )",Pumpkin,Pumpkin,Local,21/08/2026,1800,1800,1800
"Tamil Nadu",Madurai,"Anna nagar(Uzhavar Sandhai )",Cowpea(Veg),"Cowpea (Veg)",Local,21/08/2026,4200,4200,4200
"Tamil Nadu",Madurai,"Anna nagar(Uzhavar Sandhai )",Thondekai,Thondekai,Local,21/08/2026,4200,4200,4200
"Tamil Nadu",Madurai,"Anna nagar(Uzhavar Sandhai )",Capsicum,Capsicum,Local,21/08/2026,6000,6000,6000
"Tamil Nadu",Madurai,"Anna nagar(Uzhavar Sandhai )",Yam(Ratalu),"Yam (Ratalu)",Local,21/08/2026,8000,8000,8000
"Tamil Nadu",Madurai,"Anna nagar(Uzhavar Sandhai )","Indian Beans(Seam)","Indian Beans (Seam)",Local,21/08/2026,6800,6800,6800
"Tamil Nadu",Madurai,"Anna nagar(Uzhavar Sandhai )","Onion Green","Onion Green",Local,21/08/2026,7800,7800,7800
"Tamil Nadu",Madurai,"Anna nagar(Uzhavar Sandhai )","Tube Rose(Loose)","Tube Rose (Loose)",Local,21/08/2026,16000,16000,16000
"Tamil Nadu",Perambalur,"Perambalur(Uzhavar Sandhai )",Pumpkin,Pumpkin,Local,21/08/2026,2000,2400,2200
"Tamil Nadu",Perambalur,"Perambalur(Uzhavar Sandhai )","Bhindi(Ladies Finger)",Bhindi,Local,21/08/2026,4800,4800,4800
"Tamil Nadu",Perambalur,"Perambalur(Uzhavar Sandhai )",Coconut,Coconut,Local,21/08/2026,5000,6000,5500
"Tamil Nadu",Perambalur,"Perambalur(Uzhavar Sandhai )",Capsicum,Capsicum,Local,21/08/2026,6000,6000,6000
"Tamil Nadu",Perambalur,"Perambalur(Uzhavar Sandhai )","Green Avare(W)","Green Avare (W)",Local,21/08/2026,5400,8600,7000
"Tamil Nadu",Perambalur,"Perambalur(Uzhavar Sandhai )",Mango(Raw-Ripe),"Mango - Raw-Ripe",Local,21/08/2026,9000,9600,9300
"Tamil Nadu",Perambalur,"Perambalur(Uzhavar Sandhai )",Guava,"Guava Allahabad",Local,21/08/2026,6000,7000,6500
"Tamil Nadu",Perambalur,"Perambalur(Uzhavar Sandhai )",Pomegranate,Pomogranate,Local,21/08/2026,18000,20000,19000
"Tamil Nadu",Perambalur,"Perambalur(Uzhavar Sandhai )","Onion Green","Onion Green",Local,21/08/2026,4000,6000,5000
"Tamil Nadu",Salem,"Mecheri(Uzhavar Sandhai)",Banana,Karpura,Local,21/08/2026,4500,5000,4750
"Tamil Nadu",Salem,"Mecheri(Uzhavar Sandhai)",Brinjal,Round,Local,21/08/2026,3600,4000,3800
"Tamil Nadu",Salem,"Mecheri(Uzhavar Sandhai)",Raddish,Raddish,Local,21/08/2026,2500,3000,2750
"Tamil Nadu",Salem,"Mecheri(Uzhavar Sandhai)","Green Avare(W)",Other,Local,21/08/2026,7000,7500,7250
"Tamil Nadu",Salem,"Mecheri(Uzhavar Sandhai)","Onion Green","Onion Green",Local,21/08/2026,5500,6000,5750
"Tamil Nadu",Salem,"Ammapet(Uzhavar Sandhai )",Apple,American,Local,21/08/2026,23000,25000,24000
"Tamil Nadu",Salem,"Ammapet(Uzhavar Sandhai )",Orange,Darjeeling,Local,21/08/2026,13000,14000,13500
"Tamil Nadu",Salem,"Ammapet(Uzhavar Sandhai )",Tomato,Local,Local,21/08/2026,1800,2000,1900
"Tamil Nadu",Salem,"Ammapet(Uzhavar Sandhai )",Cowpea(Veg),"Cowpea (Veg)",Local,21/08/2026,4200,4500,4350
"Tamil Nadu",Salem,"Ammapet(Uzhavar Sandhai )","Banana - Green","Banana - Green",Local,21/08/2026,2500,2800,2650
"Tamil Nadu",Salem,"Ammapet(Uzhavar Sandhai )",Cucumbar(Kheera),Cucumbar,Local,21/08/2026,4600,5000,4800
"Tamil Nadu",Salem,"Ammapet(Uzhavar Sandhai )","Knool Khol","Knool Khol",Local,21/08/2026,3600,4000,3800
"Tamil Nadu",Salem,"Ammapet(Uzhavar Sandhai )",Guava,"Guava Allahabad",Local,21/08/2026,4000,5000,4500
"Tamil Nadu",Salem,"Ammapet(Uzhavar Sandhai )",Pomegranate,Pomogranate,Local,21/08/2026,13000,14000,13500
"Tamil Nadu",Salem,"Ammapet(Uzhavar Sandhai )",Marigold(Calcutta),Marigold(Calcutta),Local,21/08/2026,17000,18000,17500
"Tamil Nadu",Salem,"Ammapet(Uzhavar Sandhai )","Indian Beans(Seam)","Indian Beans (Seam)",Local,21/08/2026,5600,6000,5800
"Tamil Nadu",Salem,"Ammapet(Uzhavar Sandhai )","Amla(Nelli Kai)",Amla,Local,21/08/2026,6600,7000,6800
"Tamil Nadu",Salem,"Ammapet(Uzhavar Sandhai )","Onion Green","Onion Green",Local,21/08/2026,5400,6000,5700
"Tamil Nadu",Salem,"Ammapet(Uzhavar Sandhai )",Mint(Pudina),Mint(Pudina),Local,21/08/2026,2800,3000,2900
"Tamil Nadu",Salem,"Mettur(Uzhavar Sandhai )",Cauliflower,Ranchi,Local,21/08/2026,2000,3000,2500
"Tamil Nadu",Salem,"Mettur(Uzhavar Sandhai )",Brinjal,Other,Local,21/08/2026,3500,4000,3750
"Tamil Nadu",Salem,"Mettur(Uzhavar Sandhai )","Bitter gourd",Other,Local,21/08/2026,5000,5500,5250
"Tamil Nadu",Salem,"Mettur(Uzhavar Sandhai )",Tapioca,Tapioca,Local,21/08/2026,3000,3500,3250
"Tamil Nadu",Salem,"Mettur(Uzhavar Sandhai )",Ginger(Green),"Green Ginger",Local,21/08/2026,16000,17000,16500
"Tamil Nadu",Salem,"Mettur(Uzhavar Sandhai )",Coconut,Coconut,Local,21/08/2026,5000,6000,5500
"Tamil Nadu",Salem,"Mettur(Uzhavar Sandhai )",Beetroot,Beetroot,Local,21/08/2026,6000,7000,6500
"Tamil Nadu",Salem,"Mettur(Uzhavar Sandhai )",Cucumbar(Kheera),Cucumbar,Local,21/08/2026,3000,4000,3500
"Tamil Nadu",Salem,"Mettur(Uzhavar Sandhai )","Green Avare(W)",Other,Local,21/08/2026,5000,6000,5500
"Tamil Nadu",Salem,"Mettur(Uzhavar Sandhai )","Chow Chow","Chow Chow",Local,21/08/2026,3500,4000,3750
"Tamil Nadu",Salem,"Mettur(Uzhavar Sandhai )","Amla(Nelli Kai)",Amla,Local,21/08/2026,7000,8000,7500
"Tamil Nadu",Salem,"Sooramangalam(Uzhavar Sandhai )","Green Peas","Green Peas",Local,21/08/2026,17000,17400,17200
"Tamil Nadu",Salem,"Sooramangalam(Uzhavar Sandhai )",Papaya,Papaya,Local,21/08/2026,3500,4000,3750
"Tamil Nadu",Salem,"Sooramangalam(Uzhavar Sandhai )",Pumpkin,Pumpkin,Local,21/08/2026,2000,2400,2200
"Tamil Nadu",Salem,"Sooramangalam(Uzhavar Sandhai )",Amaranthus,Amaranthus,Local,21/08/2026,1800,2000,1900
"Tamil Nadu",Salem,"Sooramangalam(Uzhavar Sandhai )",Ginger(Green),"Green Ginger",Local,21/08/2026,16000,17000,16500
"Tamil Nadu",Salem,"Sooramangalam(Uzhavar Sandhai )",Carrot,Pusakesar,Local,21/08/2026,7500,8000,7750
"Tamil Nadu",Salem,"Sooramangalam(Uzhavar Sandhai )",Snakeguard,Snakeguard,Local,21/08/2026,3500,4000,3750
"Tamil Nadu",Salem,"Sooramangalam(Uzhavar Sandhai )",Cucumbar(Kheera),Cucumbar,Local,21/08/2026,4000,4500,4250
"Tamil Nadu",Salem,"Sooramangalam(Uzhavar Sandhai )",Capsicum,Capsicum,Local,21/08/2026,5000,5500,5250
"Tamil Nadu",Salem,"Sooramangalam(Uzhavar Sandhai )",Drumstick,Drumstick,Local,21/08/2026,2500,3000,2750
"Tamil Nadu",Salem,"Sooramangalam(Uzhavar Sandhai )","Knool Khol","Knool Khol",Local,21/08/2026,3800,4000,3900
"Tamil Nadu",Salem,"Sooramangalam(Uzhavar Sandhai )",Lime,Lime,Local,21/08/2026,3500,4000,3750
"Tamil Nadu",Salem,"Sooramangalam(Uzhavar Sandhai )",Marigold(Calcutta),Marigold(Calcutta),Local,21/08/2026,20000,22000,21000
"Tamil Nadu",Salem,"Sooramangalam(Uzhavar Sandhai )","Indian Beans(Seam)","Indian Beans (Seam)",Local,21/08/2026,5500,6000,5750
"Tamil Nadu",Salem,"Sooramangalam(Uzhavar Sandhai )",Colacasia,Colacasia,Local,21/08/2026,6500,7000,6750
"Tamil Nadu",Salem,"Thammampatti (Uzhavar Sandhai )",Banana,"Red Banana",Local,21/08/2026,6500,7000,6750
"Tamil Nadu",Salem,"Thammampatti (Uzhavar Sandhai )",Garlic,Garlic,Local,21/08/2026,20000,24000,22000
"Tamil Nadu",Salem,"Thammampatti (Uzhavar Sandhai )",Coriander(Leaves),"I Sort",Local,21/08/2026,3000,3500,3250
"Tamil Nadu",Salem,"Thammampatti (Uzhavar Sandhai )",Papaya,Papaya,Local,21/08/2026,2500,3000,2750
"Tamil Nadu",Salem,"Thammampatti (Uzhavar Sandhai )","Cluster beans","Cluster Beans",Local,21/08/2026,4000,4500,4250
"Tamil Nadu",Salem,"Thammampatti (Uzhavar Sandhai )","Bhindi(Ladies Finger)",Bhindi,Local,21/08/2026,3500,3800,3650
"Tamil Nadu",Salem,"Thammampatti (Uzhavar Sandhai )",Amaranthus,Amaranthus,Local,21/08/2026,2000,2500,2250
"Tamil Nadu",Salem,"Thammampatti (Uzhavar Sandhai )",Coconut,Coconut,Local,21/08/2026,6000,6500,6250
"Tamil Nadu",Salem,"Thammampatti (Uzhavar Sandhai )",Raddish,Raddish,Local,21/08/2026,2500,3000,2750
"Tamil Nadu",Salem,"Thammampatti (Uzhavar Sandhai )",Lemon,Lemon,Local,21/08/2026,7000,8000,7500
"Tamil Nadu",Salem,"Thathakapatti(Uzhavar Sandhai )",Cowpea(Veg),"Cowpea (Veg)",Local,21/08/2026,4000,5000,4500
"Tamil Nadu",Salem,"Thathakapatti(Uzhavar Sandhai )",Beans,"Beans (Whole)",Local,21/08/2026,9400,9800,9600
"Tamil Nadu",Salem,"Thathakapatti(Uzhavar Sandhai )",Beetroot,Beetroot,Local,21/08/2026,7000,7500,7250
"Tamil Nadu",Salem,"Thathakapatti(Uzhavar Sandhai )","Tender Coconut","Tender Coconut",Local,21/08/2026,3000,4000,3500
"Tamil Nadu",Salem,"Thathakapatti(Uzhavar Sandhai )",Lemon,Lemon,Local,21/08/2026,15000,16000,15500
"Tamil Nadu",Salem,"Thathakapatti(Uzhavar Sandhai )",Rose(Local),"Rose (Local)",Local,21/08/2026,18000,20000,19000
"Tamil Nadu",Salem,"Thathakapatti(Uzhavar Sandhai )","Tube Rose(Loose)","Tube Rose (Loose)",Local,21/08/2026,18000,20000,19000
"Andhra Pradesh",Annamayya,"Guramkonda Sub-yard of AMC Valmikipuram",Tomato,Hybrid,FAQ,21/08/2026,800,1280,1000
"Tamil Nadu",Pudukkottai,"Pudukottai(Uzhavar Sandhai )",Banana,"Red Banana",Local,21/08/2026,8000,9000,8500
"Tamil Nadu",Pudukkottai,"Pudukottai(Uzhavar Sandhai )",Mango,Safeda,Local,21/08/2026,9000,10000,9500
"Tamil Nadu",Pudukkottai,"Pudukottai(Uzhavar Sandhai )",Tomato,Deshi,Local,21/08/2026,2000,2500,2250
"Tamil Nadu",Pudukkottai,"Pudukottai(Uzhavar Sandhai )",Ashgourd,Gouard,Local,21/08/2026,1000,1500,1250
"Tamil Nadu",Pudukkottai,"Pudukottai(Uzhavar Sandhai )",Snakeguard,Snakeguard,Local,21/08/2026,3500,4000,3750
"Tamil Nadu",Pudukkottai,"Pudukottai(Uzhavar Sandhai )",Beetroot,Beetroot,Local,21/08/2026,5000,5500,5250
"Tamil Nadu",Pudukkottai,"Pudukottai(Uzhavar Sandhai )",Ridgeguard(Tori),Ridgeguard(Tori),Local,21/08/2026,6000,7000,6500
"Tamil Nadu",Pudukkottai,"Pudukottai(Uzhavar Sandhai )",Thondekai,Thondekai,Local,21/08/2026,5000,6000,5500
"Tamil Nadu",Pudukkottai,"Pudukottai(Uzhavar Sandhai )","Elephant Yam(Suran)/Amorphophallus","Elephant Yam (Suran)",Local,21/08/2026,5500,6000,5750
"Tamil Nadu",Pudukkottai,"Pudukottai(Uzhavar Sandhai )",Mashrooms,Mashrooms,Local,21/08/2026,24000,25000,24500
"Tamil Nadu","The Nilgiris","Udhagamandalam(Uzhavar Sandhai )","Green Peas","Green Peas",Local,21/08/2026,10000,13000,11500
"Tamil Nadu","The Nilgiris","Udhagamandalam(Uzhavar Sandhai )",Pumpkin,Pumpkin,Local,21/08/2026,1500,2000,1750
"Tamil Nadu","The Nilgiris","Udhagamandalam(Uzhavar Sandhai )",Cowpea(Veg),"Cowpea (Veg)",Local,21/08/2026,3500,4000,3750
"Tamil Nadu","The Nilgiris","Udhagamandalam(Uzhavar Sandhai )","Banana - Green","Banana - Green",Local,21/08/2026,4000,4500,4250
"Tamil Nadu","The Nilgiris","Udhagamandalam(Uzhavar Sandhai )",Carrot,Pusakesar,Local,21/08/2026,4500,5000,4750
"Tamil Nadu","The Nilgiris","Udhagamandalam(Uzhavar Sandhai )",Thondekai,Thondekai,Local,21/08/2026,4500,5000,4750
"Tamil Nadu","The Nilgiris","Udhagamandalam(Uzhavar Sandhai )","Green Avare(W)","Green Avare (W)",Local,21/08/2026,5000,5400,5200
"Tamil Nadu","The Nilgiris","Udhagamandalam(Uzhavar Sandhai )",Drumstick,Drumstick,Local,21/08/2026,3000,3400,3200
"Tamil Nadu","The Nilgiris","Udhagamandalam(Uzhavar Sandhai )",Lime,Lime,Local,21/08/2026,8000,10000,9000
"Tamil Nadu",Theni,"Andipatti(Uzhavar Sandhai )",Cauliflower,Ranchi,Local,21/08/2026,3000,3500,3250
"Tamil Nadu",Theni,"Andipatti(Uzhavar Sandhai )",Papaya,Papaya,Local,21/08/2026,3000,3500,3250
"Tamil Nadu",Theni,"Andipatti(Uzhavar Sandhai )","Cluster beans","Cluster Beans",Local,21/08/2026,3200,3400,3300
"Tamil Nadu",Theni,"Andipatti(Uzhavar Sandhai )",Ginger(Green),"Green Ginger",Local,21/08/2026,9000,16000,12500
"Tamil Nadu",Theni,"Andipatti(Uzhavar Sandhai )",Carrot,Pusakesar,Local,21/08/2026,6500,7000,6750
"Tamil Nadu",Theni,"Andipatti(Uzhavar Sandhai )",Beetroot,Beetroot,Local,21/08/2026,4200,4400,4300
"Tamil Nadu",Theni,"Andipatti(Uzhavar Sandhai )","Knool Khol","Knool Khol",Local,21/08/2026,3500,3500,3500
"Tamil Nadu",Theni,"Andipatti(Uzhavar Sandhai )",Mashrooms,Mashrooms,Local,21/08/2026,23000,23000,23000
"Tamil Nadu",Theni,"Bodinayakanur(Uzhavar Sandhai )","Cluster beans","Cluster Beans",Local,21/08/2026,3600,3600,3600
"Tamil Nadu",Theni,"Bodinayakanur(Uzhavar Sandhai )","Bottle gourd","Bottle Gourd",Local,21/08/2026,1800,1800,1800
"Tamil Nadu",Theni,"Bodinayakanur(Uzhavar Sandhai )","Green Chilli","Green Chilly",Local,21/08/2026,4800,4800,4800
"Tamil Nadu",Theni,"Bodinayakanur(Uzhavar Sandhai )",Raddish,Raddish,Local,21/08/2026,2400,2400,2400
"Tamil Nadu",Theni,"Bodinayakanur(Uzhavar Sandhai )",Lemon,Lemon,Local,21/08/2026,10000,10000,10000
"Tamil Nadu",Theni,"Bodinayakanur(Uzhavar Sandhai )",Mint(Pudina),Mint(Pudina),Local,21/08/2026,4800,4800,4800
"Tamil Nadu",Theni,"Chinnamanur(Uzhavar Sandhai )",Potato,Other,Local,21/08/2026,2600,5500,4050
"Tamil Nadu",Theni,"Chinnamanur(Uzhavar Sandhai )",Coriander(Leaves),"I Sort",Local,21/08/2026,3000,3200,3100
"Tamil Nadu",Theni,"Chinnamanur(Uzhavar Sandhai )",Pumpkin,Pumpkin,Local,21/08/2026,1800,2400,2100
"Tamil Nadu",Theni,"Chinnamanur(Uzhavar Sandhai )","Bhindi(Ladies Finger)",Bhindi,Local,21/08/2026,4800,4800,4800
"Tamil Nadu",Theni,"Chinnamanur(Uzhavar Sandhai )",Ginger(Green),"Green Ginger",Local,21/08/2026,16000,16000,16000
"Tamil Nadu",Theni,"Chinnamanur(Uzhavar Sandhai )",Cabbage,Cabbage,Local,21/08/2026,2800,2800,2800
"Tamil Nadu",Theni,"Kambam(Uzhavar Sandhai )",Banana,Besrai,Local,21/08/2026,3000,6000,4500
"Tamil Nadu",Theni,"Kambam(Uzhavar Sandhai )",Onion,Bellary,Local,21/08/2026,5000,5200,5100
"Tamil Nadu",Theni,"Kambam(Uzhavar Sandhai )",Pumpkin,Pumpkin,Local,21/08/2026,1800,1800,1800
"Tamil Nadu",Theni,"Kambam(Uzhavar Sandhai )",Ginger(Green),"Green Ginger",Local,21/08/2026,9000,16000,12500
"Tamil Nadu",Theni,"Kambam(Uzhavar Sandhai )",Coconut,Coconut,Local,21/08/2026,5400,5400,5400
"Tamil Nadu",Theni,"Kambam(Uzhavar Sandhai )",Snakeguard,Snakeguard,Local,21/08/2026,3000,3000,3000
"Tamil Nadu",Theni,"Kambam(Uzhavar Sandhai )",Raddish,Raddish,Local,21/08/2026,2400,2400,2400
"Tamil Nadu",Theni,"Kambam(Uzhavar Sandhai )",Capsicum,Capsicum,Local,21/08/2026,5500,5500,5500
"Tamil Nadu",Theni,"Theni(Uzhavar Sandhai )",Soyabean,Local,Local,21/08/2026,9000,9500,9250
"Tamil Nadu",Theni,"Theni(Uzhavar Sandhai )",Grapes,Annabesahai,Local,21/08/2026,12000,12000,12000
"Tamil Nadu",Theni,"Theni(Uzhavar Sandhai )",Potato,Other,Local,21/08/2026,2600,2600,2600
"Tamil Nadu",Theni,"Theni(Uzhavar Sandhai )",Papaya,Papaya,Local,21/08/2026,2500,3500,3000
"Tamil Nadu",Theni,"Theni(Uzhavar Sandhai )","Mousambi(Sweet Lime)",Mousambi,Local,21/08/2026,8000,8000,8000
"Tamil Nadu",Theni,"Theni(Uzhavar Sandhai )",Raddish,Raddish,Local,21/08/2026,2400,2400,2400
"Tamil Nadu",Theni,"Theni(Uzhavar Sandhai )","Knool Khol","Knool Khol",Local,21/08/2026,3500,3500,3500
"Tamil Nadu",Theni,"Theni(Uzhavar Sandhai )",Lime,Lime,Local,21/08/2026,9500,12000,10750
"Tamil Nadu",Theni,"Theni(Uzhavar Sandhai )","Onion Green","Onion Green",Local,21/08/2026,6000,7000,6500
"Tamil Nadu",Theni,"Theni(Uzhavar Sandhai )",Mint(Pudina),Mint(Pudina),Local,21/08/2026,4500,4500,4500
"Tamil Nadu",Thirunelveli,"Kandiyaperi(Uzhavar Sandhai )",Coriander(Leaves),"I Sort",Local,21/08/2026,3500,4000,3750
"Tamil Nadu",Thirunelveli,"Kandiyaperi(Uzhavar Sandhai )",Pumpkin,Pumpkin,Local,21/08/2026,1200,1400,1300
"Tamil Nadu",Thirunelveli,"Kandiyaperi(Uzhavar Sandhai )","Onion Green","Onion Green",Local,21/08/2026,6000,7500,6750
"Tamil Nadu",Thirunelveli,"Melapalayam(Uzhavar Sandhai )",Banana,"Red Banana",Local,21/08/2026,9000,10000,9500
"Tamil Nadu",Thirunelveli,"Melapalayam(Uzhavar Sandhai )",Potato,Other,Local,21/08/2026,2200,2400,2300
"Tamil Nadu",Thirunelveli,"Melapalayam(Uzhavar Sandhai )",Pumpkin,Pumpkin,Local,21/08/2026,1200,1400,1300
"Tamil Nadu",Thirunelveli,"Melapalayam(Uzhavar Sandhai )","Bhindi(Ladies Finger)",Bhindi,Local,21/08/2026,4200,4500,4350
"Tamil Nadu",Thirunelveli,"Melapalayam(Uzhavar Sandhai )",Tapioca,Tapioca,Local,21/08/2026,3000,3500,3250
"Tamil Nadu",Thirunelveli,"Melapalayam(Uzhavar Sandhai )",Snakeguard,Snakeguard,Local,21/08/2026,2400,2600,2500
"Tamil Nadu",Thirunelveli,"Melapalayam(Uzhavar Sandhai )",Beetroot,Beetroot,Local,21/08/2026,4600,6000,5300
"Tamil Nadu",Thirunelveli,"Melapalayam(Uzhavar Sandhai )",Raddish,Raddish,Local,21/08/2026,3000,3500,3250
"Tamil Nadu",Thirunelveli,"Melapalayam(Uzhavar Sandhai )",Capsicum,Capsicum,Local,21/08/2026,4500,5000,4750
"Tamil Nadu",Thirunelveli,"Melapalayam(Uzhavar Sandhai )",Guava,"Guava Allahabad",Local,21/08/2026,6000,8000,7000
"Tamil Nadu",Thirunelveli,"Melapalayam(Uzhavar Sandhai )","Onion Green","Onion Green",Local,21/08/2026,6000,7500,6750
"Tamil Nadu",Thirunelveli,"Palayamkottai(Uzhavar Sandhai )",Coriander(Leaves),"I Sort",Local,21/08/2026,3500,4000,3750
"Tamil Nadu",Thirunelveli,"Palayamkottai(Uzhavar Sandhai )","Bottle gourd","Bottle Gourd",Local,21/08/2026,1000,1200,1100
"Tamil Nadu",Thirunelveli,"Palayamkottai(Uzhavar Sandhai )",Pumpkin,Pumpkin,Local,21/08/2026,1200,1400,1300
"Tamil Nadu",Thirunelveli,"Palayamkottai(Uzhavar Sandhai )",Beans,"Beans (Whole)",Local,21/08/2026,9000,9600,9300
"Tamil Nadu",Thirunelveli,"Palayamkottai(Uzhavar Sandhai )","Chow Chow","Chow Chow",Local,21/08/2026,3200,3400,3300
"Tamil Nadu",Thirunelveli,"Palayamkottai(Uzhavar Sandhai )",Lemon,Lemon,Local,21/08/2026,11000,12000,11500
"Tamil Nadu",Thirupur,"Kangayam(Uzhavar Sandhai )",Banana,Besrai,Local,21/08/2026,3500,4000,3750
"Tamil Nadu",Thirupur,"Kangayam(Uzhavar Sandhai )",Pumpkin,Pumpkin,Local,21/08/2026,2000,2200,2100
"Tamil Nadu",Thirupur,"Kangayam(Uzhavar Sandhai )","Bhindi(Ladies Finger)",Bhindi,Local,21/08/2026,4500,5200,4850
"Tamil Nadu",Thirupur,"Kangayam(Uzhavar Sandhai )",Amaranthus,Amaranthus,Local,21/08/2026,2500,3000,2750
"Tamil Nadu",Thirupur,"Kangayam(Uzhavar Sandhai )","Banana - Green","Banana - Green",Local,21/08/2026,2400,2800,2600
"Tamil Nadu",Thirupur,"Kangayam(Uzhavar Sandhai )",Snakeguard,Snakeguard,Local,21/08/2026,4500,5000,4750
"Tamil Nadu",Thirupur,"Kangayam(Uzhavar Sandhai )",Beetroot,Beetroot,Local,21/08/2026,2400,2800,2600
"Tamil Nadu",Thirupur,"Tiruppur (North) (Uzhavar Sandhai )",Cauliflower,Ranchi,Local,21/08/2026,2500,3000,2750
"Tamil Nadu",Thirupur,"Tiruppur (North) (Uzhavar Sandhai )","Cluster beans","Cluster Beans",Local,21/08/2026,3500,4000,3750
"Tamil Nadu",Thirupur,"Tiruppur (North) (Uzhavar Sandhai )","Bhindi(Ladies Finger)",Bhindi,Local,21/08/2026,4000,5000,4500
"Tamil Nadu",Thirupur,"Tiruppur (North) (Uzhavar Sandhai )","Green Chilli","Green Chilly",Local,21/08/2026,4000,4500,4250
"Tamil Nadu",Thirupur,"Tiruppur (North) (Uzhavar Sandhai )",Cowpea(Veg),"Cowpea (Veg)",Local,21/08/2026,3000,4000,3500
"Tamil Nadu",Thirupur,"Tiruppur (North) (Uzhavar Sandhai )",Carrot,Pusakesar,Local,21/08/2026,6000,7000,6500
"Tamil Nadu",Thirupur,"Tiruppur (North) (Uzhavar Sandhai )","Tender Coconut","Tender Coconut",Local,21/08/2026,3000,3500,3250
"Tamil Nadu",Thirupur,"Tiruppur (North) (Uzhavar Sandhai )",Lemon,Lemon,Local,21/08/2026,10000,12000,11000
"Tamil Nadu",Thiruvannamalai,"Chengam(Uzhavar Sandhai )",Potato,"Red Nanital",Local,21/08/2026,2500,3000,2750
"Tamil Nadu",Thiruvannamalai,"Chengam(Uzhavar Sandhai )",Garlic,Garlic,Local,21/08/2026,20000,25000,22500
"Tamil Nadu",Thiruvannamalai,"Chengam(Uzhavar Sandhai )",Coriander(Leaves),"I Sort",Local,21/08/2026,5000,6000,5500
"Tamil Nadu",Thiruvannamalai,"Chengam(Uzhavar Sandhai )",Papaya,Papaya,Local,21/08/2026,2500,3000,2750
"Tamil Nadu",Thiruvannamalai,"Chengam(Uzhavar Sandhai )","Bottle gourd","Bottle Gourd",Local,21/08/2026,1600,2000,1800
"Tamil Nadu",Thiruvannamalai,"Chengam(Uzhavar Sandhai )",Beans,"Beans (Whole)",Local,21/08/2026,8000,10000,9000
"Tamil Nadu",Thiruvannamalai,"Chengam(Uzhavar Sandhai )",Tapioca,Tapioca,Local,21/08/2026,1600,2000,1800
"Tamil Nadu",Thiruvannamalai,"Chengam(Uzhavar Sandhai )","Knool Khol","Knool Khol",Local,21/08/2026,3300,4000,3650
"Tamil Nadu",Thiruvannamalai,"Chengam(Uzhavar Sandhai )","Tamarind Fruit","Tamarind Fruit",Local,21/08/2026,8000,10000,9000
"Tamil Nadu",Thiruvannamalai,"Chengam(Uzhavar Sandhai )",Mint(Pudina),Mint(Pudina),Local,21/08/2026,4200,5000,4600
"Tamil Nadu",Thiruvannamalai,"Keelpennathur(Uzhavar Sandhai )","Tender Coconut","Tender Coconut",Local,21/08/2026,5000,6000,5500
"Tamil Nadu",Thiruvannamalai,"Keelpennathur(Uzhavar Sandhai )",Rose(Local),"Rose (Local)",Local,21/08/2026,11000,12000,11500
"Tamil Nadu",Thiruvannamalai,"Tamarainagar(Uzhavar Sandhai )",Banana,Besrai,Local,21/08/2026,5000,6000,5500
"Tamil Nadu",Thiruvannamalai,"Tamarainagar(Uzhavar Sandhai )",Brinjal,Round,Local,21/08/2026,6000,7200,6600
"Tamil Nadu",Thiruvannamalai,"Tamarainagar(Uzhavar Sandhai )",Chikoos(Sapota),Sapota,Local,21/08/2026,3500,4000,3750
"Tamil Nadu",Thiruvannamalai,"Tamarainagar(Uzhavar Sandhai )",Tapioca,Tapioca,Local,21/08/2026,1800,2200,2000
"Tamil Nadu",Thiruvannamalai,"Tamarainagar(Uzhavar Sandhai )",Cucumbar(Kheera),Cucumbar,Local,21/08/2026,4000,5000,4500
"Tamil Nadu",Thiruvannamalai,"Tamarainagar(Uzhavar Sandhai )",Marigold(Calcutta),Marigold(Calcutta),Local,21/08/2026,35000,40000,37500
"Tamil Nadu",Thiruvannamalai,"Tamarainagar(Uzhavar Sandhai )",Lemon,Lemon,Local,21/08/2026,15000,18000,16500
"Tamil Nadu",Thiruvannamalai,"Tamarainagar(Uzhavar Sandhai )",Colacasia,Colacasia,Local,21/08/2026,3500,4000,3750
"Tamil Nadu",Thiruvannamalai,"Tamarainagar(Uzhavar Sandhai )","Custard Apple(Sharifa)","Custard Apple(Sharifa)",Local,21/08/2026,6000,7000,6500
"Tamil Nadu",Thiruvannamalai,"Tamarainagar(Uzhavar Sandhai )","Amla(Nelli Kai)",Amla,Local,21/08/2026,10000,12000,11000
"Tamil Nadu",Thiruvannamalai,"Tamarainagar(Uzhavar Sandhai )",Mint(Pudina),Mint(Pudina),Local,21/08/2026,4000,5000,4500
"Tamil Nadu",Thiruvannamalai,"Vandavasi(Uzhavar Sandhai )","Cluster beans","Cluster Beans",Local,21/08/2026,3600,4200,3900
"Tamil Nadu",Thiruvannamalai,"Vandavasi(Uzhavar Sandhai )",Ashgourd,Gouard,Local,21/08/2026,2000,2500,2250
"Tamil Nadu",Thiruvannamalai,"Vandavasi(Uzhavar Sandhai )","Bhindi(Ladies Finger)",Bhindi,Local,21/08/2026,3600,4200,3900
"Tamil Nadu",Thiruvannamalai,"Vandavasi(Uzhavar Sandhai )",Snakeguard,Snakeguard,Local,21/08/2026,2500,3000,2750
"Tamil Nadu",Thiruvannamalai,"Vandavasi(Uzhavar Sandhai )","Chow Chow","Chow Chow",Local,21/08/2026,3600,4200,3900
"Tamil Nadu",Thiruvannamalai,"Vandavasi(Uzhavar Sandhai )","Knool Khol","Knool Khol",Local,21/08/2026,3000,3600,3300
"Tamil Nadu",Thiruvannamalai,"Vandavasi(Uzhavar Sandhai )","Onion Green","Onion Green",Local,21/08/2026,4000,5000,4500
"Tamil Nadu",Thiruvarur,"Muthupettai(Uzhavar Sandhai )",Potato,"Red Nanital",Local,21/08/2026,3000,3000,3000
"Tamil Nadu",Thiruvarur,"Muthupettai(Uzhavar Sandhai )","Bottle gourd","Bottle Gourd",Local,21/08/2026,3000,3000,3000
"Tamil Nadu",Thiruvarur,"Muthupettai(Uzhavar Sandhai )",Pumpkin,Pumpkin,Local,21/08/2026,2400,2400,2400
"Tamil Nadu",Thiruvarur,"Muthupettai(Uzhavar Sandhai )","Banana - Green","Banana - Green",Local,21/08/2026,4000,4000,4000
"Tamil Nadu",Thiruvarur,"Muthupettai(Uzhavar Sandhai )",Cabbage,Cabbage,Local,21/08/2026,3600,3600,3600
"West Bengal",Bankura,"Bishnupur(Bankura) APMC",Rice,Common,FAQ,21/08/2026,3800,3900,3850
"West Bengal",Bankura,"Bishnupur(Bankura) APMC",Potato,Jyoti,FAQ,21/08/2026,590,680,630
Bihar,"East Champaran/ Motihari","Raxaul APMC","Bhindi(Ladies Finger)",Bhindi,"Grade A",21/08/2026,900,1100,1000
Bihar,"East Champaran/ Motihari","Raxaul APMC","Bitter gourd","Bitter Gourd","Grade A",21/08/2026,1000,1200,1100
"Tamil Nadu",Thiruvarur,"Tiruvarur(Uzhavar Sandhai )",Amaranthus,Amaranthus,Local,21/08/2026,1500,2000,1750
"Tamil Nadu",Thiruvarur,"Tiruvarur(Uzhavar Sandhai )",Raddish,Raddish,Local,21/08/2026,3000,3000,3000
"Tamil Nadu",Thiruvarur,"Tiruvarur(Uzhavar Sandhai )",Lime,Lime,Local,21/08/2026,3000,3000,3000
"Tamil Nadu",Thiruvarur,"Tiruvarur(Uzhavar Sandhai )",Lemon,Lemon,Local,21/08/2026,12000,12000,12000
"Tamil Nadu",Thiruvarur,"Tiruvarur(Uzhavar Sandhai )",Mint(Pudina),Mint(Pudina),Local,21/08/2026,5000,5000,5000
"Tamil Nadu",Virudhunagar,"Aruppukottai(Uzhavar Sandhai )",Banana,Besrai,Local,21/08/2026,3000,4000,3500
"Tamil Nadu",Virudhunagar,"Aruppukottai(Uzhavar Sandhai )",Potato,"Red Nanital",Local,21/08/2026,3000,3500,3250
"Tamil Nadu",Virudhunagar,"Aruppukottai(Uzhavar Sandhai )",Coriander(Leaves),"I Sort",Local,21/08/2026,3000,4000,3500
"Tamil Nadu",Virudhunagar,"Aruppukottai(Uzhavar Sandhai )",Chikoos(Sapota),Sapota,Local,21/08/2026,3000,4000,3500
"Tamil Nadu",Virudhunagar,"Aruppukottai(Uzhavar Sandhai )","Cluster beans","Cluster Beans",Local,21/08/2026,3000,4000,3500
"Tamil Nadu",Virudhunagar,"Aruppukottai(Uzhavar Sandhai )","Bhindi(Ladies Finger)",Bhindi,Local,21/08/2026,3000,4000,3500
"Tamil Nadu",Virudhunagar,"Aruppukottai(Uzhavar Sandhai )",Guava,"Guava Allahabad",Local,21/08/2026,3000,4000,3500
"Tamil Nadu",Virudhunagar,"Aruppukottai(Uzhavar Sandhai )",Mint(Pudina),Mint(Pudina),Local,21/08/2026,5000,6000,5500
"Tamil Nadu",Thiruvarur,"Valangaiman APMC",Tomato,Deshi,Local,21/08/2026,2200,2200,2200
"Tamil Nadu",Thiruvarur,"Valangaiman APMC",Pumpkin,Pumpkin,Local,21/08/2026,2400,2400,2400
"Tamil Nadu",Thiruvarur,"Valangaiman APMC","Green Chilli","Green Chilly",Local,21/08/2026,5000,5000,5000
"Tamil Nadu",Thiruvarur,"Valangaiman APMC","Green Avare(W)","Green Avare (W)",Local,21/08/2026,6000,6000,6000
"Tamil Nadu",Virudhunagar,"Kariyapatti(Uzhavar Sandhai )",Brinjal,Round,Local,21/08/2026,3500,4000,3750
"Tamil Nadu",Virudhunagar,"Kariyapatti(Uzhavar Sandhai )",Papaya,Papaya,Local,21/08/2026,3000,3500,3250
"Tamil Nadu",Virudhunagar,"Kariyapatti(Uzhavar Sandhai )",Coconut,Coconut,Local,21/08/2026,5500,6000,5750
"Tamil Nadu",Virudhunagar,"Kariyapatti(Uzhavar Sandhai )",Beetroot,Beetroot,Local,21/08/2026,4500,5000,4750
"Tamil Nadu",Virudhunagar,"Kariyapatti(Uzhavar Sandhai )",Raddish,Raddish,Local,21/08/2026,3000,3500,3250
"Tamil Nadu",Virudhunagar,"Kariyapatti(Uzhavar Sandhai )",Drumstick,Drumstick,Local,21/08/2026,3500,4000,3750
Assam,Nagaon,"Ambagan APMC",Tomato,Tomato,FAQ,21/08/2026,3100,3300,3200
"Andhra Pradesh",Kakinada,"Peddapuram APMC",Paddy(Common),1001,FAQ,21/08/2026,2369,2390,2369
Keralam,Pathanamthitta,"Enadimangalam VFPCK Market",Banana,"Nendra Bale","Grade A",21/08/2026,7500,8200,8000
"Tamil Nadu",Madurai,"Thirumangalam(Uzhavar Sandhai )",Mango,Safeda,Local,21/08/2026,7000,8000,7500
"Tamil Nadu",Madurai,"Thirumangalam(Uzhavar Sandhai )",Onion,Bellary,Local,21/08/2026,5500,6000,5750
"Tamil Nadu",Madurai,"Thirumangalam(Uzhavar Sandhai )",Chikoos(Sapota),Sapota,Local,21/08/2026,4000,6000,5000
"Tamil Nadu",Madurai,"Thirumangalam(Uzhavar Sandhai )",Tomato,Deshi,Local,21/08/2026,1800,2000,1900
"Tamil Nadu",Madurai,"Thirumangalam(Uzhavar Sandhai )","Bhindi(Ladies Finger)",Bhindi,Local,21/08/2026,4400,4800,4600
"Tamil Nadu",Madurai,"Thirumangalam(Uzhavar Sandhai )",Raddish,Raddish,Local,21/08/2026,2500,3000,2750
"Tamil Nadu",Madurai,"Thirumangalam(Uzhavar Sandhai )","Elephant Yam(Suran)/Amorphophallus","Elephant Yam (Suran)",Local,21/08/2026,4000,4500,4250
"Tamil Nadu",Madurai,"Thirumangalam(Uzhavar Sandhai )",Yam(Ratalu),"Yam (Ratalu)",Local,21/08/2026,8000,9000,8500
"Tamil Nadu",Madurai,"Thirumangalam(Uzhavar Sandhai )",Lemon,Lemon,Local,21/08/2026,15000,17000,16000
"Tamil Nadu",Madurai,"Melur(Uzhavar Sandhai )",Banana,Besrai,Local,21/08/2026,4000,5000,4500
"Tamil Nadu",Madurai,"Melur(Uzhavar Sandhai )","Banana - Green","Banana - Green",Local,21/08/2026,2000,2200,2100
"Tamil Nadu",Madurai,"Melur(Uzhavar Sandhai )",Coconut,Coconut,Local,21/08/2026,6500,6800,6650
"Tamil Nadu",Madurai,"Melur(Uzhavar Sandhai )",Ridgeguard(Tori),Ridgeguard(Tori),Local,21/08/2026,6000,6500,6250
"Tamil Nadu",Madurai,"Melur(Uzhavar Sandhai )",Thondekai,Thondekai,Local,21/08/2026,4000,4500,4250
"Tamil Nadu",Madurai,"Melur(Uzhavar Sandhai )","Elephant Yam(Suran)/Amorphophallus","Elephant Yam (Suran)",Local,21/08/2026,4000,4500,4250
"Tamil Nadu",Salem,"Vazhapadi(Uzhavar Sandhai)",Mango,Neelam,Local,21/08/2026,5000,5000,5000
"Tamil Nadu",Salem,"Vazhapadi(Uzhavar Sandhai)",Papaya,Papaya,Local,21/08/2026,4000,4000,4000
"Tamil Nadu",Salem,"Vazhapadi(Uzhavar Sandhai)","Cluster beans","Cluster Beans",Local,21/08/2026,3600,3600,3600
"Tamil Nadu",Salem,"Vazhapadi(Uzhavar Sandhai)","Bhindi(Ladies Finger)",Bhindi,Local,21/08/2026,4000,4000,4000
"Tamil Nadu",Salem,"Vazhapadi(Uzhavar Sandhai)",Amaranthus,Amaranthus,Local,21/08/2026,2000,2500,2250
"Tamil Nadu",Salem,"Vazhapadi(Uzhavar Sandhai)",Thondekai,Thondekai,Local,21/08/2026,6000,6000,6000
"Tamil Nadu",Salem,"Vazhapadi(Uzhavar Sandhai)","Elephant Yam(Suran)/Amorphophallus","Elephant Yam (Suran)",Local,21/08/2026,2000,2500,2250
"Tamil Nadu",Salem,"Vazhapadi(Uzhavar Sandhai)","Onion Green","Onion Green",Local,21/08/2026,6000,6500,6250
"Tamil Nadu",Salem,"Vazhapadi(Uzhavar Sandhai)",Mint(Pudina),Mint(Pudina),Local,21/08/2026,4000,4000,4000
"Tamil Nadu",Karur,"Gandhigramam(Uzhavar Sandhai)",Mango,Neelam,Local,21/08/2026,8000,10000,9000
"Tamil Nadu",Karur,"Gandhigramam(Uzhavar Sandhai)",Potato,Other,Local,21/08/2026,3500,6000,4750
"Tamil Nadu",Karur,"Gandhigramam(Uzhavar Sandhai)",Tomato,Other,Local,21/08/2026,1800,2000,1900
"Tamil Nadu",Karur,"Gandhigramam(Uzhavar Sandhai)",Amaranthus,Amaranthus,Local,21/08/2026,2000,2500,2250
"Tamil Nadu",Karur,"Gandhigramam(Uzhavar Sandhai)","Banana - Green","Banana - Green",Local,21/08/2026,2000,3000,2500
"Tamil Nadu",Karur,"Gandhigramam(Uzhavar Sandhai)",Coconut,Coconut,Local,21/08/2026,5500,6000,5750
"Tamil Nadu",Karur,"Gandhigramam(Uzhavar Sandhai)",Carrot,Pusakesar,Local,21/08/2026,8000,9000,8500
"Tamil Nadu",Karur,"Gandhigramam(Uzhavar Sandhai)",Cucumbar(Kheera),Cucumbar,Local,21/08/2026,4000,8000,6000
"Tamil Nadu",Karur,"Gandhigramam(Uzhavar Sandhai)",Thondekai,Thondekai,Local,21/08/2026,5500,6000,5750
"Tamil Nadu",Karur,"Gandhigramam(Uzhavar Sandhai)","Green Avare(W)",Other,Local,21/08/2026,6000,8000,7000
"Tamil Nadu",Karur,"Gandhigramam(Uzhavar Sandhai)",Lemon,Lemon,Local,21/08/2026,16000,17000,16500
"Tamil Nadu",Karur,"Gandhigramam(Uzhavar Sandhai)",Mint(Pudina),Mint(Pudina),Local,21/08/2026,5000,5500,5250
"Tamil Nadu",Pudukkottai,"Aranthangi(Uzhavar Sandhai )","Cluster beans","Cluster Beans",Local,21/08/2026,4000,4500,4250
"Tamil Nadu",Pudukkottai,"Aranthangi(Uzhavar Sandhai )","Bitter gourd",Other,Local,21/08/2026,7000,8000,7500
"Tamil Nadu",Pudukkottai,"Aranthangi(Uzhavar Sandhai )","Bottle gourd","Bottle Gourd",Local,21/08/2026,2000,2500,2250
"Tamil Nadu",Pudukkottai,"Aranthangi(Uzhavar Sandhai )",Amaranthus,Amaranthus,Local,21/08/2026,1500,2000,1750
"Tamil Nadu",Coimbatore,"Sulur(Uzhavar Sandhai )",Papaya,Papaya,Local,21/08/2026,4000,4400,4200
"Tamil Nadu",Coimbatore,"Sulur(Uzhavar Sandhai )",Ginger(Green),"Green Ginger",Local,21/08/2026,15000,16000,15500
"Tamil Nadu",Pudukkottai,"Gandarvakottai(Uzhavar Sandhai )",Onion,Bellary,Local,21/08/2026,4000,5000,4500
"Tamil Nadu",Pudukkottai,"Gandarvakottai(Uzhavar Sandhai )","Bitter gourd",Other,Local,21/08/2026,7000,8000,7500
"Tamil Nadu",Pudukkottai,"Gandarvakottai(Uzhavar Sandhai )","Bottle gourd","Bottle Gourd",Local,21/08/2026,2000,2500,2250
"Tamil Nadu",Pudukkottai,"Gandarvakottai(Uzhavar Sandhai )",Snakeguard,Snakeguard,Local,21/08/2026,3500,4000,3750
"Tamil Nadu",Pudukkottai,"Gandarvakottai(Uzhavar Sandhai )","Green Avare(W)",Other,Local,21/08/2026,7000,8000,7500
"Tamil Nadu",Cuddalore,"Panruti(Uzhavar Sandhai )",Coriander(Leaves),"I Sort",Local,21/08/2026,6000,6000,6000
"Tamil Nadu",Cuddalore,"Panruti(Uzhavar Sandhai )","Bottle gourd","Bottle Gourd",Local,21/08/2026,3000,3000,3000
"Tamil Nadu",Cuddalore,"Panruti(Uzhavar Sandhai )",Ashgourd,Gouard,Local,21/08/2026,2500,2500,2500
"Tamil Nadu",Cuddalore,"Panruti(Uzhavar Sandhai )","Bhindi(Ladies Finger)",Bhindi,Local,21/08/2026,4000,4000,4000
"Tamil Nadu",Cuddalore,"Panruti(Uzhavar Sandhai )",Ridgeguard(Tori),Ridgeguard(Tori),Local,21/08/2026,6000,6000,6000
"Tamil Nadu",Cuddalore,"Panruti(Uzhavar Sandhai )",Guava,"Guava Allahabad",Local,21/08/2026,5000,5000,5000
Keralam,Malappuram,"Kannamangalam  VFPCK Market",Banana,"Nendra Bale",Local,21/08/2026,5900,6100,6000
"Tamil Nadu",Dharmapuri,"AJattihalli(Uzhavar Sandhai )",Onion,Bellary,Local,21/08/2026,5200,5500,5350
"Tamil Nadu",Dharmapuri,"AJattihalli(Uzhavar Sandhai )",Potato,"Red Nanital",Local,21/08/2026,2600,2800,2700
"Tamil Nadu",Dharmapuri,"AJattihalli(Uzhavar Sandhai )",Garlic,Garlic,Local,21/08/2026,23500,23800,23650
"Tamil Nadu",Dharmapuri,"AJattihalli(Uzhavar Sandhai )",Cauliflower,Ranchi,Local,21/08/2026,3200,3500,3350
"Tamil Nadu",Dharmapuri,"AJattihalli(Uzhavar Sandhai )","Cluster beans","Cluster Beans",Local,21/08/2026,3200,3400,3300
"Tamil Nadu",Dharmapuri,"AJattihalli(Uzhavar Sandhai )",Beans,"Beans (Whole)",Local,21/08/2026,9500,9700,9600
"Tamil Nadu",Dharmapuri,"AJattihalli(Uzhavar Sandhai )",Guava,"Guava Allahabad",Local,21/08/2026,5000,5500,5250
"Tamil Nadu",Dharmapuri,"AJattihalli(Uzhavar Sandhai )","Tender Coconut","Tender Coconut",Local,21/08/2026,2800,3000,2900
"Tamil Nadu",Dharmapuri,"AJattihalli(Uzhavar Sandhai )","Elephant Yam(Suran)/Amorphophallus","Elephant Yam (Suran)",Local,21/08/2026,6000,6500,6250
"Tamil Nadu",Dharmapuri,"AJattihalli(Uzhavar Sandhai )",Lemon,Lemon,Local,21/08/2026,17500,18000,17750
"Tamil Nadu",Dharmapuri,"AJattihalli(Uzhavar Sandhai )",Mint(Pudina),Mint(Pudina),Local,21/08/2026,4800,5000,4900
Keralam,Malappuram,"Thalappara  VFPCK Market",Banana,"Nendra Bale",Local,21/08/2026,5900,6000,6000
"Andhra Pradesh",Annamayya,"B.Kothakota H/Q Angallu",Tomato,Local,FAQ,21/08/2026,800,1400,1000
"Tamil Nadu",Nagapattinam,"Vedaranyam(Uzhavar Sandhai)",Tomato,Deshi,Local,21/08/2026,3500,3600,3550
"Tamil Nadu",Nagapattinam,"Vedaranyam(Uzhavar Sandhai)",Beetroot,Beetroot,Local,21/08/2026,3800,4000,3900
"Tamil Nadu",Nagapattinam,"Vedaranyam(Uzhavar Sandhai)",Lemon,Lemon,Local,21/08/2026,4600,4800,4700
"Tamil Nadu",Vellore,"Perampet(Uzhavar Sandhai)",Banana,"Red Banana",Local,21/08/2026,8000,8000,8000
"Tamil Nadu",Vellore,"Perampet(Uzhavar Sandhai)",Onion,Bellary,Local,21/08/2026,5000,5000,5000
"Tamil Nadu",Vellore,"Perampet(Uzhavar Sandhai)",Garlic,Garlic,Local,21/08/2026,22000,22000,22000
"Tamil Nadu",Vellore,"Perampet(Uzhavar Sandhai)","Banana - Green","Banana - Green",Local,21/08/2026,3500,4000,3750
"Tamil Nadu",Vellore,"Perampet(Uzhavar Sandhai)",Beans,"Beans (Whole)",Local,21/08/2026,7000,7000,7000
"Tamil Nadu",Vellore,"Perampet(Uzhavar Sandhai)",Coconut,Coconut,Local,21/08/2026,3000,3000,3000
"Tamil Nadu",Vellore,"Perampet(Uzhavar Sandhai)",Carrot,Pusakesar,Local,21/08/2026,6000,6000,6000
"Tamil Nadu",Vellore,"Perampet(Uzhavar Sandhai)",Cabbage,Cabbage,Local,21/08/2026,3500,3500,3500
"Tamil Nadu",Vellore,"Perampet(Uzhavar Sandhai)","Knool Khol","Knool Khol",Local,21/08/2026,4000,4000,4000
"Tamil Nadu",Vellore,"Perampet(Uzhavar Sandhai)",Colacasia,Colacasia,Local,21/08/2026,5000,5000,5000
"Tamil Nadu",Vellore,"Perampet(Uzhavar Sandhai)","Sweet Corn ","Sweet Corn ",Local,21/08/2026,2500,3000,2750
Maharashtra,Pune,"Pune(Pimpri) APMC",Onion,Local,Local,21/08/2026,2000,3700,2850
Maharashtra,Pune,"Pune(Pimpri) APMC",Cabbage,Other,Local,21/08/2026,1500,2000,1750
"Tamil Nadu",Karur,"Kulithalai(Uzhavar Sandhai )",Potato,Other,Local,21/08/2026,6500,7000,6750
"Tamil Nadu",Karur,"Kulithalai(Uzhavar Sandhai )",Brinjal,Other,Local,21/08/2026,3000,3600,3300
"Tamil Nadu",Karur,"Kulithalai(Uzhavar Sandhai )","Cluster beans","Cluster Beans",Local,21/08/2026,3600,4000,3800
"Tamil Nadu",Karur,"Kulithalai(Uzhavar Sandhai )","Bottle gourd","Bottle Gourd",Local,21/08/2026,1500,2000,1750
"Tamil Nadu",Karur,"Kulithalai(Uzhavar Sandhai )",Ashgourd,Gouard,Local,21/08/2026,2500,3000,2750
"Tamil Nadu",Karur,"Kulithalai(Uzhavar Sandhai )",Cabbage,Cabbage,Local,21/08/2026,3000,3200,3100
"Tamil Nadu",Karur,"Kulithalai(Uzhavar Sandhai )",Drumstick,Drumstick,Local,21/08/2026,2500,3000,2750
"Tamil Nadu",Karur,"Kulithalai(Uzhavar Sandhai )",Turnip,Turnip,Local,21/08/2026,4000,5000,4500
"Tamil Nadu",Karur,"Pallapatti (Uzhavar Sandhai )",Chikoos(Sapota),Sapota,Local,21/08/2026,3500,4000,3750
"Tamil Nadu",Karur,"Pallapatti (Uzhavar Sandhai )","Bitter gourd",Other,Local,21/08/2026,5000,6000,5500
"Tamil Nadu",Karur,"Pallapatti (Uzhavar Sandhai )",Snakeguard,Snakeguard,Local,21/08/2026,3500,4000,3750
"Tamil Nadu",Karur,"Pallapatti (Uzhavar Sandhai )",Lemon,Lemon,Local,21/08/2026,5500,6000,5750
"Tamil Nadu",Karur,"Pallapatti (Uzhavar Sandhai )","Amla(Nelli Kai)",Amla,Local,21/08/2026,6500,7000,6750
"Tamil Nadu",Karur,"Pallapatti (Uzhavar Sandhai )",Mint(Pudina),Mint(Pudina),Local,21/08/2026,4500,5000,4750
"Tamil Nadu",Karur,"Velayuthampalayam(Uzhavar Sandhai )",Brinjal,Other,Local,21/08/2026,3200,4000,3600
"Tamil Nadu",Karur,"Velayuthampalayam(Uzhavar Sandhai )","Green Chilli","Green Chilly",Local,21/08/2026,4000,5000,4500
"Tamil Nadu",Karur,"Velayuthampalayam(Uzhavar Sandhai )","Banana - Green","Banana - Green",Local,21/08/2026,2400,3000,2700
"Tamil Nadu",Karur,"Vengamedu(Uzhavar Sandhai )",Tomato,Deshi,Local,21/08/2026,1500,2000,1750
"Tamil Nadu",Karur,"Vengamedu(Uzhavar Sandhai )",Ridgeguard(Tori),Ridgeguard(Tori),Local,21/08/2026,5500,6000,5750
"Tamil Nadu",Karur,"Vengamedu(Uzhavar Sandhai )",Raddish,Raddish,Local,21/08/2026,2500,3000,2750
"Tamil Nadu",Karur,"Vengamedu(Uzhavar Sandhai )",Drumstick,Drumstick,Local,21/08/2026,2500,3000,2750
"Tamil Nadu",Karur,"Vengamedu(Uzhavar Sandhai )",Lemon,Lemon,Local,21/08/2026,16500,17000,16750
"Tamil Nadu",Karur,"Vengamedu(Uzhavar Sandhai )","Onion Green","Onion Green",Local,21/08/2026,7500,8000,7750
"Tamil Nadu",Theni,"Devaram(Uzhavar Sandhai )",Coriander(Leaves),"I Sort",Local,21/08/2026,3200,3200,3200
"Tamil Nadu",Theni,"Devaram(Uzhavar Sandhai )","Bhindi(Ladies Finger)",Bhindi,Local,21/08/2026,4800,4800,4800
"Tamil Nadu",Theni,"Devaram(Uzhavar Sandhai )","Knool Khol","Knool Khol",Local,21/08/2026,3500,3500,3500
"Tamil Nadu",Salem,"Attayampatti(Uzhavar Sandhai )",Chikoos(Sapota),Sapota,Local,21/08/2026,4000,4500,4250
"Tamil Nadu",Salem,"Attayampatti(Uzhavar Sandhai )",Amaranthus,Amaranthus,Local,21/08/2026,2400,2800,2600
"Tamil Nadu",Salem,"Attayampatti(Uzhavar Sandhai )","Banana - Green","Banana - Green",Local,21/08/2026,2400,2800,2600
"Tamil Nadu",Salem,"Attayampatti(Uzhavar Sandhai )",Ridgeguard(Tori),Ridgeguard(Tori),Local,21/08/2026,3600,4000,3800
"Tamil Nadu",Salem,"Attayampatti(Uzhavar Sandhai )","Elephant Yam(Suran)/Amorphophallus","Elephant Yam (Suran)",Local,21/08/2026,5000,5000,5000
"Tamil Nadu",Sivaganga,"Devakottai (Uzhavar Sandhai )",Chikoos(Sapota),Sapota,Local,21/08/2026,4400,6200,5300
"Tamil Nadu",Sivaganga,"Devakottai (Uzhavar Sandhai )",Papaya,Papaya,Local,21/08/2026,4000,4800,4400
"Tamil Nadu",Sivaganga,"Devakottai (Uzhavar Sandhai )",Ashgourd,Gouard,Local,21/08/2026,2200,2600,2400
"Tamil Nadu",Sivaganga,"Devakottai (Uzhavar Sandhai )","Bhindi(Ladies Finger)",Bhindi,Local,21/08/2026,4500,5200,4850
"Tamil Nadu",Sivaganga,"Devakottai (Uzhavar Sandhai )","Green Chilli","Green Chilly",Local,21/08/2026,4500,5200,4850
"Tamil Nadu",Sivaganga,"Devakottai (Uzhavar Sandhai )",Snakeguard,Snakeguard,Local,21/08/2026,3200,3800,3500
"Tamil Nadu",Sivaganga,"Devakottai (Uzhavar Sandhai )",Beetroot,Beetroot,Local,21/08/2026,5000,5800,5400
"Tamil Nadu",Sivaganga,"Devakottai (Uzhavar Sandhai )",Raddish,Raddish,Local,21/08/2026,3200,3400,3300
"Tamil Nadu",Sivaganga,"Devakottai (Uzhavar Sandhai )","Green Avare(W)",Other,Local,21/08/2026,5200,6400,5800
"Tamil Nadu",Sivaganga,"Devakottai (Uzhavar Sandhai )",Drumstick,Drumstick,Local,21/08/2026,3200,5400,4300
"Tamil Nadu",Sivaganga,"Devakottai (Uzhavar Sandhai )",Mint(Pudina),Mint(Pudina),Local,21/08/2026,4400,4800,4600
"Tamil Nadu",Salem,"Edapadi (Uzhavar Sandhai )",Cauliflower,Ranchi,Local,21/08/2026,2500,3000,2750
"Tamil Nadu",Salem,"Edapadi (Uzhavar Sandhai )","Bitter gourd",Other,Local,21/08/2026,5000,5500,5250
"Tamil Nadu",Salem,"Edapadi (Uzhavar Sandhai )",Amaranthus,Amaranthus,Local,21/08/2026,2400,2600,2500
"Tamil Nadu",Salem,"Edapadi (Uzhavar Sandhai )","Green Chilli","Green Chilly",Local,21/08/2026,4500,5000,4750
"Tamil Nadu",Salem,"Edapadi (Uzhavar Sandhai )","Banana - Green","Banana - Green",Local,21/08/2026,2400,2800,2600
"Tamil Nadu",Salem,"Edapadi (Uzhavar Sandhai )","Knool Khol","Knool Khol",Local,21/08/2026,3800,4000,3900
"Tamil Nadu",Salem,"Edapadi (Uzhavar Sandhai )",Mint(Pudina),Mint(Pudina),Local,21/08/2026,2800,3000,2900
"Tamil Nadu",Salem,"Elampillai(Uzhavar Sandhai )",Tomato,Other,Local,21/08/2026,1600,2000,1800
"Tamil Nadu",Salem,"Elampillai(Uzhavar Sandhai )",Ashgourd,Gouard,Local,21/08/2026,2000,2400,2200
"Tamil Nadu",Salem,"Elampillai(Uzhavar Sandhai )","Green Chilli","Green Chilly",Local,21/08/2026,5000,5500,5250
"Tamil Nadu",Salem,"Elampillai(Uzhavar Sandhai )",Carrot,Pusakesar,Local,21/08/2026,8000,8400,8200
"Tamil Nadu",Salem,"Elampillai(Uzhavar Sandhai )",Capsicum,Capsicum,Local,21/08/2026,5000,6000,5500
"Tamil Nadu",Salem,"Elampillai(Uzhavar Sandhai )",Guava,"Guava Allahabad",Local,21/08/2026,4000,5000,4500
"Tamil Nadu",Salem,"Hasthampatti(Uzhavar Sandhai )",Grapes,Annabesahai,Local,21/08/2026,8000,10000,9000
"Tamil Nadu",Salem,"Hasthampatti(Uzhavar Sandhai )","Mousambi(Sweet Lime)",Mousambi,Local,21/08/2026,3000,3500,3250
"Tamil Nadu",Salem,"Hasthampatti(Uzhavar Sandhai )",Ashgourd,Gouard,Local,21/08/2026,2000,2400,2200
"Tamil Nadu",Salem,"Hasthampatti(Uzhavar Sandhai )",Pumpkin,Pumpkin,Local,21/08/2026,1800,2000,1900
"Tamil Nadu",Salem,"Hasthampatti(Uzhavar Sandhai )","Bhindi(Ladies Finger)",Bhindi,Local,21/08/2026,3500,3800,3650
"Tamil Nadu",Salem,"Hasthampatti(Uzhavar Sandhai )","Banana - Green","Banana - Green",Local,21/08/2026,1500,2000,1750
"Tamil Nadu",Salem,"Hasthampatti(Uzhavar Sandhai )",Beetroot,Beetroot,Local,21/08/2026,7000,7600,7300
"Tamil Nadu",Salem,"Hasthampatti(Uzhavar Sandhai )","Chow Chow","Chow Chow",Local,21/08/2026,4000,4500,4250
"Tamil Nadu",Salem,"Hasthampatti(Uzhavar Sandhai )",Pomegranate,Pomogranate,Local,21/08/2026,10000,12000,11000
"Tamil Nadu",Salem,"Hasthampatti(Uzhavar Sandhai )",Lemon,Lemon,Local,21/08/2026,3000,7000,5000
"Tamil Nadu",Salem,"Jalagandapuram(Uzhavar Sandhai )",Onion,Bellary,Local,21/08/2026,5000,5500,5250
"Tamil Nadu",Salem,"Jalagandapuram(Uzhavar Sandhai )",Tomato,Other,Local,21/08/2026,1600,2000,1800
"Tamil Nadu",Salem,"Jalagandapuram(Uzhavar Sandhai )","Cluster beans","Cluster Beans",Local,21/08/2026,3000,3400,3200
"Tamil Nadu",Salem,"Jalagandapuram(Uzhavar Sandhai )",Pumpkin,Pumpkin,Local,21/08/2026,1800,2000,1900
"Tamil Nadu",Salem,"Jalagandapuram(Uzhavar Sandhai )",Amaranthus,Amaranthus,Local,21/08/2026,2200,2600,2400
"Tamil Nadu",Salem,"Jalagandapuram(Uzhavar Sandhai )","Banana - Green","Banana - Green",Local,21/08/2026,2500,2800,2650
"Tamil Nadu",Salem,"Jalagandapuram(Uzhavar Sandhai )",Carrot,Pusakesar,Local,21/08/2026,8000,8500,8250
"Tamil Nadu",Salem,"Jalagandapuram(Uzhavar Sandhai )",Beetroot,Beetroot,Local,21/08/2026,5000,6000,5500
"Tamil Nadu",Salem,"Jalagandapuram(Uzhavar Sandhai )",Raddish,Raddish,Local,21/08/2026,2800,3000,2900
"Tamil Nadu",Salem,"Jalagandapuram(Uzhavar Sandhai )",Capsicum,Capsicum,Local,21/08/2026,5000,5500,5250
"Tamil Nadu",Salem,"Jalagandapuram(Uzhavar Sandhai )",Lime,Lime,Local,21/08/2026,3000,3500,3250
"Tamil Nadu",Salem,"Jalagandapuram(Uzhavar Sandhai )",Guava,"Guava Allahabad",Local,21/08/2026,5500,6000,5750
"Tamil Nadu",Salem,"Jalagandapuram(Uzhavar Sandhai )","Tender Coconut","Tender Coconut",Local,21/08/2026,3000,3500,3250
"Tamil Nadu",Sivaganga,"Singampunari(Uzhavar Sandhai )",Brinjal,Other,Local,21/08/2026,4200,4600,4400
"Tamil Nadu",Sivaganga,"Singampunari(Uzhavar Sandhai )",Papaya,Papaya,Local,21/08/2026,4200,4600,4400
"Tamil Nadu",Sivaganga,"Singampunari(Uzhavar Sandhai )","Bottle gourd","Bottle Gourd",Local,21/08/2026,2600,3200,2900
"Tamil Nadu",Sivaganga,"Singampunari(Uzhavar Sandhai )",Pumpkin,Pumpkin,Local,21/08/2026,2200,2600,2400
"Tamil Nadu",Sivaganga,"Singampunari(Uzhavar Sandhai )","Bhindi(Ladies Finger)",Bhindi,Local,21/08/2026,4600,5000,4800
"Tamil Nadu",Sivaganga,"Singampunari(Uzhavar Sandhai )",Ridgeguard(Tori),Ridgeguard(Tori),Local,21/08/2026,4400,5200,4800
"Tamil Nadu",Sivaganga,"Singampunari(Uzhavar Sandhai )","Knool Khol","Knool Khol",Local,21/08/2026,4200,5200,4700
"Tamil Nadu",Sivaganga,"Singampunari(Uzhavar Sandhai )",Yam(Ratalu),"Yam (Ratalu)",Local,21/08/2026,8000,9000,8500
"Tamil Nadu",Sivaganga,"Singampunari(Uzhavar Sandhai )",Lemon,Lemon,Local,21/08/2026,15000,17000,16000
"Tamil Nadu",Sivaganga,"Singampunari(Uzhavar Sandhai )","Onion Green","Onion Green",Local,21/08/2026,7500,8000,7750
"Tamil Nadu",Sivaganga,"Singampunari(Uzhavar Sandhai )",Mint(Pudina),Mint(Pudina),Local,21/08/2026,4200,4600,4400
"Tamil Nadu",Sivaganga,"Karaikudi(Uzhavar Sandhai )",Coriander(Leaves),"I Sort",Local,21/08/2026,4500,5000,4750
"Tamil Nadu",Sivaganga,"Karaikudi(Uzhavar Sandhai )","Green Chilli","Green Chilly",Local,21/08/2026,4800,5400,5100
"Tamil Nadu",Sivaganga,"Karaikudi(Uzhavar Sandhai )",Drumstick,Drumstick,Local,21/08/2026,4000,5500,4750
"Tamil Nadu",Sivaganga,"Karaikudi(Uzhavar Sandhai )","Knool Khol","Knool Khol",Local,21/08/2026,4500,5500,5000
"Tamil Nadu",Sivaganga,"Karaikudi(Uzhavar Sandhai )",Mint(Pudina),Mint(Pudina),Local,21/08/2026,4500,4500,4500
"Tamil Nadu",Sivaganga,"Tirupatthur(Uzhavar Sandhai )","Bhindi(Ladies Finger)",Bhindi,Local,21/08/2026,4000,4500,4250
"Tamil Nadu",Sivaganga,"Tirupatthur(Uzhavar Sandhai )","Chow Chow","Chow Chow",Local,21/08/2026,3000,3500,3250
"Tamil Nadu",Thanjavur,"Pattukottai(Uzhavar Sandhai )",Potato,"Red Nanital",Local,21/08/2026,3000,3000,3000
"Tamil Nadu",Thanjavur,"Pattukottai(Uzhavar Sandhai )",Coriander(Leaves),"I Sort",Local,21/08/2026,3000,3000,3000
"Tamil Nadu",Thanjavur,"Pattukottai(Uzhavar Sandhai )","Green Chilli","Green Chilly",Local,21/08/2026,5800,5800,5800
"Tamil Nadu",Thanjavur,"Pattukottai(Uzhavar Sandhai )",Coconut,Coconut,Local,21/08/2026,5000,5000,5000
"Tamil Nadu",Thanjavur,"Pattukottai(Uzhavar Sandhai )",Beetroot,Beetroot,Local,21/08/2026,5400,5400,5400
"Tamil Nadu",Thanjavur,"Pattukottai(Uzhavar Sandhai )",Capsicum,Capsicum,Local,21/08/2026,6000,6000,6000
"Tamil Nadu",Thanjavur,"Pattukottai(Uzhavar Sandhai )",Mint(Pudina),Mint(Pudina),Local,21/08/2026,5400,5400,5400
"Tamil Nadu",Thanjavur,"Thanjavur(Uzhavar Sandhai )",Banana,"Red Banana",Local,21/08/2026,10000,10000,10000
"Tamil Nadu",Thanjavur,"Thanjavur(Uzhavar Sandhai )",Brinjal,Round,Local,21/08/2026,4000,5000,4500
"Tamil Nadu",Thanjavur,"Thanjavur(Uzhavar Sandhai )",Papaya,Papaya,Local,21/08/2026,5000,5000,5000
"Tamil Nadu",Thanjavur,"Thanjavur(Uzhavar Sandhai )","Bitter gourd",Other,Local,21/08/2026,5000,5000,5000
"Tamil Nadu",Thanjavur,"Thanjavur(Uzhavar Sandhai )","Green Chilli","Green Chilly",Local,21/08/2026,5200,5200,5200
"Tamil Nadu",Thanjavur,"Thanjavur(Uzhavar Sandhai )",Beans,"Beans (Whole)",Local,21/08/2026,8000,8000,8000
"Tamil Nadu",Thanjavur,"Thanjavur(Uzhavar Sandhai )",Cabbage,Cabbage,Local,21/08/2026,3000,3000,3000
"Tamil Nadu",Thanjavur,"Thanjavur(Uzhavar Sandhai )",Snakeguard,Snakeguard,Local,21/08/2026,4000,5000,4500
"Tamil Nadu",Thanjavur,"Thanjavur(Uzhavar Sandhai )",Raddish,Raddish,Local,21/08/2026,3000,3000,3000
"Tamil Nadu",Thanjavur,"Thanjavur(Uzhavar Sandhai )",Thondekai,Thondekai,Local,21/08/2026,4400,4400,4400
"Tamil Nadu",Thanjavur,"Thanjavur(Uzhavar Sandhai )","Chow Chow","Chow Chow",Local,21/08/2026,3800,3800,3800
"Tamil Nadu",Thanjavur,"Thanjavur(Uzhavar Sandhai )",Drumstick,Drumstick,Local,21/08/2026,3000,3000,3000
"Tamil Nadu",Thanjavur,"Thanjavur(Uzhavar Sandhai )",Lemon,Lemon,Local,21/08/2026,9000,9000,9000
"Tamil Nadu",Thanjavur,"Thanjavur(Uzhavar Sandhai )","Onion Green","Onion Green",Local,21/08/2026,7000,7600,7300
"Tamil Nadu",Thanjavur,"Thanjavur(Uzhavar Sandhai )",Mint(Pudina),Mint(Pudina),Local,21/08/2026,5600,5600,5600
"Tamil Nadu",Thiruchirappalli,"KKNagar(Uzhavar Sandhai )",Cauliflower,Ranchi,Local,21/08/2026,5000,5000,5000
"Tamil Nadu",Thiruchirappalli,"KKNagar(Uzhavar Sandhai )","Mousambi(Sweet Lime)",Mousambi,Local,21/08/2026,8000,8000,8000
"Tamil Nadu",Thiruchirappalli,"KKNagar(Uzhavar Sandhai )",Beans,"Beans (Whole)",Local,21/08/2026,8000,8000,8000
"Tamil Nadu",Thiruchirappalli,"KKNagar(Uzhavar Sandhai )","Elephant Yam(Suran)/Amorphophallus","Elephant Yam (Suran)",Local,21/08/2026,5000,5000,5000
"Tamil Nadu",Thiruchirappalli,"KKNagar(Uzhavar Sandhai )",Lemon,Lemon,Local,21/08/2026,12000,12000,12000
"Tamil Nadu",Thiruchirappalli,"KKNagar(Uzhavar Sandhai )",Mashrooms,Mashrooms,Local,21/08/2026,22000,22000,22000
"Tamil Nadu",Thiruchirappalli,"Lalgudi(Uzhavar Sandhai )","Bitter gourd",Other,Local,21/08/2026,6600,6600,6600
"Tamil Nadu",Thiruchirappalli,"Lalgudi(Uzhavar Sandhai )","Bottle gourd","Bottle Gourd",Local,21/08/2026,3000,3000,3000
"Tamil Nadu",Thiruchirappalli,"Lalgudi(Uzhavar Sandhai )","Knool Khol","Knool Khol",Local,21/08/2026,4000,4000,4000
"Tamil Nadu",Thiruchirappalli,"Lalgudi(Uzhavar Sandhai )","Amla(Nelli Kai)",Amla,Local,21/08/2026,8000,8000,8000
"Tamil Nadu",Thiruchirappalli,"Manachanallur(Uzhavar Sandhai )",Banana,Besrai,Local,21/08/2026,5000,5000,5000
"Tamil Nadu",Thiruchirappalli,"Manachanallur(Uzhavar Sandhai )",Brinjal,Round,Local,21/08/2026,5000,5000,5000
"Tamil Nadu",Thiruchirappalli,"Manachanallur(Uzhavar Sandhai )",Coriander(Leaves),"I Sort",Local,21/08/2026,3000,3000,3000
"Tamil Nadu",Thiruchirappalli,"Manachanallur(Uzhavar Sandhai )",Tomato,Deshi,Local,21/08/2026,2400,2400,2400
"Tamil Nadu",Thiruchirappalli,"Manachanallur(Uzhavar Sandhai )",Amaranthus,Amaranthus,Local,21/08/2026,2000,2500,2250
"Tamil Nadu",Thiruchirappalli,"Manachanallur(Uzhavar Sandhai )","Green Chilli","Green Chilly",Local,21/08/2026,5400,5400,5400
"Tamil Nadu",Thiruchirappalli,"Manachanallur(Uzhavar Sandhai )",Cowpea(Veg),"Cowpea (Veg)",Local,21/08/2026,3500,3500,3500
"Tamil Nadu",Thiruchirappalli,"Manachanallur(Uzhavar Sandhai )",Beetroot,Beetroot,Local,21/08/2026,5000,5000,5000
"Tamil Nadu",Thiruchirappalli,"Manachanallur(Uzhavar Sandhai )","Chow Chow","Chow Chow",Local,21/08/2026,4000,4000,4000
"Tamil Nadu",Thiruchirappalli,"Manachanallur(Uzhavar Sandhai )",Drumstick,Drumstick,Local,21/08/2026,3500,3500,3500
"Tamil Nadu",Thiruchirappalli,"Manapparai(Uzhavar Sandhai )",Banana,Poovan,Local,21/08/2026,4000,5000,4500
"Tamil Nadu",Thiruchirappalli,"Manapparai(Uzhavar Sandhai )",Garlic,Garlic,Local,21/08/2026,24000,24000,24000
"Tamil Nadu",Thiruchirappalli,"Manapparai(Uzhavar Sandhai )",Coriander(Leaves),"I Sort",Local,21/08/2026,3000,3000,3000
"Tamil Nadu",Thiruchirappalli,"Manapparai(Uzhavar Sandhai )",Papaya,Papaya,Local,21/08/2026,4000,4000,4000
"Tamil Nadu",Thiruchirappalli,"Manapparai(Uzhavar Sandhai )",Ashgourd,Gouard,Local,21/08/2026,2000,2000,2000
"Tamil Nadu",Thiruchirappalli,"Manapparai(Uzhavar Sandhai )",Pumpkin,Pumpkin,Local,21/08/2026,2000,2000,2000
"Tamil Nadu",Thiruchirappalli,"Manapparai(Uzhavar Sandhai )","Green Chilli","Green Chilly",Local,21/08/2026,5500,5500,5500
"Tamil Nadu",Thiruchirappalli,"Manapparai(Uzhavar Sandhai )","Banana - Green","Banana - Green",Local,21/08/2026,3000,3000,3000
"Tamil Nadu",Thiruchirappalli,"Manapparai(Uzhavar Sandhai )",Coconut,Coconut,Local,21/08/2026,7000,7000,7000
"Tamil Nadu",Thiruchirappalli,"Manapparai(Uzhavar Sandhai )","Onion Green","Onion Green",Local,21/08/2026,6000,7000,6500
"Tamil Nadu",Thiruchirappalli,"Musiri(Uzhavar Sandhai )",Cauliflower,Ranchi,Local,21/08/2026,3000,3500,3250
"Tamil Nadu",Thiruchirappalli,"Musiri(Uzhavar Sandhai )",Brinjal,Other,Local,21/08/2026,3000,3600,3300
"Tamil Nadu",Thiruchirappalli,"Musiri(Uzhavar Sandhai )",Papaya,Papaya,Local,21/08/2026,3500,4000,3750
"Tamil Nadu",Thiruchirappalli,"Musiri(Uzhavar Sandhai )",Amaranthus,Amaranthus,Local,21/08/2026,2000,2000,2000
"Tamil Nadu",Thiruchirappalli,"Musiri(Uzhavar Sandhai )",Cowpea(Veg),"Cowpea (Veg)",Local,21/08/2026,3500,4000,3750
"Tamil Nadu",Thiruchirappalli,"Musiri(Uzhavar Sandhai )",Beans,"Beans (Whole)",Local,21/08/2026,8000,8500,8250
"Tamil Nadu",Thiruchirappalli,"Musiri(Uzhavar Sandhai )",Coconut,Coconut,Local,21/08/2026,6000,6500,6250
"Tamil Nadu",Thiruchirappalli,"Musiri(Uzhavar Sandhai )",Beetroot,Beetroot,Local,21/08/2026,4500,5000,4750
"Tamil Nadu",Thiruchirappalli,"Musiri(Uzhavar Sandhai )",Cucumbar(Kheera),Cucumbar,Local,21/08/2026,4000,4600,4300
"Tamil Nadu",Thiruchirappalli,"Musiri(Uzhavar Sandhai )",Capsicum,Capsicum,Local,21/08/2026,5000,5500,5250
"Tamil Nadu",Thiruchirappalli,"Musiri(Uzhavar Sandhai )",Mango(Raw-Ripe),"Mango - Raw-Ripe",Local,21/08/2026,9000,10000,9500
"Tamil Nadu",Thiruchirappalli,"Musiri(Uzhavar Sandhai )","Tender Coconut","Tender Coconut",Local,21/08/2026,3500,4000,3750
"Tamil Nadu",Thiruchirappalli,"Musiri(Uzhavar Sandhai )","Elephant Yam(Suran)/Amorphophallus","Elephant Yam (Suran)",Local,21/08/2026,3000,3600,3300
"Tamil Nadu",Thiruchirappalli,"Musiri(Uzhavar Sandhai )",Colacasia,Colacasia,Local,21/08/2026,4500,5000,4750
"Tamil Nadu",Thiruchirappalli,"Musiri(Uzhavar Sandhai )",Mint(Pudina),Mint(Pudina),Local,21/08/2026,4000,4600,4300
"Tamil Nadu",Thiruchirappalli,"Thiruverumbur(Uzhavar Sandhai )",Cauliflower,Ranchi,Local,21/08/2026,5000,5000,5000
"Tamil Nadu",Thiruchirappalli,"Thiruverumbur(Uzhavar Sandhai )",Coriander(Leaves),"I Sort",Local,21/08/2026,2500,2500,2500
"Tamil Nadu",Thiruchirappalli,"Thiruverumbur(Uzhavar Sandhai )","Bitter gourd","Bitter Gourd",Local,21/08/2026,6600,6600,6600
"Tamil Nadu",Thiruchirappalli,"Thiruverumbur(Uzhavar Sandhai )","Bhindi(Ladies Finger)",Bhindi,Local,21/08/2026,4600,4600,4600
"Tamil Nadu",Thiruchirappalli,"Thiruverumbur(Uzhavar Sandhai )",Ginger(Green),"Green Ginger",Local,21/08/2026,18500,18500,18500
"Tamil Nadu",Thiruchirappalli,"Thiruverumbur(Uzhavar Sandhai )",Coconut,Coconut,Local,21/08/2026,7000,7000,7000
"Tamil Nadu",Thiruchirappalli,"Thiruverumbur(Uzhavar Sandhai )",Carrot,Pusakesar,Local,21/08/2026,8000,8000,8000
"Tamil Nadu",Thiruchirappalli,"Thiruverumbur(Uzhavar Sandhai )",Beetroot,Beetroot,Local,21/08/2026,5000,5000,5000
"Tamil Nadu",Thiruchirappalli,"Thiruverumbur(Uzhavar Sandhai )","Green Avare(W)","Green Avare (W)",Local,21/08/2026,5000,5000,5000
"Tamil Nadu",Thiruchirappalli,"Thiruverumbur(Uzhavar Sandhai )",Mango(Raw-Ripe),"Mango - Raw-Ripe",Local,21/08/2026,8000,8000,8000
"Tamil Nadu",Thiruchirappalli,"Thiruverumbur(Uzhavar Sandhai )","Indian Beans(Seam)","Indian Beans (Seam)",Local,21/08/2026,7000,7000,7000
"Tamil Nadu",Thiruchirappalli,"Thiruverumbur(Uzhavar Sandhai )","Onion Green","Onion Green",Local,21/08/2026,7000,7000,7000
"Tamil Nadu",Thiruchirappalli,"Thiruverumbur(Uzhavar Sandhai )",Mint(Pudina),Mint(Pudina),Local,21/08/2026,5000,5000,5000
"Tamil Nadu",Virudhunagar,"Rajapalayam(Uzhavar Sandhai )",Banana,Besrai,Local,21/08/2026,3500,4000,3750
"Tamil Nadu",Virudhunagar,"Rajapalayam(Uzhavar Sandhai )",Onion,Bellary,Local,21/08/2026,4500,5500,5000
"Tamil Nadu",Virudhunagar,"Rajapalayam(Uzhavar Sandhai )",Papaya,Papaya,Local,21/08/2026,3000,3500,3250
"Tamil Nadu",Virudhunagar,"Rajapalayam(Uzhavar Sandhai )",Coconut,Coconut,Local,21/08/2026,5000,6000,5500
"Tamil Nadu",Virudhunagar,"Rajapalayam(Uzhavar Sandhai )",Beetroot,Beetroot,Local,21/08/2026,4500,5000,4750
"Tamil Nadu",Virudhunagar,"Rajapalayam(Uzhavar Sandhai )",Raddish,Raddish,Local,21/08/2026,4000,4500,4250
"Tamil Nadu",Virudhunagar,"Rajapalayam(Uzhavar Sandhai )","Knool Khol","Knool Khol",Local,21/08/2026,5000,6000,5500
"Tamil Nadu",Virudhunagar,"Rajapalayam(Uzhavar Sandhai )","Elephant Yam(Suran)/Amorphophallus","Elephant Yam (Suran)",Local,21/08/2026,3500,4800,4150
"Tamil Nadu",Virudhunagar,"Rajapalayam(Uzhavar Sandhai )",Yam(Ratalu),"Yam (Ratalu)",Local,21/08/2026,10000,11000,10500
"Tamil Nadu",Virudhunagar,"Rajapalayam(Uzhavar Sandhai )",Colacasia,Colacasia,Local,21/08/2026,6000,7000,6500
"Tamil Nadu",Virudhunagar,"Sathur(Uzhavar Sandhai )",Potato,"Red Nanital",Local,21/08/2026,3500,4000,3750
"Tamil Nadu",Virudhunagar,"Sathur(Uzhavar Sandhai )","Banana - Green","Banana - Green",Local,21/08/2026,3500,4000,3750
"Tamil Nadu",Virudhunagar,"Sathur(Uzhavar Sandhai )",Beans,"Beans (Whole)",Local,21/08/2026,7500,8000,7750
"Tamil Nadu",Virudhunagar,"Sathur(Uzhavar Sandhai )",Coconut,Coconut,Local,21/08/2026,5500,6000,5750
"Tamil Nadu",Virudhunagar,"Sathur(Uzhavar Sandhai )","Green Avare(W)","Green Avare (W)",Local,21/08/2026,8000,9000,8500
"Tamil Nadu",Virudhunagar,"Sathur(Uzhavar Sandhai )",Lemon,Lemon,Local,21/08/2026,9000,10000,9500
"Tamil Nadu",Virudhunagar,"Sathur(Uzhavar Sandhai )","Onion Green","Onion Green",Local,21/08/2026,6500,7000,6750
"Tamil Nadu",Virudhunagar,"Sivakasi(Uzhavar Sandhai )",Cauliflower,Ranchi,Local,21/08/2026,4000,5000,4500
"Tamil Nadu",Virudhunagar,"Sivakasi(Uzhavar Sandhai )",Coriander(Leaves),"I Sort",Local,21/08/2026,4000,5000,4500
"Tamil Nadu",Virudhunagar,"Sivakasi(Uzhavar Sandhai )",Pumpkin,Pumpkin,Local,21/08/2026,2000,2500,2250
"Tamil Nadu",Virudhunagar,"Sivakasi(Uzhavar Sandhai )",Ridgeguard(Tori),Ridgeguard(Tori),Local,21/08/2026,5000,6000,5500
"Tamil Nadu",Virudhunagar,"Sivakasi(Uzhavar Sandhai )",Lemon,Lemon,Local,21/08/2026,13000,15000,14000
"Tamil Nadu",Virudhunagar,"Thalavaipuram(Uzhavar Sandhai )",Onion,Bellary,Local,21/08/2026,4500,5500,5000
"Tamil Nadu",Virudhunagar,"Thalavaipuram(Uzhavar Sandhai )","Cluster beans","Cluster Beans",Local,21/08/2026,2800,3500,3150
"Tamil Nadu",Virudhunagar,"Thalavaipuram(Uzhavar Sandhai )",Ashgourd,Gouard,Local,21/08/2026,2000,2500,2250
"Tamil Nadu",Virudhunagar,"Thalavaipuram(Uzhavar Sandhai )",Pumpkin,Pumpkin,Local,21/08/2026,1600,2000,1800
"Tamil Nadu",Virudhunagar,"Thalavaipuram(Uzhavar Sandhai )",Carrot,Pusakesar,Local,21/08/2026,5500,7000,6250
"Tamil Nadu",Virudhunagar,"Thalavaipuram(Uzhavar Sandhai )",Beetroot,Beetroot,Local,21/08/2026,4000,5000,4500
"Tamil Nadu",Virudhunagar,"Thalavaipuram(Uzhavar Sandhai )","Elephant Yam(Suran)/Amorphophallus","Elephant Yam (Suran)",Local,21/08/2026,4000,4800,4400
"Tamil Nadu",Virudhunagar,"Thalavaipuram(Uzhavar Sandhai )",Lemon,Lemon,Local,21/08/2026,10000,12000,11000
"Tamil Nadu",Virudhunagar,"Virudhunagar(Uzhavar Sandhai )",Cauliflower,Ranchi,Local,21/08/2026,3500,4000,3750
"Tamil Nadu",Virudhunagar,"Virudhunagar(Uzhavar Sandhai )",Brinjal,Round,Local,21/08/2026,3500,4000,3750
"Tamil Nadu",Virudhunagar,"Virudhunagar(Uzhavar Sandhai )","Bottle gourd","Bottle Gourd",Local,21/08/2026,2500,3000,2750
"Tamil Nadu",Virudhunagar,"Virudhunagar(Uzhavar Sandhai )","Bhindi(Ladies Finger)",Bhindi,Local,21/08/2026,3500,4000,3750
"Tamil Nadu",Virudhunagar,"Virudhunagar(Uzhavar Sandhai )",Amaranthus,Amaranthus,Local,21/08/2026,2500,3000,2750
"Tamil Nadu",Virudhunagar,"Virudhunagar(Uzhavar Sandhai )",Lemon,Lemon,Local,21/08/2026,14000,15000,14500
"Tamil Nadu",Chengalpattu,"Madhuranthagam(Uzhavar Sandhai )",Onion,Bellary,Local,21/08/2026,3000,3000,3000
"Tamil Nadu",Chengalpattu,"Madhuranthagam(Uzhavar Sandhai )",Potato,"Red Nanital",Local,21/08/2026,4000,4000,4000
"Tamil Nadu",Chengalpattu,"Madhuranthagam(Uzhavar Sandhai )","Bottle gourd","Bottle Gourd",Local,21/08/2026,3000,3000,3000
"Tamil Nadu",Chengalpattu,"Madhuranthagam(Uzhavar Sandhai )",Ashgourd,Gouard,Local,21/08/2026,3000,3000,3000
"Tamil Nadu",Chengalpattu,"Madhuranthagam(Uzhavar Sandhai )",Pumpkin,Pumpkin,Local,21/08/2026,2000,2000,2000
"Tamil Nadu",Chengalpattu,"Madhuranthagam(Uzhavar Sandhai )",Coconut,Coconut,Local,21/08/2026,3000,4000,3500
"Tamil Nadu",Chengalpattu,"Madhuranthagam(Uzhavar Sandhai )",Mint(Pudina),Mint(Pudina),Local,21/08/2026,3000,3000,3000
"Tamil Nadu",Chengalpattu,"Nanganallur(Uzhavar Sandhai )",Apple,American,Local,21/08/2026,22000,23000,22500
"Tamil Nadu",Chengalpattu,"Nanganallur(Uzhavar Sandhai )",Coriander(Leaves),"I Sort",Local,21/08/2026,3500,4000,3750
"Tamil Nadu",Chengalpattu,"Nanganallur(Uzhavar Sandhai )","Mousambi(Sweet Lime)",Mousambi,Local,21/08/2026,3500,4000,3750
"Tamil Nadu",Chengalpattu,"Nanganallur(Uzhavar Sandhai )",Carrot,Pusakesar,Local,21/08/2026,7500,8000,7750
"Tamil Nadu",Chengalpattu,"Nanganallur(Uzhavar Sandhai )",Cabbage,Cabbage,Local,21/08/2026,4500,5000,4750
"Tamil Nadu",Chengalpattu,"Nanganallur(Uzhavar Sandhai )",Ridgeguard(Tori),Ridgeguard(Tori),Local,21/08/2026,7500,8000,7750
"Tamil Nadu",Chengalpattu,"Nanganallur(Uzhavar Sandhai )",Thondekai,Thondekai,Local,21/08/2026,5500,6000,5750
"Tamil Nadu",Chengalpattu,"Nanganallur(Uzhavar Sandhai )","Knool Khol","Knool Khol",Local,21/08/2026,4500,5000,4750
"Tamil Nadu",Chengalpattu,"Nanganallur(Uzhavar Sandhai )",Guava,"Guava Allahabad",Local,21/08/2026,4500,5000,4750
"Tamil Nadu",Chengalpattu,"Nanganallur(Uzhavar Sandhai )","Karbuja(Musk Melon)",Karbhuja,Local,21/08/2026,3500,4000,3750
"Tamil Nadu",Chengalpattu,"Nanganallur(Uzhavar Sandhai )","Amla(Nelli Kai)",Amla,Local,21/08/2026,9000,9500,9250
"Tamil Nadu",Chengalpattu,"Nanganallur(Uzhavar Sandhai )",Rose(Local),"Rose (Local)",Local,21/08/2026,17000,18000,17500
"Tamil Nadu",Chengalpattu,"Pallavaram(Uzhavar Sandhai )",Groundnut,"Big (With Shell)",Local,21/08/2026,9000,10000,9500
"Tamil Nadu",Chengalpattu,"Pallavaram(Uzhavar Sandhai )",Onion,Bellary,Local,21/08/2026,4000,5000,4500
"Tamil Nadu",Chengalpattu,"Pallavaram(Uzhavar Sandhai )",Brinjal,Round,Local,21/08/2026,3500,4000,3750
"Tamil Nadu",Chengalpattu,"Pallavaram(Uzhavar Sandhai )","Cluster beans","Cluster Beans",Local,21/08/2026,4000,5000,4500
"Tamil Nadu",Chengalpattu,"Pallavaram(Uzhavar Sandhai )",Pumpkin,Pumpkin,Local,21/08/2026,2000,2500,2250
"Tamil Nadu",Chengalpattu,"Pallavaram(Uzhavar Sandhai )","Green Chilli","Green Chilly",Local,21/08/2026,5000,6000,5500
"Tamil Nadu",Chengalpattu,"Pallavaram(Uzhavar Sandhai )",Beans,"Beans (Whole)",Local,21/08/2026,10000,12000,11000
"Tamil Nadu",Chengalpattu,"Pallavaram(Uzhavar Sandhai )",Coconut,Coconut,Local,21/08/2026,6000,7000,6500
"Tamil Nadu",Chengalpattu,"Pallavaram(Uzhavar Sandhai )","Sweet Potato","Hosur Red",Local,21/08/2026,6000,7000,6500
"Tamil Nadu",Chengalpattu,"Pallavaram(Uzhavar Sandhai )",Snakeguard,Snakeguard,Local,21/08/2026,4000,5000,4500
"Tamil Nadu",Chengalpattu,"Pallavaram(Uzhavar Sandhai )",Cucumbar(Kheera),Cucumbar,Local,21/08/2026,5000,6000,5500
"Tamil Nadu",Chengalpattu,"Pallavaram(Uzhavar Sandhai )",Raddish,Raddish,Local,21/08/2026,4000,5000,4500
"Tamil Nadu",Chengalpattu,"Pallavaram(Uzhavar Sandhai )","Green Avare(W)",Other,Local,21/08/2026,6000,7000,6500
"Tamil Nadu",Chengalpattu,"Pallavaram(Uzhavar Sandhai )",Mango(Raw-Ripe),"Mango - Raw-Ripe",Local,21/08/2026,7000,8000,7500
"Tamil Nadu",Chengalpattu,"Pallavaram(Uzhavar Sandhai )","Knool Khol","Knool Khol",Local,21/08/2026,6000,7000,6500
"Tamil Nadu",Chengalpattu,"Pallavaram(Uzhavar Sandhai )",Mashrooms,Mashrooms,Local,21/08/2026,23000,25000,24000
"Tamil Nadu",Chengalpattu,"Pallavaram(Uzhavar Sandhai )","Sweet Corn ","Sweet Corn ",Local,21/08/2026,4000,5000,4500
"Tamil Nadu","Nagercoil (Kannyiakumari)","Myladi(Uzhavar Sandhai )",Banana,Besrai,Local,21/08/2026,5500,6000,5750
"Tamil Nadu","Nagercoil (Kannyiakumari)","Myladi(Uzhavar Sandhai )",Onion,Bellary,Local,21/08/2026,4500,5000,4750
"Tamil Nadu","Nagercoil (Kannyiakumari)","Myladi(Uzhavar Sandhai )",Tomato,Deshi,Local,21/08/2026,2200,2500,2350
"Tamil Nadu","Nagercoil (Kannyiakumari)","Myladi(Uzhavar Sandhai )","Cluster beans","Cluster Beans",Local,21/08/2026,4000,4500,4250
"Tamil Nadu",Chengalpattu,"Jameenrayapettai(Uzhavar Sandhai )",Papaya,Papaya,Local,21/08/2026,4000,5000,4500
"Tamil Nadu",Chengalpattu,"Jameenrayapettai(Uzhavar Sandhai )","Bitter gourd",Other,Local,21/08/2026,5000,6000,5500
"Tamil Nadu",Chengalpattu,"Jameenrayapettai(Uzhavar Sandhai )","Bhindi(Ladies Finger)",Bhindi,Local,21/08/2026,4000,5000,4500
"Tamil Nadu",Chengalpattu,"Jameenrayapettai(Uzhavar Sandhai )","Green Chilli","Green Chilly",Local,21/08/2026,5000,6000,5500
"Tamil Nadu",Chengalpattu,"Jameenrayapettai(Uzhavar Sandhai )","Banana - Green","Banana - Green",Local,21/08/2026,3500,4000,3750
"Tamil Nadu",Chengalpattu,"Jameenrayapettai(Uzhavar Sandhai )",Beans,"Beans (Whole)",Local,21/08/2026,11000,12000,11500
"Tamil Nadu",Chengalpattu,"Jameenrayapettai(Uzhavar Sandhai )",Ginger(Green),"Green Ginger",Local,21/08/2026,17000,18000,17500
"Tamil Nadu",Chengalpattu,"Jameenrayapettai(Uzhavar Sandhai )","Sweet Potato","Hosur Red",Local,21/08/2026,6000,7000,6500
"Tamil Nadu",Chengalpattu,"Jameenrayapettai(Uzhavar Sandhai )","Green Avare(W)",Other,Local,21/08/2026,6000,7000,6500
"Tamil Nadu",Chengalpattu,"Jameenrayapettai(Uzhavar Sandhai )",Guava,"Guava Allahabad",Local,21/08/2026,5000,6000,5500
"Tamil Nadu",Chengalpattu,"Jameenrayapettai(Uzhavar Sandhai )",Pomegranate,Pomogranate,Local,21/08/2026,11000,12000,11500
"Tamil Nadu",Chengalpattu,"Jameenrayapettai(Uzhavar Sandhai )",Yam(Ratalu),"Yam (Ratalu)",Local,21/08/2026,6000,7000,6500
"Tamil Nadu",Chengalpattu,"Jameenrayapettai(Uzhavar Sandhai )","Amla(Nelli Kai)",Amla,Local,21/08/2026,10000,12000,11000
"Tamil Nadu",Chengalpattu,"Jameenrayapettai(Uzhavar Sandhai )","Sweet Corn ","Sweet Corn ",Local,21/08/2026,4000,5000,4500
"Tamil Nadu",Thirupur,"Dharapuram(Uzhavar Sandhai )",Banana,Besrai,Local,21/08/2026,4500,5000,4750
"Tamil Nadu",Thirupur,"Dharapuram(Uzhavar Sandhai )",Mango,Safeda,Local,21/08/2026,5500,6000,5750
"Tamil Nadu",Thirupur,"Dharapuram(Uzhavar Sandhai )","Bottle gourd","Bottle Gourd",Local,21/08/2026,1400,1800,1600
"Tamil Nadu",Thirupur,"Dharapuram(Uzhavar Sandhai )",Ashgourd,Gouard,Local,21/08/2026,2000,2500,2250
"Tamil Nadu",Thirupur,"Dharapuram(Uzhavar Sandhai )",Lemon,Lemon,Local,21/08/2026,14000,15000,14500
"Tamil Nadu",Thirupur,"Palladam(Uzhavar Sandhai )",Coriander(Leaves),"I Sort",Local,21/08/2026,3500,4000,3750
"Tamil Nadu",Thirupur,"Palladam(Uzhavar Sandhai )",Ashgourd,Gouard,Local,21/08/2026,2000,2500,2250
"Tamil Nadu",Thirupur,"Palladam(Uzhavar Sandhai )",Pumpkin,Pumpkin,Local,21/08/2026,1500,2000,1750
"Tamil Nadu",Thirupur,"Palladam(Uzhavar Sandhai )",Thondekai,Thondekai,Local,21/08/2026,3500,4000,3750
"Tamil Nadu",Thirupur,"Palladam(Uzhavar Sandhai )",Guava,"Guava Allahabad",Local,21/08/2026,4000,5000,4500
"Andhra Pradesh","East Godavari","Mandapeta APMC",Paddy(Common),1001,FAQ,21/08/2026,2369,2400,2389
"Andhra Pradesh","East Godavari","Rajanagaram APMC",Maize,Fine,Local,21/08/2026,2405,2405,2405
Bihar,Muzaffarpur,"Bhagwanpur Mandi APMC",Potato,Jyoti,FAQ,21/08/2026,1000,1000,1000
Bihar,Muzaffarpur,"Bhagwanpur Mandi APMC",Cabbage,Cabbage,"Grade A",21/08/2026,2500,2500,2500
"Tamil Nadu",Kallakuruchi,"Kallakurichi(Uzhavar Sandhai )","Cluster beans","Cluster Beans",Local,21/08/2026,5000,5000,5000
"Tamil Nadu",Kallakuruchi,"Kallakurichi(Uzhavar Sandhai )",Ashgourd,Gouard,Local,21/08/2026,3000,3000,3000
"Tamil Nadu",Kallakuruchi,"Kallakurichi(Uzhavar Sandhai )","Green Chilli","Green Chilly",Local,21/08/2026,6000,6000,6000
"Tamil Nadu",Kallakuruchi,"Kallakurichi(Uzhavar Sandhai )","Banana - Green","Banana - Green",Local,21/08/2026,3000,3000,3000
"Tamil Nadu",Kallakuruchi,"Kallakurichi(Uzhavar Sandhai )","Chow Chow","Chow Chow",Local,21/08/2026,5000,5000,5000
"Tamil Nadu",Kallakuruchi,"Kallakurichi(Uzhavar Sandhai )",Marigold(Calcutta),Marigold(Calcutta),Local,21/08/2026,45000,45000,45000
"Tamil Nadu",Kallakuruchi,"Kallakurichi(Uzhavar Sandhai )","Elephant Yam(Suran)/Amorphophallus","Elephant Yam (Suran)",Local,21/08/2026,4000,4000,4000
"Tamil Nadu",Kallakuruchi,"Kallakurichi(Uzhavar Sandhai )",Yam(Ratalu),"Yam (Ratalu)",Local,21/08/2026,3000,3000,3000
"Tamil Nadu",Kallakuruchi,"Kallakurichi(Uzhavar Sandhai )",Lemon,Lemon,Local,21/08/2026,7000,7000,7000
"Tamil Nadu",Kallakuruchi,"Kallakurichi(Uzhavar Sandhai )",Mashrooms,Mashrooms,Local,21/08/2026,22500,22500,22500
"Tamil Nadu",Kallakuruchi,"Kallakurichi(Uzhavar Sandhai )",Mint(Pudina),Mint(Pudina),Local,21/08/2026,3000,3000,3000
Punjab,Pathankot,"Pathankot APMC",Potato,Potato,Medium,21/08/2026,600,600,600
Punjab,Pathankot,"Pathankot APMC",Pumpkin,Pumpkin,Medium,21/08/2026,800,800,800
Punjab,Pathankot,"Pathankot APMC",Tomato,Tomato,Medium,21/08/2026,2600,2600,2600
"Andhra Pradesh",Palnadu,"Gurazala APMC","Chili Red",Red,Local,21/08/2026,15000,22000,19500
"Tamil Nadu",Thirupathur,"Natrampalli(Uzhavar Sandhai )",Garlic,Garlic,Local,21/08/2026,25000,30000,27500
"Tamil Nadu",Thirupathur,"Natrampalli(Uzhavar Sandhai )",Brinjal,Round,Local,21/08/2026,4000,5000,4500
"Tamil Nadu",Thirupathur,"Natrampalli(Uzhavar Sandhai )","Bitter gourd","Bitter Gourd",Local,21/08/2026,4000,5000,4500
"Tamil Nadu",Thirupathur,"Natrampalli(Uzhavar Sandhai )","Green Chilli","Green Chilly",Local,21/08/2026,5000,6000,5500
"Tamil Nadu",Thirupathur,"Natrampalli(Uzhavar Sandhai )",Cabbage,Cabbage,Local,21/08/2026,3000,3500,3250
"Tamil Nadu",Thirupathur,"Natrampalli(Uzhavar Sandhai )",Cucumbar(Kheera),Cucumbar,Local,21/08/2026,2500,3000,2750
"Andhra Pradesh",Palnadu,"Macharla APMC","Red gram/Arhar/Tur(whole)",Local,"Grade Range-1",21/08/2026,8100,8100,8100
"Andhra Pradesh",Vijayanagaram,"Kothavalasa APMC",Paddy(Common),1001,Local,21/08/2026,2369,2369,2369
"Andhra Pradesh",Ananthapuramu,"Gooti APMC",Groundnut,Local,"Grade Range-1",21/08/2026,4391,5980,5480
"Andhra Pradesh",Ananthapuramu,"RAYADURG APMC",Maize,Local,"Grade Range-1",21/08/2026,2200,2650,2400
"Andhra Pradesh",Markapuram,"Podili APMC","Red gram/Arhar/Tur(whole)","Arhar (Whole)",FAQ,21/08/2026,8000,8200,8100
"Andhra Pradesh","Parvathipuram Manyam","Saluru APMC",Maize,Hybrid/Local,FAQ,21/08/2026,2550,2550,2550
"Tamil Nadu",Salem,"Athur(Uzhavar Sandhai )",Pumpkin,Pumpkin,Local,21/08/2026,2000,2400,2200
"Tamil Nadu",Salem,"Athur(Uzhavar Sandhai )",Beans,"Beans (Whole)",Local,21/08/2026,8000,9000,8500
"Tamil Nadu",Salem,"Athur(Uzhavar Sandhai )",Coconut,Coconut,Local,21/08/2026,6000,6500,6250
"Tamil Nadu",Salem,"Athur(Uzhavar Sandhai )",Cabbage,Cabbage,Local,21/08/2026,3000,3500,3250
"Tamil Nadu",Salem,"Athur(Uzhavar Sandhai )",Beetroot,Beetroot,Local,21/08/2026,5500,7500,6500
"Tamil Nadu",Salem,"Athur(Uzhavar Sandhai )","Green Avare(W)","Green Avare (W)",Local,21/08/2026,7000,7500,7250
"Tamil Nadu",Salem,"Athur(Uzhavar Sandhai )",Mango(Raw-Ripe),"Mango - Raw-Ripe",Local,21/08/2026,4500,5000,4750
"Tamil Nadu",Salem,"Athur(Uzhavar Sandhai )",Guava,"Guava Allahabad",Local,21/08/2026,5500,6000,5750
"Tamil Nadu",Salem,"Athur(Uzhavar Sandhai )",Mint(Pudina),Mint(Pudina),Local,21/08/2026,3000,3500,3250
"Tamil Nadu",Theni,"Periyakulam(Uzhavar Sandhai )",Cauliflower,Ranchi,Local,21/08/2026,3000,3500,3250
"Tamil Nadu",Theni,"Periyakulam(Uzhavar Sandhai )",Amaranthus,Amaranthus,Local,21/08/2026,2000,2500,2250
"Tamil Nadu",Theni,"Periyakulam(Uzhavar Sandhai )","Banana - Green","Banana - Green",Local,21/08/2026,3000,3000,3000
"Tamil Nadu",Theni,"Periyakulam(Uzhavar Sandhai )",Cabbage,Cabbage,Local,21/08/2026,2800,3000,2900
"Tamil Nadu",Theni,"Periyakulam(Uzhavar Sandhai )","Green Avare(W)",Other,Local,21/08/2026,4500,5000,4750
"Tamil Nadu",Theni,"Periyakulam(Uzhavar Sandhai )","Knool Khol","Knool Khol",Local,21/08/2026,3300,3500,3400
"Tamil Nadu",Virudhunagar,"Srivilliputhur(Uzhavar Sandhai )",Onion,Bellary,Local,21/08/2026,3500,4000,3750
"Tamil Nadu",Virudhunagar,"Srivilliputhur(Uzhavar Sandhai )",Ashgourd,Gouard,Local,21/08/2026,2500,3000,2750
"West Bengal",Bankura,"Khatra APMC",Potato,Jyoti,FAQ,21/08/2026,580,670,620
"Tamil Nadu",Coimbatore,"Vadavalli(Uzhavar Sandhai )",Brinjal,Other,Local,21/08/2026,3200,3800,3500
"Tamil Nadu",Coimbatore,"Vadavalli(Uzhavar Sandhai )","Mousambi(Sweet Lime)",Mousambi,Local,21/08/2026,4000,5000,4500
"Tamil Nadu",Coimbatore,"Vadavalli(Uzhavar Sandhai )",Tomato,Local,Local,21/08/2026,1600,1900,1750
"Tamil Nadu",Coimbatore,"Vadavalli(Uzhavar Sandhai )","Cluster beans","Cluster Beans",Local,21/08/2026,3600,4000,3800
"Tamil Nadu",Coimbatore,"Vadavalli(Uzhavar Sandhai )","Green Chilli","Green Chilly",Local,21/08/2026,3800,4400,4100
"Tamil Nadu",Coimbatore,"Vadavalli(Uzhavar Sandhai )","Sweet Potato","Hosur Red",Local,21/08/2026,4200,5000,4600
"Tamil Nadu",Coimbatore,"Vadavalli(Uzhavar Sandhai )",Raddish,Raddish,Local,21/08/2026,2600,3400,3000
"Tamil Nadu",Coimbatore,"Vadavalli(Uzhavar Sandhai )",Pomegranate,Pomogranate,Local,21/08/2026,10000,14000,12000
"Tamil Nadu",Coimbatore,"Vadavalli(Uzhavar Sandhai )","Elephant Yam(Suran)/Amorphophallus","Elephant Yam (Suran)",Local,21/08/2026,3200,4000,3600
"Tamil Nadu",Coimbatore,"Vadavalli(Uzhavar Sandhai )",Lemon,Lemon,Local,21/08/2026,13000,14000,13500
"West Bengal",Darjeeling,"Karsiyang(Matigara) APMC","Squash(Chappal Kadoo)",Other,FAQ,21/08/2026,2200,2400,2300
"West Bengal",Darjeeling,"Darjeeling APMC",Raddish,Raddish,FAQ,21/08/2026,3200,3400,3300
"West Bengal",Darjeeling,"Darjeeling APMC",Cabbage,Other,FAQ,21/08/2026,2700,2900,2800
"West Bengal",Darjeeling,"Darjeeling APMC",Ginger(Green),Other,FAQ,21/08/2026,9000,9200,9100
"West Bengal","Uttar Dinajpur","Raiganj APMC",Onion,Nasik,FAQ,21/08/2026,3000,3300,3200
"Andhra Pradesh",Annamayya,"Piler APMC",Gur(Jaggery),"NO 3",Local,21/08/2026,4500,5000,4800
"Uttar Pradesh",Bulandshahar,"Gulavati APMC",Colacasia,Other,FAQ,21/08/2026,4100,4300,4200
"Uttar Pradesh",Bulandshahar,"Gulavati APMC","Bitter gourd","Bitter Gourd",FAQ,21/08/2026,2100,2300,2200
"Uttar Pradesh",Bulandshahar,"Gulavati APMC","Sponge gourd",Other,FAQ,21/08/2026,2100,2300,2200
"Uttar Pradesh",Bulandshahar,"Gulavati APMC","Bottle gourd","Bottle Gourd",FAQ,21/08/2026,1500,1700,1600
"Tamil Nadu",Coimbatore,"Udumalpet APMC","Green Chilli","Green Chilly",Local,21/08/2026,4000,4500,4250
"Tamil Nadu",Coimbatore,"Udumalpet APMC","Banana - Green","Banana - Green",Local,21/08/2026,2500,3000,2750
"Tamil Nadu",Coimbatore,"Udumalpet APMC",Beans,"Beans (Whole)",Local,21/08/2026,10000,10500,10250
"Tamil Nadu",Coimbatore,"Udumalpet APMC",Ginger(Green),"Green Ginger",Local,21/08/2026,17500,18500,18000
"Tamil Nadu",Coimbatore,"Udumalpet APMC",Ridgeguard(Tori),Ridgeguard(Tori),Local,21/08/2026,5500,6500,6000
"Tamil Nadu",Coimbatore,"Udumalpet APMC","Green Avare(W)","Green Avare (W)",Local,21/08/2026,6000,7000,6500
"Tamil Nadu",Coimbatore,"Udumalpet APMC","Elephant Yam(Suran)/Amorphophallus","Elephant Yam (Suran)",Local,21/08/2026,6000,7000,6500
"Tamil Nadu",Coimbatore,"Udumalpet APMC","Indian Beans(Seam)","Indian Beans (Seam)",Local,21/08/2026,6500,7500,7000
"Tamil Nadu",Coimbatore,"Udumalpet APMC","Amla(Nelli Kai)",Amla,Local,21/08/2026,7000,8000,7500
"Tamil Nadu",Coimbatore,"Udumalpet APMC","Sweet Corn ","Sweet Corn ",Local,21/08/2026,4000,5000,4500
"Himachal Pradesh",Kangra,"SMY Nagrota Bagwan","Mousambi(Sweet Lime)",Mousambi,Medium,21/08/2026,4000,5000,4500
"Madhya Pradesh",Dhar,"Badnawar APMC",Onion,Onion,FAQ,21/08/2026,850,850,850
"West Bengal",Darjeeling,"Siliguri APMC","Masur Dal","Masur Dal",FAQ,21/08/2026,12300,12700,12500
"West Bengal",Darjeeling,"Siliguri APMC",Rice,Fine(Basmati),FAQ,21/08/2026,5100,5300,5200
"Madhya Pradesh",Khargone,"Badwaha APMC",Wheat,Wheat,FAQ,21/08/2026,2600,2600,2600
"Tamil Nadu",Erode,"Gobichettipalayam(Uzhavar Sandhai )",Groundnut,"Big (With Shell)",Local,21/08/2026,4800,5000,4900
"Tamil Nadu",Erode,"Gobichettipalayam(Uzhavar Sandhai )","Cluster beans","Cluster Beans",Local,21/08/2026,3400,3600,3500
"Tamil Nadu",Erode,"Gobichettipalayam(Uzhavar Sandhai )",Pumpkin,Pumpkin,Local,21/08/2026,2500,3000,2750
"Tamil Nadu",Erode,"Gobichettipalayam(Uzhavar Sandhai )",Amaranthus,Amaranthus,Local,21/08/2026,4200,4500,4350
"Tamil Nadu",Erode,"Gobichettipalayam(Uzhavar Sandhai )","Banana - Green","Banana - Green",Local,21/08/2026,2600,2800,2700
"Tamil Nadu",Erode,"Gobichettipalayam(Uzhavar Sandhai )",Ginger(Green),"Green Ginger",Local,21/08/2026,16000,16500,16250
"Tamil Nadu",Erode,"Gobichettipalayam(Uzhavar Sandhai )",Coconut,Coconut,Local,21/08/2026,2600,2800,2700
"Tamil Nadu",Erode,"Gobichettipalayam(Uzhavar Sandhai )",Snakeguard,Snakeguard,Local,21/08/2026,4200,4500,4350
"Tamil Nadu",Erode,"Gobichettipalayam(Uzhavar Sandhai )",Drumstick,Drumstick,Local,21/08/2026,2500,3000,2750
"Tamil Nadu",Erode,"Sampath Nagar(Uzhavar Sandhai )",Groundnut,"Big (With Shell)",Local,21/08/2026,5500,6000,5750
"Tamil Nadu",Erode,"Sampath Nagar(Uzhavar Sandhai )",Mango,Safeda,Local,21/08/2026,6000,8000,7000
"Tamil Nadu",Erode,"Sampath Nagar(Uzhavar Sandhai )",Grapes,Annabesahai,Local,21/08/2026,10500,11000,10750
"Tamil Nadu",Erode,"Sampath Nagar(Uzhavar Sandhai )","Bitter gourd",Other,Local,21/08/2026,5500,5800,5650
"Tamil Nadu",Erode,"Sampath Nagar(Uzhavar Sandhai )","Bhindi(Ladies Finger)",Bhindi,Local,21/08/2026,3500,3800,3650
"Tamil Nadu",Erode,"Sampath Nagar(Uzhavar Sandhai )",Ginger(Green),"Green Ginger",Local,21/08/2026,15500,16000,15750
"Tamil Nadu",Erode,"Sampath Nagar(Uzhavar Sandhai )",Snakeguard,Snakeguard,Local,21/08/2026,3600,4200,3900
"Tamil Nadu",Erode,"Sampath Nagar(Uzhavar Sandhai )",Raddish,Raddish,Local,21/08/2026,2500,2800,2650
"Tamil Nadu",Erode,"Sampath Nagar(Uzhavar Sandhai )",Jasmine,Jasmine,Local,21/08/2026,80000,85000,82500
"Tamil Nadu",Erode,"Sampath Nagar(Uzhavar Sandhai )",Pear(Marasebu),Pears,Local,21/08/2026,9000,9500,9250
"Tamil Nadu",Erode,"Sampath Nagar(Uzhavar Sandhai )","Onion Green","Onion Green",Local,21/08/2026,5000,6000,5500
"Tamil Nadu",Erode,"Sampath Nagar(Uzhavar Sandhai )",Mint(Pudina),Mint(Pudina),Local,21/08/2026,4000,4500,4250
"Tamil Nadu",Pudukkottai,"Ponnamaravathi(Uzhavar Sandhai)",Tomato,Deshi,Local,21/08/2026,2000,2500,2250
"Tamil Nadu",Pudukkottai,"Ponnamaravathi(Uzhavar Sandhai)","Bhindi(Ladies Finger)",Bhindi,Local,21/08/2026,3500,4000,3750
"Tamil Nadu",Pudukkottai,"Ponnamaravathi(Uzhavar Sandhai)",Amaranthus,Amaranthus,Local,21/08/2026,1500,2000,1750
"Tamil Nadu",Pudukkottai,"Ponnamaravathi(Uzhavar Sandhai)",Snakeguard,Snakeguard,Local,21/08/2026,3500,4000,3750
"Tamil Nadu",Pudukkottai,"Ponnamaravathi(Uzhavar Sandhai)","Onion Green","Onion Green",Local,21/08/2026,7500,8000,7750
Telangana,Karimnagar,"Huzzurabad APMC",Paddy(Common),MTU-1010,FAQ,21/08/2026,2369,2389,2369
Odisha,Kalahandi,"Bhawanipatna APMC",Cabbage,Cabbage,Local,21/08/2026,2800,2800,2800
Odisha,Kalahandi,"Junagarh APMC","Bhindi(Ladies Finger)",Other,"Grade B",21/08/2026,1600,2000,1800
"Tamil Nadu",Nagapattinam,"Mayiladuthurai(Uzhavar Sandhai )",Coriander(Leaves),"I Sort",Local,21/08/2026,3500,4000,3750
"Tamil Nadu",Nagapattinam,"Mayiladuthurai(Uzhavar Sandhai )","Bitter gourd","Bitter Gourd",Local,21/08/2026,6000,7000,6500
"Tamil Nadu",Nagapattinam,"Mayiladuthurai(Uzhavar Sandhai )",Ashgourd,Gouard,Local,21/08/2026,1500,2000,1750
"Tamil Nadu",Nagapattinam,"Mayiladuthurai(Uzhavar Sandhai )",Snakeguard,Snakeguard,Local,21/08/2026,4500,5000,4750
"Tamil Nadu",Nagapattinam,"Mayiladuthurai(Uzhavar Sandhai )",Beetroot,Beetroot,Local,21/08/2026,5000,5000,5000
"Tamil Nadu",Nagapattinam,"Mayiladuthurai(Uzhavar Sandhai )",Mint(Pudina),Mint(Pudina),Local,21/08/2026,4000,4500,4250
"Tamil Nadu",Pudukkottai,"Viralimalai(Uzhavar Sandhai )",Coriander(Leaves),"I Sort",Local,21/08/2026,4500,5000,4750
"Tamil Nadu",Pudukkottai,"Viralimalai(Uzhavar Sandhai )",Ashgourd,Gouard,Local,21/08/2026,1000,1500,1250
"Tamil Nadu",Pudukkottai,"Viralimalai(Uzhavar Sandhai )",Coconut,Coconut,Local,21/08/2026,3500,4000,3750
"Tamil Nadu",Pudukkottai,"Viralimalai(Uzhavar Sandhai )",Guava,"Guava Allahabad",Local,21/08/2026,6000,7000,6500
"Tamil Nadu",Ramanathapuram,"Kamuthi(Uzhavar Sandhai )","Cluster beans","Cluster Beans",Local,21/08/2026,4000,4500,4250
"Tamil Nadu",Ramanathapuram,"Paramakudi(Uzhavar Sandhai )",Potato,"Red Nanital",Local,21/08/2026,4800,5000,4900
"Tamil Nadu",Ramanathapuram,"Paramakudi(Uzhavar Sandhai )","Cluster beans","Cluster Beans",Local,21/08/2026,3800,4000,3900
"Tamil Nadu",Ramanathapuram,"Paramakudi(Uzhavar Sandhai )",Ashgourd,Gouard,Local,21/08/2026,2500,2800,2650
"Tamil Nadu",Ramanathapuram,"Paramakudi(Uzhavar Sandhai )",Drumstick,Drumstick,Local,21/08/2026,5000,6000,5500
"Tamil Nadu",Ramanathapuram,"Paramakudi(Uzhavar Sandhai )",Kakada,Kakada,Local,21/08/2026,50000,55000,52500
"Tamil Nadu",Ramanathapuram,"Paramakudi(Uzhavar Sandhai )",Marigold(Calcutta),Marigold(Calcutta),Local,21/08/2026,8000,9000,8500
"Tamil Nadu",Ramanathapuram,"Paramakudi(Uzhavar Sandhai )","Elephant Yam(Suran)/Amorphophallus","Elephant Yam (Suran)",Local,21/08/2026,6500,7000,6750
"Tamil Nadu",Ramanathapuram,"Paramakudi(Uzhavar Sandhai )",Mint(Pudina),Mint(Pudina),Local,21/08/2026,6800,7000,6900
"Tamil Nadu",Pudukkottai,"Alangudi(Uzhavar Sandhai )",Pumpkin,Pumpkin,Local,21/08/2026,1000,1500,1250
"Tamil Nadu",Pudukkottai,"Alangudi(Uzhavar Sandhai )",Amaranthus,Amaranthus,Local,21/08/2026,1500,2000,1750
"Tamil Nadu",Pudukkottai,"Alangudi(Uzhavar Sandhai )",Drumstick,Drumstick,Local,21/08/2026,5500,6000,5750
"Tamil Nadu",Pudukkottai,"Alangudi(Uzhavar Sandhai )",Lemon,Lemon,Local,21/08/2026,9000,10000,9500
"Tamil Nadu",Pudukkottai,"Alangudi(Uzhavar Sandhai )","Onion Green","Onion Green",Local,21/08/2026,7000,8000,7500
"Tamil Nadu",Thiruvannamalai,"Arani(Uzhavar Sandhai )",Mango,Safeda,Local,21/08/2026,4000,5000,4500
"Tamil Nadu",Thiruvannamalai,"Arani(Uzhavar Sandhai )",Coriander(Leaves),"I Sort",Local,21/08/2026,4000,5000,4500
"Tamil Nadu",Thiruvannamalai,"Arani(Uzhavar Sandhai )",Papaya,Papaya,Local,21/08/2026,3000,4000,3500
"Tamil Nadu",Thiruvannamalai,"Arani(Uzhavar Sandhai )","Bhindi(Ladies Finger)",Bhindi,Local,21/08/2026,3500,4200,3850
"Tamil Nadu",Thiruvannamalai,"Arani(Uzhavar Sandhai )",Amaranthus,Amaranthus,Local,21/08/2026,1500,2000,1750
"Tamil Nadu",Thiruvannamalai,"Arani(Uzhavar Sandhai )",Snakeguard,Snakeguard,Local,21/08/2026,2500,3000,2750
"Tamil Nadu",Thiruvannamalai,"Arani(Uzhavar Sandhai )",Thondekai,Thondekai,Local,21/08/2026,3500,4000,3750
"Tamil Nadu",Thiruvannamalai,"Arani(Uzhavar Sandhai )",Yam(Ratalu),"Yam (Ratalu)",Local,21/08/2026,4000,4800,4400
"Tamil Nadu",Thiruvannamalai,"Arani(Uzhavar Sandhai )","Onion Green","Onion Green",Local,21/08/2026,4000,5000,4500
"Tamil Nadu",Thiruvannamalai,"Polur(Uzhavar Sandhai )",Garlic,Garlic,Local,21/08/2026,22000,26000,24000
"Tamil Nadu",Thiruvannamalai,"Polur(Uzhavar Sandhai )","Cluster beans","Cluster Beans",Local,21/08/2026,4000,4800,4400
"Tamil Nadu",Thiruvannamalai,"Polur(Uzhavar Sandhai )","Bhindi(Ladies Finger)",Bhindi,Local,21/08/2026,4000,4800,4400
"Tamil Nadu",Thiruvannamalai,"Polur(Uzhavar Sandhai )","Banana - Green","Banana - Green",Local,21/08/2026,1600,2000,1800
"Tamil Nadu",Thiruvannamalai,"Polur(Uzhavar Sandhai )",Ridgeguard(Tori),Ridgeguard(Tori),Local,21/08/2026,4000,4800,4400
"Tamil Nadu",Thiruvannamalai,"Polur(Uzhavar Sandhai )",Mango(Raw-Ripe),"Mango - Raw-Ripe",Local,21/08/2026,1600,2000,1800
"Tamil Nadu",Thiruvannamalai,"Polur(Uzhavar Sandhai )",Yam(Ratalu),"Yam (Ratalu)",Local,21/08/2026,4200,5000,4600
"Tamil Nadu",Thiruvannamalai,"Polur(Uzhavar Sandhai )","Amla(Nelli Kai)",Amla,Local,21/08/2026,8000,10000,9000
"Tamil Nadu",Thiruvannamalai,"Tiruvannamalai(Uzhavar Sandhai )",Orange,Darjeeling,Local,21/08/2026,14000,16000,15000
"Tamil Nadu",Thiruvannamalai,"Tiruvannamalai(Uzhavar Sandhai )",Mango,Safeda,Local,21/08/2026,7000,8000,7500
"Tamil Nadu",Thiruvannamalai,"Tiruvannamalai(Uzhavar Sandhai )",Brinjal,Round,Local,21/08/2026,5000,6000,5500
"Tamil Nadu",Thiruvannamalai,"Tiruvannamalai(Uzhavar Sandhai )",Coriander(Leaves),"I Sort",Local,21/08/2026,4000,5000,4500
"Tamil Nadu",Thiruvannamalai,"Tiruvannamalai(Uzhavar Sandhai )",Tomato,Deshi,Local,21/08/2026,1600,2000,1800
"Tamil Nadu",Thiruvannamalai,"Tiruvannamalai(Uzhavar Sandhai )",Ashgourd,Gouard,Local,21/08/2026,2500,3000,2750
"Tamil Nadu",Thiruvannamalai,"Tiruvannamalai(Uzhavar Sandhai )",Pumpkin,Pumpkin,Local,21/08/2026,2000,2500,2250
"Tamil Nadu",Thiruvannamalai,"Tiruvannamalai(Uzhavar Sandhai )","Sweet Potato","Hosur Red",Local,21/08/2026,3500,4000,3750
"Tamil Nadu",Thiruvannamalai,"Tiruvannamalai(Uzhavar Sandhai )",Ridgeguard(Tori),Ridgeguard(Tori),Local,21/08/2026,5000,6000,5500
"Tamil Nadu",Thiruvannamalai,"Tiruvannamalai(Uzhavar Sandhai )",Thondekai,Thondekai,Local,21/08/2026,3500,4000,3750
"Tamil Nadu",Thiruvannamalai,"Tiruvannamalai(Uzhavar Sandhai )","Green Avare(W)","Green Avare (W)",Local,21/08/2026,4000,5000,4500
"Tamil Nadu",Thiruvannamalai,"Tiruvannamalai(Uzhavar Sandhai )","Chow Chow","Chow Chow",Local,21/08/2026,3500,4000,3750
"Tamil Nadu",Thiruvannamalai,"Tiruvannamalai(Uzhavar Sandhai )",Colacasia,Colacasia,Local,21/08/2026,3500,4000,3750
"Tamil Nadu",Thiruvannamalai,"Tiruvannamalai(Uzhavar Sandhai )","Amla(Nelli Kai)",Amla,Local,21/08/2026,8000,10000,9000
"Tamil Nadu",Thiruvellore,"Naravarikuppam(Uzhavar Sandhai )","Banana - Green","Banana - Green",Local,21/08/2026,4000,4000,4000
"Tamil Nadu",Thiruvellore,"Paruthipattu(Uzhavar Sandhai )","Bottle gourd","Bottle Gourd",Local,21/08/2026,4000,4000,4000
"Tamil Nadu",Thiruvellore,"Paruthipattu(Uzhavar Sandhai )",Snakeguard,Snakeguard,Local,21/08/2026,4000,4000,4000
"Tamil Nadu",Thiruvellore,"Paruthipattu(Uzhavar Sandhai )",Cucumbar(Kheera),Cucumbar,Local,21/08/2026,4000,4000,4000
"Tamil Nadu",Thiruvellore,"Paruthipattu(Uzhavar Sandhai )",Thondekai,Thondekai,Local,21/08/2026,5000,5000,5000
"Tamil Nadu",Tuticorin,"Kovilpatti(Uzhavar Sandhai )",Potato,Other,Local,21/08/2026,3000,3500,3250
"Tamil Nadu",Tuticorin,"Kovilpatti(Uzhavar Sandhai )",Coriander(Leaves),"I Sort",Local,21/08/2026,3500,4000,3750
"Tamil Nadu",Tuticorin,"Kovilpatti(Uzhavar Sandhai )","Bottle gourd","Bottle Gourd",Local,21/08/2026,2500,3000,2750
"Tamil Nadu",Tuticorin,"Kovilpatti(Uzhavar Sandhai )","Green Chilli","Green Chilly",Local,21/08/2026,4500,5000,4750
"Tamil Nadu",Tuticorin,"Kovilpatti(Uzhavar Sandhai )",Cabbage,Cabbage,Local,21/08/2026,3000,3500,3250
"Tamil Nadu",Tuticorin,"Kovilpatti(Uzhavar Sandhai )",Guava,"Guava Allahabad",Local,21/08/2026,4500,5000,4750
"Tamil Nadu",Tuticorin,"Kovilpatti(Uzhavar Sandhai )","Elephant Yam(Suran)/Amorphophallus","Elephant Yam (Suran)",Local,21/08/2026,4000,4500,4250
"Tamil Nadu",Vellore,"Gudiyatham(Uzhavar Sandhai )",Garlic,Garlic,Local,21/08/2026,22000,22000,22000
"Tamil Nadu",Vellore,"Gudiyatham(Uzhavar Sandhai )","Sweet Potato","Hosur Red",Local,21/08/2026,3600,3600,3600
"Tamil Nadu",Vellore,"Gudiyatham(Uzhavar Sandhai )",Carrot,Pusakesar,Local,21/08/2026,6600,6600,6600
"Tamil Nadu",Vellore,"Gudiyatham(Uzhavar Sandhai )",Snakeguard,Snakeguard,Local,21/08/2026,3000,3000,3000
"Tamil Nadu",Vellore,"Gudiyatham(Uzhavar Sandhai )",Cucumbar(Kheera),Cucumbar,Local,21/08/2026,3600,3600,3600
"Tamil Nadu",Vellore,"Gudiyatham(Uzhavar Sandhai )","Green Avare(W)","Green Avare (W)",Local,21/08/2026,5000,5000,5000
"Tamil Nadu",Vellore,"Gudiyatham(Uzhavar Sandhai )","Chow Chow","Chow Chow",Local,21/08/2026,4000,4000,4000
"Tamil Nadu",Vellore,"Gudiyatham(Uzhavar Sandhai )","Tamarind Fruit","Tamarind Fruit",Local,21/08/2026,13000,13000,13000
"Tamil Nadu",Vellore,"Gudiyatham(Uzhavar Sandhai )",Yam(Ratalu),"Yam (Ratalu)",Local,21/08/2026,6600,6600,6600
"Tamil Nadu",Vellore,"Gudiyatham(Uzhavar Sandhai )",Lemon,Lemon,Local,21/08/2026,10000,10000,10000
"Tamil Nadu",Vellore,"Gudiyatham(Uzhavar Sandhai )","Onion Green","Onion Green",Local,21/08/2026,8000,8600,8300
"Tamil Nadu",Vellore,"Gudiyatham(Uzhavar Sandhai )",Mint(Pudina),Mint(Pudina),Local,21/08/2026,4000,4000,4000
"Tamil Nadu",Vellore,"Kahithapattarai(Uzhavar Sandhai )",Mango,Neelam,Local,21/08/2026,6000,6000,6000
"Tamil Nadu",Vellore,"Kahithapattarai(Uzhavar Sandhai )",Onion,Bellary,Local,21/08/2026,5800,5800,5800
"Tamil Nadu",Vellore,"Kahithapattarai(Uzhavar Sandhai )","Green Peas","Green Peas",Local,21/08/2026,13000,13000,13000
"Tamil Nadu",Vellore,"Kahithapattarai(Uzhavar Sandhai )","Banana - Green","Banana - Green",Local,21/08/2026,6000,6000,6000
"Tamil Nadu",Vellore,"Kahithapattarai(Uzhavar Sandhai )",Beans,"Beans (Whole)",Local,21/08/2026,6000,7000,6500
"Tamil Nadu",Vellore,"Kahithapattarai(Uzhavar Sandhai )","Sweet Potato","Hosur Red",Local,21/08/2026,3500,3500,3500
"Tamil Nadu",Vellore,"Kahithapattarai(Uzhavar Sandhai )",Snakeguard,Snakeguard,Local,21/08/2026,2000,2000,2000
"Tamil Nadu",Vellore,"Kahithapattarai(Uzhavar Sandhai )",Raddish,Raddish,Local,21/08/2026,2500,2500,2500
"Tamil Nadu",Vellore,"Kahithapattarai(Uzhavar Sandhai )",Drumstick,Drumstick,Local,21/08/2026,2500,2500,2500
"Tamil Nadu",Vellore,"Kahithapattarai(Uzhavar Sandhai )",Pomegranate,Pomogranate,Local,21/08/2026,12000,13000,12500
"Tamil Nadu",Vellore,"Kahithapattarai(Uzhavar Sandhai )","Tender Coconut","Tender Coconut",Local,21/08/2026,3000,3000,3000
"Tamil Nadu",Vellore,"Kahithapattarai(Uzhavar Sandhai )",Marigold(Calcutta),Marigold(Calcutta),Local,21/08/2026,15000,15000,15000
"Tamil Nadu",Vellore,"Kahithapattarai(Uzhavar Sandhai )",Lemon,Lemon,Local,21/08/2026,9000,9000,9000
Haryana,Rewari,"Rewari APMC",Onion,Medium,Medium,21/08/2026,1500,3800,2800
Punjab,Hoshiarpur,"Mukerian APMC",Tomato,Tomato,"Grade B",21/08/2026,1800,2800,2300
Punjab,Hoshiarpur,"Mukerian APMC",Brinjal,Brinjal,"Grade B",21/08/2026,1500,2500,2000
Punjab,Hoshiarpur,"Mukerian APMC","Bitter gourd","Bitter Gourd","Grade B",21/08/2026,2000,3000,2500
Odisha,Dhenkanal,"Hindol APMC",Tomato,Tomato,"Grade B",21/08/2026,3000,3500,3200
Odisha,Dhenkanal,"Hindol APMC","Bhindi(Ladies Finger)",Bhindi,"Grade B",21/08/2026,5700,6000,5800
"Tamil Nadu",Thiruvannamalai,"Cheyyar(Uzhavar Sandhai )",Onion,Bellary,Local,21/08/2026,4800,6000,5400
"Tamil Nadu",Thiruvannamalai,"Cheyyar(Uzhavar Sandhai )",Potato,Other,Local,21/08/2026,3200,4000,3600
"Tamil Nadu",Thiruvannamalai,"Cheyyar(Uzhavar Sandhai )","Bottle gourd","Bottle Gourd",Local,21/08/2026,1500,2000,1750
"Tamil Nadu",Thiruvannamalai,"Cheyyar(Uzhavar Sandhai )","Bhindi(Ladies Finger)",Bhindi,Local,21/08/2026,3500,4200,3850
"Tamil Nadu",Thiruvannamalai,"Cheyyar(Uzhavar Sandhai )",Beans,"Beans (Whole)",Local,21/08/2026,7000,8400,7700
"Tamil Nadu",Thiruvannamalai,"Cheyyar(Uzhavar Sandhai )",Raddish,Raddish,Local,21/08/2026,2500,3000,2750
"Tamil Nadu",Thiruvannamalai,"Cheyyar(Uzhavar Sandhai )",Lemon,Lemon,Local,21/08/2026,10000,12000,11000
Odisha,Sundergarh,"Panposh APMC","Bhindi(Ladies Finger)",Other,FAQ,21/08/2026,3000,3500,3200
Odisha,Sundergarh,"Panposh APMC",Brinjal,Brinjal,FAQ,21/08/2026,3000,4000,3500
Odisha,Nayagarh,"Bahadajholla APMC",Pumpkin,Other,"Grade B",21/08/2026,1650,1700,1650
"Tamil Nadu",Ariyalur,"Ariyalur(Uzhavar Sandhai)",Potato,"Red Nanital",Local,21/08/2026,4000,4500,4250
"Tamil Nadu",Ariyalur,"Ariyalur(Uzhavar Sandhai)",Coriander(Leaves),"I Sort",Local,21/08/2026,4500,5000,4750
"Tamil Nadu",Ariyalur,"Ariyalur(Uzhavar Sandhai)","Cluster beans","Cluster Beans",Local,21/08/2026,3500,4000,3750
"Tamil Nadu",Ariyalur,"Ariyalur(Uzhavar Sandhai)","Green Chilli","Green Chilly",Local,21/08/2026,6000,6500,6250
"Tamil Nadu",Ariyalur,"Ariyalur(Uzhavar Sandhai)",Ginger(Green),"Green Ginger",Local,21/08/2026,17000,18000,17500
"Tamil Nadu",Ariyalur,"Ariyalur(Uzhavar Sandhai)",Coconut,Coconut,Local,21/08/2026,6000,6500,6250
"Tamil Nadu",Ariyalur,"Ariyalur(Uzhavar Sandhai)","Green Avare(W)","Green Avare (W)",Local,21/08/2026,7000,8000,7500
"Tamil Nadu",Ariyalur,"Ariyalur(Uzhavar Sandhai)",Mango(Raw-Ripe),"Mango - Raw-Ripe",Local,21/08/2026,3000,3500,3250
Haryana,Mahendragarh-Narnaul,"Narnaul APMC",Cucumbar(Kheera),Cucumbar,Medium,21/08/2026,1500,3500,2500
Haryana,Mahendragarh-Narnaul,"Narnaul APMC","Bottle gourd","Bottle Gourd",Medium,21/08/2026,800,2000,1500
Haryana,Mahendragarh-Narnaul,"Narnaul APMC","Pointed gourd(Parval)","Pointed gourd (Parval)",Medium,21/08/2026,2000,3000,2500
Haryana,Mahendragarh-Narnaul,"Narnaul APMC",Potato,Potato,Medium,21/08/2026,800,1000,900
Haryana,Mahendragarh-Narnaul,"Narnaul APMC",Lemon,Lemon,Medium,21/08/2026,4000,6000,5000
Haryana,Mahendragarh-Narnaul,"Narnaul APMC","Mousambi(Sweet Lime)",Mousambi,Medium,21/08/2026,3000,3500,3500
Haryana,Mahendragarh-Narnaul,"Narnaul APMC",Guava,Guava,Medium,21/08/2026,2000,3000,2500
Uttarakhand,Haridwar,"Haridwar Union APMC","Bhindi(Ladies Finger)",Other,Local,21/08/2026,1000,1400,1200
Uttarakhand,Haridwar,"Haridwar Union APMC","Bottle gourd",Other,Local,21/08/2026,650,850,750
Uttarakhand,Haridwar,"Haridwar Union APMC",Brinjal,Other,Local,21/08/2026,700,1000,800
Punjab,Hoshiarpur,"Tanda Urmur APMC",Guava,Guava,"Grade A",21/08/2026,6000,7000,6500
Punjab,Hoshiarpur,"Tanda Urmur APMC",Papaya,Other,"Grade A",21/08/2026,4500,5500,5000
Punjab,Hoshiarpur,"Tanda Urmur APMC",Plum,Other,"Grade A",21/08/2026,10000,12000,11000
Punjab,Hoshiarpur,"Tanda Urmur APMC",Brinjal,Brinjal,"Grade A",21/08/2026,2500,3000,2800
Punjab,Hoshiarpur,"Tanda Urmur APMC","Bhindi(Ladies Finger)",Bhindi,"Grade A",21/08/2026,3500,4500,4000
Punjab,Hoshiarpur,"Tanda Urmur APMC",Raddish,Raddish,"Grade A",21/08/2026,2500,3000,2800
Punjab,Hoshiarpur,"Tanda Urmur APMC",Capsicum,Capsicum,"Grade A",21/08/2026,5000,6000,5500
Punjab,Ludhiana,"Doraha APMC",Ridgeguard(Tori),Other,Local,21/08/2026,1200,2500,2000
Keralam,Alappuzha,"Chengannur Market",Potato,Potato,FAQ,21/08/2026,2900,3200,3000
"Andhra Pradesh",Kakinada,"Prattipadu APMC",Paddy(Common),1001,FAQ,21/08/2026,2369,2380,2379
"Andhra Pradesh",Kakinada,"Jaggampet APMC",Paddy(Common),Common,FAQ,21/08/2026,2369,2380,2369
Haryana,Gurgaon,"Gurgaon APMC","Bottle gourd",Other,"Grade B",21/08/2026,1000,2000,1500
Haryana,Gurgaon,"Gurgaon APMC",Tomato,Other,"Grade B",21/08/2026,1500,2500,2000
"Tamil Nadu",Coimbatore,"Sundarapuram(Uzhavar Sandhai )",Potato,Other,Local,21/08/2026,6000,6500,6250
"Tamil Nadu",Coimbatore,"Sundarapuram(Uzhavar Sandhai )",Papaya,Papaya,Local,21/08/2026,3500,4000,3750
"Tamil Nadu",Coimbatore,"Sundarapuram(Uzhavar Sandhai )",Tomato,Local,Local,21/08/2026,1600,1800,1700
"Tamil Nadu",Coimbatore,"Sundarapuram(Uzhavar Sandhai )",Coconut,Coconut,Local,21/08/2026,5700,6000,5850
"Tamil Nadu",Coimbatore,"Sundarapuram(Uzhavar Sandhai )",Mango(Raw-Ripe),"Mango - Raw-Ripe",Local,21/08/2026,6000,6500,6250
Haryana,Rohtak,Meham,Ridgeguard(Tori),Ridgeguard(Tori),Medium,21/08/2026,3000,3000,3000
"Uttar Pradesh","Khiri (Lakhimpur)","Maigalganj APMC",Brinjal,Round/Long,FAQ,21/08/2026,1120,1160,1140
"Uttar Pradesh","Khiri (Lakhimpur)","Maigalganj APMC",Pumpkin,Pumpkin,FAQ,21/08/2026,700,730,715
"Himachal Pradesh",Kangra,"SMY Jaisinghpur",Cauliflower,Cauliflower,FAQ,21/08/2026,5500,6500,6000
Punjab,Hoshiarpur,"Garh Shankar(Mahalpur) APMC",Tomato,Tomato,FAQ,21/08/2026,2500,2500,2500
Punjab,Hoshiarpur,"Garh Shankar(Mahalpur) APMC",Banana,Other,Medium,21/08/2026,2400,2400,2400
"Tamil Nadu",Erode,"Sathiyamagalam(Uzhavar Sandhai )",Potato,Other,Local,21/08/2026,3500,4000,3750
"Tamil Nadu",Erode,"Sathiyamagalam(Uzhavar Sandhai )",Chikoos(Sapota),Sapota,Local,21/08/2026,3500,4000,3750
"Tamil Nadu",Erode,"Sathiyamagalam(Uzhavar Sandhai )",Papaya,Papaya,Local,21/08/2026,2000,2400,2200
"Tamil Nadu",Erode,"Sathiyamagalam(Uzhavar Sandhai )","Bitter gourd",Other,Local,21/08/2026,5000,5500,5250
"Tamil Nadu",Erode,"Sathiyamagalam(Uzhavar Sandhai )","Bottle gourd","Bottle Gourd",Local,21/08/2026,1500,2000,1750
"Tamil Nadu",Erode,"Sathiyamagalam(Uzhavar Sandhai )","Bhindi(Ladies Finger)",Bhindi,Local,21/08/2026,3400,3800,3600
"Tamil Nadu",Erode,"Sathiyamagalam(Uzhavar Sandhai )","Green Chilli","Green Chilly",Local,21/08/2026,4000,4500,4250
"Tamil Nadu",Erode,"Sathiyamagalam(Uzhavar Sandhai )",Cowpea(Veg),"Cowpea (Veg)",Local,21/08/2026,2400,2800,2600
"Tamil Nadu",Erode,"Sathiyamagalam(Uzhavar Sandhai )",Coconut,Coconut,Local,21/08/2026,4500,5000,4750
"Tamil Nadu",Erode,"Sathiyamagalam(Uzhavar Sandhai )",Beetroot,Beetroot,Local,21/08/2026,6500,7000,6750
"Tamil Nadu",Erode,"Sathiyamagalam(Uzhavar Sandhai )",Ridgeguard(Tori),Ridgeguard(Tori),Local,21/08/2026,4000,4600,4300
"Tamil Nadu",Erode,"Sathiyamagalam(Uzhavar Sandhai )",Guava,"Guava Allahabad",Local,21/08/2026,5000,5500,5250
"Tamil Nadu",Coimbatore,"Mettupalayam(Uzhavar Sandhai )",Onion,Bellary,Local,21/08/2026,5400,5800,5600
"Tamil Nadu",Coimbatore,"Mettupalayam(Uzhavar Sandhai )",Brinjal,Round,Local,21/08/2026,3000,3500,3250
"Tamil Nadu",Coimbatore,"Mettupalayam(Uzhavar Sandhai )","Cluster beans","Cluster Beans",Local,21/08/2026,3000,3500,3250
"Tamil Nadu",Coimbatore,"Mettupalayam(Uzhavar Sandhai )","Bhindi(Ladies Finger)",Bhindi,Local,21/08/2026,3000,3500,3250
"Tamil Nadu",Coimbatore,"Mettupalayam(Uzhavar Sandhai )",Amaranthus,Amaranthus,Local,21/08/2026,3000,4000,3500
"Tamil Nadu",Coimbatore,"Mettupalayam(Uzhavar Sandhai )",Beans,"Beans (Whole)",Local,21/08/2026,7500,8500,8000
"Tamil Nadu",Coimbatore,"Mettupalayam(Uzhavar Sandhai )",Beetroot,Beetroot,Local,21/08/2026,7000,7500,7250
"Tamil Nadu",Namakkal,"Tiruchengode APMC",Onion,Bellary,Local,21/08/2026,4500,5000,4750
"Tamil Nadu",Namakkal,"Tiruchengode APMC",Beans,"Beans (Whole)",Local,21/08/2026,7500,8000,7750
"Tamil Nadu",Namakkal,"Tiruchengode APMC","Sweet Potato","Hosur Red",Local,21/08/2026,5500,6000,5750
"Tamil Nadu",Namakkal,"Tiruchengode APMC",Snakeguard,Snakeguard,Local,21/08/2026,4500,5000,4750
"Uttar Pradesh",Badaun,"Dataganj APMC",Wheat,Dara,FAQ,21/08/2026,2500,2600,2550
"Tamil Nadu",Coimbatore,"RSPuram(Uzhavar Sandhai )",Mango,Neelam,Local,21/08/2026,8000,9000,8500
"Tamil Nadu",Coimbatore,"RSPuram(Uzhavar Sandhai )",Grapes,Annabesahai,Local,21/08/2026,9000,10000,9500
"Tamil Nadu",Coimbatore,"RSPuram(Uzhavar Sandhai )",Onion,Bellary,Local,21/08/2026,4800,5300,5050
"Tamil Nadu",Coimbatore,"RSPuram(Uzhavar Sandhai )",Ginger(Green),"Green Ginger",Local,21/08/2026,15500,16500,16000
"Tamil Nadu",Coimbatore,"RSPuram(Uzhavar Sandhai )",Carrot,Pusakesar,Local,21/08/2026,6200,6800,6500
"Tamil Nadu",Coimbatore,"RSPuram(Uzhavar Sandhai )",Beetroot,Beetroot,Local,21/08/2026,6500,7000,6750
"Tamil Nadu",Coimbatore,"RSPuram(Uzhavar Sandhai )","Karbuja(Musk Melon)",Karbhuja,Local,21/08/2026,2600,3000,2800
"Tamil Nadu",Coimbatore,"RSPuram(Uzhavar Sandhai )","Elephant Yam(Suran)/Amorphophallus","Elephant Yam (Suran)",Local,21/08/2026,3200,4000,3600
"Tamil Nadu",Coimbatore,"RSPuram(Uzhavar Sandhai )","Indian Beans(Seam)","Indian Beans (Seam)",Local,21/08/2026,5000,5800,5400
"Tamil Nadu",Coimbatore,"RSPuram(Uzhavar Sandhai )","Custard Apple(Sharifa)","Custard Apple(Sharifa)",Local,21/08/2026,5000,6000,5500
"Tamil Nadu",Coimbatore,"RSPuram(Uzhavar Sandhai )","Amla(Nelli Kai)",Amla,Local,21/08/2026,7500,8500,8000
"Tamil Nadu",Coimbatore,"Singanallur(Uzhavar Sandhai )",Orange,Darjeeling,Local,21/08/2026,9000,10000,9500
"Tamil Nadu",Coimbatore,"Singanallur(Uzhavar Sandhai )",Banana,"Red Banana",Local,21/08/2026,8000,8600,8300
"Tamil Nadu",Coimbatore,"Singanallur(Uzhavar Sandhai )",Ashgourd,Gouard,Local,21/08/2026,1500,2000,1750
"Tamil Nadu",Coimbatore,"Singanallur(Uzhavar Sandhai )",Beans,"Beans (Whole)",Local,21/08/2026,8000,8500,8250
"Tamil Nadu",Coimbatore,"Singanallur(Uzhavar Sandhai )",Tapioca,Tapioca,Local,21/08/2026,3000,3600,3300
"Tamil Nadu",Coimbatore,"Singanallur(Uzhavar Sandhai )",Capsicum,Capsicum,Local,21/08/2026,5500,6000,5750
"Tamil Nadu",Coimbatore,"Singanallur(Uzhavar Sandhai )","Green Avare(W)",Other,Local,21/08/2026,4800,5300,5050
Odisha,Mayurbhanja,"Narasinghpur APMC",Snakeguard,Snakeguard,Local,21/08/2026,3000,4000,3500
Gujarat,Rajkot,"Rajkot(Veg.Sub Yard) APMC","Cluster beans","Cluster Beans",FAQ,21/08/2026,5950,8880,7415
Gujarat,Rajkot,"Rajkot(Veg.Sub Yard) APMC","Bhindi(Ladies Finger)",Bhindi,FAQ,21/08/2026,3115,3985,3550
Gujarat,Rajkot,"Rajkot(Veg.Sub Yard) APMC",Ginger(Green),"Green Ginger",FAQ,21/08/2026,7205,13880,10540
"Tamil Nadu",Coimbatore,"Pollachi(Uzhavar Sandhai )",Cauliflower,Ranchi,Local,21/08/2026,4000,4500,4250
"Tamil Nadu",Coimbatore,"Pollachi(Uzhavar Sandhai )",Coriander(Leaves),"I Sort",Local,21/08/2026,7000,8000,7500
"Tamil Nadu",Coimbatore,"Pollachi(Uzhavar Sandhai )","Cluster beans","Cluster Beans",Local,21/08/2026,4000,4500,4250
"Tamil Nadu",Coimbatore,"Pollachi(Uzhavar Sandhai )",Pumpkin,Pumpkin,Local,21/08/2026,2000,2500,2250
"Tamil Nadu",Coimbatore,"Pollachi(Uzhavar Sandhai )","Green Chilli","Green Chilly",Local,21/08/2026,7000,8000,7500
"Tamil Nadu",Coimbatore,"Pollachi(Uzhavar Sandhai )",Cowpea(Veg),"Cowpea (Veg)",Local,21/08/2026,3500,4000,3750
"Tamil Nadu",Coimbatore,"Pollachi(Uzhavar Sandhai )",Snakeguard,Snakeguard,Local,21/08/2026,3000,3500,3250
"Tamil Nadu",Coimbatore,"Pollachi(Uzhavar Sandhai )",Lemon,Lemon,Local,21/08/2026,7000,7500,7250
"Tamil Nadu",Coimbatore,"Pollachi(Uzhavar Sandhai )","Onion Green","Onion Green",Local,21/08/2026,5500,6000,5750
"Madhya Pradesh",Betul,"Betul(F&V) APMC",Potato,Desi,FAQ,21/08/2026,1200,1200,1200
"Madhya Pradesh",Betul,"Betul(F&V) APMC","Bhindi(Ladies Finger)",Bhindi,FAQ,21/08/2026,1600,1600,1600
"Uttar Pradesh",Shamli,"Kairana APMC","Bitter gourd","Bitter Gourd",FAQ,21/08/2026,2300,2400,2350
Chandigarh,Chandigarh,"Chandigarh (Grain/F&V) APMC",Apple,Apple,Local,21/08/2026,6000,16000,15000
Chandigarh,Chandigarh,"Chandigarh (Grain/F&V) APMC",Mango,Other,Medium,21/08/2026,4000,10000,9000
"Tamil Nadu",Karur,"Karur(Uzhavar Sandhai )","Bottle gourd","Bottle Gourd",Local,21/08/2026,2500,3000,2750
"Tamil Nadu",Karur,"Karur(Uzhavar Sandhai )",Amaranthus,Amaranthus,Local,21/08/2026,2000,2500,2250
"Tamil Nadu",Karur,"Karur(Uzhavar Sandhai )",Cabbage,Cabbage,Local,21/08/2026,4500,5000,4750
"Tamil Nadu",Karur,"Karur(Uzhavar Sandhai )",Beetroot,Beetroot,Local,21/08/2026,8000,8500,8250
"Tamil Nadu",Karur,"Karur(Uzhavar Sandhai )","Elephant Yam(Suran)/Amorphophallus","Elephant Yam (Suran)",Local,21/08/2026,4500,5000,4750
Tripura,"South Tripura",Manubazar,Raddish,Other,"Grade A",21/08/2026,2000,3000,2500
Tripura,"South Tripura",Manubazar,Cucumbar(Kheera),Cucumbar,"Grade A",21/08/2026,5500,6000,5700
"Tamil Nadu",Coimbatore,"Kurichi(Uzhavar Sandhai )",Brinjal,Round,Local,21/08/2026,5200,5800,5500
"Tamil Nadu",Coimbatore,"Kurichi(Uzhavar Sandhai )",Tomato,Local,Local,21/08/2026,1500,2000,1750
"Tamil Nadu",Coimbatore,"Kurichi(Uzhavar Sandhai )","Green Chilli","Green Chilly",Local,21/08/2026,4500,5000,4750
"Tamil Nadu",Coimbatore,"Kurichi(Uzhavar Sandhai )",Coconut,Coconut,Local,21/08/2026,5700,6000,5850
"Tamil Nadu",Coimbatore,"Kurichi(Uzhavar Sandhai )","Sweet Potato","Hosur Red",Local,21/08/2026,4500,5000,4750
"Tamil Nadu",Coimbatore,"Kurichi(Uzhavar Sandhai )",Raddish,Raddish,Local,21/08/2026,3500,4000,3750
"Tamil Nadu",Coimbatore,"Kurichi(Uzhavar Sandhai )","Elephant Yam(Suran)/Amorphophallus","Elephant Yam (Suran)",Local,21/08/2026,3500,4000,3750
"Tamil Nadu",Cuddalore,"Chidambaram(Uzhavar Sandhai )",Potato,"Red Nanital",Local,21/08/2026,4000,4000,4000
"Tamil Nadu",Cuddalore,"Chidambaram(Uzhavar Sandhai )",Tomato,Local,Local,21/08/2026,2500,2500,2500
"Tamil Nadu",Cuddalore,"Chidambaram(Uzhavar Sandhai )","Green Chilli","Green Chilly",Local,21/08/2026,5000,5000,5000
"Tamil Nadu",Cuddalore,"Chidambaram(Uzhavar Sandhai )",Coconut,Coconut,Local,21/08/2026,5000,6000,5500
"Tamil Nadu",Cuddalore,"Chidambaram(Uzhavar Sandhai )",Mango(Raw-Ripe),"Mango - Raw-Ripe",Local,21/08/2026,8000,8000,8000
"Tamil Nadu",Chengalpattu,"Thirukalukundram(Uzhavar Sandhai )","Banana - Green","Banana - Green",Local,21/08/2026,3000,3500,3250
"Tamil Nadu","Nagercoil (Kannyiakumari)","Vadaseri APMC",Pineapple,"Pine Apple",Local,21/08/2026,4500,5000,4750
"Tamil Nadu","Nagercoil (Kannyiakumari)","Vadaseri APMC",Brinjal,Round,Local,21/08/2026,7500,8000,7750
"Tamil Nadu","Nagercoil (Kannyiakumari)","Vadaseri APMC","Bottle gourd","Bottle Gourd",Local,21/08/2026,1700,2000,1850
"Tamil Nadu","Nagercoil (Kannyiakumari)","Vadaseri APMC",Pumpkin,Pumpkin,Local,21/08/2026,2200,2500,2350
"Tamil Nadu","Nagercoil (Kannyiakumari)","Vadaseri APMC","Green Chilli","Green Chilly",Local,21/08/2026,5500,6000,5750
"Tamil Nadu","Nagercoil (Kannyiakumari)","Vadaseri APMC",Beans,"Beans (Whole)",Local,21/08/2026,9000,10000,9500
"Tamil Nadu","Nagercoil (Kannyiakumari)","Vadaseri APMC",Beetroot,Beetroot,Local,21/08/2026,5000,5500,5250
"Tamil Nadu","Nagercoil (Kannyiakumari)","Vadaseri APMC","Chow Chow","Chow Chow",Local,21/08/2026,4000,4500,4250
"Tamil Nadu","Nagercoil (Kannyiakumari)","Vadaseri APMC",Mango(Raw-Ripe),"Mango - Raw-Ripe",Local,21/08/2026,6500,7000,6750
"Tamil Nadu",Pudukkottai,"Karambakkudi(Uzhavar Sandhai )",Banana,Poovan,Local,21/08/2026,4500,5000,4750
"Tamil Nadu",Pudukkottai,"Karambakkudi(Uzhavar Sandhai )",Onion,Bellary,Local,21/08/2026,4500,5000,4750
"Tamil Nadu",Pudukkottai,"Karambakkudi(Uzhavar Sandhai )",Brinjal,Other,Local,21/08/2026,5000,6000,5500
"Tamil Nadu",Pudukkottai,"Karambakkudi(Uzhavar Sandhai )",Coriander(Leaves),"I Sort",Local,21/08/2026,4500,5000,4750
"Tamil Nadu",Pudukkottai,"Karambakkudi(Uzhavar Sandhai )",Amaranthus,Amaranthus,Local,21/08/2026,1500,2000,1750
"Tamil Nadu",Pudukkottai,"Karambakkudi(Uzhavar Sandhai )",Mango(Raw-Ripe),"Mango - Raw-Ripe",Local,21/08/2026,7000,8000,7500
Meghalaya,"East Khasi Hills","Shillong APMC",Cabbage,MH-139,FAQ,21/08/2026,1800,2000,1900
Meghalaya,"East Khasi Hills","Shillong APMC",Capsicum,"California Wonder",FAQ,21/08/2026,4000,6000,5000
Meghalaya,"East Khasi Hills","Shillong APMC",Pear(Marasebu),Local,FAQ,21/08/2026,1300,1500,1400
"Madhya Pradesh",Morena,"Kailaras APMC","Bhindi(Ladies Finger)",Bhindi,FAQ,21/08/2026,1200,1800,1200
"Tamil Nadu",Vellore,"Thirupathur APMC",Banana,Besrai,Local,21/08/2026,4000,4000,4000
"Tamil Nadu",Vellore,"Thirupathur APMC",Mango,Safeda,Local,21/08/2026,5000,5000,5000
"Tamil Nadu",Vellore,"Thirupathur APMC",Brinjal,Round,Local,21/08/2026,4000,4000,4000
"Tamil Nadu",Vellore,"Thirupathur APMC","Bitter gourd","Bitter Gourd",Local,21/08/2026,5000,5000,5000
"Tamil Nadu",Vellore,"Thirupathur APMC","Bhindi(Ladies Finger)",Bhindi,Local,21/08/2026,3000,3000,3000
"Tamil Nadu",Vellore,"Thirupathur APMC",Beans,"Beans (Whole)",Local,21/08/2026,7000,7000,7000
"Tamil Nadu",Vellore,"Thirupathur APMC",Cabbage,Cabbage,Local,21/08/2026,3600,3600,3600
"Tamil Nadu",Vellore,"Thirupathur APMC",Beetroot,Beetroot,Local,21/08/2026,5600,5600,5600
"Tamil Nadu",Vellore,"Thirupathur APMC",Raddish,Raddish,Local,21/08/2026,3000,3000,3000
"Tamil Nadu",Vellore,"Thirupathur APMC","Green Avare(W)","Green Avare (W)",Local,21/08/2026,5600,5600,5600
"Tamil Nadu",Vellore,"Thirupathur APMC","Chow Chow","Chow Chow",Local,21/08/2026,3000,3000,3000
"Tamil Nadu",Vellore,"Thirupathur APMC",Mango(Raw-Ripe),"Mango - Raw-Ripe",Local,21/08/2026,5000,5000,5000
"Tamil Nadu",Dharmapuri,"Harur(Uzhavar Sandhai )",Onion,Bellary,Local,21/08/2026,4500,5000,4750
"Tamil Nadu",Dharmapuri,"Harur(Uzhavar Sandhai )",Potato,"Red Nanital",Local,21/08/2026,2500,3000,2750
"Tamil Nadu",Dharmapuri,"Harur(Uzhavar Sandhai )",Brinjal,Round,Local,21/08/2026,3000,3500,3250
"Tamil Nadu",Dharmapuri,"Harur(Uzhavar Sandhai )",Coriander(Leaves),"I Sort",Local,21/08/2026,3500,4000,3750
"Tamil Nadu",Dharmapuri,"Harur(Uzhavar Sandhai )",Papaya,Papaya,Local,21/08/2026,2000,2500,2250
"Tamil Nadu",Dharmapuri,"Harur(Uzhavar Sandhai )",Capsicum,Capsicum,Local,21/08/2026,5000,6000,5500
"Tamil Nadu",Dharmapuri,"Harur(Uzhavar Sandhai )","Amla(Nelli Kai)",Amla,Local,21/08/2026,5000,6000,5500
"Tamil Nadu",Krishnagiri,"Kaveripattinam(Uzhavar Sandhai )","Bottle gourd","Bottle Gourd",Local,21/08/2026,3000,3000,3000
"Tamil Nadu",Krishnagiri,"Kaveripattinam(Uzhavar Sandhai )",Beans,"Beans (Whole)",Local,21/08/2026,8000,8000,8000
"Tamil Nadu",Krishnagiri,"Kaveripattinam(Uzhavar Sandhai )",Coconut,Coconut,Local,21/08/2026,5000,6000,5500
"Tamil Nadu",Krishnagiri,"Kaveripattinam(Uzhavar Sandhai )",Carrot,Pusakesar,Local,21/08/2026,8500,8500,8500
"Tamil Nadu",Krishnagiri,"Kaveripattinam(Uzhavar Sandhai )","Onion Green","Onion Green",Local,21/08/2026,6000,7000,6500
"Tamil Nadu","The Nilgiris","Gudalur(Uzhavar Sandhai )","Green Chilli","Green Chilly",Local,21/08/2026,4000,4500,4250
"Tamil Nadu","The Nilgiris","Gudalur(Uzhavar Sandhai )",Ginger(Green),"Green Ginger",Local,21/08/2026,15000,16000,15500
"Tamil Nadu","The Nilgiris","Gudalur(Uzhavar Sandhai )",Coconut,Coconut,Local,21/08/2026,6000,6500,6250
"Tamil Nadu","The Nilgiris","Gudalur(Uzhavar Sandhai )",Cabbage,Cabbage,Local,21/08/2026,2000,2500,2250
"Tamil Nadu","The Nilgiris","Gudalur(Uzhavar Sandhai )",Ridgeguard(Tori),Ridgeguard(Tori),Local,21/08/2026,5000,5500,5250
"Tamil Nadu","The Nilgiris","Gudalur(Uzhavar Sandhai )",Capsicum,Capsicum,Local,21/08/2026,6000,7000,6500
"Tamil Nadu","The Nilgiris","Gudalur(Uzhavar Sandhai )","Chow Chow","Chow Chow",Local,21/08/2026,2000,2500,2250
"Himachal Pradesh",Kangra,"SMY Palampur","Bitter gourd","Bitter Gourd",FAQ,21/08/2026,3500,4000,3800
"Himachal Pradesh",Kangra,"SMY Palampur",Pumpkin,Pumpkin,FAQ,21/08/2026,1800,2000,1900
"Himachal Pradesh",Kangra,"SMY Palampur",Brinjal,Brinjal,FAQ,21/08/2026,2000,2500,2200
"Himachal Pradesh",Kangra,"SMY Palampur",Guava,Guava,Medium,21/08/2026,9000,10000,9500
"Himachal Pradesh",Kangra,"SMY Palampur",Ginger(Green),"Green Ginger",FAQ,21/08/2026,10000,15000,12500
"Himachal Pradesh",Kangra,"SMY Palampur",Cauliflower,Cauliflower,FAQ,21/08/2026,5000,6000,5500
"Himachal Pradesh",Kangra,"SMY Palampur","French Beans(Frasbean)",Other,FAQ,21/08/2026,6000,7000,6500
"Himachal Pradesh",Kangra,"SMY Palampur","Sponge gourd",Other,FAQ,21/08/2026,3000,3500,3200
Manipur,"Imphal East","Lamlong Bazaar APMC","Green Gram Dal(Moong Dal)","Green Gram Dal",FAQ,21/08/2026,13000,14000,13500
"West Bengal","Paschim Bardhaman","Asansol APMC","Red gram split/Arhar dal/Tur dal","Arhar Dal(Tur)",FAQ,21/08/2026,12550,12700,12645
"West Bengal","Paschim Bardhaman","Asansol APMC",Rice,Fine,FAQ,21/08/2026,4685,4850,4765
"West Bengal","Paschim Bardhaman","Asansol APMC",Wheat,Kalyan,FAQ,21/08/2026,2650,2825,2700
"West Bengal","Paschim Bardhaman","Asansol APMC",Ginger(Green),Other,FAQ,21/08/2026,11000,12000,11500
Punjab,Tarntaran,"Patti APMC",Apple,Other,"Grade B",21/08/2026,3500,3500,3500
Punjab,Tarntaran,"Patti APMC",Banana,Other,"Grade B",21/08/2026,4.6,4.6,4.6
Punjab,Tarntaran,"Patti APMC","Bitter gourd",Other,Local,21/08/2026,0.45,0.48,0.46
Punjab,Tarntaran,"Patti APMC","Round gourd",Other,Local,21/08/2026,100,100,100
Punjab,Tarntaran,"Patti APMC",Pumpkin,Other,Local,21/08/2026,450,450,450
"Uttar Pradesh",Mau(Maunathbhanjan),"Kopaganj APMC",Apple,Apple,"Grade B",21/08/2026,8987,9000,8988
Haryana,Hissar,"Hansi APMC","Mousambi(Sweet Lime)",Other,"Grade B",21/08/2026,3500,4000,3750
Haryana,Hissar,"Hansi APMC",Pear(Marasebu),Other,"Grade B",21/08/2026,4000,8000,6000
Haryana,Hissar,"Hansi APMC",Pomegranate,Other,"Grade B",21/08/2026,8000,15000,12000
Haryana,Hissar,"Hansi APMC",Ginger(Dry),Other,FAQ,21/08/2026,8000,10000,9000
Haryana,Hissar,"Hansi APMC",Beetroot,Other,FAQ,21/08/2026,2000,2500,2250
Haryana,Hissar,"Hansi APMC",Cabbage,Other,FAQ,21/08/2026,2500,3000,2750
Haryana,Hissar,"Hansi APMC",Cauliflower,Other,FAQ,21/08/2026,4000,5000,4500
Haryana,Hissar,"Hansi APMC",Cucumbar(Kheera),Other,FAQ,21/08/2026,2500,3500,3000
Haryana,Hissar,"Hansi APMC",Potato,Other,FAQ,21/08/2026,1000,4000,1000
Haryana,Hissar,"Hansi APMC","Peas Wet",Other,FAQ,21/08/2026,10000,12000,11000
Punjab,Amritsar,"Rayya APMC",Ridgeguard(Tori),Other,FAQ,21/08/2026,2069,2069,2069
