,,,,,,,Daily Price Arrival Report-07-11-2025 to 21-08-2026 for Maharashtra,,,,,,
State/UT,District,Market,Commodity Group,Commodity,Variety,Grade,Min Price,Max Price,Modal Price,Price Unit,Arrival Quantity,Arrival Unit,Arrival Date
Maharashtra,Ahilyanagar,Ahilyanagar APMC,Cereals,Wheat,Other,FAQ,"2,600.00","2,700.00","2,650.00",Rs./Quintal,17.80,Metric Tonnes,31-12-2025
Maharashtra,Ahilyanagar,Ahilyanagar APMC,Cereals,Wheat,Other,FAQ,"2,600.00","2,800.00","2,700.00",Rs./Quintal,18.60,Metric Tonnes,31-01-2026
Maharashtra,Ahilyanagar,Ahilyanagar APMC,Cereals,Wheat,Other,FAQ,"2,600.00","2,700.00","2,650.00",Rs./Quintal,40.60,Metric Tonnes,30-07-2026
Maharashtra,Ahilyanagar,Ahilyanagar APMC,Cereals,Wheat,Other,Non-FAQ,"2,500.00","2,550.00","2,525.00",Rs./Quintal,36.00,Metric Tonnes,30-06-2026
Maharashtra,Ahilyanagar,Ahilyanagar APMC,Cereals,Wheat,Other,FAQ,"2,600.00","3,000.00","2,800.00",Rs./Quintal,26.20,Metric Tonnes,30-01-2026
Maharashtra,Ahilyanagar,Ahilyanagar APMC,Cereals,Wheat,Other,Non-FAQ,"2,200.00","2,400.00","2,300.00",Rs./Quintal,28.80,Metric Tonnes,29-06-2026
Maharashtra,Ahilyanagar,Ahilyanagar APMC,Cereals,Wheat,Other,Non-FAQ,"2,000.00","2,400.00","2,200.00",Rs./Quintal,30.20,Metric Tonnes,29-05-2026
Maharashtra,Ahilyanagar,Ahilyanagar APMC,Cereals,Wheat,Other,FAQ,"2,650.00","2,750.00","2,700.00",Rs./Quintal,12.00,Metric Tonnes,28-11-2025
Maharashtra,Ahilyanagar,Ahilyanagar APMC,Cereals,Wheat,Other,Non-FAQ,"2,100.00","2,400.00","2,250.00",Rs./Quintal,32.00,Metric Tonnes,28-05-2026
Maharashtra,Ahilyanagar,Ahilyanagar APMC,Cereals,Wheat,Other,FAQ,"2,600.00","2,800.00","2,700.00",Rs./Quintal,18.60,Metric Tonnes,28-01-2026
Maharashtra,Ahilyanagar,Ahilyanagar APMC,Cereals,Wheat,Other,FAQ,"2,600.00","2,700.00","2,650.00",Rs./Quintal,6.40,Metric Tonnes,27-12-2025
Maharashtra,Ahilyanagar,Ahilyanagar APMC,Cereals,Wheat,Other,FAQ,"2,600.00","2,700.00","2,650.00",Rs./Quintal,8.20,Metric Tonnes,27-11-2025
Maharashtra,Ahilyanagar,Ahilyanagar APMC,Cereals,Wheat,Other,Non-FAQ,"2,150.00","2,350.00","2,250.00",Rs./Quintal,44.80,Metric Tonnes,27-03-2026
Maharashtra,Ahilyanagar,Ahilyanagar APMC,Cereals,Wheat,Other,Non-FAQ,"2,200.00","2,400.00","2,300.00",Rs./Quintal,53.80,Metric Tonnes,27-02-2026
Maharashtra,Ahilyanagar,Ahilyanagar APMC,Cereals,Wheat,Other,FAQ,"2,600.00","2,800.00","2,700.00",Rs./Quintal,9.40,Metric Tonnes,27-01-2026
Maharashtra,Ahilyanagar,Ahilyanagar APMC,Cereals,Wheat,Other,FAQ,"2,600.00","2,700.00","2,650.00",Rs./Quintal,22.60,Metric Tonnes,26-12-2025
Maharashtra,Ahilyanagar,Ahilyanagar APMC,Cereals,Wheat,Other,FAQ,"2,650.00","2,700.00","2,675.00",Rs./Quintal,23.00,Metric Tonnes,25-11-2025
Maharashtra,Ahilyanagar,Ahilyanagar APMC,Cereals,Wheat,Other,Non-FAQ,"2,200.00","2,400.00","2,300.00",Rs./Quintal,43.60,Metric Tonnes,25-02-2026
Maharashtra,Ahilyanagar,Ahilyanagar APMC,Cereals,Wheat,Other,Non-FAQ,"2,100.00","2,300.00","2,200.00",Rs./Quintal,51.60,Metric Tonnes,24-03-2026
Maharashtra,Ahilyanagar,Ahilyanagar APMC,Cereals,Wheat,Other,FAQ,"2,600.00","2,750.00","2,675.00",Rs./Quintal,15.00,Metric Tonnes,23-12-2025
Maharashtra,Ahilyanagar,Ahilyanagar APMC,Cereals,Wheat,Other,FAQ,"2,600.00","2,600.00","2,600.00",Rs./Quintal,29.20,Metric Tonnes,23-07-2026
Maharashtra,Ahilyanagar,Ahilyanagar APMC,Cereals,Wheat,Other,FAQ,"2,600.00","2,800.00","2,700.00",Rs./Quintal,23.80,Metric Tonnes,23-01-2026
Maharashtra,Ahilyanagar,Ahilyanagar APMC,Cereals,Wheat,Other,FAQ,"2,600.00","2,700.00","2,650.00",Rs./Quintal,17.80,Metric Tonnes,22-07-2026
Maharashtra,Ahilyanagar,Ahilyanagar APMC,Cereals,Wheat,Other,Non-FAQ,"2,200.00","2,400.00","2,300.00",Rs./Quintal,9.40,Metric Tonnes,22-06-2026
Maharashtra,Ahilyanagar,Ahilyanagar APMC,Cereals,Wheat,Other,FAQ,"2,650.00","2,800.00","2,725.00",Rs./Quintal,10.60,Metric Tonnes,22-01-2026
Maharashtra,Ahilyanagar,Ahilyanagar APMC,Cereals,Wheat,Other,FAQ,"2,625.00","2,625.00","2,625.00",Rs./Quintal,54.40,Metric Tonnes,21-07-2026
Maharashtra,Ahilyanagar,Ahilyanagar APMC,Cereals,Wheat,Other,Non-FAQ,"2,250.00","2,400.00","2,325.00",Rs./Quintal,23.40,Metric Tonnes,21-02-2026
Maharashtra,Ahilyanagar,Ahilyanagar APMC,Cereals,Wheat,Other,FAQ,"2,650.00","2,900.00","2,775.00",Rs./Quintal,12.60,Metric Tonnes,21-01-2026
Maharashtra,Ahilyanagar,Ahilyanagar APMC,Cereals,Wheat,Other,FAQ,"2,600.00","2,800.00","2,700.00",Rs./Quintal,19.00,Metric Tonnes,20-08-2026
Maharashtra,Ahilyanagar,Ahilyanagar APMC,Cereals,Wheat,Other,Non-FAQ,"2,100.00","2,400.00","2,250.00",Rs./Quintal,48.00,Metric Tonnes,20-05-2026
Maharashtra,Ahilyanagar,Ahilyanagar APMC,Cereals,Wheat,Other,FAQ,"2,450.00","2,580.00","2,515.00",Rs./Quintal,37.20,Metric Tonnes,20-02-2026
Maharashtra,Ahilyanagar,Ahilyanagar APMC,Cereals,Wheat,Other,FAQ,"2,600.00","2,700.00","2,650.00",Rs./Quintal,33.20,Metric Tonnes,19-08-2026
Maharashtra,Ahilyanagar,Ahilyanagar APMC,Cereals,Wheat,Other,Non-FAQ,"2,050.00","2,400.00","2,225.00",Rs./Quintal,44.80,Metric Tonnes,19-06-2026
Maharashtra,Ahilyanagar,Ahilyanagar APMC,Cereals,Wheat,Other,Non-FAQ,"2,100.00","2,400.00","2,250.00",Rs./Quintal,43.40,Metric Tonnes,19-05-2026
Maharashtra,Ahilyanagar,Ahilyanagar APMC,Cereals,Wheat,Other,FAQ,"2,600.00","2,700.00","2,650.00",Rs./Quintal,35.00,Metric Tonnes,18-11-2025
Maharashtra,Ahilyanagar,Ahilyanagar APMC,Cereals,Wheat,Other,FAQ,"2,650.00","2,750.00","2,700.00",Rs./Quintal,49.80,Metric Tonnes,18-08-2026
Maharashtra,Ahilyanagar,Ahilyanagar APMC,Cereals,Wheat,Other,FAQ,"2,600.00","2,700.00","2,650.00",Rs./Quintal,45.00,Metric Tonnes,17-11-2025
Maharashtra,Ahilyanagar,Ahilyanagar APMC,Cereals,Wheat,Other,FAQ,"2,650.00","2,750.00","2,700.00",Rs./Quintal,33.80,Metric Tonnes,17-08-2026
Maharashtra,Ahilyanagar,Ahilyanagar APMC,Cereals,Wheat,Other,FAQ,"2,625.00","2,625.00","2,625.00",Rs./Quintal,25.20,Metric Tonnes,17-07-2026
Maharashtra,Ahilyanagar,Ahilyanagar APMC,Cereals,Wheat,Other,Non-FAQ,"2,000.00","2,400.00","2,200.00",Rs./Quintal,37.00,Metric Tonnes,17-06-2026
Maharashtra,Ahilyanagar,Ahilyanagar APMC,Cereals,Wheat,Other,FAQ,"2,600.00","2,700.00","2,650.00",Rs./Quintal,21.60,Metric Tonnes,16-12-2025
Maharashtra,Ahilyanagar,Ahilyanagar APMC,Cereals,Wheat,Other,Non-FAQ,"2,550.00","2,550.00","2,550.00",Rs./Quintal,29.00,Metric Tonnes,16-07-2026
Maharashtra,Ahilyanagar,Ahilyanagar APMC,Cereals,Wheat,Other,Non-FAQ,"2,100.00","2,400.00","2,250.00",Rs./Quintal,33.40,Metric Tonnes,16-06-2026
Maharashtra,Ahilyanagar,Ahilyanagar APMC,Cereals,Wheat,Other,FAQ,"2,700.00","2,700.00","2,700.00",Rs./Quintal,0.40,Metric Tonnes,16-04-2026
Maharashtra,Ahilyanagar,Ahilyanagar APMC,Cereals,Wheat,Other,Non-FAQ,"2,100.00","2,300.00","2,200.00",Rs./Quintal,43.00,Metric Tonnes,16-04-2026
Maharashtra,Ahilyanagar,Ahilyanagar APMC,Cereals,Wheat,Other,Non-FAQ,"2,100.00","2,350.00","2,225.00",Rs./Quintal,49.60,Metric Tonnes,16-03-2026
Maharashtra,Ahilyanagar,Ahilyanagar APMC,Cereals,Wheat,Other,FAQ,"2,450.00","2,500.00","2,475.00",Rs./Quintal,26.40,Metric Tonnes,16-02-2026
Maharashtra,Ahilyanagar,Ahilyanagar APMC,Cereals,Wheat,Other,FAQ,"2,600.00","3,000.00","2,800.00",Rs./Quintal,5.00,Metric Tonnes,16-01-2026
Maharashtra,Ahilyanagar,Ahilyanagar APMC,Cereals,Wheat,Other,FAQ,"2,600.00","2,700.00","2,650.00",Rs./Quintal,5.40,Metric Tonnes,15-12-2025
Maharashtra,Ahilyanagar,Ahilyanagar APMC,Cereals,Wheat,Other,Non-FAQ,"2,550.00","2,550.00","2,550.00",Rs./Quintal,40.20,Metric Tonnes,15-07-2026
Maharashtra,Ahilyanagar,Ahilyanagar APMC,Cereals,Wheat,Other,Non-FAQ,"2,200.00","2,400.00","2,300.00",Rs./Quintal,21.40,Metric Tonnes,15-06-2026
Maharashtra,Ahilyanagar,Ahilyanagar APMC,Cereals,Wheat,Other,Non-FAQ,"2,100.00","2,400.00","2,250.00",Rs./Quintal,44.60,Metric Tonnes,15-05-2026
Maharashtra,Ahilyanagar,Ahilyanagar APMC,Cereals,Wheat,Other,Non-FAQ,"2,550.00","2,550.00","2,550.00",Rs./Quintal,18.40,Metric Tonnes,14-07-2026
Maharashtra,Ahilyanagar,Ahilyanagar APMC,Cereals,Wheat,Other,Non-FAQ,"2,200.00","2,400.00","2,300.00",Rs./Quintal,23.40,Metric Tonnes,14-05-2026
Maharashtra,Ahilyanagar,Ahilyanagar APMC,Cereals,Wheat,Other,Non-FAQ,"2,200.00","2,350.00","2,275.00",Rs./Quintal,37.20,Metric Tonnes,14-03-2026
Maharashtra,Ahilyanagar,Ahilyanagar APMC,Cereals,Wheat,Other,FAQ,"2,450.00","2,600.00","2,525.00",Rs./Quintal,29.40,Metric Tonnes,14-02-2026
Maharashtra,Ahilyanagar,Ahilyanagar APMC,Cereals,Wheat,Other,FAQ,"2,650.00","2,750.00","2,700.00",Rs./Quintal,28.50,Metric Tonnes,13-08-2026
Maharashtra,Ahilyanagar,Ahilyanagar APMC,Cereals,Wheat,Other,Non-FAQ,"2,500.00","2,500.00","2,500.00",Rs./Quintal,18.40,Metric Tonnes,13-07-2026
Maharashtra,Ahilyanagar,Ahilyanagar APMC,Cereals,Wheat,Other,Non-FAQ,"2,200.00","2,400.00","2,300.00",Rs./Quintal,45.00,Metric Tonnes,13-03-2026
Maharashtra,Ahilyanagar,Ahilyanagar APMC,Cereals,Wheat,Other,FAQ,"2,450.00","2,700.00","2,575.00",Rs./Quintal,14.80,Metric Tonnes,13-02-2026
Maharashtra,Ahilyanagar,Ahilyanagar APMC,Cereals,Wheat,Other,FAQ,"2,600.00","2,700.00","2,650.00",Rs./Quintal,14.60,Metric Tonnes,12-12-2025
Maharashtra,Ahilyanagar,Ahilyanagar APMC,Cereals,Wheat,Other,FAQ,"2,700.00","2,800.00","2,750.00",Rs./Quintal,58.20,Metric Tonnes,12-08-2026
Maharashtra,Ahilyanagar,Ahilyanagar APMC,Cereals,Wheat,Other,Non-FAQ,"2,200.00","2,400.00","2,300.00",Rs./Quintal,36.40,Metric Tonnes,12-05-2026
Maharashtra,Ahilyanagar,Ahilyanagar APMC,Cereals,Wheat,Other,FAQ,"2,650.00","2,850.00","2,750.00",Rs./Quintal,14.40,Metric Tonnes,12-01-2026
Maharashtra,Ahilyanagar,Ahilyanagar APMC,Cereals,Wheat,Other,FAQ,"2,600.00","2,700.00","2,650.00",Rs./Quintal,9.80,Metric Tonnes,11-12-2025
Maharashtra,Ahilyanagar,Ahilyanagar APMC,Cereals,Wheat,Other,FAQ,"2,600.00","2,800.00","2,700.00",Rs./Quintal,39.00,Metric Tonnes,11-08-2026
Maharashtra,Ahilyanagar,Ahilyanagar APMC,Cereals,Wheat,Other,Non-FAQ,"2,100.00","2,400.00","2,250.00",Rs./Quintal,31.20,Metric Tonnes,11-05-2026
Maharashtra,Ahilyanagar,Ahilyanagar APMC,Cereals,Wheat,Other,Non-FAQ,"2,200.00","2,400.00","2,300.00",Rs./Quintal,50.00,Metric Tonnes,11-03-2026
Maharashtra,Ahilyanagar,Ahilyanagar APMC,Cereals,Wheat,Other,FAQ,"2,500.00","2,700.00","2,600.00",Rs./Quintal,25.60,Metric Tonnes,11-02-2026
Maharashtra,Ahilyanagar,Ahilyanagar APMC,Cereals,Wheat,Other,Non-FAQ,"2,000.00","2,400.00","2,200.00",Rs./Quintal,22.80,Metric Tonnes,10-06-2026
Maharashtra,Ahilyanagar,Ahilyanagar APMC,Cereals,Wheat,Other,Non-FAQ,"2,200.00","2,350.00","2,275.00",Rs./Quintal,61.40,Metric Tonnes,10-03-2026
Maharashtra,Ahilyanagar,Ahilyanagar APMC,Cereals,Wheat,Other,FAQ,"2,600.00","2,700.00","2,650.00",Rs./Quintal,17.20,Metric Tonnes,09-12-2025
Maharashtra,Ahilyanagar,Ahilyanagar APMC,Cereals,Wheat,Other,Non-FAQ,"2,500.00","2,500.00","2,500.00",Rs./Quintal,17.80,Metric Tonnes,09-07-2026
Maharashtra,Ahilyanagar,Ahilyanagar APMC,Cereals,Wheat,Other,Non-FAQ,"2,000.00","2,400.00","2,200.00",Rs./Quintal,32.00,Metric Tonnes,09-04-2026
Maharashtra,Ahilyanagar,Ahilyanagar APMC,Cereals,Wheat,Other,FAQ,"2,600.00","2,800.00","2,700.00",Rs./Quintal,6.80,Metric Tonnes,09-01-2026
Maharashtra,Ahilyanagar,Ahilyanagar APMC,Cereals,Wheat,Other,Non-FAQ,"2,450.00","2,570.00","2,510.00",Rs./Quintal,40.60,Metric Tonnes,08-07-2026
Maharashtra,Ahilyanagar,Ahilyanagar APMC,Cereals,Wheat,Other,Non-FAQ,"2,000.00","2,400.00","2,200.00",Rs./Quintal,32.60,Metric Tonnes,08-06-2026
Maharashtra,Ahilyanagar,Ahilyanagar APMC,Cereals,Wheat,Other,Non-FAQ,"2,100.00","2,350.00","2,225.00",Rs./Quintal,39.40,Metric Tonnes,08-04-2026
Maharashtra,Ahilyanagar,Ahilyanagar APMC,Cereals,Wheat,Other,FAQ,"2,700.00","2,750.00","2,725.00",Rs./Quintal,45.40,Metric Tonnes,07-08-2026
Maharashtra,Ahilyanagar,Ahilyanagar APMC,Cereals,Wheat,Other,Non-FAQ,"2,550.00","2,550.00","2,550.00",Rs./Quintal,21.20,Metric Tonnes,07-07-2026
Maharashtra,Ahilyanagar,Ahilyanagar APMC,Cereals,Wheat,Other,Non-FAQ,"2,100.00","2,300.00","2,200.00",Rs./Quintal,37.20,Metric Tonnes,07-04-2026
Maharashtra,Ahilyanagar,Ahilyanagar APMC,Cereals,Wheat,Other,FAQ,"2,500.00","2,800.00","2,650.00",Rs./Quintal,10.00,Metric Tonnes,07-02-2026
Maharashtra,Ahilyanagar,Ahilyanagar APMC,Cereals,Wheat,Other,FAQ,"2,700.00","2,800.00","2,750.00",Rs./Quintal,19.80,Metric Tonnes,06-08-2026
Maharashtra,Ahilyanagar,Ahilyanagar APMC,Cereals,Wheat,Other,Non-FAQ,"2,500.00","2,500.00","2,500.00",Rs./Quintal,11.00,Metric Tonnes,06-07-2026
Maharashtra,Ahilyanagar,Ahilyanagar APMC,Cereals,Wheat,Other,Non-FAQ,"2,100.00","2,350.00","2,225.00",Rs./Quintal,41.00,Metric Tonnes,06-04-2026
Maharashtra,Ahilyanagar,Ahilyanagar APMC,Cereals,Wheat,Other,FAQ,"2,500.00","2,900.00","2,725.00",Rs./Quintal,16.00,Metric Tonnes,06-02-2026
Maharashtra,Ahilyanagar,Ahilyanagar APMC,Cereals,Wheat,Other,Non-FAQ,"2,500.00","2,500.00","2,500.00",Rs./Quintal,56.80,Metric Tonnes,05-08-2026
Maharashtra,Ahilyanagar,Ahilyanagar APMC,Cereals,Wheat,Other,FAQ,"2,450.00","2,450.00","2,450.00",Rs./Quintal,0.50,Metric Tonnes,05-03-2026
Maharashtra,Ahilyanagar,Ahilyanagar APMC,Cereals,Wheat,Other,Non-FAQ,"2,200.00","2,350.00","2,275.00",Rs./Quintal,32.00,Metric Tonnes,05-03-2026
Maharashtra,Ahilyanagar,Ahilyanagar APMC,Cereals,Wheat,Other,FAQ,"2,600.00","2,750.00","2,675.00",Rs./Quintal,8.20,Metric Tonnes,05-01-2026
Maharashtra,Ahilyanagar,Ahilyanagar APMC,Cereals,Wheat,Other,FAQ,"2,650.00","2,650.00","2,650.00",Rs./Quintal,39.60,Metric Tonnes,04-08-2026
Maharashtra,Ahilyanagar,Ahilyanagar APMC,Cereals,Wheat,Other,Non-FAQ,"2,200.00","2,400.00","2,300.00",Rs./Quintal,37.00,Metric Tonnes,04-05-2026
Maharashtra,Ahilyanagar,Ahilyanagar APMC,Cereals,Wheat,Other,Non-FAQ,"2,200.00","2,400.00","2,300.00",Rs./Quintal,25.60,Metric Tonnes,04-03-2026
Maharashtra,Ahilyanagar,Ahilyanagar APMC,Cereals,Wheat,Other,FAQ,"2,600.00","2,700.00","2,650.00",Rs./Quintal,18.40,Metric Tonnes,03-12-2025
Maharashtra,Ahilyanagar,Ahilyanagar APMC,Cereals,Wheat,Other,Non-FAQ,"2,550.00","2,550.00","2,550.00",Rs./Quintal,20.20,Metric Tonnes,03-07-2026
Maharashtra,Ahilyanagar,Ahilyanagar APMC,Cereals,Wheat,Other,Non-FAQ,"2,100.00","2,400.00","2,250.00",Rs./Quintal,46.00,Metric Tonnes,03-06-2026
Maharashtra,Ahilyanagar,Ahilyanagar APMC,Cereals,Wheat,Other,Non-FAQ,"2,100.00","2,300.00","2,200.00",Rs./Quintal,44.60,Metric Tonnes,03-04-2026
Maharashtra,Ahilyanagar,Ahilyanagar APMC,Cereals,Wheat,Other,Non-FAQ,"2,200.00","2,400.00","2,300.00",Rs./Quintal,48.80,Metric Tonnes,03-03-2026
Maharashtra,Ahilyanagar,Ahilyanagar APMC,Cereals,Wheat,Other,Non-FAQ,"2,550.00","2,550.00","2,550.00",Rs./Quintal,15.40,Metric Tonnes,02-07-2026
Maharashtra,Ahilyanagar,Ahilyanagar APMC,Cereals,Wheat,Other,Non-FAQ,"2,100.00","2,400.00","2,250.00",Rs./Quintal,59.20,Metric Tonnes,02-06-2026
Maharashtra,Ahilyanagar,Ahilyanagar APMC,Cereals,Wheat,Other,Non-FAQ,"2,200.00","2,400.00","2,300.00",Rs./Quintal,39.80,Metric Tonnes,02-03-2026
Maharashtra,Ahilyanagar,Ahilyanagar APMC,Cereals,Wheat,Other,Non-FAQ,"2,200.00","2,400.00","2,300.00",Rs./Quintal,24.40,Metric Tonnes,01-07-2026
Maharashtra,Ahilyanagar,Ahilyanagar APMC,Cereals,Wheat,Other,Non-FAQ,"2,100.00","2,300.00","2,200.00",Rs./Quintal,41.20,Metric Tonnes,01-04-2026
Maharashtra,Ahilyanagar,Jamkhed APMC,Cereals,Wheat,Other,Non-FAQ,"2,300.00","2,500.00","2,400.00",Rs./Quintal,0.30,Metric Tonnes,31-07-2026
Maharashtra,Ahilyanagar,Jamkhed APMC,Cereals,Wheat,Other,FAQ,"2,450.00","2,750.00","2,600.00",Rs./Quintal,2.20,Metric Tonnes,31-01-2026
Maharashtra,Ahilyanagar,Jamkhed APMC,Cereals,Wheat,Other,Non-FAQ,"2,200.00","2,400.00","2,300.00",Rs./Quintal,0.70,Metric Tonnes,31-01-2026
Maharashtra,Ahilyanagar,Jamkhed APMC,Cereals,Wheat,Other,FAQ,"2,450.00","2,650.00","2,550.00",Rs./Quintal,0.20,Metric Tonnes,30-12-2025
Maharashtra,Ahilyanagar,Jamkhed APMC,Cereals,Wheat,Other,Non-FAQ,"2,300.00","2,500.00","2,400.00",Rs./Quintal,0.40,Metric Tonnes,30-07-2026
Maharashtra,Ahilyanagar,Jamkhed APMC,Cereals,Wheat,Other,Non-FAQ,"2,200.00","2,500.00","2,350.00",Rs./Quintal,2.30,Metric Tonnes,30-06-2026
Maharashtra,Ahilyanagar,Jamkhed APMC,Cereals,Wheat,Other,Non-FAQ,"2,300.00","2,500.00","2,400.00",Rs./Quintal,4.00,Metric Tonnes,30-05-2026
Maharashtra,Ahilyanagar,Jamkhed APMC,Cereals,Wheat,Other,Non-FAQ,"2,200.00","2,400.00","2,300.00",Rs./Quintal,5.60,Metric Tonnes,30-04-2026
Maharashtra,Ahilyanagar,Jamkhed APMC,Cereals,Wheat,Other,FAQ,"2,500.00","2,900.00","2,700.00",Rs./Quintal,0.90,Metric Tonnes,30-01-2026
Maharashtra,Ahilyanagar,Jamkhed APMC,Cereals,Wheat,Other,Non-FAQ,"2,200.00","2,400.00","2,300.00",Rs./Quintal,0.30,Metric Tonnes,30-01-2026
Maharashtra,Ahilyanagar,Jamkhed APMC,Cereals,Wheat,Other,FAQ,"2,500.00","2,800.00","2,650.00",Rs./Quintal,0.60,Metric Tonnes,29-12-2025
Maharashtra,Ahilyanagar,Jamkhed APMC,Cereals,Wheat,Other,Non-FAQ,"2,200.00","2,400.00","2,300.00",Rs./Quintal,0.20,Metric Tonnes,29-12-2025
Maharashtra,Ahilyanagar,Jamkhed APMC,Cereals,Wheat,Other,Non-FAQ,"2,200.00","2,500.00","2,350.00",Rs./Quintal,1.60,Metric Tonnes,29-06-2026
Maharashtra,Ahilyanagar,Jamkhed APMC,Cereals,Wheat,Other,Non-FAQ,"2,300.00","2,500.00","2,400.00",Rs./Quintal,13.90,Metric Tonnes,29-05-2026
Maharashtra,Ahilyanagar,Jamkhed APMC,Cereals,Wheat,Other,FAQ,"2,600.00","2,650.00","2,625.00",Rs./Quintal,2.90,Metric Tonnes,28-07-2026
Maharashtra,Ahilyanagar,Jamkhed APMC,Cereals,Wheat,Other,Non-FAQ,"2,200.00","2,500.00","2,350.00",Rs./Quintal,1.50,Metric Tonnes,28-07-2026
Maharashtra,Ahilyanagar,Jamkhed APMC,Cereals,Wheat,Other,Non-FAQ,"2,300.00","2,500.00","2,400.00",Rs./Quintal,13.80,Metric Tonnes,28-05-2026
Maharashtra,Ahilyanagar,Jamkhed APMC,Cereals,Wheat,Other,Non-FAQ,"2,200.00","2,400.00","2,300.00",Rs./Quintal,14.20,Metric Tonnes,28-04-2026
Maharashtra,Ahilyanagar,Jamkhed APMC,Cereals,Wheat,Other,FAQ,"2,500.00","2,800.00","2,650.00",Rs./Quintal,2.30,Metric Tonnes,27-12-2025
Maharashtra,Ahilyanagar,Jamkhed APMC,Cereals,Wheat,Other,Non-FAQ,"2,200.00","2,400.00","2,300.00",Rs./Quintal,0.30,Metric Tonnes,27-12-2025
Maharashtra,Ahilyanagar,Jamkhed APMC,Cereals,Wheat,Other,FAQ,"2,450.00","2,600.00","2,525.00",Rs./Quintal,0.70,Metric Tonnes,27-11-2025
Maharashtra,Ahilyanagar,Jamkhed APMC,Cereals,Wheat,Other,Non-FAQ,"2,200.00","2,400.00","2,300.00",Rs./Quintal,0.20,Metric Tonnes,27-11-2025
Maharashtra,Ahilyanagar,Jamkhed APMC,Cereals,Wheat,Other,Non-FAQ,"2,300.00","2,500.00","2,400.00",Rs./Quintal,1.20,Metric Tonnes,27-07-2026
Maharashtra,Ahilyanagar,Jamkhed APMC,Cereals,Wheat,Other,Non-FAQ,"2,200.00","2,400.00","2,300.00",Rs./Quintal,11.90,Metric Tonnes,27-06-2026
Maharashtra,Ahilyanagar,Jamkhed APMC,Cereals,Wheat,Other,Non-FAQ,"2,200.00","2,400.00","2,300.00",Rs./Quintal,3.00,Metric Tonnes,27-04-2026
Maharashtra,Ahilyanagar,Jamkhed APMC,Cereals,Wheat,Other,FAQ,"2,600.00","2,650.00","2,625.00",Rs./Quintal,0.40,Metric Tonnes,27-03-2026
Maharashtra,Ahilyanagar,Jamkhed APMC,Cereals,Wheat,Other,Non-FAQ,"2,200.00","2,400.00","2,300.00",Rs./Quintal,9.20,Metric Tonnes,27-03-2026
Maharashtra,Ahilyanagar,Jamkhed APMC,Cereals,Wheat,Other,Non-FAQ,"2,200.00","2,400.00","2,300.00",Rs./Quintal,7.50,Metric Tonnes,27-02-2026
Maharashtra,Ahilyanagar,Jamkhed APMC,Cereals,Wheat,Other,FAQ,"2,500.00","2,700.00","2,600.00",Rs./Quintal,2.50,Metric Tonnes,27-01-2026
Maharashtra,Ahilyanagar,Jamkhed APMC,Cereals,Wheat,Other,Non-FAQ,"2,200.00","2,400.00","2,300.00",Rs./Quintal,0.60,Metric Tonnes,27-01-2026
Maharashtra,Ahilyanagar,Jamkhed APMC,Cereals,Wheat,Other,FAQ,"2,600.00","3,000.00","2,800.00",Rs./Quintal,0.80,Metric Tonnes,26-12-2025
Maharashtra,Ahilyanagar,Jamkhed APMC,Cereals,Wheat,Other,Non-FAQ,"2,200.00","2,400.00","2,300.00",Rs./Quintal,1.30,Metric Tonnes,26-12-2025
Maharashtra,Ahilyanagar,Jamkhed APMC,Cereals,Wheat,Other,Non-FAQ,"2,300.00","2,500.00","2,400.00",Rs./Quintal,6.30,Metric Tonnes,26-05-2026
Maharashtra,Ahilyanagar,Jamkhed APMC,Cereals,Wheat,Other,Non-FAQ,"2,200.00","2,400.00","2,300.00",Rs./Quintal,7.20,Metric Tonnes,26-02-2026
Maharashtra,Ahilyanagar,Jamkhed APMC,Cereals,Wheat,Other,FAQ,"2,450.00","2,600.00","2,525.00",Rs./Quintal,0.90,Metric Tonnes,25-11-2025
Maharashtra,Ahilyanagar,Jamkhed APMC,Cereals,Wheat,Other,Non-FAQ,"2,200.00","2,400.00","2,300.00",Rs./Quintal,0.30,Metric Tonnes,25-11-2025
Maharashtra,Ahilyanagar,Jamkhed APMC,Cereals,Wheat,Other,Non-FAQ,"2,300.00","2,500.00","2,400.00",Rs./Quintal,3.20,Metric Tonnes,25-06-2026
Maharashtra,Ahilyanagar,Jamkhed APMC,Cereals,Wheat,Other,Non-FAQ,"2,300.00","2,500.00","2,400.00",Rs./Quintal,3.40,Metric Tonnes,25-05-2026
Maharashtra,Ahilyanagar,Jamkhed APMC,Cereals,Wheat,Other,Non-FAQ,"2,200.00","2,400.00","2,300.00",Rs./Quintal,6.30,Metric Tonnes,25-04-2026
Maharashtra,Ahilyanagar,Jamkhed APMC,Cereals,Wheat,Other,FAQ,"2,450.00","2,600.00","2,525.00",Rs./Quintal,0.60,Metric Tonnes,24-11-2025
Maharashtra,Ahilyanagar,Jamkhed APMC,Cereals,Wheat,Other,Non-FAQ,"2,200.00","2,400.00","2,300.00",Rs./Quintal,0.30,Metric Tonnes,24-11-2025
Maharashtra,Ahilyanagar,Jamkhed APMC,Cereals,Wheat,Other,Non-FAQ,"2,300.00","2,500.00","2,400.00",Rs./Quintal,1.00,Metric Tonnes,24-07-2026
Maharashtra,Ahilyanagar,Jamkhed APMC,Cereals,Wheat,Other,Non-FAQ,"2,100.00","2,400.00","2,250.00",Rs./Quintal,12.80,Metric Tonnes,24-04-2026
Maharashtra,Ahilyanagar,Jamkhed APMC,Cereals,Wheat,Other,Non-FAQ,"2,100.00","2,400.00","2,250.00",Rs./Quintal,10.20,Metric Tonnes,24-03-2026
Maharashtra,Ahilyanagar,Jamkhed APMC,Cereals,Wheat,Other,FAQ,"2,450.00","2,550.00","2,500.00",Rs./Quintal,1.00,Metric Tonnes,24-02-2026
Maharashtra,Ahilyanagar,Jamkhed APMC,Cereals,Wheat,Other,Non-FAQ,"2,000.00","2,400.00","2,200.00",Rs./Quintal,5.40,Metric Tonnes,24-02-2026
Maharashtra,Ahilyanagar,Jamkhed APMC,Cereals,Wheat,Other,FAQ,"2,500.00","2,800.00","2,650.00",Rs./Quintal,0.90,Metric Tonnes,24-01-2026
Maharashtra,Ahilyanagar,Jamkhed APMC,Cereals,Wheat,Other,Non-FAQ,"2,200.00","2,400.00","2,300.00",Rs./Quintal,0.20,Metric Tonnes,24-01-2026
Maharashtra,Ahilyanagar,Jamkhed APMC,Cereals,Wheat,Other,FAQ,"2,450.00","2,750.00","2,600.00",Rs./Quintal,1.20,Metric Tonnes,23-12-2025
Maharashtra,Ahilyanagar,Jamkhed APMC,Cereals,Wheat,Other,Non-FAQ,"2,200.00","2,400.00","2,300.00",Rs./Quintal,0.70,Metric Tonnes,23-12-2025
Maharashtra,Ahilyanagar,Jamkhed APMC,Cereals,Wheat,Other,Non-FAQ,"2,200.00","2,400.00","2,300.00",Rs./Quintal,7.00,Metric Tonnes,23-06-2026
Maharashtra,Ahilyanagar,Jamkhed APMC,Cereals,Wheat,Other,Non-FAQ,"2,100.00","2,400.00","2,250.00",Rs./Quintal,8.90,Metric Tonnes,23-05-2026
Maharashtra,Ahilyanagar,Jamkhed APMC,Cereals,Wheat,Other,Non-FAQ,"2,200.00","2,400.00","2,300.00",Rs./Quintal,6.80,Metric Tonnes,23-04-2026
Maharashtra,Ahilyanagar,Jamkhed APMC,Cereals,Wheat,Other,Non-FAQ,"1,800.00","2,200.00","2,000.00",Rs./Quintal,22.80,Metric Tonnes,23-03-2026
Maharashtra,Ahilyanagar,Jamkhed APMC,Cereals,Wheat,Other,FAQ,"2,500.00","2,700.00","2,600.00",Rs./Quintal,0.30,Metric Tonnes,23-02-2026
Maharashtra,Ahilyanagar,Jamkhed APMC,Cereals,Wheat,Other,Non-FAQ,"2,200.00","2,400.00","2,300.00",Rs./Quintal,7.00,Metric Tonnes,23-02-2026
Maharashtra,Ahilyanagar,Jamkhed APMC,Cereals,Wheat,Other,FAQ,"2,600.00","2,800.00","2,700.00",Rs./Quintal,1.00,Metric Tonnes,22-12-2025
Maharashtra,Ahilyanagar,Jamkhed APMC,Cereals,Wheat,Other,Non-FAQ,"2,200.00","2,400.00","2,300.00",Rs./Quintal,0.30,Metric Tonnes,22-12-2025
Maharashtra,Ahilyanagar,Jamkhed APMC,Cereals,Wheat,Other,FAQ,"2,500.00","2,700.00","2,600.00",Rs./Quintal,0.50,Metric Tonnes,22-11-2025
Maharashtra,Ahilyanagar,Jamkhed APMC,Cereals,Wheat,Other,Non-FAQ,"2,200.00","2,400.00","2,300.00",Rs./Quintal,1.00,Metric Tonnes,22-11-2025
Maharashtra,Ahilyanagar,Jamkhed APMC,Cereals,Wheat,Other,Non-FAQ,"2,200.00","2,400.00","2,300.00",Rs./Quintal,2.20,Metric Tonnes,22-06-2026
Maharashtra,Ahilyanagar,Jamkhed APMC,Cereals,Wheat,Other,Non-FAQ,"2,200.00","2,500.00","2,350.00",Rs./Quintal,5.60,Metric Tonnes,22-05-2026
Maharashtra,Ahilyanagar,Jamkhed APMC,Cereals,Wheat,Other,FAQ,"2,800.00","3,000.00","2,900.00",Rs./Quintal,0.20,Metric Tonnes,22-01-2026
Maharashtra,Ahilyanagar,Jamkhed APMC,Cereals,Wheat,Other,Non-FAQ,"2,200.00","2,400.00","2,300.00",Rs./Quintal,0.40,Metric Tonnes,21-11-2025
Maharashtra,Ahilyanagar,Jamkhed APMC,Cereals,Wheat,Other,FAQ,"2,600.00","2,650.00","2,625.00",Rs./Quintal,0.70,Metric Tonnes,21-08-2026
Maharashtra,Ahilyanagar,Jamkhed APMC,Cereals,Wheat,Other,Non-FAQ,"2,300.00","2,500.00","2,400.00",Rs./Quintal,0.20,Metric Tonnes,21-07-2026
Maharashtra,Ahilyanagar,Jamkhed APMC,Cereals,Wheat,Other,Non-FAQ,"2,200.00","2,400.00","2,300.00",Rs./Quintal,3.10,Metric Tonnes,21-04-2026
Maharashtra,Ahilyanagar,Jamkhed APMC,Cereals,Wheat,Other,FAQ,"2,450.00","2,650.00","2,550.00",Rs./Quintal,2.80,Metric Tonnes,21-02-2026
Maharashtra,Ahilyanagar,Jamkhed APMC,Cereals,Wheat,Other,Non-FAQ,"2,200.00","2,400.00","2,300.00",Rs./Quintal,9.80,Metric Tonnes,21-02-2026
Maharashtra,Ahilyanagar,Jamkhed APMC,Cereals,Wheat,Other,FAQ,"2,500.00","2,800.00","2,650.00",Rs./Quintal,0.80,Metric Tonnes,20-12-2025
Maharashtra,Ahilyanagar,Jamkhed APMC,Cereals,Wheat,Other,Non-FAQ,"2,200.00","2,400.00","2,300.00",Rs./Quintal,0.50,Metric Tonnes,20-12-2025
Maharashtra,Ahilyanagar,Jamkhed APMC,Cereals,Wheat,Other,FAQ,"2,500.00","2,700.00","2,600.00",Rs./Quintal,0.20,Metric Tonnes,20-11-2025
Maharashtra,Ahilyanagar,Jamkhed APMC,Cereals,Wheat,Other,Non-FAQ,"2,200.00","2,400.00","2,300.00",Rs./Quintal,0.90,Metric Tonnes,20-11-2025
Maharashtra,Ahilyanagar,Jamkhed APMC,Cereals,Wheat,Other,FAQ,"2,600.00","2,650.00","2,625.00",Rs./Quintal,1.60,Metric Tonnes,20-08-2026
Maharashtra,Ahilyanagar,Jamkhed APMC,Cereals,Wheat,Other,Non-FAQ,"2,300.00","2,500.00","2,400.00",Rs./Quintal,13.20,Metric Tonnes,20-08-2026
Maharashtra,Ahilyanagar,Jamkhed APMC,Cereals,Wheat,Other,Non-FAQ,"2,200.00","2,500.00","2,350.00",Rs./Quintal,2.30,Metric Tonnes,20-07-2026
Maharashtra,Ahilyanagar,Jamkhed APMC,Cereals,Wheat,Other,Non-FAQ,"2,200.00","2,400.00","2,300.00",Rs./Quintal,2.80,Metric Tonnes,20-06-2026
Maharashtra,Ahilyanagar,Jamkhed APMC,Cereals,Wheat,Other,Non-FAQ,"2,200.00","2,400.00","2,300.00",Rs./Quintal,10.60,Metric Tonnes,20-04-2026
Maharashtra,Ahilyanagar,Jamkhed APMC,Cereals,Wheat,Other,Non-FAQ,"2,100.00","2,400.00","2,250.00",Rs./Quintal,5.80,Metric Tonnes,20-03-2026
Maharashtra,Ahilyanagar,Jamkhed APMC,Cereals,Wheat,Other,FAQ,"2,500.00","2,700.00","2,600.00",Rs./Quintal,0.70,Metric Tonnes,20-02-2026
Maharashtra,Ahilyanagar,Jamkhed APMC,Cereals,Wheat,Other,Non-FAQ,"2,200.00","2,400.00","2,300.00",Rs./Quintal,1.90,Metric Tonnes,20-02-2026
Maharashtra,Ahilyanagar,Jamkhed APMC,Cereals,Wheat,Other,FAQ,"2,450.00","2,600.00","2,525.00",Rs./Quintal,1.20,Metric Tonnes,20-01-2026
Maharashtra,Ahilyanagar,Jamkhed APMC,Cereals,Wheat,Other,Non-FAQ,"2,200.00","2,400.00","2,300.00",Rs./Quintal,0.30,Metric Tonnes,19-12-2025
Maharashtra,Ahilyanagar,Jamkhed APMC,Cereals,Wheat,Other,Non-FAQ,"2,100.00","2,400.00","2,250.00",Rs./Quintal,2.00,Metric Tonnes,19-06-2026
Maharashtra,Ahilyanagar,Jamkhed APMC,Cereals,Wheat,Other,Non-FAQ,"2,200.00","2,500.00","2,350.00",Rs./Quintal,11.60,Metric Tonnes,19-05-2026
Maharashtra,Ahilyanagar,Jamkhed APMC,Cereals,Wheat,Other,Non-FAQ,"2,000.00","2,400.00","2,200.00",Rs./Quintal,29.00,Metric Tonnes,19-03-2026
Maharashtra,Ahilyanagar,Jamkhed APMC,Cereals,Wheat,Other,FAQ,"2,450.00","2,600.00","2,525.00",Rs./Quintal,0.40,Metric Tonnes,19-01-2026
Maharashtra,Ahilyanagar,Jamkhed APMC,Cereals,Wheat,Other,Non-FAQ,"2,200.00","2,400.00","2,300.00",Rs./Quintal,0.30,Metric Tonnes,19-01-2026
Maharashtra,Ahilyanagar,Jamkhed APMC,Cereals,Wheat,Other,FAQ,"2,450.00","2,750.00","2,600.00",Rs./Quintal,1.30,Metric Tonnes,18-12-2025
Maharashtra,Ahilyanagar,Jamkhed APMC,Cereals,Wheat,Other,Non-FAQ,"2,200.00","2,400.00","2,300.00",Rs./Quintal,0.60,Metric Tonnes,18-12-2025
Maharashtra,Ahilyanagar,Jamkhed APMC,Cereals,Wheat,Other,FAQ,"2,450.00","2,750.00","2,600.00",Rs./Quintal,0.60,Metric Tonnes,18-11-2025
Maharashtra,Ahilyanagar,Jamkhed APMC,Cereals,Wheat,Other,Non-FAQ,"2,200.00","2,400.00","2,300.00",Rs./Quintal,1.20,Metric Tonnes,18-11-2025
Maharashtra,Ahilyanagar,Jamkhed APMC,Cereals,Wheat,Other,Non-FAQ,"2,200.00","2,500.00","2,350.00",Rs./Quintal,2.40,Metric Tonnes,18-07-2026
Maharashtra,Ahilyanagar,Jamkhed APMC,Cereals,Wheat,Other,Non-FAQ,"2,200.00","2,400.00","2,300.00",Rs./Quintal,2.00,Metric Tonnes,18-06-2026
Maharashtra,Ahilyanagar,Jamkhed APMC,Cereals,Wheat,Other,Non-FAQ,"2,200.00","2,500.00","2,350.00",Rs./Quintal,10.50,Metric Tonnes,18-05-2026
Maharashtra,Ahilyanagar,Jamkhed APMC,Cereals,Wheat,Other,FAQ,"2,600.00","2,800.00","2,700.00",Rs./Quintal,0.40,Metric Tonnes,18-04-2026
Maharashtra,Ahilyanagar,Jamkhed APMC,Cereals,Wheat,Other,Non-FAQ,"2,200.00","2,400.00","2,300.00",Rs./Quintal,5.30,Metric Tonnes,18-04-2026
Maharashtra,Ahilyanagar,Jamkhed APMC,Cereals,Wheat,Other,FAQ,"2,500.00","2,700.00","2,600.00",Rs./Quintal,0.80,Metric Tonnes,17-11-2025
Maharashtra,Ahilyanagar,Jamkhed APMC,Cereals,Wheat,Other,Non-FAQ,"2,200.00","2,400.00","2,300.00",Rs./Quintal,0.60,Metric Tonnes,17-11-2025
Maharashtra,Ahilyanagar,Jamkhed APMC,Cereals,Wheat,Other,FAQ,"2,600.00","2,650.00","2,625.00",Rs./Quintal,1.70,Metric Tonnes,17-08-2026
Maharashtra,Ahilyanagar,Jamkhed APMC,Cereals,Wheat,Other,Non-FAQ,"2,200.00","2,500.00","2,350.00",Rs./Quintal,2.00,Metric Tonnes,17-07-2026
Maharashtra,Ahilyanagar,Jamkhed APMC,Cereals,Wheat,Other,Non-FAQ,"2,000.00","2,400.00","2,200.00",Rs./Quintal,5.20,Metric Tonnes,17-04-2026
Maharashtra,Ahilyanagar,Jamkhed APMC,Cereals,Wheat,Other,Non-FAQ,"2,100.00","2,400.00","2,250.00",Rs./Quintal,6.40,Metric Tonnes,17-03-2026
Maharashtra,Ahilyanagar,Jamkhed APMC,Cereals,Wheat,Other,FAQ,"2,450.00","2,550.00","2,500.00",Rs./Quintal,0.30,Metric Tonnes,17-02-2026
Maharashtra,Ahilyanagar,Jamkhed APMC,Cereals,Wheat,Other,Non-FAQ,"2,200.00","2,400.00","2,300.00",Rs./Quintal,8.40,Metric Tonnes,17-02-2026
Maharashtra,Ahilyanagar,Jamkhed APMC,Cereals,Wheat,Other,FAQ,"2,600.00","2,900.00","2,750.00",Rs./Quintal,0.60,Metric Tonnes,17-01-2026
Maharashtra,Ahilyanagar,Jamkhed APMC,Cereals,Wheat,Other,Non-FAQ,"2,200.00","2,400.00","2,300.00",Rs./Quintal,0.30,Metric Tonnes,17-01-2026
Maharashtra,Ahilyanagar,Jamkhed APMC,Cereals,Wheat,Other,FAQ,"2,450.00","2,550.00","2,500.00",Rs./Quintal,0.40,Metric Tonnes,16-12-2025
Maharashtra,Ahilyanagar,Jamkhed APMC,Cereals,Wheat,Other,Non-FAQ,"2,200.00","2,400.00","2,300.00",Rs./Quintal,1.20,Metric Tonnes,16-12-2025
Maharashtra,Ahilyanagar,Jamkhed APMC,Cereals,Wheat,Other,Non-FAQ,"2,200.00","2,500.00","2,350.00",Rs./Quintal,5.20,Metric Tonnes,16-07-2026
Maharashtra,Ahilyanagar,Jamkhed APMC,Cereals,Wheat,Other,Non-FAQ,"2,100.00","2,500.00","2,300.00",Rs./Quintal,3.20,Metric Tonnes,16-06-2026
Maharashtra,Ahilyanagar,Jamkhed APMC,Cereals,Wheat,Other,Non-FAQ,"2,200.00","2,500.00","2,350.00",Rs./Quintal,7.60,Metric Tonnes,16-05-2026
Maharashtra,Ahilyanagar,Jamkhed APMC,Cereals,Wheat,Other,Non-FAQ,"2,200.00","2,400.00","2,300.00",Rs./Quintal,5.70,Metric Tonnes,16-04-2026
Maharashtra,Ahilyanagar,Jamkhed APMC,Cereals,Wheat,Other,Non-FAQ,"2,200.00","2,400.00","2,300.00",Rs./Quintal,7.10,Metric Tonnes,16-03-2026
Maharashtra,Ahilyanagar,Jamkhed APMC,Cereals,Wheat,Other,Non-FAQ,"2,200.00","2,400.00","2,300.00",Rs./Quintal,0.20,Metric Tonnes,16-02-2026
Maharashtra,Ahilyanagar,Jamkhed APMC,Cereals,Wheat,Other,FAQ,"2,500.00","2,900.00","2,700.00",Rs./Quintal,0.80,Metric Tonnes,15-12-2025
Maharashtra,Ahilyanagar,Jamkhed APMC,Cereals,Wheat,Other,Non-FAQ,"2,200.00","2,400.00","2,300.00",Rs./Quintal,0.60,Metric Tonnes,15-12-2025
Maharashtra,Ahilyanagar,Jamkhed APMC,Cereals,Wheat,Other,FAQ,"2,500.00","2,700.00","2,600.00",Rs./Quintal,1.40,Metric Tonnes,15-11-2025
Maharashtra,Ahilyanagar,Jamkhed APMC,Cereals,Wheat,Other,Non-FAQ,"2,200.00","2,400.00","2,300.00",Rs./Quintal,2.20,Metric Tonnes,15-11-2025
Maharashtra,Ahilyanagar,Jamkhed APMC,Cereals,Wheat,Other,Non-FAQ,"2,300.00","2,500.00","2,400.00",Rs./Quintal,1.50,Metric Tonnes,15-06-2026
Maharashtra,Ahilyanagar,Jamkhed APMC,Cereals,Wheat,Other,Non-FAQ,"2,200.00","2,500.00","2,350.00",Rs./Quintal,5.20,Metric Tonnes,15-05-2026
Maharashtra,Ahilyanagar,Jamkhed APMC,Cereals,Wheat,Other,FAQ,"2,450.00","2,650.00","2,550.00",Rs./Quintal,0.20,Metric Tonnes,15-01-2026
Maharashtra,Ahilyanagar,Jamkhed APMC,Cereals,Wheat,Other,Non-FAQ,"2,200.00","2,400.00","2,300.00",Rs./Quintal,0.40,Metric Tonnes,15-01-2026
Maharashtra,Ahilyanagar,Jamkhed APMC,Cereals,Wheat,Other,FAQ,"2,500.00","2,700.00","2,600.00",Rs./Quintal,0.80,Metric Tonnes,14-11-2025
Maharashtra,Ahilyanagar,Jamkhed APMC,Cereals,Wheat,Other,Non-FAQ,"2,200.00","2,400.00","2,300.00",Rs./Quintal,0.20,Metric Tonnes,14-11-2025
Maharashtra,Ahilyanagar,Jamkhed APMC,Cereals,Wheat,Other,Non-FAQ,"2,300.00","2,500.00","2,400.00",Rs./Quintal,5.80,Metric Tonnes,14-08-2026
Maharashtra,Ahilyanagar,Jamkhed APMC,Cereals,Wheat,Other,Non-FAQ,"2,200.00","2,500.00","2,350.00",Rs./Quintal,2.00,Metric Tonnes,14-07-2026
Maharashtra,Ahilyanagar,Jamkhed APMC,Cereals,Wheat,Other,Non-FAQ,"2,200.00","2,400.00","2,300.00",Rs./Quintal,1.50,Metric Tonnes,14-05-2026
Maharashtra,Ahilyanagar,Jamkhed APMC,Cereals,Wheat,Other,FAQ,"2,450.00","2,550.00","2,500.00",Rs./Quintal,0.20,Metric Tonnes,14-02-2026
Maharashtra,Ahilyanagar,Jamkhed APMC,Cereals,Wheat,Other,Non-FAQ,"2,000.00","2,400.00","2,200.00",Rs./Quintal,0.80,Metric Tonnes,14-02-2026
Maharashtra,Ahilyanagar,Jamkhed APMC,Cereals,Wheat,Other,FAQ,"2,500.00","2,800.00","2,650.00",Rs./Quintal,1.20,Metric Tonnes,13-12-2025
Maharashtra,Ahilyanagar,Jamkhed APMC,Cereals,Wheat,Other,Non-FAQ,"2,200.00","2,400.00","2,300.00",Rs./Quintal,1.50,Metric Tonnes,13-12-2025
Maharashtra,Ahilyanagar,Jamkhed APMC,Cereals,Wheat,Other,Non-FAQ,"2,200.00","2,400.00","2,300.00",Rs./Quintal,1.60,Metric Tonnes,13-11-2025
Maharashtra,Ahilyanagar,Jamkhed APMC,Cereals,Wheat,Other,FAQ,"2,600.00","2,700.00","2,650.00",Rs./Quintal,2.20,Metric Tonnes,13-08-2026
Maharashtra,Ahilyanagar,Jamkhed APMC,Cereals,Wheat,Other,Non-FAQ,"2,300.00","2,500.00","2,400.00",Rs./Quintal,0.90,Metric Tonnes,13-08-2026
Maharashtra,Ahilyanagar,Jamkhed APMC,Cereals,Wheat,Other,Non-FAQ,"2,300.00","2,500.00","2,400.00",Rs./Quintal,2.40,Metric Tonnes,13-07-2026
Maharashtra,Ahilyanagar,Jamkhed APMC,Cereals,Wheat,Other,Non-FAQ,"2,200.00","2,500.00","2,350.00",Rs./Quintal,12.70,Metric Tonnes,13-06-2026
Maharashtra,Ahilyanagar,Jamkhed APMC,Cereals,Wheat,Other,Non-FAQ,"2,200.00","2,400.00","2,300.00",Rs./Quintal,4.00,Metric Tonnes,13-04-2026
Maharashtra,Ahilyanagar,Jamkhed APMC,Cereals,Wheat,Other,Non-FAQ,"2,100.00","2,400.00","2,250.00",Rs./Quintal,9.50,Metric Tonnes,13-03-2026
Maharashtra,Ahilyanagar,Jamkhed APMC,Cereals,Wheat,Other,FAQ,"2,450.00","2,550.00","2,500.00",Rs./Quintal,2.10,Metric Tonnes,13-02-2026
Maharashtra,Ahilyanagar,Jamkhed APMC,Cereals,Wheat,Other,Non-FAQ,"2,200.00","2,400.00","2,300.00",Rs./Quintal,0.60,Metric Tonnes,13-02-2026
Maharashtra,Ahilyanagar,Jamkhed APMC,Cereals,Wheat,Other,FAQ,"2,600.00","2,900.00","2,750.00",Rs./Quintal,0.20,Metric Tonnes,13-01-2026
Maharashtra,Ahilyanagar,Jamkhed APMC,Cereals,Wheat,Other,FAQ,"2,500.00","2,800.00","2,650.00",Rs./Quintal,0.80,Metric Tonnes,12-12-2025
Maharashtra,Ahilyanagar,Jamkhed APMC,Cereals,Wheat,Other,Non-FAQ,"2,200.00","2,400.00","2,300.00",Rs./Quintal,0.40,Metric Tonnes,12-12-2025
Maharashtra,Ahilyanagar,Jamkhed APMC,Cereals,Wheat,Other,Non-FAQ,"2,300.00","2,500.00","2,400.00",Rs./Quintal,2.60,Metric Tonnes,12-06-2026
Maharashtra,Ahilyanagar,Jamkhed APMC,Cereals,Wheat,Other,Non-FAQ,"2,200.00","2,400.00","2,300.00",Rs./Quintal,14.60,Metric Tonnes,12-05-2026
Maharashtra,Ahilyanagar,Jamkhed APMC,Cereals,Wheat,Other,FAQ,"2,450.00","2,550.00","2,500.00",Rs./Quintal,1.40,Metric Tonnes,12-02-2026
Maharashtra,Ahilyanagar,Jamkhed APMC,Cereals,Wheat,Other,Non-FAQ,"2,200.00","2,400.00","2,300.00",Rs./Quintal,0.90,Metric Tonnes,12-02-2026
Maharashtra,Ahilyanagar,Jamkhed APMC,Cereals,Wheat,Other,FAQ,"2,600.00","2,800.00","2,700.00",Rs./Quintal,0.90,Metric Tonnes,12-01-2026
Maharashtra,Ahilyanagar,Jamkhed APMC,Cereals,Wheat,Other,Non-FAQ,"2,200.00","2,400.00","2,300.00",Rs./Quintal,0.30,Metric Tonnes,12-01-2026
Maharashtra,Ahilyanagar,Jamkhed APMC,Cereals,Wheat,Other,FAQ,"2,500.00","2,700.00","2,600.00",Rs./Quintal,0.40,Metric Tonnes,11-12-2025
Maharashtra,Ahilyanagar,Jamkhed APMC,Cereals,Wheat,Other,Non-FAQ,"2,200.00","2,400.00","2,300.00",Rs./Quintal,0.20,Metric Tonnes,11-12-2025
Maharashtra,Ahilyanagar,Jamkhed APMC,Cereals,Wheat,Other,FAQ,"2,500.00","2,700.00","2,600.00",Rs./Quintal,2.60,Metric Tonnes,11-11-2025
Maharashtra,Ahilyanagar,Jamkhed APMC,Cereals,Wheat,Other,Non-FAQ,"2,200.00","2,400.00","2,300.00",Rs./Quintal,0.20,Metric Tonnes,11-11-2025
Maharashtra,Ahilyanagar,Jamkhed APMC,Cereals,Wheat,Other,FAQ,"2,600.00","2,700.00","2,650.00",Rs./Quintal,4.60,Metric Tonnes,11-08-2026
Maharashtra,Ahilyanagar,Jamkhed APMC,Cereals,Wheat,Other,Non-FAQ,"2,200.00","2,500.00","2,350.00",Rs./Quintal,1.20,Metric Tonnes,11-07-2026
Maharashtra,Ahilyanagar,Jamkhed APMC,Cereals,Wheat,Other,Non-FAQ,"2,200.00","2,500.00","2,350.00",Rs./Quintal,3.40,Metric Tonnes,11-06-2026
Maharashtra,Ahilyanagar,Jamkhed APMC,Cereals,Wheat,Other,Non-FAQ,"2,200.00","2,400.00","2,300.00",Rs./Quintal,4.20,Metric Tonnes,11-05-2026
Maharashtra,Ahilyanagar,Jamkhed APMC,Cereals,Wheat,Other,Non-FAQ,"2,200.00","2,500.00","2,350.00",Rs./Quintal,17.50,Metric Tonnes,11-04-2026
Maharashtra,Ahilyanagar,Jamkhed APMC,Cereals,Wheat,Other,FAQ,"2,450.00","2,600.00","2,525.00",Rs./Quintal,1.50,Metric Tonnes,10-11-2025
Maharashtra,Ahilyanagar,Jamkhed APMC,Cereals,Wheat,Other,Non-FAQ,"2,200.00","2,400.00","2,300.00",Rs./Quintal,2.10,Metric Tonnes,10-11-2025
Maharashtra,Ahilyanagar,Jamkhed APMC,Cereals,Wheat,Other,Non-FAQ,"2,300.00","2,500.00","2,400.00",Rs./Quintal,3.40,Metric Tonnes,10-07-2026
Maharashtra,Ahilyanagar,Jamkhed APMC,Cereals,Wheat,Other,FAQ,"2,600.00","2,650.00","2,625.00",Rs./Quintal,1.20,Metric Tonnes,10-04-2026
Maharashtra,Ahilyanagar,Jamkhed APMC,Cereals,Wheat,Other,Non-FAQ,"2,200.00","2,400.00","2,300.00",Rs./Quintal,3.00,Metric Tonnes,10-04-2026
Maharashtra,Ahilyanagar,Jamkhed APMC,Cereals,Wheat,Other,Non-FAQ,"2,200.00","2,400.00","2,300.00",Rs./Quintal,13.60,Metric Tonnes,10-03-2026
Maharashtra,Ahilyanagar,Jamkhed APMC,Cereals,Wheat,Other,FAQ,"2,500.00","2,800.00","2,650.00",Rs./Quintal,1.60,Metric Tonnes,10-02-2026
Maharashtra,Ahilyanagar,Jamkhed APMC,Cereals,Wheat,Other,Non-FAQ,"2,200.00","2,400.00","2,300.00",Rs./Quintal,0.20,Metric Tonnes,10-02-2026
Maharashtra,Ahilyanagar,Jamkhed APMC,Cereals,Wheat,Other,FAQ,"2,450.00","2,600.00","2,525.00",Rs./Quintal,0.30,Metric Tonnes,10-01-2026
Maharashtra,Ahilyanagar,Jamkhed APMC,Cereals,Wheat,Other,Non-FAQ,"2,200.00","2,500.00","2,350.00",Rs./Quintal,2.20,Metric Tonnes,09-07-2026
Maharashtra,Ahilyanagar,Jamkhed APMC,Cereals,Wheat,Other,Non-FAQ,"2,300.00","2,500.00","2,400.00",Rs./Quintal,10.10,Metric Tonnes,09-06-2026
Maharashtra,Ahilyanagar,Jamkhed APMC,Cereals,Wheat,Other,Non-FAQ,"2,200.00","2,400.00","2,300.00",Rs./Quintal,4.30,Metric Tonnes,09-05-2026
Maharashtra,Ahilyanagar,Jamkhed APMC,Cereals,Wheat,Other,FAQ,"2,600.00","2,650.00","2,650.00",Rs./Quintal,0.50,Metric Tonnes,09-04-2026
Maharashtra,Ahilyanagar,Jamkhed APMC,Cereals,Wheat,Other,Non-FAQ,"2,200.00","2,400.00","2,300.00",Rs./Quintal,8.00,Metric Tonnes,09-04-2026
Maharashtra,Ahilyanagar,Jamkhed APMC,Cereals,Wheat,Other,Non-FAQ,"2,100.00","2,400.00","2,250.00",Rs./Quintal,11.20,Metric Tonnes,09-03-2026
Maharashtra,Ahilyanagar,Jamkhed APMC,Cereals,Wheat,Other,FAQ,"2,450.00","2,650.00","2,500.00",Rs./Quintal,0.50,Metric Tonnes,09-02-2026
Maharashtra,Ahilyanagar,Jamkhed APMC,Cereals,Wheat,Other,Non-FAQ,"2,200.00","2,400.00","2,300.00",Rs./Quintal,0.30,Metric Tonnes,09-02-2026
Maharashtra,Ahilyanagar,Jamkhed APMC,Cereals,Wheat,Other,FAQ,"2,500.00","2,700.00","2,600.00",Rs./Quintal,0.30,Metric Tonnes,09-01-2026
Maharashtra,Ahilyanagar,Jamkhed APMC,Cereals,Wheat,Other,Non-FAQ,"2,200.00","2,400.00","2,300.00",Rs./Quintal,0.40,Metric Tonnes,09-01-2026
Maharashtra,Ahilyanagar,Jamkhed APMC,Cereals,Wheat,Other,FAQ,"2,500.00","2,700.00","2,600.00",Rs./Quintal,2.40,Metric Tonnes,08-11-2025
Maharashtra,Ahilyanagar,Jamkhed APMC,Cereals,Wheat,Other,Non-FAQ,"2,200.00","2,400.00","2,300.00",Rs./Quintal,1.00,Metric Tonnes,08-11-2025
Maharashtra,Ahilyanagar,Jamkhed APMC,Cereals,Wheat,Other,FAQ,"2,600.00","2,750.00","2,625.00",Rs./Quintal,1.50,Metric Tonnes,08-08-2026
Maharashtra,Ahilyanagar,Jamkhed APMC,Cereals,Wheat,Other,Non-FAQ,"2,200.00","2,500.00","2,350.00",Rs./Quintal,0.30,Metric Tonnes,08-08-2026
Maharashtra,Ahilyanagar,Jamkhed APMC,Cereals,Wheat,Other,Non-FAQ,"2,200.00","2,500.00","2,350.00",Rs./Quintal,4.20,Metric Tonnes,08-06-2026
Maharashtra,Ahilyanagar,Jamkhed APMC,Cereals,Wheat,Other,Non-FAQ,"2,200.00","2,400.00","2,300.00",Rs./Quintal,4.00,Metric Tonnes,08-05-2026
Maharashtra,Ahilyanagar,Jamkhed APMC,Cereals,Wheat,Other,FAQ,"2,450.00","2,650.00","2,550.00",Rs./Quintal,0.30,Metric Tonnes,08-01-2026
Maharashtra,Ahilyanagar,Jamkhed APMC,Cereals,Wheat,Other,Non-FAQ,"2,200.00","2,400.00","2,300.00",Rs./Quintal,0.60,Metric Tonnes,08-01-2026
Maharashtra,Ahilyanagar,Jamkhed APMC,Cereals,Wheat,Other,FAQ,"2,450.00","2,550.00","2,500.00",Rs./Quintal,0.50,Metric Tonnes,07-11-2025
Maharashtra,Ahilyanagar,Jamkhed APMC,Cereals,Wheat,Other,Non-FAQ,"2,200.00","2,400.00","2,300.00",Rs./Quintal,0.20,Metric Tonnes,07-11-2025
Maharashtra,Ahilyanagar,Jamkhed APMC,Cereals,Wheat,Other,FAQ,"2,600.00","2,750.00","2,675.00",Rs./Quintal,5.20,Metric Tonnes,07-08-2026
Maharashtra,Ahilyanagar,Jamkhed APMC,Cereals,Wheat,Other,Non-FAQ,"2,300.00","2,500.00","2,400.00",Rs./Quintal,0.60,Metric Tonnes,07-08-2026
Maharashtra,Ahilyanagar,Jamkhed APMC,Cereals,Wheat,Other,Non-FAQ,"2,300.00","2,500.00","2,400.00",Rs./Quintal,0.30,Metric Tonnes,07-07-2026
Maharashtra,Ahilyanagar,Jamkhed APMC,Cereals,Wheat,Other,Non-FAQ,"2,200.00","2,400.00","2,300.00",Rs./Quintal,9.00,Metric Tonnes,07-05-2026
Maharashtra,Ahilyanagar,Jamkhed APMC,Cereals,Wheat,Other,Non-FAQ,"2,200.00","2,400.00","2,300.00",Rs./Quintal,5.50,Metric Tonnes,07-03-2026
Maharashtra,Ahilyanagar,Jamkhed APMC,Cereals,Wheat,Other,FAQ,"2,500.00","2,800.00","2,650.00",Rs./Quintal,0.50,Metric Tonnes,07-02-2026
Maharashtra,Ahilyanagar,Jamkhed APMC,Cereals,Wheat,Other,FAQ,"2,550.00","2,750.00","2,650.00",Rs./Quintal,2.50,Metric Tonnes,06-12-2025
Maharashtra,Ahilyanagar,Jamkhed APMC,Cereals,Wheat,Other,Non-FAQ,"2,200.00","2,400.00","2,300.00",Rs./Quintal,3.30,Metric Tonnes,06-12-2025
Maharashtra,Ahilyanagar,Jamkhed APMC,Cereals,Wheat,Other,FAQ,"2,600.00","2,650.00","2,600.00",Rs./Quintal,0.70,Metric Tonnes,06-08-2026
Maharashtra,Ahilyanagar,Jamkhed APMC,Cereals,Wheat,Other,Non-FAQ,"2,300.00","2,500.00","2,400.00",Rs./Quintal,5.50,Metric Tonnes,06-08-2026
Maharashtra,Ahilyanagar,Jamkhed APMC,Cereals,Wheat,Other,Non-FAQ,"2,300.00","2,500.00","2,400.00",Rs./Quintal,0.20,Metric Tonnes,06-07-2026
Maharashtra,Ahilyanagar,Jamkhed APMC,Cereals,Wheat,Other,Non-FAQ,"2,300.00","2,500.00","2,400.00",Rs./Quintal,7.90,Metric Tonnes,06-06-2026
Maharashtra,Ahilyanagar,Jamkhed APMC,Cereals,Wheat,Other,Non-FAQ,"2,200.00","2,400.00","2,300.00",Rs./Quintal,0.20,Metric Tonnes,06-02-2026
Maharashtra,Ahilyanagar,Jamkhed APMC,Cereals,Wheat,Other,FAQ,"2,450.00","2,650.00","2,550.00",Rs./Quintal,0.20,Metric Tonnes,06-01-2026
Maharashtra,Ahilyanagar,Jamkhed APMC,Cereals,Wheat,Other,Non-FAQ,"2,200.00","2,400.00","2,300.00",Rs./Quintal,0.40,Metric Tonnes,06-01-2026
Maharashtra,Ahilyanagar,Jamkhed APMC,Cereals,Wheat,Other,Non-FAQ,"2,300.00","2,500.00","2,400.00",Rs./Quintal,11.90,Metric Tonnes,05-06-2026
Maharashtra,Ahilyanagar,Jamkhed APMC,Cereals,Wheat,Other,Non-FAQ,"2,200.00","2,400.00","2,300.00",Rs./Quintal,2.00,Metric Tonnes,05-05-2026
Maharashtra,Ahilyanagar,Jamkhed APMC,Cereals,Wheat,Other,FAQ,"2,450.00","2,550.00","2,500.00",Rs./Quintal,0.60,Metric Tonnes,05-03-2026
Maharashtra,Ahilyanagar,Jamkhed APMC,Cereals,Wheat,Other,Non-FAQ,"2,200.00","2,400.00","2,300.00",Rs./Quintal,7.20,Metric Tonnes,05-03-2026
Maharashtra,Ahilyanagar,Jamkhed APMC,Cereals,Wheat,Other,FAQ,"2,500.00","2,800.00","2,650.00",Rs./Quintal,1.00,Metric Tonnes,05-02-2026
Maharashtra,Ahilyanagar,Jamkhed APMC,Cereals,Wheat,Other,Non-FAQ,"2,200.00","2,400.00","2,300.00",Rs./Quintal,0.70,Metric Tonnes,05-02-2026
Maharashtra,Ahilyanagar,Jamkhed APMC,Cereals,Wheat,Other,FAQ,"2,600.00","2,800.00","2,700.00",Rs./Quintal,0.20,Metric Tonnes,05-01-2026
Maharashtra,Ahilyanagar,Jamkhed APMC,Cereals,Wheat,Other,Non-FAQ,"2,200.00","2,400.00","2,300.00",Rs./Quintal,0.40,Metric Tonnes,05-01-2026
Maharashtra,Ahilyanagar,Jamkhed APMC,Cereals,Wheat,Other,FAQ,"2,500.00","2,800.00","2,650.00",Rs./Quintal,1.70,Metric Tonnes,04-12-2025
Maharashtra,Ahilyanagar,Jamkhed APMC,Cereals,Wheat,Other,Non-FAQ,"2,200.00","2,400.00","2,300.00",Rs./Quintal,1.20,Metric Tonnes,04-12-2025
Maharashtra,Ahilyanagar,Jamkhed APMC,Cereals,Wheat,Other,FAQ,"2,600.00","2,650.00","2,625.00",Rs./Quintal,4.30,Metric Tonnes,04-08-2026
Maharashtra,Ahilyanagar,Jamkhed APMC,Cereals,Wheat,Other,Non-FAQ,"2,300.00","2,500.00","2,400.00",Rs./Quintal,7.80,Metric Tonnes,04-08-2026
Maharashtra,Ahilyanagar,Jamkhed APMC,Cereals,Wheat,Other,Non-FAQ,"2,300.00","2,500.00","2,400.00",Rs./Quintal,3.00,Metric Tonnes,04-07-2026
Maharashtra,Ahilyanagar,Jamkhed APMC,Cereals,Wheat,Other,Non-FAQ,"2,300.00","2,500.00","2,400.00",Rs./Quintal,7.20,Metric Tonnes,04-06-2026
Maharashtra,Ahilyanagar,Jamkhed APMC,Cereals,Wheat,Other,Non-FAQ,"2,200.00","2,400.00","2,300.00",Rs./Quintal,13.40,Metric Tonnes,04-05-2026
Maharashtra,Ahilyanagar,Jamkhed APMC,Cereals,Wheat,Other,FAQ,"2,600.00","2,650.00","2,625.00",Rs./Quintal,1.20,Metric Tonnes,03-08-2026
Maharashtra,Ahilyanagar,Jamkhed APMC,Cereals,Wheat,Other,Non-FAQ,"2,200.00","2,500.00","2,350.00",Rs./Quintal,2.50,Metric Tonnes,03-08-2026
Maharashtra,Ahilyanagar,Jamkhed APMC,Cereals,Wheat,Other,Non-FAQ,"2,300.00","2,500.00","2,400.00",Rs./Quintal,0.40,Metric Tonnes,03-07-2026
Maharashtra,Ahilyanagar,Jamkhed APMC,Cereals,Wheat,Other,FAQ,"2,450.00","2,550.00","2,500.00",Rs./Quintal,0.20,Metric Tonnes,03-02-2026
Maharashtra,Ahilyanagar,Jamkhed APMC,Cereals,Wheat,Other,FAQ,"2,500.00","2,700.00","2,600.00",Rs./Quintal,0.70,Metric Tonnes,03-01-2026
Maharashtra,Ahilyanagar,Jamkhed APMC,Cereals,Wheat,Other,Non-FAQ,"2,200.00","2,400.00","2,300.00",Rs./Quintal,0.60,Metric Tonnes,03-01-2026
Maharashtra,Ahilyanagar,Jamkhed APMC,Cereals,Wheat,Other,Non-FAQ,"2,300.00","2,500.00","2,400.00",Rs./Quintal,2.00,Metric Tonnes,02-07-2026
Maharashtra,Ahilyanagar,Jamkhed APMC,Cereals,Wheat,Other,Non-FAQ,"2,300.00","2,500.00","2,400.00",Rs./Quintal,6.70,Metric Tonnes,02-06-2026
Maharashtra,Ahilyanagar,Jamkhed APMC,Cereals,Wheat,Other,Non-FAQ,"2,200.00","2,400.00","2,300.00",Rs./Quintal,18.20,Metric Tonnes,02-05-2026
Maharashtra,Ahilyanagar,Jamkhed APMC,Cereals,Wheat,Other,FAQ,"2,450.00","2,550.00","2,500.00",Rs./Quintal,1.40,Metric Tonnes,02-03-2026
Maharashtra,Ahilyanagar,Jamkhed APMC,Cereals,Wheat,Other,Non-FAQ,"2,200.00","2,400.00","2,300.00",Rs./Quintal,9.50,Metric Tonnes,02-03-2026
Maharashtra,Ahilyanagar,Jamkhed APMC,Cereals,Wheat,Other,FAQ,"2,450.00","2,600.00","2,525.00",Rs./Quintal,0.70,Metric Tonnes,02-02-2026
Maharashtra,Ahilyanagar,Jamkhed APMC,Cereals,Wheat,Other,Non-FAQ,"2,200.00","2,400.00","2,300.00",Rs./Quintal,0.30,Metric Tonnes,02-02-2026
Maharashtra,Ahilyanagar,Jamkhed APMC,Cereals,Wheat,Other,FAQ,"2,600.00","2,900.00","2,750.00",Rs./Quintal,0.20,Metric Tonnes,02-01-2026
Maharashtra,Ahilyanagar,Jamkhed APMC,Cereals,Wheat,Other,FAQ,"2,500.00","2,700.00","2,600.00",Rs./Quintal,1.20,Metric Tonnes,01-12-2025
Maharashtra,Ahilyanagar,Jamkhed APMC,Cereals,Wheat,Other,Non-FAQ,"2,200.00","2,400.00","2,300.00",Rs./Quintal,0.90,Metric Tonnes,01-12-2025
Maharashtra,Ahilyanagar,Jamkhed APMC,Cereals,Wheat,Other,Non-FAQ,"2,200.00","2,500.00","2,350.00",Rs./Quintal,1.50,Metric Tonnes,01-08-2026
Maharashtra,Ahilyanagar,Jamkhed APMC,Cereals,Wheat,Other,Non-FAQ,"2,300.00","2,500.00","2,400.00",Rs./Quintal,3.60,Metric Tonnes,01-06-2026
Maharashtra,Ahilyanagar,Jamkhed APMC,Cereals,Wheat,Other,FAQ,"2,600.00","2,800.00","2,700.00",Rs./Quintal,0.60,Metric Tonnes,01-01-2026
Maharashtra,Ahilyanagar,Karjat APMC,Cereals,Wheat,Other,Non-FAQ,"2,400.00","2,400.00","2,400.00",Rs./Quintal,0.80,Metric Tonnes,31-07-2026
Maharashtra,Ahilyanagar,Karjat APMC,Cereals,Wheat,Other,Non-FAQ,"2,200.00","2,400.00","2,300.00",Rs./Quintal,7.50,Metric Tonnes,31-03-2026
Maharashtra,Ahilyanagar,Karjat APMC,Cereals,Wheat,Other,Non-FAQ,"2,350.00","2,350.00","2,350.00",Rs./Quintal,0.90,Metric Tonnes,30-07-2026
Maharashtra,Ahilyanagar,Karjat APMC,Cereals,Wheat,Other,Non-FAQ,"2,200.00","2,400.00","2,300.00",Rs./Quintal,1.50,Metric Tonnes,30-04-2026
Maharashtra,Ahilyanagar,Karjat APMC,Cereals,Wheat,Other,FAQ,"2,800.00","2,800.00","2,800.00",Rs./Quintal,0.30,Metric Tonnes,30-01-2026
Maharashtra,Ahilyanagar,Karjat APMC,Cereals,Wheat,Other,Non-FAQ,"2,200.00","2,200.00","2,200.00",Rs./Quintal,0.20,Metric Tonnes,30-01-2026
Maharashtra,Ahilyanagar,Karjat APMC,Cereals,Wheat,Other,Non-FAQ,"2,200.00","2,500.00","2,300.00",Rs./Quintal,2.20,Metric Tonnes,29-07-2026
Maharashtra,Ahilyanagar,Karjat APMC,Cereals,Wheat,Other,Non-FAQ,"2,200.00","2,500.00","2,400.00",Rs./Quintal,8.00,Metric Tonnes,29-06-2026
Maharashtra,Ahilyanagar,Karjat APMC,Cereals,Wheat,Other,Non-FAQ,"2,300.00","2,300.00","2,300.00",Rs./Quintal,1.00,Metric Tonnes,28-07-2026
Maharashtra,Ahilyanagar,Karjat APMC,Cereals,Wheat,Other,FAQ,"2,500.00","2,500.00","2,500.00",Rs./Quintal,0.20,Metric Tonnes,27-11-2025
Maharashtra,Ahilyanagar,Karjat APMC,Cereals,Wheat,Other,FAQ,"2,500.00","2,800.00","2,500.00",Rs./Quintal,0.80,Metric Tonnes,27-02-2026
Maharashtra,Ahilyanagar,Karjat APMC,Cereals,Wheat,Other,Non-FAQ,"2,200.00","2,400.00","2,300.00",Rs./Quintal,7.00,Metric Tonnes,26-05-2026
Maharashtra,Ahilyanagar,Karjat APMC,Cereals,Wheat,Other,Non-FAQ,"2,200.00","2,400.00","2,300.00",Rs./Quintal,31.80,Metric Tonnes,26-03-2026
Maharashtra,Ahilyanagar,Karjat APMC,Cereals,Wheat,Other,FAQ,"2,800.00","2,800.00","2,800.00",Rs./Quintal,0.30,Metric Tonnes,25-11-2025
Maharashtra,Ahilyanagar,Karjat APMC,Cereals,Wheat,Other,Non-FAQ,"2,200.00","2,200.00","2,200.00",Rs./Quintal,0.20,Metric Tonnes,25-11-2025
Maharashtra,Ahilyanagar,Karjat APMC,Cereals,Wheat,Other,Non-FAQ,"2,200.00","2,500.00","2,350.00",Rs./Quintal,0.60,Metric Tonnes,25-06-2026
Maharashtra,Ahilyanagar,Karjat APMC,Cereals,Wheat,Other,Non-FAQ,"2,200.00","2,500.00","2,300.00",Rs./Quintal,3.60,Metric Tonnes,24-06-2026
Maharashtra,Ahilyanagar,Karjat APMC,Cereals,Wheat,Other,FAQ,"2,500.00","2,800.00","2,600.00",Rs./Quintal,1.40,Metric Tonnes,24-02-2026
Maharashtra,Ahilyanagar,Karjat APMC,Cereals,Wheat,Other,Non-FAQ,"2,200.00","2,500.00","2,300.00",Rs./Quintal,0.50,Metric Tonnes,23-07-2026
Maharashtra,Ahilyanagar,Karjat APMC,Cereals,Wheat,Other,Non-FAQ,"2,200.00","2,500.00","2,300.00",Rs./Quintal,1.70,Metric Tonnes,23-06-2026
Maharashtra,Ahilyanagar,Karjat APMC,Cereals,Wheat,Other,FAQ,"2,500.00","2,800.00","2,500.00",Rs./Quintal,1.50,Metric Tonnes,22-12-2025
Maharashtra,Ahilyanagar,Karjat APMC,Cereals,Wheat,Other,Non-FAQ,"2,200.00","2,200.00","2,200.00",Rs./Quintal,0.60,Metric Tonnes,22-12-2025
Maharashtra,Ahilyanagar,Karjat APMC,Cereals,Wheat,Other,Non-FAQ,"2,300.00","2,300.00","2,300.00",Rs./Quintal,1.10,Metric Tonnes,22-07-2026
Maharashtra,Ahilyanagar,Karjat APMC,Cereals,Wheat,Other,Non-FAQ,"2,000.00","2,400.00","2,300.00",Rs./Quintal,4.00,Metric Tonnes,22-05-2026
Maharashtra,Ahilyanagar,Karjat APMC,Cereals,Wheat,Other,Non-FAQ,"2,200.00","2,400.00","2,300.00",Rs./Quintal,7.20,Metric Tonnes,22-04-2026
Maharashtra,Ahilyanagar,Karjat APMC,Cereals,Wheat,Other,Non-FAQ,"2,400.00","2,400.00","2,400.00",Rs./Quintal,0.10,Metric Tonnes,22-01-2026
Maharashtra,Ahilyanagar,Karjat APMC,Cereals,Wheat,Other,FAQ,"2,800.00","2,800.00","2,800.00",Rs./Quintal,0.50,Metric Tonnes,20-11-2025
Maharashtra,Ahilyanagar,Karjat APMC,Cereals,Wheat,Other,Non-FAQ,"2,200.00","2,200.00","2,200.00",Rs./Quintal,0.30,Metric Tonnes,20-11-2025
Maharashtra,Ahilyanagar,Karjat APMC,Cereals,Wheat,Other,Non-FAQ,"2,200.00","2,500.00","2,300.00",Rs./Quintal,2.60,Metric Tonnes,20-08-2026
Maharashtra,Ahilyanagar,Karjat APMC,Cereals,Wheat,Other,Non-FAQ,"2,000.00","2,500.00","2,300.00",Rs./Quintal,8.10,Metric Tonnes,20-05-2026
Maharashtra,Ahilyanagar,Karjat APMC,Cereals,Wheat,Other,FAQ,"2,600.00","2,600.00","2,600.00",Rs./Quintal,1.00,Metric Tonnes,19-08-2026
Maharashtra,Ahilyanagar,Karjat APMC,Cereals,Wheat,Other,Non-FAQ,"2,200.00","2,500.00","2,400.00",Rs./Quintal,2.50,Metric Tonnes,19-08-2026
Maharashtra,Ahilyanagar,Karjat APMC,Cereals,Wheat,Other,Non-FAQ,"2,300.00","2,500.00","2,400.00",Rs./Quintal,1.30,Metric Tonnes,19-06-2026
Maharashtra,Ahilyanagar,Karjat APMC,Cereals,Wheat,Other,Non-FAQ,"2,000.00","2,400.00","2,100.00",Rs./Quintal,1.60,Metric Tonnes,19-05-2026
Maharashtra,Ahilyanagar,Karjat APMC,Cereals,Wheat,Other,Non-FAQ,"2,200.00","2,400.00","2,300.00",Rs./Quintal,9.30,Metric Tonnes,19-03-2026
Maharashtra,Ahilyanagar,Karjat APMC,Cereals,Wheat,Other,FAQ,"2,500.00","2,800.00","2,500.00",Rs./Quintal,0.90,Metric Tonnes,19-02-2026
Maharashtra,Ahilyanagar,Karjat APMC,Cereals,Wheat,Other,Non-FAQ,"2,200.00","2,200.00","2,200.00",Rs./Quintal,0.30,Metric Tonnes,18-12-2025
Maharashtra,Ahilyanagar,Karjat APMC,Cereals,Wheat,Other,FAQ,"2,600.00","2,600.00","2,600.00",Rs./Quintal,1.00,Metric Tonnes,18-08-2026
Maharashtra,Ahilyanagar,Karjat APMC,Cereals,Wheat,Other,Non-FAQ,"2,200.00","2,500.00","2,400.00",Rs./Quintal,3.10,Metric Tonnes,18-08-2026
Maharashtra,Ahilyanagar,Karjat APMC,Cereals,Wheat,Other,Non-FAQ,"2,000.00","2,500.00","2,250.00",Rs./Quintal,0.80,Metric Tonnes,18-06-2026
Maharashtra,Ahilyanagar,Karjat APMC,Cereals,Wheat,Other,FAQ,"2,800.00","2,800.00","2,800.00",Rs./Quintal,0.70,Metric Tonnes,17-12-2025
Maharashtra,Ahilyanagar,Karjat APMC,Cereals,Wheat,Other,Non-FAQ,"2,200.00","2,525.00","2,300.00",Rs./Quintal,2.60,Metric Tonnes,17-08-2026
Maharashtra,Ahilyanagar,Karjat APMC,Cereals,Wheat,Other,Non-FAQ,"2,200.00","2,500.00","2,300.00",Rs./Quintal,2.00,Metric Tonnes,17-07-2026
Maharashtra,Ahilyanagar,Karjat APMC,Cereals,Wheat,Other,Non-FAQ,"2,300.00","2,300.00","2,300.00",Rs./Quintal,0.30,Metric Tonnes,17-06-2026
Maharashtra,Ahilyanagar,Karjat APMC,Cereals,Wheat,Other,FAQ,"2,500.00","2,800.00","2,500.00",Rs./Quintal,1.50,Metric Tonnes,17-02-2026
Maharashtra,Ahilyanagar,Karjat APMC,Cereals,Wheat,Other,Non-FAQ,"2,200.00","2,200.00","2,200.00",Rs./Quintal,0.50,Metric Tonnes,17-02-2026
Maharashtra,Ahilyanagar,Karjat APMC,Cereals,Wheat,Other,Non-FAQ,"2,200.00","2,500.00","2,350.00",Rs./Quintal,2.70,Metric Tonnes,16-07-2026
Maharashtra,Ahilyanagar,Karjat APMC,Cereals,Wheat,Other,Non-FAQ,"2,000.00","2,500.00","2,250.00",Rs./Quintal,0.40,Metric Tonnes,16-06-2026
Maharashtra,Ahilyanagar,Karjat APMC,Cereals,Wheat,Other,Non-FAQ,"2,200.00","2,400.00","2,300.00",Rs./Quintal,2.70,Metric Tonnes,15-05-2026
Maharashtra,Ahilyanagar,Karjat APMC,Cereals,Wheat,Other,Non-FAQ,"2,200.00","2,500.00","2,300.00",Rs./Quintal,3.00,Metric Tonnes,14-08-2026
Maharashtra,Ahilyanagar,Karjat APMC,Cereals,Wheat,Other,Non-FAQ,"2,200.00","2,500.00","2,300.00",Rs./Quintal,0.90,Metric Tonnes,14-07-2026
Maharashtra,Ahilyanagar,Karjat APMC,Cereals,Wheat,Other,Non-FAQ,"2,200.00","2,400.00","2,300.00",Rs./Quintal,8.70,Metric Tonnes,14-04-2026
Maharashtra,Ahilyanagar,Karjat APMC,Cereals,Wheat,Other,Non-FAQ,"2,200.00","2,400.00","2,300.00",Rs./Quintal,5.20,Metric Tonnes,13-05-2026
Maharashtra,Ahilyanagar,Karjat APMC,Cereals,Wheat,Other,FAQ,"2,500.00","2,800.00","2,500.00",Rs./Quintal,0.60,Metric Tonnes,13-02-2026
Maharashtra,Ahilyanagar,Karjat APMC,Cereals,Wheat,Other,FAQ,"2,500.00","2,800.00","2,500.00",Rs./Quintal,0.50,Metric Tonnes,12-12-2025
Maharashtra,Ahilyanagar,Karjat APMC,Cereals,Wheat,Other,FAQ,"2,800.00","2,800.00","2,800.00",Rs./Quintal,0.50,Metric Tonnes,11-12-2025
Maharashtra,Ahilyanagar,Karjat APMC,Cereals,Wheat,Other,Non-FAQ,"2,200.00","2,200.00","2,200.00",Rs./Quintal,0.30,Metric Tonnes,11-12-2025
Maharashtra,Ahilyanagar,Karjat APMC,Cereals,Wheat,Other,Non-FAQ,"2,200.00","2,500.00","2,300.00",Rs./Quintal,0.60,Metric Tonnes,11-08-2026
Maharashtra,Ahilyanagar,Karjat APMC,Cereals,Wheat,Other,Non-FAQ,"2,200.00","2,500.00","2,300.00",Rs./Quintal,2.00,Metric Tonnes,11-06-2026
Maharashtra,Ahilyanagar,Karjat APMC,Cereals,Wheat,Other,Non-FAQ,"2,200.00","2,500.00","2,300.00",Rs./Quintal,1.30,Metric Tonnes,10-07-2026
Maharashtra,Ahilyanagar,Karjat APMC,Cereals,Wheat,Other,FAQ,"2,800.00","2,800.00","2,800.00",Rs./Quintal,0.20,Metric Tonnes,09-12-2025
Maharashtra,Ahilyanagar,Karjat APMC,Cereals,Wheat,Other,Non-FAQ,"2,200.00","2,200.00","2,200.00",Rs./Quintal,0.20,Metric Tonnes,09-12-2025
Maharashtra,Ahilyanagar,Karjat APMC,Cereals,Wheat,Other,Non-FAQ,"2,200.00","2,500.00","2,300.00",Rs./Quintal,1.70,Metric Tonnes,09-07-2026
Maharashtra,Ahilyanagar,Karjat APMC,Cereals,Wheat,Other,Non-FAQ,"2,200.00","2,500.00","2,400.00",Rs./Quintal,3.10,Metric Tonnes,09-06-2026
Maharashtra,Ahilyanagar,Karjat APMC,Cereals,Wheat,Other,FAQ,"2,500.00","2,800.00","2,500.00",Rs./Quintal,0.40,Metric Tonnes,09-01-2026
Maharashtra,Ahilyanagar,Karjat APMC,Cereals,Wheat,Other,Non-FAQ,"2,200.00","2,200.00","2,200.00",Rs./Quintal,0.10,Metric Tonnes,09-01-2026
Maharashtra,Ahilyanagar,Karjat APMC,Cereals,Wheat,Other,Non-FAQ,"2,200.00","2,500.00","2,300.00",Rs./Quintal,0.40,Metric Tonnes,08-07-2026
Maharashtra,Ahilyanagar,Karjat APMC,Cereals,Wheat,Other,Non-FAQ,"2,200.00","2,400.00","2,300.00",Rs./Quintal,2.30,Metric Tonnes,08-05-2026
Maharashtra,Ahilyanagar,Karjat APMC,Cereals,Wheat,Other,Non-FAQ,"2,300.00","2,500.00","2,400.00",Rs./Quintal,1.30,Metric Tonnes,07-07-2026
Maharashtra,Ahilyanagar,Karjat APMC,Cereals,Wheat,Other,Non-FAQ,"2,200.00","2,400.00","2,300.00",Rs./Quintal,6.60,Metric Tonnes,07-04-2026
Maharashtra,Ahilyanagar,Karjat APMC,Cereals,Wheat,Other,Non-FAQ,"2,200.00","2,500.00","2,400.00",Rs./Quintal,1.10,Metric Tonnes,06-07-2026
Maharashtra,Ahilyanagar,Karjat APMC,Cereals,Wheat,Other,Non-FAQ,"2,200.00","2,500.00","2,350.00",Rs./Quintal,2.30,Metric Tonnes,05-08-2026
Maharashtra,Ahilyanagar,Karjat APMC,Cereals,Wheat,Other,Non-FAQ,"2,200.00","2,500.00","2,300.00",Rs./Quintal,2.70,Metric Tonnes,05-06-2026
Maharashtra,Ahilyanagar,Karjat APMC,Cereals,Wheat,Other,Non-FAQ,"2,200.00","2,400.00","2,200.00",Rs./Quintal,0.40,Metric Tonnes,05-05-2026
Maharashtra,Ahilyanagar,Karjat APMC,Cereals,Wheat,Other,FAQ,"2,800.00","2,800.00","2,800.00",Rs./Quintal,0.20,Metric Tonnes,04-12-2025
Maharashtra,Ahilyanagar,Karjat APMC,Cereals,Wheat,Other,Non-FAQ,"2,200.00","2,500.00","2,300.00",Rs./Quintal,7.20,Metric Tonnes,03-06-2026
Maharashtra,Ahilyanagar,Karjat APMC,Cereals,Wheat,Other,FAQ,"2,600.00","2,600.00","2,600.00",Rs./Quintal,2.30,Metric Tonnes,03-03-2026
Maharashtra,Ahilyanagar,Karjat APMC,Cereals,Wheat,Other,Non-FAQ,"2,200.00","2,200.00","2,200.00",Rs./Quintal,0.60,Metric Tonnes,03-03-2026
Maharashtra,Ahilyanagar,Karjat APMC,Cereals,Wheat,Other,FAQ,"2,500.00","2,800.00","2,500.00",Rs./Quintal,1.40,Metric Tonnes,03-02-2026
Maharashtra,Ahilyanagar,Karjat APMC,Cereals,Wheat,Other,Non-FAQ,"2,200.00","2,200.00","2,200.00",Rs./Quintal,0.50,Metric Tonnes,03-02-2026
Maharashtra,Ahilyanagar,Karjat APMC,Cereals,Wheat,Other,FAQ,"2,700.00","2,700.00","2,700.00",Rs./Quintal,0.20,Metric Tonnes,02-08-2026
Maharashtra,Ahilyanagar,Karjat APMC,Cereals,Wheat,Other,Non-FAQ,"2,000.00","2,500.00","2,000.00",Rs./Quintal,0.40,Metric Tonnes,02-08-2026
Maharashtra,Ahilyanagar,Karjat APMC,Cereals,Wheat,Other,Non-FAQ,"2,200.00","2,500.00","2,400.00",Rs./Quintal,3.60,Metric Tonnes,02-07-2026
Maharashtra,Ahilyanagar,Karjat APMC,Cereals,Wheat,Other,Non-FAQ,"2,200.00","2,400.00","2,300.00",Rs./Quintal,3.30,Metric Tonnes,02-04-2026
Maharashtra,Ahilyanagar,Karjat APMC,Cereals,Wheat,Other,FAQ,"2,800.00","2,800.00","2,800.00",Rs./Quintal,0.30,Metric Tonnes,02-01-2026
Maharashtra,Ahilyanagar,Karjat APMC,Cereals,Wheat,Other,Non-FAQ,"2,200.00","2,200.00","2,200.00",Rs./Quintal,0.20,Metric Tonnes,02-01-2026
Maharashtra,Ahilyanagar,Karjat APMC,Cereals,Wheat,Other,Non-FAQ,"2,200.00","2,500.00","2,350.00",Rs./Quintal,3.00,Metric Tonnes,01-07-2026
Maharashtra,Ahilyanagar,Karjat APMC,Cereals,Wheat,Other,FAQ,"2,500.00","2,800.00","2,500.00",Rs./Quintal,1.00,Metric Tonnes,01-01-2026
Maharashtra,Ahilyanagar,Karjat APMC,Cereals,Wheat,Other,Non-FAQ,"2,200.00","2,200.00","2,200.00",Rs./Quintal,0.30,Metric Tonnes,01-01-2026
Maharashtra,Ahilyanagar,Karjat(Rashin) APMC,Cereals,Wheat,Other,FAQ,"2,800.00","2,800.00","2,800.00",Rs./Quintal,0.40,Metric Tonnes,31-12-2025
Maharashtra,Ahilyanagar,Karjat(Rashin) APMC,Cereals,Wheat,Other,Non-FAQ,"2,300.00","2,300.00","2,300.00",Rs./Quintal,0.40,Metric Tonnes,31-07-2026
Maharashtra,Ahilyanagar,Karjat(Rashin) APMC,Cereals,Wheat,Other,Non-FAQ,"2,300.00","2,450.00","2,300.00",Rs./Quintal,0.60,Metric Tonnes,31-05-2026
Maharashtra,Ahilyanagar,Karjat(Rashin) APMC,Cereals,Wheat,Other,Non-FAQ,"2,000.00","2,400.00","2,300.00",Rs./Quintal,2.30,Metric Tonnes,31-03-2026
Maharashtra,Ahilyanagar,Karjat(Rashin) APMC,Cereals,Wheat,Other,FAQ,"2,700.00","2,700.00","2,700.00",Rs./Quintal,0.60,Metric Tonnes,30-12-2025
Maharashtra,Ahilyanagar,Karjat(Rashin) APMC,Cereals,Wheat,Other,Non-FAQ,"2,000.00","2,000.00","2,000.00",Rs./Quintal,0.40,Metric Tonnes,30-12-2025
Maharashtra,Ahilyanagar,Karjat(Rashin) APMC,Cereals,Wheat,Other,Non-FAQ,"2,000.00","2,500.00","2,200.00",Rs./Quintal,3.70,Metric Tonnes,30-06-2026
Maharashtra,Ahilyanagar,Karjat(Rashin) APMC,Cereals,Wheat,Other,Non-FAQ,"2,200.00","2,200.00","2,200.00",Rs./Quintal,0.10,Metric Tonnes,29-03-2026
Maharashtra,Ahilyanagar,Karjat(Rashin) APMC,Cereals,Wheat,Other,Non-FAQ,"2,400.00","2,400.00","2,400.00",Rs./Quintal,0.40,Metric Tonnes,28-12-2025
Maharashtra,Ahilyanagar,Karjat(Rashin) APMC,Cereals,Wheat,Other,FAQ,"2,500.00","2,500.00","2,500.00",Rs./Quintal,0.20,Metric Tonnes,28-11-2025
Maharashtra,Ahilyanagar,Karjat(Rashin) APMC,Cereals,Wheat,Other,Non-FAQ,"2,300.00","2,300.00","2,300.00",Rs./Quintal,2.00,Metric Tonnes,28-07-2026
Maharashtra,Ahilyanagar,Karjat(Rashin) APMC,Cereals,Wheat,Other,FAQ,"2,500.00","2,600.00","2,500.00",Rs./Quintal,1.60,Metric Tonnes,27-02-2026
Maharashtra,Ahilyanagar,Karjat(Rashin) APMC,Cereals,Wheat,Other,Non-FAQ,"2,300.00","2,300.00","2,300.00",Rs./Quintal,0.10,Metric Tonnes,26-06-2026
Maharashtra,Ahilyanagar,Karjat(Rashin) APMC,Cereals,Wheat,Other,Non-FAQ,"2,200.00","2,400.00","2,300.00",Rs./Quintal,4.70,Metric Tonnes,26-05-2026
Maharashtra,Ahilyanagar,Karjat(Rashin) APMC,Cereals,Wheat,Other,Non-FAQ,"2,000.00","2,420.00","2,300.00",Rs./Quintal,1.20,Metric Tonnes,26-03-2026
Maharashtra,Ahilyanagar,Karjat(Rashin) APMC,Cereals,Wheat,Other,FAQ,"2,500.00","2,800.00","2,500.00",Rs./Quintal,2.10,Metric Tonnes,25-11-2025
Maharashtra,Ahilyanagar,Karjat(Rashin) APMC,Cereals,Wheat,Other,Non-FAQ,"2,200.00","2,200.00","2,200.00",Rs./Quintal,0.50,Metric Tonnes,25-11-2025
Maharashtra,Ahilyanagar,Karjat(Rashin) APMC,Cereals,Wheat,Other,Non-FAQ,"2,200.00","2,500.00","2,400.00",Rs./Quintal,1.80,Metric Tonnes,25-06-2026
Maharashtra,Ahilyanagar,Karjat(Rashin) APMC,Cereals,Wheat,Other,Non-FAQ,"2,300.00","2,300.00","2,300.00",Rs./Quintal,0.40,Metric Tonnes,24-05-2026
Maharashtra,Ahilyanagar,Karjat(Rashin) APMC,Cereals,Wheat,Other,FAQ,"2,500.00","2,800.00","2,600.00",Rs./Quintal,1.60,Metric Tonnes,24-02-2026
Maharashtra,Ahilyanagar,Karjat(Rashin) APMC,Cereals,Wheat,Other,FAQ,"2,500.00","2,700.00","2,600.00",Rs./Quintal,2.30,Metric Tonnes,23-11-2025
Maharashtra,Ahilyanagar,Karjat(Rashin) APMC,Cereals,Wheat,Other,Non-FAQ,"2,200.00","2,500.00","2,300.00",Rs./Quintal,2.60,Metric Tonnes,23-06-2026
Maharashtra,Ahilyanagar,Karjat(Rashin) APMC,Cereals,Wheat,Other,Non-FAQ,"2,500.00","2,500.00","2,500.00",Rs./Quintal,0.70,Metric Tonnes,22-07-2026
Maharashtra,Ahilyanagar,Karjat(Rashin) APMC,Cereals,Wheat,Other,Non-FAQ,"2,200.00","2,500.00","2,300.00",Rs./Quintal,2.40,Metric Tonnes,22-05-2026
Maharashtra,Ahilyanagar,Karjat(Rashin) APMC,Cereals,Wheat,Other,Non-FAQ,"2,200.00","2,400.00","2,300.00",Rs./Quintal,3.50,Metric Tonnes,22-04-2026
Maharashtra,Ahilyanagar,Karjat(Rashin) APMC,Cereals,Wheat,Other,Non-FAQ,"2,200.00","2,400.00","2,300.00",Rs./Quintal,4.70,Metric Tonnes,22-03-2026
Maharashtra,Ahilyanagar,Karjat(Rashin) APMC,Cereals,Wheat,Other,FAQ,"2,500.00","2,800.00","2,700.00",Rs./Quintal,4.20,Metric Tonnes,22-02-2026
Maharashtra,Ahilyanagar,Karjat(Rashin) APMC,Cereals,Wheat,Other,FAQ,"2,500.00","2,800.00","2,500.00",Rs./Quintal,0.40,Metric Tonnes,22-01-2026
Maharashtra,Ahilyanagar,Karjat(Rashin) APMC,Cereals,Wheat,Other,Non-FAQ,"2,200.00","2,500.00","2,350.00",Rs./Quintal,2.40,Metric Tonnes,20-08-2026
Maharashtra,Ahilyanagar,Karjat(Rashin) APMC,Cereals,Wheat,Other,Non-FAQ,"2,200.00","2,400.00","2,300.00",Rs./Quintal,1.80,Metric Tonnes,20-05-2026
Maharashtra,Ahilyanagar,Karjat(Rashin) APMC,Cereals,Wheat,Other,Non-FAQ,"2,200.00","2,550.00","2,400.00",Rs./Quintal,4.60,Metric Tonnes,19-08-2026
Maharashtra,Ahilyanagar,Karjat(Rashin) APMC,Cereals,Wheat,Other,Non-FAQ,"2,250.00","2,400.00","2,300.00",Rs./Quintal,0.20,Metric Tonnes,19-06-2026
Maharashtra,Ahilyanagar,Karjat(Rashin) APMC,Cereals,Wheat,Other,Non-FAQ,"2,300.00","2,400.00","2,300.00",Rs./Quintal,1.10,Metric Tonnes,19-05-2026
Maharashtra,Ahilyanagar,Karjat(Rashin) APMC,Cereals,Wheat,Other,Non-FAQ,"2,100.00","2,400.00","2,300.00",Rs./Quintal,4.00,Metric Tonnes,19-04-2026
Maharashtra,Ahilyanagar,Karjat(Rashin) APMC,Cereals,Wheat,Other,FAQ,"2,500.00","2,500.00","2,500.00",Rs./Quintal,2.20,Metric Tonnes,19-03-2026
Maharashtra,Ahilyanagar,Karjat(Rashin) APMC,Cereals,Wheat,Other,Non-FAQ,"2,000.00","2,420.00","2,300.00",Rs./Quintal,3.40,Metric Tonnes,19-03-2026
Maharashtra,Ahilyanagar,Karjat(Rashin) APMC,Cereals,Wheat,Other,FAQ,"2,500.00","3,000.00","2,500.00",Rs./Quintal,0.40,Metric Tonnes,19-02-2026
Maharashtra,Ahilyanagar,Karjat(Rashin) APMC,Cereals,Wheat,Other,Non-FAQ,"2,300.00","2,500.00","2,400.00",Rs./Quintal,2.10,Metric Tonnes,18-08-2026
Maharashtra,Ahilyanagar,Karjat(Rashin) APMC,Cereals,Wheat,Other,Non-FAQ,"2,200.00","2,200.00","2,200.00",Rs./Quintal,0.20,Metric Tonnes,18-01-2026
Maharashtra,Ahilyanagar,Karjat(Rashin) APMC,Cereals,Wheat,Other,Non-FAQ,"2,000.00","2,000.00","2,000.00",Rs./Quintal,0.10,Metric Tonnes,17-12-2025
Maharashtra,Ahilyanagar,Karjat(Rashin) APMC,Cereals,Wheat,Other,Non-FAQ,"2,500.00","2,500.00","2,500.00",Rs./Quintal,0.70,Metric Tonnes,17-08-2026
Maharashtra,Ahilyanagar,Karjat(Rashin) APMC,Cereals,Wheat,Other,Non-FAQ,"2,000.00","2,500.00","2,300.00",Rs./Quintal,1.50,Metric Tonnes,17-07-2026
Maharashtra,Ahilyanagar,Karjat(Rashin) APMC,Cereals,Wheat,Other,FAQ,"2,700.00","3,000.00","2,700.00",Rs./Quintal,0.80,Metric Tonnes,17-02-2026
Maharashtra,Ahilyanagar,Karjat(Rashin) APMC,Cereals,Wheat,Other,FAQ,"2,700.00","2,700.00","2,700.00",Rs./Quintal,0.40,Metric Tonnes,16-11-2025
Maharashtra,Ahilyanagar,Karjat(Rashin) APMC,Cereals,Wheat,Other,Non-FAQ,"2,000.00","2,000.00","2,000.00",Rs./Quintal,0.20,Metric Tonnes,16-11-2025
Maharashtra,Ahilyanagar,Karjat(Rashin) APMC,Cereals,Wheat,Other,Non-FAQ,"2,400.00","2,400.00","2,400.00",Rs./Quintal,0.60,Metric Tonnes,16-08-2026
Maharashtra,Ahilyanagar,Karjat(Rashin) APMC,Cereals,Wheat,Other,FAQ,"2,600.00","2,600.00","2,600.00",Rs./Quintal,4.80,Metric Tonnes,15-03-2026
Maharashtra,Ahilyanagar,Karjat(Rashin) APMC,Cereals,Wheat,Other,Non-FAQ,"2,000.00","2,420.00","2,300.00",Rs./Quintal,5.20,Metric Tonnes,15-03-2026
Maharashtra,Ahilyanagar,Karjat(Rashin) APMC,Cereals,Wheat,Other,FAQ,"2,500.00","2,800.00","2,500.00",Rs./Quintal,1.00,Metric Tonnes,15-01-2026
Maharashtra,Ahilyanagar,Karjat(Rashin) APMC,Cereals,Wheat,Other,Non-FAQ,"2,200.00","2,200.00","2,200.00",Rs./Quintal,0.30,Metric Tonnes,15-01-2026
Maharashtra,Ahilyanagar,Karjat(Rashin) APMC,Cereals,Wheat,Other,Non-FAQ,"2,000.00","2,500.00","2,300.00",Rs./Quintal,1.40,Metric Tonnes,14-07-2026
Maharashtra,Ahilyanagar,Karjat(Rashin) APMC,Cereals,Wheat,Other,Non-FAQ,"2,200.00","2,400.00","2,300.00",Rs./Quintal,2.20,Metric Tonnes,14-04-2026
Maharashtra,Ahilyanagar,Karjat(Rashin) APMC,Cereals,Wheat,Other,Non-FAQ,"2,200.00","2,400.00","2,300.00",Rs./Quintal,1.50,Metric Tonnes,13-05-2026
Maharashtra,Ahilyanagar,Karjat(Rashin) APMC,Cereals,Wheat,Other,FAQ,"3,000.00","3,000.00","3,000.00",Rs./Quintal,0.10,Metric Tonnes,13-02-2026
Maharashtra,Ahilyanagar,Karjat(Rashin) APMC,Cereals,Wheat,Other,FAQ,"2,800.00","2,800.00","2,800.00",Rs./Quintal,0.50,Metric Tonnes,13-01-2026
Maharashtra,Ahilyanagar,Karjat(Rashin) APMC,Cereals,Wheat,Other,Non-FAQ,"2,000.00","2,000.00","2,000.00",Rs./Quintal,0.20,Metric Tonnes,13-01-2026
Maharashtra,Ahilyanagar,Karjat(Rashin) APMC,Cereals,Wheat,Other,Non-FAQ,"2,300.00","2,300.00","2,300.00",Rs./Quintal,0.30,Metric Tonnes,12-07-2026
Maharashtra,Ahilyanagar,Karjat(Rashin) APMC,Cereals,Wheat,Other,Non-FAQ,"2,300.00","2,300.00","2,300.00",Rs./Quintal,0.10,Metric Tonnes,12-04-2026
Maharashtra,Ahilyanagar,Karjat(Rashin) APMC,Cereals,Wheat,Other,FAQ,"2,585.00","2,600.00","2,590.00",Rs./Quintal,1.20,Metric Tonnes,11-08-2026
Maharashtra,Ahilyanagar,Karjat(Rashin) APMC,Cereals,Wheat,Other,Non-FAQ,"2,200.00","2,500.00","2,300.00",Rs./Quintal,1.20,Metric Tonnes,11-06-2026
Maharashtra,Ahilyanagar,Karjat(Rashin) APMC,Cereals,Wheat,Other,Non-FAQ,"2,000.00","2,000.00","2,000.00",Rs./Quintal,0.10,Metric Tonnes,11-01-2026
Maharashtra,Ahilyanagar,Karjat(Rashin) APMC,Cereals,Wheat,Other,Non-FAQ,"2,200.00","2,500.00","2,300.00",Rs./Quintal,2.40,Metric Tonnes,10-07-2026
Maharashtra,Ahilyanagar,Karjat(Rashin) APMC,Cereals,Wheat,Other,FAQ,"2,500.00","3,000.00","2,500.00",Rs./Quintal,0.50,Metric Tonnes,10-02-2026
Maharashtra,Ahilyanagar,Karjat(Rashin) APMC,Cereals,Wheat,Other,FAQ,"2,500.00","2,800.00","2,500.00",Rs./Quintal,1.70,Metric Tonnes,09-12-2025
Maharashtra,Ahilyanagar,Karjat(Rashin) APMC,Cereals,Wheat,Other,Non-FAQ,"2,000.00","2,000.00","2,000.00",Rs./Quintal,0.30,Metric Tonnes,09-12-2025
Maharashtra,Ahilyanagar,Karjat(Rashin) APMC,Cereals,Wheat,Other,Non-FAQ,"2,300.00","2,300.00","2,300.00",Rs./Quintal,0.40,Metric Tonnes,09-07-2026
Maharashtra,Ahilyanagar,Karjat(Rashin) APMC,Cereals,Wheat,Other,Non-FAQ,"2,200.00","2,500.00","2,400.00",Rs./Quintal,2.60,Metric Tonnes,09-06-2026
Maharashtra,Ahilyanagar,Karjat(Rashin) APMC,Cereals,Wheat,Other,FAQ,"2,500.00","2,500.00","2,500.00",Rs./Quintal,0.20,Metric Tonnes,09-01-2026
Maharashtra,Ahilyanagar,Karjat(Rashin) APMC,Cereals,Wheat,Other,FAQ,"2,500.00","2,800.00","2,500.00",Rs./Quintal,1.50,Metric Tonnes,08-03-2026
Maharashtra,Ahilyanagar,Karjat(Rashin) APMC,Cereals,Wheat,Other,Non-FAQ,"2,000.00","2,000.00","2,000.00",Rs./Quintal,0.60,Metric Tonnes,08-03-2026
Maharashtra,Ahilyanagar,Karjat(Rashin) APMC,Cereals,Wheat,Other,Non-FAQ,"2,000.00","2,400.00","2,300.00",Rs./Quintal,6.20,Metric Tonnes,07-04-2026
Maharashtra,Ahilyanagar,Karjat(Rashin) APMC,Cereals,Wheat,Other,FAQ,"2,800.00","2,800.00","2,800.00",Rs./Quintal,0.40,Metric Tonnes,06-02-2026
Maharashtra,Ahilyanagar,Karjat(Rashin) APMC,Cereals,Wheat,Other,Non-FAQ,"2,200.00","2,500.00","2,300.00",Rs./Quintal,1.20,Metric Tonnes,05-06-2026
Maharashtra,Ahilyanagar,Karjat(Rashin) APMC,Cereals,Wheat,Other,Non-FAQ,"2,400.00","2,400.00","2,400.00",Rs./Quintal,0.30,Metric Tonnes,05-05-2026
Maharashtra,Ahilyanagar,Karjat(Rashin) APMC,Cereals,Wheat,Other,Non-FAQ,"2,300.00","2,300.00","2,300.00",Rs./Quintal,0.20,Metric Tonnes,05-04-2026
Maharashtra,Ahilyanagar,Karjat(Rashin) APMC,Cereals,Wheat,Other,FAQ,"2,700.00","2,700.00","2,700.00",Rs./Quintal,0.20,Metric Tonnes,04-01-2026
Maharashtra,Ahilyanagar,Karjat(Rashin) APMC,Cereals,Wheat,Other,Non-FAQ,"2,200.00","2,400.00","2,300.00",Rs./Quintal,3.50,Metric Tonnes,03-06-2026
Maharashtra,Ahilyanagar,Karjat(Rashin) APMC,Cereals,Wheat,Other,FAQ,"2,500.00","2,800.00","2,600.00",Rs./Quintal,2.80,Metric Tonnes,03-03-2026
Maharashtra,Ahilyanagar,Karjat(Rashin) APMC,Cereals,Wheat,Other,FAQ,"2,500.00","2,700.00","2,500.00",Rs./Quintal,0.60,Metric Tonnes,03-02-2026
Maharashtra,Ahilyanagar,Karjat(Rashin) APMC,Cereals,Wheat,Other,FAQ,"2,500.00","2,900.00","2,500.00",Rs./Quintal,2.40,Metric Tonnes,02-12-2025
Maharashtra,Ahilyanagar,Karjat(Rashin) APMC,Cereals,Wheat,Other,Non-FAQ,"2,300.00","2,300.00","2,300.00",Rs./Quintal,0.50,Metric Tonnes,02-12-2025
Maharashtra,Ahilyanagar,Karjat(Rashin) APMC,Cereals,Wheat,Other,Non-FAQ,"2,000.00","2,500.00","2,350.00",Rs./Quintal,3.10,Metric Tonnes,02-08-2026
Maharashtra,Ahilyanagar,Karjat(Rashin) APMC,Cereals,Wheat,Other,Non-FAQ,"2,200.00","2,200.00","2,200.00",Rs./Quintal,0.50,Metric Tonnes,02-04-2026
Maharashtra,Ahilyanagar,Karjat(Rashin) APMC,Cereals,Wheat,Other,FAQ,"2,500.00","2,700.00","2,500.00",Rs./Quintal,1.70,Metric Tonnes,01-03-2026
Maharashtra,Ahilyanagar,Kopargaon APMC,Cereals,Wheat,Other,FAQ,"2,550.00","2,952.00","2,731.00",Rs./Quintal,3.10,Metric Tonnes,31-12-2025
Maharashtra,Ahilyanagar,Kopargaon APMC,Cereals,Wheat,Other,FAQ,"2,590.00","2,678.00","2,610.00",Rs./Quintal,1.50,Metric Tonnes,31-07-2026
Maharashtra,Ahilyanagar,Kopargaon APMC,Cereals,Wheat,Other,FAQ,"2,425.00","2,600.00","2,541.00",Rs./Quintal,7.70,Metric Tonnes,31-01-2026
Maharashtra,Ahilyanagar,Kopargaon APMC,Cereals,Wheat,Other,FAQ,"2,450.00","2,771.00","2,550.00",Rs./Quintal,6.00,Metric Tonnes,30-12-2025
Maharashtra,Ahilyanagar,Kopargaon APMC,Cereals,Wheat,Other,FAQ,"2,641.00","2,726.00","2,680.00",Rs./Quintal,7.00,Metric Tonnes,30-07-2026
Maharashtra,Ahilyanagar,Kopargaon APMC,Cereals,Wheat,Other,Non-FAQ,"2,479.00","2,580.00","2,533.00",Rs./Quintal,11.50,Metric Tonnes,30-06-2026
Maharashtra,Ahilyanagar,Kopargaon APMC,Cereals,Wheat,Other,Non-FAQ,"2,250.00","2,441.00","2,311.00",Rs./Quintal,19.00,Metric Tonnes,30-05-2026
Maharashtra,Ahilyanagar,Kopargaon APMC,Cereals,Wheat,Other,Non-FAQ,"2,325.00","2,409.00","2,406.00",Rs./Quintal,10.50,Metric Tonnes,30-04-2026
Maharashtra,Ahilyanagar,Kopargaon APMC,Cereals,Wheat,Other,FAQ,"2,524.00","2,571.00","2,550.00",Rs./Quintal,3.40,Metric Tonnes,30-01-2026
Maharashtra,Ahilyanagar,Kopargaon APMC,Cereals,Wheat,Other,FAQ,"2,651.00","2,830.00","2,700.00",Rs./Quintal,3.80,Metric Tonnes,29-12-2025
Maharashtra,Ahilyanagar,Kopargaon APMC,Cereals,Wheat,Other,Non-FAQ,"2,423.00","2,490.00","2,475.00",Rs./Quintal,4.80,Metric Tonnes,29-06-2026
Maharashtra,Ahilyanagar,Kopargaon APMC,Cereals,Wheat,Other,Non-FAQ,"2,250.00","2,400.00","2,307.00",Rs./Quintal,19.40,Metric Tonnes,29-05-2026
Maharashtra,Ahilyanagar,Kopargaon APMC,Cereals,Wheat,Other,Non-FAQ,"2,321.00","2,451.00","2,411.00",Rs./Quintal,10.80,Metric Tonnes,29-04-2026
Maharashtra,Ahilyanagar,Kopargaon APMC,Cereals,Wheat,Other,FAQ,"2,510.00","2,600.00","2,540.00",Rs./Quintal,1.20,Metric Tonnes,29-01-2026
Maharashtra,Ahilyanagar,Kopargaon APMC,Cereals,Wheat,Other,FAQ,"2,425.00","2,595.00","2,450.00",Rs./Quintal,1.70,Metric Tonnes,28-11-2025
Maharashtra,Ahilyanagar,Kopargaon APMC,Cereals,Wheat,Other,FAQ,"2,585.00","2,666.00","2,601.00",Rs./Quintal,2.50,Metric Tonnes,28-07-2026
Maharashtra,Ahilyanagar,Kopargaon APMC,Cereals,Wheat,Other,Non-FAQ,"2,275.00","2,407.00","2,300.00",Rs./Quintal,20.60,Metric Tonnes,28-05-2026
Maharashtra,Ahilyanagar,Kopargaon APMC,Cereals,Wheat,Other,Non-FAQ,"2,222.00","2,451.00","2,301.00",Rs./Quintal,23.40,Metric Tonnes,28-04-2026
Maharashtra,Ahilyanagar,Kopargaon APMC,Cereals,Wheat,Other,Non-FAQ,"1,837.00","2,300.00","2,109.00",Rs./Quintal,61.30,Metric Tonnes,28-03-2026
Maharashtra,Ahilyanagar,Kopargaon APMC,Cereals,Wheat,Other,FAQ,"2,430.00","2,525.00","2,475.00",Rs./Quintal,15.00,Metric Tonnes,28-02-2026
Maharashtra,Ahilyanagar,Kopargaon APMC,Cereals,Wheat,Other,FAQ,"2,425.00","2,772.00","2,600.00",Rs./Quintal,9.90,Metric Tonnes,28-01-2026
Maharashtra,Ahilyanagar,Kopargaon APMC,Cereals,Wheat,Other,FAQ,"2,425.00","2,848.00","2,712.00",Rs./Quintal,5.80,Metric Tonnes,27-12-2025
Maharashtra,Ahilyanagar,Kopargaon APMC,Cereals,Wheat,Other,FAQ,"2,425.00","2,600.00","2,550.00",Rs./Quintal,7.40,Metric Tonnes,27-11-2025
Maharashtra,Ahilyanagar,Kopargaon APMC,Cereals,Wheat,Other,FAQ,"2,588.00","2,637.00","2,600.00",Rs./Quintal,9.70,Metric Tonnes,27-07-2026
Maharashtra,Ahilyanagar,Kopargaon APMC,Cereals,Wheat,Other,Non-FAQ,"2,397.00","2,459.00","2,431.00",Rs./Quintal,6.00,Metric Tonnes,27-06-2026
Maharashtra,Ahilyanagar,Kopargaon APMC,Cereals,Wheat,Other,Non-FAQ,"2,170.00","2,378.00","2,261.00",Rs./Quintal,20.10,Metric Tonnes,27-04-2026
Maharashtra,Ahilyanagar,Kopargaon APMC,Cereals,Wheat,Other,Non-FAQ,"2,150.00","2,350.00","2,250.00",Rs./Quintal,89.90,Metric Tonnes,27-03-2026
Maharashtra,Ahilyanagar,Kopargaon APMC,Cereals,Wheat,Other,FAQ,"2,425.00","2,575.00","2,490.00",Rs./Quintal,9.00,Metric Tonnes,27-02-2026
Maharashtra,Ahilyanagar,Kopargaon APMC,Cereals,Wheat,Other,FAQ,"2,561.00","2,739.00","2,660.00",Rs./Quintal,5.10,Metric Tonnes,27-01-2026
Maharashtra,Ahilyanagar,Kopargaon APMC,Cereals,Wheat,Other,FAQ,"2,477.00","2,880.00","2,702.00",Rs./Quintal,2.80,Metric Tonnes,26-12-2025
Maharashtra,Ahilyanagar,Kopargaon APMC,Cereals,Wheat,Other,FAQ,"2,425.00","2,590.00","2,530.00",Rs./Quintal,3.90,Metric Tonnes,26-11-2025
Maharashtra,Ahilyanagar,Kopargaon APMC,Cereals,Wheat,Other,Non-FAQ,"2,300.00","2,399.00","2,360.00",Rs./Quintal,24.10,Metric Tonnes,26-05-2026
Maharashtra,Ahilyanagar,Kopargaon APMC,Cereals,Wheat,Other,Non-FAQ,"2,299.00","2,420.00","2,310.00",Rs./Quintal,11.00,Metric Tonnes,26-02-2026
Maharashtra,Ahilyanagar,Kopargaon APMC,Cereals,Wheat,Other,FAQ,"2,481.00","2,640.00","2,511.00",Rs./Quintal,1.50,Metric Tonnes,25-11-2025
Maharashtra,Ahilyanagar,Kopargaon APMC,Cereals,Wheat,Other,Non-FAQ,"2,491.00","2,565.00","2,530.00",Rs./Quintal,10.50,Metric Tonnes,25-06-2026
Maharashtra,Ahilyanagar,Kopargaon APMC,Cereals,Wheat,Other,Non-FAQ,"2,190.00","2,420.00","2,350.00",Rs./Quintal,10.20,Metric Tonnes,25-05-2026
Maharashtra,Ahilyanagar,Kopargaon APMC,Cereals,Wheat,Other,Non-FAQ,"2,160.00","2,360.00","2,250.00",Rs./Quintal,71.00,Metric Tonnes,25-03-2026
Maharashtra,Ahilyanagar,Kopargaon APMC,Cereals,Wheat,Other,Non-FAQ,"2,330.00","2,401.00","2,391.00",Rs./Quintal,4.00,Metric Tonnes,25-02-2026
Maharashtra,Ahilyanagar,Kopargaon APMC,Cereals,Wheat,Other,FAQ,"2,450.00","2,816.00","2,626.00",Rs./Quintal,2.60,Metric Tonnes,24-12-2025
Maharashtra,Ahilyanagar,Kopargaon APMC,Cereals,Wheat,Other,FAQ,"2,470.00","2,612.00","2,504.00",Rs./Quintal,1.70,Metric Tonnes,24-11-2025
Maharashtra,Ahilyanagar,Kopargaon APMC,Cereals,Wheat,Other,FAQ,"2,620.00","2,661.00","2,650.00",Rs./Quintal,11.10,Metric Tonnes,24-07-2026
Maharashtra,Ahilyanagar,Kopargaon APMC,Cereals,Wheat,Other,Non-FAQ,"2,340.00","2,476.00","2,350.00",Rs./Quintal,10.00,Metric Tonnes,24-06-2026
Maharashtra,Ahilyanagar,Kopargaon APMC,Cereals,Wheat,Other,Non-FAQ,"2,252.00","2,401.00","2,305.00",Rs./Quintal,15.40,Metric Tonnes,24-04-2026
Maharashtra,Ahilyanagar,Kopargaon APMC,Cereals,Wheat,Other,Non-FAQ,"2,180.00","2,340.00","2,270.00",Rs./Quintal,61.00,Metric Tonnes,24-03-2026
Maharashtra,Ahilyanagar,Kopargaon APMC,Cereals,Wheat,Other,Non-FAQ,"2,328.00","2,420.00","2,350.00",Rs./Quintal,11.60,Metric Tonnes,24-02-2026
Maharashtra,Ahilyanagar,Kopargaon APMC,Cereals,Wheat,Other,FAQ,"2,425.00","2,626.00","2,608.00",Rs./Quintal,5.80,Metric Tonnes,24-01-2026
Maharashtra,Ahilyanagar,Kopargaon APMC,Cereals,Wheat,Other,FAQ,"2,500.00","2,913.00","2,711.00",Rs./Quintal,2.40,Metric Tonnes,23-12-2025
Maharashtra,Ahilyanagar,Kopargaon APMC,Cereals,Wheat,Other,FAQ,"2,590.00","2,659.00","2,639.00",Rs./Quintal,10.00,Metric Tonnes,23-07-2026
Maharashtra,Ahilyanagar,Kopargaon APMC,Cereals,Wheat,Other,Non-FAQ,"2,384.00","2,477.00","2,440.00",Rs./Quintal,7.50,Metric Tonnes,23-06-2026
Maharashtra,Ahilyanagar,Kopargaon APMC,Cereals,Wheat,Other,Non-FAQ,"2,082.00","2,400.00","2,308.00",Rs./Quintal,21.50,Metric Tonnes,23-05-2026
Maharashtra,Ahilyanagar,Kopargaon APMC,Cereals,Wheat,Other,Non-FAQ,"2,200.00","2,390.00","2,321.00",Rs./Quintal,35.10,Metric Tonnes,23-04-2026
Maharashtra,Ahilyanagar,Kopargaon APMC,Cereals,Wheat,Other,Non-FAQ,"2,000.00","2,359.00","2,250.00",Rs./Quintal,19.00,Metric Tonnes,23-03-2026
Maharashtra,Ahilyanagar,Kopargaon APMC,Cereals,Wheat,Other,Non-FAQ,"2,212.00","2,420.00","2,336.00",Rs./Quintal,4.40,Metric Tonnes,23-02-2026
Maharashtra,Ahilyanagar,Kopargaon APMC,Cereals,Wheat,Other,FAQ,"2,500.00","2,600.00","2,550.00",Rs./Quintal,6.60,Metric Tonnes,23-01-2026
Maharashtra,Ahilyanagar,Kopargaon APMC,Cereals,Wheat,Other,FAQ,"2,450.00","2,771.00","2,585.00",Rs./Quintal,0.60,Metric Tonnes,22-12-2025
Maharashtra,Ahilyanagar,Kopargaon APMC,Cereals,Wheat,Other,FAQ,"2,491.00","2,575.00","2,525.00",Rs./Quintal,2.00,Metric Tonnes,22-11-2025
Maharashtra,Ahilyanagar,Kopargaon APMC,Cereals,Wheat,Other,FAQ,"2,641.00","2,644.00","2,641.00",Rs./Quintal,3.30,Metric Tonnes,22-07-2026
Maharashtra,Ahilyanagar,Kopargaon APMC,Cereals,Wheat,Other,Non-FAQ,"2,354.00","2,514.00","2,458.00",Rs./Quintal,7.10,Metric Tonnes,22-06-2026
Maharashtra,Ahilyanagar,Kopargaon APMC,Cereals,Wheat,Other,Non-FAQ,"2,300.00","2,441.00","2,340.00",Rs./Quintal,23.50,Metric Tonnes,22-05-2026
Maharashtra,Ahilyanagar,Kopargaon APMC,Cereals,Wheat,Other,Non-FAQ,"2,211.00","2,451.00","2,327.00",Rs./Quintal,25.40,Metric Tonnes,22-04-2026
Maharashtra,Ahilyanagar,Kopargaon APMC,Cereals,Wheat,Other,FAQ,"2,425.00","2,750.00","2,650.00",Rs./Quintal,3.10,Metric Tonnes,22-01-2026
Maharashtra,Ahilyanagar,Kopargaon APMC,Cereals,Wheat,Other,FAQ,"2,448.00","2,711.00","2,545.00",Rs./Quintal,4.20,Metric Tonnes,21-11-2025
Maharashtra,Ahilyanagar,Kopargaon APMC,Cereals,Wheat,Other,FAQ,"2,585.00","2,665.00","2,635.00",Rs./Quintal,12.70,Metric Tonnes,21-08-2026
Maharashtra,Ahilyanagar,Kopargaon APMC,Cereals,Wheat,Other,FAQ,"2,585.00","2,661.00","2,600.00",Rs./Quintal,17.00,Metric Tonnes,21-07-2026
Maharashtra,Ahilyanagar,Kopargaon APMC,Cereals,Wheat,Other,Non-FAQ,"2,320.00","2,470.00","2,399.00",Rs./Quintal,22.70,Metric Tonnes,21-05-2026
Maharashtra,Ahilyanagar,Kopargaon APMC,Cereals,Wheat,Other,Non-FAQ,"2,125.00","2,342.00","2,220.00",Rs./Quintal,43.00,Metric Tonnes,21-04-2026
Maharashtra,Ahilyanagar,Kopargaon APMC,Cereals,Wheat,Other,Non-FAQ,"2,250.00","2,420.00","2,345.00",Rs./Quintal,9.00,Metric Tonnes,21-02-2026
Maharashtra,Ahilyanagar,Kopargaon APMC,Cereals,Wheat,Other,FAQ,"2,626.00","2,815.00","2,651.00",Rs./Quintal,3.50,Metric Tonnes,21-01-2026
Maharashtra,Ahilyanagar,Kopargaon APMC,Cereals,Wheat,Other,FAQ,"2,450.00","2,711.00","2,625.00",Rs./Quintal,4.80,Metric Tonnes,20-11-2025
Maharashtra,Ahilyanagar,Kopargaon APMC,Cereals,Wheat,Other,FAQ,"2,591.00","2,699.00","2,674.00",Rs./Quintal,9.40,Metric Tonnes,20-08-2026
Maharashtra,Ahilyanagar,Kopargaon APMC,Cereals,Wheat,Other,FAQ,"2,590.00","2,636.00","2,601.00",Rs./Quintal,3.20,Metric Tonnes,20-07-2026
Maharashtra,Ahilyanagar,Kopargaon APMC,Cereals,Wheat,Other,Non-FAQ,"2,376.00","2,488.00","2,426.00",Rs./Quintal,18.00,Metric Tonnes,20-06-2026
Maharashtra,Ahilyanagar,Kopargaon APMC,Cereals,Wheat,Other,Non-FAQ,"2,184.00","2,466.00","2,311.00",Rs./Quintal,35.00,Metric Tonnes,20-05-2026
Maharashtra,Ahilyanagar,Kopargaon APMC,Cereals,Wheat,Other,Non-FAQ,"2,100.00","2,400.00","2,250.00",Rs./Quintal,27.60,Metric Tonnes,20-04-2026
Maharashtra,Ahilyanagar,Kopargaon APMC,Cereals,Wheat,Other,Non-FAQ,"2,000.00","2,258.00","2,152.00",Rs./Quintal,77.70,Metric Tonnes,20-03-2026
Maharashtra,Ahilyanagar,Kopargaon APMC,Cereals,Wheat,Other,FAQ,"2,425.00","2,500.00","2,440.00",Rs./Quintal,8.00,Metric Tonnes,20-02-2026
Maharashtra,Ahilyanagar,Kopargaon APMC,Cereals,Wheat,Other,FAQ,"2,626.00","2,751.00","2,650.00",Rs./Quintal,10.80,Metric Tonnes,20-01-2026
Maharashtra,Ahilyanagar,Kopargaon APMC,Cereals,Wheat,Other,FAQ,"2,501.00","2,771.00","2,660.00",Rs./Quintal,5.80,Metric Tonnes,19-12-2025
Maharashtra,Ahilyanagar,Kopargaon APMC,Cereals,Wheat,Other,FAQ,"2,425.00","2,781.00","2,650.00",Rs./Quintal,4.40,Metric Tonnes,19-11-2025
Maharashtra,Ahilyanagar,Kopargaon APMC,Cereals,Wheat,Other,FAQ,"2,585.00","2,699.00","2,677.00",Rs./Quintal,12.30,Metric Tonnes,19-08-2026
Maharashtra,Ahilyanagar,Kopargaon APMC,Cereals,Wheat,Other,Non-FAQ,"2,271.00","2,425.00","2,370.00",Rs./Quintal,6.10,Metric Tonnes,19-06-2026
Maharashtra,Ahilyanagar,Kopargaon APMC,Cereals,Wheat,Other,Non-FAQ,"2,323.00","2,459.00","2,413.00",Rs./Quintal,23.90,Metric Tonnes,19-05-2026
Maharashtra,Ahilyanagar,Kopargaon APMC,Cereals,Wheat,Other,FAQ,"2,616.00","2,636.00","2,625.00",Rs./Quintal,4.30,Metric Tonnes,19-01-2026
Maharashtra,Ahilyanagar,Kopargaon APMC,Cereals,Wheat,Other,FAQ,"2,576.00","2,861.00","2,712.00",Rs./Quintal,3.50,Metric Tonnes,18-12-2025
Maharashtra,Ahilyanagar,Kopargaon APMC,Cereals,Wheat,Other,FAQ,"2,425.00","2,651.00","2,575.00",Rs./Quintal,1.70,Metric Tonnes,18-11-2025
Maharashtra,Ahilyanagar,Kopargaon APMC,Cereals,Wheat,Other,FAQ,"2,618.00","2,699.00","2,681.00",Rs./Quintal,9.20,Metric Tonnes,18-08-2026
Maharashtra,Ahilyanagar,Kopargaon APMC,Cereals,Wheat,Other,FAQ,"2,585.00","2,681.00","2,599.00",Rs./Quintal,8.60,Metric Tonnes,18-07-2026
Maharashtra,Ahilyanagar,Kopargaon APMC,Cereals,Wheat,Other,Non-FAQ,"2,376.00","2,441.00","2,430.00",Rs./Quintal,20.00,Metric Tonnes,18-06-2026
Maharashtra,Ahilyanagar,Kopargaon APMC,Cereals,Wheat,Other,Non-FAQ,"2,165.00","2,500.00","2,390.00",Rs./Quintal,14.30,Metric Tonnes,18-05-2026
Maharashtra,Ahilyanagar,Kopargaon APMC,Cereals,Wheat,Other,Non-FAQ,"2,132.00","2,439.00","2,300.00",Rs./Quintal,76.70,Metric Tonnes,18-04-2026
Maharashtra,Ahilyanagar,Kopargaon APMC,Cereals,Wheat,Other,Non-FAQ,"2,000.00","2,400.00","2,202.00",Rs./Quintal,68.20,Metric Tonnes,18-03-2026
Maharashtra,Ahilyanagar,Kopargaon APMC,Cereals,Wheat,Other,FAQ,"2,430.00","2,599.00","2,526.00",Rs./Quintal,12.00,Metric Tonnes,18-02-2026
Maharashtra,Ahilyanagar,Kopargaon APMC,Cereals,Wheat,Other,FAQ,"2,535.00","2,813.00","2,700.00",Rs./Quintal,3.20,Metric Tonnes,17-12-2025
Maharashtra,Ahilyanagar,Kopargaon APMC,Cereals,Wheat,Other,FAQ,"2,425.00","2,770.00","2,590.00",Rs./Quintal,3.90,Metric Tonnes,17-11-2025
Maharashtra,Ahilyanagar,Kopargaon APMC,Cereals,Wheat,Other,FAQ,"2,586.00","2,719.00","2,650.00",Rs./Quintal,2.50,Metric Tonnes,17-08-2026
Maharashtra,Ahilyanagar,Kopargaon APMC,Cereals,Wheat,Other,FAQ,"2,585.00","2,611.00","2,585.00",Rs./Quintal,10.60,Metric Tonnes,17-07-2026
Maharashtra,Ahilyanagar,Kopargaon APMC,Cereals,Wheat,Other,Non-FAQ,"2,341.00","2,441.00","2,360.00",Rs./Quintal,12.00,Metric Tonnes,17-06-2026
Maharashtra,Ahilyanagar,Kopargaon APMC,Cereals,Wheat,Other,Non-FAQ,"2,100.00","2,311.00","2,226.00",Rs./Quintal,60.90,Metric Tonnes,17-04-2026
Maharashtra,Ahilyanagar,Kopargaon APMC,Cereals,Wheat,Other,Non-FAQ,"2,000.00","2,250.00","2,160.00",Rs./Quintal,54.60,Metric Tonnes,17-03-2026
Maharashtra,Ahilyanagar,Kopargaon APMC,Cereals,Wheat,Other,FAQ,"2,435.00","2,590.00","2,550.00",Rs./Quintal,6.40,Metric Tonnes,17-02-2026
Maharashtra,Ahilyanagar,Kopargaon APMC,Cereals,Wheat,Other,FAQ,"2,550.00","2,775.00","2,640.00",Rs./Quintal,5.40,Metric Tonnes,17-01-2026
Maharashtra,Ahilyanagar,Kopargaon APMC,Cereals,Wheat,Other,FAQ,"2,510.00","2,828.00","2,699.00",Rs./Quintal,2.80,Metric Tonnes,16-12-2025
Maharashtra,Ahilyanagar,Kopargaon APMC,Cereals,Wheat,Other,FAQ,"2,585.00","2,631.00","2,591.00",Rs./Quintal,20.00,Metric Tonnes,16-07-2026
Maharashtra,Ahilyanagar,Kopargaon APMC,Cereals,Wheat,Other,Non-FAQ,"2,270.00","2,375.00","2,343.00",Rs./Quintal,8.00,Metric Tonnes,16-06-2026
Maharashtra,Ahilyanagar,Kopargaon APMC,Cereals,Wheat,Other,Non-FAQ,"2,340.00","2,435.00","2,401.00",Rs./Quintal,16.10,Metric Tonnes,16-05-2026
Maharashtra,Ahilyanagar,Kopargaon APMC,Cereals,Wheat,Other,Non-FAQ,"2,073.00","2,322.00","2,221.00",Rs./Quintal,73.10,Metric Tonnes,16-04-2026
Maharashtra,Ahilyanagar,Kopargaon APMC,Cereals,Wheat,Other,Non-FAQ,"2,140.00","2,309.00","2,230.00",Rs./Quintal,44.70,Metric Tonnes,16-03-2026
Maharashtra,Ahilyanagar,Kopargaon APMC,Cereals,Wheat,Other,Non-FAQ,"2,300.00","2,374.00","2,311.00",Rs./Quintal,3.00,Metric Tonnes,16-02-2026
Maharashtra,Ahilyanagar,Kopargaon APMC,Cereals,Wheat,Other,FAQ,"2,541.00","2,775.00","2,650.00",Rs./Quintal,4.50,Metric Tonnes,16-01-2026
Maharashtra,Ahilyanagar,Kopargaon APMC,Cereals,Wheat,Other,FAQ,"2,536.00","2,850.00","2,651.00",Rs./Quintal,3.10,Metric Tonnes,15-12-2025
Maharashtra,Ahilyanagar,Kopargaon APMC,Cereals,Wheat,Other,FAQ,"2,425.00","2,486.00","2,470.00",Rs./Quintal,1.30,Metric Tonnes,15-11-2025
Maharashtra,Ahilyanagar,Kopargaon APMC,Cereals,Wheat,Other,FAQ,"2,585.00","2,646.00","2,590.00",Rs./Quintal,35.00,Metric Tonnes,15-07-2026
Maharashtra,Ahilyanagar,Kopargaon APMC,Cereals,Wheat,Other,Non-FAQ,"2,270.00","2,355.00","2,299.00",Rs./Quintal,6.30,Metric Tonnes,15-06-2026
Maharashtra,Ahilyanagar,Kopargaon APMC,Cereals,Wheat,Other,Non-FAQ,"2,275.00","2,500.00","2,400.00",Rs./Quintal,22.30,Metric Tonnes,15-05-2026
Maharashtra,Ahilyanagar,Kopargaon APMC,Cereals,Wheat,Other,Non-FAQ,"2,101.00","2,476.00","2,271.00",Rs./Quintal,116.10,Metric Tonnes,15-04-2026
Maharashtra,Ahilyanagar,Kopargaon APMC,Cereals,Wheat,Other,FAQ,"2,540.00","2,750.00","2,600.00",Rs./Quintal,8.80,Metric Tonnes,15-01-2026
Maharashtra,Ahilyanagar,Kopargaon APMC,Cereals,Wheat,Other,FAQ,"2,611.00","2,711.00","2,630.00",Rs./Quintal,18.80,Metric Tonnes,14-08-2026
Maharashtra,Ahilyanagar,Kopargaon APMC,Cereals,Wheat,Other,FAQ,"2,585.00","2,636.00","2,589.00",Rs./Quintal,18.00,Metric Tonnes,14-07-2026
Maharashtra,Ahilyanagar,Kopargaon APMC,Cereals,Wheat,Other,Non-FAQ,"2,320.00","2,409.00","2,350.00",Rs./Quintal,13.70,Metric Tonnes,14-05-2026
Maharashtra,Ahilyanagar,Kopargaon APMC,Cereals,Wheat,Other,Non-FAQ,"2,141.00","2,360.00","2,243.00",Rs./Quintal,39.20,Metric Tonnes,14-03-2026
Maharashtra,Ahilyanagar,Kopargaon APMC,Cereals,Wheat,Other,FAQ,"2,450.00","2,786.00","2,500.00",Rs./Quintal,11.70,Metric Tonnes,14-02-2026
Maharashtra,Ahilyanagar,Kopargaon APMC,Cereals,Wheat,Other,FAQ,"2,450.00","2,700.00","2,550.00",Rs./Quintal,1.00,Metric Tonnes,13-12-2025
Maharashtra,Ahilyanagar,Kopargaon APMC,Cereals,Wheat,Other,FAQ,"2,425.00","2,550.00","2,500.00",Rs./Quintal,3.40,Metric Tonnes,13-11-2025
Maharashtra,Ahilyanagar,Kopargaon APMC,Cereals,Wheat,Other,FAQ,"2,601.00","2,709.00","2,660.00",Rs./Quintal,21.70,Metric Tonnes,13-08-2026
Maharashtra,Ahilyanagar,Kopargaon APMC,Cereals,Wheat,Other,FAQ,"2,585.00","2,607.00","2,585.00",Rs./Quintal,10.40,Metric Tonnes,13-07-2026
Maharashtra,Ahilyanagar,Kopargaon APMC,Cereals,Wheat,Other,Non-FAQ,"2,251.00","2,341.00","2,330.00",Rs./Quintal,9.10,Metric Tonnes,13-06-2026
Maharashtra,Ahilyanagar,Kopargaon APMC,Cereals,Wheat,Other,Non-FAQ,"2,350.00","2,419.00","2,411.00",Rs./Quintal,20.60,Metric Tonnes,13-05-2026
Maharashtra,Ahilyanagar,Kopargaon APMC,Cereals,Wheat,Other,Non-FAQ,"2,181.00","2,326.00","2,230.00",Rs./Quintal,27.60,Metric Tonnes,13-03-2026
Maharashtra,Ahilyanagar,Kopargaon APMC,Cereals,Wheat,Other,FAQ,"2,425.00","2,550.00","2,470.00",Rs./Quintal,4.40,Metric Tonnes,13-02-2026
Maharashtra,Ahilyanagar,Kopargaon APMC,Cereals,Wheat,Other,FAQ,"2,550.00","2,739.00","2,629.00",Rs./Quintal,2.70,Metric Tonnes,13-01-2026
Maharashtra,Ahilyanagar,Kopargaon APMC,Cereals,Wheat,Other,FAQ,"2,561.00","2,911.00","2,811.00",Rs./Quintal,2.40,Metric Tonnes,12-12-2025
Maharashtra,Ahilyanagar,Kopargaon APMC,Cereals,Wheat,Other,FAQ,"2,475.00","2,875.00","2,700.00",Rs./Quintal,7.20,Metric Tonnes,12-11-2025
Maharashtra,Ahilyanagar,Kopargaon APMC,Cereals,Wheat,Other,FAQ,"2,675.00","2,826.00","2,713.00",Rs./Quintal,17.20,Metric Tonnes,12-08-2026
Maharashtra,Ahilyanagar,Kopargaon APMC,Cereals,Wheat,Other,Non-FAQ,"2,330.00","2,403.00","2,380.00",Rs./Quintal,20.80,Metric Tonnes,12-06-2026
Maharashtra,Ahilyanagar,Kopargaon APMC,Cereals,Wheat,Other,Non-FAQ,"2,350.00","2,435.00","2,414.00",Rs./Quintal,21.00,Metric Tonnes,12-05-2026
Maharashtra,Ahilyanagar,Kopargaon APMC,Cereals,Wheat,Other,Non-FAQ,"2,200.00","2,250.00","2,231.00",Rs./Quintal,33.20,Metric Tonnes,12-03-2026
Maharashtra,Ahilyanagar,Kopargaon APMC,Cereals,Wheat,Other,FAQ,"2,450.00","2,660.00","2,500.00",Rs./Quintal,1.70,Metric Tonnes,12-01-2026
Maharashtra,Ahilyanagar,Kopargaon APMC,Cereals,Wheat,Other,FAQ,"2,550.00","2,831.00","2,767.00",Rs./Quintal,6.30,Metric Tonnes,11-12-2025
Maharashtra,Ahilyanagar,Kopargaon APMC,Cereals,Wheat,Other,FAQ,"2,675.00","2,712.00","2,705.00",Rs./Quintal,6.60,Metric Tonnes,11-08-2026
Maharashtra,Ahilyanagar,Kopargaon APMC,Cereals,Wheat,Other,FAQ,"2,585.00","2,613.00","2,600.00",Rs./Quintal,11.00,Metric Tonnes,11-07-2026
Maharashtra,Ahilyanagar,Kopargaon APMC,Cereals,Wheat,Other,Non-FAQ,"2,300.00","2,425.00","2,404.00",Rs./Quintal,10.60,Metric Tonnes,11-05-2026
Maharashtra,Ahilyanagar,Kopargaon APMC,Cereals,Wheat,Other,Non-FAQ,"2,075.00","2,300.00","2,200.00",Rs./Quintal,93.00,Metric Tonnes,11-04-2026
Maharashtra,Ahilyanagar,Kopargaon APMC,Cereals,Wheat,Other,Non-FAQ,"2,061.00","2,411.00","2,220.00",Rs./Quintal,27.00,Metric Tonnes,11-03-2026
Maharashtra,Ahilyanagar,Kopargaon APMC,Cereals,Wheat,Other,FAQ,"2,425.00","2,600.00","2,540.00",Rs./Quintal,6.60,Metric Tonnes,11-02-2026
Maharashtra,Ahilyanagar,Kopargaon APMC,Cereals,Wheat,Other,FAQ,"2,525.00","2,650.00","2,631.00",Rs./Quintal,4.10,Metric Tonnes,10-12-2025
Maharashtra,Ahilyanagar,Kopargaon APMC,Cereals,Wheat,Other,FAQ,"2,586.00","2,726.00","2,670.00",Rs./Quintal,13.30,Metric Tonnes,10-08-2026
Maharashtra,Ahilyanagar,Kopargaon APMC,Cereals,Wheat,Other,Non-FAQ,"2,554.00","2,580.00","2,574.00",Rs./Quintal,27.30,Metric Tonnes,10-07-2026
Maharashtra,Ahilyanagar,Kopargaon APMC,Cereals,Wheat,Other,Non-FAQ,"2,300.00","2,350.00","2,331.00",Rs./Quintal,14.00,Metric Tonnes,10-06-2026
Maharashtra,Ahilyanagar,Kopargaon APMC,Cereals,Wheat,Other,Non-FAQ,"2,100.00","2,402.00","2,300.00",Rs./Quintal,95.00,Metric Tonnes,10-04-2026
Maharashtra,Ahilyanagar,Kopargaon APMC,Cereals,Wheat,Other,Non-FAQ,"2,172.00","2,420.00","2,252.00",Rs./Quintal,11.00,Metric Tonnes,10-03-2026
Maharashtra,Ahilyanagar,Kopargaon APMC,Cereals,Wheat,Other,FAQ,"2,469.00","2,650.00","2,500.00",Rs./Quintal,2.00,Metric Tonnes,10-02-2026
Maharashtra,Ahilyanagar,Kopargaon APMC,Cereals,Wheat,Other,FAQ,"2,500.00","2,581.00","2,525.00",Rs./Quintal,0.40,Metric Tonnes,10-01-2026
Maharashtra,Ahilyanagar,Kopargaon APMC,Cereals,Wheat,Other,FAQ,"2,525.00","2,600.00","2,585.00",Rs./Quintal,4.00,Metric Tonnes,09-12-2025
Maharashtra,Ahilyanagar,Kopargaon APMC,Cereals,Wheat,Other,Non-FAQ,"2,560.00","2,580.00","2,580.00",Rs./Quintal,18.00,Metric Tonnes,09-07-2026
Maharashtra,Ahilyanagar,Kopargaon APMC,Cereals,Wheat,Other,Non-FAQ,"2,260.00","2,381.00","2,340.00",Rs./Quintal,21.00,Metric Tonnes,09-06-2026
Maharashtra,Ahilyanagar,Kopargaon APMC,Cereals,Wheat,Other,Non-FAQ,"2,323.00","2,476.00","2,360.00",Rs./Quintal,17.70,Metric Tonnes,09-05-2026
Maharashtra,Ahilyanagar,Kopargaon APMC,Cereals,Wheat,Other,Non-FAQ,"2,113.00","2,441.00","2,311.00",Rs./Quintal,71.50,Metric Tonnes,09-04-2026
Maharashtra,Ahilyanagar,Kopargaon APMC,Cereals,Wheat,Other,Non-FAQ,"2,100.00","2,224.00","2,165.00",Rs./Quintal,15.10,Metric Tonnes,09-03-2026
Maharashtra,Ahilyanagar,Kopargaon APMC,Cereals,Wheat,Other,FAQ,"2,430.00","2,466.00","2,450.00",Rs./Quintal,1.30,Metric Tonnes,09-02-2026
Maharashtra,Ahilyanagar,Kopargaon APMC,Cereals,Wheat,Other,FAQ,"2,450.00","2,771.00","2,606.00",Rs./Quintal,9.70,Metric Tonnes,09-01-2026
Maharashtra,Ahilyanagar,Kopargaon APMC,Cereals,Wheat,Other,FAQ,"2,545.00","2,790.00","2,700.00",Rs./Quintal,5.40,Metric Tonnes,08-12-2025
Maharashtra,Ahilyanagar,Kopargaon APMC,Cereals,Wheat,Other,FAQ,"2,480.00","2,560.00","2,500.00",Rs./Quintal,3.50,Metric Tonnes,08-11-2025
Maharashtra,Ahilyanagar,Kopargaon APMC,Cereals,Wheat,Other,FAQ,"2,585.00","2,712.00","2,675.00",Rs./Quintal,6.80,Metric Tonnes,08-08-2026
Maharashtra,Ahilyanagar,Kopargaon APMC,Cereals,Wheat,Other,Non-FAQ,"2,309.00","2,382.00","2,350.00",Rs./Quintal,12.50,Metric Tonnes,08-06-2026
Maharashtra,Ahilyanagar,Kopargaon APMC,Cereals,Wheat,Other,Non-FAQ,"2,323.00","2,400.00","2,368.00",Rs./Quintal,16.00,Metric Tonnes,08-05-2026
Maharashtra,Ahilyanagar,Kopargaon APMC,Cereals,Wheat,Other,Non-FAQ,"2,039.00","2,351.00","2,200.00",Rs./Quintal,96.30,Metric Tonnes,08-04-2026
Maharashtra,Ahilyanagar,Kopargaon APMC,Cereals,Wheat,Other,FAQ,"2,546.00","2,801.00","2,791.00",Rs./Quintal,5.50,Metric Tonnes,08-01-2026
Maharashtra,Ahilyanagar,Kopargaon APMC,Cereals,Wheat,Other,FAQ,"2,425.00","2,531.00","2,500.00",Rs./Quintal,4.10,Metric Tonnes,07-11-2025
Maharashtra,Ahilyanagar,Kopargaon APMC,Cereals,Wheat,Other,FAQ,"2,588.00","2,705.00","2,670.00",Rs./Quintal,10.40,Metric Tonnes,07-08-2026
Maharashtra,Ahilyanagar,Kopargaon APMC,Cereals,Wheat,Other,Non-FAQ,"2,550.00","2,580.00","2,580.00",Rs./Quintal,3.50,Metric Tonnes,07-07-2026
Maharashtra,Ahilyanagar,Kopargaon APMC,Cereals,Wheat,Other,Non-FAQ,"2,339.00","2,418.00","2,369.00",Rs./Quintal,15.00,Metric Tonnes,07-05-2026
Maharashtra,Ahilyanagar,Kopargaon APMC,Cereals,Wheat,Other,Non-FAQ,"2,350.00","2,500.00","2,401.00",Rs./Quintal,58.90,Metric Tonnes,07-04-2026
Maharashtra,Ahilyanagar,Kopargaon APMC,Cereals,Wheat,Other,Non-FAQ,"2,100.00","2,420.00","2,191.00",Rs./Quintal,3.60,Metric Tonnes,07-03-2026
Maharashtra,Ahilyanagar,Kopargaon APMC,Cereals,Wheat,Other,FAQ,"2,430.00","2,500.00","2,430.00",Rs./Quintal,2.30,Metric Tonnes,07-02-2026
Maharashtra,Ahilyanagar,Kopargaon APMC,Cereals,Wheat,Other,FAQ,"2,576.00","2,849.00","2,609.00",Rs./Quintal,4.90,Metric Tonnes,07-01-2026
Maharashtra,Ahilyanagar,Kopargaon APMC,Cereals,Wheat,Other,FAQ,"2,425.00","2,775.00","2,575.00",Rs./Quintal,5.50,Metric Tonnes,06-12-2025
Maharashtra,Ahilyanagar,Kopargaon APMC,Cereals,Wheat,Other,FAQ,"2,600.00","2,701.00","2,675.00",Rs./Quintal,8.50,Metric Tonnes,06-08-2026
Maharashtra,Ahilyanagar,Kopargaon APMC,Cereals,Wheat,Other,FAQ,"2,587.00","2,631.00","2,595.00",Rs./Quintal,4.10,Metric Tonnes,06-07-2026
Maharashtra,Ahilyanagar,Kopargaon APMC,Cereals,Wheat,Other,Non-FAQ,"2,200.00","2,323.00","2,290.00",Rs./Quintal,6.40,Metric Tonnes,06-06-2026
Maharashtra,Ahilyanagar,Kopargaon APMC,Cereals,Wheat,Other,Non-FAQ,"2,300.00","2,425.00","2,325.00",Rs./Quintal,27.50,Metric Tonnes,06-05-2026
Maharashtra,Ahilyanagar,Kopargaon APMC,Cereals,Wheat,Other,Non-FAQ,"2,076.00","2,441.00","2,220.00",Rs./Quintal,77.50,Metric Tonnes,06-04-2026
Maharashtra,Ahilyanagar,Kopargaon APMC,Cereals,Wheat,Other,Non-FAQ,"1,991.00","2,350.00","2,150.00",Rs./Quintal,13.10,Metric Tonnes,06-03-2026
Maharashtra,Ahilyanagar,Kopargaon APMC,Cereals,Wheat,Other,FAQ,"2,435.00","2,630.00","2,475.00",Rs./Quintal,6.00,Metric Tonnes,06-02-2026
Maharashtra,Ahilyanagar,Kopargaon APMC,Cereals,Wheat,Other,FAQ,"2,575.00","2,851.00","2,719.00",Rs./Quintal,8.10,Metric Tonnes,06-01-2026
Maharashtra,Ahilyanagar,Kopargaon APMC,Cereals,Wheat,Other,FAQ,"2,500.00","2,680.00","2,570.00",Rs./Quintal,1.80,Metric Tonnes,05-12-2025
Maharashtra,Ahilyanagar,Kopargaon APMC,Cereals,Wheat,Other,FAQ,"2,587.00","2,694.00","2,630.00",Rs./Quintal,20.10,Metric Tonnes,05-08-2026
Maharashtra,Ahilyanagar,Kopargaon APMC,Cereals,Wheat,Other,Non-FAQ,"2,219.00","2,350.00","2,290.00",Rs./Quintal,7.30,Metric Tonnes,05-06-2026
Maharashtra,Ahilyanagar,Kopargaon APMC,Cereals,Wheat,Other,Non-FAQ,"2,251.00","2,455.00","2,321.00",Rs./Quintal,35.50,Metric Tonnes,05-05-2026
Maharashtra,Ahilyanagar,Kopargaon APMC,Cereals,Wheat,Other,Non-FAQ,"2,050.00","2,175.00","2,111.00",Rs./Quintal,23.00,Metric Tonnes,05-03-2026
Maharashtra,Ahilyanagar,Kopargaon APMC,Cereals,Wheat,Other,FAQ,"2,471.00","2,564.00","2,550.00",Rs./Quintal,10.90,Metric Tonnes,05-02-2026
Maharashtra,Ahilyanagar,Kopargaon APMC,Cereals,Wheat,Other,FAQ,"2,425.00","2,870.00","2,583.00",Rs./Quintal,4.50,Metric Tonnes,05-01-2026
Maharashtra,Ahilyanagar,Kopargaon APMC,Cereals,Wheat,Other,FAQ,"2,511.00","2,711.00","2,560.00",Rs./Quintal,4.50,Metric Tonnes,04-12-2025
Maharashtra,Ahilyanagar,Kopargaon APMC,Cereals,Wheat,Other,FAQ,"2,585.00","2,700.00","2,675.00",Rs./Quintal,17.70,Metric Tonnes,04-08-2026
Maharashtra,Ahilyanagar,Kopargaon APMC,Cereals,Wheat,Other,Non-FAQ,"2,376.00","2,580.00","2,500.00",Rs./Quintal,7.00,Metric Tonnes,04-07-2026
Maharashtra,Ahilyanagar,Kopargaon APMC,Cereals,Wheat,Other,Non-FAQ,"2,250.00","2,427.00","2,330.00",Rs./Quintal,31.50,Metric Tonnes,04-06-2026
Maharashtra,Ahilyanagar,Kopargaon APMC,Cereals,Wheat,Other,Non-FAQ,"2,122.00","2,422.00","2,390.00",Rs./Quintal,12.50,Metric Tonnes,04-05-2026
Maharashtra,Ahilyanagar,Kopargaon APMC,Cereals,Wheat,Other,Non-FAQ,"2,001.00","2,451.00","2,250.00",Rs./Quintal,36.30,Metric Tonnes,04-04-2026
Maharashtra,Ahilyanagar,Kopargaon APMC,Cereals,Wheat,Other,Non-FAQ,"2,125.00","2,256.00","2,175.00",Rs./Quintal,9.60,Metric Tonnes,04-03-2026
Maharashtra,Ahilyanagar,Kopargaon APMC,Cereals,Wheat,Other,FAQ,"2,499.00","2,600.00","2,560.00",Rs./Quintal,5.10,Metric Tonnes,04-02-2026
Maharashtra,Ahilyanagar,Kopargaon APMC,Cereals,Wheat,Other,FAQ,"2,448.00","2,740.00","2,500.00",Rs./Quintal,3.20,Metric Tonnes,03-12-2025
Maharashtra,Ahilyanagar,Kopargaon APMC,Cereals,Wheat,Other,FAQ,"2,620.00","2,715.00","2,650.00",Rs./Quintal,7.00,Metric Tonnes,03-08-2026
Maharashtra,Ahilyanagar,Kopargaon APMC,Cereals,Wheat,Other,FAQ,"2,590.00","2,775.00","2,590.00",Rs./Quintal,10.50,Metric Tonnes,03-07-2026
Maharashtra,Ahilyanagar,Kopargaon APMC,Cereals,Wheat,Other,Non-FAQ,"2,284.00","2,416.00","2,320.00",Rs./Quintal,22.80,Metric Tonnes,03-06-2026
Maharashtra,Ahilyanagar,Kopargaon APMC,Cereals,Wheat,Other,FAQ,"2,500.00","2,700.00","2,626.00",Rs./Quintal,10.50,Metric Tonnes,03-02-2026
Maharashtra,Ahilyanagar,Kopargaon APMC,Cereals,Wheat,Other,FAQ,"2,426.00","2,700.00","2,591.00",Rs./Quintal,0.60,Metric Tonnes,03-01-2026
Maharashtra,Ahilyanagar,Kopargaon APMC,Cereals,Wheat,Other,FAQ,"2,541.00","2,772.00","2,572.00",Rs./Quintal,2.20,Metric Tonnes,02-12-2025
Maharashtra,Ahilyanagar,Kopargaon APMC,Cereals,Wheat,Other,FAQ,"2,585.00","2,660.00","2,585.00",Rs./Quintal,6.60,Metric Tonnes,02-07-2026
Maharashtra,Ahilyanagar,Kopargaon APMC,Cereals,Wheat,Other,Non-FAQ,"2,276.00","2,340.00","2,330.00",Rs./Quintal,25.60,Metric Tonnes,02-06-2026
Maharashtra,Ahilyanagar,Kopargaon APMC,Cereals,Wheat,Other,Non-FAQ,"2,188.00","2,440.00","2,352.00",Rs./Quintal,25.10,Metric Tonnes,02-05-2026
Maharashtra,Ahilyanagar,Kopargaon APMC,Cereals,Wheat,Other,Non-FAQ,"2,080.00","2,126.00","2,109.00",Rs./Quintal,23.10,Metric Tonnes,02-04-2026
Maharashtra,Ahilyanagar,Kopargaon APMC,Cereals,Wheat,Other,Non-FAQ,"2,100.00","2,420.00","2,200.00",Rs./Quintal,8.30,Metric Tonnes,02-03-2026
Maharashtra,Ahilyanagar,Kopargaon APMC,Cereals,Wheat,Other,FAQ,"2,425.00","2,553.00","2,525.00",Rs./Quintal,1.70,Metric Tonnes,02-02-2026
Maharashtra,Ahilyanagar,Kopargaon APMC,Cereals,Wheat,Other,FAQ,"2,500.00","2,700.00","2,650.00",Rs./Quintal,4.40,Metric Tonnes,02-01-2026
Maharashtra,Ahilyanagar,Kopargaon APMC,Cereals,Wheat,Other,FAQ,"2,454.00","2,556.00","2,475.00",Rs./Quintal,1.20,Metric Tonnes,01-12-2025
Maharashtra,Ahilyanagar,Kopargaon APMC,Cereals,Wheat,Other,FAQ,"2,640.00","2,666.00","2,653.00",Rs./Quintal,0.80,Metric Tonnes,01-08-2026
Maharashtra,Ahilyanagar,Kopargaon APMC,Cereals,Wheat,Other,Non-FAQ,"2,500.00","2,580.00","2,555.00",Rs./Quintal,14.00,Metric Tonnes,01-07-2026
Maharashtra,Ahilyanagar,Kopargaon APMC,Cereals,Wheat,Other,Non-FAQ,"2,320.00","2,375.00","2,345.00",Rs./Quintal,8.70,Metric Tonnes,01-06-2026
Maharashtra,Ahilyanagar,Kopargaon APMC,Cereals,Wheat,Other,FAQ,"2,535.00","2,728.00","2,606.00",Rs./Quintal,11.10,Metric Tonnes,01-01-2026
Maharashtra,Ahilyanagar,Newasa APMC,Cereals,Wheat,Maharashtra 2189,FAQ,"2,600.00","2,600.00","2,600.00",Rs./Quintal,7.50,Metric Tonnes,29-03-2026
Maharashtra,Ahilyanagar,Newasa APMC,Cereals,Wheat,Maharashtra 2189,FAQ,"2,600.00","2,600.00","2,600.00",Rs./Quintal,5.00,Metric Tonnes,28-04-2026
Maharashtra,Ahilyanagar,Newasa APMC,Cereals,Wheat,Maharashtra 2189,FAQ,"2,700.00","2,700.00","2,700.00",Rs./Quintal,6.00,Metric Tonnes,26-11-2025
Maharashtra,Ahilyanagar,Newasa APMC,Cereals,Wheat,Maharashtra 2189,FAQ,"2,700.00","2,700.00","2,700.00",Rs./Quintal,5.00,Metric Tonnes,25-06-2026
Maharashtra,Ahilyanagar,Newasa APMC,Cereals,Wheat,Maharashtra 2189,FAQ,"2,650.00","2,650.00","2,650.00",Rs./Quintal,5.00,Metric Tonnes,25-02-2026
Maharashtra,Ahilyanagar,Newasa APMC,Cereals,Wheat,Maharashtra 2189,FAQ,"2,650.00","2,650.00","2,650.00",Rs./Quintal,5.00,Metric Tonnes,21-06-2026
Maharashtra,Ahilyanagar,Newasa APMC,Cereals,Wheat,Maharashtra 2189,FAQ,"2,700.00","2,700.00","2,700.00",Rs./Quintal,5.00,Metric Tonnes,17-12-2025
Maharashtra,Ahilyanagar,Newasa APMC,Cereals,Wheat,Maharashtra 2189,FAQ,"2,450.00","2,450.00","2,450.00",Rs./Quintal,5.50,Metric Tonnes,17-11-2025
Maharashtra,Ahilyanagar,Newasa APMC,Cereals,Wheat,Maharashtra 2189,FAQ,"2,600.00","2,600.00","2,600.00",Rs./Quintal,6.00,Metric Tonnes,16-04-2026
Maharashtra,Ahilyanagar,Newasa APMC,Cereals,Wheat,Maharashtra 2189,FAQ,"2,450.00","2,450.00","2,450.00",Rs./Quintal,5.00,Metric Tonnes,16-03-2026
Maharashtra,Ahilyanagar,Newasa APMC,Cereals,Wheat,Maharashtra 2189,FAQ,"2,700.00","2,700.00","2,700.00",Rs./Quintal,5.00,Metric Tonnes,13-08-2026
Maharashtra,Ahilyanagar,Newasa APMC,Cereals,Wheat,Maharashtra 2189,FAQ,"2,600.00","2,600.00","2,600.00",Rs./Quintal,5.00,Metric Tonnes,13-05-2026
Maharashtra,Ahilyanagar,Newasa APMC,Cereals,Wheat,Maharashtra 2189,FAQ,"2,600.00","2,600.00","2,600.00",Rs./Quintal,6.00,Metric Tonnes,13-04-2026
Maharashtra,Ahilyanagar,Newasa APMC,Cereals,Wheat,Maharashtra 2189,FAQ,"2,600.00","2,600.00","2,600.00",Rs./Quintal,5.00,Metric Tonnes,07-05-2026
Maharashtra,Ahilyanagar,Newasa APMC,Cereals,Wheat,Maharashtra 2189,FAQ,"2,600.00","2,600.00","2,600.00",Rs./Quintal,3.00,Metric Tonnes,07-04-2026
Maharashtra,Ahilyanagar,Newasa APMC,Cereals,Wheat,Maharashtra 2189,FAQ,"2,600.00","2,600.00","2,600.00",Rs./Quintal,5.00,Metric Tonnes,06-05-2026
Maharashtra,Ahilyanagar,Newasa APMC,Cereals,Wheat,Maharashtra 2189,FAQ,"2,600.00","2,600.00","2,600.00",Rs./Quintal,5.00,Metric Tonnes,06-04-2026
Maharashtra,Ahilyanagar,Newasa APMC,Cereals,Wheat,Maharashtra 2189,FAQ,"2,600.00","2,600.00","2,600.00",Rs./Quintal,5.00,Metric Tonnes,05-05-2026
Maharashtra,Ahilyanagar,Newasa APMC,Cereals,Wheat,Maharashtra 2189,FAQ,"2,600.00","2,600.00","2,600.00",Rs./Quintal,6.00,Metric Tonnes,05-04-2026
Maharashtra,Ahilyanagar,Newasa APMC,Cereals,Wheat,Maharashtra 2189,FAQ,"2,600.00","2,600.00","2,600.00",Rs./Quintal,6.00,Metric Tonnes,04-02-2026
Maharashtra,Ahilyanagar,Newasa APMC,Cereals,Wheat,Maharashtra 2189,FAQ,"2,600.00","2,600.00","2,600.00",Rs./Quintal,5.00,Metric Tonnes,02-04-2026
Maharashtra,Ahilyanagar,Newasa APMC,Cereals,Wheat,Maharashtra 2189,FAQ,"2,600.00","2,600.00","2,600.00",Rs./Quintal,5.00,Metric Tonnes,01-04-2026
Maharashtra,Ahilyanagar,"Omchatinya Multi State Agro Purpose Co-Op Society, Dist Ahilyanagar",Cereals,Wheat,Other,Local,"2,700.00","2,700.00","2,700.00",Rs./Quintal,0.03,Metric Tonnes,31-12-2025
Maharashtra,Ahilyanagar,"Omchatinya Multi State Agro Purpose Co-Op Society, Dist Ahilyanagar",Cereals,Wheat,Other,Local,"2,200.00","2,500.00","2,200.00",Rs./Quintal,0.08,Metric Tonnes,31-07-2026
Maharashtra,Ahilyanagar,"Omchatinya Multi State Agro Purpose Co-Op Society, Dist Ahilyanagar",Cereals,Wheat,Other,Local,"2,000.00","2,200.00","2,000.00",Rs./Quintal,0.52,Metric Tonnes,31-03-2026
Maharashtra,Ahilyanagar,"Omchatinya Multi State Agro Purpose Co-Op Society, Dist Ahilyanagar",Cereals,Wheat,Other,Local,"2,500.00","2,500.00","2,500.00",Rs./Quintal,0.02,Metric Tonnes,31-01-2026
Maharashtra,Ahilyanagar,"Omchatinya Multi State Agro Purpose Co-Op Society, Dist Ahilyanagar",Cereals,Wheat,Other,Local,"2,500.00","2,900.00","2,800.00",Rs./Quintal,0.94,Metric Tonnes,30-12-2025
Maharashtra,Ahilyanagar,"Omchatinya Multi State Agro Purpose Co-Op Society, Dist Ahilyanagar",Cereals,Wheat,Other,Local,"2,500.00","2,500.00","2,500.00",Rs./Quintal,0.20,Metric Tonnes,30-06-2026
Maharashtra,Ahilyanagar,"Omchatinya Multi State Agro Purpose Co-Op Society, Dist Ahilyanagar",Cereals,Wheat,Other,Local,"2,400.00","2,600.00","2,500.00",Rs./Quintal,1.06,Metric Tonnes,30-05-2026
Maharashtra,Ahilyanagar,"Omchatinya Multi State Agro Purpose Co-Op Society, Dist Ahilyanagar",Cereals,Wheat,Other,Local,"2,300.00","2,300.00","2,300.00",Rs./Quintal,0.05,Metric Tonnes,30-03-2026
Maharashtra,Ahilyanagar,"Omchatinya Multi State Agro Purpose Co-Op Society, Dist Ahilyanagar",Cereals,Wheat,Other,Local,"2,550.00","3,000.00","2,550.00",Rs./Quintal,0.71,Metric Tonnes,30-01-2026
Maharashtra,Ahilyanagar,"Omchatinya Multi State Agro Purpose Co-Op Society, Dist Ahilyanagar",Cereals,Wheat,Other,Local,"2,500.00","2,600.00","2,500.00",Rs./Quintal,1.64,Metric Tonnes,29-12-2025
Maharashtra,Ahilyanagar,"Omchatinya Multi State Agro Purpose Co-Op Society, Dist Ahilyanagar",Cereals,Wheat,Other,Local,"2,350.00","2,400.00","2,350.00",Rs./Quintal,1.15,Metric Tonnes,29-06-2026
Maharashtra,Ahilyanagar,"Omchatinya Multi State Agro Purpose Co-Op Society, Dist Ahilyanagar",Cereals,Wheat,Other,Local,"2,400.00","2,600.00","2,500.00",Rs./Quintal,1.18,Metric Tonnes,29-05-2026
Maharashtra,Ahilyanagar,"Omchatinya Multi State Agro Purpose Co-Op Society, Dist Ahilyanagar",Cereals,Wheat,Other,Local,"2,350.00","2,600.00","2,350.00",Rs./Quintal,4.49,Metric Tonnes,29-04-2026
Maharashtra,Ahilyanagar,"Omchatinya Multi State Agro Purpose Co-Op Society, Dist Ahilyanagar",Cereals,Wheat,Other,Local,"2,000.00","2,300.00","2,200.00",Rs./Quintal,0.43,Metric Tonnes,29-03-2026
Maharashtra,Ahilyanagar,"Omchatinya Multi State Agro Purpose Co-Op Society, Dist Ahilyanagar",Cereals,Wheat,Other,Local,"2,550.00","2,550.00","2,550.00",Rs./Quintal,0.44,Metric Tonnes,28-07-2026
Maharashtra,Ahilyanagar,"Omchatinya Multi State Agro Purpose Co-Op Society, Dist Ahilyanagar",Cereals,Wheat,Other,Local,"2,300.00","2,400.00","2,300.00",Rs./Quintal,0.08,Metric Tonnes,28-06-2026
Maharashtra,Ahilyanagar,"Omchatinya Multi State Agro Purpose Co-Op Society, Dist Ahilyanagar",Cereals,Wheat,Other,Local,"2,200.00","2,200.00","2,200.00",Rs./Quintal,0.40,Metric Tonnes,28-04-2026
Maharashtra,Ahilyanagar,"Omchatinya Multi State Agro Purpose Co-Op Society, Dist Ahilyanagar",Cereals,Wheat,Other,Local,"2,000.00","2,250.00","2,200.00",Rs./Quintal,1.97,Metric Tonnes,28-03-2026
Maharashtra,Ahilyanagar,"Omchatinya Multi State Agro Purpose Co-Op Society, Dist Ahilyanagar",Cereals,Wheat,Other,Local,"2,500.00","2,500.00","2,500.00",Rs./Quintal,0.02,Metric Tonnes,28-01-2026
Maharashtra,Ahilyanagar,"Omchatinya Multi State Agro Purpose Co-Op Society, Dist Ahilyanagar",Cereals,Wheat,Other,Local,"2,500.00","2,500.00","2,500.00",Rs./Quintal,0.43,Metric Tonnes,27-12-2025
Maharashtra,Ahilyanagar,"Omchatinya Multi State Agro Purpose Co-Op Society, Dist Ahilyanagar",Cereals,Wheat,Other,Local,"2,500.00","2,500.00","2,500.00",Rs./Quintal,0.81,Metric Tonnes,27-07-2026
Maharashtra,Ahilyanagar,"Omchatinya Multi State Agro Purpose Co-Op Society, Dist Ahilyanagar",Cereals,Wheat,Other,Local,"2,500.00","2,500.00","2,500.00",Rs./Quintal,0.11,Metric Tonnes,27-06-2026
Maharashtra,Ahilyanagar,"Omchatinya Multi State Agro Purpose Co-Op Society, Dist Ahilyanagar",Cereals,Wheat,Other,Local,"2,400.00","2,550.00","2,500.00",Rs./Quintal,7.11,Metric Tonnes,27-05-2026
Maharashtra,Ahilyanagar,"Omchatinya Multi State Agro Purpose Co-Op Society, Dist Ahilyanagar",Cereals,Wheat,Other,Local,"2,550.00","2,550.00","2,550.00",Rs./Quintal,0.06,Metric Tonnes,27-04-2026
Maharashtra,Ahilyanagar,"Omchatinya Multi State Agro Purpose Co-Op Society, Dist Ahilyanagar",Cereals,Wheat,Other,Local,"2,400.00","2,400.00","2,400.00",Rs./Quintal,3.57,Metric Tonnes,27-03-2026
Maharashtra,Ahilyanagar,"Omchatinya Multi State Agro Purpose Co-Op Society, Dist Ahilyanagar",Cereals,Wheat,Other,Local,"2,900.00","2,900.00","2,900.00",Rs./Quintal,0.86,Metric Tonnes,27-01-2026
Maharashtra,Ahilyanagar,"Omchatinya Multi State Agro Purpose Co-Op Society, Dist Ahilyanagar",Cereals,Wheat,Other,Local,"2,500.00","2,500.00","2,500.00",Rs./Quintal,0.06,Metric Tonnes,26-12-2025
Maharashtra,Ahilyanagar,"Omchatinya Multi State Agro Purpose Co-Op Society, Dist Ahilyanagar",Cereals,Wheat,Other,Local,"2,500.00","2,500.00","2,500.00",Rs./Quintal,2.16,Metric Tonnes,26-06-2026
Maharashtra,Ahilyanagar,"Omchatinya Multi State Agro Purpose Co-Op Society, Dist Ahilyanagar",Cereals,Wheat,Other,Local,"2,400.00","2,500.00","2,400.00",Rs./Quintal,0.07,Metric Tonnes,26-05-2026
Maharashtra,Ahilyanagar,"Omchatinya Multi State Agro Purpose Co-Op Society, Dist Ahilyanagar",Cereals,Wheat,Other,Local,"2,450.00","2,450.00","2,450.00",Rs./Quintal,0.42,Metric Tonnes,25-07-2026
Maharashtra,Ahilyanagar,"Omchatinya Multi State Agro Purpose Co-Op Society, Dist Ahilyanagar",Cereals,Wheat,Other,Local,"2,000.00","2,500.00","2,400.00",Rs./Quintal,2.69,Metric Tonnes,25-05-2026
Maharashtra,Ahilyanagar,"Omchatinya Multi State Agro Purpose Co-Op Society, Dist Ahilyanagar",Cereals,Wheat,Other,Local,"2,200.00","2,350.00","2,300.00",Rs./Quintal,0.33,Metric Tonnes,25-04-2026
Maharashtra,Ahilyanagar,"Omchatinya Multi State Agro Purpose Co-Op Society, Dist Ahilyanagar",Cereals,Wheat,Other,Local,"2,300.00","2,300.00","2,300.00",Rs./Quintal,0.07,Metric Tonnes,25-03-2026
Maharashtra,Ahilyanagar,"Omchatinya Multi State Agro Purpose Co-Op Society, Dist Ahilyanagar",Cereals,Wheat,Other,Local,"2,450.00","2,750.00","2,700.00",Rs./Quintal,2.04,Metric Tonnes,25-02-2026
Maharashtra,Ahilyanagar,"Omchatinya Multi State Agro Purpose Co-Op Society, Dist Ahilyanagar",Cereals,Wheat,Other,Local,"2,300.00","2,900.00","2,500.00",Rs./Quintal,3.02,Metric Tonnes,25-01-2026
Maharashtra,Ahilyanagar,"Omchatinya Multi State Agro Purpose Co-Op Society, Dist Ahilyanagar",Cereals,Wheat,Other,Local,"2,500.00","2,500.00","2,500.00",Rs./Quintal,0.12,Metric Tonnes,24-11-2025
Maharashtra,Ahilyanagar,"Omchatinya Multi State Agro Purpose Co-Op Society, Dist Ahilyanagar",Cereals,Wheat,Other,Local,"2,500.00","2,500.00","2,500.00",Rs./Quintal,0.35,Metric Tonnes,24-07-2026
Maharashtra,Ahilyanagar,"Omchatinya Multi State Agro Purpose Co-Op Society, Dist Ahilyanagar",Cereals,Wheat,Other,Local,"2,350.00","2,400.00","2,350.00",Rs./Quintal,0.33,Metric Tonnes,24-06-2026
Maharashtra,Ahilyanagar,"Omchatinya Multi State Agro Purpose Co-Op Society, Dist Ahilyanagar",Cereals,Wheat,Other,Local,"2,300.00","2,500.00","2,400.00",Rs./Quintal,1.52,Metric Tonnes,24-05-2026
Maharashtra,Ahilyanagar,"Omchatinya Multi State Agro Purpose Co-Op Society, Dist Ahilyanagar",Cereals,Wheat,Other,Local,"2,200.00","2,300.00","2,250.00",Rs./Quintal,1.01,Metric Tonnes,24-04-2026
Maharashtra,Ahilyanagar,"Omchatinya Multi State Agro Purpose Co-Op Society, Dist Ahilyanagar",Cereals,Wheat,Other,Local,"2,200.00","2,350.00","2,300.00",Rs./Quintal,8.00,Metric Tonnes,24-03-2026
Maharashtra,Ahilyanagar,"Omchatinya Multi State Agro Purpose Co-Op Society, Dist Ahilyanagar",Cereals,Wheat,Other,Local,"2,425.00","2,700.00","2,500.00",Rs./Quintal,0.98,Metric Tonnes,24-02-2026
Maharashtra,Ahilyanagar,"Omchatinya Multi State Agro Purpose Co-Op Society, Dist Ahilyanagar",Cereals,Wheat,Other,Local,"2,600.00","3,800.00","3,000.00",Rs./Quintal,0.73,Metric Tonnes,24-01-2026
Maharashtra,Ahilyanagar,"Omchatinya Multi State Agro Purpose Co-Op Society, Dist Ahilyanagar",Cereals,Wheat,Other,Local,"2,100.00","2,500.00","2,400.00",Rs./Quintal,0.59,Metric Tonnes,23-06-2026
Maharashtra,Ahilyanagar,"Omchatinya Multi State Agro Purpose Co-Op Society, Dist Ahilyanagar",Cereals,Wheat,Other,Local,"2,300.00","2,500.00","2,300.00",Rs./Quintal,0.15,Metric Tonnes,23-05-2026
Maharashtra,Ahilyanagar,"Omchatinya Multi State Agro Purpose Co-Op Society, Dist Ahilyanagar",Cereals,Wheat,Other,Local,"2,300.00","2,325.00","2,300.00",Rs./Quintal,1.75,Metric Tonnes,23-03-2026
Maharashtra,Ahilyanagar,"Omchatinya Multi State Agro Purpose Co-Op Society, Dist Ahilyanagar",Cereals,Wheat,Other,Local,"2,400.00","2,725.00","2,700.00",Rs./Quintal,1.30,Metric Tonnes,23-02-2026
Maharashtra,Ahilyanagar,"Omchatinya Multi State Agro Purpose Co-Op Society, Dist Ahilyanagar",Cereals,Wheat,Other,Local,"3,000.00","3,000.00","3,000.00",Rs./Quintal,0.39,Metric Tonnes,23-01-2026
Maharashtra,Ahilyanagar,"Omchatinya Multi State Agro Purpose Co-Op Society, Dist Ahilyanagar",Cereals,Wheat,Other,Local,"2,500.00","2,500.00","2,500.00",Rs./Quintal,0.20,Metric Tonnes,22-12-2025
Maharashtra,Ahilyanagar,"Omchatinya Multi State Agro Purpose Co-Op Society, Dist Ahilyanagar",Cereals,Wheat,Other,Local,"2,400.00","2,600.00","2,400.00",Rs./Quintal,2.37,Metric Tonnes,22-07-2026
Maharashtra,Ahilyanagar,"Omchatinya Multi State Agro Purpose Co-Op Society, Dist Ahilyanagar",Cereals,Wheat,Other,Local,"2,400.00","2,600.00","2,400.00",Rs./Quintal,1.31,Metric Tonnes,22-05-2026
Maharashtra,Ahilyanagar,"Omchatinya Multi State Agro Purpose Co-Op Society, Dist Ahilyanagar",Cereals,Wheat,Other,Local,"2,200.00","2,550.00","2,300.00",Rs./Quintal,3.59,Metric Tonnes,22-04-2026
Maharashtra,Ahilyanagar,"Omchatinya Multi State Agro Purpose Co-Op Society, Dist Ahilyanagar",Cereals,Wheat,Other,Local,"2,100.00","2,350.00","2,300.00",Rs./Quintal,2.65,Metric Tonnes,22-03-2026
Maharashtra,Ahilyanagar,"Omchatinya Multi State Agro Purpose Co-Op Society, Dist Ahilyanagar",Cereals,Wheat,Other,Local,"2,500.00","2,700.00","2,600.00",Rs./Quintal,3.25,Metric Tonnes,21-08-2026
Maharashtra,Ahilyanagar,"Omchatinya Multi State Agro Purpose Co-Op Society, Dist Ahilyanagar",Cereals,Wheat,Other,Local,"2,100.00","2,100.00","2,100.00",Rs./Quintal,0.07,Metric Tonnes,21-07-2026
Maharashtra,Ahilyanagar,"Omchatinya Multi State Agro Purpose Co-Op Society, Dist Ahilyanagar",Cereals,Wheat,Other,Local,"2,250.00","2,250.00","2,250.00",Rs./Quintal,0.08,Metric Tonnes,21-06-2026
Maharashtra,Ahilyanagar,"Omchatinya Multi State Agro Purpose Co-Op Society, Dist Ahilyanagar",Cereals,Wheat,Other,Local,"2,550.00","2,550.00","2,550.00",Rs./Quintal,0.13,Metric Tonnes,21-04-2026
Maharashtra,Ahilyanagar,"Omchatinya Multi State Agro Purpose Co-Op Society, Dist Ahilyanagar",Cereals,Wheat,Other,Local,"2,300.00","2,400.00","2,350.00",Rs./Quintal,1.93,Metric Tonnes,21-03-2026
Maharashtra,Ahilyanagar,"Omchatinya Multi State Agro Purpose Co-Op Society, Dist Ahilyanagar",Cereals,Wheat,Other,Local,"2,400.00","2,400.00","2,400.00",Rs./Quintal,0.05,Metric Tonnes,21-02-2026
Maharashtra,Ahilyanagar,"Omchatinya Multi State Agro Purpose Co-Op Society, Dist Ahilyanagar",Cereals,Wheat,Other,Local,"2,500.00","2,800.00","2,500.00",Rs./Quintal,0.32,Metric Tonnes,21-01-2026
Maharashtra,Ahilyanagar,"Omchatinya Multi State Agro Purpose Co-Op Society, Dist Ahilyanagar",Cereals,Wheat,Other,Local,"2,400.00","2,400.00","2,400.00",Rs./Quintal,0.15,Metric Tonnes,20-06-2026
Maharashtra,Ahilyanagar,"Omchatinya Multi State Agro Purpose Co-Op Society, Dist Ahilyanagar",Cereals,Wheat,Other,Local,"2,400.00","2,500.00","2,450.00",Rs./Quintal,3.48,Metric Tonnes,20-05-2026
Maharashtra,Ahilyanagar,"Omchatinya Multi State Agro Purpose Co-Op Society, Dist Ahilyanagar",Cereals,Wheat,Other,Local,"2,000.00","2,000.00","2,000.00",Rs./Quintal,0.06,Metric Tonnes,20-04-2026
Maharashtra,Ahilyanagar,"Omchatinya Multi State Agro Purpose Co-Op Society, Dist Ahilyanagar",Cereals,Wheat,Other,Local,"2,000.00","2,550.00","2,300.00",Rs./Quintal,5.31,Metric Tonnes,20-03-2026
Maharashtra,Ahilyanagar,"Omchatinya Multi State Agro Purpose Co-Op Society, Dist Ahilyanagar",Cereals,Wheat,Other,Local,"2,500.00","2,700.00","2,550.00",Rs./Quintal,2.42,Metric Tonnes,20-02-2026
Maharashtra,Ahilyanagar,"Omchatinya Multi State Agro Purpose Co-Op Society, Dist Ahilyanagar",Cereals,Wheat,Other,Local,"2,600.00","3,000.00","2,800.00",Rs./Quintal,1.94,Metric Tonnes,19-12-2025
Maharashtra,Ahilyanagar,"Omchatinya Multi State Agro Purpose Co-Op Society, Dist Ahilyanagar",Cereals,Wheat,Other,Local,"2,575.00","2,600.00","2,575.00",Rs./Quintal,1.98,Metric Tonnes,19-08-2026
Maharashtra,Ahilyanagar,"Omchatinya Multi State Agro Purpose Co-Op Society, Dist Ahilyanagar",Cereals,Wheat,Other,Local,"2,300.00","2,500.00","2,300.00",Rs./Quintal,0.18,Metric Tonnes,19-06-2026
Maharashtra,Ahilyanagar,"Omchatinya Multi State Agro Purpose Co-Op Society, Dist Ahilyanagar",Cereals,Wheat,Other,Local,"2,300.00","2,400.00","2,300.00",Rs./Quintal,2.87,Metric Tonnes,19-05-2026
Maharashtra,Ahilyanagar,"Omchatinya Multi State Agro Purpose Co-Op Society, Dist Ahilyanagar",Cereals,Wheat,Other,Local,"2,500.00","2,500.00","2,500.00",Rs./Quintal,0.86,Metric Tonnes,18-11-2025
Maharashtra,Ahilyanagar,"Omchatinya Multi State Agro Purpose Co-Op Society, Dist Ahilyanagar",Cereals,Wheat,Other,Local,"2,500.00","2,500.00","2,500.00",Rs./Quintal,0.03,Metric Tonnes,18-08-2026
Maharashtra,Ahilyanagar,"Omchatinya Multi State Agro Purpose Co-Op Society, Dist Ahilyanagar",Cereals,Wheat,Other,Local,"2,000.00","2,400.00","2,000.00",Rs./Quintal,1.92,Metric Tonnes,18-05-2026
Maharashtra,Ahilyanagar,"Omchatinya Multi State Agro Purpose Co-Op Society, Dist Ahilyanagar",Cereals,Wheat,Other,Local,"2,300.00","2,300.00","2,300.00",Rs./Quintal,0.07,Metric Tonnes,18-04-2026
Maharashtra,Ahilyanagar,"Omchatinya Multi State Agro Purpose Co-Op Society, Dist Ahilyanagar",Cereals,Wheat,Other,Local,"2,400.00","2,400.00","2,400.00",Rs./Quintal,0.71,Metric Tonnes,18-03-2026
Maharashtra,Ahilyanagar,"Omchatinya Multi State Agro Purpose Co-Op Society, Dist Ahilyanagar",Cereals,Wheat,Other,Local,"2,400.00","3,000.00","2,500.00",Rs./Quintal,1.50,Metric Tonnes,18-02-2026
Maharashtra,Ahilyanagar,"Omchatinya Multi State Agro Purpose Co-Op Society, Dist Ahilyanagar",Cereals,Wheat,Other,Local,"2,500.00","2,500.00","2,500.00",Rs./Quintal,0.21,Metric Tonnes,18-01-2026
Maharashtra,Ahilyanagar,"Omchatinya Multi State Agro Purpose Co-Op Society, Dist Ahilyanagar",Cereals,Wheat,Other,Local,"2,500.00","2,500.00","2,500.00",Rs./Quintal,0.05,Metric Tonnes,17-11-2025
Maharashtra,Ahilyanagar,"Omchatinya Multi State Agro Purpose Co-Op Society, Dist Ahilyanagar",Cereals,Wheat,Other,Local,"2,300.00","2,600.00","2,300.00",Rs./Quintal,0.17,Metric Tonnes,17-08-2026
Maharashtra,Ahilyanagar,"Omchatinya Multi State Agro Purpose Co-Op Society, Dist Ahilyanagar",Cereals,Wheat,Other,Local,"2,000.00","2,300.00","2,000.00",Rs./Quintal,0.79,Metric Tonnes,17-06-2026
Maharashtra,Ahilyanagar,"Omchatinya Multi State Agro Purpose Co-Op Society, Dist Ahilyanagar",Cereals,Wheat,Other,Local,"2,300.00","2,500.00","2,400.00",Rs./Quintal,0.59,Metric Tonnes,17-05-2026
Maharashtra,Ahilyanagar,"Omchatinya Multi State Agro Purpose Co-Op Society, Dist Ahilyanagar",Cereals,Wheat,Other,Local,"2,200.00","2,550.00","2,250.00",Rs./Quintal,8.15,Metric Tonnes,17-03-2026
Maharashtra,Ahilyanagar,"Omchatinya Multi State Agro Purpose Co-Op Society, Dist Ahilyanagar",Cereals,Wheat,Other,Local,"2,200.00","2,400.00","2,300.00",Rs./Quintal,0.07,Metric Tonnes,17-02-2026
Maharashtra,Ahilyanagar,"Omchatinya Multi State Agro Purpose Co-Op Society, Dist Ahilyanagar",Cereals,Wheat,Other,Local,"2,500.00","2,500.00","2,500.00",Rs./Quintal,0.60,Metric Tonnes,16-11-2025
Maharashtra,Ahilyanagar,"Omchatinya Multi State Agro Purpose Co-Op Society, Dist Ahilyanagar",Cereals,Wheat,Other,Local,"2,650.00","2,800.00","2,700.00",Rs./Quintal,1.05,Metric Tonnes,16-08-2026
Maharashtra,Ahilyanagar,"Omchatinya Multi State Agro Purpose Co-Op Society, Dist Ahilyanagar",Cereals,Wheat,Other,Local,"2,400.00","2,400.00","2,400.00",Rs./Quintal,0.06,Metric Tonnes,16-06-2026
Maharashtra,Ahilyanagar,"Omchatinya Multi State Agro Purpose Co-Op Society, Dist Ahilyanagar",Cereals,Wheat,Other,Local,"2,300.00","2,600.00","2,300.00",Rs./Quintal,0.20,Metric Tonnes,16-05-2026
Maharashtra,Ahilyanagar,"Omchatinya Multi State Agro Purpose Co-Op Society, Dist Ahilyanagar",Cereals,Wheat,Other,Local,"2,400.00","2,400.00","2,400.00",Rs./Quintal,0.64,Metric Tonnes,16-02-2026
Maharashtra,Ahilyanagar,"Omchatinya Multi State Agro Purpose Co-Op Society, Dist Ahilyanagar",Cereals,Wheat,Other,Local,"2,400.00","2,400.00","2,400.00",Rs./Quintal,0.08,Metric Tonnes,16-01-2026
Maharashtra,Ahilyanagar,"Omchatinya Multi State Agro Purpose Co-Op Society, Dist Ahilyanagar",Cereals,Wheat,Other,Local,"2,300.00","2,300.00","2,300.00",Rs./Quintal,0.15,Metric Tonnes,15-06-2026
Maharashtra,Ahilyanagar,"Omchatinya Multi State Agro Purpose Co-Op Society, Dist Ahilyanagar",Cereals,Wheat,Other,Local,"2,300.00","2,600.00","2,400.00",Rs./Quintal,4.50,Metric Tonnes,15-05-2026
Maharashtra,Ahilyanagar,"Omchatinya Multi State Agro Purpose Co-Op Society, Dist Ahilyanagar",Cereals,Wheat,Other,Local,"2,200.00","2,400.00","2,200.00",Rs./Quintal,0.24,Metric Tonnes,15-04-2026
Maharashtra,Ahilyanagar,"Omchatinya Multi State Agro Purpose Co-Op Society, Dist Ahilyanagar",Cereals,Wheat,Other,Local,"2,325.00","2,325.00","2,325.00",Rs./Quintal,1.96,Metric Tonnes,15-03-2026
Maharashtra,Ahilyanagar,"Omchatinya Multi State Agro Purpose Co-Op Society, Dist Ahilyanagar",Cereals,Wheat,Other,Local,"2,300.00","2,300.00","2,300.00",Rs./Quintal,0.08,Metric Tonnes,15-02-2026
Maharashtra,Ahilyanagar,"Omchatinya Multi State Agro Purpose Co-Op Society, Dist Ahilyanagar",Cereals,Wheat,Other,Local,"2,711.00","2,711.00","2,711.00",Rs./Quintal,0.54,Metric Tonnes,14-12-2025
Maharashtra,Ahilyanagar,"Omchatinya Multi State Agro Purpose Co-Op Society, Dist Ahilyanagar",Cereals,Wheat,Other,Local,"2,500.00","2,650.00","2,600.00",Rs./Quintal,1.13,Metric Tonnes,14-08-2026
Maharashtra,Ahilyanagar,"Omchatinya Multi State Agro Purpose Co-Op Society, Dist Ahilyanagar",Cereals,Wheat,Other,Local,"2,400.00","2,600.00","2,500.00",Rs./Quintal,7.53,Metric Tonnes,14-07-2026
Maharashtra,Ahilyanagar,"Omchatinya Multi State Agro Purpose Co-Op Society, Dist Ahilyanagar",Cereals,Wheat,Other,Local,"2,300.00","2,300.00","2,300.00",Rs./Quintal,0.19,Metric Tonnes,14-06-2026
Maharashtra,Ahilyanagar,"Omchatinya Multi State Agro Purpose Co-Op Society, Dist Ahilyanagar",Cereals,Wheat,Other,Local,"2,200.00","2,200.00","2,200.00",Rs./Quintal,1.17,Metric Tonnes,14-04-2026
Maharashtra,Ahilyanagar,"Omchatinya Multi State Agro Purpose Co-Op Society, Dist Ahilyanagar",Cereals,Wheat,Other,Local,"2,000.00","2,300.00","2,250.00",Rs./Quintal,4.54,Metric Tonnes,14-03-2026
Maharashtra,Ahilyanagar,"Omchatinya Multi State Agro Purpose Co-Op Society, Dist Ahilyanagar",Cereals,Wheat,Other,Local,"2,600.00","2,600.00","2,600.00",Rs./Quintal,3.46,Metric Tonnes,14-02-2026
Maharashtra,Ahilyanagar,"Omchatinya Multi State Agro Purpose Co-Op Society, Dist Ahilyanagar",Cereals,Wheat,Other,Local,"2,600.00","2,600.00","2,600.00",Rs./Quintal,0.24,Metric Tonnes,14-01-2026
Maharashtra,Ahilyanagar,"Omchatinya Multi State Agro Purpose Co-Op Society, Dist Ahilyanagar",Cereals,Wheat,Other,Local,"2,200.00","2,200.00","2,200.00",Rs./Quintal,0.08,Metric Tonnes,13-06-2026
Maharashtra,Ahilyanagar,"Omchatinya Multi State Agro Purpose Co-Op Society, Dist Ahilyanagar",Cereals,Wheat,Other,Local,"2,300.00","2,400.00","2,300.00",Rs./Quintal,0.46,Metric Tonnes,13-05-2026
Maharashtra,Ahilyanagar,"Omchatinya Multi State Agro Purpose Co-Op Society, Dist Ahilyanagar",Cereals,Wheat,Other,Local,"2,200.00","2,300.00","2,250.00",Rs./Quintal,3.01,Metric Tonnes,13-03-2026
Maharashtra,Ahilyanagar,"Omchatinya Multi State Agro Purpose Co-Op Society, Dist Ahilyanagar",Cereals,Wheat,Other,Local,"2,500.00","2,800.00","2,500.00",Rs./Quintal,7.62,Metric Tonnes,13-02-2026
Maharashtra,Ahilyanagar,"Omchatinya Multi State Agro Purpose Co-Op Society, Dist Ahilyanagar",Cereals,Wheat,Other,Local,"2,550.00","2,800.00","2,550.00",Rs./Quintal,0.49,Metric Tonnes,13-01-2026
Maharashtra,Ahilyanagar,"Omchatinya Multi State Agro Purpose Co-Op Society, Dist Ahilyanagar",Cereals,Wheat,Other,Local,"2,350.00","2,550.00","2,350.00",Rs./Quintal,0.54,Metric Tonnes,12-12-2025
Maharashtra,Ahilyanagar,"Omchatinya Multi State Agro Purpose Co-Op Society, Dist Ahilyanagar",Cereals,Wheat,Other,Local,"2,600.00","2,700.00","2,600.00",Rs./Quintal,1.40,Metric Tonnes,12-08-2026
Maharashtra,Ahilyanagar,"Omchatinya Multi State Agro Purpose Co-Op Society, Dist Ahilyanagar",Cereals,Wheat,Other,Local,"2,250.00","2,400.00","2,300.00",Rs./Quintal,2.42,Metric Tonnes,12-06-2026
Maharashtra,Ahilyanagar,"Omchatinya Multi State Agro Purpose Co-Op Society, Dist Ahilyanagar",Cereals,Wheat,Other,Local,"2,300.00","2,450.00","2,400.00",Rs./Quintal,6.83,Metric Tonnes,12-05-2026
Maharashtra,Ahilyanagar,"Omchatinya Multi State Agro Purpose Co-Op Society, Dist Ahilyanagar",Cereals,Wheat,Other,Local,"2,800.00","2,800.00","2,800.00",Rs./Quintal,0.50,Metric Tonnes,12-01-2026
Maharashtra,Ahilyanagar,"Omchatinya Multi State Agro Purpose Co-Op Society, Dist Ahilyanagar",Cereals,Wheat,Other,Local,"2,500.00","2,800.00","2,600.00",Rs./Quintal,7.19,Metric Tonnes,11-08-2026
Maharashtra,Ahilyanagar,"Omchatinya Multi State Agro Purpose Co-Op Society, Dist Ahilyanagar",Cereals,Wheat,Other,Local,"2,000.00","2,200.00","2,000.00",Rs./Quintal,0.53,Metric Tonnes,11-04-2026
Maharashtra,Ahilyanagar,"Omchatinya Multi State Agro Purpose Co-Op Society, Dist Ahilyanagar",Cereals,Wheat,Other,Local,"2,200.00","2,550.00","2,250.00",Rs./Quintal,4.80,Metric Tonnes,11-03-2026
Maharashtra,Ahilyanagar,"Omchatinya Multi State Agro Purpose Co-Op Society, Dist Ahilyanagar",Cereals,Wheat,Other,Local,"2,500.00","2,600.00","2,500.00",Rs./Quintal,0.52,Metric Tonnes,11-02-2026
Maharashtra,Ahilyanagar,"Omchatinya Multi State Agro Purpose Co-Op Society, Dist Ahilyanagar",Cereals,Wheat,Other,Local,"2,200.00","2,250.00","2,200.00",Rs./Quintal,0.31,Metric Tonnes,10-06-2026
Maharashtra,Ahilyanagar,"Omchatinya Multi State Agro Purpose Co-Op Society, Dist Ahilyanagar",Cereals,Wheat,Other,Local,"2,350.00","2,350.00","2,350.00",Rs./Quintal,0.49,Metric Tonnes,10-05-2026
Maharashtra,Ahilyanagar,"Omchatinya Multi State Agro Purpose Co-Op Society, Dist Ahilyanagar",Cereals,Wheat,Other,Local,"2,200.00","2,400.00","2,300.00",Rs./Quintal,2.87,Metric Tonnes,10-04-2026
Maharashtra,Ahilyanagar,"Omchatinya Multi State Agro Purpose Co-Op Society, Dist Ahilyanagar",Cereals,Wheat,Other,Local,"2,000.00","2,250.00","2,200.00",Rs./Quintal,1.03,Metric Tonnes,10-03-2026
Maharashtra,Ahilyanagar,"Omchatinya Multi State Agro Purpose Co-Op Society, Dist Ahilyanagar",Cereals,Wheat,Other,Local,"2,300.00","2,425.00","2,400.00",Rs./Quintal,2.63,Metric Tonnes,09-06-2026
Maharashtra,Ahilyanagar,"Omchatinya Multi State Agro Purpose Co-Op Society, Dist Ahilyanagar",Cereals,Wheat,Other,Local,"2,250.00","2,500.00","2,400.00",Rs./Quintal,1.17,Metric Tonnes,09-05-2026
Maharashtra,Ahilyanagar,"Omchatinya Multi State Agro Purpose Co-Op Society, Dist Ahilyanagar",Cereals,Wheat,Other,Local,"2,200.00","2,600.00","2,500.00",Rs./Quintal,7.81,Metric Tonnes,09-03-2026
Maharashtra,Ahilyanagar,"Omchatinya Multi State Agro Purpose Co-Op Society, Dist Ahilyanagar",Cereals,Wheat,Other,Local,"2,600.00","2,600.00","2,600.00",Rs./Quintal,0.17,Metric Tonnes,09-02-2026
Maharashtra,Ahilyanagar,"Omchatinya Multi State Agro Purpose Co-Op Society, Dist Ahilyanagar",Cereals,Wheat,Other,Local,"2,300.00","2,500.00","2,300.00",Rs./Quintal,0.42,Metric Tonnes,09-01-2026
Maharashtra,Ahilyanagar,"Omchatinya Multi State Agro Purpose Co-Op Society, Dist Ahilyanagar",Cereals,Wheat,Other,Local,"2,500.00","2,550.00","2,500.00",Rs./Quintal,0.23,Metric Tonnes,08-08-2026
Maharashtra,Ahilyanagar,"Omchatinya Multi State Agro Purpose Co-Op Society, Dist Ahilyanagar",Cereals,Wheat,Other,Local,"2,300.00","2,500.00","2,400.00",Rs./Quintal,7.87,Metric Tonnes,08-06-2026
Maharashtra,Ahilyanagar,"Omchatinya Multi State Agro Purpose Co-Op Society, Dist Ahilyanagar",Cereals,Wheat,Other,Local,"2,300.00","2,450.00","2,300.00",Rs./Quintal,1.40,Metric Tonnes,08-05-2026
Maharashtra,Ahilyanagar,"Omchatinya Multi State Agro Purpose Co-Op Society, Dist Ahilyanagar",Cereals,Wheat,Other,Local,"2,100.00","2,200.00","2,100.00",Rs./Quintal,0.43,Metric Tonnes,08-04-2026
Maharashtra,Ahilyanagar,"Omchatinya Multi State Agro Purpose Co-Op Society, Dist Ahilyanagar",Cereals,Wheat,Other,Local,"2,800.00","2,800.00","2,800.00",Rs./Quintal,0.32,Metric Tonnes,08-02-2026
Maharashtra,Ahilyanagar,"Omchatinya Multi State Agro Purpose Co-Op Society, Dist Ahilyanagar",Cereals,Wheat,Other,Local,"2,300.00","2,525.00","2,500.00",Rs./Quintal,0.48,Metric Tonnes,07-12-2025
Maharashtra,Ahilyanagar,"Omchatinya Multi State Agro Purpose Co-Op Society, Dist Ahilyanagar",Cereals,Wheat,Other,Local,"2,500.00","2,700.00","2,650.00",Rs./Quintal,1.62,Metric Tonnes,07-08-2026
Maharashtra,Ahilyanagar,"Omchatinya Multi State Agro Purpose Co-Op Society, Dist Ahilyanagar",Cereals,Wheat,Other,Local,"2,300.00","2,500.00","2,400.00",Rs./Quintal,4.04,Metric Tonnes,07-06-2026
Maharashtra,Ahilyanagar,"Omchatinya Multi State Agro Purpose Co-Op Society, Dist Ahilyanagar",Cereals,Wheat,Other,Local,"2,100.00","2,200.00","2,100.00",Rs./Quintal,0.11,Metric Tonnes,07-04-2026
Maharashtra,Ahilyanagar,"Omchatinya Multi State Agro Purpose Co-Op Society, Dist Ahilyanagar",Cereals,Wheat,Other,Local,"2,400.00","2,625.00","2,600.00",Rs./Quintal,9.76,Metric Tonnes,07-03-2026
Maharashtra,Ahilyanagar,"Omchatinya Multi State Agro Purpose Co-Op Society, Dist Ahilyanagar",Cereals,Wheat,Other,Local,"2,500.00","2,700.00","2,600.00",Rs./Quintal,0.44,Metric Tonnes,07-02-2026
Maharashtra,Ahilyanagar,"Omchatinya Multi State Agro Purpose Co-Op Society, Dist Ahilyanagar",Cereals,Wheat,Other,Local,"2,300.00","2,500.00","2,400.00",Rs./Quintal,3.45,Metric Tonnes,06-05-2026
Maharashtra,Ahilyanagar,"Omchatinya Multi State Agro Purpose Co-Op Society, Dist Ahilyanagar",Cereals,Wheat,Other,Local,"2,200.00","2,200.00","2,200.00",Rs./Quintal,0.05,Metric Tonnes,06-04-2026
Maharashtra,Ahilyanagar,"Omchatinya Multi State Agro Purpose Co-Op Society, Dist Ahilyanagar",Cereals,Wheat,Other,Local,"2,400.00","2,600.00","2,500.00",Rs./Quintal,5.95,Metric Tonnes,06-03-2026
Maharashtra,Ahilyanagar,"Omchatinya Multi State Agro Purpose Co-Op Society, Dist Ahilyanagar",Cereals,Wheat,Other,Local,"3,000.00","3,000.00","3,000.00",Rs./Quintal,1.96,Metric Tonnes,06-02-2026
Maharashtra,Ahilyanagar,"Omchatinya Multi State Agro Purpose Co-Op Society, Dist Ahilyanagar",Cereals,Wheat,Other,Local,"4,600.00","4,600.00","4,600.00",Rs./Quintal,0.62,Metric Tonnes,06-01-2026
Maharashtra,Ahilyanagar,"Omchatinya Multi State Agro Purpose Co-Op Society, Dist Ahilyanagar",Cereals,Wheat,Other,Local,"2,500.00","2,550.00","2,500.00",Rs./Quintal,0.34,Metric Tonnes,05-08-2026
Maharashtra,Ahilyanagar,"Omchatinya Multi State Agro Purpose Co-Op Society, Dist Ahilyanagar",Cereals,Wheat,Other,Local,"2,300.00","2,500.00","2,400.00",Rs./Quintal,1.00,Metric Tonnes,05-06-2026
Maharashtra,Ahilyanagar,"Omchatinya Multi State Agro Purpose Co-Op Society, Dist Ahilyanagar",Cereals,Wheat,Other,Local,"2,400.00","2,600.00","2,450.00",Rs./Quintal,2.13,Metric Tonnes,05-05-2026
Maharashtra,Ahilyanagar,"Omchatinya Multi State Agro Purpose Co-Op Society, Dist Ahilyanagar",Cereals,Wheat,Other,Local,"2,200.00","2,400.00","2,300.00",Rs./Quintal,3.90,Metric Tonnes,05-04-2026
Maharashtra,Ahilyanagar,"Omchatinya Multi State Agro Purpose Co-Op Society, Dist Ahilyanagar",Cereals,Wheat,Other,Local,"2,500.00","2,700.00","2,500.00",Rs./Quintal,0.24,Metric Tonnes,05-01-2026
Maharashtra,Ahilyanagar,"Omchatinya Multi State Agro Purpose Co-Op Society, Dist Ahilyanagar",Cereals,Wheat,Other,Local,"2,400.00","2,550.00","2,400.00",Rs./Quintal,0.30,Metric Tonnes,04-08-2026
Maharashtra,Ahilyanagar,"Omchatinya Multi State Agro Purpose Co-Op Society, Dist Ahilyanagar",Cereals,Wheat,Other,Local,"2,200.00","2,400.00","2,200.00",Rs./Quintal,0.44,Metric Tonnes,04-05-2026
Maharashtra,Ahilyanagar,"Omchatinya Multi State Agro Purpose Co-Op Society, Dist Ahilyanagar",Cereals,Wheat,Other,Local,"2,250.00","2,300.00","2,250.00",Rs./Quintal,1.40,Metric Tonnes,04-04-2026
Maharashtra,Ahilyanagar,"Omchatinya Multi State Agro Purpose Co-Op Society, Dist Ahilyanagar",Cereals,Wheat,Other,Local,"2,300.00","2,600.00","2,500.00",Rs./Quintal,6.44,Metric Tonnes,04-03-2026
Maharashtra,Ahilyanagar,"Omchatinya Multi State Agro Purpose Co-Op Society, Dist Ahilyanagar",Cereals,Wheat,Other,Local,"2,600.00","2,600.00","2,600.00",Rs./Quintal,0.18,Metric Tonnes,04-02-2026
Maharashtra,Ahilyanagar,"Omchatinya Multi State Agro Purpose Co-Op Society, Dist Ahilyanagar",Cereals,Wheat,Other,Local,"2,500.00","3,200.00","2,500.00",Rs./Quintal,0.18,Metric Tonnes,04-01-2026
Maharashtra,Ahilyanagar,"Omchatinya Multi State Agro Purpose Co-Op Society, Dist Ahilyanagar",Cereals,Wheat,Other,Local,"2,500.00","2,700.00","2,600.00",Rs./Quintal,0.52,Metric Tonnes,03-08-2026
Maharashtra,Ahilyanagar,"Omchatinya Multi State Agro Purpose Co-Op Society, Dist Ahilyanagar",Cereals,Wheat,Other,Local,"2,200.00","2,500.00","2,400.00",Rs./Quintal,2.09,Metric Tonnes,03-07-2026
Maharashtra,Ahilyanagar,"Omchatinya Multi State Agro Purpose Co-Op Society, Dist Ahilyanagar",Cereals,Wheat,Other,Local,"2,200.00","2,350.00","2,300.00",Rs./Quintal,3.82,Metric Tonnes,03-06-2026
Maharashtra,Ahilyanagar,"Omchatinya Multi State Agro Purpose Co-Op Society, Dist Ahilyanagar",Cereals,Wheat,Other,Local,"2,250.00","2,400.00","2,300.00",Rs./Quintal,15.37,Metric Tonnes,03-05-2026
Maharashtra,Ahilyanagar,"Omchatinya Multi State Agro Purpose Co-Op Society, Dist Ahilyanagar",Cereals,Wheat,Other,Local,"2,200.00","2,300.00","2,200.00",Rs./Quintal,4.75,Metric Tonnes,03-04-2026
Maharashtra,Ahilyanagar,"Omchatinya Multi State Agro Purpose Co-Op Society, Dist Ahilyanagar",Cereals,Wheat,Other,Local,"2,600.00","2,700.00","2,650.00",Rs./Quintal,5.15,Metric Tonnes,03-03-2026
Maharashtra,Ahilyanagar,"Omchatinya Multi State Agro Purpose Co-Op Society, Dist Ahilyanagar",Cereals,Wheat,Other,Local,"2,400.00","2,500.00","2,400.00",Rs./Quintal,0.24,Metric Tonnes,03-02-2026
Maharashtra,Ahilyanagar,"Omchatinya Multi State Agro Purpose Co-Op Society, Dist Ahilyanagar",Cereals,Wheat,Other,Local,"2,500.00","2,500.00","2,500.00",Rs./Quintal,0.13,Metric Tonnes,02-12-2025
Maharashtra,Ahilyanagar,"Omchatinya Multi State Agro Purpose Co-Op Society, Dist Ahilyanagar",Cereals,Wheat,Other,Local,"2,500.00","2,700.00","2,600.00",Rs./Quintal,1.00,Metric Tonnes,02-08-2026
Maharashtra,Ahilyanagar,"Omchatinya Multi State Agro Purpose Co-Op Society, Dist Ahilyanagar",Cereals,Wheat,Other,Local,"2,400.00","2,500.00","2,400.00",Rs./Quintal,0.73,Metric Tonnes,02-06-2026
Maharashtra,Ahilyanagar,"Omchatinya Multi State Agro Purpose Co-Op Society, Dist Ahilyanagar",Cereals,Wheat,Other,Local,"2,700.00","2,700.00","2,700.00",Rs./Quintal,1.98,Metric Tonnes,02-03-2026
Maharashtra,Ahilyanagar,"Omchatinya Multi State Agro Purpose Co-Op Society, Dist Ahilyanagar",Cereals,Wheat,Other,Local,"2,600.00","2,600.00","2,600.00",Rs./Quintal,0.06,Metric Tonnes,02-02-2026
Maharashtra,Ahilyanagar,"Omchatinya Multi State Agro Purpose Co-Op Society, Dist Ahilyanagar",Cereals,Wheat,Other,Local,"2,500.00","2,500.00","2,500.00",Rs./Quintal,0.44,Metric Tonnes,02-01-2026
Maharashtra,Ahilyanagar,"Omchatinya Multi State Agro Purpose Co-Op Society, Dist Ahilyanagar",Cereals,Wheat,Other,Local,"2,200.00","2,300.00","2,200.00",Rs./Quintal,0.14,Metric Tonnes,01-07-2026
Maharashtra,Ahilyanagar,"Omchatinya Multi State Agro Purpose Co-Op Society, Dist Ahilyanagar",Cereals,Wheat,Other,Local,"2,500.00","2,500.00","2,500.00",Rs./Quintal,0.07,Metric Tonnes,01-06-2026
Maharashtra,Ahilyanagar,"Omchatinya Multi State Agro Purpose Co-Op Society, Dist Ahilyanagar",Cereals,Wheat,Other,Local,"2,200.00","2,400.00","2,300.00",Rs./Quintal,0.41,Metric Tonnes,01-05-2026
Maharashtra,Ahilyanagar,"Omchatinya Multi State Agro Purpose Co-Op Society, Dist Ahilyanagar",Cereals,Wheat,Other,Local,"2,300.00","2,300.00","2,300.00",Rs./Quintal,0.19,Metric Tonnes,01-04-2026
Maharashtra,Ahilyanagar,"Omchatinya Multi State Agro Purpose Co-Op Society, Dist Ahilyanagar",Cereals,Wheat,Other,Local,"2,400.00","2,400.00","2,400.00",Rs./Quintal,0.38,Metric Tonnes,01-03-2026
Maharashtra,Ahilyanagar,"Omchatinya Multi State Agro Purpose Co-Op Society, Dist Ahilyanagar",Cereals,Wheat,Other,Local,"2,500.00","2,500.00","2,500.00",Rs./Quintal,0.03,Metric Tonnes,01-02-2026
Maharashtra,Ahilyanagar,Pathardi APMC,Cereals,Wheat,Maharashtra 2189,FAQ,"2,550.00","3,200.00","2,900.00",Rs./Quintal,6.50,Metric Tonnes,31-12-2025
Maharashtra,Ahilyanagar,Pathardi APMC,Cereals,Wheat,Maharashtra 2189,FAQ,"2,550.00","3,100.00","2,900.00",Rs./Quintal,6.50,Metric Tonnes,30-12-2025
Maharashtra,Ahilyanagar,Pathardi APMC,Cereals,Wheat,Maharashtra 2189,FAQ,"2,600.00","3,200.00","2,850.00",Rs./Quintal,7.50,Metric Tonnes,29-11-2025
Maharashtra,Ahilyanagar,Pathardi APMC,Cereals,Wheat,Maharashtra 2189,Non-FAQ,"2,000.00","2,500.00","2,350.00",Rs./Quintal,12.00,Metric Tonnes,29-04-2026
Maharashtra,Ahilyanagar,Pathardi APMC,Cereals,Wheat,Maharashtra 2189,Non-FAQ,"2,000.00","2,580.00","2,150.00",Rs./Quintal,4.70,Metric Tonnes,27-06-2026
Maharashtra,Ahilyanagar,Pathardi APMC,Cereals,Wheat,Maharashtra 2189,FAQ,"2,586.00","3,000.00","2,750.00",Rs./Quintal,7.00,Metric Tonnes,27-05-2026
Maharashtra,Ahilyanagar,Pathardi APMC,Cereals,Wheat,Maharashtra 2189,FAQ,"2,500.00","3,000.00","2,750.00",Rs./Quintal,4.00,Metric Tonnes,26-12-2025
Maharashtra,Ahilyanagar,Pathardi APMC,Cereals,Wheat,Maharashtra 2189,FAQ,"2,500.00","3,000.00","2,850.00",Rs./Quintal,5.50,Metric Tonnes,26-11-2025
Maharashtra,Ahilyanagar,Pathardi APMC,Cereals,Wheat,Maharashtra 2189,FAQ,"2,585.00","2,800.00","2,650.00",Rs./Quintal,6.70,Metric Tonnes,24-06-2026
Maharashtra,Ahilyanagar,Pathardi APMC,Cereals,Wheat,Maharashtra 2189,Non-FAQ,"2,000.00","2,580.00","2,250.00",Rs./Quintal,4.30,Metric Tonnes,24-06-2026
Maharashtra,Ahilyanagar,Pathardi APMC,Cereals,Wheat,Maharashtra 2189,FAQ,"2,550.00","3,150.00","3,000.00",Rs./Quintal,6.50,Metric Tonnes,23-12-2025
Maharashtra,Ahilyanagar,Pathardi APMC,Cereals,Wheat,Maharashtra 2189,FAQ,"2,590.00","3,000.00","2,800.00",Rs./Quintal,10.00,Metric Tonnes,23-05-2026
Maharashtra,Ahilyanagar,Pathardi APMC,Cereals,Wheat,Maharashtra 2189,Non-FAQ,"2,000.00","2,580.00","2,100.00",Rs./Quintal,10.00,Metric Tonnes,23-05-2026
Maharashtra,Ahilyanagar,Pathardi APMC,Cereals,Wheat,Maharashtra 2189,FAQ,"2,600.00","3,450.00","3,000.00",Rs./Quintal,8.50,Metric Tonnes,22-11-2025
Maharashtra,Ahilyanagar,Pathardi APMC,Cereals,Wheat,Maharashtra 2189,FAQ,"2,585.00","2,800.00","2,650.00",Rs./Quintal,3.70,Metric Tonnes,22-07-2026
Maharashtra,Ahilyanagar,Pathardi APMC,Cereals,Wheat,Maharashtra 2189,Non-FAQ,"2,000.00","2,580.00","2,500.00",Rs./Quintal,3.70,Metric Tonnes,22-07-2026
Maharashtra,Ahilyanagar,Pathardi APMC,Cereals,Wheat,Maharashtra 2189,FAQ,"2,590.00","2,800.00","2,650.00",Rs./Quintal,10.60,Metric Tonnes,22-04-2026
Maharashtra,Ahilyanagar,Pathardi APMC,Cereals,Wheat,Maharashtra 2189,FAQ,"2,600.00","3,200.00","2,900.00",Rs./Quintal,7.00,Metric Tonnes,20-12-2025
Maharashtra,Ahilyanagar,Pathardi APMC,Cereals,Wheat,Maharashtra 2189,FAQ,"2,590.00","3,000.00","2,750.00",Rs./Quintal,22.00,Metric Tonnes,20-05-2026
Maharashtra,Ahilyanagar,Pathardi APMC,Cereals,Wheat,Maharashtra 2189,FAQ,"2,550.00","3,050.00","2,900.00",Rs./Quintal,5.50,Metric Tonnes,19-11-2025
Maharashtra,Ahilyanagar,Pathardi APMC,Cereals,Wheat,Maharashtra 2189,Non-FAQ,"2,000.00","2,580.00","2,150.00",Rs./Quintal,1.80,Metric Tonnes,19-08-2026
Maharashtra,Ahilyanagar,Pathardi APMC,Cereals,Wheat,Maharashtra 2189,FAQ,"2,500.00","3,000.00","2,800.00",Rs./Quintal,3.50,Metric Tonnes,18-02-2026
Maharashtra,Ahilyanagar,Pathardi APMC,Cereals,Wheat,Maharashtra 2189,FAQ,"2,585.00","2,800.00","2,650.00",Rs./Quintal,8.00,Metric Tonnes,17-06-2026
Maharashtra,Ahilyanagar,Pathardi APMC,Cereals,Wheat,Maharashtra 2189,FAQ,"2,500.00","3,200.00","2,800.00",Rs./Quintal,6.00,Metric Tonnes,17-01-2026
Maharashtra,Ahilyanagar,Pathardi APMC,Cereals,Wheat,Maharashtra 2189,FAQ,"2,585.00","2,800.00","2,650.00",Rs./Quintal,4.10,Metric Tonnes,15-07-2026
Maharashtra,Ahilyanagar,Pathardi APMC,Cereals,Wheat,Maharashtra 2189,Non-FAQ,"2,000.00","2,580.00","2,150.00",Rs./Quintal,3.80,Metric Tonnes,15-07-2026
Maharashtra,Ahilyanagar,Pathardi APMC,Cereals,Wheat,Maharashtra 2189,Non-FAQ,"2,000.00","2,500.00","2,250.00",Rs./Quintal,13.00,Metric Tonnes,15-04-2026
Maharashtra,Ahilyanagar,Pathardi APMC,Cereals,Wheat,Maharashtra 2189,FAQ,"2,550.00","3,100.00","2,900.00",Rs./Quintal,7.00,Metric Tonnes,14-01-2026
Maharashtra,Ahilyanagar,Pathardi APMC,Cereals,Wheat,Maharashtra 2189,FAQ,"2,585.00","2,800.00","2,600.00",Rs./Quintal,8.30,Metric Tonnes,13-06-2026
Maharashtra,Ahilyanagar,Pathardi APMC,Cereals,Wheat,Maharashtra 2189,Non-FAQ,"2,000.00","2,500.00","2,350.00",Rs./Quintal,8.00,Metric Tonnes,13-05-2026
Maharashtra,Ahilyanagar,Pathardi APMC,Cereals,Wheat,Maharashtra 2189,FAQ,"2,500.00","3,000.00","2,800.00",Rs./Quintal,4.00,Metric Tonnes,13-02-2026
Maharashtra,Ahilyanagar,Pathardi APMC,Cereals,Wheat,Maharashtra 2189,FAQ,"2,500.00","3,100.00","2,800.00",Rs./Quintal,5.00,Metric Tonnes,13-01-2026
Maharashtra,Ahilyanagar,Pathardi APMC,Cereals,Wheat,Maharashtra 2189,FAQ,"2,550.00","3,100.00","2,900.00",Rs./Quintal,6.50,Metric Tonnes,12-12-2025
Maharashtra,Ahilyanagar,Pathardi APMC,Cereals,Wheat,Maharashtra 2189,FAQ,"2,585.00","2,800.00","2,690.00",Rs./Quintal,4.10,Metric Tonnes,12-08-2026
Maharashtra,Ahilyanagar,Pathardi APMC,Cereals,Wheat,Maharashtra 2189,Non-FAQ,"2,000.00","2,580.00","2,250.00",Rs./Quintal,4.70,Metric Tonnes,12-08-2026
Maharashtra,Ahilyanagar,Pathardi APMC,Cereals,Wheat,Maharashtra 2189,FAQ,"2,500.00","3,000.00","2,700.00",Rs./Quintal,6.00,Metric Tonnes,11-03-2026
Maharashtra,Ahilyanagar,Pathardi APMC,Cereals,Wheat,Maharashtra 2189,Non-FAQ,"2,000.00","2,580.00","2,200.00",Rs./Quintal,7.00,Metric Tonnes,10-06-2026
Maharashtra,Ahilyanagar,Pathardi APMC,Cereals,Wheat,Maharashtra 2189,FAQ,"2,500.00","2,900.00","2,800.00",Rs./Quintal,5.50,Metric Tonnes,10-02-2026
Maharashtra,Ahilyanagar,Pathardi APMC,Cereals,Wheat,Maharashtra 2189,FAQ,"2,500.00","3,150.00","2,800.00",Rs./Quintal,4.00,Metric Tonnes,10-01-2026
Maharashtra,Ahilyanagar,Pathardi APMC,Cereals,Wheat,Maharashtra 2189,FAQ,"2,550.00","3,100.00","2,900.00",Rs./Quintal,5.50,Metric Tonnes,09-01-2026
Maharashtra,Ahilyanagar,Pathardi APMC,Cereals,Wheat,Maharashtra 2189,FAQ,"2,585.00","2,800.00","2,600.00",Rs./Quintal,5.50,Metric Tonnes,08-08-2026
Maharashtra,Ahilyanagar,Pathardi APMC,Cereals,Wheat,Maharashtra 2189,Non-FAQ,"2,000.00","2,580.00","2,250.00",Rs./Quintal,5.20,Metric Tonnes,08-08-2026
Maharashtra,Ahilyanagar,Pathardi APMC,Cereals,Wheat,Maharashtra 2189,FAQ,"2,585.00","2,800.00","2,650.00",Rs./Quintal,4.50,Metric Tonnes,08-07-2026
Maharashtra,Ahilyanagar,Pathardi APMC,Cereals,Wheat,Maharashtra 2189,Non-FAQ,"2,000.00","2,580.00","2,250.00",Rs./Quintal,2.90,Metric Tonnes,08-07-2026
Maharashtra,Ahilyanagar,Pathardi APMC,Cereals,Wheat,Maharashtra 2189,Non-FAQ,"2,000.00","2,580.00","2,300.00",Rs./Quintal,13.00,Metric Tonnes,08-04-2026
Maharashtra,Ahilyanagar,Pathardi APMC,Cereals,Wheat,Maharashtra 2189,FAQ,"2,500.00","3,100.00","2,800.00",Rs./Quintal,5.00,Metric Tonnes,07-02-2026
Maharashtra,Ahilyanagar,Pathardi APMC,Cereals,Wheat,Maharashtra 2189,FAQ,"2,600.00","3,350.00","3,000.00",Rs./Quintal,13.50,Metric Tonnes,06-12-2025
Maharashtra,Ahilyanagar,Pathardi APMC,Cereals,Wheat,Maharashtra 2189,Non-FAQ,"2,000.00","2,580.00","2,150.00",Rs./Quintal,6.10,Metric Tonnes,06-05-2026
Maharashtra,Ahilyanagar,Pathardi APMC,Cereals,Wheat,Maharashtra 2189,FAQ,"2,500.00","3,000.00","2,800.00",Rs./Quintal,3.00,Metric Tonnes,06-02-2026
Maharashtra,Ahilyanagar,Pathardi APMC,Cereals,Wheat,Maharashtra 2189,FAQ,"2,500.00","3,000.00","2,800.00",Rs./Quintal,6.00,Metric Tonnes,06-01-2026
Maharashtra,Ahilyanagar,Pathardi APMC,Cereals,Wheat,Maharashtra 2189,FAQ,"2,585.00","2,800.00","2,650.00",Rs./Quintal,7.70,Metric Tonnes,05-08-2026
Maharashtra,Ahilyanagar,Pathardi APMC,Cereals,Wheat,Maharashtra 2189,FAQ,"2,585.00","2,800.00","2,700.00",Rs./Quintal,5.80,Metric Tonnes,04-07-2026
Maharashtra,Ahilyanagar,Pathardi APMC,Cereals,Wheat,Maharashtra 2189,Non-FAQ,"2,000.00","2,580.00","2,250.00",Rs./Quintal,3.00,Metric Tonnes,04-07-2026
Maharashtra,Ahilyanagar,Pathardi APMC,Cereals,Wheat,Maharashtra 2189,Non-FAQ,"2,000.00","2,570.00","2,350.00",Rs./Quintal,8.00,Metric Tonnes,03-06-2026
Maharashtra,Ahilyanagar,Pathardi APMC,Cereals,Wheat,Maharashtra 2189,FAQ,"2,500.00","3,200.00","2,900.00",Rs./Quintal,4.50,Metric Tonnes,02-01-2026
Maharashtra,Ahilyanagar,Pathardi APMC,Cereals,Wheat,Maharashtra 2189,FAQ,"2,585.00","2,800.00","2,650.00",Rs./Quintal,4.00,Metric Tonnes,01-08-2026
Maharashtra,Ahilyanagar,Pathardi APMC,Cereals,Wheat,Maharashtra 2189,Non-FAQ,"2,000.00","2,580.00","2,200.00",Rs./Quintal,4.50,Metric Tonnes,01-08-2026
Maharashtra,Ahilyanagar,Pathardi APMC,Cereals,Wheat,Maharashtra 2189,FAQ,"2,585.00","2,800.00","2,650.00",Rs./Quintal,4.50,Metric Tonnes,01-07-2026
Maharashtra,Ahilyanagar,Pathardi APMC,Cereals,Wheat,Maharashtra 2189,Non-FAQ,"2,000.00","2,580.00","2,250.00",Rs./Quintal,4.90,Metric Tonnes,01-07-2026
Maharashtra,Ahilyanagar,Rahata APMC,Cereals,Wheat,Other,FAQ,"2,600.00","2,650.00","2,625.00",Rs./Quintal,1.00,Metric Tonnes,31-07-2026
Maharashtra,Ahilyanagar,Rahata APMC,Cereals,Wheat,Other,FAQ,"2,600.00","2,675.00","2,640.00",Rs./Quintal,0.40,Metric Tonnes,31-01-2026
Maharashtra,Ahilyanagar,Rahata APMC,Cereals,Wheat,Other,Non-FAQ,"2,350.00","2,531.00","2,440.00",Rs./Quintal,8.10,Metric Tonnes,30-06-2026
Maharashtra,Ahilyanagar,Rahata APMC,Cereals,Wheat,Other,Non-FAQ,"2,200.00","2,450.00","2,325.00",Rs./Quintal,1.40,Metric Tonnes,30-05-2026
Maharashtra,Ahilyanagar,Rahata APMC,Cereals,Wheat,Other,FAQ,"2,500.00","2,700.00","2,600.00",Rs./Quintal,3.50,Metric Tonnes,30-01-2026
Maharashtra,Ahilyanagar,Rahata APMC,Cereals,Wheat,Other,Non-FAQ,"2,400.00","2,576.00","2,490.00",Rs./Quintal,7.60,Metric Tonnes,29-06-2026
Maharashtra,Ahilyanagar,Rahata APMC,Cereals,Wheat,Other,Non-FAQ,"2,299.00","2,440.00","2,370.00",Rs./Quintal,4.80,Metric Tonnes,29-05-2026
Maharashtra,Ahilyanagar,Rahata APMC,Cereals,Wheat,Other,Non-FAQ,"2,300.00","2,500.00","2,400.00",Rs./Quintal,3.80,Metric Tonnes,28-05-2026
Maharashtra,Ahilyanagar,Rahata APMC,Cereals,Wheat,Other,FAQ,"2,625.00","2,625.00","2,625.00",Rs./Quintal,2.50,Metric Tonnes,27-07-2026
Maharashtra,Ahilyanagar,Rahata APMC,Cereals,Wheat,Other,Non-FAQ,"2,200.00","2,571.00","2,385.00",Rs./Quintal,3.70,Metric Tonnes,27-06-2026
Maharashtra,Ahilyanagar,Rahata APMC,Cereals,Wheat,Other,FAQ,"2,625.00","2,766.00","2,700.00",Rs./Quintal,1.20,Metric Tonnes,27-01-2026
Maharashtra,Ahilyanagar,Rahata APMC,Cereals,Wheat,Other,Non-FAQ,"2,300.00","2,490.00","2,395.00",Rs./Quintal,2.40,Metric Tonnes,26-06-2026
Maharashtra,Ahilyanagar,Rahata APMC,Cereals,Wheat,Other,Non-FAQ,"2,425.00","2,536.00","2,480.00",Rs./Quintal,6.10,Metric Tonnes,25-06-2026
Maharashtra,Ahilyanagar,Rahata APMC,Cereals,Wheat,Other,Non-FAQ,"2,250.00","2,431.00","2,340.00",Rs./Quintal,1.10,Metric Tonnes,25-05-2026
Maharashtra,Ahilyanagar,Rahata APMC,Cereals,Wheat,Other,Non-FAQ,"2,191.00","2,400.00","2,200.00",Rs./Quintal,3.10,Metric Tonnes,24-04-2026
Maharashtra,Ahilyanagar,Rahata APMC,Cereals,Wheat,Other,FAQ,"2,525.00","2,845.00","2,700.00",Rs./Quintal,7.00,Metric Tonnes,24-01-2026
Maharashtra,Ahilyanagar,Rahata APMC,Cereals,Wheat,Other,FAQ,"2,630.00","2,630.00","2,630.00",Rs./Quintal,3.50,Metric Tonnes,23-07-2026
Maharashtra,Ahilyanagar,Rahata APMC,Cereals,Wheat,Other,Non-FAQ,"2,190.00","2,350.00","2,270.00",Rs./Quintal,2.70,Metric Tonnes,23-06-2026
Maharashtra,Ahilyanagar,Rahata APMC,Cereals,Wheat,Other,FAQ,"2,500.00","2,731.00","2,600.00",Rs./Quintal,1.60,Metric Tonnes,23-01-2026
Maharashtra,Ahilyanagar,Rahata APMC,Cereals,Wheat,Other,Non-FAQ,"2,350.00","2,550.00","2,450.00",Rs./Quintal,6.30,Metric Tonnes,22-06-2026
Maharashtra,Ahilyanagar,Rahata APMC,Cereals,Wheat,Other,Non-FAQ,"2,300.00","2,500.00","2,400.00",Rs./Quintal,2.70,Metric Tonnes,22-05-2026
Maharashtra,Ahilyanagar,Rahata APMC,Cereals,Wheat,Other,FAQ,"2,700.00","2,851.00","2,770.00",Rs./Quintal,3.60,Metric Tonnes,22-01-2026
Maharashtra,Ahilyanagar,Rahata APMC,Cereals,Wheat,Other,FAQ,"2,625.00","2,625.00","2,625.00",Rs./Quintal,4.40,Metric Tonnes,21-08-2026
Maharashtra,Ahilyanagar,Rahata APMC,Cereals,Wheat,Other,FAQ,"2,680.00","2,680.00","2,680.00",Rs./Quintal,3.10,Metric Tonnes,21-07-2026
Maharashtra,Ahilyanagar,Rahata APMC,Cereals,Wheat,Other,FAQ,"2,700.00","2,840.00","2,770.00",Rs./Quintal,1.80,Metric Tonnes,21-01-2026
Maharashtra,Ahilyanagar,Rahata APMC,Cereals,Wheat,Other,FAQ,"2,625.00","2,625.00","2,625.00",Rs./Quintal,3.00,Metric Tonnes,20-08-2026
Maharashtra,Ahilyanagar,Rahata APMC,Cereals,Wheat,Other,Non-FAQ,"2,200.00","2,381.00","2,290.00",Rs./Quintal,2.00,Metric Tonnes,20-06-2026
Maharashtra,Ahilyanagar,Rahata APMC,Cereals,Wheat,Other,FAQ,"2,450.00","2,575.00","2,500.00",Rs./Quintal,1.10,Metric Tonnes,20-02-2026
Maharashtra,Ahilyanagar,Rahata APMC,Cereals,Wheat,Other,FAQ,"2,700.00","2,887.00","2,795.00",Rs./Quintal,1.70,Metric Tonnes,20-01-2026
Maharashtra,Ahilyanagar,Rahata APMC,Cereals,Wheat,Other,FAQ,"2,650.00","2,650.00","2,650.00",Rs./Quintal,5.50,Metric Tonnes,19-08-2026
Maharashtra,Ahilyanagar,Rahata APMC,Cereals,Wheat,Other,Non-FAQ,"2,200.00","2,350.00","2,275.00",Rs./Quintal,2.20,Metric Tonnes,19-06-2026
Maharashtra,Ahilyanagar,Rahata APMC,Cereals,Wheat,Other,Non-FAQ,"2,201.00","2,400.00","2,300.00",Rs./Quintal,2.40,Metric Tonnes,19-02-2026
Maharashtra,Ahilyanagar,Rahata APMC,Cereals,Wheat,Other,FAQ,"2,600.00","2,801.00","2,700.00",Rs./Quintal,2.50,Metric Tonnes,19-01-2026
Maharashtra,Ahilyanagar,Rahata APMC,Cereals,Wheat,Other,FAQ,"2,650.00","2,650.00","2,650.00",Rs./Quintal,2.90,Metric Tonnes,18-08-2026
Maharashtra,Ahilyanagar,Rahata APMC,Cereals,Wheat,Other,FAQ,"2,450.00","2,580.00","2,515.00",Rs./Quintal,1.20,Metric Tonnes,18-02-2026
Maharashtra,Ahilyanagar,Rahata APMC,Cereals,Wheat,Other,FAQ,"2,700.00","2,700.00","2,700.00",Rs./Quintal,2.90,Metric Tonnes,17-08-2026
Maharashtra,Ahilyanagar,Rahata APMC,Cereals,Wheat,Other,FAQ,"2,600.00","2,600.00","2,600.00",Rs./Quintal,3.70,Metric Tonnes,17-07-2026
Maharashtra,Ahilyanagar,Rahata APMC,Cereals,Wheat,Other,FAQ,"2,526.00","2,675.00","2,600.00",Rs./Quintal,0.90,Metric Tonnes,17-01-2026
Maharashtra,Ahilyanagar,Rahata APMC,Cereals,Wheat,Other,Non-FAQ,"2,250.00","2,526.00","2,380.00",Rs./Quintal,5.50,Metric Tonnes,16-05-2026
Maharashtra,Ahilyanagar,Rahata APMC,Cereals,Wheat,Other,FAQ,"2,650.00","2,650.00","2,650.00",Rs./Quintal,0.90,Metric Tonnes,15-08-2026
Maharashtra,Ahilyanagar,Rahata APMC,Cereals,Wheat,Other,Non-FAQ,"2,450.00","2,581.00","2,515.00",Rs./Quintal,5.00,Metric Tonnes,15-07-2026
Maharashtra,Ahilyanagar,Rahata APMC,Cereals,Wheat,Other,Non-FAQ,"2,330.00","2,400.00","2,365.00",Rs./Quintal,3.30,Metric Tonnes,15-06-2026
Maharashtra,Ahilyanagar,Rahata APMC,Cereals,Wheat,Other,FAQ,"2,675.00","2,675.00","2,675.00",Rs./Quintal,5.70,Metric Tonnes,14-08-2026
Maharashtra,Ahilyanagar,Rahata APMC,Cereals,Wheat,Other,Non-FAQ,"2,450.00","2,550.00","2,475.00",Rs./Quintal,1.90,Metric Tonnes,14-07-2026
Maharashtra,Ahilyanagar,Rahata APMC,Cereals,Wheat,Other,Non-FAQ,"2,200.00","2,500.00","2,300.00",Rs./Quintal,12.50,Metric Tonnes,14-05-2026
Maharashtra,Ahilyanagar,Rahata APMC,Cereals,Wheat,Other,Non-FAQ,"2,050.00","2,350.00","2,200.00",Rs./Quintal,5.10,Metric Tonnes,14-04-2026
Maharashtra,Ahilyanagar,Rahata APMC,Cereals,Wheat,Other,Non-FAQ,"2,300.00","2,350.00","2,325.00",Rs./Quintal,3.70,Metric Tonnes,14-03-2026
Maharashtra,Ahilyanagar,Rahata APMC,Cereals,Wheat,Other,FAQ,"2,450.00","2,700.00","2,556.00",Rs./Quintal,1.90,Metric Tonnes,14-02-2026
Maharashtra,Ahilyanagar,Rahata APMC,Cereals,Wheat,Other,FAQ,"2,636.00","2,636.00","2,636.00",Rs./Quintal,0.30,Metric Tonnes,14-01-2026
Maharashtra,Ahilyanagar,Rahata APMC,Cereals,Wheat,Other,FAQ,"2,600.00","2,798.00","2,675.00",Rs./Quintal,5.40,Metric Tonnes,13-08-2026
Maharashtra,Ahilyanagar,Rahata APMC,Cereals,Wheat,Other,FAQ,"2,600.00","2,600.00","2,600.00",Rs./Quintal,6.00,Metric Tonnes,13-07-2026
Maharashtra,Ahilyanagar,Rahata APMC,Cereals,Wheat,Other,FAQ,"2,581.00","2,900.00","2,761.00",Rs./Quintal,1.50,Metric Tonnes,13-01-2026
Maharashtra,Ahilyanagar,Rahata APMC,Cereals,Wheat,Other,FAQ,"2,700.00","2,700.00","2,700.00",Rs./Quintal,0.30,Metric Tonnes,12-08-2026
Maharashtra,Ahilyanagar,Rahata APMC,Cereals,Wheat,Other,Non-FAQ,"2,200.00","2,425.00","2,315.00",Rs./Quintal,3.10,Metric Tonnes,12-06-2026
Maharashtra,Ahilyanagar,Rahata APMC,Cereals,Wheat,Other,Non-FAQ,"2,245.00","2,269.00","2,260.00",Rs./Quintal,3.60,Metric Tonnes,12-03-2026
Maharashtra,Ahilyanagar,Rahata APMC,Cereals,Wheat,Other,FAQ,"2,600.00","2,751.00","2,675.00",Rs./Quintal,3.00,Metric Tonnes,12-01-2026
Maharashtra,Ahilyanagar,Rahata APMC,Cereals,Wheat,Other,FAQ,"2,700.00","2,700.00","2,700.00",Rs./Quintal,1.00,Metric Tonnes,11-08-2026
Maharashtra,Ahilyanagar,Rahata APMC,Cereals,Wheat,Other,Non-FAQ,"2,000.00","2,519.00","2,260.00",Rs./Quintal,15.30,Metric Tonnes,11-04-2026
Maharashtra,Ahilyanagar,Rahata APMC,Cereals,Wheat,Other,FAQ,"2,511.00","2,511.00","2,511.00",Rs./Quintal,1.50,Metric Tonnes,10-11-2025
Maharashtra,Ahilyanagar,Rahata APMC,Cereals,Wheat,Other,FAQ,"2,700.00","2,700.00","2,700.00",Rs./Quintal,8.50,Metric Tonnes,10-08-2026
Maharashtra,Ahilyanagar,Rahata APMC,Cereals,Wheat,Other,Non-FAQ,"2,500.00","2,550.00","2,525.00",Rs./Quintal,2.00,Metric Tonnes,10-07-2026
Maharashtra,Ahilyanagar,Rahata APMC,Cereals,Wheat,Other,Non-FAQ,"2,001.00","2,500.00","2,300.00",Rs./Quintal,4.10,Metric Tonnes,10-04-2026
Maharashtra,Ahilyanagar,Rahata APMC,Cereals,Wheat,Other,Non-FAQ,"2,400.00","2,530.00","2,500.00",Rs./Quintal,5.20,Metric Tonnes,09-07-2026
Maharashtra,Ahilyanagar,Rahata APMC,Cereals,Wheat,Other,FAQ,"2,450.00","2,600.00","2,500.00",Rs./Quintal,6.70,Metric Tonnes,09-02-2026
Maharashtra,Ahilyanagar,Rahata APMC,Cereals,Wheat,Other,FAQ,"2,650.00","2,650.00","2,650.00",Rs./Quintal,1.50,Metric Tonnes,08-08-2026
Maharashtra,Ahilyanagar,Rahata APMC,Cereals,Wheat,Other,FAQ,"2,715.00","2,715.00","2,715.00",Rs./Quintal,0.80,Metric Tonnes,07-08-2026
Maharashtra,Ahilyanagar,Rahata APMC,Cereals,Wheat,Other,Non-FAQ,"2,400.00","2,470.00","2,435.00",Rs./Quintal,0.90,Metric Tonnes,07-07-2026
Maharashtra,Ahilyanagar,Rahata APMC,Cereals,Wheat,Other,Non-FAQ,"2,300.00","2,400.00","2,350.00",Rs./Quintal,3.90,Metric Tonnes,07-05-2026
Maharashtra,Ahilyanagar,Rahata APMC,Cereals,Wheat,Other,FAQ,"2,700.00","2,700.00","2,700.00",Rs./Quintal,3.80,Metric Tonnes,06-08-2026
Maharashtra,Ahilyanagar,Rahata APMC,Cereals,Wheat,Other,Non-FAQ,"2,400.00","2,500.00","2,450.00",Rs./Quintal,3.80,Metric Tonnes,06-07-2026
Maharashtra,Ahilyanagar,Rahata APMC,Cereals,Wheat,Other,Non-FAQ,"2,271.00","2,440.00","2,350.00",Rs./Quintal,5.60,Metric Tonnes,06-06-2026
Maharashtra,Ahilyanagar,Rahata APMC,Cereals,Wheat,Other,Non-FAQ,"2,005.00","2,300.00","2,150.00",Rs./Quintal,20.90,Metric Tonnes,06-04-2026
Maharashtra,Ahilyanagar,Rahata APMC,Cereals,Wheat,Other,FAQ,"2,550.00","2,550.00","2,550.00",Rs./Quintal,3.10,Metric Tonnes,06-02-2026
Maharashtra,Ahilyanagar,Rahata APMC,Cereals,Wheat,Other,Non-FAQ,"2,316.00","2,450.00","2,385.00",Rs./Quintal,4.90,Metric Tonnes,05-06-2026
Maharashtra,Ahilyanagar,Rahata APMC,Cereals,Wheat,Other,FAQ,"2,500.00","2,600.00","2,525.00",Rs./Quintal,2.70,Metric Tonnes,05-02-2026
Maharashtra,Ahilyanagar,Rahata APMC,Cereals,Wheat,Other,FAQ,"2,530.00","2,600.00","2,565.00",Rs./Quintal,1.10,Metric Tonnes,04-12-2025
Maharashtra,Ahilyanagar,Rahata APMC,Cereals,Wheat,Other,FAQ,"2,675.00","2,675.00","2,675.00",Rs./Quintal,1.30,Metric Tonnes,04-08-2026
Maharashtra,Ahilyanagar,Rahata APMC,Cereals,Wheat,Other,Non-FAQ,"2,350.00","2,531.00","2,440.00",Rs./Quintal,5.80,Metric Tonnes,04-07-2026
Maharashtra,Ahilyanagar,Rahata APMC,Cereals,Wheat,Other,Non-FAQ,"2,200.00","2,400.00","2,300.00",Rs./Quintal,2.60,Metric Tonnes,04-06-2026
Maharashtra,Ahilyanagar,Rahata APMC,Cereals,Wheat,Other,FAQ,"2,476.00","2,696.00","2,600.00",Rs./Quintal,2.80,Metric Tonnes,04-02-2026
Maharashtra,Ahilyanagar,Rahata APMC,Cereals,Wheat,Other,FAQ,"2,686.00","2,686.00","2,686.00",Rs./Quintal,6.70,Metric Tonnes,03-08-2026
Maharashtra,Ahilyanagar,Rahata APMC,Cereals,Wheat,Other,FAQ,"2,450.00","2,785.00","2,586.00",Rs./Quintal,3.40,Metric Tonnes,03-02-2026
Maharashtra,Ahilyanagar,Rahata APMC,Cereals,Wheat,Other,Non-FAQ,"2,300.00","2,521.00","2,410.00",Rs./Quintal,2.40,Metric Tonnes,01-07-2026
Maharashtra,Ahilyanagar,Rahuri APMC,Cereals,Wheat,Other,Non-FAQ,"2,000.00","2,300.00","2,150.00",Rs./Quintal,1.80,Metric Tonnes,31-05-2026
Maharashtra,Ahilyanagar,Rahuri APMC,Cereals,Wheat,Other,Non-FAQ,"1,800.00","2,250.00","2,025.00",Rs./Quintal,42.40,Metric Tonnes,31-03-2026
Maharashtra,Ahilyanagar,Rahuri APMC,Cereals,Wheat,Other,FAQ,"2,500.00","2,750.00","2,625.00",Rs./Quintal,1.00,Metric Tonnes,31-01-2026
Maharashtra,Ahilyanagar,Rahuri APMC,Cereals,Wheat,Other,FAQ,"2,450.00","2,600.00","2,525.00",Rs./Quintal,0.90,Metric Tonnes,30-12-2025
Maharashtra,Ahilyanagar,Rahuri APMC,Cereals,Wheat,Other,FAQ,"2,500.00","2,600.00","2,550.00",Rs./Quintal,2.50,Metric Tonnes,30-11-2025
Maharashtra,Ahilyanagar,Rahuri APMC,Cereals,Wheat,Other,FAQ,"2,600.00","2,600.00","2,600.00",Rs./Quintal,6.30,Metric Tonnes,30-07-2026
Maharashtra,Ahilyanagar,Rahuri APMC,Cereals,Wheat,Other,Non-FAQ,"2,050.00","2,300.00","2,175.00",Rs./Quintal,3.20,Metric Tonnes,30-05-2026
Maharashtra,Ahilyanagar,Rahuri APMC,Cereals,Wheat,Other,Non-FAQ,"2,000.00","2,200.00","2,100.00",Rs./Quintal,48.00,Metric Tonnes,30-03-2026
Maharashtra,Ahilyanagar,Rahuri APMC,Cereals,Wheat,Other,FAQ,"2,500.00","2,800.00","2,650.00",Rs./Quintal,1.30,Metric Tonnes,30-01-2026
Maharashtra,Ahilyanagar,Rahuri APMC,Cereals,Wheat,Other,FAQ,"2,550.00","2,550.00","2,550.00",Rs./Quintal,0.40,Metric Tonnes,29-12-2025
Maharashtra,Ahilyanagar,Rahuri APMC,Cereals,Wheat,Other,Non-FAQ,"2,200.00","2,450.00","2,325.00",Rs./Quintal,2.50,Metric Tonnes,29-06-2026
Maharashtra,Ahilyanagar,Rahuri APMC,Cereals,Wheat,Other,Non-FAQ,"2,000.00","2,300.00","2,150.00",Rs./Quintal,18.20,Metric Tonnes,29-05-2026
Maharashtra,Ahilyanagar,Rahuri APMC,Cereals,Wheat,Other,Non-FAQ,"2,100.00","2,250.00","2,175.00",Rs./Quintal,10.60,Metric Tonnes,29-04-2026
Maharashtra,Ahilyanagar,Rahuri APMC,Cereals,Wheat,Other,Non-FAQ,"2,000.00","2,200.00","2,100.00",Rs./Quintal,63.00,Metric Tonnes,29-03-2026
Maharashtra,Ahilyanagar,Rahuri APMC,Cereals,Wheat,Other,Non-FAQ,"2,400.00","2,400.00","2,400.00",Rs./Quintal,0.30,Metric Tonnes,28-12-2025
Maharashtra,Ahilyanagar,Rahuri APMC,Cereals,Wheat,Other,FAQ,"2,500.00","2,600.00","2,550.00",Rs./Quintal,0.40,Metric Tonnes,28-11-2025
Maharashtra,Ahilyanagar,Rahuri APMC,Cereals,Wheat,Other,Non-FAQ,"2,300.00","2,550.00","2,425.00",Rs./Quintal,7.40,Metric Tonnes,28-07-2026
Maharashtra,Ahilyanagar,Rahuri APMC,Cereals,Wheat,Other,Non-FAQ,"2,400.00","2,450.00","2,425.00",Rs./Quintal,7.40,Metric Tonnes,28-06-2026
Maharashtra,Ahilyanagar,Rahuri APMC,Cereals,Wheat,Other,Non-FAQ,"2,100.00","2,350.00","2,225.00",Rs./Quintal,12.90,Metric Tonnes,28-04-2026
Maharashtra,Ahilyanagar,Rahuri APMC,Cereals,Wheat,Other,Non-FAQ,"2,100.00","2,250.00","2,175.00",Rs./Quintal,51.40,Metric Tonnes,28-03-2026
Maharashtra,Ahilyanagar,Rahuri APMC,Cereals,Wheat,Other,Non-FAQ,"2,100.00","2,400.00","2,250.00",Rs./Quintal,3.90,Metric Tonnes,28-02-2026
Maharashtra,Ahilyanagar,Rahuri APMC,Cereals,Wheat,Other,FAQ,"2,500.00","2,611.00","2,550.00",Rs./Quintal,1.30,Metric Tonnes,27-11-2025
Maharashtra,Ahilyanagar,Rahuri APMC,Cereals,Wheat,Other,Non-FAQ,"2,300.00","2,550.00","2,425.00",Rs./Quintal,2.40,Metric Tonnes,27-07-2026
Maharashtra,Ahilyanagar,Rahuri APMC,Cereals,Wheat,Other,Non-FAQ,"2,200.00","2,400.00","2,300.00",Rs./Quintal,2.70,Metric Tonnes,27-06-2026
Maharashtra,Ahilyanagar,Rahuri APMC,Cereals,Wheat,Other,Non-FAQ,"2,050.00","2,350.00","2,200.00",Rs./Quintal,16.80,Metric Tonnes,27-04-2026
Maharashtra,Ahilyanagar,Rahuri APMC,Cereals,Wheat,Other,Non-FAQ,"1,900.00","2,225.00","2,060.00",Rs./Quintal,72.10,Metric Tonnes,27-03-2026
Maharashtra,Ahilyanagar,Rahuri APMC,Cereals,Wheat,Other,Non-FAQ,"2,300.00","2,400.00","2,350.00",Rs./Quintal,2.60,Metric Tonnes,27-02-2026
Maharashtra,Ahilyanagar,Rahuri APMC,Cereals,Wheat,Other,FAQ,"2,500.00","2,600.00","2,550.00",Rs./Quintal,0.70,Metric Tonnes,26-12-2025
Maharashtra,Ahilyanagar,Rahuri APMC,Cereals,Wheat,Other,FAQ,"2,450.00","2,500.00","2,475.00",Rs./Quintal,0.60,Metric Tonnes,26-11-2025
Maharashtra,Ahilyanagar,Rahuri APMC,Cereals,Wheat,Other,Non-FAQ,"2,400.00","2,550.00","2,475.00",Rs./Quintal,0.40,Metric Tonnes,26-07-2026
Maharashtra,Ahilyanagar,Rahuri APMC,Cereals,Wheat,Other,Non-FAQ,"2,100.00","2,400.00","2,250.00",Rs./Quintal,6.50,Metric Tonnes,26-06-2026
Maharashtra,Ahilyanagar,Rahuri APMC,Cereals,Wheat,Other,Non-FAQ,"2,100.00","2,260.00","2,180.00",Rs./Quintal,52.90,Metric Tonnes,26-03-2026
Maharashtra,Ahilyanagar,Rahuri APMC,Cereals,Wheat,Other,FAQ,"2,425.00","2,450.00","2,437.00",Rs./Quintal,9.00,Metric Tonnes,26-02-2026
Maharashtra,Ahilyanagar,Rahuri APMC,Cereals,Wheat,Other,FAQ,"2,450.00","2,450.00","2,450.00",Rs./Quintal,0.60,Metric Tonnes,26-01-2026
Maharashtra,Ahilyanagar,Rahuri APMC,Cereals,Wheat,Other,FAQ,"2,450.00","2,750.00","2,600.00",Rs./Quintal,1.20,Metric Tonnes,25-11-2025
Maharashtra,Ahilyanagar,Rahuri APMC,Cereals,Wheat,Other,Non-FAQ,"2,550.00","2,550.00","2,550.00",Rs./Quintal,2.60,Metric Tonnes,25-07-2026
Maharashtra,Ahilyanagar,Rahuri APMC,Cereals,Wheat,Other,Non-FAQ,"2,100.00","2,335.00","2,215.00",Rs./Quintal,5.70,Metric Tonnes,25-05-2026
Maharashtra,Ahilyanagar,Rahuri APMC,Cereals,Wheat,Other,Non-FAQ,"2,150.00","2,400.00","2,275.00",Rs./Quintal,6.20,Metric Tonnes,25-04-2026
Maharashtra,Ahilyanagar,Rahuri APMC,Cereals,Wheat,Other,Non-FAQ,"2,100.00","2,285.00","2,190.00",Rs./Quintal,45.90,Metric Tonnes,25-03-2026
Maharashtra,Ahilyanagar,Rahuri APMC,Cereals,Wheat,Other,FAQ,"2,450.00","2,500.00","2,475.00",Rs./Quintal,2.00,Metric Tonnes,25-02-2026
Maharashtra,Ahilyanagar,Rahuri APMC,Cereals,Wheat,Other,FAQ,"2,500.00","2,700.00","2,600.00",Rs./Quintal,2.90,Metric Tonnes,24-11-2025
Maharashtra,Ahilyanagar,Rahuri APMC,Cereals,Wheat,Other,Non-FAQ,"2,300.00","2,550.00","2,425.00",Rs./Quintal,2.80,Metric Tonnes,24-07-2026
Maharashtra,Ahilyanagar,Rahuri APMC,Cereals,Wheat,Other,Non-FAQ,"2,150.00","2,325.00","2,235.00",Rs./Quintal,9.10,Metric Tonnes,24-05-2026
Maharashtra,Ahilyanagar,Rahuri APMC,Cereals,Wheat,Other,Non-FAQ,"2,000.00","2,260.00","2,130.00",Rs./Quintal,12.50,Metric Tonnes,24-04-2026
Maharashtra,Ahilyanagar,Rahuri APMC,Cereals,Wheat,Other,Non-FAQ,"2,000.00","2,311.00","2,155.00",Rs./Quintal,34.40,Metric Tonnes,24-03-2026
Maharashtra,Ahilyanagar,Rahuri APMC,Cereals,Wheat,Other,FAQ,"2,500.00","2,500.00","2,500.00",Rs./Quintal,0.50,Metric Tonnes,24-02-2026
Maharashtra,Ahilyanagar,Rahuri APMC,Cereals,Wheat,Other,Non-FAQ,"2,300.00","2,300.00","2,300.00",Rs./Quintal,0.60,Metric Tonnes,24-02-2026
Maharashtra,Ahilyanagar,Rahuri APMC,Cereals,Wheat,Other,FAQ,"2,500.00","2,650.00","2,575.00",Rs./Quintal,0.60,Metric Tonnes,24-01-2026
Maharashtra,Ahilyanagar,Rahuri APMC,Cereals,Wheat,Other,FAQ,"2,500.00","2,600.00","2,550.00",Rs./Quintal,0.70,Metric Tonnes,23-12-2025
Maharashtra,Ahilyanagar,Rahuri APMC,Cereals,Wheat,Other,FAQ,"2,450.00","2,600.00","2,525.00",Rs./Quintal,1.40,Metric Tonnes,23-11-2025
Maharashtra,Ahilyanagar,Rahuri APMC,Cereals,Wheat,Other,Non-FAQ,"2,550.00","2,550.00","2,550.00",Rs./Quintal,2.70,Metric Tonnes,23-07-2026
Maharashtra,Ahilyanagar,Rahuri APMC,Cereals,Wheat,Other,Non-FAQ,"2,150.00","2,350.00","2,250.00",Rs./Quintal,2.10,Metric Tonnes,23-06-2026
Maharashtra,Ahilyanagar,Rahuri APMC,Cereals,Wheat,Other,Non-FAQ,"2,000.00","2,375.00","2,185.00",Rs./Quintal,17.50,Metric Tonnes,23-05-2026
Maharashtra,Ahilyanagar,Rahuri APMC,Cereals,Wheat,Other,Non-FAQ,"2,050.00","2,300.00","2,175.00",Rs./Quintal,1.60,Metric Tonnes,23-04-2026
Maharashtra,Ahilyanagar,Rahuri APMC,Cereals,Wheat,Other,Non-FAQ,"2,000.00","2,300.00","2,150.00",Rs./Quintal,30.80,Metric Tonnes,23-03-2026
Maharashtra,Ahilyanagar,Rahuri APMC,Cereals,Wheat,Other,FAQ,"2,700.00","2,700.00","2,700.00",Rs./Quintal,0.20,Metric Tonnes,23-01-2026
Maharashtra,Ahilyanagar,Rahuri APMC,Cereals,Wheat,Other,FAQ,"2,450.00","2,650.00","2,550.00",Rs./Quintal,0.40,Metric Tonnes,22-12-2025
Maharashtra,Ahilyanagar,Rahuri APMC,Cereals,Wheat,Other,Non-FAQ,"2,000.00","2,300.00","2,150.00",Rs./Quintal,0.90,Metric Tonnes,22-05-2026
Maharashtra,Ahilyanagar,Rahuri APMC,Cereals,Wheat,Other,Non-FAQ,"2,125.00","2,225.00","2,175.00",Rs./Quintal,8.80,Metric Tonnes,22-04-2026
Maharashtra,Ahilyanagar,Rahuri APMC,Cereals,Wheat,Other,Non-FAQ,"2,100.00","2,300.00","2,200.00",Rs./Quintal,39.00,Metric Tonnes,22-03-2026
Maharashtra,Ahilyanagar,Rahuri APMC,Cereals,Wheat,Other,Non-FAQ,"2,300.00","2,350.00","2,325.00",Rs./Quintal,2.30,Metric Tonnes,22-02-2026
Maharashtra,Ahilyanagar,Rahuri APMC,Cereals,Wheat,Other,FAQ,"2,500.00","2,700.00","2,600.00",Rs./Quintal,1.60,Metric Tonnes,22-01-2026
Maharashtra,Ahilyanagar,Rahuri APMC,Cereals,Wheat,Other,FAQ,"2,600.00","2,650.00","2,625.00",Rs./Quintal,1.40,Metric Tonnes,21-08-2026
Maharashtra,Ahilyanagar,Rahuri APMC,Cereals,Wheat,Other,Non-FAQ,"2,300.00","2,500.00","2,400.00",Rs./Quintal,6.40,Metric Tonnes,21-07-2026
Maharashtra,Ahilyanagar,Rahuri APMC,Cereals,Wheat,Other,Non-FAQ,"2,250.00","2,300.00","2,275.00",Rs./Quintal,1.50,Metric Tonnes,21-06-2026
Maharashtra,Ahilyanagar,Rahuri APMC,Cereals,Wheat,Other,Non-FAQ,"1,600.00","2,300.00","1,950.00",Rs./Quintal,10.30,Metric Tonnes,21-05-2026
Maharashtra,Ahilyanagar,Rahuri APMC,Cereals,Wheat,Other,Non-FAQ,"1,800.00","2,250.00","2,025.00",Rs./Quintal,31.20,Metric Tonnes,21-03-2026
Maharashtra,Ahilyanagar,Rahuri APMC,Cereals,Wheat,Other,FAQ,"2,450.00","2,500.00","2,475.00",Rs./Quintal,0.50,Metric Tonnes,21-02-2026
Maharashtra,Ahilyanagar,Rahuri APMC,Cereals,Wheat,Other,FAQ,"2,500.00","2,600.00","2,550.00",Rs./Quintal,2.60,Metric Tonnes,20-11-2025
Maharashtra,Ahilyanagar,Rahuri APMC,Cereals,Wheat,Other,FAQ,"2,600.00","2,600.00","2,600.00",Rs./Quintal,3.00,Metric Tonnes,20-08-2026
Maharashtra,Ahilyanagar,Rahuri APMC,Cereals,Wheat,Other,Non-FAQ,"2,400.00","2,500.00","2,450.00",Rs./Quintal,3.50,Metric Tonnes,20-07-2026
Maharashtra,Ahilyanagar,Rahuri APMC,Cereals,Wheat,Other,Non-FAQ,"2,100.00","2,350.00","2,225.00",Rs./Quintal,7.30,Metric Tonnes,20-06-2026
Maharashtra,Ahilyanagar,Rahuri APMC,Cereals,Wheat,Other,Non-FAQ,"2,000.00","2,300.00","2,150.00",Rs./Quintal,15.50,Metric Tonnes,20-04-2026
Maharashtra,Ahilyanagar,Rahuri APMC,Cereals,Wheat,Other,Non-FAQ,"2,000.00","2,300.00","2,150.00",Rs./Quintal,66.10,Metric Tonnes,20-03-2026
Maharashtra,Ahilyanagar,Rahuri APMC,Cereals,Wheat,Other,FAQ,"2,450.00","2,550.00","2,500.00",Rs./Quintal,0.50,Metric Tonnes,20-02-2026
Maharashtra,Ahilyanagar,Rahuri APMC,Cereals,Wheat,Other,Non-FAQ,"2,200.00","2,400.00","2,300.00",Rs./Quintal,1.20,Metric Tonnes,20-02-2026
Maharashtra,Ahilyanagar,Rahuri APMC,Cereals,Wheat,Other,FAQ,"2,500.00","2,600.00","2,550.00",Rs./Quintal,0.40,Metric Tonnes,19-12-2025
Maharashtra,Ahilyanagar,Rahuri APMC,Cereals,Wheat,Other,FAQ,"2,600.00","2,650.00","2,625.00",Rs./Quintal,4.60,Metric Tonnes,19-08-2026
Maharashtra,Ahilyanagar,Rahuri APMC,Cereals,Wheat,Other,Non-FAQ,"2,300.00","2,550.00","2,450.00",Rs./Quintal,11.70,Metric Tonnes,19-07-2026
Maharashtra,Ahilyanagar,Rahuri APMC,Cereals,Wheat,Other,Non-FAQ,"2,100.00","2,400.00","2,250.00",Rs./Quintal,0.50,Metric Tonnes,19-06-2026
Maharashtra,Ahilyanagar,Rahuri APMC,Cereals,Wheat,Other,Non-FAQ,"2,200.00","2,350.00","2,275.00",Rs./Quintal,11.80,Metric Tonnes,19-05-2026
Maharashtra,Ahilyanagar,Rahuri APMC,Cereals,Wheat,Other,Non-FAQ,"2,100.00","2,211.00","2,155.00",Rs./Quintal,10.50,Metric Tonnes,19-04-2026
Maharashtra,Ahilyanagar,Rahuri APMC,Cereals,Wheat,Other,Non-FAQ,"2,000.00","2,300.00","2,150.00",Rs./Quintal,81.70,Metric Tonnes,19-03-2026
Maharashtra,Ahilyanagar,Rahuri APMC,Cereals,Wheat,Other,Non-FAQ,"2,300.00","2,400.00","2,350.00",Rs./Quintal,1.50,Metric Tonnes,19-02-2026
Maharashtra,Ahilyanagar,Rahuri APMC,Cereals,Wheat,Other,FAQ,"2,500.00","2,625.00","2,550.00",Rs./Quintal,1.00,Metric Tonnes,18-11-2025
Maharashtra,Ahilyanagar,Rahuri APMC,Cereals,Wheat,Other,Non-FAQ,"2,200.00","2,525.00","2,350.00",Rs./Quintal,14.50,Metric Tonnes,18-07-2026
Maharashtra,Ahilyanagar,Rahuri APMC,Cereals,Wheat,Other,Non-FAQ,"2,100.00","2,300.00","2,200.00",Rs./Quintal,4.10,Metric Tonnes,18-05-2026
Maharashtra,Ahilyanagar,Rahuri APMC,Cereals,Wheat,Other,Non-FAQ,"2,110.00","2,225.00","2,165.00",Rs./Quintal,28.20,Metric Tonnes,18-04-2026
Maharashtra,Ahilyanagar,Rahuri APMC,Cereals,Wheat,Other,FAQ,"2,450.00","2,450.00","2,450.00",Rs./Quintal,0.30,Metric Tonnes,18-01-2026
Maharashtra,Ahilyanagar,Rahuri APMC,Cereals,Wheat,Other,FAQ,"2,450.00","2,600.00","2,525.00",Rs./Quintal,0.70,Metric Tonnes,17-11-2025
Maharashtra,Ahilyanagar,Rahuri APMC,Cereals,Wheat,Other,FAQ,"2,600.00","2,650.00","2,625.00",Rs./Quintal,1.20,Metric Tonnes,17-08-2026
Maharashtra,Ahilyanagar,Rahuri APMC,Cereals,Wheat,Other,Non-FAQ,"2,100.00","2,400.00","2,250.00",Rs./Quintal,12.20,Metric Tonnes,17-05-2026
Maharashtra,Ahilyanagar,Rahuri APMC,Cereals,Wheat,Other,Non-FAQ,"2,100.00","2,300.00","2,200.00",Rs./Quintal,0.80,Metric Tonnes,17-04-2026
Maharashtra,Ahilyanagar,Rahuri APMC,Cereals,Wheat,Other,Non-FAQ,"1,850.00","2,300.00","2,075.00",Rs./Quintal,39.50,Metric Tonnes,17-03-2026
Maharashtra,Ahilyanagar,Rahuri APMC,Cereals,Wheat,Other,Non-FAQ,"1,900.00","2,400.00","2,150.00",Rs./Quintal,2.30,Metric Tonnes,17-02-2026
Maharashtra,Ahilyanagar,Rahuri APMC,Cereals,Wheat,Other,FAQ,"2,450.00","2,550.00","2,500.00",Rs./Quintal,1.80,Metric Tonnes,17-01-2026
Maharashtra,Ahilyanagar,Rahuri APMC,Cereals,Wheat,Other,FAQ,"2,425.00","2,611.00","2,518.00",Rs./Quintal,1.80,Metric Tonnes,16-12-2025
Maharashtra,Ahilyanagar,Rahuri APMC,Cereals,Wheat,Other,FAQ,"2,600.00","2,650.00","2,625.00",Rs./Quintal,6.40,Metric Tonnes,16-08-2026
Maharashtra,Ahilyanagar,Rahuri APMC,Cereals,Wheat,Other,Non-FAQ,"2,400.00","2,500.00","2,450.00",Rs./Quintal,10.00,Metric Tonnes,16-07-2026
Maharashtra,Ahilyanagar,Rahuri APMC,Cereals,Wheat,Other,Non-FAQ,"2,000.00","2,275.00","2,135.00",Rs./Quintal,1.40,Metric Tonnes,16-06-2026
Maharashtra,Ahilyanagar,Rahuri APMC,Cereals,Wheat,Other,Non-FAQ,"2,100.00","2,300.00","2,200.00",Rs./Quintal,5.90,Metric Tonnes,16-05-2026
Maharashtra,Ahilyanagar,Rahuri APMC,Cereals,Wheat,Other,Non-FAQ,"2,100.00","2,300.00","2,200.00",Rs./Quintal,16.00,Metric Tonnes,16-04-2026
Maharashtra,Ahilyanagar,Rahuri APMC,Cereals,Wheat,Other,Non-FAQ,"1,900.00","2,300.00","2,100.00",Rs./Quintal,19.30,Metric Tonnes,16-03-2026
Maharashtra,Ahilyanagar,Rahuri APMC,Cereals,Wheat,Other,FAQ,"2,450.00","2,500.00","2,475.00",Rs./Quintal,0.80,Metric Tonnes,16-02-2026
Maharashtra,Ahilyanagar,Rahuri APMC,Cereals,Wheat,Other,FAQ,"2,500.00","2,600.00","2,550.00",Rs./Quintal,0.70,Metric Tonnes,16-01-2026
Maharashtra,Ahilyanagar,Rahuri APMC,Cereals,Wheat,Other,FAQ,"2,600.00","2,611.00","2,605.00",Rs./Quintal,1.80,Metric Tonnes,15-08-2026
Maharashtra,Ahilyanagar,Rahuri APMC,Cereals,Wheat,Other,Non-FAQ,"2,300.00","2,500.00","2,400.00",Rs./Quintal,1.60,Metric Tonnes,15-07-2026
Maharashtra,Ahilyanagar,Rahuri APMC,Cereals,Wheat,Other,Non-FAQ,"2,200.00","2,325.00","2,265.00",Rs./Quintal,3.10,Metric Tonnes,15-06-2026
Maharashtra,Ahilyanagar,Rahuri APMC,Cereals,Wheat,Other,Non-FAQ,"2,070.00","2,400.00","2,235.00",Rs./Quintal,10.40,Metric Tonnes,15-05-2026
Maharashtra,Ahilyanagar,Rahuri APMC,Cereals,Wheat,Other,Non-FAQ,"2,100.00","2,350.00","2,225.00",Rs./Quintal,43.20,Metric Tonnes,15-04-2026
Maharashtra,Ahilyanagar,Rahuri APMC,Cereals,Wheat,Other,Non-FAQ,"1,800.00","2,300.00","2,050.00",Rs./Quintal,16.30,Metric Tonnes,15-03-2026
Maharashtra,Ahilyanagar,Rahuri APMC,Cereals,Wheat,Other,FAQ,"2,450.00","2,500.00","2,475.00",Rs./Quintal,2.20,Metric Tonnes,15-02-2026
Maharashtra,Ahilyanagar,Rahuri APMC,Cereals,Wheat,Other,FAQ,"2,500.00","2,650.00","2,575.00",Rs./Quintal,2.00,Metric Tonnes,15-01-2026
Maharashtra,Ahilyanagar,Rahuri APMC,Cereals,Wheat,Other,FAQ,"2,450.00","2,500.00","2,475.00",Rs./Quintal,0.90,Metric Tonnes,14-12-2025
Maharashtra,Ahilyanagar,Rahuri APMC,Cereals,Wheat,Other,FAQ,"2,600.00","2,650.00","2,625.00",Rs./Quintal,0.90,Metric Tonnes,14-08-2026
Maharashtra,Ahilyanagar,Rahuri APMC,Cereals,Wheat,Other,Non-FAQ,"2,200.00","2,525.00","2,350.00",Rs./Quintal,3.60,Metric Tonnes,14-07-2026
Maharashtra,Ahilyanagar,Rahuri APMC,Cereals,Wheat,Other,Non-FAQ,"1,900.00","2,300.00","2,100.00",Rs./Quintal,26.00,Metric Tonnes,14-04-2026
Maharashtra,Ahilyanagar,Rahuri APMC,Cereals,Wheat,Other,FAQ,"2,450.00","3,000.00","2,725.00",Rs./Quintal,36.50,Metric Tonnes,14-03-2026
Maharashtra,Ahilyanagar,Rahuri APMC,Cereals,Wheat,Other,FAQ,"2,500.00","2,700.00","2,600.00",Rs./Quintal,5.00,Metric Tonnes,13-12-2025
Maharashtra,Ahilyanagar,Rahuri APMC,Cereals,Wheat,Other,FAQ,"2,600.00","2,650.00","2,625.00",Rs./Quintal,0.90,Metric Tonnes,13-08-2026
Maharashtra,Ahilyanagar,Rahuri APMC,Cereals,Wheat,Other,Non-FAQ,"2,100.00","2,325.00","2,215.00",Rs./Quintal,30.20,Metric Tonnes,13-04-2026
Maharashtra,Ahilyanagar,Rahuri APMC,Cereals,Wheat,Other,Non-FAQ,"2,000.00","2,311.00","2,155.00",Rs./Quintal,20.50,Metric Tonnes,13-03-2026
Maharashtra,Ahilyanagar,Rahuri APMC,Cereals,Wheat,Other,FAQ,"2,450.00","2,500.00","2,475.00",Rs./Quintal,3.10,Metric Tonnes,13-02-2026
Maharashtra,Ahilyanagar,Rahuri APMC,Cereals,Wheat,Other,FAQ,"2,500.00","2,700.00","2,600.00",Rs./Quintal,0.60,Metric Tonnes,13-01-2026
Maharashtra,Ahilyanagar,Rahuri APMC,Cereals,Wheat,Other,FAQ,"2,500.00","2,700.00","2,600.00",Rs./Quintal,0.80,Metric Tonnes,12-12-2025
Maharashtra,Ahilyanagar,Rahuri APMC,Cereals,Wheat,Other,FAQ,"2,610.00","2,650.00","2,630.00",Rs./Quintal,0.60,Metric Tonnes,12-08-2026
Maharashtra,Ahilyanagar,Rahuri APMC,Cereals,Wheat,Other,Non-FAQ,"2,300.00","2,525.00","2,400.00",Rs./Quintal,7.20,Metric Tonnes,12-07-2026
Maharashtra,Ahilyanagar,Rahuri APMC,Cereals,Wheat,Other,Non-FAQ,"2,000.00","2,300.00","2,150.00",Rs./Quintal,3.20,Metric Tonnes,12-06-2026
Maharashtra,Ahilyanagar,Rahuri APMC,Cereals,Wheat,Other,Non-FAQ,"2,100.00","2,300.00","2,200.00",Rs./Quintal,5.70,Metric Tonnes,12-05-2026
Maharashtra,Ahilyanagar,Rahuri APMC,Cereals,Wheat,Other,Non-FAQ,"1,900.00","2,181.00","2,040.00",Rs./Quintal,29.70,Metric Tonnes,12-04-2026
Maharashtra,Ahilyanagar,Rahuri APMC,Cereals,Wheat,Other,FAQ,"2,450.00","3,600.00","3,025.00",Rs./Quintal,9.30,Metric Tonnes,12-03-2026
Maharashtra,Ahilyanagar,Rahuri APMC,Cereals,Wheat,Other,FAQ,"2,625.00","2,650.00","2,630.00",Rs./Quintal,0.20,Metric Tonnes,12-01-2026
Maharashtra,Ahilyanagar,Rahuri APMC,Cereals,Wheat,Other,FAQ,"2,525.00","2,550.00","2,535.00",Rs./Quintal,0.80,Metric Tonnes,11-12-2025
Maharashtra,Ahilyanagar,Rahuri APMC,Cereals,Wheat,Other,Non-FAQ,"2,300.00","2,500.00","2,400.00",Rs./Quintal,6.40,Metric Tonnes,11-07-2026
Maharashtra,Ahilyanagar,Rahuri APMC,Cereals,Wheat,Other,Non-FAQ,"2,000.00","2,400.00","2,200.00",Rs./Quintal,9.40,Metric Tonnes,11-05-2026
Maharashtra,Ahilyanagar,Rahuri APMC,Cereals,Wheat,Other,Non-FAQ,"2,011.00","2,300.00","2,150.00",Rs./Quintal,25.00,Metric Tonnes,11-04-2026
Maharashtra,Ahilyanagar,Rahuri APMC,Cereals,Wheat,Other,FAQ,"2,450.00","3,000.00","2,725.00",Rs./Quintal,13.80,Metric Tonnes,11-03-2026
Maharashtra,Ahilyanagar,Rahuri APMC,Cereals,Wheat,Other,FAQ,"2,450.00","2,650.00","2,550.00",Rs./Quintal,0.80,Metric Tonnes,11-02-2026
Maharashtra,Ahilyanagar,Rahuri APMC,Cereals,Wheat,Other,FAQ,"2,575.00","2,700.00","2,650.00",Rs./Quintal,1.00,Metric Tonnes,11-01-2026
Maharashtra,Ahilyanagar,Rahuri APMC,Cereals,Wheat,Other,FAQ,"2,600.00","2,650.00","2,625.00",Rs./Quintal,5.00,Metric Tonnes,10-08-2026
Maharashtra,Ahilyanagar,Rahuri APMC,Cereals,Wheat,Other,Non-FAQ,"2,500.00","2,500.00","2,500.00",Rs./Quintal,1.30,Metric Tonnes,10-07-2026
Maharashtra,Ahilyanagar,Rahuri APMC,Cereals,Wheat,Other,Non-FAQ,"2,100.00","2,300.00","2,200.00",Rs./Quintal,6.30,Metric Tonnes,10-05-2026
Maharashtra,Ahilyanagar,Rahuri APMC,Cereals,Wheat,Other,Non-FAQ,"2,050.00","2,300.00","2,175.00",Rs./Quintal,45.10,Metric Tonnes,10-04-2026
Maharashtra,Ahilyanagar,Rahuri APMC,Cereals,Wheat,Other,Non-FAQ,"1,500.00","2,350.00","1,925.00",Rs./Quintal,11.20,Metric Tonnes,10-03-2026
Maharashtra,Ahilyanagar,Rahuri APMC,Cereals,Wheat,Other,FAQ,"2,500.00","2,600.00","2,550.00",Rs./Quintal,0.40,Metric Tonnes,10-02-2026
Maharashtra,Ahilyanagar,Rahuri APMC,Cereals,Wheat,Other,FAQ,"2,650.00","2,700.00","2,675.00",Rs./Quintal,0.70,Metric Tonnes,10-01-2026
Maharashtra,Ahilyanagar,Rahuri APMC,Cereals,Wheat,Other,FAQ,"2,600.00","2,625.00","2,612.00",Rs./Quintal,2.10,Metric Tonnes,09-08-2026
Maharashtra,Ahilyanagar,Rahuri APMC,Cereals,Wheat,Other,Non-FAQ,"2,100.00","2,275.00","2,185.00",Rs./Quintal,2.10,Metric Tonnes,09-06-2026
Maharashtra,Ahilyanagar,Rahuri APMC,Cereals,Wheat,Other,Non-FAQ,"2,225.00","2,300.00","2,260.00",Rs./Quintal,6.40,Metric Tonnes,09-05-2026
Maharashtra,Ahilyanagar,Rahuri APMC,Cereals,Wheat,Other,Non-FAQ,"2,050.00","2,225.00","2,130.00",Rs./Quintal,35.40,Metric Tonnes,09-04-2026
Maharashtra,Ahilyanagar,Rahuri APMC,Cereals,Wheat,Other,FAQ,"2,450.00","2,550.00","2,500.00",Rs./Quintal,0.70,Metric Tonnes,09-01-2026
Maharashtra,Ahilyanagar,Rahuri APMC,Cereals,Wheat,Other,FAQ,"2,585.00","2,625.00","2,605.00",Rs./Quintal,3.20,Metric Tonnes,08-08-2026
Maharashtra,Ahilyanagar,Rahuri APMC,Cereals,Wheat,Other,Non-FAQ,"2,500.00","2,500.00","2,500.00",Rs./Quintal,0.70,Metric Tonnes,08-07-2026
Maharashtra,Ahilyanagar,Rahuri APMC,Cereals,Wheat,Other,Non-FAQ,"2,000.00","2,275.00","2,135.00",Rs./Quintal,2.00,Metric Tonnes,08-06-2026
Maharashtra,Ahilyanagar,Rahuri APMC,Cereals,Wheat,Other,Non-FAQ,"2,100.00","2,350.00","2,225.00",Rs./Quintal,5.60,Metric Tonnes,08-05-2026
Maharashtra,Ahilyanagar,Rahuri APMC,Cereals,Wheat,Other,Non-FAQ,"2,000.00","2,200.00","2,100.00",Rs./Quintal,66.20,Metric Tonnes,08-04-2026
Maharashtra,Ahilyanagar,Rahuri APMC,Cereals,Wheat,Other,FAQ,"2,500.00","2,650.00","2,575.00",Rs./Quintal,1.50,Metric Tonnes,08-01-2026
Maharashtra,Ahilyanagar,Rahuri APMC,Cereals,Wheat,Other,FAQ,"2,500.00","2,600.00","2,550.00",Rs./Quintal,1.70,Metric Tonnes,07-12-2025
Maharashtra,Ahilyanagar,Rahuri APMC,Cereals,Wheat,Other,FAQ,"2,600.00","2,650.00","2,625.00",Rs./Quintal,2.80,Metric Tonnes,07-08-2026
Maharashtra,Ahilyanagar,Rahuri APMC,Cereals,Wheat,Other,Non-FAQ,"2,000.00","2,250.00","2,175.00",Rs./Quintal,1.80,Metric Tonnes,07-06-2026
Maharashtra,Ahilyanagar,Rahuri APMC,Cereals,Wheat,Other,Non-FAQ,"1,800.00","2,325.00","2,060.00",Rs./Quintal,4.80,Metric Tonnes,07-05-2026
Maharashtra,Ahilyanagar,Rahuri APMC,Cereals,Wheat,Other,Non-FAQ,"2,000.00","2,300.00","2,150.00",Rs./Quintal,36.40,Metric Tonnes,07-04-2026
Maharashtra,Ahilyanagar,Rahuri APMC,Cereals,Wheat,Other,FAQ,"2,525.00","2,700.00","2,625.00",Rs./Quintal,3.60,Metric Tonnes,06-12-2025
Maharashtra,Ahilyanagar,Rahuri APMC,Cereals,Wheat,Other,FAQ,"2,600.00","2,625.00","2,612.00",Rs./Quintal,3.00,Metric Tonnes,06-08-2026
Maharashtra,Ahilyanagar,Rahuri APMC,Cereals,Wheat,Other,Non-FAQ,"2,300.00","2,450.00","2,375.00",Rs./Quintal,0.90,Metric Tonnes,06-07-2026
Maharashtra,Ahilyanagar,Rahuri APMC,Cereals,Wheat,Other,Non-FAQ,"2,100.00","2,275.00","2,185.00",Rs./Quintal,2.20,Metric Tonnes,06-06-2026
Maharashtra,Ahilyanagar,Rahuri APMC,Cereals,Wheat,Other,Non-FAQ,"2,060.00","2,350.00","2,205.00",Rs./Quintal,7.20,Metric Tonnes,06-05-2026
Maharashtra,Ahilyanagar,Rahuri APMC,Cereals,Wheat,Other,Non-FAQ,"2,200.00","2,300.00","2,250.00",Rs./Quintal,0.70,Metric Tonnes,06-03-2026
Maharashtra,Ahilyanagar,Rahuri APMC,Cereals,Wheat,Other,FAQ,"2,500.00","2,600.00","2,550.00",Rs./Quintal,0.70,Metric Tonnes,06-02-2026
Maharashtra,Ahilyanagar,Rahuri APMC,Cereals,Wheat,Other,Non-FAQ,"2,200.00","2,400.00","2,300.00",Rs./Quintal,0.60,Metric Tonnes,06-02-2026
Maharashtra,Ahilyanagar,Rahuri APMC,Cereals,Wheat,Other,FAQ,"2,500.00","2,600.00","2,550.00",Rs./Quintal,0.40,Metric Tonnes,05-12-2025
Maharashtra,Ahilyanagar,Rahuri APMC,Cereals,Wheat,Other,FAQ,"2,600.00","2,600.00","2,600.00",Rs./Quintal,1.60,Metric Tonnes,05-08-2026
Maharashtra,Ahilyanagar,Rahuri APMC,Cereals,Wheat,Other,Non-FAQ,"2,100.00","2,300.00","2,150.00",Rs./Quintal,1.50,Metric Tonnes,05-06-2026
Maharashtra,Ahilyanagar,Rahuri APMC,Cereals,Wheat,Other,Non-FAQ,"2,250.00","2,350.00","2,300.00",Rs./Quintal,6.20,Metric Tonnes,05-05-2026
Maharashtra,Ahilyanagar,Rahuri APMC,Cereals,Wheat,Other,Non-FAQ,"1,850.00","2,325.00","2,100.00",Rs./Quintal,64.70,Metric Tonnes,05-04-2026
Maharashtra,Ahilyanagar,Rahuri APMC,Cereals,Wheat,Other,FAQ,"2,450.00","2,550.00","2,500.00",Rs./Quintal,0.40,Metric Tonnes,05-02-2026
Maharashtra,Ahilyanagar,Rahuri APMC,Cereals,Wheat,Other,FAQ,"2,500.00","2,700.00","2,600.00",Rs./Quintal,4.70,Metric Tonnes,04-12-2025
Maharashtra,Ahilyanagar,Rahuri APMC,Cereals,Wheat,Other,FAQ,"2,600.00","2,600.00","2,600.00",Rs./Quintal,5.70,Metric Tonnes,04-08-2026
Maharashtra,Ahilyanagar,Rahuri APMC,Cereals,Wheat,Other,FAQ,"3,100.00","3,100.00","3,100.00",Rs./Quintal,4.00,Metric Tonnes,04-07-2026
Maharashtra,Ahilyanagar,Rahuri APMC,Cereals,Wheat,Other,Non-FAQ,"2,000.00","2,300.00","2,150.00",Rs./Quintal,5.30,Metric Tonnes,04-06-2026
Maharashtra,Ahilyanagar,Rahuri APMC,Cereals,Wheat,Other,Non-FAQ,"2,100.00","2,350.00","2,225.00",Rs./Quintal,19.90,Metric Tonnes,04-05-2026
Maharashtra,Ahilyanagar,Rahuri APMC,Cereals,Wheat,Other,Non-FAQ,"1,900.00","2,300.00","2,100.00",Rs./Quintal,0.80,Metric Tonnes,04-03-2026
Maharashtra,Ahilyanagar,Rahuri APMC,Cereals,Wheat,Other,FAQ,"2,600.00","2,625.00","2,612.00",Rs./Quintal,7.30,Metric Tonnes,03-08-2026
Maharashtra,Ahilyanagar,Rahuri APMC,Cereals,Wheat,Other,Non-FAQ,"2,200.00","2,400.00","2,300.00",Rs./Quintal,1.20,Metric Tonnes,03-07-2026
Maharashtra,Ahilyanagar,Rahuri APMC,Cereals,Wheat,Other,Non-FAQ,"2,100.00","2,300.00","2,200.00",Rs./Quintal,13.90,Metric Tonnes,03-04-2026
Maharashtra,Ahilyanagar,Rahuri APMC,Cereals,Wheat,Other,Non-FAQ,"2,200.00","2,250.00","2,225.00",Rs./Quintal,1.20,Metric Tonnes,03-03-2026
Maharashtra,Ahilyanagar,Rahuri APMC,Cereals,Wheat,Other,Non-FAQ,"2,200.00","2,450.00","2,375.00",Rs./Quintal,8.00,Metric Tonnes,02-07-2026
Maharashtra,Ahilyanagar,Rahuri APMC,Cereals,Wheat,Other,Non-FAQ,"2,100.00","2,310.00","2,205.00",Rs./Quintal,11.70,Metric Tonnes,02-06-2026
Maharashtra,Ahilyanagar,Rahuri APMC,Cereals,Wheat,Other,Non-FAQ,"2,000.00","2,200.00","2,100.00",Rs./Quintal,38.00,Metric Tonnes,02-04-2026
Maharashtra,Ahilyanagar,Rahuri APMC,Cereals,Wheat,Other,Non-FAQ,"2,000.00","2,350.00","2,175.00",Rs./Quintal,1.00,Metric Tonnes,02-03-2026
Maharashtra,Ahilyanagar,Rahuri APMC,Cereals,Wheat,Other,FAQ,"2,610.00","2,700.00","2,655.00",Rs./Quintal,1.20,Metric Tonnes,02-02-2026
Maharashtra,Ahilyanagar,Rahuri APMC,Cereals,Wheat,Other,Non-FAQ,"2,000.00","2,300.00","2,150.00",Rs./Quintal,1.90,Metric Tonnes,01-06-2026
Maharashtra,Ahilyanagar,Rahuri APMC,Cereals,Wheat,Other,Non-FAQ,"1,700.00","2,200.00","1,950.00",Rs./Quintal,16.60,Metric Tonnes,01-04-2026
Maharashtra,Ahilyanagar,Rahuri APMC,Cereals,Wheat,Other,Non-FAQ,"2,100.00","2,300.00","2,200.00",Rs./Quintal,0.30,Metric Tonnes,01-03-2026
Maharashtra,Ahilyanagar,Rahuri(Vambori) APMC,Cereals,Wheat,Other,FAQ,"2,700.00","2,800.00","2,739.00",Rs./Quintal,0.80,Metric Tonnes,31-12-2025
Maharashtra,Ahilyanagar,Rahuri(Vambori) APMC,Cereals,Wheat,Other,FAQ,"2,620.00","2,650.00","2,635.00",Rs./Quintal,1.30,Metric Tonnes,31-07-2026
Maharashtra,Ahilyanagar,Rahuri(Vambori) APMC,Cereals,Wheat,Other,FAQ,"2,450.00","2,752.00","2,643.00",Rs./Quintal,0.50,Metric Tonnes,31-01-2026
Maharashtra,Ahilyanagar,Rahuri(Vambori) APMC,Cereals,Wheat,Other,FAQ,"2,600.00","2,626.00","2,622.00",Rs./Quintal,1.70,Metric Tonnes,30-07-2026
Maharashtra,Ahilyanagar,Rahuri(Vambori) APMC,Cereals,Wheat,Other,Non-FAQ,"2,425.00","2,580.00","2,538.00",Rs./Quintal,1.50,Metric Tonnes,30-06-2026
Maharashtra,Ahilyanagar,Rahuri(Vambori) APMC,Cereals,Wheat,Other,Non-FAQ,"2,290.00","2,500.00","2,361.00",Rs./Quintal,3.50,Metric Tonnes,30-05-2026
Maharashtra,Ahilyanagar,Rahuri(Vambori) APMC,Cereals,Wheat,Other,Non-FAQ,"2,251.00","2,533.00","2,301.00",Rs./Quintal,6.70,Metric Tonnes,30-04-2026
Maharashtra,Ahilyanagar,Rahuri(Vambori) APMC,Cereals,Wheat,Other,FAQ,"2,701.00","2,890.00","2,793.00",Rs./Quintal,2.50,Metric Tonnes,30-01-2026
Maharashtra,Ahilyanagar,Rahuri(Vambori) APMC,Cereals,Wheat,Other,FAQ,"2,451.00","2,860.00","2,655.00",Rs./Quintal,1.00,Metric Tonnes,29-11-2025
Maharashtra,Ahilyanagar,Rahuri(Vambori) APMC,Cereals,Wheat,Other,FAQ,"2,645.00","2,645.00","2,645.00",Rs./Quintal,1.00,Metric Tonnes,29-07-2026
Maharashtra,Ahilyanagar,Rahuri(Vambori) APMC,Cereals,Wheat,Other,Non-FAQ,"2,100.00","2,350.00","2,302.00",Rs./Quintal,0.70,Metric Tonnes,29-05-2026
Maharashtra,Ahilyanagar,Rahuri(Vambori) APMC,Cereals,Wheat,Other,Non-FAQ,"2,250.00","2,250.00","2,250.00",Rs./Quintal,0.10,Metric Tonnes,29-04-2026
Maharashtra,Ahilyanagar,Rahuri(Vambori) APMC,Cereals,Wheat,Other,FAQ,"2,801.00","2,801.00","2,801.00",Rs./Quintal,0.10,Metric Tonnes,29-01-2026
Maharashtra,Ahilyanagar,Rahuri(Vambori) APMC,Cereals,Wheat,Other,FAQ,"2,512.00","2,723.00","2,632.00",Rs./Quintal,1.00,Metric Tonnes,28-11-2025
Maharashtra,Ahilyanagar,Rahuri(Vambori) APMC,Cereals,Wheat,Other,FAQ,"2,651.00","2,825.00","2,728.00",Rs./Quintal,2.30,Metric Tonnes,28-07-2026
Maharashtra,Ahilyanagar,Rahuri(Vambori) APMC,Cereals,Wheat,Other,Non-FAQ,"2,291.00","2,351.00","2,316.00",Rs./Quintal,2.70,Metric Tonnes,28-05-2026
Maharashtra,Ahilyanagar,Rahuri(Vambori) APMC,Cereals,Wheat,Other,Non-FAQ,"2,090.00","2,390.00","2,250.00",Rs./Quintal,7.80,Metric Tonnes,28-04-2026
Maharashtra,Ahilyanagar,Rahuri(Vambori) APMC,Cereals,Wheat,Other,Non-FAQ,"2,050.00","2,300.00","2,100.00",Rs./Quintal,18.50,Metric Tonnes,28-03-2026
Maharashtra,Ahilyanagar,Rahuri(Vambori) APMC,Cereals,Wheat,Other,FAQ,"2,500.00","2,500.00","2,500.00",Rs./Quintal,0.20,Metric Tonnes,28-02-2026
Maharashtra,Ahilyanagar,Rahuri(Vambori) APMC,Cereals,Wheat,Other,Non-FAQ,"1,900.00","2,250.00","2,075.00",Rs./Quintal,2.20,Metric Tonnes,28-02-2026
Maharashtra,Ahilyanagar,Rahuri(Vambori) APMC,Cereals,Wheat,Other,FAQ,"2,452.00","2,951.00","2,701.00",Rs./Quintal,0.80,Metric Tonnes,28-01-2026
Maharashtra,Ahilyanagar,Rahuri(Vambori) APMC,Cereals,Wheat,Other,Non-FAQ,"2,300.00","2,300.00","2,300.00",Rs./Quintal,0.10,Metric Tonnes,28-01-2026
Maharashtra,Ahilyanagar,Rahuri(Vambori) APMC,Cereals,Wheat,Other,FAQ,"2,450.00","2,740.00","2,607.00",Rs./Quintal,0.30,Metric Tonnes,27-12-2025
Maharashtra,Ahilyanagar,Rahuri(Vambori) APMC,Cereals,Wheat,Other,FAQ,"2,670.00","2,685.00","2,677.00",Rs./Quintal,1.70,Metric Tonnes,27-11-2025
Maharashtra,Ahilyanagar,Rahuri(Vambori) APMC,Cereals,Wheat,Other,Non-FAQ,"2,350.00","2,350.00","2,350.00",Rs./Quintal,0.30,Metric Tonnes,27-11-2025
Maharashtra,Ahilyanagar,Rahuri(Vambori) APMC,Cereals,Wheat,Other,Non-FAQ,"2,394.00","2,394.00","2,394.00",Rs./Quintal,0.70,Metric Tonnes,27-06-2026
Maharashtra,Ahilyanagar,Rahuri(Vambori) APMC,Cereals,Wheat,Other,Non-FAQ,"2,300.00","2,450.00","2,352.00",Rs./Quintal,3.10,Metric Tonnes,27-05-2026
Maharashtra,Ahilyanagar,Rahuri(Vambori) APMC,Cereals,Wheat,Other,Non-FAQ,"2,051.00","2,401.00","2,120.00",Rs./Quintal,16.00,Metric Tonnes,27-03-2026
Maharashtra,Ahilyanagar,Rahuri(Vambori) APMC,Cereals,Wheat,Other,FAQ,"2,781.00","2,920.00","2,868.00",Rs./Quintal,1.10,Metric Tonnes,27-01-2026
Maharashtra,Ahilyanagar,Rahuri(Vambori) APMC,Cereals,Wheat,Other,FAQ,"2,425.00","2,711.00","2,530.00",Rs./Quintal,0.60,Metric Tonnes,26-12-2025
Maharashtra,Ahilyanagar,Rahuri(Vambori) APMC,Cereals,Wheat,Other,FAQ,"2,450.00","2,600.00","2,525.00",Rs./Quintal,0.60,Metric Tonnes,26-11-2025
Maharashtra,Ahilyanagar,Rahuri(Vambori) APMC,Cereals,Wheat,Other,Non-FAQ,"2,301.00","2,301.00","2,301.00",Rs./Quintal,0.30,Metric Tonnes,26-11-2025
Maharashtra,Ahilyanagar,Rahuri(Vambori) APMC,Cereals,Wheat,Other,Non-FAQ,"2,301.00","2,399.00","2,331.00",Rs./Quintal,1.10,Metric Tonnes,26-05-2026
Maharashtra,Ahilyanagar,Rahuri(Vambori) APMC,Cereals,Wheat,Other,Non-FAQ,"2,000.00","2,425.00","2,084.00",Rs./Quintal,12.40,Metric Tonnes,26-03-2026
Maharashtra,Ahilyanagar,Rahuri(Vambori) APMC,Cereals,Wheat,Other,Non-FAQ,"2,176.00","2,261.00","2,200.00",Rs./Quintal,0.50,Metric Tonnes,26-02-2026
Maharashtra,Ahilyanagar,Rahuri(Vambori) APMC,Cereals,Wheat,Other,FAQ,"2,720.00","2,720.00","2,720.00",Rs./Quintal,0.10,Metric Tonnes,25-12-2025
Maharashtra,Ahilyanagar,Rahuri(Vambori) APMC,Cereals,Wheat,Other,FAQ,"2,500.00","2,776.00","2,638.00",Rs./Quintal,2.30,Metric Tonnes,25-11-2025
Maharashtra,Ahilyanagar,Rahuri(Vambori) APMC,Cereals,Wheat,Other,Non-FAQ,"2,301.00","2,350.00","2,325.00",Rs./Quintal,0.50,Metric Tonnes,25-11-2025
Maharashtra,Ahilyanagar,Rahuri(Vambori) APMC,Cereals,Wheat,Other,FAQ,"2,590.00","2,700.00","2,616.00",Rs./Quintal,0.90,Metric Tonnes,25-07-2026
Maharashtra,Ahilyanagar,Rahuri(Vambori) APMC,Cereals,Wheat,Other,Non-FAQ,"2,240.00","2,280.00","2,267.00",Rs./Quintal,0.30,Metric Tonnes,25-04-2026
Maharashtra,Ahilyanagar,Rahuri(Vambori) APMC,Cereals,Wheat,Other,Non-FAQ,"2,062.00","2,317.00","2,216.00",Rs./Quintal,5.60,Metric Tonnes,25-03-2026
Maharashtra,Ahilyanagar,Rahuri(Vambori) APMC,Cereals,Wheat,Other,Non-FAQ,"2,235.00","2,235.00","2,235.00",Rs./Quintal,0.10,Metric Tonnes,25-02-2026
Maharashtra,Ahilyanagar,Rahuri(Vambori) APMC,Cereals,Wheat,Other,FAQ,"2,625.00","2,750.00","2,656.00",Rs./Quintal,1.90,Metric Tonnes,24-12-2025
Maharashtra,Ahilyanagar,Rahuri(Vambori) APMC,Cereals,Wheat,Other,FAQ,"2,630.00","2,675.00","2,661.00",Rs./Quintal,2.00,Metric Tonnes,24-07-2026
Maharashtra,Ahilyanagar,Rahuri(Vambori) APMC,Cereals,Wheat,Other,Non-FAQ,"2,200.00","2,231.00","2,215.00",Rs./Quintal,2.30,Metric Tonnes,24-04-2026
Maharashtra,Ahilyanagar,Rahuri(Vambori) APMC,Cereals,Wheat,Other,FAQ,"2,491.00","2,491.00","2,491.00",Rs./Quintal,0.20,Metric Tonnes,24-03-2026
Maharashtra,Ahilyanagar,Rahuri(Vambori) APMC,Cereals,Wheat,Other,Non-FAQ,"1,901.00","2,386.00","2,143.00",Rs./Quintal,2.20,Metric Tonnes,24-03-2026
Maharashtra,Ahilyanagar,Rahuri(Vambori) APMC,Cereals,Wheat,Other,FAQ,"2,491.00","2,491.00","2,491.00",Rs./Quintal,1.10,Metric Tonnes,24-02-2026
Maharashtra,Ahilyanagar,Rahuri(Vambori) APMC,Cereals,Wheat,Other,Non-FAQ,"2,200.00","2,400.00","2,300.00",Rs./Quintal,1.70,Metric Tonnes,24-02-2026
Maharashtra,Ahilyanagar,Rahuri(Vambori) APMC,Cereals,Wheat,Other,FAQ,"2,500.00","2,947.00","2,581.00",Rs./Quintal,0.90,Metric Tonnes,24-01-2026
Maharashtra,Ahilyanagar,Rahuri(Vambori) APMC,Cereals,Wheat,Other,Non-FAQ,"2,300.00","2,400.00","2,350.00",Rs./Quintal,0.40,Metric Tonnes,24-01-2026
Maharashtra,Ahilyanagar,Rahuri(Vambori) APMC,Cereals,Wheat,Other,FAQ,"2,431.00","2,686.00","2,558.00",Rs./Quintal,1.60,Metric Tonnes,23-12-2025
Maharashtra,Ahilyanagar,Rahuri(Vambori) APMC,Cereals,Wheat,Other,FAQ,"2,590.00","2,590.00","2,590.00",Rs./Quintal,0.10,Metric Tonnes,23-07-2026
Maharashtra,Ahilyanagar,Rahuri(Vambori) APMC,Cereals,Wheat,Other,Non-FAQ,"2,320.00","2,490.00","2,379.00",Rs./Quintal,5.00,Metric Tonnes,23-06-2026
Maharashtra,Ahilyanagar,Rahuri(Vambori) APMC,Cereals,Wheat,Other,Non-FAQ,"2,280.00","2,375.00","2,315.00",Rs./Quintal,5.40,Metric Tonnes,23-05-2026
Maharashtra,Ahilyanagar,Rahuri(Vambori) APMC,Cereals,Wheat,Other,FAQ,"2,511.00","2,725.00","2,611.00",Rs./Quintal,0.40,Metric Tonnes,23-01-2026
Maharashtra,Ahilyanagar,Rahuri(Vambori) APMC,Cereals,Wheat,Other,FAQ,"2,431.00","2,722.00","2,563.00",Rs./Quintal,1.00,Metric Tonnes,22-11-2025
Maharashtra,Ahilyanagar,Rahuri(Vambori) APMC,Cereals,Wheat,Other,FAQ,"2,590.00","2,671.00","2,619.00",Rs./Quintal,1.60,Metric Tonnes,22-07-2026
Maharashtra,Ahilyanagar,Rahuri(Vambori) APMC,Cereals,Wheat,Other,Non-FAQ,"2,290.00","2,290.00","2,290.00",Rs./Quintal,0.70,Metric Tonnes,22-05-2026
Maharashtra,Ahilyanagar,Rahuri(Vambori) APMC,Cereals,Wheat,Other,Non-FAQ,"2,076.00","2,375.00","2,166.00",Rs./Quintal,3.60,Metric Tonnes,22-04-2026
Maharashtra,Ahilyanagar,Rahuri(Vambori) APMC,Cereals,Wheat,Other,FAQ,"2,621.00","2,621.00","2,621.00",Rs./Quintal,0.40,Metric Tonnes,22-01-2026
Maharashtra,Ahilyanagar,Rahuri(Vambori) APMC,Cereals,Wheat,Other,Non-FAQ,"2,325.00","2,375.00","2,350.00",Rs./Quintal,0.20,Metric Tonnes,21-11-2025
Maharashtra,Ahilyanagar,Rahuri(Vambori) APMC,Cereals,Wheat,Other,FAQ,"2,745.00","2,745.00","2,745.00",Rs./Quintal,0.40,Metric Tonnes,21-08-2026
Maharashtra,Ahilyanagar,Rahuri(Vambori) APMC,Cereals,Wheat,Other,Non-FAQ,"2,550.00","2,550.00","2,550.00",Rs./Quintal,0.20,Metric Tonnes,21-08-2026
Maharashtra,Ahilyanagar,Rahuri(Vambori) APMC,Cereals,Wheat,Other,FAQ,"2,597.00","2,656.00","2,626.00",Rs./Quintal,4.50,Metric Tonnes,21-07-2026
Maharashtra,Ahilyanagar,Rahuri(Vambori) APMC,Cereals,Wheat,Other,Non-FAQ,"2,302.00","2,346.00","2,328.00",Rs./Quintal,1.00,Metric Tonnes,21-05-2026
Maharashtra,Ahilyanagar,Rahuri(Vambori) APMC,Cereals,Wheat,Other,Non-FAQ,"2,000.00","2,200.00","2,100.00",Rs./Quintal,6.20,Metric Tonnes,21-04-2026
Maharashtra,Ahilyanagar,Rahuri(Vambori) APMC,Cereals,Wheat,Other,FAQ,"2,751.00","2,751.00","2,751.00",Rs./Quintal,0.50,Metric Tonnes,21-02-2026
Maharashtra,Ahilyanagar,Rahuri(Vambori) APMC,Cereals,Wheat,Other,FAQ,"2,525.00","2,875.00","2,795.00",Rs./Quintal,1.50,Metric Tonnes,21-01-2026
Maharashtra,Ahilyanagar,Rahuri(Vambori) APMC,Cereals,Wheat,Other,FAQ,"2,435.00","2,551.00","2,493.00",Rs./Quintal,0.40,Metric Tonnes,20-12-2025
Maharashtra,Ahilyanagar,Rahuri(Vambori) APMC,Cereals,Wheat,Other,Non-FAQ,"2,400.00","2,400.00","2,400.00",Rs./Quintal,0.30,Metric Tonnes,20-12-2025
Maharashtra,Ahilyanagar,Rahuri(Vambori) APMC,Cereals,Wheat,Other,FAQ,"2,475.00","2,825.00","2,500.00",Rs./Quintal,1.50,Metric Tonnes,20-11-2025
Maharashtra,Ahilyanagar,Rahuri(Vambori) APMC,Cereals,Wheat,Other,FAQ,"2,600.00","2,675.00","2,622.00",Rs./Quintal,1.30,Metric Tonnes,20-08-2026
Maharashtra,Ahilyanagar,Rahuri(Vambori) APMC,Cereals,Wheat,Other,Non-FAQ,"2,260.00","2,260.00","2,260.00",Rs./Quintal,0.10,Metric Tonnes,20-06-2026
Maharashtra,Ahilyanagar,Rahuri(Vambori) APMC,Cereals,Wheat,Other,Non-FAQ,"2,309.00","2,350.00","2,329.00",Rs./Quintal,1.00,Metric Tonnes,20-05-2026
Maharashtra,Ahilyanagar,Rahuri(Vambori) APMC,Cereals,Wheat,Other,Non-FAQ,"2,186.00","2,186.00","2,186.00",Rs./Quintal,1.10,Metric Tonnes,20-03-2026
Maharashtra,Ahilyanagar,Rahuri(Vambori) APMC,Cereals,Wheat,Other,FAQ,"2,600.00","2,600.00","2,600.00",Rs./Quintal,1.80,Metric Tonnes,20-02-2026
Maharashtra,Ahilyanagar,Rahuri(Vambori) APMC,Cereals,Wheat,Other,FAQ,"2,852.00","2,852.00","2,852.00",Rs./Quintal,0.20,Metric Tonnes,20-01-2026
Maharashtra,Ahilyanagar,Rahuri(Vambori) APMC,Cereals,Wheat,Other,FAQ,"2,550.00","2,751.00","2,650.00",Rs./Quintal,1.10,Metric Tonnes,19-11-2025
Maharashtra,Ahilyanagar,Rahuri(Vambori) APMC,Cereals,Wheat,Other,Non-FAQ,"2,375.00","2,375.00","2,375.00",Rs./Quintal,0.30,Metric Tonnes,19-11-2025
Maharashtra,Ahilyanagar,Rahuri(Vambori) APMC,Cereals,Wheat,Other,FAQ,"2,585.00","2,780.00","2,666.00",Rs./Quintal,1.80,Metric Tonnes,19-08-2026
Maharashtra,Ahilyanagar,Rahuri(Vambori) APMC,Cereals,Wheat,Other,Non-FAQ,"2,240.00","2,450.00","2,300.00",Rs./Quintal,1.10,Metric Tonnes,19-06-2026
Maharashtra,Ahilyanagar,Rahuri(Vambori) APMC,Cereals,Wheat,Other,Non-FAQ,"2,170.00","2,341.00","2,306.00",Rs./Quintal,3.60,Metric Tonnes,19-05-2026
Maharashtra,Ahilyanagar,Rahuri(Vambori) APMC,Cereals,Wheat,Other,Non-FAQ,"2,186.00","2,326.00","2,226.00",Rs./Quintal,3.00,Metric Tonnes,19-03-2026
Maharashtra,Ahilyanagar,Rahuri(Vambori) APMC,Cereals,Wheat,Other,FAQ,"2,800.00","2,800.00","2,800.00",Rs./Quintal,0.40,Metric Tonnes,18-12-2025
Maharashtra,Ahilyanagar,Rahuri(Vambori) APMC,Cereals,Wheat,Other,FAQ,"2,613.00","2,730.00","2,671.00",Rs./Quintal,1.10,Metric Tonnes,18-08-2026
Maharashtra,Ahilyanagar,Rahuri(Vambori) APMC,Cereals,Wheat,Other,Non-FAQ,"2,570.00","2,570.00","2,570.00",Rs./Quintal,160.00,Metric Tonnes,18-08-2026
Maharashtra,Ahilyanagar,Rahuri(Vambori) APMC,Cereals,Wheat,Other,FAQ,"2,650.00","2,650.00","2,650.00",Rs./Quintal,0.10,Metric Tonnes,18-07-2026
Maharashtra,Ahilyanagar,Rahuri(Vambori) APMC,Cereals,Wheat,Other,Non-FAQ,"2,511.00","2,550.00","2,530.00",Rs./Quintal,0.80,Metric Tonnes,18-07-2026
Maharashtra,Ahilyanagar,Rahuri(Vambori) APMC,Cereals,Wheat,Other,Non-FAQ,"2,326.00","2,451.00","2,420.00",Rs./Quintal,1.00,Metric Tonnes,18-06-2026
Maharashtra,Ahilyanagar,Rahuri(Vambori) APMC,Cereals,Wheat,Other,Non-FAQ,"2,131.00","2,475.00","2,178.00",Rs./Quintal,6.50,Metric Tonnes,18-04-2026
Maharashtra,Ahilyanagar,Rahuri(Vambori) APMC,Cereals,Wheat,Other,FAQ,"2,450.00","2,450.00","2,450.00",Rs./Quintal,0.20,Metric Tonnes,18-03-2026
Maharashtra,Ahilyanagar,Rahuri(Vambori) APMC,Cereals,Wheat,Other,Non-FAQ,"1,800.00","2,261.00","2,030.00",Rs./Quintal,6.20,Metric Tonnes,18-03-2026
Maharashtra,Ahilyanagar,Rahuri(Vambori) APMC,Cereals,Wheat,Other,FAQ,"2,475.00","2,651.00","2,563.00",Rs./Quintal,0.60,Metric Tonnes,18-02-2026
Maharashtra,Ahilyanagar,Rahuri(Vambori) APMC,Cereals,Wheat,Other,Non-FAQ,"2,300.00","2,300.00","2,300.00",Rs./Quintal,0.30,Metric Tonnes,18-02-2026
Maharashtra,Ahilyanagar,Rahuri(Vambori) APMC,Cereals,Wheat,Other,Non-FAQ,"2,140.00","2,250.00","2,163.00",Rs./Quintal,7.50,Metric Tonnes,17-04-2026
Maharashtra,Ahilyanagar,Rahuri(Vambori) APMC,Cereals,Wheat,Other,Non-FAQ,"2,175.00","2,400.00","2,292.00",Rs./Quintal,3.60,Metric Tonnes,17-03-2026
Maharashtra,Ahilyanagar,Rahuri(Vambori) APMC,Cereals,Wheat,Other,Non-FAQ,"2,370.00","2,370.00","2,370.00",Rs./Quintal,0.40,Metric Tonnes,17-02-2026
Maharashtra,Ahilyanagar,Rahuri(Vambori) APMC,Cereals,Wheat,Other,FAQ,"2,801.00","2,881.00","2,841.00",Rs./Quintal,1.10,Metric Tonnes,17-01-2026
Maharashtra,Ahilyanagar,Rahuri(Vambori) APMC,Cereals,Wheat,Other,FAQ,"2,425.00","2,675.00","2,620.00",Rs./Quintal,0.90,Metric Tonnes,16-12-2025
Maharashtra,Ahilyanagar,Rahuri(Vambori) APMC,Cereals,Wheat,Other,FAQ,"2,721.00","2,721.00","2,721.00",Rs./Quintal,1.00,Metric Tonnes,16-07-2026
Maharashtra,Ahilyanagar,Rahuri(Vambori) APMC,Cereals,Wheat,Other,Non-FAQ,"2,530.00","2,540.00","2,535.00",Rs./Quintal,1.00,Metric Tonnes,16-07-2026
Maharashtra,Ahilyanagar,Rahuri(Vambori) APMC,Cereals,Wheat,Other,Non-FAQ,"2,275.00","2,307.00","2,295.00",Rs./Quintal,1.60,Metric Tonnes,16-06-2026
Maharashtra,Ahilyanagar,Rahuri(Vambori) APMC,Cereals,Wheat,Other,Non-FAQ,"2,251.00","2,375.00","2,317.00",Rs./Quintal,1.40,Metric Tonnes,16-05-2026
Maharashtra,Ahilyanagar,Rahuri(Vambori) APMC,Cereals,Wheat,Other,Non-FAQ,"2,131.00","2,140.00","2,137.00",Rs./Quintal,1.70,Metric Tonnes,16-04-2026
Maharashtra,Ahilyanagar,Rahuri(Vambori) APMC,Cereals,Wheat,Other,FAQ,"2,500.00","2,800.00","2,650.00",Rs./Quintal,2.00,Metric Tonnes,15-11-2025
Maharashtra,Ahilyanagar,Rahuri(Vambori) APMC,Cereals,Wheat,Other,FAQ,"2,621.00","2,750.00","2,681.00",Rs./Quintal,3.40,Metric Tonnes,15-08-2026
Maharashtra,Ahilyanagar,Rahuri(Vambori) APMC,Cereals,Wheat,Other,FAQ,"2,617.00","2,660.00","2,638.00",Rs./Quintal,3.00,Metric Tonnes,15-07-2026
Maharashtra,Ahilyanagar,Rahuri(Vambori) APMC,Cereals,Wheat,Other,Non-FAQ,"2,500.00","2,500.00","2,500.00",Rs./Quintal,1.70,Metric Tonnes,15-07-2026
Maharashtra,Ahilyanagar,Rahuri(Vambori) APMC,Cereals,Wheat,Other,Non-FAQ,"2,250.00","2,426.00","2,338.00",Rs./Quintal,4.10,Metric Tonnes,15-05-2026
Maharashtra,Ahilyanagar,Rahuri(Vambori) APMC,Cereals,Wheat,Other,Non-FAQ,"2,108.00","2,486.00","2,192.00",Rs./Quintal,6.80,Metric Tonnes,15-04-2026
Maharashtra,Ahilyanagar,Rahuri(Vambori) APMC,Cereals,Wheat,Other,FAQ,"2,700.00","2,700.00","2,700.00",Rs./Quintal,0.30,Metric Tonnes,15-01-2026
Maharashtra,Ahilyanagar,Rahuri(Vambori) APMC,Cereals,Wheat,Other,FAQ,"2,450.00","2,501.00","2,475.00",Rs./Quintal,0.30,Metric Tonnes,14-11-2025
Maharashtra,Ahilyanagar,Rahuri(Vambori) APMC,Cereals,Wheat,Other,FAQ,"2,600.00","2,640.00","2,625.00",Rs./Quintal,2.50,Metric Tonnes,14-08-2026
Maharashtra,Ahilyanagar,Rahuri(Vambori) APMC,Cereals,Wheat,Other,Non-FAQ,"2,496.00","2,577.00","2,515.00",Rs./Quintal,2.20,Metric Tonnes,14-07-2026
Maharashtra,Ahilyanagar,Rahuri(Vambori) APMC,Cereals,Wheat,Other,Non-FAQ,"2,525.00","2,525.00","2,525.00",Rs./Quintal,0.40,Metric Tonnes,14-05-2026
Maharashtra,Ahilyanagar,Rahuri(Vambori) APMC,Cereals,Wheat,Other,Non-FAQ,"2,100.00","2,116.00","2,103.00",Rs./Quintal,3.30,Metric Tonnes,14-04-2026
Maharashtra,Ahilyanagar,Rahuri(Vambori) APMC,Cereals,Wheat,Other,FAQ,"2,435.00","2,435.00","2,435.00",Rs./Quintal,1.40,Metric Tonnes,14-03-2026
Maharashtra,Ahilyanagar,Rahuri(Vambori) APMC,Cereals,Wheat,Other,Non-FAQ,"2,175.00","2,175.00","2,175.00",Rs./Quintal,0.80,Metric Tonnes,14-03-2026
Maharashtra,Ahilyanagar,Rahuri(Vambori) APMC,Cereals,Wheat,Other,FAQ,"2,590.00","2,681.00","2,639.00",Rs./Quintal,0.90,Metric Tonnes,14-02-2026
Maharashtra,Ahilyanagar,Rahuri(Vambori) APMC,Cereals,Wheat,Other,FAQ,"2,525.00","2,780.00","2,651.00",Rs./Quintal,2.40,Metric Tonnes,13-12-2025
Maharashtra,Ahilyanagar,Rahuri(Vambori) APMC,Cereals,Wheat,Other,Non-FAQ,"2,400.00","2,400.00","2,400.00",Rs./Quintal,0.10,Metric Tonnes,13-11-2025
Maharashtra,Ahilyanagar,Rahuri(Vambori) APMC,Cereals,Wheat,Other,FAQ,"2,630.00","2,660.00","2,645.00",Rs./Quintal,0.90,Metric Tonnes,13-08-2026
Maharashtra,Ahilyanagar,Rahuri(Vambori) APMC,Cereals,Wheat,Other,Non-FAQ,"2,550.00","2,550.00","2,550.00",Rs./Quintal,0.10,Metric Tonnes,13-08-2026
Maharashtra,Ahilyanagar,Rahuri(Vambori) APMC,Cereals,Wheat,Other,Non-FAQ,"2,260.00","2,300.00","2,278.00",Rs./Quintal,1.10,Metric Tonnes,13-06-2026
Maharashtra,Ahilyanagar,Rahuri(Vambori) APMC,Cereals,Wheat,Other,Non-FAQ,"2,270.00","2,350.00","2,319.00",Rs./Quintal,2.70,Metric Tonnes,13-05-2026
Maharashtra,Ahilyanagar,Rahuri(Vambori) APMC,Cereals,Wheat,Other,Non-FAQ,"2,237.00","2,250.00","2,239.00",Rs./Quintal,2.70,Metric Tonnes,13-03-2026
Maharashtra,Ahilyanagar,Rahuri(Vambori) APMC,Cereals,Wheat,Other,FAQ,"2,462.00","2,700.00","2,581.00",Rs./Quintal,0.60,Metric Tonnes,13-02-2026
Maharashtra,Ahilyanagar,Rahuri(Vambori) APMC,Cereals,Wheat,Other,Non-FAQ,"2,202.00","2,202.00","2,202.00",Rs./Quintal,0.10,Metric Tonnes,13-02-2026
Maharashtra,Ahilyanagar,Rahuri(Vambori) APMC,Cereals,Wheat,Other,FAQ,"2,620.00","2,876.00","2,748.00",Rs./Quintal,0.90,Metric Tonnes,13-01-2026
Maharashtra,Ahilyanagar,Rahuri(Vambori) APMC,Cereals,Wheat,Other,Non-FAQ,"2,350.00","2,350.00","2,350.00",Rs./Quintal,0.40,Metric Tonnes,13-01-2026
Maharashtra,Ahilyanagar,Rahuri(Vambori) APMC,Cereals,Wheat,Other,FAQ,"2,725.00","2,725.00","2,725.00",Rs./Quintal,0.30,Metric Tonnes,12-12-2025
Maharashtra,Ahilyanagar,Rahuri(Vambori) APMC,Cereals,Wheat,Other,FAQ,"2,550.00","2,550.00","2,550.00",Rs./Quintal,0.40,Metric Tonnes,12-11-2025
Maharashtra,Ahilyanagar,Rahuri(Vambori) APMC,Cereals,Wheat,Other,FAQ,"2,610.00","2,700.00","2,650.00",Rs./Quintal,3.10,Metric Tonnes,12-08-2026
Maharashtra,Ahilyanagar,Rahuri(Vambori) APMC,Cereals,Wheat,Other,Non-FAQ,"2,250.00","2,250.00","2,250.00",Rs./Quintal,0.30,Metric Tonnes,12-06-2026
Maharashtra,Ahilyanagar,Rahuri(Vambori) APMC,Cereals,Wheat,Other,Non-FAQ,"2,100.00","2,550.00","2,315.00",Rs./Quintal,5.90,Metric Tonnes,12-05-2026
Maharashtra,Ahilyanagar,Rahuri(Vambori) APMC,Cereals,Wheat,Other,Non-FAQ,"2,175.00","2,201.00","2,189.00",Rs./Quintal,4.90,Metric Tonnes,12-03-2026
Maharashtra,Ahilyanagar,Rahuri(Vambori) APMC,Cereals,Wheat,Other,FAQ,"2,500.00","2,500.00","2,500.00",Rs./Quintal,0.30,Metric Tonnes,12-02-2026
Maharashtra,Ahilyanagar,Rahuri(Vambori) APMC,Cereals,Wheat,Other,FAQ,"2,568.00","2,722.00","2,645.00",Rs./Quintal,0.60,Metric Tonnes,11-12-2025
Maharashtra,Ahilyanagar,Rahuri(Vambori) APMC,Cereals,Wheat,Other,Non-FAQ,"2,260.00","2,260.00","2,260.00",Rs./Quintal,0.20,Metric Tonnes,11-12-2025
Maharashtra,Ahilyanagar,Rahuri(Vambori) APMC,Cereals,Wheat,Other,FAQ,"2,570.00","2,600.00","2,585.00",Rs./Quintal,1.60,Metric Tonnes,11-11-2025
Maharashtra,Ahilyanagar,Rahuri(Vambori) APMC,Cereals,Wheat,Other,FAQ,"2,600.00","2,726.00","2,651.00",Rs./Quintal,4.60,Metric Tonnes,11-08-2026
Maharashtra,Ahilyanagar,Rahuri(Vambori) APMC,Cereals,Wheat,Other,FAQ,"2,594.00","2,700.00","2,647.00",Rs./Quintal,1.30,Metric Tonnes,11-07-2026
Maharashtra,Ahilyanagar,Rahuri(Vambori) APMC,Cereals,Wheat,Other,Non-FAQ,"2,191.00","2,491.00","2,341.00",Rs./Quintal,3.70,Metric Tonnes,11-07-2026
Maharashtra,Ahilyanagar,Rahuri(Vambori) APMC,Cereals,Wheat,Other,Non-FAQ,"2,380.00","2,380.00","2,380.00",Rs./Quintal,0.30,Metric Tonnes,11-06-2026
Maharashtra,Ahilyanagar,Rahuri(Vambori) APMC,Cereals,Wheat,Other,Non-FAQ,"2,097.00","2,355.00","2,154.00",Rs./Quintal,6.70,Metric Tonnes,11-04-2026
Maharashtra,Ahilyanagar,Rahuri(Vambori) APMC,Cereals,Wheat,Other,Non-FAQ,"2,400.00","2,400.00","2,400.00",Rs./Quintal,0.30,Metric Tonnes,11-02-2026
Maharashtra,Ahilyanagar,Rahuri(Vambori) APMC,Cereals,Wheat,Other,FAQ,"2,601.00","2,801.00","2,701.00",Rs./Quintal,0.50,Metric Tonnes,10-12-2025
Maharashtra,Ahilyanagar,Rahuri(Vambori) APMC,Cereals,Wheat,Other,Non-FAQ,"2,246.00","2,375.00","2,310.00",Rs./Quintal,0.20,Metric Tonnes,10-12-2025
Maharashtra,Ahilyanagar,Rahuri(Vambori) APMC,Cereals,Wheat,Other,Non-FAQ,"2,540.00","2,540.00","2,540.00",Rs./Quintal,0.70,Metric Tonnes,10-07-2026
Maharashtra,Ahilyanagar,Rahuri(Vambori) APMC,Cereals,Wheat,Other,Non-FAQ,"2,081.00","2,260.00","2,149.00",Rs./Quintal,7.30,Metric Tonnes,10-04-2026
Maharashtra,Ahilyanagar,Rahuri(Vambori) APMC,Cereals,Wheat,Other,FAQ,"2,550.00","2,695.00","2,622.00",Rs./Quintal,2.20,Metric Tonnes,10-02-2026
Maharashtra,Ahilyanagar,Rahuri(Vambori) APMC,Cereals,Wheat,Other,Non-FAQ,"2,375.00","2,375.00","2,375.00",Rs./Quintal,0.10,Metric Tonnes,10-02-2026
Maharashtra,Ahilyanagar,Rahuri(Vambori) APMC,Cereals,Wheat,Other,FAQ,"2,540.00","2,786.00","2,750.00",Rs./Quintal,0.90,Metric Tonnes,10-01-2026
Maharashtra,Ahilyanagar,Rahuri(Vambori) APMC,Cereals,Wheat,Other,FAQ,"2,526.00","2,751.00","2,638.00",Rs./Quintal,1.50,Metric Tonnes,09-12-2025
Maharashtra,Ahilyanagar,Rahuri(Vambori) APMC,Cereals,Wheat,Other,Non-FAQ,"1,500.00","2,266.00","1,883.00",Rs./Quintal,2.30,Metric Tonnes,09-12-2025
Maharashtra,Ahilyanagar,Rahuri(Vambori) APMC,Cereals,Wheat,Other,FAQ,"2,600.00","2,751.00","2,675.00",Rs./Quintal,1.00,Metric Tonnes,09-07-2026
Maharashtra,Ahilyanagar,Rahuri(Vambori) APMC,Cereals,Wheat,Other,Non-FAQ,"2,523.00","2,523.00","2,523.00",Rs./Quintal,0.30,Metric Tonnes,09-07-2026
Maharashtra,Ahilyanagar,Rahuri(Vambori) APMC,Cereals,Wheat,Other,Non-FAQ,"2,226.00","2,451.00","2,290.00",Rs./Quintal,5.40,Metric Tonnes,09-06-2026
Maharashtra,Ahilyanagar,Rahuri(Vambori) APMC,Cereals,Wheat,Other,Non-FAQ,"2,285.00","2,380.00","2,307.00",Rs./Quintal,0.70,Metric Tonnes,09-05-2026
Maharashtra,Ahilyanagar,Rahuri(Vambori) APMC,Cereals,Wheat,Other,Non-FAQ,"2,086.00","2,451.00","2,120.00",Rs./Quintal,6.30,Metric Tonnes,09-04-2026
Maharashtra,Ahilyanagar,Rahuri(Vambori) APMC,Cereals,Wheat,Other,FAQ,"2,501.00","2,850.00","2,782.00",Rs./Quintal,0.90,Metric Tonnes,09-01-2026
Maharashtra,Ahilyanagar,Rahuri(Vambori) APMC,Cereals,Wheat,Other,FAQ,"2,500.00","2,630.00","2,565.00",Rs./Quintal,0.40,Metric Tonnes,08-11-2025
Maharashtra,Ahilyanagar,Rahuri(Vambori) APMC,Cereals,Wheat,Other,Non-FAQ,"2,400.00","2,400.00","2,400.00",Rs./Quintal,0.10,Metric Tonnes,08-11-2025
Maharashtra,Ahilyanagar,Rahuri(Vambori) APMC,Cereals,Wheat,Other,FAQ,"2,586.00","2,750.00","2,690.00",Rs./Quintal,4.60,Metric Tonnes,08-08-2026
Maharashtra,Ahilyanagar,Rahuri(Vambori) APMC,Cereals,Wheat,Other,Non-FAQ,"2,525.00","2,525.00","2,525.00",Rs./Quintal,0.50,Metric Tonnes,08-08-2026
Maharashtra,Ahilyanagar,Rahuri(Vambori) APMC,Cereals,Wheat,Other,Non-FAQ,"2,500.00","2,500.00","2,500.00",Rs./Quintal,0.50,Metric Tonnes,08-07-2026
Maharashtra,Ahilyanagar,Rahuri(Vambori) APMC,Cereals,Wheat,Other,Non-FAQ,"2,275.00","2,371.00","2,300.00",Rs./Quintal,4.10,Metric Tonnes,08-05-2026
Maharashtra,Ahilyanagar,Rahuri(Vambori) APMC,Cereals,Wheat,Other,Non-FAQ,"2,100.00","2,200.00","2,126.00",Rs./Quintal,4.10,Metric Tonnes,08-04-2026
Maharashtra,Ahilyanagar,Rahuri(Vambori) APMC,Cereals,Wheat,Other,FAQ,"2,631.00","2,631.00","2,631.00",Rs./Quintal,0.60,Metric Tonnes,08-01-2026
Maharashtra,Ahilyanagar,Rahuri(Vambori) APMC,Cereals,Wheat,Other,FAQ,"2,630.00","2,630.00","2,630.00",Rs./Quintal,0.80,Metric Tonnes,07-08-2026
Maharashtra,Ahilyanagar,Rahuri(Vambori) APMC,Cereals,Wheat,Other,FAQ,"2,700.00","2,700.00","2,700.00",Rs./Quintal,0.20,Metric Tonnes,07-07-2026
Maharashtra,Ahilyanagar,Rahuri(Vambori) APMC,Cereals,Wheat,Other,Non-FAQ,"2,250.00","2,500.00","2,375.00",Rs./Quintal,0.30,Metric Tonnes,07-07-2026
Maharashtra,Ahilyanagar,Rahuri(Vambori) APMC,Cereals,Wheat,Other,Non-FAQ,"2,270.00","2,399.00","2,351.00",Rs./Quintal,2.20,Metric Tonnes,07-05-2026
Maharashtra,Ahilyanagar,Rahuri(Vambori) APMC,Cereals,Wheat,Other,Non-FAQ,"2,105.00","2,230.00","2,167.00",Rs./Quintal,2.30,Metric Tonnes,07-04-2026
Maharashtra,Ahilyanagar,Rahuri(Vambori) APMC,Cereals,Wheat,Other,Non-FAQ,"1,950.00","2,271.00","2,195.00",Rs./Quintal,2.80,Metric Tonnes,07-03-2026
Maharashtra,Ahilyanagar,Rahuri(Vambori) APMC,Cereals,Wheat,Other,FAQ,"2,526.00","2,526.00","2,526.00",Rs./Quintal,0.20,Metric Tonnes,07-02-2026
Maharashtra,Ahilyanagar,Rahuri(Vambori) APMC,Cereals,Wheat,Other,Non-FAQ,"2,200.00","2,200.00","2,200.00",Rs./Quintal,0.10,Metric Tonnes,07-02-2026
Maharashtra,Ahilyanagar,Rahuri(Vambori) APMC,Cereals,Wheat,Other,FAQ,"2,785.00","2,801.00","2,793.00",Rs./Quintal,4.30,Metric Tonnes,07-01-2026
Maharashtra,Ahilyanagar,Rahuri(Vambori) APMC,Cereals,Wheat,Other,FAQ,"2,451.00","2,655.00","2,527.00",Rs./Quintal,1.30,Metric Tonnes,06-12-2025
Maharashtra,Ahilyanagar,Rahuri(Vambori) APMC,Cereals,Wheat,Other,Non-FAQ,"2,276.00","2,276.00","2,276.00",Rs./Quintal,0.10,Metric Tonnes,06-12-2025
Maharashtra,Ahilyanagar,Rahuri(Vambori) APMC,Cereals,Wheat,Other,FAQ,"2,621.00","2,770.00","2,640.00",Rs./Quintal,3.80,Metric Tonnes,06-08-2026
Maharashtra,Ahilyanagar,Rahuri(Vambori) APMC,Cereals,Wheat,Other,Non-FAQ,"2,250.00","2,400.00","2,308.00",Rs./Quintal,4.60,Metric Tonnes,06-06-2026
Maharashtra,Ahilyanagar,Rahuri(Vambori) APMC,Cereals,Wheat,Other,Non-FAQ,"2,250.00","2,416.00","2,294.00",Rs./Quintal,5.90,Metric Tonnes,06-05-2026
Maharashtra,Ahilyanagar,Rahuri(Vambori) APMC,Cereals,Wheat,Other,Non-FAQ,"2,025.00","2,025.00","2,025.00",Rs./Quintal,0.30,Metric Tonnes,06-03-2026
Maharashtra,Ahilyanagar,Rahuri(Vambori) APMC,Cereals,Wheat,Other,FAQ,"2,774.00","2,776.00","2,775.00",Rs./Quintal,1.10,Metric Tonnes,06-02-2026
Maharashtra,Ahilyanagar,Rahuri(Vambori) APMC,Cereals,Wheat,Other,Non-FAQ,"2,200.00","2,200.00","2,200.00",Rs./Quintal,0.10,Metric Tonnes,06-02-2026
Maharashtra,Ahilyanagar,Rahuri(Vambori) APMC,Cereals,Wheat,Other,FAQ,"2,451.00","2,451.00","2,451.00",Rs./Quintal,0.10,Metric Tonnes,06-01-2026
Maharashtra,Ahilyanagar,Rahuri(Vambori) APMC,Cereals,Wheat,Other,FAQ,"2,451.00","2,652.00","2,487.00",Rs./Quintal,0.30,Metric Tonnes,05-12-2025
Maharashtra,Ahilyanagar,Rahuri(Vambori) APMC,Cereals,Wheat,Other,FAQ,"2,625.00","2,635.00","2,628.00",Rs./Quintal,1.20,Metric Tonnes,05-08-2026
Maharashtra,Ahilyanagar,Rahuri(Vambori) APMC,Cereals,Wheat,Other,Non-FAQ,"2,250.00","2,375.00","2,318.00",Rs./Quintal,0.80,Metric Tonnes,05-06-2026
Maharashtra,Ahilyanagar,Rahuri(Vambori) APMC,Cereals,Wheat,Other,Non-FAQ,"2,241.00","2,441.00","2,300.00",Rs./Quintal,5.00,Metric Tonnes,05-05-2026
Maharashtra,Ahilyanagar,Rahuri(Vambori) APMC,Cereals,Wheat,Other,Non-FAQ,"1,952.00","2,200.00","2,096.00",Rs./Quintal,0.30,Metric Tonnes,05-03-2026
Maharashtra,Ahilyanagar,Rahuri(Vambori) APMC,Cereals,Wheat,Other,FAQ,"2,430.00","2,829.00","2,684.00",Rs./Quintal,0.60,Metric Tonnes,05-02-2026
Maharashtra,Ahilyanagar,Rahuri(Vambori) APMC,Cereals,Wheat,Other,FAQ,"2,435.00","2,790.00","2,595.00",Rs./Quintal,1.10,Metric Tonnes,04-12-2025
Maharashtra,Ahilyanagar,Rahuri(Vambori) APMC,Cereals,Wheat,Other,FAQ,"2,751.00","2,770.00","2,761.00",Rs./Quintal,1.60,Metric Tonnes,04-08-2026
Maharashtra,Ahilyanagar,Rahuri(Vambori) APMC,Cereals,Wheat,Other,Non-FAQ,"2,455.00","2,491.00","2,489.00",Rs./Quintal,1.20,Metric Tonnes,04-07-2026
Maharashtra,Ahilyanagar,Rahuri(Vambori) APMC,Cereals,Wheat,Other,Non-FAQ,"2,299.00","2,299.00","2,299.00",Rs./Quintal,0.10,Metric Tonnes,04-06-2026
Maharashtra,Ahilyanagar,Rahuri(Vambori) APMC,Cereals,Wheat,Other,Non-FAQ,"2,085.00","2,325.00","2,302.00",Rs./Quintal,6.80,Metric Tonnes,04-04-2026
Maharashtra,Ahilyanagar,Rahuri(Vambori) APMC,Cereals,Wheat,Other,Non-FAQ,"2,251.00","2,251.00","2,251.00",Rs./Quintal,0.40,Metric Tonnes,04-03-2026
Maharashtra,Ahilyanagar,Rahuri(Vambori) APMC,Cereals,Wheat,Other,FAQ,"2,700.00","2,871.00","2,736.00",Rs./Quintal,4.30,Metric Tonnes,04-02-2026
Maharashtra,Ahilyanagar,Rahuri(Vambori) APMC,Cereals,Wheat,Other,FAQ,"2,751.00","2,751.00","2,751.00",Rs./Quintal,1.80,Metric Tonnes,03-12-2025
Maharashtra,Ahilyanagar,Rahuri(Vambori) APMC,Cereals,Wheat,Other,Non-FAQ,"2,400.00","2,501.00","2,465.00",Rs./Quintal,1.70,Metric Tonnes,03-07-2026
Maharashtra,Ahilyanagar,Rahuri(Vambori) APMC,Cereals,Wheat,Other,Non-FAQ,"2,250.00","2,300.00","2,298.00",Rs./Quintal,1.50,Metric Tonnes,03-06-2026
Maharashtra,Ahilyanagar,Rahuri(Vambori) APMC,Cereals,Wheat,Other,Non-FAQ,"2,090.00","2,175.00","2,119.00",Rs./Quintal,1.80,Metric Tonnes,03-04-2026
Maharashtra,Ahilyanagar,Rahuri(Vambori) APMC,Cereals,Wheat,Other,Non-FAQ,"2,301.00","2,301.00","2,301.00",Rs./Quintal,0.50,Metric Tonnes,03-03-2026
Maharashtra,Ahilyanagar,Rahuri(Vambori) APMC,Cereals,Wheat,Other,FAQ,"2,501.00","2,851.00","2,676.00",Rs./Quintal,1.20,Metric Tonnes,03-02-2026
Maharashtra,Ahilyanagar,Rahuri(Vambori) APMC,Cereals,Wheat,Other,Non-FAQ,"2,250.00","2,250.00","2,250.00",Rs./Quintal,0.10,Metric Tonnes,03-02-2026
Maharashtra,Ahilyanagar,Rahuri(Vambori) APMC,Cereals,Wheat,Other,FAQ,"2,476.00","2,800.00","2,645.00",Rs./Quintal,0.50,Metric Tonnes,03-01-2026
Maharashtra,Ahilyanagar,Rahuri(Vambori) APMC,Cereals,Wheat,Other,FAQ,"2,500.00","2,575.00","2,525.00",Rs./Quintal,1.40,Metric Tonnes,02-12-2025
Maharashtra,Ahilyanagar,Rahuri(Vambori) APMC,Cereals,Wheat,Other,Non-FAQ,"2,300.00","2,300.00","2,300.00",Rs./Quintal,0.20,Metric Tonnes,02-12-2025
Maharashtra,Ahilyanagar,Rahuri(Vambori) APMC,Cereals,Wheat,Other,Non-FAQ,"2,350.00","2,460.00","2,422.00",Rs./Quintal,0.20,Metric Tonnes,02-07-2026
Maharashtra,Ahilyanagar,Rahuri(Vambori) APMC,Cereals,Wheat,Other,Non-FAQ,"2,289.00","2,325.00","2,300.00",Rs./Quintal,3.40,Metric Tonnes,02-06-2026
Maharashtra,Ahilyanagar,Rahuri(Vambori) APMC,Cereals,Wheat,Other,Non-FAQ,"2,200.00","2,400.00","2,275.00",Rs./Quintal,9.90,Metric Tonnes,02-05-2026
Maharashtra,Ahilyanagar,Rahuri(Vambori) APMC,Cereals,Wheat,Other,Non-FAQ,"2,050.00","2,260.00","2,097.00",Rs./Quintal,2.70,Metric Tonnes,02-04-2026
Maharashtra,Ahilyanagar,Rahuri(Vambori) APMC,Cereals,Wheat,Other,FAQ,"2,451.00","2,791.00","2,621.00",Rs./Quintal,1.70,Metric Tonnes,02-01-2026
Maharashtra,Ahilyanagar,Rahuri(Vambori) APMC,Cereals,Wheat,Other,FAQ,"2,610.00","2,735.00","2,655.00",Rs./Quintal,5.80,Metric Tonnes,01-08-2026
Maharashtra,Ahilyanagar,Rahuri(Vambori) APMC,Cereals,Wheat,Other,FAQ,"2,700.00","2,700.00","2,700.00",Rs./Quintal,0.40,Metric Tonnes,01-07-2026
Maharashtra,Ahilyanagar,Rahuri(Vambori) APMC,Cereals,Wheat,Other,Non-FAQ,"2,451.00","2,541.00","2,496.00",Rs./Quintal,1.10,Metric Tonnes,01-07-2026
Maharashtra,Ahilyanagar,Rahuri(Vambori) APMC,Cereals,Wheat,Other,Non-FAQ,"2,050.00","2,158.00","2,091.00",Rs./Quintal,13.10,Metric Tonnes,01-04-2026
Maharashtra,Ahilyanagar,Rahuri(Vambori) APMC,Cereals,Wheat,Other,FAQ,"2,651.00","2,651.00","2,651.00",Rs./Quintal,0.10,Metric Tonnes,01-01-2026
Maharashtra,Ahilyanagar,Sangamner APMC,Cereals,Wheat,Other,FAQ,"2,585.00","2,585.00","2,585.00",Rs./Quintal,0.60,Metric Tonnes,30-12-2025
Maharashtra,Ahilyanagar,Sangamner APMC,Cereals,Wheat,Other,Non-FAQ,"2,400.00","2,400.00","2,400.00",Rs./Quintal,3.30,Metric Tonnes,17-03-2026
Maharashtra,Ahilyanagar,Sangamner APMC,Cereals,Wheat,Other,FAQ,"2,500.00","2,500.00","2,500.00",Rs./Quintal,2.00,Metric Tonnes,16-12-2025
Maharashtra,Ahilyanagar,Sangamner APMC,Cereals,Wheat,Other,Non-FAQ,"2,100.00","2,400.00","2,250.00",Rs./Quintal,0.90,Metric Tonnes,11-02-2026
Maharashtra,Ahilyanagar,Sangamner APMC,Cereals,Wheat,Other,Non-FAQ,"2,150.00","2,150.00","2,150.00",Rs./Quintal,0.90,Metric Tonnes,09-03-2026
Maharashtra,Ahilyanagar,Sangamner APMC,Cereals,Wheat,Other,Non-FAQ,"2,100.00","2,315.00","2,207.00",Rs./Quintal,1.80,Metric Tonnes,06-05-2026
Maharashtra,Ahilyanagar,Sangamner APMC,Cereals,Wheat,Other,FAQ,"2,450.00","2,450.00","2,450.00",Rs./Quintal,4.00,Metric Tonnes,01-12-2025
Maharashtra,Ahilyanagar,Shevgaon APMC,Cereals,Wheat,Maharashtra 2189,FAQ,"2,600.00","2,600.00","2,600.00",Rs./Quintal,1.00,Metric Tonnes,31-07-2026
Maharashtra,Ahilyanagar,Shevgaon APMC,Cereals,Wheat,Maharashtra 2189,Non-FAQ,"2,550.00","2,550.00","2,550.00",Rs./Quintal,1.50,Metric Tonnes,31-07-2026
Maharashtra,Ahilyanagar,Shevgaon APMC,Cereals,Wheat,Maharashtra 2189,FAQ,"2,500.00","2,700.00","2,500.00",Rs./Quintal,3.80,Metric Tonnes,30-12-2025
Maharashtra,Ahilyanagar,Shevgaon APMC,Cereals,Wheat,Maharashtra 2189,Non-FAQ,"2,200.00","2,400.00","2,400.00",Rs./Quintal,13.00,Metric Tonnes,30-05-2026
Maharashtra,Ahilyanagar,Shevgaon APMC,Cereals,Wheat,Maharashtra 2189,Non-FAQ,"2,000.00","2,350.00","2,000.00",Rs./Quintal,37.00,Metric Tonnes,30-03-2026
Maharashtra,Ahilyanagar,Shevgaon APMC,Cereals,Wheat,Maharashtra 2189,FAQ,"2,500.00","2,725.00","2,500.00",Rs./Quintal,4.10,Metric Tonnes,30-01-2026
Maharashtra,Ahilyanagar,Shevgaon APMC,Cereals,Wheat,Maharashtra 2189,FAQ,"2,500.00","2,700.00","2,500.00",Rs./Quintal,4.20,Metric Tonnes,29-12-2025
Maharashtra,Ahilyanagar,Shevgaon APMC,Cereals,Wheat,Maharashtra 2189,Non-FAQ,"2,350.00","2,500.00","2,500.00",Rs./Quintal,6.50,Metric Tonnes,29-06-2026
Maharashtra,Ahilyanagar,Shevgaon APMC,Cereals,Wheat,Maharashtra 2189,Non-FAQ,"2,200.00","2,400.00","2,400.00",Rs./Quintal,15.00,Metric Tonnes,29-05-2026
Maharashtra,Ahilyanagar,Shevgaon APMC,Cereals,Wheat,Maharashtra 2189,Non-FAQ,"2,000.00","2,400.00","2,400.00",Rs./Quintal,13.50,Metric Tonnes,29-04-2026
Maharashtra,Ahilyanagar,Shevgaon APMC,Cereals,Wheat,Maharashtra 2189,Non-FAQ,"2,000.00","2,300.00","2,000.00",Rs./Quintal,30.70,Metric Tonnes,29-03-2026
Maharashtra,Ahilyanagar,Shevgaon APMC,Cereals,Wheat,Maharashtra 2189,FAQ,"2,600.00","2,600.00","2,600.00",Rs./Quintal,9.00,Metric Tonnes,28-07-2026
Maharashtra,Ahilyanagar,Shevgaon APMC,Cereals,Wheat,Maharashtra 2189,Non-FAQ,"2,500.00","2,500.00","2,500.00",Rs./Quintal,7.50,Metric Tonnes,28-07-2026
Maharashtra,Ahilyanagar,Shevgaon APMC,Cereals,Wheat,Maharashtra 2189,Non-FAQ,"2,300.00","2,400.00","2,400.00",Rs./Quintal,8.50,Metric Tonnes,28-06-2026
Maharashtra,Ahilyanagar,Shevgaon APMC,Cereals,Wheat,Maharashtra 2189,Non-FAQ,"2,200.00","2,400.00","2,400.00",Rs./Quintal,16.00,Metric Tonnes,28-04-2026
Maharashtra,Ahilyanagar,Shevgaon APMC,Cereals,Wheat,Maharashtra 2189,Non-FAQ,"2,000.00","2,300.00","2,000.00",Rs./Quintal,30.70,Metric Tonnes,28-03-2026
Maharashtra,Ahilyanagar,Shevgaon APMC,Cereals,Wheat,Maharashtra 2189,Non-FAQ,"2,000.00","2,000.00","2,000.00",Rs./Quintal,2.70,Metric Tonnes,28-02-2026
Maharashtra,Ahilyanagar,Shevgaon APMC,Cereals,Wheat,Maharashtra 2189,FAQ,"2,600.00","2,600.00","2,600.00",Rs./Quintal,8.00,Metric Tonnes,27-07-2026
Maharashtra,Ahilyanagar,Shevgaon APMC,Cereals,Wheat,Maharashtra 2189,Non-FAQ,"2,500.00","2,500.00","2,500.00",Rs./Quintal,7.50,Metric Tonnes,27-07-2026
Maharashtra,Ahilyanagar,Shevgaon APMC,Cereals,Wheat,Maharashtra 2189,Non-FAQ,"2,300.00","2,400.00","2,400.00",Rs./Quintal,5.00,Metric Tonnes,27-06-2026
Maharashtra,Ahilyanagar,Shevgaon APMC,Cereals,Wheat,Maharashtra 2189,Non-FAQ,"2,100.00","2,400.00","2,400.00",Rs./Quintal,10.50,Metric Tonnes,27-04-2026
Maharashtra,Ahilyanagar,Shevgaon APMC,Cereals,Wheat,Maharashtra 2189,Non-FAQ,"2,000.00","2,250.00","2,000.00",Rs./Quintal,31.50,Metric Tonnes,27-03-2026
Maharashtra,Ahilyanagar,Shevgaon APMC,Cereals,Wheat,Maharashtra 2189,Non-FAQ,"2,100.00","2,400.00","2,100.00",Rs./Quintal,5.70,Metric Tonnes,27-02-2026
Maharashtra,Ahilyanagar,Shevgaon APMC,Cereals,Wheat,Maharashtra 2189,FAQ,"2,500.00","2,775.00","2,500.00",Rs./Quintal,1.80,Metric Tonnes,27-01-2026
Maharashtra,Ahilyanagar,Shevgaon APMC,Cereals,Wheat,Maharashtra 2189,Non-FAQ,"2,200.00","2,400.00","2,400.00",Rs./Quintal,11.50,Metric Tonnes,26-05-2026
Maharashtra,Ahilyanagar,Shevgaon APMC,Cereals,Wheat,Maharashtra 2189,Non-FAQ,"2,200.00","2,400.00","2,400.00",Rs./Quintal,8.50,Metric Tonnes,26-04-2026
Maharashtra,Ahilyanagar,Shevgaon APMC,Cereals,Wheat,Maharashtra 2189,Non-FAQ,"2,200.00","2,400.00","2,400.00",Rs./Quintal,18.80,Metric Tonnes,25-05-2026
Maharashtra,Ahilyanagar,Shevgaon APMC,Cereals,Wheat,Maharashtra 2189,Non-FAQ,"2,200.00","2,400.00","2,400.00",Rs./Quintal,15.00,Metric Tonnes,25-04-2026
Maharashtra,Ahilyanagar,Shevgaon APMC,Cereals,Wheat,Maharashtra 2189,Non-FAQ,"2,000.00","2,000.00","2,000.00",Rs./Quintal,29.00,Metric Tonnes,25-03-2026
Maharashtra,Ahilyanagar,Shevgaon APMC,Cereals,Wheat,Maharashtra 2189,FAQ,"2,600.00","2,600.00","2,600.00",Rs./Quintal,5.00,Metric Tonnes,24-07-2026
Maharashtra,Ahilyanagar,Shevgaon APMC,Cereals,Wheat,Maharashtra 2189,Non-FAQ,"2,500.00","2,500.00","2,500.00",Rs./Quintal,3.00,Metric Tonnes,24-07-2026
Maharashtra,Ahilyanagar,Shevgaon APMC,Cereals,Wheat,Maharashtra 2189,Non-FAQ,"2,350.00","2,400.00","2,400.00",Rs./Quintal,5.50,Metric Tonnes,24-06-2026
Maharashtra,Ahilyanagar,Shevgaon APMC,Cereals,Wheat,Maharashtra 2189,Non-FAQ,"2,200.00","2,400.00","2,400.00",Rs./Quintal,14.50,Metric Tonnes,24-05-2026
Maharashtra,Ahilyanagar,Shevgaon APMC,Cereals,Wheat,Maharashtra 2189,Non-FAQ,"2,200.00","2,300.00","2,300.00",Rs./Quintal,12.50,Metric Tonnes,24-04-2026
Maharashtra,Ahilyanagar,Shevgaon APMC,Cereals,Wheat,Maharashtra 2189,Non-FAQ,"2,000.00","2,300.00","2,000.00",Rs./Quintal,31.30,Metric Tonnes,24-03-2026
Maharashtra,Ahilyanagar,Shevgaon APMC,Cereals,Wheat,Maharashtra 2189,FAQ,"2,500.00","2,700.00","2,500.00",Rs./Quintal,7.80,Metric Tonnes,24-01-2026
Maharashtra,Ahilyanagar,Shevgaon APMC,Cereals,Wheat,Maharashtra 2189,Non-FAQ,"2,350.00","2,400.00","2,400.00",Rs./Quintal,7.50,Metric Tonnes,23-06-2026
Maharashtra,Ahilyanagar,Shevgaon APMC,Cereals,Wheat,Maharashtra 2189,Non-FAQ,"2,200.00","2,400.00","2,400.00",Rs./Quintal,28.00,Metric Tonnes,23-05-2026
Maharashtra,Ahilyanagar,Shevgaon APMC,Cereals,Wheat,Maharashtra 2189,Non-FAQ,"2,000.00","2,300.00","2,000.00",Rs./Quintal,26.40,Metric Tonnes,23-03-2026
Maharashtra,Ahilyanagar,Shevgaon APMC,Cereals,Wheat,Maharashtra 2189,FAQ,"2,500.00","2,800.00","2,800.00",Rs./Quintal,4.60,Metric Tonnes,23-01-2026
Maharashtra,Ahilyanagar,Shevgaon APMC,Cereals,Wheat,Maharashtra 2189,FAQ,"2,600.00","2,600.00","2,600.00",Rs./Quintal,4.50,Metric Tonnes,22-07-2026
Maharashtra,Ahilyanagar,Shevgaon APMC,Cereals,Wheat,Maharashtra 2189,Non-FAQ,"2,300.00","2,400.00","2,400.00",Rs./Quintal,7.00,Metric Tonnes,22-06-2026
Maharashtra,Ahilyanagar,Shevgaon APMC,Cereals,Wheat,Maharashtra 2189,Non-FAQ,"2,000.00","2,300.00","2,300.00",Rs./Quintal,45.40,Metric Tonnes,22-05-2026
Maharashtra,Ahilyanagar,Shevgaon APMC,Cereals,Wheat,Maharashtra 2189,Non-FAQ,"2,000.00","2,300.00","2,000.00",Rs./Quintal,20.00,Metric Tonnes,22-03-2026
Maharashtra,Ahilyanagar,Shevgaon APMC,Cereals,Wheat,Maharashtra 2189,FAQ,"2,600.00","2,600.00","2,600.00",Rs./Quintal,5.00,Metric Tonnes,21-08-2026
Maharashtra,Ahilyanagar,Shevgaon APMC,Cereals,Wheat,Maharashtra 2189,Non-FAQ,"2,550.00","2,550.00","2,550.00",Rs./Quintal,4.00,Metric Tonnes,21-08-2026
Maharashtra,Ahilyanagar,Shevgaon APMC,Cereals,Wheat,Maharashtra 2189,FAQ,"2,585.00","2,600.00","2,600.00",Rs./Quintal,10.50,Metric Tonnes,21-07-2026
Maharashtra,Ahilyanagar,Shevgaon APMC,Cereals,Wheat,Maharashtra 2189,Non-FAQ,"2,350.00","2,400.00","2,400.00",Rs./Quintal,5.50,Metric Tonnes,21-06-2026
Maharashtra,Ahilyanagar,Shevgaon APMC,Cereals,Wheat,Maharashtra 2189,Non-FAQ,"2,100.00","2,400.00","2,400.00",Rs./Quintal,14.60,Metric Tonnes,21-04-2026
Maharashtra,Ahilyanagar,Shevgaon APMC,Cereals,Wheat,Maharashtra 2189,FAQ,"2,500.00","2,500.00","2,500.00",Rs./Quintal,10.00,Metric Tonnes,21-02-2026
Maharashtra,Ahilyanagar,Shevgaon APMC,Cereals,Wheat,Maharashtra 2189,FAQ,"2,500.00","2,700.00","2,700.00",Rs./Quintal,4.20,Metric Tonnes,21-01-2026
Maharashtra,Ahilyanagar,Shevgaon APMC,Cereals,Wheat,Maharashtra 2189,FAQ,"2,600.00","2,650.00","2,650.00",Rs./Quintal,5.50,Metric Tonnes,20-07-2026
Maharashtra,Ahilyanagar,Shevgaon APMC,Cereals,Wheat,Maharashtra 2189,Non-FAQ,"2,250.00","2,400.00","2,400.00",Rs./Quintal,6.00,Metric Tonnes,20-06-2026
Maharashtra,Ahilyanagar,Shevgaon APMC,Cereals,Wheat,Maharashtra 2189,Non-FAQ,"2,200.00","2,400.00","2,200.00",Rs./Quintal,18.50,Metric Tonnes,20-05-2026
Maharashtra,Ahilyanagar,Shevgaon APMC,Cereals,Wheat,Maharashtra 2189,Non-FAQ,"2,050.00","2,400.00","2,050.00",Rs./Quintal,26.00,Metric Tonnes,20-04-2026
Maharashtra,Ahilyanagar,Shevgaon APMC,Cereals,Wheat,Maharashtra 2189,Non-FAQ,"2,000.00","2,300.00","2,300.00",Rs./Quintal,33.00,Metric Tonnes,20-03-2026
Maharashtra,Ahilyanagar,Shevgaon APMC,Cereals,Wheat,Maharashtra 2189,FAQ,"2,500.00","2,600.00","2,500.00",Rs./Quintal,3.60,Metric Tonnes,20-02-2026
Maharashtra,Ahilyanagar,Shevgaon APMC,Cereals,Wheat,Maharashtra 2189,FAQ,"2,650.00","2,650.00","2,650.00",Rs./Quintal,3.00,Metric Tonnes,19-08-2026
Maharashtra,Ahilyanagar,Shevgaon APMC,Cereals,Wheat,Maharashtra 2189,Non-FAQ,"2,550.00","2,550.00","2,550.00",Rs./Quintal,2.50,Metric Tonnes,19-08-2026
Maharashtra,Ahilyanagar,Shevgaon APMC,Cereals,Wheat,Maharashtra 2189,Non-FAQ,"2,500.00","2,575.00","2,575.00",Rs./Quintal,12.50,Metric Tonnes,19-07-2026
Maharashtra,Ahilyanagar,Shevgaon APMC,Cereals,Wheat,Maharashtra 2189,Non-FAQ,"2,250.00","2,300.00","2,300.00",Rs./Quintal,5.10,Metric Tonnes,19-06-2026
Maharashtra,Ahilyanagar,Shevgaon APMC,Cereals,Wheat,Maharashtra 2189,Non-FAQ,"2,050.00","2,300.00","2,050.00",Rs./Quintal,14.70,Metric Tonnes,19-04-2026
Maharashtra,Ahilyanagar,Shevgaon APMC,Cereals,Wheat,Maharashtra 2189,FAQ,"2,500.00","2,800.00","2,800.00",Rs./Quintal,2.10,Metric Tonnes,19-01-2026
Maharashtra,Ahilyanagar,Shevgaon APMC,Cereals,Wheat,Maharashtra 2189,FAQ,"2,700.00","2,700.00","2,700.00",Rs./Quintal,3.50,Metric Tonnes,18-08-2026
Maharashtra,Ahilyanagar,Shevgaon APMC,Cereals,Wheat,Maharashtra 2189,Non-FAQ,"2,550.00","2,550.00","2,550.00",Rs./Quintal,1.00,Metric Tonnes,18-08-2026
Maharashtra,Ahilyanagar,Shevgaon APMC,Cereals,Wheat,Maharashtra 2189,Non-FAQ,"2,350.00","2,500.00","2,500.00",Rs./Quintal,6.10,Metric Tonnes,18-07-2026
Maharashtra,Ahilyanagar,Shevgaon APMC,Cereals,Wheat,Maharashtra 2189,Non-FAQ,"2,200.00","2,400.00","2,200.00",Rs./Quintal,15.00,Metric Tonnes,18-05-2026
Maharashtra,Ahilyanagar,Shevgaon APMC,Cereals,Wheat,Maharashtra 2189,Non-FAQ,"2,100.00","2,400.00","2,400.00",Rs./Quintal,24.90,Metric Tonnes,18-04-2026
Maharashtra,Ahilyanagar,Shevgaon APMC,Cereals,Wheat,Maharashtra 2189,Non-FAQ,"1,900.00","2,300.00","2,300.00",Rs./Quintal,25.30,Metric Tonnes,18-03-2026
Maharashtra,Ahilyanagar,Shevgaon APMC,Cereals,Wheat,Maharashtra 2189,FAQ,"2,500.00","2,500.00","2,500.00",Rs./Quintal,3.50,Metric Tonnes,18-02-2026
Maharashtra,Ahilyanagar,Shevgaon APMC,Cereals,Wheat,Maharashtra 2189,FAQ,"2,500.00","2,850.00","2,850.00",Rs./Quintal,2.50,Metric Tonnes,18-01-2026
Maharashtra,Ahilyanagar,Shevgaon APMC,Cereals,Wheat,Maharashtra 2189,FAQ,"2,600.00","2,600.00","2,600.00",Rs./Quintal,3.50,Metric Tonnes,17-08-2026
Maharashtra,Ahilyanagar,Shevgaon APMC,Cereals,Wheat,Maharashtra 2189,Non-FAQ,"2,550.00","2,550.00","2,550.00",Rs./Quintal,2.50,Metric Tonnes,17-08-2026
Maharashtra,Ahilyanagar,Shevgaon APMC,Cereals,Wheat,Maharashtra 2189,FAQ,"2,600.00","2,600.00","2,600.00",Rs./Quintal,6.00,Metric Tonnes,17-07-2026
Maharashtra,Ahilyanagar,Shevgaon APMC,Cereals,Wheat,Maharashtra 2189,Non-FAQ,"2,200.00","2,350.00","2,350.00",Rs./Quintal,7.00,Metric Tonnes,17-06-2026
Maharashtra,Ahilyanagar,Shevgaon APMC,Cereals,Wheat,Maharashtra 2189,Non-FAQ,"2,000.00","2,400.00","2,000.00",Rs./Quintal,37.00,Metric Tonnes,17-04-2026
Maharashtra,Ahilyanagar,Shevgaon APMC,Cereals,Wheat,Maharashtra 2189,Non-FAQ,"1,950.00","2,300.00","1,950.00",Rs./Quintal,18.80,Metric Tonnes,17-03-2026
Maharashtra,Ahilyanagar,Shevgaon APMC,Cereals,Wheat,Maharashtra 2189,FAQ,"2,500.00","2,500.00","2,500.00",Rs./Quintal,4.50,Metric Tonnes,17-02-2026
Maharashtra,Ahilyanagar,Shevgaon APMC,Cereals,Wheat,Maharashtra 2189,FAQ,"2,500.00","2,650.00","2,650.00",Rs./Quintal,4.50,Metric Tonnes,16-11-2025
Maharashtra,Ahilyanagar,Shevgaon APMC,Cereals,Wheat,Maharashtra 2189,FAQ,"2,600.00","2,600.00","2,600.00",Rs./Quintal,4.00,Metric Tonnes,16-08-2026
Maharashtra,Ahilyanagar,Shevgaon APMC,Cereals,Wheat,Maharashtra 2189,Non-FAQ,"2,500.00","2,500.00","2,500.00",Rs./Quintal,3.00,Metric Tonnes,16-08-2026
Maharashtra,Ahilyanagar,Shevgaon APMC,Cereals,Wheat,Maharashtra 2189,Non-FAQ,"2,200.00","2,350.00","2,350.00",Rs./Quintal,12.00,Metric Tonnes,16-06-2026
Maharashtra,Ahilyanagar,Shevgaon APMC,Cereals,Wheat,Maharashtra 2189,Non-FAQ,"2,100.00","2,300.00","2,300.00",Rs./Quintal,25.50,Metric Tonnes,16-03-2026
Maharashtra,Ahilyanagar,Shevgaon APMC,Cereals,Wheat,Maharashtra 2189,FAQ,"2,500.00","2,700.00","2,500.00",Rs./Quintal,4.40,Metric Tonnes,16-02-2026
Maharashtra,Ahilyanagar,Shevgaon APMC,Cereals,Wheat,Maharashtra 2189,FAQ,"2,500.00","2,700.00","2,700.00",Rs./Quintal,1.20,Metric Tonnes,16-01-2026
Maharashtra,Ahilyanagar,Shevgaon APMC,Cereals,Wheat,Maharashtra 2189,FAQ,"2,500.00","2,700.00","2,500.00",Rs./Quintal,7.50,Metric Tonnes,15-11-2025
Maharashtra,Ahilyanagar,Shevgaon APMC,Cereals,Wheat,Maharashtra 2189,Non-FAQ,"2,350.00","2,500.00","2,500.00",Rs./Quintal,10.10,Metric Tonnes,15-07-2026
Maharashtra,Ahilyanagar,Shevgaon APMC,Cereals,Wheat,Maharashtra 2189,Non-FAQ,"2,250.00","2,350.00","2,350.00",Rs./Quintal,6.00,Metric Tonnes,15-06-2026
Maharashtra,Ahilyanagar,Shevgaon APMC,Cereals,Wheat,Maharashtra 2189,Non-FAQ,"2,200.00","2,400.00","2,400.00",Rs./Quintal,17.90,Metric Tonnes,15-05-2026
Maharashtra,Ahilyanagar,Shevgaon APMC,Cereals,Wheat,Maharashtra 2189,Non-FAQ,"2,050.00","2,300.00","2,050.00",Rs./Quintal,35.00,Metric Tonnes,15-04-2026
Maharashtra,Ahilyanagar,Shevgaon APMC,Cereals,Wheat,Maharashtra 2189,Non-FAQ,"1,950.00","2,300.00","1,950.00",Rs./Quintal,33.00,Metric Tonnes,15-03-2026
Maharashtra,Ahilyanagar,Shevgaon APMC,Cereals,Wheat,Maharashtra 2189,FAQ,"2,600.00","2,675.00","2,675.00",Rs./Quintal,3.50,Metric Tonnes,14-08-2026
Maharashtra,Ahilyanagar,Shevgaon APMC,Cereals,Wheat,Maharashtra 2189,Non-FAQ,"2,500.00","2,550.00","2,550.00",Rs./Quintal,5.50,Metric Tonnes,14-08-2026
Maharashtra,Ahilyanagar,Shevgaon APMC,Cereals,Wheat,Maharashtra 2189,Non-FAQ,"2,350.00","2,500.00","2,500.00",Rs./Quintal,12.30,Metric Tonnes,14-07-2026
Maharashtra,Ahilyanagar,Shevgaon APMC,Cereals,Wheat,Maharashtra 2189,Non-FAQ,"2,200.00","2,350.00","2,350.00",Rs./Quintal,6.00,Metric Tonnes,14-06-2026
Maharashtra,Ahilyanagar,Shevgaon APMC,Cereals,Wheat,Maharashtra 2189,Non-FAQ,"2,350.00","2,500.00","2,500.00",Rs./Quintal,7.00,Metric Tonnes,13-07-2026
Maharashtra,Ahilyanagar,Shevgaon APMC,Cereals,Wheat,Maharashtra 2189,Non-FAQ,"2,300.00","2,400.00","2,400.00",Rs./Quintal,6.50,Metric Tonnes,13-06-2026
Maharashtra,Ahilyanagar,Shevgaon APMC,Cereals,Wheat,Maharashtra 2189,Non-FAQ,"2,200.00","2,400.00","2,400.00",Rs./Quintal,17.30,Metric Tonnes,13-05-2026
Maharashtra,Ahilyanagar,Shevgaon APMC,Cereals,Wheat,Maharashtra 2189,Non-FAQ,"2,000.00","2,400.00","2,000.00",Rs./Quintal,32.30,Metric Tonnes,13-04-2026
Maharashtra,Ahilyanagar,Shevgaon APMC,Cereals,Wheat,Maharashtra 2189,Non-FAQ,"2,000.00","2,000.00","2,000.00",Rs./Quintal,18.80,Metric Tonnes,13-03-2026
Maharashtra,Ahilyanagar,Shevgaon APMC,Cereals,Wheat,Maharashtra 2189,FAQ,"2,500.00","2,700.00","2,700.00",Rs./Quintal,14.00,Metric Tonnes,13-01-2026
Maharashtra,Ahilyanagar,Shevgaon APMC,Cereals,Wheat,Maharashtra 2189,FAQ,"2,600.00","2,700.00","2,600.00",Rs./Quintal,4.00,Metric Tonnes,12-08-2026
Maharashtra,Ahilyanagar,Shevgaon APMC,Cereals,Wheat,Maharashtra 2189,Non-FAQ,"2,350.00","2,500.00","2,500.00",Rs./Quintal,7.00,Metric Tonnes,12-07-2026
Maharashtra,Ahilyanagar,Shevgaon APMC,Cereals,Wheat,Maharashtra 2189,Non-FAQ,"2,300.00","2,400.00","2,400.00",Rs./Quintal,10.50,Metric Tonnes,12-06-2026
Maharashtra,Ahilyanagar,Shevgaon APMC,Cereals,Wheat,Maharashtra 2189,Non-FAQ,"2,100.00","2,400.00","2,400.00",Rs./Quintal,20.80,Metric Tonnes,12-05-2026
Maharashtra,Ahilyanagar,Shevgaon APMC,Cereals,Wheat,Maharashtra 2189,Non-FAQ,"2,000.00","2,351.00","2,000.00",Rs./Quintal,17.70,Metric Tonnes,12-04-2026
Maharashtra,Ahilyanagar,Shevgaon APMC,Cereals,Wheat,Maharashtra 2189,Non-FAQ,"2,500.00","2,575.00","2,575.00",Rs./Quintal,10.50,Metric Tonnes,11-08-2026
Maharashtra,Ahilyanagar,Shevgaon APMC,Cereals,Wheat,Maharashtra 2189,Non-FAQ,"2,400.00","2,500.00","2,500.00",Rs./Quintal,7.00,Metric Tonnes,11-07-2026
Maharashtra,Ahilyanagar,Shevgaon APMC,Cereals,Wheat,Maharashtra 2189,Non-FAQ,"2,200.00","2,400.00","2,400.00",Rs./Quintal,12.50,Metric Tonnes,11-05-2026
Maharashtra,Ahilyanagar,Shevgaon APMC,Cereals,Wheat,Maharashtra 2189,Non-FAQ,"2,000.00","2,351.00","2,000.00",Rs./Quintal,30.30,Metric Tonnes,11-04-2026
Maharashtra,Ahilyanagar,Shevgaon APMC,Cereals,Wheat,Maharashtra 2189,FAQ,"2,500.00","2,650.00","2,650.00",Rs./Quintal,6.00,Metric Tonnes,10-11-2025
Maharashtra,Ahilyanagar,Shevgaon APMC,Cereals,Wheat,Maharashtra 2189,FAQ,"2,600.00","2,700.00","2,600.00",Rs./Quintal,2.10,Metric Tonnes,10-08-2026
Maharashtra,Ahilyanagar,Shevgaon APMC,Cereals,Wheat,Maharashtra 2189,Non-FAQ,"2,500.00","2,550.00","2,550.00",Rs./Quintal,5.20,Metric Tonnes,10-08-2026
Maharashtra,Ahilyanagar,Shevgaon APMC,Cereals,Wheat,Maharashtra 2189,Non-FAQ,"2,350.00","2,500.00","2,500.00",Rs./Quintal,17.00,Metric Tonnes,10-07-2026
Maharashtra,Ahilyanagar,Shevgaon APMC,Cereals,Wheat,Maharashtra 2189,Non-FAQ,"2,300.00","2,400.00","2,400.00",Rs./Quintal,12.00,Metric Tonnes,10-06-2026
Maharashtra,Ahilyanagar,Shevgaon APMC,Cereals,Wheat,Maharashtra 2189,Non-FAQ,"2,200.00","2,400.00","2,400.00",Rs./Quintal,7.00,Metric Tonnes,10-05-2026
Maharashtra,Ahilyanagar,Shevgaon APMC,Cereals,Wheat,Maharashtra 2189,Non-FAQ,"2,000.00","2,400.00","2,000.00",Rs./Quintal,19.20,Metric Tonnes,10-04-2026
Maharashtra,Ahilyanagar,Shevgaon APMC,Cereals,Wheat,Maharashtra 2189,Non-FAQ,"2,000.00","2,350.00","2,000.00",Rs./Quintal,8.50,Metric Tonnes,10-03-2026
Maharashtra,Ahilyanagar,Shevgaon APMC,Cereals,Wheat,Maharashtra 2189,FAQ,"2,500.00","2,750.00","2,750.00",Rs./Quintal,1.30,Metric Tonnes,10-01-2026
Maharashtra,Ahilyanagar,Shevgaon APMC,Cereals,Wheat,Maharashtra 2189,FAQ,"2,600.00","2,675.00","2,600.00",Rs./Quintal,9.50,Metric Tonnes,09-08-2026
Maharashtra,Ahilyanagar,Shevgaon APMC,Cereals,Wheat,Maharashtra 2189,Non-FAQ,"2,400.00","2,550.00","2,550.00",Rs./Quintal,4.00,Metric Tonnes,09-08-2026
Maharashtra,Ahilyanagar,Shevgaon APMC,Cereals,Wheat,Maharashtra 2189,Non-FAQ,"2,200.00","2,400.00","2,400.00",Rs./Quintal,15.00,Metric Tonnes,09-05-2026
Maharashtra,Ahilyanagar,Shevgaon APMC,Cereals,Wheat,Maharashtra 2189,Non-FAQ,"2,000.00","2,000.00","2,000.00",Rs./Quintal,9.00,Metric Tonnes,09-03-2026
Maharashtra,Ahilyanagar,Shevgaon APMC,Cereals,Wheat,Maharashtra 2189,FAQ,"2,500.00","2,600.00","2,500.00",Rs./Quintal,3.30,Metric Tonnes,09-02-2026
Maharashtra,Ahilyanagar,Shevgaon APMC,Cereals,Wheat,Maharashtra 2189,FAQ,"2,500.00","2,650.00","2,650.00",Rs./Quintal,4.50,Metric Tonnes,08-11-2025
Maharashtra,Ahilyanagar,Shevgaon APMC,Cereals,Wheat,Maharashtra 2189,Non-FAQ,"2,500.00","2,575.00","2,575.00",Rs./Quintal,7.70,Metric Tonnes,08-08-2026
Maharashtra,Ahilyanagar,Shevgaon APMC,Cereals,Wheat,Maharashtra 2189,Non-FAQ,"2,350.00","2,500.00","2,500.00",Rs./Quintal,3.50,Metric Tonnes,08-07-2026
Maharashtra,Ahilyanagar,Shevgaon APMC,Cereals,Wheat,Maharashtra 2189,Non-FAQ,"2,200.00","2,400.00","2,400.00",Rs./Quintal,14.50,Metric Tonnes,08-05-2026
Maharashtra,Ahilyanagar,Shevgaon APMC,Cereals,Wheat,Maharashtra 2189,Non-FAQ,"2,000.00","2,300.00","2,000.00",Rs./Quintal,32.90,Metric Tonnes,08-04-2026
Maharashtra,Ahilyanagar,Shevgaon APMC,Cereals,Wheat,Maharashtra 2189,FAQ,"2,600.00","2,700.00","2,600.00",Rs./Quintal,11.30,Metric Tonnes,07-08-2026
Maharashtra,Ahilyanagar,Shevgaon APMC,Cereals,Wheat,Maharashtra 2189,Non-FAQ,"2,350.00","2,500.00","2,500.00",Rs./Quintal,5.50,Metric Tonnes,07-07-2026
Maharashtra,Ahilyanagar,Shevgaon APMC,Cereals,Wheat,Maharashtra 2189,Non-FAQ,"2,300.00","2,400.00","2,400.00",Rs./Quintal,16.00,Metric Tonnes,07-06-2026
Maharashtra,Ahilyanagar,Shevgaon APMC,Cereals,Wheat,Maharashtra 2189,Non-FAQ,"2,000.00","2,300.00","2,000.00",Rs./Quintal,21.50,Metric Tonnes,07-04-2026
Maharashtra,Ahilyanagar,Shevgaon APMC,Cereals,Wheat,Maharashtra 2189,Non-FAQ,"2,000.00","2,350.00","2,000.00",Rs./Quintal,7.80,Metric Tonnes,07-03-2026
Maharashtra,Ahilyanagar,Shevgaon APMC,Cereals,Wheat,Maharashtra 2189,FAQ,"2,500.00","2,750.00","2,750.00",Rs./Quintal,2.20,Metric Tonnes,07-02-2026
Maharashtra,Ahilyanagar,Shevgaon APMC,Cereals,Wheat,Maharashtra 2189,Non-FAQ,"2,200.00","2,500.00","2,500.00",Rs./Quintal,10.80,Metric Tonnes,06-07-2026
Maharashtra,Ahilyanagar,Shevgaon APMC,Cereals,Wheat,Maharashtra 2189,Non-FAQ,"2,200.00","2,400.00","2,400.00",Rs./Quintal,12.00,Metric Tonnes,06-06-2026
Maharashtra,Ahilyanagar,Shevgaon APMC,Cereals,Wheat,Maharashtra 2189,Non-FAQ,"2,200.00","2,400.00","2,200.00",Rs./Quintal,22.70,Metric Tonnes,06-05-2026
Maharashtra,Ahilyanagar,Shevgaon APMC,Cereals,Wheat,Maharashtra 2189,Non-FAQ,"2,000.00","2,300.00","2,000.00",Rs./Quintal,24.50,Metric Tonnes,06-04-2026
Maharashtra,Ahilyanagar,Shevgaon APMC,Cereals,Wheat,Maharashtra 2189,Non-FAQ,"2,000.00","2,000.00","2,000.00",Rs./Quintal,7.00,Metric Tonnes,06-03-2026
Maharashtra,Ahilyanagar,Shevgaon APMC,Cereals,Wheat,Maharashtra 2189,FAQ,"2,500.00","2,700.00","2,700.00",Rs./Quintal,10.00,Metric Tonnes,06-01-2026
Maharashtra,Ahilyanagar,Shevgaon APMC,Cereals,Wheat,Maharashtra 2189,FAQ,"2,600.00","2,650.00","2,650.00",Rs./Quintal,4.00,Metric Tonnes,05-08-2026
Maharashtra,Ahilyanagar,Shevgaon APMC,Cereals,Wheat,Maharashtra 2189,Non-FAQ,"2,500.00","2,550.00","2,550.00",Rs./Quintal,5.00,Metric Tonnes,05-08-2026
Maharashtra,Ahilyanagar,Shevgaon APMC,Cereals,Wheat,Maharashtra 2189,Non-FAQ,"2,300.00","2,450.00","2,450.00",Rs./Quintal,9.00,Metric Tonnes,05-07-2026
Maharashtra,Ahilyanagar,Shevgaon APMC,Cereals,Wheat,Maharashtra 2189,Non-FAQ,"2,300.00","2,300.00","2,300.00",Rs./Quintal,12.20,Metric Tonnes,05-06-2026
Maharashtra,Ahilyanagar,Shevgaon APMC,Cereals,Wheat,Maharashtra 2189,Non-FAQ,"2,200.00","2,400.00","2,400.00",Rs./Quintal,20.00,Metric Tonnes,05-05-2026
Maharashtra,Ahilyanagar,Shevgaon APMC,Cereals,Wheat,Maharashtra 2189,Non-FAQ,"2,000.00","2,250.00","2,000.00",Rs./Quintal,17.80,Metric Tonnes,05-04-2026
Maharashtra,Ahilyanagar,Shevgaon APMC,Cereals,Wheat,Maharashtra 2189,FAQ,"2,500.00","2,600.00","2,500.00",Rs./Quintal,5.70,Metric Tonnes,05-01-2026
Maharashtra,Ahilyanagar,Shevgaon APMC,Cereals,Wheat,Maharashtra 2189,FAQ,"2,600.00","2,650.00","2,650.00",Rs./Quintal,2.70,Metric Tonnes,04-08-2026
Maharashtra,Ahilyanagar,Shevgaon APMC,Cereals,Wheat,Maharashtra 2189,Non-FAQ,"2,500.00","2,575.00","2,575.00",Rs./Quintal,5.50,Metric Tonnes,04-08-2026
Maharashtra,Ahilyanagar,Shevgaon APMC,Cereals,Wheat,Maharashtra 2189,Non-FAQ,"2,350.00","2,500.00","2,350.00",Rs./Quintal,8.30,Metric Tonnes,04-07-2026
Maharashtra,Ahilyanagar,Shevgaon APMC,Cereals,Wheat,Maharashtra 2189,Non-FAQ,"2,100.00","2,400.00","2,100.00",Rs./Quintal,29.70,Metric Tonnes,04-05-2026
Maharashtra,Ahilyanagar,Shevgaon APMC,Cereals,Wheat,Maharashtra 2189,Non-FAQ,"2,000.00","2,400.00","2,000.00",Rs./Quintal,28.40,Metric Tonnes,04-04-2026
Maharashtra,Ahilyanagar,Shevgaon APMC,Cereals,Wheat,Maharashtra 2189,Non-FAQ,"2,000.00","2,400.00","2,400.00",Rs./Quintal,17.00,Metric Tonnes,04-03-2026
Maharashtra,Ahilyanagar,Shevgaon APMC,Cereals,Wheat,Maharashtra 2189,FAQ,"2,500.00","2,750.00","2,750.00",Rs./Quintal,6.00,Metric Tonnes,04-02-2026
Maharashtra,Ahilyanagar,Shevgaon APMC,Cereals,Wheat,Maharashtra 2189,FAQ,"2,600.00","2,650.00","2,650.00",Rs./Quintal,1.50,Metric Tonnes,03-08-2026
Maharashtra,Ahilyanagar,Shevgaon APMC,Cereals,Wheat,Maharashtra 2189,Non-FAQ,"2,400.00","2,500.00","2,500.00",Rs./Quintal,4.00,Metric Tonnes,03-08-2026
Maharashtra,Ahilyanagar,Shevgaon APMC,Cereals,Wheat,Maharashtra 2189,Non-FAQ,"2,200.00","2,550.00","2,550.00",Rs./Quintal,13.70,Metric Tonnes,03-07-2026
Maharashtra,Ahilyanagar,Shevgaon APMC,Cereals,Wheat,Maharashtra 2189,Non-FAQ,"2,200.00","2,400.00","2,400.00",Rs./Quintal,18.50,Metric Tonnes,03-06-2026
Maharashtra,Ahilyanagar,Shevgaon APMC,Cereals,Wheat,Maharashtra 2189,Non-FAQ,"2,200.00","2,500.00","2,500.00",Rs./Quintal,6.00,Metric Tonnes,03-05-2026
Maharashtra,Ahilyanagar,Shevgaon APMC,Cereals,Wheat,Maharashtra 2189,Non-FAQ,"2,500.00","2,575.00","2,575.00",Rs./Quintal,11.10,Metric Tonnes,02-08-2026
Maharashtra,Ahilyanagar,Shevgaon APMC,Cereals,Wheat,Maharashtra 2189,Non-FAQ,"2,200.00","2,400.00","2,400.00",Rs./Quintal,10.50,Metric Tonnes,02-06-2026
Maharashtra,Ahilyanagar,Shevgaon APMC,Cereals,Wheat,Maharashtra 2189,Non-FAQ,"2,100.00","2,400.00","2,400.00",Rs./Quintal,19.60,Metric Tonnes,02-05-2026
Maharashtra,Ahilyanagar,Shevgaon APMC,Cereals,Wheat,Maharashtra 2189,FAQ,"2,600.00","2,600.00","2,600.00",Rs./Quintal,2.30,Metric Tonnes,01-08-2026
Maharashtra,Ahilyanagar,Shevgaon APMC,Cereals,Wheat,Maharashtra 2189,Non-FAQ,"2,500.00","2,550.00","2,500.00",Rs./Quintal,5.50,Metric Tonnes,01-08-2026
Maharashtra,Ahilyanagar,Shevgaon APMC,Cereals,Wheat,Maharashtra 2189,Non-FAQ,"2,350.00","2,450.00","2,450.00",Rs./Quintal,12.00,Metric Tonnes,01-07-2026
Maharashtra,Ahilyanagar,Shevgaon APMC,Cereals,Wheat,Maharashtra 2189,Non-FAQ,"2,200.00","2,400.00","2,400.00",Rs./Quintal,9.50,Metric Tonnes,01-06-2026
Maharashtra,Ahilyanagar,Shevgaon APMC,Cereals,Wheat,Maharashtra 2189,Non-FAQ,"2,000.00","2,300.00","2,000.00",Rs./Quintal,32.80,Metric Tonnes,01-04-2026
Maharashtra,Ahilyanagar,Shevgaon APMC,Cereals,Wheat,Maharashtra 2189,FAQ,"2,450.00","2,700.00","2,700.00",Rs./Quintal,2.50,Metric Tonnes,01-02-2026
Maharashtra,Ahilyanagar,Shevgaon(Bodhegaon) APMC,Cereals,Wheat,Maharashtra 2189,FAQ,"2,500.00","2,600.00","2,600.00",Rs./Quintal,1.30,Metric Tonnes,31-12-2025
Maharashtra,Ahilyanagar,Shevgaon(Bodhegaon) APMC,Cereals,Wheat,Maharashtra 2189,Non-FAQ,"2,500.00","2,500.00","2,500.00",Rs./Quintal,0.20,Metric Tonnes,31-07-2026
Maharashtra,Ahilyanagar,Shevgaon(Bodhegaon) APMC,Cereals,Wheat,Maharashtra 2189,Non-FAQ,"2,000.00","2,200.00","2,000.00",Rs./Quintal,3.20,Metric Tonnes,31-03-2026
Maharashtra,Ahilyanagar,Shevgaon(Bodhegaon) APMC,Cereals,Wheat,Maharashtra 2189,FAQ,"2,600.00","2,600.00","2,600.00",Rs./Quintal,0.90,Metric Tonnes,31-01-2026
Maharashtra,Ahilyanagar,Shevgaon(Bodhegaon) APMC,Cereals,Wheat,Maharashtra 2189,FAQ,"2,500.00","2,700.00","2,500.00",Rs./Quintal,1.50,Metric Tonnes,30-12-2025
Maharashtra,Ahilyanagar,Shevgaon(Bodhegaon) APMC,Cereals,Wheat,Maharashtra 2189,Non-FAQ,"2,400.00","2,500.00","2,500.00",Rs./Quintal,2.50,Metric Tonnes,30-07-2026
Maharashtra,Ahilyanagar,Shevgaon(Bodhegaon) APMC,Cereals,Wheat,Maharashtra 2189,Non-FAQ,"2,400.00","2,500.00","2,400.00",Rs./Quintal,3.50,Metric Tonnes,30-06-2026
Maharashtra,Ahilyanagar,Shevgaon(Bodhegaon) APMC,Cereals,Wheat,Maharashtra 2189,Non-FAQ,"2,300.00","2,400.00","2,300.00",Rs./Quintal,5.80,Metric Tonnes,30-05-2026
Maharashtra,Ahilyanagar,Shevgaon(Bodhegaon) APMC,Cereals,Wheat,Maharashtra 2189,Non-FAQ,"2,100.00","2,200.00","2,100.00",Rs./Quintal,4.10,Metric Tonnes,30-04-2026
Maharashtra,Ahilyanagar,Shevgaon(Bodhegaon) APMC,Cereals,Wheat,Maharashtra 2189,Non-FAQ,"2,100.00","2,200.00","2,100.00",Rs./Quintal,2.00,Metric Tonnes,30-03-2026
Maharashtra,Ahilyanagar,Shevgaon(Bodhegaon) APMC,Cereals,Wheat,Maharashtra 2189,FAQ,"2,600.00","2,600.00","2,600.00",Rs./Quintal,0.50,Metric Tonnes,30-01-2026
Maharashtra,Ahilyanagar,Shevgaon(Bodhegaon) APMC,Cereals,Wheat,Maharashtra 2189,FAQ,"2,500.00","2,600.00","2,500.00",Rs./Quintal,1.20,Metric Tonnes,29-12-2025
Maharashtra,Ahilyanagar,Shevgaon(Bodhegaon) APMC,Cereals,Wheat,Maharashtra 2189,FAQ,"2,500.00","2,600.00","2,500.00",Rs./Quintal,0.90,Metric Tonnes,29-11-2025
Maharashtra,Ahilyanagar,Shevgaon(Bodhegaon) APMC,Cereals,Wheat,Maharashtra 2189,Non-FAQ,"2,250.00","2,350.00","2,350.00",Rs./Quintal,3.60,Metric Tonnes,29-06-2026
Maharashtra,Ahilyanagar,Shevgaon(Bodhegaon) APMC,Cereals,Wheat,Maharashtra 2189,Non-FAQ,"2,200.00","2,400.00","2,200.00",Rs./Quintal,8.10,Metric Tonnes,29-05-2026
Maharashtra,Ahilyanagar,Shevgaon(Bodhegaon) APMC,Cereals,Wheat,Maharashtra 2189,Non-FAQ,"2,100.00","2,200.00","2,100.00",Rs./Quintal,1.30,Metric Tonnes,29-04-2026
Maharashtra,Ahilyanagar,Shevgaon(Bodhegaon) APMC,Cereals,Wheat,Maharashtra 2189,FAQ,"2,600.00","2,700.00","2,700.00",Rs./Quintal,1.50,Metric Tonnes,29-01-2026
Maharashtra,Ahilyanagar,Shevgaon(Bodhegaon) APMC,Cereals,Wheat,Maharashtra 2189,FAQ,"2,500.00","2,600.00","2,500.00",Rs./Quintal,1.70,Metric Tonnes,28-11-2025
Maharashtra,Ahilyanagar,Shevgaon(Bodhegaon) APMC,Cereals,Wheat,Maharashtra 2189,Non-FAQ,"2,400.00","2,550.00","2,400.00",Rs./Quintal,2.10,Metric Tonnes,28-07-2026
Maharashtra,Ahilyanagar,Shevgaon(Bodhegaon) APMC,Cereals,Wheat,Maharashtra 2189,Non-FAQ,"2,200.00","2,350.00","2,200.00",Rs./Quintal,7.80,Metric Tonnes,28-05-2026
Maharashtra,Ahilyanagar,Shevgaon(Bodhegaon) APMC,Cereals,Wheat,Maharashtra 2189,Non-FAQ,"2,100.00","2,350.00","2,100.00",Rs./Quintal,1.40,Metric Tonnes,28-04-2026
Maharashtra,Ahilyanagar,Shevgaon(Bodhegaon) APMC,Cereals,Wheat,Maharashtra 2189,Non-FAQ,"2,100.00","2,200.00","2,200.00",Rs./Quintal,4.70,Metric Tonnes,28-03-2026
Maharashtra,Ahilyanagar,Shevgaon(Bodhegaon) APMC,Cereals,Wheat,Maharashtra 2189,Non-FAQ,"2,200.00","2,400.00","2,200.00",Rs./Quintal,1.90,Metric Tonnes,28-02-2026
Maharashtra,Ahilyanagar,Shevgaon(Bodhegaon) APMC,Cereals,Wheat,Maharashtra 2189,FAQ,"2,500.00","2,500.00","2,500.00",Rs./Quintal,0.30,Metric Tonnes,27-12-2025
Maharashtra,Ahilyanagar,Shevgaon(Bodhegaon) APMC,Cereals,Wheat,Maharashtra 2189,FAQ,"2,500.00","2,600.00","2,500.00",Rs./Quintal,2.00,Metric Tonnes,27-11-2025
Maharashtra,Ahilyanagar,Shevgaon(Bodhegaon) APMC,Cereals,Wheat,Maharashtra 2189,Non-FAQ,"2,400.00","2,500.00","2,400.00",Rs./Quintal,1.60,Metric Tonnes,27-07-2026
Maharashtra,Ahilyanagar,Shevgaon(Bodhegaon) APMC,Cereals,Wheat,Maharashtra 2189,Non-FAQ,"2,300.00","2,400.00","2,400.00",Rs./Quintal,1.20,Metric Tonnes,27-06-2026
Maharashtra,Ahilyanagar,Shevgaon(Bodhegaon) APMC,Cereals,Wheat,Maharashtra 2189,Non-FAQ,"2,200.00","2,400.00","2,200.00",Rs./Quintal,2.40,Metric Tonnes,27-05-2026
Maharashtra,Ahilyanagar,Shevgaon(Bodhegaon) APMC,Cereals,Wheat,Maharashtra 2189,Non-FAQ,"2,100.00","2,200.00","2,100.00",Rs./Quintal,5.20,Metric Tonnes,27-04-2026
Maharashtra,Ahilyanagar,Shevgaon(Bodhegaon) APMC,Cereals,Wheat,Maharashtra 2189,Non-FAQ,"2,100.00","2,200.00","2,100.00",Rs./Quintal,5.00,Metric Tonnes,27-03-2026
Maharashtra,Ahilyanagar,Shevgaon(Bodhegaon) APMC,Cereals,Wheat,Maharashtra 2189,FAQ,"2,450.00","2,550.00","2,450.00",Rs./Quintal,0.70,Metric Tonnes,27-02-2026
Maharashtra,Ahilyanagar,Shevgaon(Bodhegaon) APMC,Cereals,Wheat,Maharashtra 2189,FAQ,"2,500.00","2,600.00","2,600.00",Rs./Quintal,0.90,Metric Tonnes,27-01-2026
Maharashtra,Ahilyanagar,Shevgaon(Bodhegaon) APMC,Cereals,Wheat,Maharashtra 2189,FAQ,"2,500.00","2,650.00","2,500.00",Rs./Quintal,0.50,Metric Tonnes,26-12-2025
Maharashtra,Ahilyanagar,Shevgaon(Bodhegaon) APMC,Cereals,Wheat,Maharashtra 2189,FAQ,"2,500.00","2,600.00","2,600.00",Rs./Quintal,0.50,Metric Tonnes,26-11-2025
Maharashtra,Ahilyanagar,Shevgaon(Bodhegaon) APMC,Cereals,Wheat,Maharashtra 2189,Non-FAQ,"2,200.00","2,300.00","2,200.00",Rs./Quintal,5.60,Metric Tonnes,26-05-2026
Maharashtra,Ahilyanagar,Shevgaon(Bodhegaon) APMC,Cereals,Wheat,Maharashtra 2189,Non-FAQ,"2,000.00","2,150.00","2,000.00",Rs./Quintal,5.10,Metric Tonnes,26-03-2026
Maharashtra,Ahilyanagar,Shevgaon(Bodhegaon) APMC,Cereals,Wheat,Maharashtra 2189,FAQ,"2,425.00","2,500.00","2,500.00",Rs./Quintal,1.70,Metric Tonnes,26-02-2026
Maharashtra,Ahilyanagar,Shevgaon(Bodhegaon) APMC,Cereals,Wheat,Maharashtra 2189,FAQ,"2,500.00","2,600.00","2,500.00",Rs./Quintal,2.70,Metric Tonnes,25-12-2025
Maharashtra,Ahilyanagar,Shevgaon(Bodhegaon) APMC,Cereals,Wheat,Maharashtra 2189,FAQ,"2,500.00","2,600.00","2,500.00",Rs./Quintal,2.00,Metric Tonnes,25-11-2025
Maharashtra,Ahilyanagar,Shevgaon(Bodhegaon) APMC,Cereals,Wheat,Maharashtra 2189,Non-FAQ,"2,300.00","2,400.00","2,300.00",Rs./Quintal,2.70,Metric Tonnes,25-06-2026
Maharashtra,Ahilyanagar,Shevgaon(Bodhegaon) APMC,Cereals,Wheat,Maharashtra 2189,Non-FAQ,"2,200.00","2,400.00","2,200.00",Rs./Quintal,6.20,Metric Tonnes,25-05-2026
Maharashtra,Ahilyanagar,Shevgaon(Bodhegaon) APMC,Cereals,Wheat,Maharashtra 2189,Non-FAQ,"2,000.00","2,100.00","2,000.00",Rs./Quintal,4.70,Metric Tonnes,25-04-2026
Maharashtra,Ahilyanagar,Shevgaon(Bodhegaon) APMC,Cereals,Wheat,Maharashtra 2189,Non-FAQ,"2,100.00","2,200.00","2,100.00",Rs./Quintal,3.20,Metric Tonnes,25-03-2026
Maharashtra,Ahilyanagar,Shevgaon(Bodhegaon) APMC,Cereals,Wheat,Maharashtra 2189,FAQ,"2,500.00","2,600.00","2,600.00",Rs./Quintal,0.70,Metric Tonnes,24-12-2025
Maharashtra,Ahilyanagar,Shevgaon(Bodhegaon) APMC,Cereals,Wheat,Maharashtra 2189,FAQ,"2,500.00","2,600.00","2,500.00",Rs./Quintal,3.90,Metric Tonnes,24-11-2025
Maharashtra,Ahilyanagar,Shevgaon(Bodhegaon) APMC,Cereals,Wheat,Maharashtra 2189,Non-FAQ,"2,400.00","2,550.00","2,400.00",Rs./Quintal,4.00,Metric Tonnes,24-07-2026
Maharashtra,Ahilyanagar,Shevgaon(Bodhegaon) APMC,Cereals,Wheat,Maharashtra 2189,Non-FAQ,"2,300.00","2,325.00","2,325.00",Rs./Quintal,2.70,Metric Tonnes,24-06-2026
Maharashtra,Ahilyanagar,Shevgaon(Bodhegaon) APMC,Cereals,Wheat,Maharashtra 2189,Non-FAQ,"2,000.00","2,100.00","2,000.00",Rs./Quintal,1.80,Metric Tonnes,24-04-2026
Maharashtra,Ahilyanagar,Shevgaon(Bodhegaon) APMC,Cereals,Wheat,Maharashtra 2189,Non-FAQ,"2,100.00","2,200.00","2,100.00",Rs./Quintal,3.20,Metric Tonnes,24-03-2026
Maharashtra,Ahilyanagar,Shevgaon(Bodhegaon) APMC,Cereals,Wheat,Maharashtra 2189,FAQ,"2,450.00","2,500.00","2,500.00",Rs./Quintal,0.80,Metric Tonnes,24-02-2026
Maharashtra,Ahilyanagar,Shevgaon(Bodhegaon) APMC,Cereals,Wheat,Maharashtra 2189,FAQ,"2,600.00","2,700.00","2,600.00",Rs./Quintal,1.30,Metric Tonnes,24-01-2026
Maharashtra,Ahilyanagar,Shevgaon(Bodhegaon) APMC,Cereals,Wheat,Maharashtra 2189,FAQ,"2,500.00","2,600.00","2,600.00",Rs./Quintal,1.20,Metric Tonnes,23-12-2025
Maharashtra,Ahilyanagar,Shevgaon(Bodhegaon) APMC,Cereals,Wheat,Maharashtra 2189,Non-FAQ,"2,400.00","2,500.00","2,400.00",Rs./Quintal,1.70,Metric Tonnes,23-07-2026
Maharashtra,Ahilyanagar,Shevgaon(Bodhegaon) APMC,Cereals,Wheat,Maharashtra 2189,Non-FAQ,"2,200.00","2,400.00","2,400.00",Rs./Quintal,2.40,Metric Tonnes,23-06-2026
Maharashtra,Ahilyanagar,Shevgaon(Bodhegaon) APMC,Cereals,Wheat,Maharashtra 2189,Non-FAQ,"2,100.00","2,300.00","2,100.00",Rs./Quintal,6.60,Metric Tonnes,23-05-2026
Maharashtra,Ahilyanagar,Shevgaon(Bodhegaon) APMC,Cereals,Wheat,Maharashtra 2189,Non-FAQ,"2,100.00","2,200.00","2,100.00",Rs./Quintal,6.70,Metric Tonnes,23-04-2026
Maharashtra,Ahilyanagar,Shevgaon(Bodhegaon) APMC,Cereals,Wheat,Maharashtra 2189,Non-FAQ,"2,000.00","2,200.00","2,000.00",Rs./Quintal,11.50,Metric Tonnes,23-03-2026
Maharashtra,Ahilyanagar,Shevgaon(Bodhegaon) APMC,Cereals,Wheat,Maharashtra 2189,FAQ,"2,450.00","2,550.00","2,550.00",Rs./Quintal,2.70,Metric Tonnes,23-02-2026
Maharashtra,Ahilyanagar,Shevgaon(Bodhegaon) APMC,Cereals,Wheat,Maharashtra 2189,FAQ,"2,600.00","2,600.00","2,600.00",Rs./Quintal,0.50,Metric Tonnes,23-01-2026
Maharashtra,Ahilyanagar,Shevgaon(Bodhegaon) APMC,Cereals,Wheat,Maharashtra 2189,FAQ,"2,500.00","2,600.00","2,500.00",Rs./Quintal,1.60,Metric Tonnes,22-12-2025
Maharashtra,Ahilyanagar,Shevgaon(Bodhegaon) APMC,Cereals,Wheat,Maharashtra 2189,FAQ,"2,500.00","2,600.00","2,500.00",Rs./Quintal,0.90,Metric Tonnes,22-11-2025
Maharashtra,Ahilyanagar,Shevgaon(Bodhegaon) APMC,Cereals,Wheat,Maharashtra 2189,Non-FAQ,"2,400.00","2,500.00","2,400.00",Rs./Quintal,1.50,Metric Tonnes,22-07-2026
Maharashtra,Ahilyanagar,Shevgaon(Bodhegaon) APMC,Cereals,Wheat,Maharashtra 2189,Non-FAQ,"2,200.00","2,400.00","2,400.00",Rs./Quintal,2.70,Metric Tonnes,22-06-2026
Maharashtra,Ahilyanagar,Shevgaon(Bodhegaon) APMC,Cereals,Wheat,Maharashtra 2189,Non-FAQ,"2,100.00","2,300.00","2,100.00",Rs./Quintal,8.50,Metric Tonnes,22-05-2026
Maharashtra,Ahilyanagar,Shevgaon(Bodhegaon) APMC,Cereals,Wheat,Maharashtra 2189,Non-FAQ,"2,000.00","2,100.00","2,000.00",Rs./Quintal,6.00,Metric Tonnes,22-04-2026
Maharashtra,Ahilyanagar,Shevgaon(Bodhegaon) APMC,Cereals,Wheat,Maharashtra 2189,FAQ,"2,500.00","2,700.00","2,500.00",Rs./Quintal,1.70,Metric Tonnes,22-01-2026
Maharashtra,Ahilyanagar,Shevgaon(Bodhegaon) APMC,Cereals,Wheat,Maharashtra 2189,FAQ,"2,500.00","2,600.00","2,500.00",Rs./Quintal,1.70,Metric Tonnes,21-11-2025
Maharashtra,Ahilyanagar,Shevgaon(Bodhegaon) APMC,Cereals,Wheat,Maharashtra 2189,Non-FAQ,"2,400.00","2,500.00","2,500.00",Rs./Quintal,2.20,Metric Tonnes,21-08-2026
Maharashtra,Ahilyanagar,Shevgaon(Bodhegaon) APMC,Cereals,Wheat,Maharashtra 2189,Non-FAQ,"2,400.00","2,500.00","2,500.00",Rs./Quintal,2.20,Metric Tonnes,21-07-2026
Maharashtra,Ahilyanagar,Shevgaon(Bodhegaon) APMC,Cereals,Wheat,Maharashtra 2189,Non-FAQ,"2,200.00","2,400.00","2,200.00",Rs./Quintal,3.50,Metric Tonnes,21-05-2026
Maharashtra,Ahilyanagar,Shevgaon(Bodhegaon) APMC,Cereals,Wheat,Maharashtra 2189,Non-FAQ,"2,100.00","2,200.00","2,100.00",Rs./Quintal,9.40,Metric Tonnes,21-04-2026
Maharashtra,Ahilyanagar,Shevgaon(Bodhegaon) APMC,Cereals,Wheat,Maharashtra 2189,FAQ,"2,500.00","2,800.00","2,800.00",Rs./Quintal,0.70,Metric Tonnes,21-02-2026
Maharashtra,Ahilyanagar,Shevgaon(Bodhegaon) APMC,Cereals,Wheat,Maharashtra 2189,FAQ,"2,600.00","2,600.00","2,600.00",Rs./Quintal,0.70,Metric Tonnes,21-01-2026
Maharashtra,Ahilyanagar,Shevgaon(Bodhegaon) APMC,Cereals,Wheat,Maharashtra 2189,FAQ,"2,500.00","2,600.00","2,500.00",Rs./Quintal,1.00,Metric Tonnes,20-12-2025
Maharashtra,Ahilyanagar,Shevgaon(Bodhegaon) APMC,Cereals,Wheat,Maharashtra 2189,FAQ,"2,500.00","2,600.00","2,600.00",Rs./Quintal,1.40,Metric Tonnes,20-11-2025
Maharashtra,Ahilyanagar,Shevgaon(Bodhegaon) APMC,Cereals,Wheat,Maharashtra 2189,FAQ,"2,600.00","2,700.00","2,600.00",Rs./Quintal,5.10,Metric Tonnes,20-08-2026
Maharashtra,Ahilyanagar,Shevgaon(Bodhegaon) APMC,Cereals,Wheat,Maharashtra 2189,Non-FAQ,"2,300.00","2,500.00","2,500.00",Rs./Quintal,1.10,Metric Tonnes,20-07-2026
Maharashtra,Ahilyanagar,Shevgaon(Bodhegaon) APMC,Cereals,Wheat,Maharashtra 2189,Non-FAQ,"2,200.00","2,300.00","2,200.00",Rs./Quintal,0.70,Metric Tonnes,20-06-2026
Maharashtra,Ahilyanagar,Shevgaon(Bodhegaon) APMC,Cereals,Wheat,Maharashtra 2189,Non-FAQ,"2,200.00","2,350.00","2,200.00",Rs./Quintal,6.10,Metric Tonnes,20-05-2026
Maharashtra,Ahilyanagar,Shevgaon(Bodhegaon) APMC,Cereals,Wheat,Maharashtra 2189,Non-FAQ,"2,100.00","2,200.00","2,100.00",Rs./Quintal,9.10,Metric Tonnes,20-04-2026
Maharashtra,Ahilyanagar,Shevgaon(Bodhegaon) APMC,Cereals,Wheat,Maharashtra 2189,Non-FAQ,"2,100.00","2,250.00","2,100.00",Rs./Quintal,3.20,Metric Tonnes,20-03-2026
Maharashtra,Ahilyanagar,Shevgaon(Bodhegaon) APMC,Cereals,Wheat,Maharashtra 2189,FAQ,"2,425.00","2,600.00","2,425.00",Rs./Quintal,1.30,Metric Tonnes,20-02-2026
Maharashtra,Ahilyanagar,Shevgaon(Bodhegaon) APMC,Cereals,Wheat,Maharashtra 2189,FAQ,"2,500.00","2,600.00","2,500.00",Rs./Quintal,1.00,Metric Tonnes,20-01-2026
Maharashtra,Ahilyanagar,Shevgaon(Bodhegaon) APMC,Cereals,Wheat,Maharashtra 2189,FAQ,"2,500.00","2,600.00","2,500.00",Rs./Quintal,1.30,Metric Tonnes,19-12-2025
Maharashtra,Ahilyanagar,Shevgaon(Bodhegaon) APMC,Cereals,Wheat,Maharashtra 2189,FAQ,"2,500.00","2,600.00","2,600.00",Rs./Quintal,0.70,Metric Tonnes,19-11-2025
Maharashtra,Ahilyanagar,Shevgaon(Bodhegaon) APMC,Cereals,Wheat,Maharashtra 2189,FAQ,"2,600.00","2,700.00","2,600.00",Rs./Quintal,1.60,Metric Tonnes,19-08-2026
Maharashtra,Ahilyanagar,Shevgaon(Bodhegaon) APMC,Cereals,Wheat,Maharashtra 2189,Non-FAQ,"2,200.00","2,300.00","2,200.00",Rs./Quintal,1.50,Metric Tonnes,19-06-2026
Maharashtra,Ahilyanagar,Shevgaon(Bodhegaon) APMC,Cereals,Wheat,Maharashtra 2189,Non-FAQ,"2,200.00","2,400.00","2,200.00",Rs./Quintal,6.60,Metric Tonnes,19-05-2026
Maharashtra,Ahilyanagar,Shevgaon(Bodhegaon) APMC,Cereals,Wheat,Maharashtra 2189,Non-FAQ,"2,100.00","2,200.00","2,100.00",Rs./Quintal,2.30,Metric Tonnes,19-03-2026
Maharashtra,Ahilyanagar,Shevgaon(Bodhegaon) APMC,Cereals,Wheat,Maharashtra 2189,FAQ,"2,500.00","2,600.00","2,500.00",Rs./Quintal,2.00,Metric Tonnes,19-02-2026
Maharashtra,Ahilyanagar,Shevgaon(Bodhegaon) APMC,Cereals,Wheat,Maharashtra 2189,FAQ,"2,500.00","2,600.00","2,500.00",Rs./Quintal,0.70,Metric Tonnes,19-01-2026
Maharashtra,Ahilyanagar,Shevgaon(Bodhegaon) APMC,Cereals,Wheat,Maharashtra 2189,FAQ,"2,500.00","2,600.00","2,500.00",Rs./Quintal,0.90,Metric Tonnes,18-12-2025
Maharashtra,Ahilyanagar,Shevgaon(Bodhegaon) APMC,Cereals,Wheat,Maharashtra 2189,FAQ,"2,500.00","2,700.00","2,500.00",Rs./Quintal,2.60,Metric Tonnes,18-11-2025
Maharashtra,Ahilyanagar,Shevgaon(Bodhegaon) APMC,Cereals,Wheat,Maharashtra 2189,FAQ,"2,600.00","2,700.00","2,600.00",Rs./Quintal,2.80,Metric Tonnes,18-08-2026
Maharashtra,Ahilyanagar,Shevgaon(Bodhegaon) APMC,Cereals,Wheat,Maharashtra 2189,Non-FAQ,"2,400.00","2,500.00","2,400.00",Rs./Quintal,0.70,Metric Tonnes,18-07-2026
Maharashtra,Ahilyanagar,Shevgaon(Bodhegaon) APMC,Cereals,Wheat,Maharashtra 2189,Non-FAQ,"2,200.00","2,400.00","2,400.00",Rs./Quintal,2.80,Metric Tonnes,18-06-2026
Maharashtra,Ahilyanagar,Shevgaon(Bodhegaon) APMC,Cereals,Wheat,Maharashtra 2189,Non-FAQ,"2,250.00","2,450.00","2,450.00",Rs./Quintal,4.30,Metric Tonnes,18-05-2026
Maharashtra,Ahilyanagar,Shevgaon(Bodhegaon) APMC,Cereals,Wheat,Maharashtra 2189,Non-FAQ,"2,100.00","2,200.00","2,100.00",Rs./Quintal,4.30,Metric Tonnes,18-04-2026
Maharashtra,Ahilyanagar,Shevgaon(Bodhegaon) APMC,Cereals,Wheat,Maharashtra 2189,Non-FAQ,"2,100.00","2,200.00","2,100.00",Rs./Quintal,4.00,Metric Tonnes,18-03-2026
Maharashtra,Ahilyanagar,Shevgaon(Bodhegaon) APMC,Cereals,Wheat,Maharashtra 2189,FAQ,"2,500.00","2,600.00","2,500.00",Rs./Quintal,3.00,Metric Tonnes,18-02-2026
Maharashtra,Ahilyanagar,Shevgaon(Bodhegaon) APMC,Cereals,Wheat,Maharashtra 2189,FAQ,"2,500.00","2,600.00","2,600.00",Rs./Quintal,0.70,Metric Tonnes,17-12-2025
Maharashtra,Ahilyanagar,Shevgaon(Bodhegaon) APMC,Cereals,Wheat,Maharashtra 2189,FAQ,"2,500.00","2,600.00","2,500.00",Rs./Quintal,3.10,Metric Tonnes,17-11-2025
Maharashtra,Ahilyanagar,Shevgaon(Bodhegaon) APMC,Cereals,Wheat,Maharashtra 2189,FAQ,"2,600.00","2,700.00","2,600.00",Rs./Quintal,2.40,Metric Tonnes,17-08-2026
Maharashtra,Ahilyanagar,Shevgaon(Bodhegaon) APMC,Cereals,Wheat,Maharashtra 2189,Non-FAQ,"2,400.00","2,500.00","2,500.00",Rs./Quintal,2.50,Metric Tonnes,17-07-2026
Maharashtra,Ahilyanagar,Shevgaon(Bodhegaon) APMC,Cereals,Wheat,Maharashtra 2189,Non-FAQ,"2,200.00","2,300.00","2,300.00",Rs./Quintal,3.30,Metric Tonnes,17-06-2026
Maharashtra,Ahilyanagar,Shevgaon(Bodhegaon) APMC,Cereals,Wheat,Maharashtra 2189,Non-FAQ,"2,000.00","2,300.00","2,000.00",Rs./Quintal,8.00,Metric Tonnes,17-04-2026
Maharashtra,Ahilyanagar,Shevgaon(Bodhegaon) APMC,Cereals,Wheat,Maharashtra 2189,Non-FAQ,"2,000.00","2,100.00","2,000.00",Rs./Quintal,2.10,Metric Tonnes,17-03-2026
Maharashtra,Ahilyanagar,Shevgaon(Bodhegaon) APMC,Cereals,Wheat,Maharashtra 2189,FAQ,"2,500.00","2,500.00","2,500.00",Rs./Quintal,0.40,Metric Tonnes,17-02-2026
Maharashtra,Ahilyanagar,Shevgaon(Bodhegaon) APMC,Cereals,Wheat,Maharashtra 2189,FAQ,"2,500.00","2,500.00","2,500.00",Rs./Quintal,0.30,Metric Tonnes,17-01-2026
Maharashtra,Ahilyanagar,Shevgaon(Bodhegaon) APMC,Cereals,Wheat,Maharashtra 2189,FAQ,"2,500.00","2,600.00","2,500.00",Rs./Quintal,2.20,Metric Tonnes,16-12-2025
Maharashtra,Ahilyanagar,Shevgaon(Bodhegaon) APMC,Cereals,Wheat,Maharashtra 2189,Non-FAQ,"2,400.00","2,500.00","2,400.00",Rs./Quintal,1.10,Metric Tonnes,16-07-2026
Maharashtra,Ahilyanagar,Shevgaon(Bodhegaon) APMC,Cereals,Wheat,Maharashtra 2189,Non-FAQ,"2,200.00","2,300.00","2,200.00",Rs./Quintal,9.30,Metric Tonnes,16-06-2026
Maharashtra,Ahilyanagar,Shevgaon(Bodhegaon) APMC,Cereals,Wheat,Maharashtra 2189,Non-FAQ,"2,150.00","2,400.00","2,150.00",Rs./Quintal,3.30,Metric Tonnes,16-05-2026
Maharashtra,Ahilyanagar,Shevgaon(Bodhegaon) APMC,Cereals,Wheat,Maharashtra 2189,Non-FAQ,"2,000.00","2,200.00","2,000.00",Rs./Quintal,7.50,Metric Tonnes,16-04-2026
Maharashtra,Ahilyanagar,Shevgaon(Bodhegaon) APMC,Cereals,Wheat,Maharashtra 2189,Non-FAQ,"2,100.00","2,200.00","2,100.00",Rs./Quintal,3.00,Metric Tonnes,16-03-2026
Maharashtra,Ahilyanagar,Shevgaon(Bodhegaon) APMC,Cereals,Wheat,Maharashtra 2189,FAQ,"2,500.00","2,600.00","2,500.00",Rs./Quintal,2.90,Metric Tonnes,16-02-2026
Maharashtra,Ahilyanagar,Shevgaon(Bodhegaon) APMC,Cereals,Wheat,Maharashtra 2189,FAQ,"2,600.00","2,700.00","2,700.00",Rs./Quintal,0.80,Metric Tonnes,16-01-2026
Maharashtra,Ahilyanagar,Shevgaon(Bodhegaon) APMC,Cereals,Wheat,Maharashtra 2189,FAQ,"2,500.00","2,600.00","2,500.00",Rs./Quintal,0.90,Metric Tonnes,15-12-2025
Maharashtra,Ahilyanagar,Shevgaon(Bodhegaon) APMC,Cereals,Wheat,Maharashtra 2189,FAQ,"2,500.00","2,600.00","2,500.00",Rs./Quintal,2.50,Metric Tonnes,15-11-2025
Maharashtra,Ahilyanagar,Shevgaon(Bodhegaon) APMC,Cereals,Wheat,Maharashtra 2189,Non-FAQ,"2,300.00","2,500.00","2,300.00",Rs./Quintal,1.20,Metric Tonnes,15-07-2026
Maharashtra,Ahilyanagar,Shevgaon(Bodhegaon) APMC,Cereals,Wheat,Maharashtra 2189,Non-FAQ,"2,300.00","2,400.00","2,300.00",Rs./Quintal,2.40,Metric Tonnes,15-06-2026
Maharashtra,Ahilyanagar,Shevgaon(Bodhegaon) APMC,Cereals,Wheat,Maharashtra 2189,Non-FAQ,"2,200.00","2,400.00","2,200.00",Rs./Quintal,2.80,Metric Tonnes,15-05-2026
Maharashtra,Ahilyanagar,Shevgaon(Bodhegaon) APMC,Cereals,Wheat,Maharashtra 2189,Non-FAQ,"2,100.00","2,200.00","2,100.00",Rs./Quintal,14.20,Metric Tonnes,15-04-2026
Maharashtra,Ahilyanagar,Shevgaon(Bodhegaon) APMC,Cereals,Wheat,Maharashtra 2189,FAQ,"2,500.00","2,600.00","2,500.00",Rs./Quintal,1.50,Metric Tonnes,15-01-2026
Maharashtra,Ahilyanagar,Shevgaon(Bodhegaon) APMC,Cereals,Wheat,Maharashtra 2189,FAQ,"2,500.00","2,600.00","2,500.00",Rs./Quintal,0.70,Metric Tonnes,14-11-2025
Maharashtra,Ahilyanagar,Shevgaon(Bodhegaon) APMC,Cereals,Wheat,Maharashtra 2189,FAQ,"2,600.00","2,700.00","2,600.00",Rs./Quintal,3.70,Metric Tonnes,14-08-2026
Maharashtra,Ahilyanagar,Shevgaon(Bodhegaon) APMC,Cereals,Wheat,Maharashtra 2189,Non-FAQ,"2,400.00","2,500.00","2,400.00",Rs./Quintal,1.20,Metric Tonnes,14-07-2026
Maharashtra,Ahilyanagar,Shevgaon(Bodhegaon) APMC,Cereals,Wheat,Maharashtra 2189,Non-FAQ,"2,300.00","2,400.00","2,300.00",Rs./Quintal,2.50,Metric Tonnes,14-05-2026
Maharashtra,Ahilyanagar,Shevgaon(Bodhegaon) APMC,Cereals,Wheat,Maharashtra 2189,Non-FAQ,"2,100.00","2,200.00","2,100.00",Rs./Quintal,8.70,Metric Tonnes,14-03-2026
Maharashtra,Ahilyanagar,Shevgaon(Bodhegaon) APMC,Cereals,Wheat,Maharashtra 2189,FAQ,"2,500.00","2,700.00","2,500.00",Rs./Quintal,1.60,Metric Tonnes,14-02-2026
Maharashtra,Ahilyanagar,Shevgaon(Bodhegaon) APMC,Cereals,Wheat,Maharashtra 2189,FAQ,"2,500.00","2,500.00","2,500.00",Rs./Quintal,0.30,Metric Tonnes,14-01-2026
Maharashtra,Ahilyanagar,Shevgaon(Bodhegaon) APMC,Cereals,Wheat,Maharashtra 2189,FAQ,"2,500.00","2,500.00","2,500.00",Rs./Quintal,0.70,Metric Tonnes,13-12-2025
Maharashtra,Ahilyanagar,Shevgaon(Bodhegaon) APMC,Cereals,Wheat,Maharashtra 2189,FAQ,"2,500.00","2,600.00","2,600.00",Rs./Quintal,0.60,Metric Tonnes,13-11-2025
Maharashtra,Ahilyanagar,Shevgaon(Bodhegaon) APMC,Cereals,Wheat,Maharashtra 2189,FAQ,"2,600.00","2,700.00","2,600.00",Rs./Quintal,6.40,Metric Tonnes,13-08-2026
Maharashtra,Ahilyanagar,Shevgaon(Bodhegaon) APMC,Cereals,Wheat,Maharashtra 2189,Non-FAQ,"2,500.00","2,500.00","2,500.00",Rs./Quintal,0.30,Metric Tonnes,13-07-2026
Maharashtra,Ahilyanagar,Shevgaon(Bodhegaon) APMC,Cereals,Wheat,Maharashtra 2189,Non-FAQ,"2,200.00","2,350.00","2,200.00",Rs./Quintal,3.20,Metric Tonnes,13-06-2026
Maharashtra,Ahilyanagar,Shevgaon(Bodhegaon) APMC,Cereals,Wheat,Maharashtra 2189,Non-FAQ,"2,000.00","2,300.00","2,000.00",Rs./Quintal,2.20,Metric Tonnes,13-05-2026
Maharashtra,Ahilyanagar,Shevgaon(Bodhegaon) APMC,Cereals,Wheat,Maharashtra 2189,Non-FAQ,"2,100.00","2,200.00","2,100.00",Rs./Quintal,8.20,Metric Tonnes,13-04-2026
Maharashtra,Ahilyanagar,Shevgaon(Bodhegaon) APMC,Cereals,Wheat,Maharashtra 2189,Non-FAQ,"2,150.00","2,200.00","2,200.00",Rs./Quintal,4.50,Metric Tonnes,13-03-2026
Maharashtra,Ahilyanagar,Shevgaon(Bodhegaon) APMC,Cereals,Wheat,Maharashtra 2189,FAQ,"2,500.00","2,600.00","2,500.00",Rs./Quintal,0.50,Metric Tonnes,13-02-2026
Maharashtra,Ahilyanagar,Shevgaon(Bodhegaon) APMC,Cereals,Wheat,Maharashtra 2189,FAQ,"2,500.00","2,600.00","2,500.00",Rs./Quintal,1.00,Metric Tonnes,13-01-2026
Maharashtra,Ahilyanagar,Shevgaon(Bodhegaon) APMC,Cereals,Wheat,Maharashtra 2189,FAQ,"2,500.00","2,550.00","2,550.00",Rs./Quintal,0.70,Metric Tonnes,12-12-2025
Maharashtra,Ahilyanagar,Shevgaon(Bodhegaon) APMC,Cereals,Wheat,Maharashtra 2189,FAQ,"2,500.00","2,600.00","2,500.00",Rs./Quintal,1.90,Metric Tonnes,12-11-2025
Maharashtra,Ahilyanagar,Shevgaon(Bodhegaon) APMC,Cereals,Wheat,Maharashtra 2189,Non-FAQ,"2,200.00","2,400.00","2,200.00",Rs./Quintal,3.50,Metric Tonnes,12-06-2026
Maharashtra,Ahilyanagar,Shevgaon(Bodhegaon) APMC,Cereals,Wheat,Maharashtra 2189,Non-FAQ,"2,100.00","2,300.00","2,100.00",Rs./Quintal,1.90,Metric Tonnes,12-05-2026
Maharashtra,Ahilyanagar,Shevgaon(Bodhegaon) APMC,Cereals,Wheat,Maharashtra 2189,Non-FAQ,"2,200.00","2,300.00","2,200.00",Rs./Quintal,2.60,Metric Tonnes,12-03-2026
Maharashtra,Ahilyanagar,Shevgaon(Bodhegaon) APMC,Cereals,Wheat,Maharashtra 2189,FAQ,"2,500.00","2,600.00","2,500.00",Rs./Quintal,2.60,Metric Tonnes,12-02-2026
Maharashtra,Ahilyanagar,Shevgaon(Bodhegaon) APMC,Cereals,Wheat,Maharashtra 2189,FAQ,"2,500.00","2,500.00","2,500.00",Rs./Quintal,0.30,Metric Tonnes,12-01-2026
Maharashtra,Ahilyanagar,Shevgaon(Bodhegaon) APMC,Cereals,Wheat,Maharashtra 2189,FAQ,"2,500.00","2,600.00","2,500.00",Rs./Quintal,2.30,Metric Tonnes,11-12-2025
Maharashtra,Ahilyanagar,Shevgaon(Bodhegaon) APMC,Cereals,Wheat,Maharashtra 2189,FAQ,"2,500.00","2,600.00","2,500.00",Rs./Quintal,0.90,Metric Tonnes,11-11-2025
Maharashtra,Ahilyanagar,Shevgaon(Bodhegaon) APMC,Cereals,Wheat,Maharashtra 2189,FAQ,"2,600.00","2,700.00","2,600.00",Rs./Quintal,2.40,Metric Tonnes,11-08-2026
Maharashtra,Ahilyanagar,Shevgaon(Bodhegaon) APMC,Cereals,Wheat,Maharashtra 2189,Non-FAQ,"2,300.00","2,500.00","2,500.00",Rs./Quintal,1.80,Metric Tonnes,11-07-2026
Maharashtra,Ahilyanagar,Shevgaon(Bodhegaon) APMC,Cereals,Wheat,Maharashtra 2189,Non-FAQ,"2,200.00","2,300.00","2,300.00",Rs./Quintal,3.40,Metric Tonnes,11-06-2026
Maharashtra,Ahilyanagar,Shevgaon(Bodhegaon) APMC,Cereals,Wheat,Maharashtra 2189,Non-FAQ,"2,200.00","2,450.00","2,200.00",Rs./Quintal,5.70,Metric Tonnes,11-05-2026
Maharashtra,Ahilyanagar,Shevgaon(Bodhegaon) APMC,Cereals,Wheat,Maharashtra 2189,Non-FAQ,"2,100.00","2,200.00","2,100.00",Rs./Quintal,5.60,Metric Tonnes,11-04-2026
Maharashtra,Ahilyanagar,Shevgaon(Bodhegaon) APMC,Cereals,Wheat,Maharashtra 2189,Non-FAQ,"2,100.00","2,300.00","2,100.00",Rs./Quintal,3.80,Metric Tonnes,11-03-2026
Maharashtra,Ahilyanagar,Shevgaon(Bodhegaon) APMC,Cereals,Wheat,Maharashtra 2189,FAQ,"2,500.00","2,600.00","2,500.00",Rs./Quintal,1.00,Metric Tonnes,11-02-2026
Maharashtra,Ahilyanagar,Shevgaon(Bodhegaon) APMC,Cereals,Wheat,Maharashtra 2189,FAQ,"2,500.00","2,600.00","2,500.00",Rs./Quintal,2.20,Metric Tonnes,10-12-2025
Maharashtra,Ahilyanagar,Shevgaon(Bodhegaon) APMC,Cereals,Wheat,Maharashtra 2189,FAQ,"2,500.00","2,600.00","2,500.00",Rs./Quintal,0.90,Metric Tonnes,10-11-2025
Maharashtra,Ahilyanagar,Shevgaon(Bodhegaon) APMC,Cereals,Wheat,Maharashtra 2189,FAQ,"2,600.00","2,700.00","2,600.00",Rs./Quintal,0.90,Metric Tonnes,10-08-2026
Maharashtra,Ahilyanagar,Shevgaon(Bodhegaon) APMC,Cereals,Wheat,Maharashtra 2189,Non-FAQ,"2,400.00","2,500.00","2,400.00",Rs./Quintal,1.50,Metric Tonnes,10-07-2026
Maharashtra,Ahilyanagar,Shevgaon(Bodhegaon) APMC,Cereals,Wheat,Maharashtra 2189,Non-FAQ,"2,200.00","2,300.00","2,200.00",Rs./Quintal,4.40,Metric Tonnes,10-06-2026
Maharashtra,Ahilyanagar,Shevgaon(Bodhegaon) APMC,Cereals,Wheat,Maharashtra 2189,Non-FAQ,"2,050.00","2,200.00","2,050.00",Rs./Quintal,6.50,Metric Tonnes,10-04-2026
Maharashtra,Ahilyanagar,Shevgaon(Bodhegaon) APMC,Cereals,Wheat,Maharashtra 2189,Non-FAQ,"2,100.00","2,250.00","2,100.00",Rs./Quintal,2.20,Metric Tonnes,10-03-2026
Maharashtra,Ahilyanagar,Shevgaon(Bodhegaon) APMC,Cereals,Wheat,Maharashtra 2189,FAQ,"2,500.00","2,500.00","2,500.00",Rs./Quintal,0.40,Metric Tonnes,10-02-2026
Maharashtra,Ahilyanagar,Shevgaon(Bodhegaon) APMC,Cereals,Wheat,Maharashtra 2189,FAQ,"2,600.00","2,700.00","2,600.00",Rs./Quintal,0.50,Metric Tonnes,10-01-2026
Maharashtra,Ahilyanagar,Shevgaon(Bodhegaon) APMC,Cereals,Wheat,Maharashtra 2189,FAQ,"2,500.00","2,600.00","2,500.00",Rs./Quintal,0.90,Metric Tonnes,09-12-2025
Maharashtra,Ahilyanagar,Shevgaon(Bodhegaon) APMC,Cereals,Wheat,Maharashtra 2189,Non-FAQ,"2,400.00","2,500.00","2,400.00",Rs./Quintal,1.70,Metric Tonnes,09-07-2026
Maharashtra,Ahilyanagar,Shevgaon(Bodhegaon) APMC,Cereals,Wheat,Maharashtra 2189,Non-FAQ,"2,250.00","2,350.00","2,250.00",Rs./Quintal,3.00,Metric Tonnes,09-06-2026
Maharashtra,Ahilyanagar,Shevgaon(Bodhegaon) APMC,Cereals,Wheat,Maharashtra 2189,Non-FAQ,"2,200.00","2,400.00","2,200.00",Rs./Quintal,3.60,Metric Tonnes,09-05-2026
Maharashtra,Ahilyanagar,Shevgaon(Bodhegaon) APMC,Cereals,Wheat,Maharashtra 2189,Non-FAQ,"2,100.00","2,200.00","2,100.00",Rs./Quintal,8.70,Metric Tonnes,09-04-2026
Maharashtra,Ahilyanagar,Shevgaon(Bodhegaon) APMC,Cereals,Wheat,Maharashtra 2189,Non-FAQ,"2,100.00","2,300.00","2,100.00",Rs./Quintal,4.30,Metric Tonnes,09-03-2026
Maharashtra,Ahilyanagar,Shevgaon(Bodhegaon) APMC,Cereals,Wheat,Maharashtra 2189,FAQ,"2,600.00","2,700.00","2,700.00",Rs./Quintal,1.50,Metric Tonnes,09-02-2026
Maharashtra,Ahilyanagar,Shevgaon(Bodhegaon) APMC,Cereals,Wheat,Maharashtra 2189,FAQ,"2,500.00","2,600.00","2,500.00",Rs./Quintal,0.60,Metric Tonnes,09-01-2026
Maharashtra,Ahilyanagar,Shevgaon(Bodhegaon) APMC,Cereals,Wheat,Maharashtra 2189,FAQ,"2,500.00","2,600.00","2,500.00",Rs./Quintal,1.70,Metric Tonnes,08-11-2025
Maharashtra,Ahilyanagar,Shevgaon(Bodhegaon) APMC,Cereals,Wheat,Maharashtra 2189,FAQ,"2,600.00","2,700.00","2,600.00",Rs./Quintal,5.50,Metric Tonnes,08-08-2026
Maharashtra,Ahilyanagar,Shevgaon(Bodhegaon) APMC,Cereals,Wheat,Maharashtra 2189,Non-FAQ,"2,300.00","2,400.00","2,400.00",Rs./Quintal,1.50,Metric Tonnes,08-07-2026
Maharashtra,Ahilyanagar,Shevgaon(Bodhegaon) APMC,Cereals,Wheat,Maharashtra 2189,Non-FAQ,"2,200.00","2,300.00","2,200.00",Rs./Quintal,6.50,Metric Tonnes,08-06-2026
Maharashtra,Ahilyanagar,Shevgaon(Bodhegaon) APMC,Cereals,Wheat,Maharashtra 2189,Non-FAQ,"2,300.00","2,400.00","2,300.00",Rs./Quintal,2.40,Metric Tonnes,08-05-2026
Maharashtra,Ahilyanagar,Shevgaon(Bodhegaon) APMC,Cereals,Wheat,Maharashtra 2189,Non-FAQ,"2,100.00","2,200.00","2,100.00",Rs./Quintal,14.50,Metric Tonnes,08-04-2026
Maharashtra,Ahilyanagar,Shevgaon(Bodhegaon) APMC,Cereals,Wheat,Maharashtra 2189,FAQ,"2,500.00","2,600.00","2,500.00",Rs./Quintal,0.70,Metric Tonnes,08-01-2026
Maharashtra,Ahilyanagar,Shevgaon(Bodhegaon) APMC,Cereals,Wheat,Maharashtra 2189,FAQ,"2,500.00","2,600.00","2,500.00",Rs./Quintal,1.80,Metric Tonnes,07-11-2025
Maharashtra,Ahilyanagar,Shevgaon(Bodhegaon) APMC,Cereals,Wheat,Maharashtra 2189,FAQ,"2,600.00","2,700.00","2,600.00",Rs./Quintal,6.00,Metric Tonnes,07-08-2026
Maharashtra,Ahilyanagar,Shevgaon(Bodhegaon) APMC,Cereals,Wheat,Maharashtra 2189,Non-FAQ,"2,300.00","2,500.00","2,300.00",Rs./Quintal,2.60,Metric Tonnes,07-07-2026
Maharashtra,Ahilyanagar,Shevgaon(Bodhegaon) APMC,Cereals,Wheat,Maharashtra 2189,Non-FAQ,"2,000.00","2,300.00","2,000.00",Rs./Quintal,5.60,Metric Tonnes,07-05-2026
Maharashtra,Ahilyanagar,Shevgaon(Bodhegaon) APMC,Cereals,Wheat,Maharashtra 2189,Non-FAQ,"2,200.00","2,350.00","2,200.00",Rs./Quintal,1.40,Metric Tonnes,07-04-2026
Maharashtra,Ahilyanagar,Shevgaon(Bodhegaon) APMC,Cereals,Wheat,Maharashtra 2189,Non-FAQ,"2,100.00","2,200.00","2,100.00",Rs./Quintal,0.90,Metric Tonnes,07-03-2026
Maharashtra,Ahilyanagar,Shevgaon(Bodhegaon) APMC,Cereals,Wheat,Maharashtra 2189,FAQ,"2,500.00","2,500.00","2,500.00",Rs./Quintal,0.30,Metric Tonnes,07-02-2026
Maharashtra,Ahilyanagar,Shevgaon(Bodhegaon) APMC,Cereals,Wheat,Maharashtra 2189,FAQ,"2,550.00","2,550.00","2,550.00",Rs./Quintal,0.50,Metric Tonnes,07-01-2026
Maharashtra,Ahilyanagar,Shevgaon(Bodhegaon) APMC,Cereals,Wheat,Maharashtra 2189,FAQ,"2,500.00","2,600.00","2,600.00",Rs./Quintal,0.90,Metric Tonnes,06-12-2025
Maharashtra,Ahilyanagar,Shevgaon(Bodhegaon) APMC,Cereals,Wheat,Maharashtra 2189,Non-FAQ,"2,400.00","2,500.00","2,500.00",Rs./Quintal,2.90,Metric Tonnes,06-08-2026
Maharashtra,Ahilyanagar,Shevgaon(Bodhegaon) APMC,Cereals,Wheat,Maharashtra 2189,Non-FAQ,"2,300.00","2,400.00","2,400.00",Rs./Quintal,2.40,Metric Tonnes,06-07-2026
Maharashtra,Ahilyanagar,Shevgaon(Bodhegaon) APMC,Cereals,Wheat,Maharashtra 2189,Non-FAQ,"2,200.00","2,350.00","2,200.00",Rs./Quintal,4.90,Metric Tonnes,06-06-2026
Maharashtra,Ahilyanagar,Shevgaon(Bodhegaon) APMC,Cereals,Wheat,Maharashtra 2189,Non-FAQ,"2,100.00","2,200.00","2,100.00",Rs./Quintal,3.50,Metric Tonnes,06-05-2026
Maharashtra,Ahilyanagar,Shevgaon(Bodhegaon) APMC,Cereals,Wheat,Maharashtra 2189,Non-FAQ,"2,000.00","2,200.00","2,000.00",Rs./Quintal,4.10,Metric Tonnes,06-04-2026
Maharashtra,Ahilyanagar,Shevgaon(Bodhegaon) APMC,Cereals,Wheat,Maharashtra 2189,Non-FAQ,"2,200.00","2,300.00","2,200.00",Rs./Quintal,2.30,Metric Tonnes,06-03-2026
Maharashtra,Ahilyanagar,Shevgaon(Bodhegaon) APMC,Cereals,Wheat,Maharashtra 2189,FAQ,"2,500.00","2,500.00","2,500.00",Rs./Quintal,0.50,Metric Tonnes,06-02-2026
Maharashtra,Ahilyanagar,Shevgaon(Bodhegaon) APMC,Cereals,Wheat,Maharashtra 2189,FAQ,"2,500.00","2,600.00","2,600.00",Rs./Quintal,1.20,Metric Tonnes,05-12-2025
Maharashtra,Ahilyanagar,Shevgaon(Bodhegaon) APMC,Cereals,Wheat,Maharashtra 2189,Non-FAQ,"2,400.00","2,550.00","2,550.00",Rs./Quintal,2.50,Metric Tonnes,05-08-2026
Maharashtra,Ahilyanagar,Shevgaon(Bodhegaon) APMC,Cereals,Wheat,Maharashtra 2189,Non-FAQ,"2,300.00","2,400.00","2,300.00",Rs./Quintal,3.50,Metric Tonnes,05-06-2026
Maharashtra,Ahilyanagar,Shevgaon(Bodhegaon) APMC,Cereals,Wheat,Maharashtra 2189,Non-FAQ,"2,100.00","2,200.00","2,100.00",Rs./Quintal,8.20,Metric Tonnes,05-05-2026
Maharashtra,Ahilyanagar,Shevgaon(Bodhegaon) APMC,Cereals,Wheat,Maharashtra 2189,Non-FAQ,"2,200.00","2,300.00","2,200.00",Rs./Quintal,1.30,Metric Tonnes,05-03-2026
Maharashtra,Ahilyanagar,Shevgaon(Bodhegaon) APMC,Cereals,Wheat,Maharashtra 2189,FAQ,"2,600.00","2,600.00","2,600.00",Rs./Quintal,260.50,Metric Tonnes,05-02-2026
Maharashtra,Ahilyanagar,Shevgaon(Bodhegaon) APMC,Cereals,Wheat,Maharashtra 2189,FAQ,"2,500.00","2,600.00","2,600.00",Rs./Quintal,0.60,Metric Tonnes,05-01-2026
Maharashtra,Ahilyanagar,Shevgaon(Bodhegaon) APMC,Cereals,Wheat,Maharashtra 2189,FAQ,"2,500.00","2,600.00","2,500.00",Rs./Quintal,1.70,Metric Tonnes,04-12-2025
Maharashtra,Ahilyanagar,Shevgaon(Bodhegaon) APMC,Cereals,Wheat,Maharashtra 2189,Non-FAQ,"2,500.00","2,550.00","2,550.00",Rs./Quintal,1.10,Metric Tonnes,04-08-2026
Maharashtra,Ahilyanagar,Shevgaon(Bodhegaon) APMC,Cereals,Wheat,Maharashtra 2189,Non-FAQ,"2,500.00","2,500.00","2,500.00",Rs./Quintal,0.90,Metric Tonnes,04-07-2026
Maharashtra,Ahilyanagar,Shevgaon(Bodhegaon) APMC,Cereals,Wheat,Maharashtra 2189,Non-FAQ,"2,200.00","2,500.00","2,200.00",Rs./Quintal,4.90,Metric Tonnes,04-06-2026
Maharashtra,Ahilyanagar,Shevgaon(Bodhegaon) APMC,Cereals,Wheat,Maharashtra 2189,Non-FAQ,"2,100.00","2,300.00","2,100.00",Rs./Quintal,5.20,Metric Tonnes,04-05-2026
Maharashtra,Ahilyanagar,Shevgaon(Bodhegaon) APMC,Cereals,Wheat,Maharashtra 2189,Non-FAQ,"2,100.00","2,200.00","2,200.00",Rs./Quintal,4.60,Metric Tonnes,04-04-2026
Maharashtra,Ahilyanagar,Shevgaon(Bodhegaon) APMC,Cereals,Wheat,Maharashtra 2189,Non-FAQ,"2,300.00","2,400.00","2,300.00",Rs./Quintal,4.70,Metric Tonnes,04-03-2026
Maharashtra,Ahilyanagar,Shevgaon(Bodhegaon) APMC,Cereals,Wheat,Maharashtra 2189,FAQ,"2,500.00","2,600.00","2,500.00",Rs./Quintal,1.90,Metric Tonnes,03-12-2025
Maharashtra,Ahilyanagar,Shevgaon(Bodhegaon) APMC,Cereals,Wheat,Maharashtra 2189,Non-FAQ,"2,400.00","2,500.00","2,500.00",Rs./Quintal,4.30,Metric Tonnes,03-08-2026
Maharashtra,Ahilyanagar,Shevgaon(Bodhegaon) APMC,Cereals,Wheat,Maharashtra 2189,Non-FAQ,"2,400.00","2,500.00","2,400.00",Rs./Quintal,4.30,Metric Tonnes,03-07-2026
Maharashtra,Ahilyanagar,Shevgaon(Bodhegaon) APMC,Cereals,Wheat,Maharashtra 2189,Non-FAQ,"2,200.00","2,350.00","2,200.00",Rs./Quintal,7.40,Metric Tonnes,03-06-2026
Maharashtra,Ahilyanagar,Shevgaon(Bodhegaon) APMC,Cereals,Wheat,Maharashtra 2189,Non-FAQ,"2,100.00","2,200.00","2,100.00",Rs./Quintal,2.80,Metric Tonnes,03-04-2026
Maharashtra,Ahilyanagar,Shevgaon(Bodhegaon) APMC,Cereals,Wheat,Maharashtra 2189,FAQ,"2,600.00","2,800.00","2,800.00",Rs./Quintal,1.20,Metric Tonnes,03-02-2026
Maharashtra,Ahilyanagar,Shevgaon(Bodhegaon) APMC,Cereals,Wheat,Maharashtra 2189,FAQ,"2,500.00","2,600.00","2,500.00",Rs./Quintal,1.10,Metric Tonnes,03-01-2026
Maharashtra,Ahilyanagar,Shevgaon(Bodhegaon) APMC,Cereals,Wheat,Maharashtra 2189,FAQ,"2,500.00","2,600.00","2,500.00",Rs./Quintal,1.50,Metric Tonnes,02-12-2025
Maharashtra,Ahilyanagar,Shevgaon(Bodhegaon) APMC,Cereals,Wheat,Maharashtra 2189,Non-FAQ,"2,200.00","2,300.00","2,200.00",Rs./Quintal,3.10,Metric Tonnes,02-07-2026
Maharashtra,Ahilyanagar,Shevgaon(Bodhegaon) APMC,Cereals,Wheat,Maharashtra 2189,Non-FAQ,"2,200.00","2,400.00","2,400.00",Rs./Quintal,3.20,Metric Tonnes,02-06-2026
Maharashtra,Ahilyanagar,Shevgaon(Bodhegaon) APMC,Cereals,Wheat,Maharashtra 2189,Non-FAQ,"2,150.00","2,300.00","2,150.00",Rs./Quintal,6.60,Metric Tonnes,02-05-2026
Maharashtra,Ahilyanagar,Shevgaon(Bodhegaon) APMC,Cereals,Wheat,Maharashtra 2189,Non-FAQ,"2,000.00","2,200.00","2,000.00",Rs./Quintal,2.90,Metric Tonnes,02-04-2026
Maharashtra,Ahilyanagar,Shevgaon(Bodhegaon) APMC,Cereals,Wheat,Maharashtra 2189,FAQ,"2,450.00","2,500.00","2,450.00",Rs./Quintal,2.00,Metric Tonnes,02-03-2026
Maharashtra,Ahilyanagar,Shevgaon(Bodhegaon) APMC,Cereals,Wheat,Maharashtra 2189,FAQ,"2,600.00","2,700.00","2,600.00",Rs./Quintal,0.60,Metric Tonnes,02-02-2026
Maharashtra,Ahilyanagar,Shevgaon(Bodhegaon) APMC,Cereals,Wheat,Maharashtra 2189,FAQ,"2,500.00","2,600.00","2,600.00",Rs./Quintal,0.80,Metric Tonnes,02-01-2026
Maharashtra,Ahilyanagar,Shevgaon(Bodhegaon) APMC,Cereals,Wheat,Maharashtra 2189,FAQ,"2,500.00","2,600.00","2,500.00",Rs./Quintal,1.60,Metric Tonnes,01-12-2025
Maharashtra,Ahilyanagar,Shevgaon(Bodhegaon) APMC,Cereals,Wheat,Maharashtra 2189,Non-FAQ,"2,400.00","2,550.00","2,400.00",Rs./Quintal,2.50,Metric Tonnes,01-08-2026
Maharashtra,Ahilyanagar,Shevgaon(Bodhegaon) APMC,Cereals,Wheat,Maharashtra 2189,Non-FAQ,"2,300.00","2,500.00","2,300.00",Rs./Quintal,3.50,Metric Tonnes,01-07-2026
Maharashtra,Ahilyanagar,Shevgaon(Bodhegaon) APMC,Cereals,Wheat,Maharashtra 2189,Non-FAQ,"2,200.00","2,350.00","2,350.00",Rs./Quintal,3.40,Metric Tonnes,01-06-2026
Maharashtra,Ahilyanagar,Shevgaon(Bodhegaon) APMC,Cereals,Wheat,Maharashtra 2189,Non-FAQ,"2,000.00","2,300.00","2,000.00",Rs./Quintal,2.70,Metric Tonnes,01-04-2026
Maharashtra,Ahilyanagar,Shevgaon(Bodhegaon) APMC,Cereals,Wheat,Maharashtra 2189,FAQ,"2,500.00","2,600.00","2,500.00",Rs./Quintal,1.00,Metric Tonnes,01-01-2026
Maharashtra,Ahilyanagar,Shrigonda APMC,Cereals,Wheat,Other,Non-FAQ,"2,200.00","2,400.00","2,300.00",Rs./Quintal,2.70,Metric Tonnes,26-03-2026
Maharashtra,Ahilyanagar,Shrigonda APMC,Cereals,Wheat,Other,Non-FAQ,"2,200.00","2,500.00","2,300.00",Rs./Quintal,2.50,Metric Tonnes,23-04-2026
Maharashtra,Ahilyanagar,Shrigonda APMC,Cereals,Wheat,Other,FAQ,"2,600.00","2,700.00","2,650.00",Rs./Quintal,14.50,Metric Tonnes,20-08-2026
Maharashtra,Ahilyanagar,Shrigonda APMC,Cereals,Wheat,Other,FAQ,"2,500.00","2,700.00","2,600.00",Rs./Quintal,8.50,Metric Tonnes,19-03-2026
Maharashtra,Ahilyanagar,Shrigonda APMC,Cereals,Wheat,Other,FAQ,"2,500.00","3,000.00","2,700.00",Rs./Quintal,2.10,Metric Tonnes,18-12-2025
Maharashtra,Ahilyanagar,Shrigonda APMC,Cereals,Wheat,Other,Non-FAQ,"2,300.00","2,500.00","2,400.00",Rs./Quintal,2.70,Metric Tonnes,01-06-2026
Maharashtra,Ahilyanagar,Shrirampur APMC,Cereals,Wheat,Other,FAQ,"2,590.00","2,650.00","2,625.00",Rs./Quintal,1.60,Metric Tonnes,31-07-2026
Maharashtra,Ahilyanagar,Shrirampur APMC,Cereals,Wheat,Other,Non-FAQ,"2,100.00","2,500.00","2,300.00",Rs./Quintal,4.40,Metric Tonnes,31-03-2026
Maharashtra,Ahilyanagar,Shrirampur APMC,Cereals,Wheat,Other,Non-FAQ,"2,400.00","2,500.00","2,450.00",Rs./Quintal,0.50,Metric Tonnes,30-06-2026
Maharashtra,Ahilyanagar,Shrirampur APMC,Cereals,Wheat,Other,Non-FAQ,"2,100.00","2,200.00","2,150.00",Rs./Quintal,23.20,Metric Tonnes,30-03-2026
Maharashtra,Ahilyanagar,Shrirampur APMC,Cereals,Wheat,Other,FAQ,"2,600.00","2,700.00","2,650.00",Rs./Quintal,2.00,Metric Tonnes,30-01-2026
Maharashtra,Ahilyanagar,Shrirampur APMC,Cereals,Wheat,Other,FAQ,"2,500.00","2,700.00","2,600.00",Rs./Quintal,1.50,Metric Tonnes,29-12-2025
Maharashtra,Ahilyanagar,Shrirampur APMC,Cereals,Wheat,Other,Non-FAQ,"2,100.00","2,325.00","2,200.00",Rs./Quintal,4.90,Metric Tonnes,29-05-2026
Maharashtra,Ahilyanagar,Shrirampur APMC,Cereals,Wheat,Other,Non-FAQ,"2,200.00","2,350.00","2,300.00",Rs./Quintal,7.60,Metric Tonnes,29-04-2026
Maharashtra,Ahilyanagar,Shrirampur APMC,Cereals,Wheat,Other,Non-FAQ,"2,100.00","2,400.00","2,300.00",Rs./Quintal,13.70,Metric Tonnes,29-03-2026
Maharashtra,Ahilyanagar,Shrirampur APMC,Cereals,Wheat,Other,FAQ,"2,600.00","2,650.00","2,625.00",Rs./Quintal,1.70,Metric Tonnes,28-07-2026
Maharashtra,Ahilyanagar,Shrirampur APMC,Cereals,Wheat,Other,Non-FAQ,"2,300.00","2,500.00","2,400.00",Rs./Quintal,1.40,Metric Tonnes,28-05-2026
Maharashtra,Ahilyanagar,Shrirampur APMC,Cereals,Wheat,Other,Non-FAQ,"2,050.00","2,400.00","2,300.00",Rs./Quintal,5.20,Metric Tonnes,28-04-2026
Maharashtra,Ahilyanagar,Shrirampur APMC,Cereals,Wheat,Other,FAQ,"2,450.00","2,550.00","2,500.00",Rs./Quintal,1.90,Metric Tonnes,27-11-2025
Maharashtra,Ahilyanagar,Shrirampur APMC,Cereals,Wheat,Other,FAQ,"2,600.00","2,650.00","2,625.00",Rs./Quintal,0.70,Metric Tonnes,27-07-2026
Maharashtra,Ahilyanagar,Shrirampur APMC,Cereals,Wheat,Other,Non-FAQ,"2,100.00","2,300.00","2,200.00",Rs./Quintal,13.00,Metric Tonnes,27-03-2026
Maharashtra,Ahilyanagar,Shrirampur APMC,Cereals,Wheat,Other,FAQ,"2,500.00","2,500.00","2,500.00",Rs./Quintal,2.50,Metric Tonnes,27-01-2026
Maharashtra,Ahilyanagar,Shrirampur APMC,Cereals,Wheat,Other,FAQ,"2,450.00","2,625.00","2,550.00",Rs./Quintal,3.30,Metric Tonnes,26-11-2025
Maharashtra,Ahilyanagar,Shrirampur APMC,Cereals,Wheat,Other,FAQ,"2,450.00","2,550.00","2,500.00",Rs./Quintal,1.40,Metric Tonnes,25-11-2025
Maharashtra,Ahilyanagar,Shrirampur APMC,Cereals,Wheat,Other,Non-FAQ,"2,150.00","2,400.00","2,300.00",Rs./Quintal,4.30,Metric Tonnes,25-05-2026
Maharashtra,Ahilyanagar,Shrirampur APMC,Cereals,Wheat,Other,FAQ,"2,475.00","2,550.00","2,500.00",Rs./Quintal,1.80,Metric Tonnes,25-02-2026
Maharashtra,Ahilyanagar,Shrirampur APMC,Cereals,Wheat,Other,FAQ,"2,550.00","2,650.00","2,600.00",Rs./Quintal,1.20,Metric Tonnes,24-11-2025
Maharashtra,Ahilyanagar,Shrirampur APMC,Cereals,Wheat,Other,Non-FAQ,"2,100.00","2,300.00","2,200.00",Rs./Quintal,1.90,Metric Tonnes,24-06-2026
Maharashtra,Ahilyanagar,Shrirampur APMC,Cereals,Wheat,Other,Non-FAQ,"2,100.00","2,200.00","2,150.00",Rs./Quintal,16.20,Metric Tonnes,24-03-2026
Maharashtra,Ahilyanagar,Shrirampur APMC,Cereals,Wheat,Other,FAQ,"2,475.00","2,550.00","2,500.00",Rs./Quintal,2.00,Metric Tonnes,24-02-2026
Maharashtra,Ahilyanagar,Shrirampur APMC,Cereals,Wheat,Other,FAQ,"2,450.00","2,500.00","2,475.00",Rs./Quintal,0.20,Metric Tonnes,23-12-2025
Maharashtra,Ahilyanagar,Shrirampur APMC,Cereals,Wheat,Other,FAQ,"2,600.00","2,650.00","2,625.00",Rs./Quintal,0.80,Metric Tonnes,23-07-2026
Maharashtra,Ahilyanagar,Shrirampur APMC,Cereals,Wheat,Other,Non-FAQ,"2,000.00","2,350.00","2,200.00",Rs./Quintal,9.00,Metric Tonnes,23-04-2026
Maharashtra,Ahilyanagar,Shrirampur APMC,Cereals,Wheat,Other,Non-FAQ,"2,200.00","2,300.00","2,250.00",Rs./Quintal,4.50,Metric Tonnes,23-03-2026
Maharashtra,Ahilyanagar,Shrirampur APMC,Cereals,Wheat,Other,FAQ,"2,450.00","2,600.00","2,550.00",Rs./Quintal,2.40,Metric Tonnes,22-12-2025
Maharashtra,Ahilyanagar,Shrirampur APMC,Cereals,Wheat,Other,Non-FAQ,"2,000.00","2,300.00","2,200.00",Rs./Quintal,2.30,Metric Tonnes,22-06-2026
Maharashtra,Ahilyanagar,Shrirampur APMC,Cereals,Wheat,Other,Non-FAQ,"2,100.00","2,450.00","2,300.00",Rs./Quintal,4.90,Metric Tonnes,22-05-2026
Maharashtra,Ahilyanagar,Shrirampur APMC,Cereals,Wheat,Other,FAQ,"2,450.00","2,600.00","2,500.00",Rs./Quintal,1.30,Metric Tonnes,21-11-2025
Maharashtra,Ahilyanagar,Shrirampur APMC,Cereals,Wheat,Other,FAQ,"2,600.00","2,650.00","2,625.00",Rs./Quintal,0.70,Metric Tonnes,21-07-2026
Maharashtra,Ahilyanagar,Shrirampur APMC,Cereals,Wheat,Other,Non-FAQ,"2,250.00","2,350.00","2,300.00",Rs./Quintal,0.70,Metric Tonnes,21-05-2026
Maharashtra,Ahilyanagar,Shrirampur APMC,Cereals,Wheat,Other,Non-FAQ,"2,050.00","2,200.00","2,150.00",Rs./Quintal,7.30,Metric Tonnes,21-04-2026
Maharashtra,Ahilyanagar,Shrirampur APMC,Cereals,Wheat,Other,FAQ,"2,450.00","2,550.00","2,500.00",Rs./Quintal,1.40,Metric Tonnes,21-01-2026
Maharashtra,Ahilyanagar,Shrirampur APMC,Cereals,Wheat,Other,FAQ,"2,425.00","2,500.00","2,450.00",Rs./Quintal,0.20,Metric Tonnes,20-11-2025
Maharashtra,Ahilyanagar,Shrirampur APMC,Cereals,Wheat,Other,Non-FAQ,"2,100.00","2,350.00","2,300.00",Rs./Quintal,1.60,Metric Tonnes,20-05-2026
Maharashtra,Ahilyanagar,Shrirampur APMC,Cereals,Wheat,Other,Non-FAQ,"2,000.00","2,350.00","2,200.00",Rs./Quintal,16.30,Metric Tonnes,20-04-2026
Maharashtra,Ahilyanagar,Shrirampur APMC,Cereals,Wheat,Other,FAQ,"2,450.00","2,500.00","2,475.00",Rs./Quintal,1.10,Metric Tonnes,20-02-2026
Maharashtra,Ahilyanagar,Shrirampur APMC,Cereals,Wheat,Other,FAQ,"2,590.00","2,625.00","2,600.00",Rs./Quintal,4.40,Metric Tonnes,19-08-2026
Maharashtra,Ahilyanagar,Shrirampur APMC,Cereals,Wheat,Other,Non-FAQ,"2,325.00","2,425.00","2,400.00",Rs./Quintal,1.00,Metric Tonnes,19-06-2026
Maharashtra,Ahilyanagar,Shrirampur APMC,Cereals,Wheat,Other,Non-FAQ,"2,150.00","2,400.00","2,300.00",Rs./Quintal,3.70,Metric Tonnes,19-05-2026
Maharashtra,Ahilyanagar,Shrirampur APMC,Cereals,Wheat,Other,Non-FAQ,"2,000.00","2,211.00","2,111.00",Rs./Quintal,8.00,Metric Tonnes,19-03-2026
Maharashtra,Ahilyanagar,Shrirampur APMC,Cereals,Wheat,Other,FAQ,"2,450.00","2,550.00","2,500.00",Rs./Quintal,0.30,Metric Tonnes,18-11-2025
Maharashtra,Ahilyanagar,Shrirampur APMC,Cereals,Wheat,Other,FAQ,"2,585.00","2,625.00","2,600.00",Rs./Quintal,1.10,Metric Tonnes,18-08-2026
Maharashtra,Ahilyanagar,Shrirampur APMC,Cereals,Wheat,Other,Non-FAQ,"2,200.00","2,350.00","2,300.00",Rs./Quintal,0.40,Metric Tonnes,18-06-2026
Maharashtra,Ahilyanagar,Shrirampur APMC,Cereals,Wheat,Other,FAQ,"2,450.00","2,700.00","2,600.00",Rs./Quintal,1.00,Metric Tonnes,17-12-2025
Maharashtra,Ahilyanagar,Shrirampur APMC,Cereals,Wheat,Other,FAQ,"2,450.00","2,550.00","2,500.00",Rs./Quintal,1.10,Metric Tonnes,17-11-2025
Maharashtra,Ahilyanagar,Shrirampur APMC,Cereals,Wheat,Other,Non-FAQ,"2,200.00","2,300.00","2,250.00",Rs./Quintal,1.20,Metric Tonnes,17-06-2026
Maharashtra,Ahilyanagar,Shrirampur APMC,Cereals,Wheat,Other,Non-FAQ,"2,200.00","2,400.00","2,300.00",Rs./Quintal,5.60,Metric Tonnes,17-03-2026
Maharashtra,Ahilyanagar,Shrirampur APMC,Cereals,Wheat,Other,FAQ,"2,600.00","2,700.00","2,650.00",Rs./Quintal,1.30,Metric Tonnes,16-12-2025
Maharashtra,Ahilyanagar,Shrirampur APMC,Cereals,Wheat,Other,FAQ,"2,585.00","2,600.00","2,590.00",Rs./Quintal,1.10,Metric Tonnes,16-07-2026
Maharashtra,Ahilyanagar,Shrirampur APMC,Cereals,Wheat,Other,Non-FAQ,"2,200.00","2,300.00","2,250.00",Rs./Quintal,1.30,Metric Tonnes,16-06-2026
Maharashtra,Ahilyanagar,Shrirampur APMC,Cereals,Wheat,Other,Non-FAQ,"2,100.00","2,300.00","2,200.00",Rs./Quintal,11.00,Metric Tonnes,16-04-2026
Maharashtra,Ahilyanagar,Shrirampur APMC,Cereals,Wheat,Other,Non-FAQ,"2,100.00","2,100.00","2,100.00",Rs./Quintal,3.30,Metric Tonnes,16-03-2026
Maharashtra,Ahilyanagar,Shrirampur APMC,Cereals,Wheat,Other,FAQ,"2,500.00","2,600.00","2,550.00",Rs./Quintal,1.20,Metric Tonnes,15-12-2025
Maharashtra,Ahilyanagar,Shrirampur APMC,Cereals,Wheat,Other,Non-FAQ,"2,400.00","2,500.00","2,450.00",Rs./Quintal,1.30,Metric Tonnes,15-07-2026
Maharashtra,Ahilyanagar,Shrirampur APMC,Cereals,Wheat,Other,Non-FAQ,"2,050.00","2,300.00","2,200.00",Rs./Quintal,20.40,Metric Tonnes,15-04-2026
Maharashtra,Ahilyanagar,Shrirampur APMC,Cereals,Wheat,Other,Non-FAQ,"2,200.00","2,300.00","2,250.00",Rs./Quintal,1.30,Metric Tonnes,14-05-2026
Maharashtra,Ahilyanagar,Shrirampur APMC,Cereals,Wheat,Other,FAQ,"2,450.00","2,500.00","2,475.00",Rs./Quintal,0.20,Metric Tonnes,13-12-2025
Maharashtra,Ahilyanagar,Shrirampur APMC,Cereals,Wheat,Other,FAQ,"2,600.00","2,675.00","2,650.00",Rs./Quintal,2.20,Metric Tonnes,13-08-2026
Maharashtra,Ahilyanagar,Shrirampur APMC,Cereals,Wheat,Other,Non-FAQ,"2,400.00","2,500.00","2,450.00",Rs./Quintal,3.40,Metric Tonnes,13-07-2026
Maharashtra,Ahilyanagar,Shrirampur APMC,Cereals,Wheat,Other,Non-FAQ,"2,150.00","2,400.00","2,300.00",Rs./Quintal,5.60,Metric Tonnes,13-05-2026
Maharashtra,Ahilyanagar,Shrirampur APMC,Cereals,Wheat,Other,Non-FAQ,"2,250.00","2,250.00","2,250.00",Rs./Quintal,1.40,Metric Tonnes,13-03-2026
Maharashtra,Ahilyanagar,Shrirampur APMC,Cereals,Wheat,Other,FAQ,"2,500.00","2,600.00","2,550.00",Rs./Quintal,1.20,Metric Tonnes,12-12-2025
Maharashtra,Ahilyanagar,Shrirampur APMC,Cereals,Wheat,Other,FAQ,"2,600.00","2,650.00","2,625.00",Rs./Quintal,2.20,Metric Tonnes,12-08-2026
Maharashtra,Ahilyanagar,Shrirampur APMC,Cereals,Wheat,Other,Non-FAQ,"2,000.00","2,400.00","2,300.00",Rs./Quintal,0.80,Metric Tonnes,12-06-2026
Maharashtra,Ahilyanagar,Shrirampur APMC,Cereals,Wheat,Other,FAQ,"2,500.00","2,600.00","2,550.00",Rs./Quintal,0.20,Metric Tonnes,12-02-2026
Maharashtra,Ahilyanagar,Shrirampur APMC,Cereals,Wheat,Other,FAQ,"2,450.00","2,700.00","2,600.00",Rs./Quintal,1.60,Metric Tonnes,12-01-2026
Maharashtra,Ahilyanagar,Shrirampur APMC,Cereals,Wheat,Other,FAQ,"2,450.00","2,600.00","2,500.00",Rs./Quintal,1.00,Metric Tonnes,11-12-2025
Maharashtra,Ahilyanagar,Shrirampur APMC,Cereals,Wheat,Other,FAQ,"2,600.00","2,650.00","2,625.00",Rs./Quintal,0.60,Metric Tonnes,11-08-2026
Maharashtra,Ahilyanagar,Shrirampur APMC,Cereals,Wheat,Other,Non-FAQ,"2,200.00","2,400.00","2,300.00",Rs./Quintal,3.00,Metric Tonnes,11-06-2026
Maharashtra,Ahilyanagar,Shrirampur APMC,Cereals,Wheat,Other,Non-FAQ,"2,200.00","2,400.00","2,300.00",Rs./Quintal,5.50,Metric Tonnes,11-05-2026
Maharashtra,Ahilyanagar,Shrirampur APMC,Cereals,Wheat,Other,Non-FAQ,"2,000.00","2,250.00","2,150.00",Rs./Quintal,2.00,Metric Tonnes,11-03-2026
Maharashtra,Ahilyanagar,Shrirampur APMC,Cereals,Wheat,Other,FAQ,"2,500.00","2,700.00","2,600.00",Rs./Quintal,2.60,Metric Tonnes,11-02-2026
Maharashtra,Ahilyanagar,Shrirampur APMC,Cereals,Wheat,Other,FAQ,"2,450.00","2,600.00","2,550.00",Rs./Quintal,2.70,Metric Tonnes,10-12-2025
Maharashtra,Ahilyanagar,Shrirampur APMC,Cereals,Wheat,Other,Non-FAQ,"2,200.00","2,400.00","2,300.00",Rs./Quintal,3.40,Metric Tonnes,10-06-2026
Maharashtra,Ahilyanagar,Shrirampur APMC,Cereals,Wheat,Other,Non-FAQ,"1,900.00","2,300.00","2,100.00",Rs./Quintal,8.00,Metric Tonnes,10-04-2026
Maharashtra,Ahilyanagar,Shrirampur APMC,Cereals,Wheat,Other,FAQ,"2,475.00","2,600.00","2,550.00",Rs./Quintal,2.50,Metric Tonnes,10-02-2026
Maharashtra,Ahilyanagar,Shrirampur APMC,Cereals,Wheat,Other,FAQ,"2,450.00","2,650.00","2,550.00",Rs./Quintal,1.60,Metric Tonnes,09-12-2025
Maharashtra,Ahilyanagar,Shrirampur APMC,Cereals,Wheat,Other,Non-FAQ,"2,200.00","2,300.00","2,250.00",Rs./Quintal,0.50,Metric Tonnes,09-07-2026
Maharashtra,Ahilyanagar,Shrirampur APMC,Cereals,Wheat,Other,Non-FAQ,"2,000.00","2,300.00","2,200.00",Rs./Quintal,27.60,Metric Tonnes,09-04-2026
Maharashtra,Ahilyanagar,Shrirampur APMC,Cereals,Wheat,Other,Non-FAQ,"2,200.00","2,200.00","2,200.00",Rs./Quintal,3.00,Metric Tonnes,09-03-2026
Maharashtra,Ahilyanagar,Shrirampur APMC,Cereals,Wheat,Other,FAQ,"2,700.00","2,700.00","2,700.00",Rs./Quintal,0.40,Metric Tonnes,09-02-2026
Maharashtra,Ahilyanagar,Shrirampur APMC,Cereals,Wheat,Other,FAQ,"2,450.00","2,600.00","2,550.00",Rs./Quintal,1.30,Metric Tonnes,09-01-2026
Maharashtra,Ahilyanagar,Shrirampur APMC,Cereals,Wheat,Other,Non-FAQ,"2,200.00","2,400.00","2,300.00",Rs./Quintal,3.40,Metric Tonnes,08-06-2026
Maharashtra,Ahilyanagar,Shrirampur APMC,Cereals,Wheat,Other,Non-FAQ,"2,100.00","2,300.00","2,200.00",Rs./Quintal,3.10,Metric Tonnes,08-05-2026
Maharashtra,Ahilyanagar,Shrirampur APMC,Cereals,Wheat,Other,Non-FAQ,"2,100.00","2,400.00","2,300.00",Rs./Quintal,34.30,Metric Tonnes,08-04-2026
Maharashtra,Ahilyanagar,Shrirampur APMC,Cereals,Wheat,Other,FAQ,"2,500.00","2,700.00","2,600.00",Rs./Quintal,0.40,Metric Tonnes,08-01-2026
Maharashtra,Ahilyanagar,Shrirampur APMC,Cereals,Wheat,Other,FAQ,"2,500.00","2,700.00","2,600.00",Rs./Quintal,1.30,Metric Tonnes,07-11-2025
Maharashtra,Ahilyanagar,Shrirampur APMC,Cereals,Wheat,Other,Non-FAQ,"2,300.00","2,500.00","2,400.00",Rs./Quintal,0.90,Metric Tonnes,07-07-2026
Maharashtra,Ahilyanagar,Shrirampur APMC,Cereals,Wheat,Other,Non-FAQ,"2,000.00","2,400.00","2,200.00",Rs./Quintal,27.70,Metric Tonnes,07-04-2026
Maharashtra,Ahilyanagar,Shrirampur APMC,Cereals,Wheat,Other,Non-FAQ,"2,300.00","2,500.00","2,400.00",Rs./Quintal,6.40,Metric Tonnes,06-05-2026
Maharashtra,Ahilyanagar,Shrirampur APMC,Cereals,Wheat,Other,Non-FAQ,"2,000.00","2,200.00","2,100.00",Rs./Quintal,12.70,Metric Tonnes,06-04-2026
Maharashtra,Ahilyanagar,Shrirampur APMC,Cereals,Wheat,Other,Non-FAQ,"2,100.00","2,101.00","2,100.00",Rs./Quintal,1.70,Metric Tonnes,06-03-2026
Maharashtra,Ahilyanagar,Shrirampur APMC,Cereals,Wheat,Other,FAQ,"2,500.00","2,600.00","2,550.00",Rs./Quintal,0.80,Metric Tonnes,06-02-2026
Maharashtra,Ahilyanagar,Shrirampur APMC,Cereals,Wheat,Other,FAQ,"2,600.00","2,700.00","2,625.00",Rs./Quintal,2.70,Metric Tonnes,05-08-2026
Maharashtra,Ahilyanagar,Shrirampur APMC,Cereals,Wheat,Other,Non-FAQ,"2,200.00","2,450.00","2,350.00",Rs./Quintal,2.80,Metric Tonnes,05-06-2026
Maharashtra,Ahilyanagar,Shrirampur APMC,Cereals,Wheat,Other,Non-FAQ,"2,100.00","2,400.00","2,250.00",Rs./Quintal,5.20,Metric Tonnes,05-05-2026
Maharashtra,Ahilyanagar,Shrirampur APMC,Cereals,Wheat,Other,FAQ,"2,450.00","2,650.00","2,550.00",Rs./Quintal,1.10,Metric Tonnes,05-01-2026
Maharashtra,Ahilyanagar,Shrirampur APMC,Cereals,Wheat,Other,FAQ,"2,500.00","2,600.00","2,550.00",Rs./Quintal,0.30,Metric Tonnes,04-12-2025
Maharashtra,Ahilyanagar,Shrirampur APMC,Cereals,Wheat,Other,Non-FAQ,"2,200.00","2,350.00","2,300.00",Rs./Quintal,2.20,Metric Tonnes,04-06-2026
Maharashtra,Ahilyanagar,Shrirampur APMC,Cereals,Wheat,Other,Non-FAQ,"2,200.00","2,400.00","2,300.00",Rs./Quintal,3.30,Metric Tonnes,04-05-2026
Maharashtra,Ahilyanagar,Shrirampur APMC,Cereals,Wheat,Other,FAQ,"2,425.00","2,650.00","2,525.00",Rs./Quintal,1.90,Metric Tonnes,04-02-2026
Maharashtra,Ahilyanagar,Shrirampur APMC,Cereals,Wheat,Other,FAQ,"2,600.00","2,700.00","2,650.00",Rs./Quintal,1.70,Metric Tonnes,03-12-2025
Maharashtra,Ahilyanagar,Shrirampur APMC,Cereals,Wheat,Other,FAQ,"2,600.00","2,650.00","2,625.00",Rs./Quintal,5.40,Metric Tonnes,03-08-2026
Maharashtra,Ahilyanagar,Shrirampur APMC,Cereals,Wheat,Other,Non-FAQ,"2,300.00","2,500.00","2,400.00",Rs./Quintal,1.10,Metric Tonnes,03-07-2026
Maharashtra,Ahilyanagar,Shrirampur APMC,Cereals,Wheat,Other,Non-FAQ,"2,200.00","2,500.00","2,400.00",Rs./Quintal,1.40,Metric Tonnes,03-06-2026
Maharashtra,Ahilyanagar,Shrirampur APMC,Cereals,Wheat,Other,FAQ,"2,450.00","2,600.00","2,500.00",Rs./Quintal,0.40,Metric Tonnes,03-02-2026
Maharashtra,Ahilyanagar,Shrirampur APMC,Cereals,Wheat,Other,Non-FAQ,"2,200.00","2,400.00","2,300.00",Rs./Quintal,3.10,Metric Tonnes,02-06-2026
Maharashtra,Ahilyanagar,Shrirampur APMC,Cereals,Wheat,Other,FAQ,"2,500.00","2,600.00","2,550.00",Rs./Quintal,1.40,Metric Tonnes,02-01-2026
Maharashtra,Ahilyanagar,Shrirampur APMC,Cereals,Wheat,Other,Non-FAQ,"2,200.00","2,511.00","2,400.00",Rs./Quintal,3.40,Metric Tonnes,01-07-2026
Maharashtra,Ahilyanagar,Shrirampur APMC,Cereals,Wheat,Other,Non-FAQ,"2,200.00","2,400.00","2,300.00",Rs./Quintal,4.70,Metric Tonnes,01-06-2026
Maharashtra,Ahilyanagar,Shrirampur APMC,Cereals,Wheat,Other,Non-FAQ,"2,100.00","2,300.00","2,200.00",Rs./Quintal,8.90,Metric Tonnes,01-04-2026
Maharashtra,Ahilyanagar,Shrirampur(Belapur) APMC,Cereals,Wheat,Other,Non-FAQ,"2,200.00","2,300.00","2,250.00",Rs./Quintal,4.50,Metric Tonnes,31-07-2026
Maharashtra,Ahilyanagar,Shrirampur(Belapur) APMC,Cereals,Wheat,Other,Non-FAQ,"2,200.00","2,400.00","2,300.00",Rs./Quintal,4.90,Metric Tonnes,30-07-2026
Maharashtra,Ahilyanagar,Shrirampur(Belapur) APMC,Cereals,Wheat,Other,Non-FAQ,"2,100.00","2,200.00","2,150.00",Rs./Quintal,0.60,Metric Tonnes,30-06-2026
Maharashtra,Ahilyanagar,Shrirampur(Belapur) APMC,Cereals,Wheat,Other,Non-FAQ,"2,400.00","2,400.00","2,400.00",Rs./Quintal,1.20,Metric Tonnes,29-12-2025
Maharashtra,Ahilyanagar,Shrirampur(Belapur) APMC,Cereals,Wheat,Other,Non-FAQ,"2,250.00","2,350.00","2,300.00",Rs./Quintal,2.50,Metric Tonnes,29-06-2026
Maharashtra,Ahilyanagar,Shrirampur(Belapur) APMC,Cereals,Wheat,Other,Non-FAQ,"2,300.00","2,500.00","2,400.00",Rs./Quintal,2.80,Metric Tonnes,28-07-2026
Maharashtra,Ahilyanagar,Shrirampur(Belapur) APMC,Cereals,Wheat,Other,Non-FAQ,"2,100.00","2,300.00","2,200.00",Rs./Quintal,15.50,Metric Tonnes,27-03-2026
Maharashtra,Ahilyanagar,Shrirampur(Belapur) APMC,Cereals,Wheat,Other,Non-FAQ,"2,300.00","2,300.00","2,300.00",Rs./Quintal,1.80,Metric Tonnes,27-02-2026
Maharashtra,Ahilyanagar,Shrirampur(Belapur) APMC,Cereals,Wheat,Other,Non-FAQ,"2,100.00","2,200.00","2,150.00",Rs./Quintal,1.00,Metric Tonnes,24-06-2026
Maharashtra,Ahilyanagar,Shrirampur(Belapur) APMC,Cereals,Wheat,Other,Non-FAQ,"2,100.00","2,200.00","2,150.00",Rs./Quintal,7.20,Metric Tonnes,24-03-2026
Maharashtra,Ahilyanagar,Shrirampur(Belapur) APMC,Cereals,Wheat,Other,Non-FAQ,"2,100.00","2,200.00","2,150.00",Rs./Quintal,2.20,Metric Tonnes,23-06-2026
Maharashtra,Ahilyanagar,Shrirampur(Belapur) APMC,Cereals,Wheat,Other,Non-FAQ,"2,100.00","2,200.00","2,150.00",Rs./Quintal,3.50,Metric Tonnes,23-04-2026
Maharashtra,Ahilyanagar,Shrirampur(Belapur) APMC,Cereals,Wheat,Other,Non-FAQ,"2,200.00","2,300.00","2,250.00",Rs./Quintal,2.00,Metric Tonnes,22-07-2026
Maharashtra,Ahilyanagar,Shrirampur(Belapur) APMC,Cereals,Wheat,Other,Non-FAQ,"2,100.00","2,200.00","2,150.00",Rs./Quintal,3.50,Metric Tonnes,22-06-2026
Maharashtra,Ahilyanagar,Shrirampur(Belapur) APMC,Cereals,Wheat,Other,Non-FAQ,"2,200.00","2,300.00","2,250.00",Rs./Quintal,6.30,Metric Tonnes,21-07-2026
Maharashtra,Ahilyanagar,Shrirampur(Belapur) APMC,Cereals,Wheat,Other,Non-FAQ,"2,100.00","2,200.00","2,150.00",Rs./Quintal,10.20,Metric Tonnes,21-04-2026
Maharashtra,Ahilyanagar,Shrirampur(Belapur) APMC,Cereals,Wheat,Other,Non-FAQ,"2,300.00","2,400.00","2,350.00",Rs./Quintal,3.80,Metric Tonnes,20-08-2026
Maharashtra,Ahilyanagar,Shrirampur(Belapur) APMC,Cereals,Wheat,Other,Non-FAQ,"2,150.00","2,300.00","2,200.00",Rs./Quintal,3.70,Metric Tonnes,20-07-2026
Maharashtra,Ahilyanagar,Shrirampur(Belapur) APMC,Cereals,Wheat,Other,Non-FAQ,"2,100.00","2,200.00","2,150.00",Rs./Quintal,3.60,Metric Tonnes,20-05-2026
Maharashtra,Ahilyanagar,Shrirampur(Belapur) APMC,Cereals,Wheat,Other,Non-FAQ,"2,200.00","2,300.00","2,250.00",Rs./Quintal,2.00,Metric Tonnes,19-08-2026
Maharashtra,Ahilyanagar,Shrirampur(Belapur) APMC,Cereals,Wheat,Other,Non-FAQ,"2,100.00","2,200.00","2,150.00",Rs./Quintal,1.70,Metric Tonnes,19-06-2026
Maharashtra,Ahilyanagar,Shrirampur(Belapur) APMC,Cereals,Wheat,Other,Non-FAQ,"2,200.00","2,300.00","2,250.00",Rs./Quintal,6.20,Metric Tonnes,18-08-2026
Maharashtra,Ahilyanagar,Shrirampur(Belapur) APMC,Cereals,Wheat,Other,Non-FAQ,"2,200.00","2,300.00","2,250.00",Rs./Quintal,1.70,Metric Tonnes,18-06-2026
Maharashtra,Ahilyanagar,Shrirampur(Belapur) APMC,Cereals,Wheat,Other,Non-FAQ,"2,200.00","2,300.00","2,250.00",Rs./Quintal,3.70,Metric Tonnes,17-07-2026
Maharashtra,Ahilyanagar,Shrirampur(Belapur) APMC,Cereals,Wheat,Other,Non-FAQ,"2,200.00","2,200.00","2,200.00",Rs./Quintal,1.00,Metric Tonnes,17-06-2026
Maharashtra,Ahilyanagar,Shrirampur(Belapur) APMC,Cereals,Wheat,Other,Non-FAQ,"2,000.00","2,100.00","2,050.00",Rs./Quintal,1.90,Metric Tonnes,17-04-2026
Maharashtra,Ahilyanagar,Shrirampur(Belapur) APMC,Cereals,Wheat,Other,Non-FAQ,"2,400.00","2,400.00","2,400.00",Rs./Quintal,2.40,Metric Tonnes,16-12-2025
Maharashtra,Ahilyanagar,Shrirampur(Belapur) APMC,Cereals,Wheat,Other,Non-FAQ,"2,200.00","2,300.00","2,250.00",Rs./Quintal,3.20,Metric Tonnes,16-07-2026
Maharashtra,Ahilyanagar,Shrirampur(Belapur) APMC,Cereals,Wheat,Other,Non-FAQ,"2,200.00","2,250.00","2,200.00",Rs./Quintal,10.70,Metric Tonnes,16-03-2026
Maharashtra,Ahilyanagar,Shrirampur(Belapur) APMC,Cereals,Wheat,Other,Non-FAQ,"2,200.00","2,300.00","2,250.00",Rs./Quintal,4.60,Metric Tonnes,15-07-2026
Maharashtra,Ahilyanagar,Shrirampur(Belapur) APMC,Cereals,Wheat,Other,Non-FAQ,"2,100.00","2,200.00","2,150.00",Rs./Quintal,2.00,Metric Tonnes,15-06-2026
Maharashtra,Ahilyanagar,Shrirampur(Belapur) APMC,Cereals,Wheat,Other,Non-FAQ,"2,100.00","2,200.00","2,150.00",Rs./Quintal,3.00,Metric Tonnes,15-05-2026
Maharashtra,Ahilyanagar,Shrirampur(Belapur) APMC,Cereals,Wheat,Other,Non-FAQ,"2,200.00","2,300.00","2,250.00",Rs./Quintal,2.00,Metric Tonnes,14-08-2026
Maharashtra,Ahilyanagar,Shrirampur(Belapur) APMC,Cereals,Wheat,Other,Non-FAQ,"2,200.00","2,300.00","2,250.00",Rs./Quintal,2.30,Metric Tonnes,13-08-2026
Maharashtra,Ahilyanagar,Shrirampur(Belapur) APMC,Cereals,Wheat,Other,Non-FAQ,"2,100.00","2,200.00","2,150.00",Rs./Quintal,3.50,Metric Tonnes,13-05-2026
Maharashtra,Ahilyanagar,Shrirampur(Belapur) APMC,Cereals,Wheat,Other,Non-FAQ,"2,400.00","2,400.00","2,400.00",Rs./Quintal,0.30,Metric Tonnes,13-02-2026
Maharashtra,Ahilyanagar,Shrirampur(Belapur) APMC,Cereals,Wheat,Other,Non-FAQ,"2,300.00","2,400.00","2,350.00",Rs./Quintal,3.00,Metric Tonnes,12-08-2026
Maharashtra,Ahilyanagar,Shrirampur(Belapur) APMC,Cereals,Wheat,Other,Non-FAQ,"2,100.00","2,200.00","2,150.00",Rs./Quintal,1.70,Metric Tonnes,12-06-2026
Maharashtra,Ahilyanagar,Shrirampur(Belapur) APMC,Cereals,Wheat,Other,Non-FAQ,"2,300.00","2,400.00","2,350.00",Rs./Quintal,5.40,Metric Tonnes,11-08-2026
Maharashtra,Ahilyanagar,Shrirampur(Belapur) APMC,Cereals,Wheat,Other,Non-FAQ,"2,200.00","2,450.00","2,300.00",Rs./Quintal,5.30,Metric Tonnes,11-05-2026
Maharashtra,Ahilyanagar,Shrirampur(Belapur) APMC,Cereals,Wheat,Other,Non-FAQ,"2,200.00","2,300.00","2,250.00",Rs./Quintal,2.00,Metric Tonnes,10-08-2026
Maharashtra,Ahilyanagar,Shrirampur(Belapur) APMC,Cereals,Wheat,Other,Non-FAQ,"2,100.00","2,200.00","2,150.00",Rs./Quintal,2.10,Metric Tonnes,10-07-2026
Maharashtra,Ahilyanagar,Shrirampur(Belapur) APMC,Cereals,Wheat,Other,Non-FAQ,"2,100.00","2,200.00","2,150.00",Rs./Quintal,2.80,Metric Tonnes,10-06-2026
Maharashtra,Ahilyanagar,Shrirampur(Belapur) APMC,Cereals,Wheat,Other,Non-FAQ,"2,100.00","2,100.00","2,100.00",Rs./Quintal,8.80,Metric Tonnes,10-04-2026
Maharashtra,Ahilyanagar,Shrirampur(Belapur) APMC,Cereals,Wheat,Other,Non-FAQ,"2,200.00","2,200.00","2,200.00",Rs./Quintal,1.00,Metric Tonnes,10-03-2026
Maharashtra,Ahilyanagar,Shrirampur(Belapur) APMC,Cereals,Wheat,Other,Non-FAQ,"2,100.00","2,200.00","2,150.00",Rs./Quintal,3.50,Metric Tonnes,09-07-2026
Maharashtra,Ahilyanagar,Shrirampur(Belapur) APMC,Cereals,Wheat,Other,Non-FAQ,"2,200.00","2,300.00","2,250.00",Rs./Quintal,3.10,Metric Tonnes,08-08-2026
Maharashtra,Ahilyanagar,Shrirampur(Belapur) APMC,Cereals,Wheat,Other,Non-FAQ,"2,100.00","2,200.00","2,150.00",Rs./Quintal,2.10,Metric Tonnes,08-06-2026
Maharashtra,Ahilyanagar,Shrirampur(Belapur) APMC,Cereals,Wheat,Other,Non-FAQ,"2,100.00","2,200.00","2,150.00",Rs./Quintal,7.30,Metric Tonnes,08-05-2026
Maharashtra,Ahilyanagar,Shrirampur(Belapur) APMC,Cereals,Wheat,Other,Non-FAQ,"2,200.00","2,300.00","2,250.00",Rs./Quintal,1.50,Metric Tonnes,07-08-2026
Maharashtra,Ahilyanagar,Shrirampur(Belapur) APMC,Cereals,Wheat,Other,Non-FAQ,"2,100.00","2,200.00","2,150.00",Rs./Quintal,2.90,Metric Tonnes,07-05-2026
Maharashtra,Ahilyanagar,Shrirampur(Belapur) APMC,Cereals,Wheat,Other,Non-FAQ,"2,000.00","2,100.00","2,050.00",Rs./Quintal,6.70,Metric Tonnes,07-04-2026
Maharashtra,Ahilyanagar,Shrirampur(Belapur) APMC,Cereals,Wheat,Other,Non-FAQ,"2,200.00","2,300.00","2,250.00",Rs./Quintal,2.30,Metric Tonnes,06-08-2026
Maharashtra,Ahilyanagar,Shrirampur(Belapur) APMC,Cereals,Wheat,Other,Non-FAQ,"2,400.00","2,400.00","2,400.00",Rs./Quintal,1.10,Metric Tonnes,05-12-2025
Maharashtra,Ahilyanagar,Shrirampur(Belapur) APMC,Cereals,Wheat,Other,Non-FAQ,"2,200.00","2,300.00","2,250.00",Rs./Quintal,2.60,Metric Tonnes,05-08-2026
Maharashtra,Ahilyanagar,Shrirampur(Belapur) APMC,Cereals,Wheat,Other,Non-FAQ,"2,100.00","2,200.00","2,150.00",Rs./Quintal,3.10,Metric Tonnes,05-06-2026
Maharashtra,Ahilyanagar,Shrirampur(Belapur) APMC,Cereals,Wheat,Other,Non-FAQ,"2,200.00","2,550.00","2,350.00",Rs./Quintal,8.90,Metric Tonnes,05-05-2026
Maharashtra,Ahilyanagar,Shrirampur(Belapur) APMC,Cereals,Wheat,Other,Non-FAQ,"2,150.00","2,300.00","2,200.00",Rs./Quintal,2.20,Metric Tonnes,04-08-2026
Maharashtra,Ahilyanagar,Shrirampur(Belapur) APMC,Cereals,Wheat,Other,Non-FAQ,"2,100.00","2,200.00","2,150.00",Rs./Quintal,5.00,Metric Tonnes,04-05-2026
Maharashtra,Ahilyanagar,Shrirampur(Belapur) APMC,Cereals,Wheat,Other,Non-FAQ,"2,200.00","2,300.00","2,250.00",Rs./Quintal,4.90,Metric Tonnes,03-08-2026
Maharashtra,Ahilyanagar,Shrirampur(Belapur) APMC,Cereals,Wheat,Other,Non-FAQ,"2,100.00","2,200.00","2,150.00",Rs./Quintal,3.70,Metric Tonnes,03-06-2026
Maharashtra,Ahilyanagar,Shrirampur(Belapur) APMC,Cereals,Wheat,Other,Non-FAQ,"2,100.00","2,200.00","2,150.00",Rs./Quintal,2.80,Metric Tonnes,02-07-2026
Maharashtra,Ahilyanagar,Shrirampur(Belapur) APMC,Cereals,Wheat,Other,Non-FAQ,"2,100.00","2,200.00","2,150.00",Rs./Quintal,2.00,Metric Tonnes,01-07-2026
Maharashtra,Ahilyanagar,Shrirampur(Belapur) APMC,Cereals,Wheat,Other,Non-FAQ,"2,100.00","2,100.00","2,100.00",Rs./Quintal,5.80,Metric Tonnes,01-04-2026
Maharashtra,Nashik,Devala APMC,Cereals,Wheat,Maharashtra 2189,FAQ,"2,580.00","2,720.00","2,590.00",Rs./Quintal,0.30,Metric Tonnes,31-12-2025
Maharashtra,Nashik,Devala APMC,Cereals,Wheat,Maharashtra 2189,FAQ,"2,590.00","2,600.00","2,595.00",Rs./Quintal,0.20,Metric Tonnes,30-12-2025
Maharashtra,Nashik,Devala APMC,Cereals,Wheat,Maharashtra 2189,FAQ,"2,585.00","2,735.00","2,710.00",Rs./Quintal,0.30,Metric Tonnes,30-07-2026
Maharashtra,Nashik,Devala APMC,Cereals,Wheat,Maharashtra 2189,Non-FAQ,"2,475.00","2,490.00","2,480.00",Rs./Quintal,0.30,Metric Tonnes,30-06-2026
Maharashtra,Nashik,Devala APMC,Cereals,Wheat,Maharashtra 2189,FAQ,"2,450.00","2,600.00","2,550.00",Rs./Quintal,0.40,Metric Tonnes,30-01-2026
Maharashtra,Nashik,Devala APMC,Cereals,Wheat,Maharashtra 2189,FAQ,"2,475.00","2,550.00","2,520.00",Rs./Quintal,0.40,Metric Tonnes,29-12-2025
Maharashtra,Nashik,Devala APMC,Cereals,Wheat,Maharashtra 2189,FAQ,"2,615.00","2,735.00","2,635.00",Rs./Quintal,0.30,Metric Tonnes,29-07-2026
Maharashtra,Nashik,Devala APMC,Cereals,Wheat,Maharashtra 2189,Non-FAQ,"2,445.00","2,475.00","2,475.00",Rs./Quintal,0.30,Metric Tonnes,29-06-2026
Maharashtra,Nashik,Devala APMC,Cereals,Wheat,Maharashtra 2189,Non-FAQ,"2,255.00","2,495.00","2,340.00",Rs./Quintal,1.30,Metric Tonnes,29-05-2026
Maharashtra,Nashik,Devala APMC,Cereals,Wheat,Maharashtra 2189,Non-FAQ,"2,250.00","2,325.00","2,300.00",Rs./Quintal,0.50,Metric Tonnes,29-04-2026
Maharashtra,Nashik,Devala APMC,Cereals,Wheat,Maharashtra 2189,FAQ,"2,640.00","2,670.00","2,650.00",Rs./Quintal,0.30,Metric Tonnes,28-07-2026
Maharashtra,Nashik,Devala APMC,Cereals,Wheat,Maharashtra 2189,Non-FAQ,"2,240.00","2,370.00","2,305.00",Rs./Quintal,2.20,Metric Tonnes,28-04-2026
Maharashtra,Nashik,Devala APMC,Cereals,Wheat,Maharashtra 2189,FAQ,"2,455.00","2,595.00","2,495.00",Rs./Quintal,0.40,Metric Tonnes,28-01-2026
Maharashtra,Nashik,Devala APMC,Cereals,Wheat,Maharashtra 2189,FAQ,"2,590.00","2,655.00","2,650.00",Rs./Quintal,0.30,Metric Tonnes,27-07-2026
Maharashtra,Nashik,Devala APMC,Cereals,Wheat,Maharashtra 2189,Non-FAQ,"2,325.00","2,340.00","2,340.00",Rs./Quintal,0.30,Metric Tonnes,27-05-2026
Maharashtra,Nashik,Devala APMC,Cereals,Wheat,Maharashtra 2189,Non-FAQ,"2,250.00","2,300.00","2,260.00",Rs./Quintal,0.70,Metric Tonnes,27-04-2026
Maharashtra,Nashik,Devala APMC,Cereals,Wheat,Maharashtra 2189,Non-FAQ,"2,050.00","2,200.00","2,150.00",Rs./Quintal,5.40,Metric Tonnes,27-03-2026
Maharashtra,Nashik,Devala APMC,Cereals,Wheat,Maharashtra 2189,FAQ,"2,425.00","2,560.00","2,560.00",Rs./Quintal,0.30,Metric Tonnes,27-02-2026
Maharashtra,Nashik,Devala APMC,Cereals,Wheat,Maharashtra 2189,FAQ,"2,520.00","2,570.00","2,535.00",Rs./Quintal,0.30,Metric Tonnes,27-01-2026
Maharashtra,Nashik,Devala APMC,Cereals,Wheat,Maharashtra 2189,FAQ,"2,485.00","2,750.00","2,550.00",Rs./Quintal,1.30,Metric Tonnes,26-12-2025
Maharashtra,Nashik,Devala APMC,Cereals,Wheat,Maharashtra 2189,FAQ,"2,545.00","2,585.00","2,585.00",Rs./Quintal,0.20,Metric Tonnes,26-11-2025
Maharashtra,Nashik,Devala APMC,Cereals,Wheat,Maharashtra 2189,Non-FAQ,"2,325.00","2,465.00","2,400.00",Rs./Quintal,1.00,Metric Tonnes,26-05-2026
Maharashtra,Nashik,Devala APMC,Cereals,Wheat,Maharashtra 2189,Non-FAQ,"2,400.00","2,400.00","2,400.00",Rs./Quintal,0.10,Metric Tonnes,26-02-2026
Maharashtra,Nashik,Devala APMC,Cereals,Wheat,Maharashtra 2189,FAQ,"2,505.00","2,900.00","2,600.00",Rs./Quintal,0.40,Metric Tonnes,25-11-2025
Maharashtra,Nashik,Devala APMC,Cereals,Wheat,Maharashtra 2189,Non-FAQ,"2,330.00","2,355.00","2,340.00",Rs./Quintal,0.60,Metric Tonnes,25-05-2026
Maharashtra,Nashik,Devala APMC,Cereals,Wheat,Maharashtra 2189,Non-FAQ,"2,070.00","2,360.00","2,250.00",Rs./Quintal,10.60,Metric Tonnes,25-03-2026
Maharashtra,Nashik,Devala APMC,Cereals,Wheat,Maharashtra 2189,FAQ,"2,475.00","2,475.00","2,475.00",Rs./Quintal,0.10,Metric Tonnes,25-02-2026
Maharashtra,Nashik,Devala APMC,Cereals,Wheat,Maharashtra 2189,FAQ,"2,750.00","2,750.00","2,750.00",Rs./Quintal,0.70,Metric Tonnes,24-12-2025
Maharashtra,Nashik,Devala APMC,Cereals,Wheat,Maharashtra 2189,Non-FAQ,"1,385.00","1,850.00","1,700.00",Rs./Quintal,150.00,Metric Tonnes,24-12-2025
Maharashtra,Nashik,Devala APMC,Cereals,Wheat,Maharashtra 2189,FAQ,"2,485.00","2,700.00","2,645.00",Rs./Quintal,0.30,Metric Tonnes,24-11-2025
Maharashtra,Nashik,Devala APMC,Cereals,Wheat,Maharashtra 2189,Non-FAQ,"2,525.00","2,580.00","2,580.00",Rs./Quintal,0.20,Metric Tonnes,24-07-2026
Maharashtra,Nashik,Devala APMC,Cereals,Wheat,Maharashtra 2189,Non-FAQ,"2,424.00","2,425.00","2,425.00",Rs./Quintal,0.10,Metric Tonnes,24-06-2026
Maharashtra,Nashik,Devala APMC,Cereals,Wheat,Maharashtra 2189,Non-FAQ,"2,250.00","2,510.00","2,300.00",Rs./Quintal,1.30,Metric Tonnes,24-04-2026
Maharashtra,Nashik,Devala APMC,Cereals,Wheat,Maharashtra 2189,Non-FAQ,"2,035.00","2,340.00","2,200.00",Rs./Quintal,1.00,Metric Tonnes,24-03-2026
Maharashtra,Nashik,Devala APMC,Cereals,Wheat,Maharashtra 2189,FAQ,"2,655.00","2,655.00","2,655.00",Rs./Quintal,0.20,Metric Tonnes,24-02-2026
Maharashtra,Nashik,Devala APMC,Cereals,Wheat,Maharashtra 2189,FAQ,"2,495.00","2,700.00","2,630.00",Rs./Quintal,0.40,Metric Tonnes,23-12-2025
Maharashtra,Nashik,Devala APMC,Cereals,Wheat,Maharashtra 2189,Non-FAQ,"2,405.00","2,420.00","2,420.00",Rs./Quintal,0.30,Metric Tonnes,23-06-2026
Maharashtra,Nashik,Devala APMC,Cereals,Wheat,Maharashtra 2189,Non-FAQ,"2,160.00","2,485.00","2,400.00",Rs./Quintal,0.40,Metric Tonnes,23-04-2026
Maharashtra,Nashik,Devala APMC,Cereals,Wheat,Maharashtra 2189,FAQ,"2,600.00","2,805.00","2,740.00",Rs./Quintal,0.50,Metric Tonnes,23-01-2026
Maharashtra,Nashik,Devala APMC,Cereals,Wheat,Maharashtra 2189,FAQ,"2,475.00","2,650.00","2,500.00",Rs./Quintal,0.60,Metric Tonnes,22-12-2025
Maharashtra,Nashik,Devala APMC,Cereals,Wheat,Maharashtra 2189,Non-FAQ,"2,415.00","2,445.00","2,445.00",Rs./Quintal,0.20,Metric Tonnes,22-06-2026
Maharashtra,Nashik,Devala APMC,Cereals,Wheat,Maharashtra 2189,Non-FAQ,"2,350.00","2,385.00","2,370.00",Rs./Quintal,0.70,Metric Tonnes,22-05-2026
Maharashtra,Nashik,Devala APMC,Cereals,Wheat,Maharashtra 2189,Non-FAQ,"2,215.00","2,575.00","2,550.00",Rs./Quintal,1.00,Metric Tonnes,22-04-2026
Maharashtra,Nashik,Devala APMC,Cereals,Wheat,Maharashtra 2189,FAQ,"2,520.00","2,575.00","2,550.00",Rs./Quintal,0.40,Metric Tonnes,22-01-2026
Maharashtra,Nashik,Devala APMC,Cereals,Wheat,Maharashtra 2189,FAQ,"2,600.00","2,720.00","2,630.00",Rs./Quintal,0.30,Metric Tonnes,21-08-2026
Maharashtra,Nashik,Devala APMC,Cereals,Wheat,Maharashtra 2189,FAQ,"2,635.00","2,635.00","2,635.00",Rs./Quintal,0.20,Metric Tonnes,21-07-2026
Maharashtra,Nashik,Devala APMC,Cereals,Wheat,Maharashtra 2189,FAQ,"2,545.00","2,635.00","2,605.00",Rs./Quintal,0.40,Metric Tonnes,21-01-2026
Maharashtra,Nashik,Devala APMC,Cereals,Wheat,Maharashtra 2189,FAQ,"2,640.00","2,730.00","2,675.00",Rs./Quintal,0.30,Metric Tonnes,20-08-2026
Maharashtra,Nashik,Devala APMC,Cereals,Wheat,Maharashtra 2189,Non-FAQ,"2,575.00","2,575.00","2,575.00",Rs./Quintal,0.10,Metric Tonnes,20-07-2026
Maharashtra,Nashik,Devala APMC,Cereals,Wheat,Maharashtra 2189,Non-FAQ,"2,335.00","2,375.00","2,360.00",Rs./Quintal,0.80,Metric Tonnes,20-05-2026
Maharashtra,Nashik,Devala APMC,Cereals,Wheat,Maharashtra 2189,Non-FAQ,"2,100.00","2,255.00","2,200.00",Rs./Quintal,5.90,Metric Tonnes,20-03-2026
Maharashtra,Nashik,Devala APMC,Cereals,Wheat,Maharashtra 2189,Non-FAQ,"2,420.00","2,420.00","2,420.00",Rs./Quintal,0.10,Metric Tonnes,20-02-2026
Maharashtra,Nashik,Devala APMC,Cereals,Wheat,Maharashtra 2189,FAQ,"2,475.00","2,570.00","2,525.00",Rs./Quintal,0.30,Metric Tonnes,19-12-2025
Maharashtra,Nashik,Devala APMC,Cereals,Wheat,Maharashtra 2189,FAQ,"2,475.00","2,700.00","2,695.00",Rs./Quintal,0.30,Metric Tonnes,19-11-2025
Maharashtra,Nashik,Devala APMC,Cereals,Wheat,Maharashtra 2189,FAQ,"2,685.00","2,810.00","2,695.00",Rs./Quintal,0.30,Metric Tonnes,19-08-2026
Maharashtra,Nashik,Devala APMC,Cereals,Wheat,Maharashtra 2189,Non-FAQ,"2,345.00","2,375.00","2,370.00",Rs./Quintal,0.30,Metric Tonnes,19-06-2026
Maharashtra,Nashik,Devala APMC,Cereals,Wheat,Maharashtra 2189,Non-FAQ,"2,270.00","2,385.00","2,335.00",Rs./Quintal,0.70,Metric Tonnes,19-05-2026
Maharashtra,Nashik,Devala APMC,Cereals,Wheat,Maharashtra 2189,FAQ,"2,495.00","2,625.00","2,530.00",Rs./Quintal,0.40,Metric Tonnes,18-12-2025
Maharashtra,Nashik,Devala APMC,Cereals,Wheat,Maharashtra 2189,FAQ,"2,675.00","2,705.00","2,695.00",Rs./Quintal,0.30,Metric Tonnes,18-08-2026
Maharashtra,Nashik,Devala APMC,Cereals,Wheat,Maharashtra 2189,FAQ,"2,620.00","2,620.00","2,620.00",Rs./Quintal,0.20,Metric Tonnes,18-06-2026
Maharashtra,Nashik,Devala APMC,Cereals,Wheat,Maharashtra 2189,Non-FAQ,"2,325.00","2,560.00","2,400.00",Rs./Quintal,0.90,Metric Tonnes,18-05-2026
Maharashtra,Nashik,Devala APMC,Cereals,Wheat,Maharashtra 2189,FAQ,"2,435.00","2,445.00","2,440.00",Rs./Quintal,0.40,Metric Tonnes,18-02-2026
Maharashtra,Nashik,Devala APMC,Cereals,Wheat,Maharashtra 2189,FAQ,"2,500.00","2,590.00","2,590.00",Rs./Quintal,0.30,Metric Tonnes,17-12-2025
Maharashtra,Nashik,Devala APMC,Cereals,Wheat,Maharashtra 2189,FAQ,"2,515.00","2,650.00","2,535.00",Rs./Quintal,0.30,Metric Tonnes,17-11-2025
Maharashtra,Nashik,Devala APMC,Cereals,Wheat,Maharashtra 2189,FAQ,"2,650.00","2,805.00","2,720.00",Rs./Quintal,0.20,Metric Tonnes,17-08-2026
Maharashtra,Nashik,Devala APMC,Cereals,Wheat,Maharashtra 2189,Non-FAQ,"2,535.00","2,570.00","2,550.00",Rs./Quintal,0.30,Metric Tonnes,17-07-2026
Maharashtra,Nashik,Devala APMC,Cereals,Wheat,Maharashtra 2189,Non-FAQ,"2,335.00","2,380.00","2,350.00",Rs./Quintal,0.40,Metric Tonnes,17-06-2026
Maharashtra,Nashik,Devala APMC,Cereals,Wheat,Maharashtra 2189,Non-FAQ,"2,235.00","2,425.00","2,300.00",Rs./Quintal,0.40,Metric Tonnes,17-04-2026
Maharashtra,Nashik,Devala APMC,Cereals,Wheat,Maharashtra 2189,FAQ,"2,430.00","2,475.00","2,470.00",Rs./Quintal,0.30,Metric Tonnes,17-02-2026
Maharashtra,Nashik,Devala APMC,Cereals,Wheat,Maharashtra 2189,FAQ,"2,425.00","2,565.00","2,500.00",Rs./Quintal,0.30,Metric Tonnes,16-12-2025
Maharashtra,Nashik,Devala APMC,Cereals,Wheat,Maharashtra 2189,FAQ,"2,640.00","2,640.00","2,640.00",Rs./Quintal,0.10,Metric Tonnes,16-07-2026
Maharashtra,Nashik,Devala APMC,Cereals,Wheat,Maharashtra 2189,Non-FAQ,"2,345.00","2,385.00","2,385.00",Rs./Quintal,0.20,Metric Tonnes,16-06-2026
Maharashtra,Nashik,Devala APMC,Cereals,Wheat,Maharashtra 2189,Non-FAQ,"2,175.00","2,405.00","2,400.00",Rs./Quintal,2.00,Metric Tonnes,16-04-2026
Maharashtra,Nashik,Devala APMC,Cereals,Wheat,Maharashtra 2189,Non-FAQ,"2,170.00","2,295.00","2,270.00",Rs./Quintal,0.60,Metric Tonnes,16-03-2026
Maharashtra,Nashik,Devala APMC,Cereals,Wheat,Maharashtra 2189,FAQ,"2,455.00","2,500.00","2,485.00",Rs./Quintal,0.30,Metric Tonnes,16-02-2026
Maharashtra,Nashik,Devala APMC,Cereals,Wheat,Maharashtra 2189,FAQ,"2,575.00","2,740.00","2,675.00",Rs./Quintal,0.40,Metric Tonnes,16-01-2026
Maharashtra,Nashik,Devala APMC,Cereals,Wheat,Maharashtra 2189,FAQ,"2,455.00","2,755.00","2,675.00",Rs./Quintal,1.20,Metric Tonnes,15-12-2025
Maharashtra,Nashik,Devala APMC,Cereals,Wheat,Maharashtra 2189,FAQ,"2,595.00","2,695.00","2,695.00",Rs./Quintal,0.20,Metric Tonnes,15-07-2026
Maharashtra,Nashik,Devala APMC,Cereals,Wheat,Maharashtra 2189,Non-FAQ,"2,330.00","2,350.00","2,340.00",Rs./Quintal,0.90,Metric Tonnes,15-06-2026
Maharashtra,Nashik,Devala APMC,Cereals,Wheat,Maharashtra 2189,Non-FAQ,"2,235.00","2,350.00","2,335.00",Rs./Quintal,0.60,Metric Tonnes,15-05-2026
Maharashtra,Nashik,Devala APMC,Cereals,Wheat,Maharashtra 2189,Non-FAQ,"2,110.00","2,240.00","2,220.00",Rs./Quintal,0.70,Metric Tonnes,15-04-2026
Maharashtra,Nashik,Devala APMC,Cereals,Wheat,Maharashtra 2189,FAQ,"2,515.00","2,930.00","2,610.00",Rs./Quintal,0.50,Metric Tonnes,14-11-2025
Maharashtra,Nashik,Devala APMC,Cereals,Wheat,Maharashtra 2189,FAQ,"2,650.00","2,705.00","2,685.00",Rs./Quintal,0.20,Metric Tonnes,14-08-2026
Maharashtra,Nashik,Devala APMC,Cereals,Wheat,Maharashtra 2189,FAQ,"2,600.00","2,630.00","2,630.00",Rs./Quintal,0.30,Metric Tonnes,14-07-2026
Maharashtra,Nashik,Devala APMC,Cereals,Wheat,Maharashtra 2189,Non-FAQ,"2,325.00","2,350.00","2,350.00",Rs./Quintal,0.20,Metric Tonnes,14-05-2026
Maharashtra,Nashik,Devala APMC,Cereals,Wheat,Maharashtra 2189,FAQ,"2,640.00","2,660.00","2,650.00",Rs./Quintal,0.10,Metric Tonnes,13-08-2026
Maharashtra,Nashik,Devala APMC,Cereals,Wheat,Maharashtra 2189,Non-FAQ,"2,535.00","2,555.00","2,550.00",Rs./Quintal,0.30,Metric Tonnes,13-07-2026
Maharashtra,Nashik,Devala APMC,Cereals,Wheat,Maharashtra 2189,Non-FAQ,"2,285.00","2,330.00","2,310.00",Rs./Quintal,0.60,Metric Tonnes,13-05-2026
Maharashtra,Nashik,Devala APMC,Cereals,Wheat,Maharashtra 2189,Non-FAQ,"2,100.00","2,500.00","2,450.00",Rs./Quintal,0.90,Metric Tonnes,13-04-2026
Maharashtra,Nashik,Devala APMC,Cereals,Wheat,Maharashtra 2189,Non-FAQ,"2,125.00","2,390.00","2,200.00",Rs./Quintal,1.00,Metric Tonnes,13-03-2026
Maharashtra,Nashik,Devala APMC,Cereals,Wheat,Maharashtra 2189,FAQ,"2,445.00","2,590.00","2,550.00",Rs./Quintal,0.50,Metric Tonnes,13-02-2026
Maharashtra,Nashik,Devala APMC,Cereals,Wheat,Maharashtra 2189,FAQ,"2,700.00","2,905.00","2,760.00",Rs./Quintal,0.20,Metric Tonnes,13-01-2026
Maharashtra,Nashik,Devala APMC,Cereals,Wheat,Maharashtra 2189,FAQ,"2,445.00","2,560.00","2,550.00",Rs./Quintal,0.40,Metric Tonnes,12-12-2025
Maharashtra,Nashik,Devala APMC,Cereals,Wheat,Maharashtra 2189,Non-FAQ,"2,315.00","2,525.00","2,400.00",Rs./Quintal,0.40,Metric Tonnes,12-06-2026
Maharashtra,Nashik,Devala APMC,Cereals,Wheat,Maharashtra 2189,Non-FAQ,"2,260.00","2,350.00","2,310.00",Rs./Quintal,0.40,Metric Tonnes,12-05-2026
Maharashtra,Nashik,Devala APMC,Cereals,Wheat,Maharashtra 2189,Non-FAQ,"2,125.00","2,355.00","2,200.00",Rs./Quintal,1.40,Metric Tonnes,12-03-2026
Maharashtra,Nashik,Devala APMC,Cereals,Wheat,Maharashtra 2189,FAQ,"2,465.00","2,590.00","2,580.00",Rs./Quintal,0.30,Metric Tonnes,12-02-2026
Maharashtra,Nashik,Devala APMC,Cereals,Wheat,Maharashtra 2189,FAQ,"2,560.00","2,570.00","2,570.00",Rs./Quintal,0.20,Metric Tonnes,12-01-2026
Maharashtra,Nashik,Devala APMC,Cereals,Wheat,Maharashtra 2189,FAQ,"2,451.00","2,550.00","2,515.00",Rs./Quintal,0.40,Metric Tonnes,11-12-2025
Maharashtra,Nashik,Devala APMC,Cereals,Wheat,Maharashtra 2189,FAQ,"2,500.00","2,800.00","2,765.00",Rs./Quintal,0.40,Metric Tonnes,11-11-2025
Maharashtra,Nashik,Devala APMC,Cereals,Wheat,Maharashtra 2189,FAQ,"2,650.00","2,685.00","2,675.00",Rs./Quintal,0.30,Metric Tonnes,11-08-2026
Maharashtra,Nashik,Devala APMC,Cereals,Wheat,Maharashtra 2189,FAQ,"2,705.00","2,705.00","2,705.00",Rs./Quintal,0.20,Metric Tonnes,11-06-2026
Maharashtra,Nashik,Devala APMC,Cereals,Wheat,Maharashtra 2189,Non-FAQ,"2,240.00","2,425.00","2,320.00",Rs./Quintal,1.30,Metric Tonnes,11-05-2026
Maharashtra,Nashik,Devala APMC,Cereals,Wheat,Maharashtra 2189,Non-FAQ,"2,115.00","2,305.00","2,250.00",Rs./Quintal,0.70,Metric Tonnes,11-03-2026
Maharashtra,Nashik,Devala APMC,Cereals,Wheat,Maharashtra 2189,FAQ,"2,490.00","2,530.00","2,500.00",Rs./Quintal,1.00,Metric Tonnes,11-02-2026
Maharashtra,Nashik,Devala APMC,Cereals,Wheat,Maharashtra 2189,FAQ,"2,500.00","2,700.00","2,540.00",Rs./Quintal,0.40,Metric Tonnes,10-12-2025
Maharashtra,Nashik,Devala APMC,Cereals,Wheat,Maharashtra 2189,FAQ,"2,465.00","2,760.00","2,560.00",Rs./Quintal,0.30,Metric Tonnes,10-11-2025
Maharashtra,Nashik,Devala APMC,Cereals,Wheat,Maharashtra 2189,FAQ,"2,635.00","2,690.00","2,665.00",Rs./Quintal,0.40,Metric Tonnes,10-08-2026
Maharashtra,Nashik,Devala APMC,Cereals,Wheat,Maharashtra 2189,Non-FAQ,"2,525.00","2,530.00","2,530.00",Rs./Quintal,0.20,Metric Tonnes,10-07-2026
Maharashtra,Nashik,Devala APMC,Cereals,Wheat,Maharashtra 2189,Non-FAQ,"2,290.00","2,435.00","2,320.00",Rs./Quintal,0.50,Metric Tonnes,10-06-2026
Maharashtra,Nashik,Devala APMC,Cereals,Wheat,Maharashtra 2189,FAQ,"2,650.00","2,650.00","2,650.00",Rs./Quintal,1.00,Metric Tonnes,10-04-2026
Maharashtra,Nashik,Devala APMC,Cereals,Wheat,Maharashtra 2189,Non-FAQ,"2,185.00","2,550.00","2,200.00",Rs./Quintal,3.20,Metric Tonnes,10-04-2026
Maharashtra,Nashik,Devala APMC,Cereals,Wheat,Maharashtra 2189,Non-FAQ,"2,125.00","2,300.00","2,250.00",Rs./Quintal,0.30,Metric Tonnes,10-03-2026
Maharashtra,Nashik,Devala APMC,Cereals,Wheat,Maharashtra 2189,FAQ,"2,435.00","2,900.00","2,700.00",Rs./Quintal,0.50,Metric Tonnes,10-02-2026
Maharashtra,Nashik,Devala APMC,Cereals,Wheat,Maharashtra 2189,FAQ,"2,425.00","2,560.00","2,500.00",Rs./Quintal,1.50,Metric Tonnes,09-12-2025
Maharashtra,Nashik,Devala APMC,Cereals,Wheat,Maharashtra 2189,Non-FAQ,"2,495.00","2,535.00","2,515.00",Rs./Quintal,0.50,Metric Tonnes,09-07-2026
Maharashtra,Nashik,Devala APMC,Cereals,Wheat,Maharashtra 2189,Non-FAQ,"2,320.00","2,440.00","2,410.00",Rs./Quintal,0.60,Metric Tonnes,09-06-2026
Maharashtra,Nashik,Devala APMC,Cereals,Wheat,Maharashtra 2189,Non-FAQ,"2,105.00","2,505.00","2,200.00",Rs./Quintal,2.10,Metric Tonnes,09-04-2026
Maharashtra,Nashik,Devala APMC,Cereals,Wheat,Maharashtra 2189,FAQ,"2,455.00","2,455.00","2,455.00",Rs./Quintal,0.10,Metric Tonnes,09-03-2026
Maharashtra,Nashik,Devala APMC,Cereals,Wheat,Maharashtra 2189,FAQ,"2,425.00","2,625.00","2,520.00",Rs./Quintal,0.80,Metric Tonnes,09-02-2026
Maharashtra,Nashik,Devala APMC,Cereals,Wheat,Maharashtra 2189,FAQ,"2,425.00","2,605.00","2,545.00",Rs./Quintal,0.40,Metric Tonnes,08-12-2025
Maharashtra,Nashik,Devala APMC,Cereals,Wheat,Maharashtra 2189,Non-FAQ,"2,375.00","2,375.00","2,375.00",Rs./Quintal,0.10,Metric Tonnes,08-07-2026
Maharashtra,Nashik,Devala APMC,Cereals,Wheat,Maharashtra 2189,Non-FAQ,"2,230.00","2,500.00","2,355.00",Rs./Quintal,1.50,Metric Tonnes,08-06-2026
Maharashtra,Nashik,Devala APMC,Cereals,Wheat,Maharashtra 2189,Non-FAQ,"2,255.00","2,330.00","2,325.00",Rs./Quintal,0.50,Metric Tonnes,08-05-2026
Maharashtra,Nashik,Devala APMC,Cereals,Wheat,Maharashtra 2189,Non-FAQ,"2,140.00","2,505.00","2,200.00",Rs./Quintal,0.40,Metric Tonnes,08-04-2026
Maharashtra,Nashik,Devala APMC,Cereals,Wheat,Maharashtra 2189,FAQ,"2,475.00","2,630.00","2,590.00",Rs./Quintal,0.30,Metric Tonnes,08-01-2026
Maharashtra,Nashik,Devala APMC,Cereals,Wheat,Maharashtra 2189,FAQ,"2,500.00","2,745.00","2,540.00",Rs./Quintal,0.40,Metric Tonnes,07-11-2025
Maharashtra,Nashik,Devala APMC,Cereals,Wheat,Maharashtra 2189,FAQ,"2,665.00","2,675.00","2,675.00",Rs./Quintal,0.10,Metric Tonnes,07-08-2026
Maharashtra,Nashik,Devala APMC,Cereals,Wheat,Maharashtra 2189,Non-FAQ,"2,200.00","2,460.00","2,330.00",Rs./Quintal,0.50,Metric Tonnes,07-05-2026
Maharashtra,Nashik,Devala APMC,Cereals,Wheat,Maharashtra 2189,Non-FAQ,"2,035.00","2,500.00","2,300.00",Rs./Quintal,1.30,Metric Tonnes,07-04-2026
Maharashtra,Nashik,Devala APMC,Cereals,Wheat,Maharashtra 2189,FAQ,"2,705.00","2,705.00","2,705.00",Rs./Quintal,0.10,Metric Tonnes,06-08-2026
Maharashtra,Nashik,Devala APMC,Cereals,Wheat,Maharashtra 2189,Non-FAQ,"2,205.00","2,425.00","2,260.00",Rs./Quintal,0.50,Metric Tonnes,06-05-2026
Maharashtra,Nashik,Devala APMC,Cereals,Wheat,Maharashtra 2189,Non-FAQ,"2,000.00","2,185.00","2,045.00",Rs./Quintal,2.20,Metric Tonnes,06-04-2026
Maharashtra,Nashik,Devala APMC,Cereals,Wheat,Maharashtra 2189,Non-FAQ,"2,170.00","2,250.00","2,200.00",Rs./Quintal,0.30,Metric Tonnes,06-03-2026
Maharashtra,Nashik,Devala APMC,Cereals,Wheat,Maharashtra 2189,FAQ,"2,440.00","2,515.00","2,510.00",Rs./Quintal,0.70,Metric Tonnes,06-02-2026
Maharashtra,Nashik,Devala APMC,Cereals,Wheat,Maharashtra 2189,FAQ,"2,445.00","2,565.00","2,535.00",Rs./Quintal,0.60,Metric Tonnes,05-12-2025
Maharashtra,Nashik,Devala APMC,Cereals,Wheat,Maharashtra 2189,FAQ,"2,635.00","2,725.00","2,665.00",Rs./Quintal,0.30,Metric Tonnes,05-08-2026
Maharashtra,Nashik,Devala APMC,Cereals,Wheat,Maharashtra 2189,Non-FAQ,"2,300.00","2,360.00","2,340.00",Rs./Quintal,0.60,Metric Tonnes,05-06-2026
Maharashtra,Nashik,Devala APMC,Cereals,Wheat,Maharashtra 2189,Non-FAQ,"2,200.00","2,300.00","2,270.00",Rs./Quintal,0.80,Metric Tonnes,05-05-2026
Maharashtra,Nashik,Devala APMC,Cereals,Wheat,Maharashtra 2189,Non-FAQ,"2,200.00","2,240.00","2,225.00",Rs./Quintal,0.40,Metric Tonnes,05-03-2026
Maharashtra,Nashik,Devala APMC,Cereals,Wheat,Maharashtra 2189,FAQ,"2,435.00","2,605.00","2,500.00",Rs./Quintal,0.30,Metric Tonnes,05-02-2026
Maharashtra,Nashik,Devala APMC,Cereals,Wheat,Maharashtra 2189,FAQ,"2,495.00","2,580.00","2,555.00",Rs./Quintal,0.20,Metric Tonnes,05-01-2026
Maharashtra,Nashik,Devala APMC,Cereals,Wheat,Maharashtra 2189,FAQ,"2,520.00","2,900.00","2,900.00",Rs./Quintal,0.20,Metric Tonnes,04-12-2025
Maharashtra,Nashik,Devala APMC,Cereals,Wheat,Maharashtra 2189,FAQ,"2,620.00","2,630.00","2,625.00",Rs./Quintal,0.40,Metric Tonnes,04-08-2026
Maharashtra,Nashik,Devala APMC,Cereals,Wheat,Maharashtra 2189,Non-FAQ,"2,315.00","2,450.00","2,345.00",Rs./Quintal,0.30,Metric Tonnes,04-06-2026
Maharashtra,Nashik,Devala APMC,Cereals,Wheat,Maharashtra 2189,Non-FAQ,"2,200.00","2,425.00","2,300.00",Rs./Quintal,4.50,Metric Tonnes,04-05-2026
Maharashtra,Nashik,Devala APMC,Cereals,Wheat,Maharashtra 2189,FAQ,"2,475.00","2,705.00","2,520.00",Rs./Quintal,0.40,Metric Tonnes,04-02-2026
Maharashtra,Nashik,Devala APMC,Cereals,Wheat,Maharashtra 2189,FAQ,"2,490.00","2,600.00","2,550.00",Rs./Quintal,0.50,Metric Tonnes,03-12-2025
Maharashtra,Nashik,Devala APMC,Cereals,Wheat,Maharashtra 2189,FAQ,"2,630.00","2,675.00","2,640.00",Rs./Quintal,0.30,Metric Tonnes,03-08-2026
Maharashtra,Nashik,Devala APMC,Cereals,Wheat,Maharashtra 2189,Non-FAQ,"2,325.00","2,355.00","2,340.00",Rs./Quintal,0.40,Metric Tonnes,03-06-2026
Maharashtra,Nashik,Devala APMC,Cereals,Wheat,Maharashtra 2189,FAQ,"2,490.00","2,800.00","2,680.00",Rs./Quintal,0.50,Metric Tonnes,03-02-2026
Maharashtra,Nashik,Devala APMC,Cereals,Wheat,Maharashtra 2189,FAQ,"2,495.00","2,785.00","2,575.00",Rs./Quintal,0.70,Metric Tonnes,02-12-2025
Maharashtra,Nashik,Devala APMC,Cereals,Wheat,Maharashtra 2189,Non-FAQ,"2,450.00","2,490.00","2,485.00",Rs./Quintal,0.10,Metric Tonnes,02-07-2026
Maharashtra,Nashik,Devala APMC,Cereals,Wheat,Maharashtra 2189,Non-FAQ,"2,300.00","2,365.00","2,350.00",Rs./Quintal,2.40,Metric Tonnes,02-06-2026
Maharashtra,Nashik,Devala APMC,Cereals,Wheat,Maharashtra 2189,FAQ,"2,450.00","2,690.00","2,530.00",Rs./Quintal,0.40,Metric Tonnes,02-02-2026
Maharashtra,Nashik,Devala APMC,Cereals,Wheat,Maharashtra 2189,FAQ,"2,485.00","2,655.00","2,630.00",Rs./Quintal,0.30,Metric Tonnes,02-01-2026
Maharashtra,Nashik,Devala APMC,Cereals,Wheat,Maharashtra 2189,FAQ,"2,455.00","2,600.00","2,555.00",Rs./Quintal,0.80,Metric Tonnes,01-12-2025
Maharashtra,Nashik,Devala APMC,Cereals,Wheat,Maharashtra 2189,Non-FAQ,"2,375.00","2,495.00","2,480.00",Rs./Quintal,0.30,Metric Tonnes,01-07-2026
Maharashtra,Nashik,Devala APMC,Cereals,Wheat,Maharashtra 2189,Non-FAQ,"2,265.00","2,350.00","2,320.00",Rs./Quintal,0.60,Metric Tonnes,01-06-2026
Maharashtra,Nashik,Kalvan APMC,Cereals,Wheat,Other,FAQ,"2,500.00","2,500.00","2,500.00",Rs./Quintal,1.20,Metric Tonnes,30-12-2025
Maharashtra,Nashik,Kalvan APMC,Cereals,Wheat,Other,FAQ,"2,700.00","2,700.00","2,700.00",Rs./Quintal,0.50,Metric Tonnes,30-01-2026
Maharashtra,Nashik,Kalvan APMC,Cereals,Wheat,Other,Non-FAQ,"2,200.00","2,475.00","2,475.00",Rs./Quintal,2.00,Metric Tonnes,29-05-2026
Maharashtra,Nashik,Kalvan APMC,Cereals,Wheat,Other,Non-FAQ,"2,200.00","2,485.00","2,251.00",Rs./Quintal,3.00,Metric Tonnes,28-05-2026
Maharashtra,Nashik,Kalvan APMC,Cereals,Wheat,Other,Non-FAQ,"2,126.00","2,126.00","2,126.00",Rs./Quintal,2.50,Metric Tonnes,28-04-2026
Maharashtra,Nashik,Kalvan APMC,Cereals,Wheat,Other,FAQ,"2,585.00","2,891.00","2,600.00",Rs./Quintal,12.50,Metric Tonnes,27-04-2026
Maharashtra,Nashik,Kalvan APMC,Cereals,Wheat,Other,Non-FAQ,"2,401.00","2,401.00","2,401.00",Rs./Quintal,1.00,Metric Tonnes,24-01-2026
Maharashtra,Nashik,Kalvan APMC,Cereals,Wheat,Other,Non-FAQ,"2,301.00","2,401.00","2,351.00",Rs./Quintal,10.00,Metric Tonnes,23-03-2026
Maharashtra,Nashik,Kalvan APMC,Cereals,Wheat,Other,Non-FAQ,"2,000.00","2,286.00","2,250.00",Rs./Quintal,15.00,Metric Tonnes,16-04-2026
Maharashtra,Nashik,Kalvan APMC,Cereals,Wheat,Other,FAQ,"2,680.00","2,680.00","2,680.00",Rs./Quintal,3.00,Metric Tonnes,13-04-2026
Maharashtra,Nashik,Kalvan APMC,Cereals,Wheat,Other,Non-FAQ,"2,100.00","2,171.00","2,171.00",Rs./Quintal,10.00,Metric Tonnes,13-04-2026
Maharashtra,Nashik,Kalvan APMC,Cereals,Wheat,Other,FAQ,"2,500.00","2,500.00","2,500.00",Rs./Quintal,1.50,Metric Tonnes,11-12-2025
Maharashtra,Nashik,Kalvan APMC,Cereals,Wheat,Other,Non-FAQ,"2,450.00","2,575.00","2,490.00",Rs./Quintal,12.50,Metric Tonnes,10-04-2026
Maharashtra,Nashik,Kalvan APMC,Cereals,Wheat,Other,Non-FAQ,"1,700.00","2,525.00","2,251.00",Rs./Quintal,3.00,Metric Tonnes,07-05-2026
Maharashtra,Nashik,Kalvan APMC,Cereals,Wheat,Other,Non-FAQ,"2,200.00","2,550.00","2,351.00",Rs./Quintal,2.00,Metric Tonnes,06-04-2026
Maharashtra,Nashik,Kalvan APMC,Cereals,Wheat,Other,Non-FAQ,"2,175.00","2,525.00","2,525.00",Rs./Quintal,12.00,Metric Tonnes,04-05-2026
Maharashtra,Nashik,Kalvan APMC,Cereals,Wheat,Other,FAQ,"2,700.00","2,700.00","2,700.00",Rs./Quintal,0.50,Metric Tonnes,02-02-2026
Maharashtra,Nashik,Lasalgaon APMC,Cereals,Wheat,Maharashtra 2189,FAQ,"2,500.00","2,724.00","2,611.00",Rs./Quintal,6.80,Metric Tonnes,31-12-2025
Maharashtra,Nashik,Lasalgaon APMC,Cereals,Wheat,Maharashtra 2189,FAQ,"2,661.00","2,721.00","2,680.00",Rs./Quintal,13.50,Metric Tonnes,31-07-2026
Maharashtra,Nashik,Lasalgaon APMC,Cereals,Wheat,Maharashtra 2189,FAQ,"2,600.00","2,725.00","2,626.00",Rs./Quintal,9.30,Metric Tonnes,30-12-2025
Maharashtra,Nashik,Lasalgaon APMC,Cereals,Wheat,Maharashtra 2189,FAQ,"2,625.00","2,893.00","2,731.00",Rs./Quintal,19.50,Metric Tonnes,30-07-2026
Maharashtra,Nashik,Lasalgaon APMC,Cereals,Wheat,Maharashtra 2189,FAQ,"2,585.00","2,832.00","2,591.00",Rs./Quintal,15.70,Metric Tonnes,30-06-2026
Maharashtra,Nashik,Lasalgaon APMC,Cereals,Wheat,Maharashtra 2189,Non-FAQ,"1,800.00","2,580.00","2,501.00",Rs./Quintal,15.00,Metric Tonnes,30-06-2026
Maharashtra,Nashik,Lasalgaon APMC,Cereals,Wheat,Maharashtra 2189,Non-FAQ,"2,000.00","2,575.00","2,400.00",Rs./Quintal,65.10,Metric Tonnes,30-04-2026
Maharashtra,Nashik,Lasalgaon APMC,Cereals,Wheat,Maharashtra 2189,FAQ,"2,611.00","2,930.00","2,700.00",Rs./Quintal,11.30,Metric Tonnes,30-01-2026
Maharashtra,Nashik,Lasalgaon APMC,Cereals,Wheat,Maharashtra 2189,FAQ,"2,500.00","2,813.00","2,621.00",Rs./Quintal,18.80,Metric Tonnes,29-12-2025
Maharashtra,Nashik,Lasalgaon APMC,Cereals,Wheat,Maharashtra 2189,FAQ,"2,650.00","3,000.00","2,811.00",Rs./Quintal,11.40,Metric Tonnes,29-07-2026
Maharashtra,Nashik,Lasalgaon APMC,Cereals,Wheat,Maharashtra 2189,FAQ,"2,836.00","2,836.00","2,836.00",Rs./Quintal,1.90,Metric Tonnes,29-06-2026
Maharashtra,Nashik,Lasalgaon APMC,Cereals,Wheat,Maharashtra 2189,Non-FAQ,"2,300.00","2,580.00","2,552.00",Rs./Quintal,30.00,Metric Tonnes,29-06-2026
Maharashtra,Nashik,Lasalgaon APMC,Cereals,Wheat,Maharashtra 2189,FAQ,"2,585.00","2,681.00","2,602.00",Rs./Quintal,18.30,Metric Tonnes,29-05-2026
Maharashtra,Nashik,Lasalgaon APMC,Cereals,Wheat,Maharashtra 2189,Non-FAQ,"2,000.00","2,580.00","2,430.00",Rs./Quintal,55.60,Metric Tonnes,29-05-2026
Maharashtra,Nashik,Lasalgaon APMC,Cereals,Wheat,Maharashtra 2189,FAQ,"2,585.00","2,635.00","2,600.00",Rs./Quintal,20.70,Metric Tonnes,29-04-2026
Maharashtra,Nashik,Lasalgaon APMC,Cereals,Wheat,Maharashtra 2189,Non-FAQ,"2,200.00","2,580.00","2,425.00",Rs./Quintal,49.90,Metric Tonnes,29-04-2026
Maharashtra,Nashik,Lasalgaon APMC,Cereals,Wheat,Maharashtra 2189,FAQ,"2,611.00","2,851.00","2,625.00",Rs./Quintal,6.40,Metric Tonnes,29-01-2026
Maharashtra,Nashik,Lasalgaon APMC,Cereals,Wheat,Maharashtra 2189,FAQ,"2,585.00","2,711.00","2,675.00",Rs./Quintal,21.60,Metric Tonnes,28-07-2026
Maharashtra,Nashik,Lasalgaon APMC,Cereals,Wheat,Maharashtra 2189,FAQ,"2,585.00","2,753.00","2,585.00",Rs./Quintal,10.40,Metric Tonnes,28-04-2026
Maharashtra,Nashik,Lasalgaon APMC,Cereals,Wheat,Maharashtra 2189,Non-FAQ,"2,251.00","2,580.00","2,450.00",Rs./Quintal,31.50,Metric Tonnes,28-04-2026
Maharashtra,Nashik,Lasalgaon APMC,Cereals,Wheat,Maharashtra 2189,FAQ,"2,611.00","2,901.00","2,635.00",Rs./Quintal,16.00,Metric Tonnes,28-01-2026
Maharashtra,Nashik,Lasalgaon APMC,Cereals,Wheat,Maharashtra 2189,FAQ,"2,540.00","2,840.00","2,575.00",Rs./Quintal,44.70,Metric Tonnes,27-11-2025
Maharashtra,Nashik,Lasalgaon APMC,Cereals,Wheat,Maharashtra 2189,FAQ,"2,590.00","2,911.00","2,740.00",Rs./Quintal,27.50,Metric Tonnes,27-07-2026
Maharashtra,Nashik,Lasalgaon APMC,Cereals,Wheat,Maharashtra 2189,FAQ,"2,585.00","2,751.00","2,650.00",Rs./Quintal,7.80,Metric Tonnes,27-05-2026
Maharashtra,Nashik,Lasalgaon APMC,Cereals,Wheat,Maharashtra 2189,Non-FAQ,"2,100.00","2,580.00","2,440.00",Rs./Quintal,20.50,Metric Tonnes,27-05-2026
Maharashtra,Nashik,Lasalgaon APMC,Cereals,Wheat,Maharashtra 2189,FAQ,"2,585.00","2,602.00","2,585.00",Rs./Quintal,5.90,Metric Tonnes,27-04-2026
Maharashtra,Nashik,Lasalgaon APMC,Cereals,Wheat,Maharashtra 2189,Non-FAQ,"2,275.00","2,584.00","2,381.00",Rs./Quintal,80.50,Metric Tonnes,27-04-2026
Maharashtra,Nashik,Lasalgaon APMC,Cereals,Wheat,Maharashtra 2189,FAQ,"2,425.00","2,521.00","2,425.00",Rs./Quintal,13.30,Metric Tonnes,27-02-2026
Maharashtra,Nashik,Lasalgaon APMC,Cereals,Wheat,Maharashtra 2189,Non-FAQ,"2,100.00","2,400.00","2,275.00",Rs./Quintal,33.60,Metric Tonnes,27-02-2026
Maharashtra,Nashik,Lasalgaon APMC,Cereals,Wheat,Maharashtra 2189,FAQ,"2,500.00","2,891.00","2,611.00",Rs./Quintal,22.80,Metric Tonnes,27-01-2026
Maharashtra,Nashik,Lasalgaon APMC,Cereals,Wheat,Maharashtra 2189,FAQ,"2,591.00","2,776.00","2,645.00",Rs./Quintal,19.70,Metric Tonnes,26-12-2025
Maharashtra,Nashik,Lasalgaon APMC,Cereals,Wheat,Maharashtra 2189,FAQ,"2,585.00","2,691.00","2,601.00",Rs./Quintal,9.50,Metric Tonnes,26-05-2026
Maharashtra,Nashik,Lasalgaon APMC,Cereals,Wheat,Maharashtra 2189,Non-FAQ,"2,251.00","2,580.00","2,432.00",Rs./Quintal,26.50,Metric Tonnes,26-05-2026
Maharashtra,Nashik,Lasalgaon APMC,Cereals,Wheat,Maharashtra 2189,FAQ,"2,425.00","3,000.00","2,425.00",Rs./Quintal,22.10,Metric Tonnes,26-02-2026
Maharashtra,Nashik,Lasalgaon APMC,Cereals,Wheat,Maharashtra 2189,Non-FAQ,"2,250.00","2,420.00","2,340.00",Rs./Quintal,10.10,Metric Tonnes,26-02-2026
Maharashtra,Nashik,Lasalgaon APMC,Cereals,Wheat,Maharashtra 2189,FAQ,"2,585.00","2,661.00","2,622.00",Rs./Quintal,4.20,Metric Tonnes,25-06-2026
Maharashtra,Nashik,Lasalgaon APMC,Cereals,Wheat,Maharashtra 2189,Non-FAQ,"2,000.00","2,580.00","2,490.00",Rs./Quintal,13.50,Metric Tonnes,25-06-2026
Maharashtra,Nashik,Lasalgaon APMC,Cereals,Wheat,Maharashtra 2189,FAQ,"2,585.00","2,782.00","2,645.00",Rs./Quintal,10.10,Metric Tonnes,25-05-2026
Maharashtra,Nashik,Lasalgaon APMC,Cereals,Wheat,Maharashtra 2189,Non-FAQ,"1,800.00","2,580.00","2,425.00",Rs./Quintal,27.60,Metric Tonnes,25-05-2026
Maharashtra,Nashik,Lasalgaon APMC,Cereals,Wheat,Maharashtra 2189,FAQ,"2,585.00","2,775.00","2,600.00",Rs./Quintal,65.20,Metric Tonnes,25-03-2026
Maharashtra,Nashik,Lasalgaon APMC,Cereals,Wheat,Maharashtra 2189,Non-FAQ,"1,701.00","2,580.00","2,271.00",Rs./Quintal,240.50,Metric Tonnes,25-03-2026
Maharashtra,Nashik,Lasalgaon APMC,Cereals,Wheat,Maharashtra 2189,FAQ,"2,425.00","2,701.00","2,425.00",Rs./Quintal,16.00,Metric Tonnes,25-02-2026
Maharashtra,Nashik,Lasalgaon APMC,Cereals,Wheat,Maharashtra 2189,Non-FAQ,"2,251.00","2,420.00","2,300.00",Rs./Quintal,13.60,Metric Tonnes,25-02-2026
Maharashtra,Nashik,Lasalgaon APMC,Cereals,Wheat,Maharashtra 2189,FAQ,"2,500.00","3,076.00","2,800.00",Rs./Quintal,30.70,Metric Tonnes,24-11-2025
Maharashtra,Nashik,Lasalgaon APMC,Cereals,Wheat,Maharashtra 2189,FAQ,"2,585.00","2,852.00","2,660.00",Rs./Quintal,10.10,Metric Tonnes,24-07-2026
Maharashtra,Nashik,Lasalgaon APMC,Cereals,Wheat,Maharashtra 2189,Non-FAQ,"2,200.00","2,200.00","2,200.00",Rs./Quintal,0.40,Metric Tonnes,24-07-2026
Maharashtra,Nashik,Lasalgaon APMC,Cereals,Wheat,Maharashtra 2189,FAQ,"2,585.00","2,675.00","2,605.00",Rs./Quintal,2.60,Metric Tonnes,24-06-2026
Maharashtra,Nashik,Lasalgaon APMC,Cereals,Wheat,Maharashtra 2189,Non-FAQ,"2,200.00","2,580.00","2,481.00",Rs./Quintal,9.80,Metric Tonnes,24-06-2026
Maharashtra,Nashik,Lasalgaon APMC,Cereals,Wheat,Maharashtra 2189,FAQ,"2,585.00","2,732.00","2,585.00",Rs./Quintal,3.00,Metric Tonnes,24-04-2026
Maharashtra,Nashik,Lasalgaon APMC,Cereals,Wheat,Maharashtra 2189,Non-FAQ,"1,800.00","2,570.00","2,431.00",Rs./Quintal,79.90,Metric Tonnes,24-04-2026
Maharashtra,Nashik,Lasalgaon APMC,Cereals,Wheat,Maharashtra 2189,FAQ,"2,585.00","2,602.00","2,585.00",Rs./Quintal,33.30,Metric Tonnes,24-03-2026
Maharashtra,Nashik,Lasalgaon APMC,Cereals,Wheat,Maharashtra 2189,Non-FAQ,"2,000.00","2,400.00","2,211.00",Rs./Quintal,230.20,Metric Tonnes,24-03-2026
Maharashtra,Nashik,Lasalgaon APMC,Cereals,Wheat,Maharashtra 2189,FAQ,"2,425.00","2,560.00","2,461.00",Rs./Quintal,26.50,Metric Tonnes,24-02-2026
Maharashtra,Nashik,Lasalgaon APMC,Cereals,Wheat,Maharashtra 2189,Non-FAQ,"2,101.00","2,400.00","2,400.00",Rs./Quintal,3.00,Metric Tonnes,24-02-2026
Maharashtra,Nashik,Lasalgaon APMC,Cereals,Wheat,Maharashtra 2189,FAQ,"2,635.00","2,675.00","2,641.00",Rs./Quintal,3.70,Metric Tonnes,23-07-2026
Maharashtra,Nashik,Lasalgaon APMC,Cereals,Wheat,Maharashtra 2189,FAQ,"2,585.00","2,686.00","2,605.00",Rs./Quintal,2.60,Metric Tonnes,23-06-2026
Maharashtra,Nashik,Lasalgaon APMC,Cereals,Wheat,Maharashtra 2189,Non-FAQ,"2,300.00","2,580.00","2,450.00",Rs./Quintal,14.80,Metric Tonnes,23-06-2026
Maharashtra,Nashik,Lasalgaon APMC,Cereals,Wheat,Maharashtra 2189,FAQ,"2,585.00","2,640.00","2,585.00",Rs./Quintal,5.20,Metric Tonnes,23-04-2026
Maharashtra,Nashik,Lasalgaon APMC,Cereals,Wheat,Maharashtra 2189,Non-FAQ,"2,000.00","2,580.00","2,425.00",Rs./Quintal,85.60,Metric Tonnes,23-04-2026
Maharashtra,Nashik,Lasalgaon APMC,Cereals,Wheat,Maharashtra 2189,FAQ,"2,425.00","2,612.00","2,500.00",Rs./Quintal,7.20,Metric Tonnes,23-03-2026
Maharashtra,Nashik,Lasalgaon APMC,Cereals,Wheat,Maharashtra 2189,Non-FAQ,"2,101.00","2,424.00","2,141.00",Rs./Quintal,280.00,Metric Tonnes,23-03-2026
Maharashtra,Nashik,Lasalgaon APMC,Cereals,Wheat,Maharashtra 2189,FAQ,"2,425.00","2,621.00","2,460.00",Rs./Quintal,11.80,Metric Tonnes,23-02-2026
Maharashtra,Nashik,Lasalgaon APMC,Cereals,Wheat,Maharashtra 2189,Non-FAQ,"2,300.00","2,400.00","2,400.00",Rs./Quintal,1.40,Metric Tonnes,23-02-2026
Maharashtra,Nashik,Lasalgaon APMC,Cereals,Wheat,Maharashtra 2189,FAQ,"2,585.00","2,855.00","2,660.00",Rs./Quintal,13.90,Metric Tonnes,22-07-2026
Maharashtra,Nashik,Lasalgaon APMC,Cereals,Wheat,Maharashtra 2189,Non-FAQ,"2,200.00","2,200.00","2,200.00",Rs./Quintal,1.20,Metric Tonnes,22-07-2026
Maharashtra,Nashik,Lasalgaon APMC,Cereals,Wheat,Maharashtra 2189,FAQ,"2,585.00","2,773.00","2,610.00",Rs./Quintal,2.70,Metric Tonnes,22-06-2026
Maharashtra,Nashik,Lasalgaon APMC,Cereals,Wheat,Maharashtra 2189,Non-FAQ,"2,000.00","2,580.00","2,475.00",Rs./Quintal,29.90,Metric Tonnes,22-06-2026
Maharashtra,Nashik,Lasalgaon APMC,Cereals,Wheat,Maharashtra 2189,FAQ,"2,585.00","2,641.00","2,601.00",Rs./Quintal,10.50,Metric Tonnes,22-05-2026
Maharashtra,Nashik,Lasalgaon APMC,Cereals,Wheat,Maharashtra 2189,Non-FAQ,"2,000.00","2,580.00","2,440.00",Rs./Quintal,34.40,Metric Tonnes,22-05-2026
Maharashtra,Nashik,Lasalgaon APMC,Cereals,Wheat,Maharashtra 2189,FAQ,"2,585.00","2,800.00","2,741.00",Rs./Quintal,30.00,Metric Tonnes,21-08-2026
Maharashtra,Nashik,Lasalgaon APMC,Cereals,Wheat,Maharashtra 2189,Non-FAQ,"2,300.00","2,500.00","2,400.00",Rs./Quintal,0.60,Metric Tonnes,21-08-2026
Maharashtra,Nashik,Lasalgaon APMC,Cereals,Wheat,Maharashtra 2189,FAQ,"2,585.00","2,799.00","2,650.00",Rs./Quintal,21.30,Metric Tonnes,21-07-2026
Maharashtra,Nashik,Lasalgaon APMC,Cereals,Wheat,Maharashtra 2189,Non-FAQ,"2,200.00","2,580.00","2,400.00",Rs./Quintal,6.00,Metric Tonnes,21-07-2026
Maharashtra,Nashik,Lasalgaon APMC,Cereals,Wheat,Maharashtra 2189,Non-FAQ,"2,000.00","2,555.00","2,375.00",Rs./Quintal,45.30,Metric Tonnes,21-05-2026
Maharashtra,Nashik,Lasalgaon APMC,Cereals,Wheat,Maharashtra 2189,FAQ,"2,585.00","2,600.00","2,585.00",Rs./Quintal,11.00,Metric Tonnes,21-04-2026
Maharashtra,Nashik,Lasalgaon APMC,Cereals,Wheat,Maharashtra 2189,Non-FAQ,"2,000.00","2,570.00","2,250.00",Rs./Quintal,88.00,Metric Tonnes,21-04-2026
Maharashtra,Nashik,Lasalgaon APMC,Cereals,Wheat,Maharashtra 2189,FAQ,"2,611.00","2,800.00","2,711.00",Rs./Quintal,23.60,Metric Tonnes,20-08-2026
Maharashtra,Nashik,Lasalgaon APMC,Cereals,Wheat,Maharashtra 2189,FAQ,"2,585.00","2,851.00","2,600.00",Rs./Quintal,10.20,Metric Tonnes,20-07-2026
Maharashtra,Nashik,Lasalgaon APMC,Cereals,Wheat,Maharashtra 2189,Non-FAQ,"2,511.00","2,584.00","2,581.00",Rs./Quintal,7.50,Metric Tonnes,20-07-2026
Maharashtra,Nashik,Lasalgaon APMC,Cereals,Wheat,Maharashtra 2189,FAQ,"2,585.00","2,815.00","2,601.00",Rs./Quintal,10.20,Metric Tonnes,20-05-2026
Maharashtra,Nashik,Lasalgaon APMC,Cereals,Wheat,Maharashtra 2189,Non-FAQ,"1,800.00","2,580.00","2,380.00",Rs./Quintal,42.20,Metric Tonnes,20-05-2026
Maharashtra,Nashik,Lasalgaon APMC,Cereals,Wheat,Maharashtra 2189,FAQ,"2,585.00","2,650.00","2,600.00",Rs./Quintal,7.60,Metric Tonnes,20-04-2026
Maharashtra,Nashik,Lasalgaon APMC,Cereals,Wheat,Maharashtra 2189,Non-FAQ,"2,070.00","2,550.00","2,251.00",Rs./Quintal,150.00,Metric Tonnes,20-04-2026
Maharashtra,Nashik,Lasalgaon APMC,Cereals,Wheat,Maharashtra 2189,FAQ,"2,425.00","2,700.00","2,425.00",Rs./Quintal,20.10,Metric Tonnes,20-03-2026
Maharashtra,Nashik,Lasalgaon APMC,Cereals,Wheat,Maharashtra 2189,Non-FAQ,"2,051.00","2,410.00","2,200.00",Rs./Quintal,130.80,Metric Tonnes,20-03-2026
Maharashtra,Nashik,Lasalgaon APMC,Cereals,Wheat,Maharashtra 2189,FAQ,"2,500.00","2,736.00","2,531.00",Rs./Quintal,40.10,Metric Tonnes,20-02-2026
Maharashtra,Nashik,Lasalgaon APMC,Cereals,Wheat,Maharashtra 2189,FAQ,"2,591.00","2,961.00","2,611.00",Rs./Quintal,12.10,Metric Tonnes,19-12-2025
Maharashtra,Nashik,Lasalgaon APMC,Cereals,Wheat,Maharashtra 2189,FAQ,"2,585.00","2,842.00","2,700.00",Rs./Quintal,19.00,Metric Tonnes,19-08-2026
Maharashtra,Nashik,Lasalgaon APMC,Cereals,Wheat,Maharashtra 2189,Non-FAQ,"2,400.00","2,580.00","2,580.00",Rs./Quintal,0.20,Metric Tonnes,19-08-2026
Maharashtra,Nashik,Lasalgaon APMC,Cereals,Wheat,Maharashtra 2189,FAQ,"2,585.00","2,981.00","2,610.00",Rs./Quintal,5.90,Metric Tonnes,19-06-2026
Maharashtra,Nashik,Lasalgaon APMC,Cereals,Wheat,Maharashtra 2189,Non-FAQ,"1,800.00","2,580.00","2,526.00",Rs./Quintal,13.50,Metric Tonnes,19-06-2026
Maharashtra,Nashik,Lasalgaon APMC,Cereals,Wheat,Maharashtra 2189,FAQ,"2,585.00","2,710.00","2,600.00",Rs./Quintal,14.50,Metric Tonnes,19-05-2026
Maharashtra,Nashik,Lasalgaon APMC,Cereals,Wheat,Maharashtra 2189,Non-FAQ,"1,800.00","2,580.00","2,375.00",Rs./Quintal,59.90,Metric Tonnes,19-05-2026
Maharashtra,Nashik,Lasalgaon APMC,Cereals,Wheat,Maharashtra 2189,FAQ,"2,550.00","2,951.00","2,591.00",Rs./Quintal,13.70,Metric Tonnes,18-12-2025
Maharashtra,Nashik,Lasalgaon APMC,Cereals,Wheat,Maharashtra 2189,FAQ,"2,585.00","2,771.00","2,700.00",Rs./Quintal,29.10,Metric Tonnes,18-08-2026
Maharashtra,Nashik,Lasalgaon APMC,Cereals,Wheat,Maharashtra 2189,FAQ,"2,585.00","2,649.00","2,601.00",Rs./Quintal,4.00,Metric Tonnes,18-06-2026
Maharashtra,Nashik,Lasalgaon APMC,Cereals,Wheat,Maharashtra 2189,Non-FAQ,"2,300.00","2,580.00","2,445.00",Rs./Quintal,25.10,Metric Tonnes,18-06-2026
Maharashtra,Nashik,Lasalgaon APMC,Cereals,Wheat,Maharashtra 2189,FAQ,"2,585.00","2,634.00","2,601.00",Rs./Quintal,9.00,Metric Tonnes,18-05-2026
Maharashtra,Nashik,Lasalgaon APMC,Cereals,Wheat,Maharashtra 2189,Non-FAQ,"2,000.00","2,580.00","2,375.00",Rs./Quintal,34.50,Metric Tonnes,18-05-2026
Maharashtra,Nashik,Lasalgaon APMC,Cereals,Wheat,Maharashtra 2189,FAQ,"2,425.00","2,475.00","2,450.00",Rs./Quintal,27.60,Metric Tonnes,18-03-2026
Maharashtra,Nashik,Lasalgaon APMC,Cereals,Wheat,Maharashtra 2189,Non-FAQ,"1,901.00","2,400.00","2,180.00",Rs./Quintal,122.50,Metric Tonnes,18-03-2026
Maharashtra,Nashik,Lasalgaon APMC,Cereals,Wheat,Maharashtra 2189,FAQ,"2,575.00","2,692.00","2,591.00",Rs./Quintal,14.00,Metric Tonnes,17-12-2025
Maharashtra,Nashik,Lasalgaon APMC,Cereals,Wheat,Maharashtra 2189,FAQ,"2,500.00","2,943.00","2,600.00",Rs./Quintal,19.10,Metric Tonnes,17-11-2025
Maharashtra,Nashik,Lasalgaon APMC,Cereals,Wheat,Maharashtra 2189,FAQ,"2,585.00","2,740.00","2,681.00",Rs./Quintal,7.20,Metric Tonnes,17-08-2026
Maharashtra,Nashik,Lasalgaon APMC,Cereals,Wheat,Maharashtra 2189,FAQ,"2,585.00","2,816.00","2,600.00",Rs./Quintal,30.10,Metric Tonnes,17-07-2026
Maharashtra,Nashik,Lasalgaon APMC,Cereals,Wheat,Maharashtra 2189,Non-FAQ,"2,176.00","2,580.00","2,550.00",Rs./Quintal,5.50,Metric Tonnes,17-07-2026
Maharashtra,Nashik,Lasalgaon APMC,Cereals,Wheat,Maharashtra 2189,Non-FAQ,"2,300.00","2,540.00","2,451.00",Rs./Quintal,26.80,Metric Tonnes,17-06-2026
Maharashtra,Nashik,Lasalgaon APMC,Cereals,Wheat,Maharashtra 2189,FAQ,"2,585.00","2,600.00","2,585.00",Rs./Quintal,11.40,Metric Tonnes,17-04-2026
Maharashtra,Nashik,Lasalgaon APMC,Cereals,Wheat,Maharashtra 2189,Non-FAQ,"1,952.00","2,570.00","2,240.00",Rs./Quintal,152.00,Metric Tonnes,17-04-2026
Maharashtra,Nashik,Lasalgaon APMC,Cereals,Wheat,Maharashtra 2189,FAQ,"2,425.00","2,453.00","2,425.00",Rs./Quintal,25.00,Metric Tonnes,17-03-2026
Maharashtra,Nashik,Lasalgaon APMC,Cereals,Wheat,Maharashtra 2189,Non-FAQ,"1,900.00","2,410.00","2,200.00",Rs./Quintal,150.40,Metric Tonnes,17-03-2026
Maharashtra,Nashik,Lasalgaon APMC,Cereals,Wheat,Maharashtra 2189,FAQ,"2,425.00","2,630.00","2,475.00",Rs./Quintal,17.10,Metric Tonnes,17-02-2026
Maharashtra,Nashik,Lasalgaon APMC,Cereals,Wheat,Maharashtra 2189,FAQ,"2,514.00","2,901.00","2,600.00",Rs./Quintal,13.10,Metric Tonnes,16-12-2025
Maharashtra,Nashik,Lasalgaon APMC,Cereals,Wheat,Maharashtra 2189,FAQ,"2,585.00","2,721.00","2,585.00",Rs./Quintal,6.40,Metric Tonnes,16-07-2026
Maharashtra,Nashik,Lasalgaon APMC,Cereals,Wheat,Maharashtra 2189,Non-FAQ,"2,251.00","2,580.00","2,580.00",Rs./Quintal,23.00,Metric Tonnes,16-07-2026
Maharashtra,Nashik,Lasalgaon APMC,Cereals,Wheat,Maharashtra 2189,Non-FAQ,"1,800.00","2,511.00","2,490.00",Rs./Quintal,33.30,Metric Tonnes,16-06-2026
Maharashtra,Nashik,Lasalgaon APMC,Cereals,Wheat,Maharashtra 2189,FAQ,"2,585.00","2,721.00","2,585.00",Rs./Quintal,30.10,Metric Tonnes,16-04-2026
Maharashtra,Nashik,Lasalgaon APMC,Cereals,Wheat,Maharashtra 2189,Non-FAQ,"1,700.00","2,580.00","2,200.00",Rs./Quintal,167.00,Metric Tonnes,16-04-2026
Maharashtra,Nashik,Lasalgaon APMC,Cereals,Wheat,Maharashtra 2189,FAQ,"2,425.00","2,731.00","2,475.00",Rs./Quintal,15.50,Metric Tonnes,16-02-2026
Maharashtra,Nashik,Lasalgaon APMC,Cereals,Wheat,Maharashtra 2189,FAQ,"2,640.00","2,954.00","2,781.00",Rs./Quintal,19.50,Metric Tonnes,16-01-2026
Maharashtra,Nashik,Lasalgaon APMC,Cereals,Wheat,Maharashtra 2189,FAQ,"2,562.00","2,991.00","2,601.00",Rs./Quintal,18.40,Metric Tonnes,15-12-2025
Maharashtra,Nashik,Lasalgaon APMC,Cereals,Wheat,Maharashtra 2189,FAQ,"2,585.00","2,721.00","2,605.00",Rs./Quintal,2.80,Metric Tonnes,15-06-2026
Maharashtra,Nashik,Lasalgaon APMC,Cereals,Wheat,Maharashtra 2189,Non-FAQ,"2,280.00","2,580.00","2,445.00",Rs./Quintal,19.90,Metric Tonnes,15-06-2026
Maharashtra,Nashik,Lasalgaon APMC,Cereals,Wheat,Maharashtra 2189,FAQ,"2,585.00","2,651.00","2,602.00",Rs./Quintal,8.20,Metric Tonnes,15-05-2026
Maharashtra,Nashik,Lasalgaon APMC,Cereals,Wheat,Maharashtra 2189,Non-FAQ,"2,000.00","2,580.00","2,390.00",Rs./Quintal,71.90,Metric Tonnes,15-05-2026
Maharashtra,Nashik,Lasalgaon APMC,Cereals,Wheat,Maharashtra 2189,FAQ,"2,585.00","2,661.00","2,585.00",Rs./Quintal,16.00,Metric Tonnes,15-04-2026
Maharashtra,Nashik,Lasalgaon APMC,Cereals,Wheat,Maharashtra 2189,Non-FAQ,"1,500.00","2,580.00","2,261.00",Rs./Quintal,198.00,Metric Tonnes,15-04-2026
Maharashtra,Nashik,Lasalgaon APMC,Cereals,Wheat,Maharashtra 2189,FAQ,"2,599.00","2,746.00","2,688.00",Rs./Quintal,14.40,Metric Tonnes,14-08-2026
Maharashtra,Nashik,Lasalgaon APMC,Cereals,Wheat,Maharashtra 2189,FAQ,"2,585.00","2,851.00","2,600.00",Rs./Quintal,6.90,Metric Tonnes,14-07-2026
Maharashtra,Nashik,Lasalgaon APMC,Cereals,Wheat,Maharashtra 2189,Non-FAQ,"1,800.00","2,580.00","2,561.00",Rs./Quintal,15.00,Metric Tonnes,14-07-2026
Maharashtra,Nashik,Lasalgaon APMC,Cereals,Wheat,Maharashtra 2189,Non-FAQ,"1,800.00","2,416.00","2,375.00",Rs./Quintal,46.80,Metric Tonnes,14-05-2026
Maharashtra,Nashik,Lasalgaon APMC,Cereals,Wheat,Maharashtra 2189,FAQ,"2,585.00","2,775.00","2,707.00",Rs./Quintal,25.40,Metric Tonnes,13-08-2026
Maharashtra,Nashik,Lasalgaon APMC,Cereals,Wheat,Maharashtra 2189,Non-FAQ,"2,000.00","2,400.00","2,400.00",Rs./Quintal,4.50,Metric Tonnes,13-08-2026
Maharashtra,Nashik,Lasalgaon APMC,Cereals,Wheat,Maharashtra 2189,FAQ,"2,585.00","2,900.00","2,600.00",Rs./Quintal,20.00,Metric Tonnes,13-07-2026
Maharashtra,Nashik,Lasalgaon APMC,Cereals,Wheat,Maharashtra 2189,Non-FAQ,"2,300.00","2,580.00","2,575.00",Rs./Quintal,14.90,Metric Tonnes,13-07-2026
Maharashtra,Nashik,Lasalgaon APMC,Cereals,Wheat,Maharashtra 2189,FAQ,"2,585.00","2,600.00","2,590.00",Rs./Quintal,5.50,Metric Tonnes,13-05-2026
Maharashtra,Nashik,Lasalgaon APMC,Cereals,Wheat,Maharashtra 2189,Non-FAQ,"2,000.00","2,580.00","2,375.00",Rs./Quintal,34.90,Metric Tonnes,13-05-2026
Maharashtra,Nashik,Lasalgaon APMC,Cereals,Wheat,Maharashtra 2189,FAQ,"2,585.00","2,655.00","2,600.00",Rs./Quintal,1.10,Metric Tonnes,13-04-2026
Maharashtra,Nashik,Lasalgaon APMC,Cereals,Wheat,Maharashtra 2189,Non-FAQ,"1,700.00","2,580.00","2,251.00",Rs./Quintal,11.00,Metric Tonnes,13-04-2026
Maharashtra,Nashik,Lasalgaon APMC,Cereals,Wheat,Maharashtra 2189,Non-FAQ,"1,800.00","2,336.00","2,201.00",Rs./Quintal,184.30,Metric Tonnes,13-03-2026
Maharashtra,Nashik,Lasalgaon APMC,Cereals,Wheat,Maharashtra 2189,FAQ,"2,425.00","2,650.00","2,461.00",Rs./Quintal,19.80,Metric Tonnes,13-02-2026
Maharashtra,Nashik,Lasalgaon APMC,Cereals,Wheat,Maharashtra 2189,Non-FAQ,"2,200.00","2,400.00","2,200.00",Rs./Quintal,1.10,Metric Tonnes,13-02-2026
Maharashtra,Nashik,Lasalgaon APMC,Cereals,Wheat,Maharashtra 2189,FAQ,"2,640.00","2,925.00","2,699.00",Rs./Quintal,14.20,Metric Tonnes,13-01-2026
Maharashtra,Nashik,Lasalgaon APMC,Cereals,Wheat,Maharashtra 2189,FAQ,"2,500.00","2,651.00","2,581.00",Rs./Quintal,10.10,Metric Tonnes,12-12-2025
Maharashtra,Nashik,Lasalgaon APMC,Cereals,Wheat,Maharashtra 2189,FAQ,"2,645.00","2,735.00","2,685.00",Rs./Quintal,6.20,Metric Tonnes,12-08-2026
Maharashtra,Nashik,Lasalgaon APMC,Cereals,Wheat,Maharashtra 2189,Non-FAQ,"1,800.00","2,452.00","2,373.00",Rs./Quintal,24.10,Metric Tonnes,12-06-2026
Maharashtra,Nashik,Lasalgaon APMC,Cereals,Wheat,Maharashtra 2189,FAQ,"2,585.00","2,600.00","2,590.00",Rs./Quintal,8.90,Metric Tonnes,12-05-2026
Maharashtra,Nashik,Lasalgaon APMC,Cereals,Wheat,Maharashtra 2189,Non-FAQ,"2,100.00","2,580.00","2,401.00",Rs./Quintal,40.40,Metric Tonnes,12-05-2026
Maharashtra,Nashik,Lasalgaon APMC,Cereals,Wheat,Maharashtra 2189,Non-FAQ,"2,100.00","2,326.00","2,270.00",Rs./Quintal,109.20,Metric Tonnes,12-03-2026
Maharashtra,Nashik,Lasalgaon APMC,Cereals,Wheat,Maharashtra 2189,FAQ,"2,425.00","2,642.00","2,470.00",Rs./Quintal,5.50,Metric Tonnes,12-02-2026
Maharashtra,Nashik,Lasalgaon APMC,Cereals,Wheat,Maharashtra 2189,FAQ,"2,625.00","2,800.00","2,700.00",Rs./Quintal,7.40,Metric Tonnes,12-01-2026
Maharashtra,Nashik,Lasalgaon APMC,Cereals,Wheat,Maharashtra 2189,FAQ,"2,585.00","2,850.00","2,700.00",Rs./Quintal,32.30,Metric Tonnes,11-08-2026
Maharashtra,Nashik,Lasalgaon APMC,Cereals,Wheat,Maharashtra 2189,Non-FAQ,"2,000.00","2,500.00","2,441.00",Rs./Quintal,30.20,Metric Tonnes,11-06-2026
Maharashtra,Nashik,Lasalgaon APMC,Cereals,Wheat,Maharashtra 2189,FAQ,"2,585.00","2,700.00","2,600.00",Rs./Quintal,10.30,Metric Tonnes,11-05-2026
Maharashtra,Nashik,Lasalgaon APMC,Cereals,Wheat,Maharashtra 2189,Non-FAQ,"1,900.00","2,580.00","2,391.00",Rs./Quintal,49.30,Metric Tonnes,11-05-2026
Maharashtra,Nashik,Lasalgaon APMC,Cereals,Wheat,Maharashtra 2189,FAQ,"2,425.00","2,840.00","2,425.00",Rs./Quintal,15.00,Metric Tonnes,11-03-2026
Maharashtra,Nashik,Lasalgaon APMC,Cereals,Wheat,Maharashtra 2189,Non-FAQ,"2,131.00","2,420.00","2,290.00",Rs./Quintal,87.00,Metric Tonnes,11-03-2026
Maharashtra,Nashik,Lasalgaon APMC,Cereals,Wheat,Maharashtra 2189,FAQ,"2,425.00","2,671.00","2,511.00",Rs./Quintal,26.40,Metric Tonnes,11-02-2026
Maharashtra,Nashik,Lasalgaon APMC,Cereals,Wheat,Maharashtra 2189,FAQ,"2,500.00","2,600.00","2,570.00",Rs./Quintal,27.10,Metric Tonnes,10-12-2025
Maharashtra,Nashik,Lasalgaon APMC,Cereals,Wheat,Maharashtra 2189,FAQ,"2,585.00","2,770.00","2,712.00",Rs./Quintal,31.60,Metric Tonnes,10-08-2026
Maharashtra,Nashik,Lasalgaon APMC,Cereals,Wheat,Maharashtra 2189,Non-FAQ,"2,201.00","2,201.00","2,201.00",Rs./Quintal,2.00,Metric Tonnes,10-08-2026
Maharashtra,Nashik,Lasalgaon APMC,Cereals,Wheat,Maharashtra 2189,FAQ,"2,585.00","2,636.00","2,610.00",Rs./Quintal,3.90,Metric Tonnes,10-06-2026
Maharashtra,Nashik,Lasalgaon APMC,Cereals,Wheat,Maharashtra 2189,Non-FAQ,"1,800.00","2,580.00","2,441.00",Rs./Quintal,23.20,Metric Tonnes,10-06-2026
Maharashtra,Nashik,Lasalgaon APMC,Cereals,Wheat,Maharashtra 2189,FAQ,"2,585.00","2,677.00","2,585.00",Rs./Quintal,15.00,Metric Tonnes,10-04-2026
Maharashtra,Nashik,Lasalgaon APMC,Cereals,Wheat,Maharashtra 2189,Non-FAQ,"2,000.00","2,570.00","2,200.00",Rs./Quintal,211.00,Metric Tonnes,10-04-2026
Maharashtra,Nashik,Lasalgaon APMC,Cereals,Wheat,Maharashtra 2189,Non-FAQ,"2,000.00","2,420.00","2,251.00",Rs./Quintal,100.50,Metric Tonnes,10-03-2026
Maharashtra,Nashik,Lasalgaon APMC,Cereals,Wheat,Maharashtra 2189,FAQ,"2,451.00","2,725.00","2,525.00",Rs./Quintal,15.30,Metric Tonnes,10-02-2026
Maharashtra,Nashik,Lasalgaon APMC,Cereals,Wheat,Maharashtra 2189,FAQ,"2,585.00","2,971.00","2,651.00",Rs./Quintal,24.40,Metric Tonnes,09-07-2026
Maharashtra,Nashik,Lasalgaon APMC,Cereals,Wheat,Maharashtra 2189,Non-FAQ,"2,200.00","2,551.00","2,440.00",Rs./Quintal,41.90,Metric Tonnes,09-06-2026
Maharashtra,Nashik,Lasalgaon APMC,Cereals,Wheat,Maharashtra 2189,FAQ,"2,585.00","2,755.00","2,585.00",Rs./Quintal,34.30,Metric Tonnes,09-04-2026
Maharashtra,Nashik,Lasalgaon APMC,Cereals,Wheat,Maharashtra 2189,Non-FAQ,"2,000.00","2,580.00","2,211.00",Rs./Quintal,220.60,Metric Tonnes,09-04-2026
Maharashtra,Nashik,Lasalgaon APMC,Cereals,Wheat,Maharashtra 2189,FAQ,"2,425.00","2,661.00","2,425.00",Rs./Quintal,56.90,Metric Tonnes,09-03-2026
Maharashtra,Nashik,Lasalgaon APMC,Cereals,Wheat,Maharashtra 2189,Non-FAQ,"2,051.00","2,410.00","2,300.00",Rs./Quintal,77.00,Metric Tonnes,09-03-2026
Maharashtra,Nashik,Lasalgaon APMC,Cereals,Wheat,Maharashtra 2189,FAQ,"2,500.00","2,851.00","2,531.00",Rs./Quintal,21.50,Metric Tonnes,09-02-2026
Maharashtra,Nashik,Lasalgaon APMC,Cereals,Wheat,Maharashtra 2189,FAQ,"2,500.00","2,886.00","2,640.00",Rs./Quintal,15.30,Metric Tonnes,09-01-2026
Maharashtra,Nashik,Lasalgaon APMC,Cereals,Wheat,Maharashtra 2189,FAQ,"2,585.00","2,825.00","2,611.00",Rs./Quintal,12.70,Metric Tonnes,08-07-2026
Maharashtra,Nashik,Lasalgaon APMC,Cereals,Wheat,Maharashtra 2189,FAQ,"2,585.00","2,700.00","2,605.00",Rs./Quintal,5.50,Metric Tonnes,08-06-2026
Maharashtra,Nashik,Lasalgaon APMC,Cereals,Wheat,Maharashtra 2189,Non-FAQ,"2,000.00","2,580.00","2,470.00",Rs./Quintal,25.00,Metric Tonnes,08-06-2026
Maharashtra,Nashik,Lasalgaon APMC,Cereals,Wheat,Maharashtra 2189,FAQ,"2,585.00","2,661.00","2,610.00",Rs./Quintal,10.10,Metric Tonnes,08-05-2026
Maharashtra,Nashik,Lasalgaon APMC,Cereals,Wheat,Maharashtra 2189,Non-FAQ,"2,001.00","2,580.00","2,381.00",Rs./Quintal,50.30,Metric Tonnes,08-05-2026
Maharashtra,Nashik,Lasalgaon APMC,Cereals,Wheat,Maharashtra 2189,FAQ,"2,585.00","2,776.00","2,600.00",Rs./Quintal,4.70,Metric Tonnes,08-04-2026
Maharashtra,Nashik,Lasalgaon APMC,Cereals,Wheat,Maharashtra 2189,Non-FAQ,"2,002.00","2,580.00","2,271.00",Rs./Quintal,235.00,Metric Tonnes,08-04-2026
Maharashtra,Nashik,Lasalgaon APMC,Cereals,Wheat,Maharashtra 2189,FAQ,"2,551.00","2,840.00","2,711.00",Rs./Quintal,16.90,Metric Tonnes,07-11-2025
Maharashtra,Nashik,Lasalgaon APMC,Cereals,Wheat,Maharashtra 2189,FAQ,"2,585.00","2,866.00","2,700.00",Rs./Quintal,31.10,Metric Tonnes,07-08-2026
Maharashtra,Nashik,Lasalgaon APMC,Cereals,Wheat,Maharashtra 2189,FAQ,"2,585.00","2,651.00","2,590.00",Rs./Quintal,4.00,Metric Tonnes,07-07-2026
Maharashtra,Nashik,Lasalgaon APMC,Cereals,Wheat,Maharashtra 2189,Non-FAQ,"2,100.00","2,581.00","2,360.00",Rs./Quintal,64.60,Metric Tonnes,07-05-2026
Maharashtra,Nashik,Lasalgaon APMC,Cereals,Wheat,Maharashtra 2189,FAQ,"2,585.00","2,755.00","2,600.00",Rs./Quintal,3.80,Metric Tonnes,07-04-2026
Maharashtra,Nashik,Lasalgaon APMC,Cereals,Wheat,Maharashtra 2189,Non-FAQ,"1,700.00","2,580.00","2,222.00",Rs./Quintal,250.00,Metric Tonnes,07-04-2026
Maharashtra,Nashik,Lasalgaon APMC,Cereals,Wheat,Maharashtra 2189,FAQ,"2,551.00","2,700.00","2,640.00",Rs./Quintal,18.20,Metric Tonnes,07-01-2026
Maharashtra,Nashik,Lasalgaon APMC,Cereals,Wheat,Maharashtra 2189,FAQ,"2,585.00","2,751.00","2,691.00",Rs./Quintal,34.20,Metric Tonnes,06-08-2026
Maharashtra,Nashik,Lasalgaon APMC,Cereals,Wheat,Maharashtra 2189,FAQ,"2,585.00","2,770.00","2,611.00",Rs./Quintal,20.30,Metric Tonnes,06-07-2026
Maharashtra,Nashik,Lasalgaon APMC,Cereals,Wheat,Maharashtra 2189,Non-FAQ,"2,400.00","2,580.00","2,500.00",Rs./Quintal,4.50,Metric Tonnes,06-07-2026
Maharashtra,Nashik,Lasalgaon APMC,Cereals,Wheat,Maharashtra 2189,FAQ,"2,585.00","2,625.00","2,600.00",Rs./Quintal,10.10,Metric Tonnes,06-05-2026
Maharashtra,Nashik,Lasalgaon APMC,Cereals,Wheat,Maharashtra 2189,Non-FAQ,"2,000.00","2,580.00","2,400.00",Rs./Quintal,35.60,Metric Tonnes,06-05-2026
Maharashtra,Nashik,Lasalgaon APMC,Cereals,Wheat,Maharashtra 2189,FAQ,"2,585.00","2,627.00","2,600.00",Rs./Quintal,8.10,Metric Tonnes,06-04-2026
Maharashtra,Nashik,Lasalgaon APMC,Cereals,Wheat,Maharashtra 2189,Non-FAQ,"2,000.00","2,580.00","2,261.00",Rs./Quintal,390.00,Metric Tonnes,06-04-2026
Maharashtra,Nashik,Lasalgaon APMC,Cereals,Wheat,Maharashtra 2189,FAQ,"2,425.00","2,452.00","2,425.00",Rs./Quintal,0.40,Metric Tonnes,06-03-2026
Maharashtra,Nashik,Lasalgaon APMC,Cereals,Wheat,Maharashtra 2189,Non-FAQ,"2,101.00","2,424.00","2,260.00",Rs./Quintal,71.00,Metric Tonnes,06-03-2026
Maharashtra,Nashik,Lasalgaon APMC,Cereals,Wheat,Maharashtra 2189,FAQ,"2,551.00","2,816.00","2,641.00",Rs./Quintal,17.00,Metric Tonnes,06-02-2026
Maharashtra,Nashik,Lasalgaon APMC,Cereals,Wheat,Maharashtra 2189,FAQ,"2,600.00","2,851.00","2,641.00",Rs./Quintal,17.40,Metric Tonnes,06-01-2026
Maharashtra,Nashik,Lasalgaon APMC,Cereals,Wheat,Maharashtra 2189,FAQ,"2,500.00","2,921.00","2,600.00",Rs./Quintal,14.30,Metric Tonnes,05-12-2025
Maharashtra,Nashik,Lasalgaon APMC,Cereals,Wheat,Maharashtra 2189,FAQ,"2,585.00","2,775.00","2,671.00",Rs./Quintal,23.90,Metric Tonnes,05-08-2026
Maharashtra,Nashik,Lasalgaon APMC,Cereals,Wheat,Maharashtra 2189,FAQ,"2,600.00","2,600.00","2,600.00",Rs./Quintal,2.20,Metric Tonnes,05-06-2026
Maharashtra,Nashik,Lasalgaon APMC,Cereals,Wheat,Maharashtra 2189,Non-FAQ,"1,800.00","2,580.00","2,439.00",Rs./Quintal,43.00,Metric Tonnes,05-06-2026
Maharashtra,Nashik,Lasalgaon APMC,Cereals,Wheat,Maharashtra 2189,FAQ,"2,585.00","2,652.00","2,601.00",Rs./Quintal,15.10,Metric Tonnes,05-05-2026
Maharashtra,Nashik,Lasalgaon APMC,Cereals,Wheat,Maharashtra 2189,Non-FAQ,"2,251.00","2,570.00","2,461.00",Rs./Quintal,67.00,Metric Tonnes,05-05-2026
Maharashtra,Nashik,Lasalgaon APMC,Cereals,Wheat,Maharashtra 2189,FAQ,"2,425.00","2,551.00","2,425.00",Rs./Quintal,2.60,Metric Tonnes,05-03-2026
Maharashtra,Nashik,Lasalgaon APMC,Cereals,Wheat,Maharashtra 2189,Non-FAQ,"2,000.00","2,424.00","2,191.00",Rs./Quintal,69.80,Metric Tonnes,05-03-2026
Maharashtra,Nashik,Lasalgaon APMC,Cereals,Wheat,Maharashtra 2189,FAQ,"2,500.00","2,871.00","2,741.00",Rs./Quintal,16.30,Metric Tonnes,05-02-2026
Maharashtra,Nashik,Lasalgaon APMC,Cereals,Wheat,Maharashtra 2189,FAQ,"2,500.00","2,952.00","2,651.00",Rs./Quintal,15.60,Metric Tonnes,05-01-2026
Maharashtra,Nashik,Lasalgaon APMC,Cereals,Wheat,Maharashtra 2189,FAQ,"2,585.00","2,771.00","2,675.00",Rs./Quintal,28.80,Metric Tonnes,04-08-2026
Maharashtra,Nashik,Lasalgaon APMC,Cereals,Wheat,Maharashtra 2189,Non-FAQ,"2,051.00","2,552.00","2,440.00",Rs./Quintal,38.70,Metric Tonnes,04-06-2026
Maharashtra,Nashik,Lasalgaon APMC,Cereals,Wheat,Maharashtra 2189,FAQ,"2,585.00","2,733.00","2,585.00",Rs./Quintal,20.20,Metric Tonnes,04-05-2026
Maharashtra,Nashik,Lasalgaon APMC,Cereals,Wheat,Maharashtra 2189,Non-FAQ,"2,100.00","2,580.00","2,451.00",Rs./Quintal,95.90,Metric Tonnes,04-05-2026
Maharashtra,Nashik,Lasalgaon APMC,Cereals,Wheat,Maharashtra 2189,FAQ,"2,501.00","2,951.00","2,700.00",Rs./Quintal,25.10,Metric Tonnes,04-02-2026
Maharashtra,Nashik,Lasalgaon APMC,Cereals,Wheat,Maharashtra 2189,FAQ,"2,425.00","2,641.00","2,591.00",Rs./Quintal,26.20,Metric Tonnes,03-12-2025
Maharashtra,Nashik,Lasalgaon APMC,Cereals,Wheat,Maharashtra 2189,FAQ,"2,585.00","2,845.00","2,675.00",Rs./Quintal,19.60,Metric Tonnes,03-08-2026
Maharashtra,Nashik,Lasalgaon APMC,Cereals,Wheat,Maharashtra 2189,Non-FAQ,"2,300.00","2,580.00","2,400.00",Rs./Quintal,3.20,Metric Tonnes,03-08-2026
Maharashtra,Nashik,Lasalgaon APMC,Cereals,Wheat,Maharashtra 2189,FAQ,"2,585.00","2,940.00","2,690.00",Rs./Quintal,20.20,Metric Tonnes,03-07-2026
Maharashtra,Nashik,Lasalgaon APMC,Cereals,Wheat,Maharashtra 2189,Non-FAQ,"1,800.00","2,400.00","2,300.00",Rs./Quintal,14.50,Metric Tonnes,03-07-2026
Maharashtra,Nashik,Lasalgaon APMC,Cereals,Wheat,Maharashtra 2189,FAQ,"2,585.00","2,660.00","2,605.00",Rs./Quintal,6.00,Metric Tonnes,03-06-2026
Maharashtra,Nashik,Lasalgaon APMC,Cereals,Wheat,Maharashtra 2189,Non-FAQ,"1,800.00","2,580.00","2,424.00",Rs./Quintal,35.50,Metric Tonnes,03-06-2026
Maharashtra,Nashik,Lasalgaon APMC,Cereals,Wheat,Maharashtra 2189,FAQ,"2,575.00","2,800.00","2,611.00",Rs./Quintal,5.80,Metric Tonnes,03-02-2026
Maharashtra,Nashik,Lasalgaon APMC,Cereals,Wheat,Maharashtra 2189,FAQ,"2,600.00","2,931.00","2,640.00",Rs./Quintal,10.50,Metric Tonnes,03-01-2026
Maharashtra,Nashik,Lasalgaon APMC,Cereals,Wheat,Maharashtra 2189,FAQ,"2,500.00","2,870.00","2,590.00",Rs./Quintal,25.30,Metric Tonnes,02-12-2025
Maharashtra,Nashik,Lasalgaon APMC,Cereals,Wheat,Maharashtra 2189,FAQ,"2,585.00","3,000.00","2,670.00",Rs./Quintal,17.00,Metric Tonnes,02-07-2026
Maharashtra,Nashik,Lasalgaon APMC,Cereals,Wheat,Maharashtra 2189,Non-FAQ,"2,500.00","2,500.00","2,500.00",Rs./Quintal,1.90,Metric Tonnes,02-07-2026
Maharashtra,Nashik,Lasalgaon APMC,Cereals,Wheat,Maharashtra 2189,FAQ,"2,585.00","2,679.00","2,605.00",Rs./Quintal,4.80,Metric Tonnes,02-06-2026
Maharashtra,Nashik,Lasalgaon APMC,Cereals,Wheat,Maharashtra 2189,Non-FAQ,"1,800.00","2,580.00","2,461.00",Rs./Quintal,39.80,Metric Tonnes,02-06-2026
Maharashtra,Nashik,Lasalgaon APMC,Cereals,Wheat,Maharashtra 2189,FAQ,"2,585.00","2,626.00","2,585.00",Rs./Quintal,25.30,Metric Tonnes,02-04-2026
Maharashtra,Nashik,Lasalgaon APMC,Cereals,Wheat,Maharashtra 2189,Non-FAQ,"2,000.00","2,583.00","2,230.00",Rs./Quintal,113.10,Metric Tonnes,02-04-2026
Maharashtra,Nashik,Lasalgaon APMC,Cereals,Wheat,Maharashtra 2189,FAQ,"2,425.00","2,475.00","2,475.00",Rs./Quintal,4.60,Metric Tonnes,02-03-2026
Maharashtra,Nashik,Lasalgaon APMC,Cereals,Wheat,Maharashtra 2189,Non-FAQ,"1,700.00","2,424.00","2,351.00",Rs./Quintal,16.50,Metric Tonnes,02-03-2026
Maharashtra,Nashik,Lasalgaon APMC,Cereals,Wheat,Maharashtra 2189,FAQ,"2,500.00","2,939.00","2,591.00",Rs./Quintal,15.70,Metric Tonnes,02-02-2026
Maharashtra,Nashik,Lasalgaon APMC,Cereals,Wheat,Maharashtra 2189,FAQ,"2,600.00","2,931.00","2,640.00",Rs./Quintal,10.50,Metric Tonnes,02-01-2026
Maharashtra,Nashik,Lasalgaon APMC,Cereals,Wheat,Maharashtra 2189,FAQ,"2,585.00","2,790.00","2,641.00",Rs./Quintal,19.00,Metric Tonnes,01-07-2026
Maharashtra,Nashik,Lasalgaon APMC,Cereals,Wheat,Maharashtra 2189,Non-FAQ,"2,200.00","2,580.00","2,410.00",Rs./Quintal,10.50,Metric Tonnes,01-07-2026
Maharashtra,Nashik,Lasalgaon APMC,Cereals,Wheat,Maharashtra 2189,FAQ,"2,585.00","2,671.00","2,650.00",Rs./Quintal,10.30,Metric Tonnes,01-06-2026
Maharashtra,Nashik,Lasalgaon APMC,Cereals,Wheat,Maharashtra 2189,Non-FAQ,"2,000.00","2,580.00","2,460.00",Rs./Quintal,30.10,Metric Tonnes,01-06-2026
Maharashtra,Nashik,Lasalgaon(Niphad) APMC,Cereals,Wheat,Maharashtra 2189,FAQ,"2,580.00","2,716.00","2,695.00",Rs./Quintal,1.50,Metric Tonnes,31-12-2025
Maharashtra,Nashik,Lasalgaon(Niphad) APMC,Cereals,Wheat,Maharashtra 2189,Non-FAQ,"2,050.00","2,550.00","2,541.00",Rs./Quintal,1.90,Metric Tonnes,31-07-2026
Maharashtra,Nashik,Lasalgaon(Niphad) APMC,Cereals,Wheat,Maharashtra 2189,FAQ,"2,502.00","2,701.00","2,681.00",Rs./Quintal,2.40,Metric Tonnes,31-01-2026
Maharashtra,Nashik,Lasalgaon(Niphad) APMC,Cereals,Wheat,Maharashtra 2189,FAQ,"2,551.00","2,701.00","2,611.00",Rs./Quintal,1.50,Metric Tonnes,30-12-2025
Maharashtra,Nashik,Lasalgaon(Niphad) APMC,Cereals,Wheat,Maharashtra 2189,FAQ,"2,600.00","2,712.00","2,695.00",Rs./Quintal,5.20,Metric Tonnes,30-07-2026
Maharashtra,Nashik,Lasalgaon(Niphad) APMC,Cereals,Wheat,Maharashtra 2189,Non-FAQ,"2,200.00","2,200.00","2,200.00",Rs./Quintal,0.60,Metric Tonnes,30-07-2026
Maharashtra,Nashik,Lasalgaon(Niphad) APMC,Cereals,Wheat,Maharashtra 2189,Non-FAQ,"2,532.00","2,570.00","2,547.00",Rs./Quintal,5.40,Metric Tonnes,30-06-2026
Maharashtra,Nashik,Lasalgaon(Niphad) APMC,Cereals,Wheat,Maharashtra 2189,Non-FAQ,"2,100.00","2,499.00","2,360.00",Rs./Quintal,10.30,Metric Tonnes,30-05-2026
Maharashtra,Nashik,Lasalgaon(Niphad) APMC,Cereals,Wheat,Maharashtra 2189,Non-FAQ,"2,000.00","2,471.00","2,360.00",Rs./Quintal,29.10,Metric Tonnes,30-04-2026
Maharashtra,Nashik,Lasalgaon(Niphad) APMC,Cereals,Wheat,Maharashtra 2189,FAQ,"2,599.00","2,751.00","2,681.00",Rs./Quintal,0.10,Metric Tonnes,30-01-2026
Maharashtra,Nashik,Lasalgaon(Niphad) APMC,Cereals,Wheat,Maharashtra 2189,FAQ,"2,640.00","2,765.00","2,640.00",Rs./Quintal,1.10,Metric Tonnes,29-12-2025
Maharashtra,Nashik,Lasalgaon(Niphad) APMC,Cereals,Wheat,Maharashtra 2189,FAQ,"2,499.00","2,776.00","2,591.00",Rs./Quintal,1.80,Metric Tonnes,29-11-2025
Maharashtra,Nashik,Lasalgaon(Niphad) APMC,Cereals,Wheat,Maharashtra 2189,FAQ,"2,690.00","2,711.00","2,690.00",Rs./Quintal,7.20,Metric Tonnes,29-07-2026
Maharashtra,Nashik,Lasalgaon(Niphad) APMC,Cereals,Wheat,Maharashtra 2189,Non-FAQ,"2,561.00","2,561.00","2,561.00",Rs./Quintal,0.40,Metric Tonnes,29-07-2026
Maharashtra,Nashik,Lasalgaon(Niphad) APMC,Cereals,Wheat,Maharashtra 2189,FAQ,"2,700.00","2,700.00","2,700.00",Rs./Quintal,0.10,Metric Tonnes,29-06-2026
Maharashtra,Nashik,Lasalgaon(Niphad) APMC,Cereals,Wheat,Maharashtra 2189,Non-FAQ,"2,000.00","2,580.00","2,550.00",Rs./Quintal,7.00,Metric Tonnes,29-06-2026
Maharashtra,Nashik,Lasalgaon(Niphad) APMC,Cereals,Wheat,Maharashtra 2189,Non-FAQ,"2,000.00","2,396.00","2,361.00",Rs./Quintal,9.80,Metric Tonnes,29-05-2026
Maharashtra,Nashik,Lasalgaon(Niphad) APMC,Cereals,Wheat,Maharashtra 2189,Non-FAQ,"2,050.00","2,350.00","2,331.00",Rs./Quintal,15.90,Metric Tonnes,29-04-2026
Maharashtra,Nashik,Lasalgaon(Niphad) APMC,Cereals,Wheat,Maharashtra 2189,FAQ,"2,631.00","2,670.00","2,631.00",Rs./Quintal,1.00,Metric Tonnes,28-11-2025
Maharashtra,Nashik,Lasalgaon(Niphad) APMC,Cereals,Wheat,Maharashtra 2189,FAQ,"2,601.00","2,699.00","2,681.00",Rs./Quintal,3.40,Metric Tonnes,28-07-2026
Maharashtra,Nashik,Lasalgaon(Niphad) APMC,Cereals,Wheat,Maharashtra 2189,Non-FAQ,"2,100.00","2,379.00","2,350.00",Rs./Quintal,14.70,Metric Tonnes,28-05-2026
Maharashtra,Nashik,Lasalgaon(Niphad) APMC,Cereals,Wheat,Maharashtra 2189,Non-FAQ,"1,833.00","2,368.00","2,291.00",Rs./Quintal,30.90,Metric Tonnes,28-04-2026
Maharashtra,Nashik,Lasalgaon(Niphad) APMC,Cereals,Wheat,Maharashtra 2189,FAQ,"2,450.00","2,450.00","2,450.00",Rs./Quintal,1.00,Metric Tonnes,28-02-2026
Maharashtra,Nashik,Lasalgaon(Niphad) APMC,Cereals,Wheat,Maharashtra 2189,Non-FAQ,"2,101.00","2,341.00","2,101.00",Rs./Quintal,1.30,Metric Tonnes,28-02-2026
Maharashtra,Nashik,Lasalgaon(Niphad) APMC,Cereals,Wheat,Maharashtra 2189,FAQ,"2,580.00","2,711.00","2,591.00",Rs./Quintal,2.10,Metric Tonnes,27-12-2025
Maharashtra,Nashik,Lasalgaon(Niphad) APMC,Cereals,Wheat,Maharashtra 2189,FAQ,"2,480.00","2,832.00","2,661.00",Rs./Quintal,2.30,Metric Tonnes,27-11-2025
Maharashtra,Nashik,Lasalgaon(Niphad) APMC,Cereals,Wheat,Maharashtra 2189,FAQ,"2,600.00","2,669.00","2,621.00",Rs./Quintal,11.60,Metric Tonnes,27-07-2026
Maharashtra,Nashik,Lasalgaon(Niphad) APMC,Cereals,Wheat,Maharashtra 2189,Non-FAQ,"2,476.00","2,541.00","2,531.00",Rs./Quintal,6.60,Metric Tonnes,27-06-2026
Maharashtra,Nashik,Lasalgaon(Niphad) APMC,Cereals,Wheat,Maharashtra 2189,Non-FAQ,"2,150.00","2,366.00","2,351.00",Rs./Quintal,12.80,Metric Tonnes,27-05-2026
Maharashtra,Nashik,Lasalgaon(Niphad) APMC,Cereals,Wheat,Maharashtra 2189,Non-FAQ,"1,851.00","2,350.00","2,300.00",Rs./Quintal,24.80,Metric Tonnes,27-04-2026
Maharashtra,Nashik,Lasalgaon(Niphad) APMC,Cereals,Wheat,Maharashtra 2189,Non-FAQ,"2,351.00","2,412.00","2,370.00",Rs./Quintal,1.10,Metric Tonnes,27-02-2026
Maharashtra,Nashik,Lasalgaon(Niphad) APMC,Cereals,Wheat,Maharashtra 2189,FAQ,"2,599.00","2,751.00","2,610.00",Rs./Quintal,2.30,Metric Tonnes,26-12-2025
Maharashtra,Nashik,Lasalgaon(Niphad) APMC,Cereals,Wheat,Maharashtra 2189,Non-FAQ,"2,525.00","2,575.00","2,560.00",Rs./Quintal,8.60,Metric Tonnes,26-06-2026
Maharashtra,Nashik,Lasalgaon(Niphad) APMC,Cereals,Wheat,Maharashtra 2189,Non-FAQ,"1,849.00","2,389.00","2,350.00",Rs./Quintal,29.20,Metric Tonnes,26-05-2026
Maharashtra,Nashik,Lasalgaon(Niphad) APMC,Cereals,Wheat,Maharashtra 2189,FAQ,"2,445.00","2,445.00","2,445.00",Rs./Quintal,0.50,Metric Tonnes,26-02-2026
Maharashtra,Nashik,Lasalgaon(Niphad) APMC,Cereals,Wheat,Maharashtra 2189,Non-FAQ,"2,051.00","2,386.00","2,375.00",Rs./Quintal,4.30,Metric Tonnes,26-02-2026
Maharashtra,Nashik,Lasalgaon(Niphad) APMC,Cereals,Wheat,Maharashtra 2189,FAQ,"2,599.00","2,730.00","2,680.00",Rs./Quintal,2.50,Metric Tonnes,25-12-2025
Maharashtra,Nashik,Lasalgaon(Niphad) APMC,Cereals,Wheat,Maharashtra 2189,FAQ,"2,451.00","2,665.00","2,550.00",Rs./Quintal,1.50,Metric Tonnes,25-11-2025
Maharashtra,Nashik,Lasalgaon(Niphad) APMC,Cereals,Wheat,Maharashtra 2189,Non-FAQ,"2,501.00","2,501.00","2,501.00",Rs./Quintal,0.10,Metric Tonnes,25-07-2026
Maharashtra,Nashik,Lasalgaon(Niphad) APMC,Cereals,Wheat,Maharashtra 2189,Non-FAQ,"2,375.00","2,571.00","2,555.00",Rs./Quintal,22.90,Metric Tonnes,25-06-2026
Maharashtra,Nashik,Lasalgaon(Niphad) APMC,Cereals,Wheat,Maharashtra 2189,Non-FAQ,"2,200.00","2,400.00","2,360.00",Rs./Quintal,16.50,Metric Tonnes,25-05-2026
Maharashtra,Nashik,Lasalgaon(Niphad) APMC,Cereals,Wheat,Maharashtra 2189,Non-FAQ,"2,170.00","2,400.00","2,311.00",Rs./Quintal,29.40,Metric Tonnes,25-04-2026
Maharashtra,Nashik,Lasalgaon(Niphad) APMC,Cereals,Wheat,Maharashtra 2189,Non-FAQ,"2,097.00","2,424.00","2,171.00",Rs./Quintal,61.00,Metric Tonnes,25-03-2026
Maharashtra,Nashik,Lasalgaon(Niphad) APMC,Cereals,Wheat,Maharashtra 2189,FAQ,"2,426.00","2,600.00","2,426.00",Rs./Quintal,3.00,Metric Tonnes,25-02-2026
Maharashtra,Nashik,Lasalgaon(Niphad) APMC,Cereals,Wheat,Maharashtra 2189,Non-FAQ,"2,300.00","2,300.00","2,300.00",Rs./Quintal,0.80,Metric Tonnes,25-02-2026
Maharashtra,Nashik,Lasalgaon(Niphad) APMC,Cereals,Wheat,Maharashtra 2189,FAQ,"2,581.00","2,776.00","2,630.00",Rs./Quintal,3.00,Metric Tonnes,24-12-2025
Maharashtra,Nashik,Lasalgaon(Niphad) APMC,Cereals,Wheat,Maharashtra 2189,FAQ,"2,481.00","2,641.00","2,500.00",Rs./Quintal,2.00,Metric Tonnes,24-11-2025
Maharashtra,Nashik,Lasalgaon(Niphad) APMC,Cereals,Wheat,Maharashtra 2189,FAQ,"2,600.00","2,650.00","2,631.00",Rs./Quintal,3.50,Metric Tonnes,24-07-2026
Maharashtra,Nashik,Lasalgaon(Niphad) APMC,Cereals,Wheat,Maharashtra 2189,Non-FAQ,"2,300.00","2,433.00","2,300.00",Rs./Quintal,0.20,Metric Tonnes,24-07-2026
Maharashtra,Nashik,Lasalgaon(Niphad) APMC,Cereals,Wheat,Maharashtra 2189,FAQ,"2,600.00","2,600.00","2,600.00",Rs./Quintal,0.10,Metric Tonnes,24-06-2026
Maharashtra,Nashik,Lasalgaon(Niphad) APMC,Cereals,Wheat,Maharashtra 2189,Non-FAQ,"2,451.00","2,545.00","2,525.00",Rs./Quintal,11.50,Metric Tonnes,24-06-2026
Maharashtra,Nashik,Lasalgaon(Niphad) APMC,Cereals,Wheat,Maharashtra 2189,Non-FAQ,"2,133.00","2,327.00","2,310.00",Rs./Quintal,35.60,Metric Tonnes,24-04-2026
Maharashtra,Nashik,Lasalgaon(Niphad) APMC,Cereals,Wheat,Maharashtra 2189,FAQ,"2,451.00","2,451.00","2,451.00",Rs./Quintal,20.00,Metric Tonnes,24-03-2026
Maharashtra,Nashik,Lasalgaon(Niphad) APMC,Cereals,Wheat,Maharashtra 2189,Non-FAQ,"2,091.00","2,150.00","2,150.00",Rs./Quintal,65.20,Metric Tonnes,24-03-2026
Maharashtra,Nashik,Lasalgaon(Niphad) APMC,Cereals,Wheat,Maharashtra 2189,FAQ,"2,541.00","2,541.00","2,541.00",Rs./Quintal,0.80,Metric Tonnes,24-02-2026
Maharashtra,Nashik,Lasalgaon(Niphad) APMC,Cereals,Wheat,Maharashtra 2189,Non-FAQ,"2,351.00","2,395.00","2,351.00",Rs./Quintal,2.50,Metric Tonnes,24-02-2026
Maharashtra,Nashik,Lasalgaon(Niphad) APMC,Cereals,Wheat,Maharashtra 2189,FAQ,"2,551.00","2,691.00","2,650.00",Rs./Quintal,3.00,Metric Tonnes,24-01-2026
Maharashtra,Nashik,Lasalgaon(Niphad) APMC,Cereals,Wheat,Maharashtra 2189,FAQ,"2,600.00","2,670.00","2,640.00",Rs./Quintal,2.10,Metric Tonnes,23-12-2025
Maharashtra,Nashik,Lasalgaon(Niphad) APMC,Cereals,Wheat,Maharashtra 2189,FAQ,"2,619.00","2,637.00","2,619.00",Rs./Quintal,1.10,Metric Tonnes,23-07-2026
Maharashtra,Nashik,Lasalgaon(Niphad) APMC,Cereals,Wheat,Maharashtra 2189,Non-FAQ,"2,350.00","2,560.00","2,510.00",Rs./Quintal,6.60,Metric Tonnes,23-06-2026
Maharashtra,Nashik,Lasalgaon(Niphad) APMC,Cereals,Wheat,Maharashtra 2189,Non-FAQ,"2,191.00","2,425.00","2,370.00",Rs./Quintal,16.90,Metric Tonnes,23-05-2026
Maharashtra,Nashik,Lasalgaon(Niphad) APMC,Cereals,Wheat,Maharashtra 2189,Non-FAQ,"2,000.00","2,416.00","2,300.00",Rs./Quintal,230.00,Metric Tonnes,23-04-2026
Maharashtra,Nashik,Lasalgaon(Niphad) APMC,Cereals,Wheat,Maharashtra 2189,Non-FAQ,"2,091.00","2,360.00","2,171.00",Rs./Quintal,53.40,Metric Tonnes,23-03-2026
Maharashtra,Nashik,Lasalgaon(Niphad) APMC,Cereals,Wheat,Maharashtra 2189,FAQ,"2,450.00","2,500.00","2,450.00",Rs./Quintal,4.00,Metric Tonnes,23-02-2026
Maharashtra,Nashik,Lasalgaon(Niphad) APMC,Cereals,Wheat,Maharashtra 2189,Non-FAQ,"2,325.00","2,325.00","2,325.00",Rs./Quintal,0.90,Metric Tonnes,23-02-2026
Maharashtra,Nashik,Lasalgaon(Niphad) APMC,Cereals,Wheat,Maharashtra 2189,FAQ,"2,690.00","2,690.00","2,690.00",Rs./Quintal,0.40,Metric Tonnes,23-01-2026
Maharashtra,Nashik,Lasalgaon(Niphad) APMC,Cereals,Wheat,Maharashtra 2189,FAQ,"2,585.00","2,699.00","2,612.00",Rs./Quintal,1.50,Metric Tonnes,22-12-2025
Maharashtra,Nashik,Lasalgaon(Niphad) APMC,Cereals,Wheat,Maharashtra 2189,FAQ,"2,605.00","2,650.00","2,646.00",Rs./Quintal,1.80,Metric Tonnes,22-07-2026
Maharashtra,Nashik,Lasalgaon(Niphad) APMC,Cereals,Wheat,Maharashtra 2189,Non-FAQ,"2,400.00","2,400.00","2,400.00",Rs./Quintal,0.20,Metric Tonnes,22-07-2026
Maharashtra,Nashik,Lasalgaon(Niphad) APMC,Cereals,Wheat,Maharashtra 2189,Non-FAQ,"2,372.00","2,511.00","2,490.00",Rs./Quintal,10.30,Metric Tonnes,22-06-2026
Maharashtra,Nashik,Lasalgaon(Niphad) APMC,Cereals,Wheat,Maharashtra 2189,Non-FAQ,"2,316.00","2,391.00","2,360.00",Rs./Quintal,11.80,Metric Tonnes,22-05-2026
Maharashtra,Nashik,Lasalgaon(Niphad) APMC,Cereals,Wheat,Maharashtra 2189,Non-FAQ,"2,000.00","2,501.00","2,290.00",Rs./Quintal,31.80,Metric Tonnes,22-04-2026
Maharashtra,Nashik,Lasalgaon(Niphad) APMC,Cereals,Wheat,Maharashtra 2189,FAQ,"2,511.00","2,835.00","2,700.00",Rs./Quintal,1.70,Metric Tonnes,22-01-2026
Maharashtra,Nashik,Lasalgaon(Niphad) APMC,Cereals,Wheat,Maharashtra 2189,FAQ,"2,499.00","2,539.00","2,525.00",Rs./Quintal,2.10,Metric Tonnes,21-11-2025
Maharashtra,Nashik,Lasalgaon(Niphad) APMC,Cereals,Wheat,Maharashtra 2189,FAQ,"2,685.00","2,776.00","2,710.00",Rs./Quintal,6.10,Metric Tonnes,21-08-2026
Maharashtra,Nashik,Lasalgaon(Niphad) APMC,Cereals,Wheat,Maharashtra 2189,FAQ,"2,590.00","2,637.00","2,600.00",Rs./Quintal,6.10,Metric Tonnes,21-07-2026
Maharashtra,Nashik,Lasalgaon(Niphad) APMC,Cereals,Wheat,Maharashtra 2189,Non-FAQ,"2,000.00","2,576.00","2,575.00",Rs./Quintal,0.30,Metric Tonnes,21-07-2026
Maharashtra,Nashik,Lasalgaon(Niphad) APMC,Cereals,Wheat,Maharashtra 2189,Non-FAQ,"1,801.00","2,400.00","2,370.00",Rs./Quintal,16.30,Metric Tonnes,21-05-2026
Maharashtra,Nashik,Lasalgaon(Niphad) APMC,Cereals,Wheat,Maharashtra 2189,Non-FAQ,"2,030.00","2,386.00","2,270.00",Rs./Quintal,35.40,Metric Tonnes,21-04-2026
Maharashtra,Nashik,Lasalgaon(Niphad) APMC,Cereals,Wheat,Maharashtra 2189,Non-FAQ,"2,085.00","2,300.00","2,225.00",Rs./Quintal,32.10,Metric Tonnes,21-03-2026
Maharashtra,Nashik,Lasalgaon(Niphad) APMC,Cereals,Wheat,Maharashtra 2189,FAQ,"2,450.00","2,581.00","2,525.00",Rs./Quintal,4.00,Metric Tonnes,21-02-2026
Maharashtra,Nashik,Lasalgaon(Niphad) APMC,Cereals,Wheat,Maharashtra 2189,Non-FAQ,"2,351.00","2,411.00","2,411.00",Rs./Quintal,1.60,Metric Tonnes,21-02-2026
Maharashtra,Nashik,Lasalgaon(Niphad) APMC,Cereals,Wheat,Maharashtra 2189,FAQ,"2,612.00","2,682.00","2,650.00",Rs./Quintal,0.80,Metric Tonnes,21-01-2026
Maharashtra,Nashik,Lasalgaon(Niphad) APMC,Cereals,Wheat,Maharashtra 2189,FAQ,"2,500.00","2,700.00","2,600.00",Rs./Quintal,1.70,Metric Tonnes,20-12-2025
Maharashtra,Nashik,Lasalgaon(Niphad) APMC,Cereals,Wheat,Maharashtra 2189,FAQ,"2,526.00","2,571.00","2,550.00",Rs./Quintal,1.70,Metric Tonnes,20-11-2025
Maharashtra,Nashik,Lasalgaon(Niphad) APMC,Cereals,Wheat,Maharashtra 2189,FAQ,"2,685.00","2,750.00","2,700.00",Rs./Quintal,6.20,Metric Tonnes,20-08-2026
Maharashtra,Nashik,Lasalgaon(Niphad) APMC,Cereals,Wheat,Maharashtra 2189,FAQ,"2,588.00","2,651.00","2,595.00",Rs./Quintal,9.00,Metric Tonnes,20-07-2026
Maharashtra,Nashik,Lasalgaon(Niphad) APMC,Cereals,Wheat,Maharashtra 2189,Non-FAQ,"2,584.00","2,584.00","2,584.00",Rs./Quintal,0.30,Metric Tonnes,20-07-2026
Maharashtra,Nashik,Lasalgaon(Niphad) APMC,Cereals,Wheat,Maharashtra 2189,Non-FAQ,"2,300.00","2,401.00","2,350.00",Rs./Quintal,9.40,Metric Tonnes,20-05-2026
Maharashtra,Nashik,Lasalgaon(Niphad) APMC,Cereals,Wheat,Maharashtra 2189,Non-FAQ,"2,071.00","2,370.00","2,240.00",Rs./Quintal,62.80,Metric Tonnes,20-04-2026
Maharashtra,Nashik,Lasalgaon(Niphad) APMC,Cereals,Wheat,Maharashtra 2189,Non-FAQ,"2,000.00","2,326.00","2,211.00",Rs./Quintal,23.40,Metric Tonnes,20-03-2026
Maharashtra,Nashik,Lasalgaon(Niphad) APMC,Cereals,Wheat,Maharashtra 2189,FAQ,"2,525.00","2,640.00","2,525.00",Rs./Quintal,3.00,Metric Tonnes,20-02-2026
Maharashtra,Nashik,Lasalgaon(Niphad) APMC,Cereals,Wheat,Maharashtra 2189,Non-FAQ,"2,340.00","2,340.00","2,340.00",Rs./Quintal,1.10,Metric Tonnes,20-02-2026
Maharashtra,Nashik,Lasalgaon(Niphad) APMC,Cereals,Wheat,Maharashtra 2189,FAQ,"2,640.00","2,700.00","2,641.00",Rs./Quintal,2.00,Metric Tonnes,20-01-2026
Maharashtra,Nashik,Lasalgaon(Niphad) APMC,Cereals,Wheat,Maharashtra 2189,FAQ,"2,571.00","2,590.00","2,571.00",Rs./Quintal,0.20,Metric Tonnes,19-12-2025
Maharashtra,Nashik,Lasalgaon(Niphad) APMC,Cereals,Wheat,Maharashtra 2189,FAQ,"2,550.00","2,851.00","2,650.00",Rs./Quintal,3.50,Metric Tonnes,19-11-2025
Maharashtra,Nashik,Lasalgaon(Niphad) APMC,Cereals,Wheat,Maharashtra 2189,Non-FAQ,"2,251.00","2,251.00","2,251.00",Rs./Quintal,0.10,Metric Tonnes,19-11-2025
Maharashtra,Nashik,Lasalgaon(Niphad) APMC,Cereals,Wheat,Maharashtra 2189,FAQ,"2,593.00","2,711.00","2,700.00",Rs./Quintal,7.00,Metric Tonnes,19-08-2026
Maharashtra,Nashik,Lasalgaon(Niphad) APMC,Cereals,Wheat,Maharashtra 2189,Non-FAQ,"2,312.00","2,451.00","2,420.00",Rs./Quintal,2.50,Metric Tonnes,19-06-2026
Maharashtra,Nashik,Lasalgaon(Niphad) APMC,Cereals,Wheat,Maharashtra 2189,Non-FAQ,"1,900.00","2,461.00","2,375.00",Rs./Quintal,27.20,Metric Tonnes,19-05-2026
Maharashtra,Nashik,Lasalgaon(Niphad) APMC,Cereals,Wheat,Maharashtra 2189,Non-FAQ,"2,140.00","2,324.00","2,181.00",Rs./Quintal,13.10,Metric Tonnes,19-03-2026
Maharashtra,Nashik,Lasalgaon(Niphad) APMC,Cereals,Wheat,Maharashtra 2189,FAQ,"2,645.00","2,700.00","2,671.00",Rs./Quintal,2.70,Metric Tonnes,19-01-2026
Maharashtra,Nashik,Lasalgaon(Niphad) APMC,Cereals,Wheat,Maharashtra 2189,FAQ,"2,499.00","2,741.00","2,600.00",Rs./Quintal,2.60,Metric Tonnes,18-12-2025
Maharashtra,Nashik,Lasalgaon(Niphad) APMC,Cereals,Wheat,Maharashtra 2189,FAQ,"2,476.00","2,700.00","2,581.00",Rs./Quintal,1.80,Metric Tonnes,18-11-2025
Maharashtra,Nashik,Lasalgaon(Niphad) APMC,Cereals,Wheat,Maharashtra 2189,FAQ,"2,676.00","2,725.00","2,700.00",Rs./Quintal,8.30,Metric Tonnes,18-08-2026
Maharashtra,Nashik,Lasalgaon(Niphad) APMC,Cereals,Wheat,Maharashtra 2189,FAQ,"2,590.00","2,640.00","2,595.00",Rs./Quintal,3.60,Metric Tonnes,18-07-2026
Maharashtra,Nashik,Lasalgaon(Niphad) APMC,Cereals,Wheat,Maharashtra 2189,Non-FAQ,"2,541.00","2,541.00","2,541.00",Rs./Quintal,0.10,Metric Tonnes,18-07-2026
Maharashtra,Nashik,Lasalgaon(Niphad) APMC,Cereals,Wheat,Maharashtra 2189,Non-FAQ,"2,360.00","2,401.00","2,371.00",Rs./Quintal,4.50,Metric Tonnes,18-06-2026
Maharashtra,Nashik,Lasalgaon(Niphad) APMC,Cereals,Wheat,Maharashtra 2189,Non-FAQ,"2,000.00","2,350.00","2,325.00",Rs./Quintal,15.60,Metric Tonnes,18-05-2026
Maharashtra,Nashik,Lasalgaon(Niphad) APMC,Cereals,Wheat,Maharashtra 2189,Non-FAQ,"1,880.00","2,309.00","2,230.00",Rs./Quintal,91.80,Metric Tonnes,18-04-2026
Maharashtra,Nashik,Lasalgaon(Niphad) APMC,Cereals,Wheat,Maharashtra 2189,Non-FAQ,"2,059.00","2,250.00","2,170.00",Rs./Quintal,33.80,Metric Tonnes,18-03-2026
Maharashtra,Nashik,Lasalgaon(Niphad) APMC,Cereals,Wheat,Maharashtra 2189,FAQ,"2,451.00","2,640.00","2,451.00",Rs./Quintal,6.00,Metric Tonnes,18-02-2026
Maharashtra,Nashik,Lasalgaon(Niphad) APMC,Cereals,Wheat,Maharashtra 2189,Non-FAQ,"2,251.00","2,251.00","2,251.00",Rs./Quintal,0.40,Metric Tonnes,18-02-2026
Maharashtra,Nashik,Lasalgaon(Niphad) APMC,Cereals,Wheat,Maharashtra 2189,FAQ,"2,571.00","2,731.00","2,611.00",Rs./Quintal,1.10,Metric Tonnes,17-12-2025
Maharashtra,Nashik,Lasalgaon(Niphad) APMC,Cereals,Wheat,Maharashtra 2189,FAQ,"2,550.00","2,612.00","2,550.00",Rs./Quintal,2.50,Metric Tonnes,17-11-2025
Maharashtra,Nashik,Lasalgaon(Niphad) APMC,Cereals,Wheat,Maharashtra 2189,Non-FAQ,"2,411.00","2,411.00","2,411.00",Rs./Quintal,1.00,Metric Tonnes,17-11-2025
Maharashtra,Nashik,Lasalgaon(Niphad) APMC,Cereals,Wheat,Maharashtra 2189,FAQ,"2,591.00","2,708.00","2,690.00",Rs./Quintal,3.70,Metric Tonnes,17-08-2026
Maharashtra,Nashik,Lasalgaon(Niphad) APMC,Cereals,Wheat,Maharashtra 2189,FAQ,"2,594.00","2,650.00","2,600.00",Rs./Quintal,6.20,Metric Tonnes,17-07-2026
Maharashtra,Nashik,Lasalgaon(Niphad) APMC,Cereals,Wheat,Maharashtra 2189,Non-FAQ,"2,448.00","2,570.00","2,511.00",Rs./Quintal,0.30,Metric Tonnes,17-07-2026
Maharashtra,Nashik,Lasalgaon(Niphad) APMC,Cereals,Wheat,Maharashtra 2189,Non-FAQ,"2,333.00","2,374.00","2,350.00",Rs./Quintal,12.40,Metric Tonnes,17-06-2026
Maharashtra,Nashik,Lasalgaon(Niphad) APMC,Cereals,Wheat,Maharashtra 2189,Non-FAQ,"1,800.00","2,376.00","2,230.00",Rs./Quintal,70.50,Metric Tonnes,17-04-2026
Maharashtra,Nashik,Lasalgaon(Niphad) APMC,Cereals,Wheat,Maharashtra 2189,Non-FAQ,"2,080.00","2,361.00","2,190.00",Rs./Quintal,45.20,Metric Tonnes,17-03-2026
Maharashtra,Nashik,Lasalgaon(Niphad) APMC,Cereals,Wheat,Maharashtra 2189,FAQ,"2,441.00","2,731.00","2,490.00",Rs./Quintal,0.60,Metric Tonnes,17-02-2026
Maharashtra,Nashik,Lasalgaon(Niphad) APMC,Cereals,Wheat,Maharashtra 2189,FAQ,"2,563.00","2,851.00","2,611.00",Rs./Quintal,1.50,Metric Tonnes,16-12-2025
Maharashtra,Nashik,Lasalgaon(Niphad) APMC,Cereals,Wheat,Maharashtra 2189,FAQ,"2,587.00","2,666.00","2,600.00",Rs./Quintal,6.70,Metric Tonnes,16-07-2026
Maharashtra,Nashik,Lasalgaon(Niphad) APMC,Cereals,Wheat,Maharashtra 2189,Non-FAQ,"2,541.00","2,580.00","2,570.00",Rs./Quintal,0.80,Metric Tonnes,16-07-2026
Maharashtra,Nashik,Lasalgaon(Niphad) APMC,Cereals,Wheat,Maharashtra 2189,Non-FAQ,"2,250.00","2,353.00","2,311.00",Rs./Quintal,14.30,Metric Tonnes,16-06-2026
Maharashtra,Nashik,Lasalgaon(Niphad) APMC,Cereals,Wheat,Maharashtra 2189,Non-FAQ,"1,871.00","2,461.00","2,180.00",Rs./Quintal,98.70,Metric Tonnes,16-04-2026
Maharashtra,Nashik,Lasalgaon(Niphad) APMC,Cereals,Wheat,Maharashtra 2189,Non-FAQ,"2,050.00","2,180.00","2,151.00",Rs./Quintal,76.70,Metric Tonnes,16-03-2026
Maharashtra,Nashik,Lasalgaon(Niphad) APMC,Cereals,Wheat,Maharashtra 2189,FAQ,"2,460.00","2,631.00","2,460.00",Rs./Quintal,3.00,Metric Tonnes,16-02-2026
Maharashtra,Nashik,Lasalgaon(Niphad) APMC,Cereals,Wheat,Maharashtra 2189,Non-FAQ,"2,299.00","2,299.00","2,299.00",Rs./Quintal,1.00,Metric Tonnes,16-02-2026
Maharashtra,Nashik,Lasalgaon(Niphad) APMC,Cereals,Wheat,Maharashtra 2189,FAQ,"2,671.00","2,732.00","2,671.00",Rs./Quintal,0.80,Metric Tonnes,16-01-2026
Maharashtra,Nashik,Lasalgaon(Niphad) APMC,Cereals,Wheat,Maharashtra 2189,FAQ,"2,501.00","2,801.00","2,680.00",Rs./Quintal,2.10,Metric Tonnes,15-12-2025
Maharashtra,Nashik,Lasalgaon(Niphad) APMC,Cereals,Wheat,Maharashtra 2189,Non-FAQ,"2,399.00","2,399.00","2,399.00",Rs./Quintal,0.10,Metric Tonnes,15-12-2025
Maharashtra,Nashik,Lasalgaon(Niphad) APMC,Cereals,Wheat,Maharashtra 2189,FAQ,"2,586.00","2,661.00","2,610.00",Rs./Quintal,7.80,Metric Tonnes,15-07-2026
Maharashtra,Nashik,Lasalgaon(Niphad) APMC,Cereals,Wheat,Maharashtra 2189,Non-FAQ,"2,576.00","2,576.00","2,576.00",Rs./Quintal,0.70,Metric Tonnes,15-07-2026
Maharashtra,Nashik,Lasalgaon(Niphad) APMC,Cereals,Wheat,Maharashtra 2189,Non-FAQ,"2,270.00","2,332.00","2,310.00",Rs./Quintal,10.60,Metric Tonnes,15-05-2026
Maharashtra,Nashik,Lasalgaon(Niphad) APMC,Cereals,Wheat,Maharashtra 2189,Non-FAQ,"2,100.00","2,400.00","2,170.00",Rs./Quintal,112.50,Metric Tonnes,15-04-2026
Maharashtra,Nashik,Lasalgaon(Niphad) APMC,Cereals,Wheat,Maharashtra 2189,FAQ,"2,632.00","2,688.00","2,632.00",Rs./Quintal,0.90,Metric Tonnes,15-01-2026
Maharashtra,Nashik,Lasalgaon(Niphad) APMC,Cereals,Wheat,Maharashtra 2189,FAQ,"2,550.00","2,665.00","2,550.00",Rs./Quintal,2.90,Metric Tonnes,14-11-2025
Maharashtra,Nashik,Lasalgaon(Niphad) APMC,Cereals,Wheat,Maharashtra 2189,Non-FAQ,"2,391.00","2,394.00","2,391.00",Rs./Quintal,0.90,Metric Tonnes,14-11-2025
Maharashtra,Nashik,Lasalgaon(Niphad) APMC,Cereals,Wheat,Maharashtra 2189,FAQ,"2,680.00","2,740.00","2,700.00",Rs./Quintal,5.70,Metric Tonnes,14-08-2026
Maharashtra,Nashik,Lasalgaon(Niphad) APMC,Cereals,Wheat,Maharashtra 2189,FAQ,"2,587.00","2,640.00","2,600.00",Rs./Quintal,5.50,Metric Tonnes,14-07-2026
Maharashtra,Nashik,Lasalgaon(Niphad) APMC,Cereals,Wheat,Maharashtra 2189,Non-FAQ,"2,481.00","2,572.00","2,550.00",Rs./Quintal,2.20,Metric Tonnes,14-07-2026
Maharashtra,Nashik,Lasalgaon(Niphad) APMC,Cereals,Wheat,Maharashtra 2189,Non-FAQ,"2,176.00","2,324.00","2,300.00",Rs./Quintal,17.10,Metric Tonnes,14-05-2026
Maharashtra,Nashik,Lasalgaon(Niphad) APMC,Cereals,Wheat,Maharashtra 2189,Non-FAQ,"2,141.00","2,311.00","2,246.00",Rs./Quintal,25.20,Metric Tonnes,14-03-2026
Maharashtra,Nashik,Lasalgaon(Niphad) APMC,Cereals,Wheat,Maharashtra 2189,FAQ,"2,500.00","2,571.00","2,560.00",Rs./Quintal,1.80,Metric Tonnes,14-02-2026
Maharashtra,Nashik,Lasalgaon(Niphad) APMC,Cereals,Wheat,Maharashtra 2189,FAQ,"2,611.00","2,690.00","2,663.00",Rs./Quintal,0.90,Metric Tonnes,14-01-2026
Maharashtra,Nashik,Lasalgaon(Niphad) APMC,Cereals,Wheat,Maharashtra 2189,FAQ,"2,600.00","2,676.00","2,650.00",Rs./Quintal,1.30,Metric Tonnes,13-12-2025
Maharashtra,Nashik,Lasalgaon(Niphad) APMC,Cereals,Wheat,Maharashtra 2189,FAQ,"2,455.00","2,570.00","2,511.00",Rs./Quintal,1.60,Metric Tonnes,13-11-2025
Maharashtra,Nashik,Lasalgaon(Niphad) APMC,Cereals,Wheat,Maharashtra 2189,FAQ,"2,692.00","2,761.00","2,725.00",Rs./Quintal,7.80,Metric Tonnes,13-08-2026
Maharashtra,Nashik,Lasalgaon(Niphad) APMC,Cereals,Wheat,Maharashtra 2189,FAQ,"2,600.00","2,631.00","2,628.00",Rs./Quintal,3.90,Metric Tonnes,13-07-2026
Maharashtra,Nashik,Lasalgaon(Niphad) APMC,Cereals,Wheat,Maharashtra 2189,Non-FAQ,"2,535.00","2,575.00","2,571.00",Rs./Quintal,4.90,Metric Tonnes,13-07-2026
Maharashtra,Nashik,Lasalgaon(Niphad) APMC,Cereals,Wheat,Maharashtra 2189,Non-FAQ,"2,202.00","2,319.00","2,301.00",Rs./Quintal,3.10,Metric Tonnes,13-06-2026
Maharashtra,Nashik,Lasalgaon(Niphad) APMC,Cereals,Wheat,Maharashtra 2189,Non-FAQ,"2,250.00","2,400.00","2,315.00",Rs./Quintal,16.30,Metric Tonnes,13-05-2026
Maharashtra,Nashik,Lasalgaon(Niphad) APMC,Cereals,Wheat,Maharashtra 2189,Non-FAQ,"1,860.00","2,500.00","2,140.00",Rs./Quintal,101.50,Metric Tonnes,13-04-2026
Maharashtra,Nashik,Lasalgaon(Niphad) APMC,Cereals,Wheat,Maharashtra 2189,Non-FAQ,"2,180.00","2,350.00","2,261.00",Rs./Quintal,20.30,Metric Tonnes,13-03-2026
Maharashtra,Nashik,Lasalgaon(Niphad) APMC,Cereals,Wheat,Maharashtra 2189,FAQ,"2,525.00","2,621.00","2,600.00",Rs./Quintal,1.50,Metric Tonnes,13-02-2026
Maharashtra,Nashik,Lasalgaon(Niphad) APMC,Cereals,Wheat,Maharashtra 2189,FAQ,"2,650.00","2,727.00","2,697.00",Rs./Quintal,0.70,Metric Tonnes,13-01-2026
Maharashtra,Nashik,Lasalgaon(Niphad) APMC,Cereals,Wheat,Maharashtra 2189,FAQ,"2,564.00","2,711.00","2,711.00",Rs./Quintal,2.00,Metric Tonnes,12-12-2025
Maharashtra,Nashik,Lasalgaon(Niphad) APMC,Cereals,Wheat,Maharashtra 2189,FAQ,"2,700.00","2,751.00","2,700.00",Rs./Quintal,3.50,Metric Tonnes,12-11-2025
Maharashtra,Nashik,Lasalgaon(Niphad) APMC,Cereals,Wheat,Maharashtra 2189,Non-FAQ,"2,261.00","2,261.00","2,261.00",Rs./Quintal,0.70,Metric Tonnes,12-11-2025
Maharashtra,Nashik,Lasalgaon(Niphad) APMC,Cereals,Wheat,Maharashtra 2189,FAQ,"2,712.00","2,750.00","2,725.00",Rs./Quintal,4.40,Metric Tonnes,12-08-2026
Maharashtra,Nashik,Lasalgaon(Niphad) APMC,Cereals,Wheat,Maharashtra 2189,Non-FAQ,"2,280.00","2,324.00","2,300.00",Rs./Quintal,9.30,Metric Tonnes,12-06-2026
Maharashtra,Nashik,Lasalgaon(Niphad) APMC,Cereals,Wheat,Maharashtra 2189,Non-FAQ,"2,151.00","2,351.00","2,311.00",Rs./Quintal,16.30,Metric Tonnes,12-05-2026
Maharashtra,Nashik,Lasalgaon(Niphad) APMC,Cereals,Wheat,Maharashtra 2189,Non-FAQ,"2,162.00","2,420.00","2,331.00",Rs./Quintal,10.90,Metric Tonnes,12-03-2026
Maharashtra,Nashik,Lasalgaon(Niphad) APMC,Cereals,Wheat,Maharashtra 2189,FAQ,"2,451.00","2,700.00","2,576.00",Rs./Quintal,2.10,Metric Tonnes,12-02-2026
Maharashtra,Nashik,Lasalgaon(Niphad) APMC,Cereals,Wheat,Maharashtra 2189,FAQ,"2,641.00","2,750.00","2,681.00",Rs./Quintal,1.20,Metric Tonnes,12-01-2026
Maharashtra,Nashik,Lasalgaon(Niphad) APMC,Cereals,Wheat,Maharashtra 2189,FAQ,"2,570.00","2,669.00","2,625.00",Rs./Quintal,2.10,Metric Tonnes,11-12-2025
Maharashtra,Nashik,Lasalgaon(Niphad) APMC,Cereals,Wheat,Maharashtra 2189,FAQ,"2,700.00","2,861.00","2,700.00",Rs./Quintal,1.20,Metric Tonnes,11-11-2025
Maharashtra,Nashik,Lasalgaon(Niphad) APMC,Cereals,Wheat,Maharashtra 2189,Non-FAQ,"2,375.00","2,375.00","2,375.00",Rs./Quintal,0.50,Metric Tonnes,11-11-2025
Maharashtra,Nashik,Lasalgaon(Niphad) APMC,Cereals,Wheat,Maharashtra 2189,FAQ,"2,700.00","2,750.00","2,715.00",Rs./Quintal,9.00,Metric Tonnes,11-08-2026
Maharashtra,Nashik,Lasalgaon(Niphad) APMC,Cereals,Wheat,Maharashtra 2189,Non-FAQ,"2,480.00","2,551.00","2,551.00",Rs./Quintal,4.70,Metric Tonnes,11-07-2026
Maharashtra,Nashik,Lasalgaon(Niphad) APMC,Cereals,Wheat,Maharashtra 2189,Non-FAQ,"2,000.00","2,560.00","2,341.00",Rs./Quintal,16.00,Metric Tonnes,11-06-2026
Maharashtra,Nashik,Lasalgaon(Niphad) APMC,Cereals,Wheat,Maharashtra 2189,Non-FAQ,"2,101.00","2,435.00","2,325.00",Rs./Quintal,20.50,Metric Tonnes,11-05-2026
Maharashtra,Nashik,Lasalgaon(Niphad) APMC,Cereals,Wheat,Maharashtra 2189,Non-FAQ,"1,961.00","2,412.00","2,120.00",Rs./Quintal,82.00,Metric Tonnes,11-04-2026
Maharashtra,Nashik,Lasalgaon(Niphad) APMC,Cereals,Wheat,Maharashtra 2189,FAQ,"2,441.00","2,441.00","2,441.00",Rs./Quintal,4.00,Metric Tonnes,11-03-2026
Maharashtra,Nashik,Lasalgaon(Niphad) APMC,Cereals,Wheat,Maharashtra 2189,Non-FAQ,"2,100.00","2,211.00","2,211.00",Rs./Quintal,7.50,Metric Tonnes,11-03-2026
Maharashtra,Nashik,Lasalgaon(Niphad) APMC,Cereals,Wheat,Maharashtra 2189,FAQ,"2,581.00","2,700.00","2,581.00",Rs./Quintal,3.00,Metric Tonnes,11-02-2026
Maharashtra,Nashik,Lasalgaon(Niphad) APMC,Cereals,Wheat,Maharashtra 2189,Non-FAQ,"2,351.00","2,351.00","2,351.00",Rs./Quintal,0.70,Metric Tonnes,11-02-2026
Maharashtra,Nashik,Lasalgaon(Niphad) APMC,Cereals,Wheat,Maharashtra 2189,FAQ,"2,531.00","2,625.00","2,580.00",Rs./Quintal,2.50,Metric Tonnes,10-12-2025
Maharashtra,Nashik,Lasalgaon(Niphad) APMC,Cereals,Wheat,Maharashtra 2189,FAQ,"2,475.00","2,601.00","2,560.00",Rs./Quintal,2.00,Metric Tonnes,10-11-2025
Maharashtra,Nashik,Lasalgaon(Niphad) APMC,Cereals,Wheat,Maharashtra 2189,FAQ,"2,701.00","2,751.00","2,710.00",Rs./Quintal,15.20,Metric Tonnes,10-08-2026
Maharashtra,Nashik,Lasalgaon(Niphad) APMC,Cereals,Wheat,Maharashtra 2189,FAQ,"2,587.00","2,587.00","2,587.00",Rs./Quintal,0.50,Metric Tonnes,10-07-2026
Maharashtra,Nashik,Lasalgaon(Niphad) APMC,Cereals,Wheat,Maharashtra 2189,Non-FAQ,"2,501.00","2,571.00","2,571.00",Rs./Quintal,10.80,Metric Tonnes,10-07-2026
Maharashtra,Nashik,Lasalgaon(Niphad) APMC,Cereals,Wheat,Maharashtra 2189,Non-FAQ,"1,851.00","2,321.00","2,300.00",Rs./Quintal,14.10,Metric Tonnes,10-06-2026
Maharashtra,Nashik,Lasalgaon(Niphad) APMC,Cereals,Wheat,Maharashtra 2189,Non-FAQ,"2,025.00","2,341.00","2,100.00",Rs./Quintal,53.80,Metric Tonnes,10-04-2026
Maharashtra,Nashik,Lasalgaon(Niphad) APMC,Cereals,Wheat,Maharashtra 2189,Non-FAQ,"2,170.00","2,300.00","2,231.00",Rs./Quintal,5.90,Metric Tonnes,10-03-2026
Maharashtra,Nashik,Lasalgaon(Niphad) APMC,Cereals,Wheat,Maharashtra 2189,FAQ,"2,540.00","2,670.00","2,600.00",Rs./Quintal,1.90,Metric Tonnes,10-02-2026
Maharashtra,Nashik,Lasalgaon(Niphad) APMC,Cereals,Wheat,Maharashtra 2189,FAQ,"2,621.00","2,750.00","2,691.00",Rs./Quintal,3.00,Metric Tonnes,10-01-2026
Maharashtra,Nashik,Lasalgaon(Niphad) APMC,Cereals,Wheat,Maharashtra 2189,FAQ,"2,500.00","2,841.00","2,660.00",Rs./Quintal,3.10,Metric Tonnes,09-12-2025
Maharashtra,Nashik,Lasalgaon(Niphad) APMC,Cereals,Wheat,Maharashtra 2189,FAQ,"2,601.00","2,601.00","2,601.00",Rs./Quintal,1.20,Metric Tonnes,09-07-2026
Maharashtra,Nashik,Lasalgaon(Niphad) APMC,Cereals,Wheat,Maharashtra 2189,Non-FAQ,"2,400.00","2,570.00","2,551.00",Rs./Quintal,17.10,Metric Tonnes,09-07-2026
Maharashtra,Nashik,Lasalgaon(Niphad) APMC,Cereals,Wheat,Maharashtra 2189,Non-FAQ,"2,275.00","2,335.00","2,300.00",Rs./Quintal,15.20,Metric Tonnes,09-06-2026
Maharashtra,Nashik,Lasalgaon(Niphad) APMC,Cereals,Wheat,Maharashtra 2189,Non-FAQ,"1,871.00","2,340.00","2,100.00",Rs./Quintal,98.80,Metric Tonnes,09-04-2026
Maharashtra,Nashik,Lasalgaon(Niphad) APMC,Cereals,Wheat,Maharashtra 2189,Non-FAQ,"2,225.00","2,382.00","2,241.00",Rs./Quintal,5.80,Metric Tonnes,09-03-2026
Maharashtra,Nashik,Lasalgaon(Niphad) APMC,Cereals,Wheat,Maharashtra 2189,FAQ,"2,660.00","2,700.00","2,660.00",Rs./Quintal,3.00,Metric Tonnes,09-02-2026
Maharashtra,Nashik,Lasalgaon(Niphad) APMC,Cereals,Wheat,Maharashtra 2189,Non-FAQ,"2,400.00","2,400.00","2,400.00",Rs./Quintal,0.80,Metric Tonnes,09-02-2026
Maharashtra,Nashik,Lasalgaon(Niphad) APMC,Cereals,Wheat,Maharashtra 2189,FAQ,"2,640.00","2,686.00","2,650.00",Rs./Quintal,2.10,Metric Tonnes,09-01-2026
Maharashtra,Nashik,Lasalgaon(Niphad) APMC,Cereals,Wheat,Maharashtra 2189,Non-FAQ,"2,400.00","2,400.00","2,400.00",Rs./Quintal,0.10,Metric Tonnes,09-01-2026
Maharashtra,Nashik,Lasalgaon(Niphad) APMC,Cereals,Wheat,Maharashtra 2189,FAQ,"2,550.00","2,750.00","2,581.00",Rs./Quintal,1.70,Metric Tonnes,08-12-2025
Maharashtra,Nashik,Lasalgaon(Niphad) APMC,Cereals,Wheat,Maharashtra 2189,FAQ,"2,690.00","2,721.00","2,701.00",Rs./Quintal,6.50,Metric Tonnes,08-08-2026
Maharashtra,Nashik,Lasalgaon(Niphad) APMC,Cereals,Wheat,Maharashtra 2189,FAQ,"2,600.00","2,600.00","2,600.00",Rs./Quintal,0.60,Metric Tonnes,08-07-2026
Maharashtra,Nashik,Lasalgaon(Niphad) APMC,Cereals,Wheat,Maharashtra 2189,Non-FAQ,"2,576.00","2,583.00","2,580.00",Rs./Quintal,2.70,Metric Tonnes,08-07-2026
Maharashtra,Nashik,Lasalgaon(Niphad) APMC,Cereals,Wheat,Maharashtra 2189,Non-FAQ,"1,751.00","2,341.00","2,315.00",Rs./Quintal,8.60,Metric Tonnes,08-06-2026
Maharashtra,Nashik,Lasalgaon(Niphad) APMC,Cereals,Wheat,Maharashtra 2189,Non-FAQ,"1,800.00","2,390.00","2,325.00",Rs./Quintal,18.00,Metric Tonnes,08-05-2026
Maharashtra,Nashik,Lasalgaon(Niphad) APMC,Cereals,Wheat,Maharashtra 2189,Non-FAQ,"1,951.00","2,376.00","2,120.00",Rs./Quintal,80.50,Metric Tonnes,08-04-2026
Maharashtra,Nashik,Lasalgaon(Niphad) APMC,Cereals,Wheat,Maharashtra 2189,FAQ,"2,600.00","2,751.00","2,650.00",Rs./Quintal,1.50,Metric Tonnes,08-01-2026
Maharashtra,Nashik,Lasalgaon(Niphad) APMC,Cereals,Wheat,Maharashtra 2189,FAQ,"2,465.00","2,635.00","2,600.00",Rs./Quintal,1.80,Metric Tonnes,07-11-2025
Maharashtra,Nashik,Lasalgaon(Niphad) APMC,Cereals,Wheat,Maharashtra 2189,FAQ,"2,672.00","2,721.00","2,696.00",Rs./Quintal,8.70,Metric Tonnes,07-08-2026
Maharashtra,Nashik,Lasalgaon(Niphad) APMC,Cereals,Wheat,Maharashtra 2189,FAQ,"2,585.00","2,600.00","2,585.00",Rs./Quintal,4.40,Metric Tonnes,07-07-2026
Maharashtra,Nashik,Lasalgaon(Niphad) APMC,Cereals,Wheat,Maharashtra 2189,Non-FAQ,"2,170.00","2,450.00","2,370.00",Rs./Quintal,15.10,Metric Tonnes,07-05-2026
Maharashtra,Nashik,Lasalgaon(Niphad) APMC,Cereals,Wheat,Maharashtra 2189,Non-FAQ,"1,800.00","2,499.00","2,120.00",Rs./Quintal,125.20,Metric Tonnes,07-04-2026
Maharashtra,Nashik,Lasalgaon(Niphad) APMC,Cereals,Wheat,Maharashtra 2189,FAQ,"2,451.00","2,460.00","2,451.00",Rs./Quintal,1.00,Metric Tonnes,07-03-2026
Maharashtra,Nashik,Lasalgaon(Niphad) APMC,Cereals,Wheat,Maharashtra 2189,Non-FAQ,"2,199.00","2,199.00","2,199.00",Rs./Quintal,0.70,Metric Tonnes,07-03-2026
Maharashtra,Nashik,Lasalgaon(Niphad) APMC,Cereals,Wheat,Maharashtra 2189,FAQ,"2,500.00","2,721.00","2,680.00",Rs./Quintal,2.20,Metric Tonnes,07-02-2026
Maharashtra,Nashik,Lasalgaon(Niphad) APMC,Cereals,Wheat,Maharashtra 2189,FAQ,"2,691.00","2,691.00","2,691.00",Rs./Quintal,0.40,Metric Tonnes,07-01-2026
Maharashtra,Nashik,Lasalgaon(Niphad) APMC,Cereals,Wheat,Maharashtra 2189,FAQ,"2,551.00","2,760.00","2,560.00",Rs./Quintal,1.90,Metric Tonnes,06-12-2025
Maharashtra,Nashik,Lasalgaon(Niphad) APMC,Cereals,Wheat,Maharashtra 2189,FAQ,"2,680.00","2,749.00","2,710.00",Rs./Quintal,11.20,Metric Tonnes,06-08-2026
Maharashtra,Nashik,Lasalgaon(Niphad) APMC,Cereals,Wheat,Maharashtra 2189,FAQ,"2,588.00","2,651.00","2,600.00",Rs./Quintal,2.10,Metric Tonnes,06-07-2026
Maharashtra,Nashik,Lasalgaon(Niphad) APMC,Cereals,Wheat,Maharashtra 2189,Non-FAQ,"2,400.00","2,400.00","2,400.00",Rs./Quintal,0.30,Metric Tonnes,06-07-2026
Maharashtra,Nashik,Lasalgaon(Niphad) APMC,Cereals,Wheat,Maharashtra 2189,Non-FAQ,"1,999.00","2,351.00","2,311.00",Rs./Quintal,7.70,Metric Tonnes,06-06-2026
Maharashtra,Nashik,Lasalgaon(Niphad) APMC,Cereals,Wheat,Maharashtra 2189,Non-FAQ,"2,311.00","2,395.00","2,370.00",Rs./Quintal,16.00,Metric Tonnes,06-05-2026
Maharashtra,Nashik,Lasalgaon(Niphad) APMC,Cereals,Wheat,Maharashtra 2189,FAQ,"2,600.00","2,600.00","2,600.00",Rs./Quintal,40.00,Metric Tonnes,06-04-2026
Maharashtra,Nashik,Lasalgaon(Niphad) APMC,Cereals,Wheat,Maharashtra 2189,Non-FAQ,"2,026.00","2,125.00","2,125.00",Rs./Quintal,34.50,Metric Tonnes,06-04-2026
Maharashtra,Nashik,Lasalgaon(Niphad) APMC,Cereals,Wheat,Maharashtra 2189,Non-FAQ,"2,000.00","2,350.00","2,200.00",Rs./Quintal,1.10,Metric Tonnes,06-03-2026
Maharashtra,Nashik,Lasalgaon(Niphad) APMC,Cereals,Wheat,Maharashtra 2189,FAQ,"2,581.00","2,581.00","2,581.00",Rs./Quintal,0.40,Metric Tonnes,06-02-2026
Maharashtra,Nashik,Lasalgaon(Niphad) APMC,Cereals,Wheat,Maharashtra 2189,FAQ,"2,681.00","2,681.00","2,681.00",Rs./Quintal,1.60,Metric Tonnes,06-01-2026
Maharashtra,Nashik,Lasalgaon(Niphad) APMC,Cereals,Wheat,Maharashtra 2189,FAQ,"2,592.00","2,781.00","2,592.00",Rs./Quintal,0.70,Metric Tonnes,05-12-2025
Maharashtra,Nashik,Lasalgaon(Niphad) APMC,Cereals,Wheat,Maharashtra 2189,FAQ,"2,600.00","2,746.00","2,700.00",Rs./Quintal,11.60,Metric Tonnes,05-08-2026
Maharashtra,Nashik,Lasalgaon(Niphad) APMC,Cereals,Wheat,Maharashtra 2189,Non-FAQ,"1,801.00","2,351.00","2,311.00",Rs./Quintal,12.40,Metric Tonnes,05-06-2026
Maharashtra,Nashik,Lasalgaon(Niphad) APMC,Cereals,Wheat,Maharashtra 2189,Non-FAQ,"2,100.00","2,454.00","2,411.00",Rs./Quintal,16.10,Metric Tonnes,05-05-2026
Maharashtra,Nashik,Lasalgaon(Niphad) APMC,Cereals,Wheat,Maharashtra 2189,Non-FAQ,"2,251.00","2,375.00","2,311.00",Rs./Quintal,0.90,Metric Tonnes,05-03-2026
Maharashtra,Nashik,Lasalgaon(Niphad) APMC,Cereals,Wheat,Maharashtra 2189,FAQ,"2,550.00","2,761.00","2,591.00",Rs./Quintal,1.70,Metric Tonnes,05-02-2026
Maharashtra,Nashik,Lasalgaon(Niphad) APMC,Cereals,Wheat,Maharashtra 2189,FAQ,"2,615.00","2,751.00","2,641.00",Rs./Quintal,3.40,Metric Tonnes,05-01-2026
Maharashtra,Nashik,Lasalgaon(Niphad) APMC,Cereals,Wheat,Maharashtra 2189,FAQ,"2,500.00","2,781.00","2,650.00",Rs./Quintal,1.60,Metric Tonnes,04-12-2025
Maharashtra,Nashik,Lasalgaon(Niphad) APMC,Cereals,Wheat,Maharashtra 2189,FAQ,"2,677.00","2,755.00","2,700.00",Rs./Quintal,11.30,Metric Tonnes,04-08-2026
Maharashtra,Nashik,Lasalgaon(Niphad) APMC,Cereals,Wheat,Maharashtra 2189,FAQ,"2,590.00","2,620.00","2,601.00",Rs./Quintal,3.70,Metric Tonnes,04-07-2026
Maharashtra,Nashik,Lasalgaon(Niphad) APMC,Cereals,Wheat,Maharashtra 2189,Non-FAQ,"2,500.00","2,561.00","2,561.00",Rs./Quintal,0.70,Metric Tonnes,04-07-2026
Maharashtra,Nashik,Lasalgaon(Niphad) APMC,Cereals,Wheat,Maharashtra 2189,Non-FAQ,"2,100.00","2,381.00","2,330.00",Rs./Quintal,15.90,Metric Tonnes,04-06-2026
Maharashtra,Nashik,Lasalgaon(Niphad) APMC,Cereals,Wheat,Maharashtra 2189,Non-FAQ,"2,181.00","2,500.00","2,400.00",Rs./Quintal,24.00,Metric Tonnes,04-05-2026
Maharashtra,Nashik,Lasalgaon(Niphad) APMC,Cereals,Wheat,Maharashtra 2189,Non-FAQ,"2,200.00","2,421.00","2,371.00",Rs./Quintal,2.40,Metric Tonnes,04-03-2026
Maharashtra,Nashik,Lasalgaon(Niphad) APMC,Cereals,Wheat,Maharashtra 2189,FAQ,"2,561.00","2,681.00","2,590.00",Rs./Quintal,3.20,Metric Tonnes,04-02-2026
Maharashtra,Nashik,Lasalgaon(Niphad) APMC,Cereals,Wheat,Maharashtra 2189,FAQ,"2,475.00","2,730.00","2,580.00",Rs./Quintal,2.40,Metric Tonnes,03-12-2025
Maharashtra,Nashik,Lasalgaon(Niphad) APMC,Cereals,Wheat,Maharashtra 2189,FAQ,"2,675.00","2,723.00","2,700.00",Rs./Quintal,10.80,Metric Tonnes,03-08-2026
Maharashtra,Nashik,Lasalgaon(Niphad) APMC,Cereals,Wheat,Maharashtra 2189,FAQ,"2,591.00","2,615.00","2,600.00",Rs./Quintal,4.50,Metric Tonnes,03-07-2026
Maharashtra,Nashik,Lasalgaon(Niphad) APMC,Cereals,Wheat,Maharashtra 2189,Non-FAQ,"2,111.00","2,340.00","2,311.00",Rs./Quintal,13.40,Metric Tonnes,03-06-2026
Maharashtra,Nashik,Lasalgaon(Niphad) APMC,Cereals,Wheat,Maharashtra 2189,FAQ,"2,661.00","2,675.00","2,661.00",Rs./Quintal,3.50,Metric Tonnes,03-02-2026
Maharashtra,Nashik,Lasalgaon(Niphad) APMC,Cereals,Wheat,Maharashtra 2189,FAQ,"2,676.00","2,850.00","2,751.00",Rs./Quintal,1.20,Metric Tonnes,03-01-2026
Maharashtra,Nashik,Lasalgaon(Niphad) APMC,Cereals,Wheat,Maharashtra 2189,FAQ,"2,581.00","2,720.00","2,643.00",Rs./Quintal,1.90,Metric Tonnes,02-12-2025
Maharashtra,Nashik,Lasalgaon(Niphad) APMC,Cereals,Wheat,Maharashtra 2189,FAQ,"2,591.00","2,615.00","2,601.00",Rs./Quintal,3.80,Metric Tonnes,02-07-2026
Maharashtra,Nashik,Lasalgaon(Niphad) APMC,Cereals,Wheat,Maharashtra 2189,Non-FAQ,"2,401.00","2,534.00","2,401.00",Rs./Quintal,0.20,Metric Tonnes,02-07-2026
Maharashtra,Nashik,Lasalgaon(Niphad) APMC,Cereals,Wheat,Maharashtra 2189,Non-FAQ,"2,100.00","2,400.00","2,350.00",Rs./Quintal,22.50,Metric Tonnes,02-06-2026
Maharashtra,Nashik,Lasalgaon(Niphad) APMC,Cereals,Wheat,Maharashtra 2189,Non-FAQ,"2,160.00","2,412.00","2,381.00",Rs./Quintal,33.40,Metric Tonnes,02-05-2026
Maharashtra,Nashik,Lasalgaon(Niphad) APMC,Cereals,Wheat,Maharashtra 2189,FAQ,"2,611.00","2,611.00","2,611.00",Rs./Quintal,6.10,Metric Tonnes,02-04-2026
Maharashtra,Nashik,Lasalgaon(Niphad) APMC,Cereals,Wheat,Maharashtra 2189,Non-FAQ,"1,800.00","2,165.00","2,165.00",Rs./Quintal,50.00,Metric Tonnes,02-04-2026
Maharashtra,Nashik,Lasalgaon(Niphad) APMC,Cereals,Wheat,Maharashtra 2189,FAQ,"2,450.00","2,571.00","2,450.00",Rs./Quintal,2.00,Metric Tonnes,02-03-2026
Maharashtra,Nashik,Lasalgaon(Niphad) APMC,Cereals,Wheat,Maharashtra 2189,Non-FAQ,"2,100.00","2,100.00","2,100.00",Rs./Quintal,0.40,Metric Tonnes,02-03-2026
Maharashtra,Nashik,Lasalgaon(Niphad) APMC,Cereals,Wheat,Maharashtra 2189,FAQ,"2,526.00","2,700.00","2,590.00",Rs./Quintal,0.70,Metric Tonnes,02-02-2026
Maharashtra,Nashik,Lasalgaon(Niphad) APMC,Cereals,Wheat,Maharashtra 2189,FAQ,"2,600.00","2,800.00","2,620.00",Rs./Quintal,2.60,Metric Tonnes,02-01-2026
Maharashtra,Nashik,Lasalgaon(Niphad) APMC,Cereals,Wheat,Maharashtra 2189,FAQ,"2,624.00","2,780.00","2,624.00",Rs./Quintal,2.00,Metric Tonnes,01-12-2025
Maharashtra,Nashik,Lasalgaon(Niphad) APMC,Cereals,Wheat,Maharashtra 2189,Non-FAQ,"2,350.00","2,350.00","2,350.00",Rs./Quintal,0.20,Metric Tonnes,01-12-2025
Maharashtra,Nashik,Lasalgaon(Niphad) APMC,Cereals,Wheat,Maharashtra 2189,FAQ,"2,681.00","2,701.00","2,691.00",Rs./Quintal,3.80,Metric Tonnes,01-08-2026
Maharashtra,Nashik,Lasalgaon(Niphad) APMC,Cereals,Wheat,Maharashtra 2189,FAQ,"2,599.00","2,626.00","2,600.00",Rs./Quintal,1.30,Metric Tonnes,01-07-2026
Maharashtra,Nashik,Lasalgaon(Niphad) APMC,Cereals,Wheat,Maharashtra 2189,Non-FAQ,"2,528.00","2,574.00","2,560.00",Rs./Quintal,10.00,Metric Tonnes,01-07-2026
Maharashtra,Nashik,Lasalgaon(Niphad) APMC,Cereals,Wheat,Maharashtra 2189,Non-FAQ,"1,900.00","2,412.00","2,360.00",Rs./Quintal,26.70,Metric Tonnes,01-06-2026
Maharashtra,Nashik,Lasalgaon(Niphad) APMC,Cereals,Wheat,Maharashtra 2189,FAQ,"2,602.00","2,651.00","2,625.00",Rs./Quintal,1.30,Metric Tonnes,01-01-2026
Maharashtra,Nashik,Lasalgaon(Vinchur) APMC,Cereals,Wheat,Other,Non-FAQ,"2,481.00","2,576.00","2,550.00",Rs./Quintal,15.00,Metric Tonnes,29-06-2026
Maharashtra,Nashik,Lasalgaon(Vinchur) APMC,Cereals,Wheat,Other,Non-FAQ,"2,000.00","2,472.00","2,350.00",Rs./Quintal,69.00,Metric Tonnes,29-05-2026
Maharashtra,Nashik,Lasalgaon(Vinchur) APMC,Cereals,Wheat,Other,Non-FAQ,"2,300.00","2,455.00","2,350.00",Rs./Quintal,97.50,Metric Tonnes,29-04-2026
Maharashtra,Nashik,Lasalgaon(Vinchur) APMC,Cereals,Wheat,Other,Non-FAQ,"2,000.00","2,450.00","2,300.00",Rs./Quintal,94.50,Metric Tonnes,28-04-2026
Maharashtra,Nashik,Lasalgaon(Vinchur) APMC,Cereals,Wheat,Other,Non-FAQ,"2,000.00","2,525.00","2,350.00",Rs./Quintal,39.00,Metric Tonnes,27-05-2026
Maharashtra,Nashik,Lasalgaon(Vinchur) APMC,Cereals,Wheat,Other,Non-FAQ,"2,000.00","2,441.00","2,300.00",Rs./Quintal,105.60,Metric Tonnes,27-04-2026
Maharashtra,Nashik,Lasalgaon(Vinchur) APMC,Cereals,Wheat,Other,Non-FAQ,"2,150.00","2,480.00","2,350.00",Rs./Quintal,28.00,Metric Tonnes,26-05-2026
Maharashtra,Nashik,Lasalgaon(Vinchur) APMC,Cereals,Wheat,Other,Non-FAQ,"2,400.00","2,576.00","2,500.00",Rs./Quintal,11.90,Metric Tonnes,25-06-2026
Maharashtra,Nashik,Lasalgaon(Vinchur) APMC,Cereals,Wheat,Other,Non-FAQ,"2,150.00","2,475.00","2,350.00",Rs./Quintal,42.00,Metric Tonnes,25-05-2026
Maharashtra,Nashik,Lasalgaon(Vinchur) APMC,Cereals,Wheat,Other,Non-FAQ,"2,350.00","2,570.00","2,525.00",Rs./Quintal,6.70,Metric Tonnes,24-06-2026
Maharashtra,Nashik,Lasalgaon(Vinchur) APMC,Cereals,Wheat,Other,Non-FAQ,"2,000.00","2,451.00","2,300.00",Rs./Quintal,133.50,Metric Tonnes,24-04-2026
Maharashtra,Nashik,Lasalgaon(Vinchur) APMC,Cereals,Wheat,Other,Non-FAQ,"2,100.00","2,400.00","2,250.00",Rs./Quintal,401.60,Metric Tonnes,24-03-2026
Maharashtra,Nashik,Lasalgaon(Vinchur) APMC,Cereals,Wheat,Other,Non-FAQ,"2,000.00","2,463.00","2,250.00",Rs./Quintal,88.80,Metric Tonnes,23-04-2026
Maharashtra,Nashik,Lasalgaon(Vinchur) APMC,Cereals,Wheat,Other,Non-FAQ,"2,150.00","2,500.00","2,411.00",Rs./Quintal,49.50,Metric Tonnes,22-05-2026
Maharashtra,Nashik,Lasalgaon(Vinchur) APMC,Cereals,Wheat,Other,Non-FAQ,"2,000.00","2,400.00","2,275.00",Rs./Quintal,216.00,Metric Tonnes,20-04-2026
Maharashtra,Nashik,Lasalgaon(Vinchur) APMC,Cereals,Wheat,Other,Non-FAQ,"2,251.00","2,445.00","2,350.00",Rs./Quintal,7.50,Metric Tonnes,19-06-2026
Maharashtra,Nashik,Lasalgaon(Vinchur) APMC,Cereals,Wheat,Other,Non-FAQ,"2,300.00","2,426.00","2,350.00",Rs./Quintal,45.00,Metric Tonnes,19-05-2026
Maharashtra,Nashik,Lasalgaon(Vinchur) APMC,Cereals,Wheat,Other,Non-FAQ,"2,300.00","2,401.00","2,370.00",Rs./Quintal,43.20,Metric Tonnes,18-05-2026
Maharashtra,Nashik,Lasalgaon(Vinchur) APMC,Cereals,Wheat,Other,FAQ,"2,585.00","2,700.00","2,625.00",Rs./Quintal,13.10,Metric Tonnes,17-07-2026
Maharashtra,Nashik,Lasalgaon(Vinchur) APMC,Cereals,Wheat,Other,Non-FAQ,"2,300.00","2,412.00","2,375.00",Rs./Quintal,20.00,Metric Tonnes,17-06-2026
Maharashtra,Nashik,Lasalgaon(Vinchur) APMC,Cereals,Wheat,Other,Non-FAQ,"2,000.00","2,500.00","2,300.00",Rs./Quintal,232.50,Metric Tonnes,17-04-2026
Maharashtra,Nashik,Lasalgaon(Vinchur) APMC,Cereals,Wheat,Other,Non-FAQ,"2,300.00","2,412.00","2,350.00",Rs./Quintal,10.80,Metric Tonnes,16-06-2026
Maharashtra,Nashik,Lasalgaon(Vinchur) APMC,Cereals,Wheat,Other,Non-FAQ,"2,000.00","2,516.00","2,300.00",Rs./Quintal,240.00,Metric Tonnes,16-04-2026
Maharashtra,Nashik,Lasalgaon(Vinchur) APMC,Cereals,Wheat,Other,Non-FAQ,"2,200.00","2,388.00","2,300.00",Rs./Quintal,11.40,Metric Tonnes,15-06-2026
Maharashtra,Nashik,Lasalgaon(Vinchur) APMC,Cereals,Wheat,Other,Non-FAQ,"2,100.00","2,400.00","2,350.00",Rs./Quintal,73.20,Metric Tonnes,15-05-2026
Maharashtra,Nashik,Lasalgaon(Vinchur) APMC,Cereals,Wheat,Other,Non-FAQ,"2,000.00","2,506.00","2,275.00",Rs./Quintal,247.00,Metric Tonnes,15-04-2026
Maharashtra,Nashik,Lasalgaon(Vinchur) APMC,Cereals,Wheat,Other,Non-FAQ,"2,280.00","2,400.00","2,350.00",Rs./Quintal,15.50,Metric Tonnes,13-05-2026
Maharashtra,Nashik,Lasalgaon(Vinchur) APMC,Cereals,Wheat,Other,Non-FAQ,"2,000.00","2,460.00","2,275.00",Rs./Quintal,286.70,Metric Tonnes,13-04-2026
Maharashtra,Nashik,Lasalgaon(Vinchur) APMC,Cereals,Wheat,Other,Non-FAQ,"2,300.00","2,411.00","2,350.00",Rs./Quintal,12.50,Metric Tonnes,12-06-2026
Maharashtra,Nashik,Lasalgaon(Vinchur) APMC,Cereals,Wheat,Other,Non-FAQ,"2,000.00","2,381.00","2,350.00",Rs./Quintal,53.70,Metric Tonnes,12-05-2026
Maharashtra,Nashik,Lasalgaon(Vinchur) APMC,Cereals,Wheat,Other,Non-FAQ,"2,000.00","2,400.00","2,350.00",Rs./Quintal,39.00,Metric Tonnes,11-05-2026
Maharashtra,Nashik,Lasalgaon(Vinchur) APMC,Cereals,Wheat,Other,Non-FAQ,"2,000.00","2,500.00","2,250.00",Rs./Quintal,283.50,Metric Tonnes,10-04-2026
Maharashtra,Nashik,Lasalgaon(Vinchur) APMC,Cereals,Wheat,Other,Non-FAQ,"2,372.00","2,383.00","2,375.00",Rs./Quintal,2.00,Metric Tonnes,09-06-2026
Maharashtra,Nashik,Lasalgaon(Vinchur) APMC,Cereals,Wheat,Other,Non-FAQ,"2,000.00","2,500.00","2,250.00",Rs./Quintal,268.50,Metric Tonnes,09-04-2026
Maharashtra,Nashik,Lasalgaon(Vinchur) APMC,Cereals,Wheat,Other,Non-FAQ,"2,000.00","2,411.00","2,350.00",Rs./Quintal,76.70,Metric Tonnes,08-05-2026
Maharashtra,Nashik,Lasalgaon(Vinchur) APMC,Cereals,Wheat,Other,Non-FAQ,"2,000.00","2,525.00","2,275.00",Rs./Quintal,315.00,Metric Tonnes,08-04-2026
Maharashtra,Nashik,Lasalgaon(Vinchur) APMC,Cereals,Wheat,Other,Non-FAQ,"2,000.00","2,400.00","2,350.00",Rs./Quintal,60.00,Metric Tonnes,07-05-2026
Maharashtra,Nashik,Lasalgaon(Vinchur) APMC,Cereals,Wheat,Other,Non-FAQ,"2,000.00","2,501.00","2,300.00",Rs./Quintal,273.70,Metric Tonnes,07-04-2026
Maharashtra,Nashik,Lasalgaon(Vinchur) APMC,Cereals,Wheat,Other,Non-FAQ,"2,200.00","2,411.00","2,351.00",Rs./Quintal,36.00,Metric Tonnes,06-05-2026
Maharashtra,Nashik,Lasalgaon(Vinchur) APMC,Cereals,Wheat,Other,Non-FAQ,"2,000.00","2,550.00","2,300.00",Rs./Quintal,457.50,Metric Tonnes,06-04-2026
Maharashtra,Nashik,Lasalgaon(Vinchur) APMC,Cereals,Wheat,Other,Non-FAQ,"2,000.00","2,400.00","2,350.00",Rs./Quintal,24.50,Metric Tonnes,05-06-2026
Maharashtra,Nashik,Lasalgaon(Vinchur) APMC,Cereals,Wheat,Other,Non-FAQ,"2,000.00","2,450.00","2,370.00",Rs./Quintal,78.00,Metric Tonnes,05-05-2026
Maharashtra,Nashik,Lasalgaon(Vinchur) APMC,Cereals,Wheat,Other,Non-FAQ,"2,152.00","2,461.00","2,350.00",Rs./Quintal,111.00,Metric Tonnes,04-05-2026
Maharashtra,Nashik,Lasalgaon(Vinchur) APMC,Cereals,Wheat,Other,Non-FAQ,"2,200.00","2,465.00","2,350.00",Rs./Quintal,39.00,Metric Tonnes,02-06-2026
Maharashtra,Nashik,Lasalgaon(Vinchur) APMC,Cereals,Wheat,Other,Non-FAQ,"1,901.00","2,511.00","2,300.00",Rs./Quintal,236.40,Metric Tonnes,02-04-2026
Maharashtra,Nashik,Malegaon APMC,Cereals,Wheat,Other,FAQ,"2,425.00","2,800.00","2,600.00",Rs./Quintal,6.40,Metric Tonnes,31-12-2025
Maharashtra,Nashik,Malegaon APMC,Cereals,Wheat,Other,Non-FAQ,"2,000.00","2,423.00","2,415.00",Rs./Quintal,17.60,Metric Tonnes,31-01-2026
Maharashtra,Nashik,Malegaon APMC,Cereals,Wheat,Other,FAQ,"2,430.00","2,873.00","2,572.00",Rs./Quintal,8.30,Metric Tonnes,30-12-2025
Maharashtra,Nashik,Malegaon APMC,Cereals,Wheat,Other,Non-FAQ,"2,400.00","2,580.00","2,570.00",Rs./Quintal,12.30,Metric Tonnes,30-07-2026
Maharashtra,Nashik,Malegaon APMC,Cereals,Wheat,Other,Non-FAQ,"2,151.00","2,583.00","2,521.00",Rs./Quintal,17.20,Metric Tonnes,30-06-2026
Maharashtra,Nashik,Malegaon APMC,Cereals,Wheat,Other,Non-FAQ,"1,800.00","2,584.00","2,390.00",Rs./Quintal,22.60,Metric Tonnes,30-05-2026
Maharashtra,Nashik,Malegaon APMC,Cereals,Wheat,Other,Non-FAQ,"2,012.00","2,549.00","2,360.00",Rs./Quintal,11.00,Metric Tonnes,30-04-2026
Maharashtra,Nashik,Malegaon APMC,Cereals,Wheat,Other,FAQ,"2,436.00","2,906.00","2,600.00",Rs./Quintal,4.90,Metric Tonnes,29-12-2025
Maharashtra,Nashik,Malegaon APMC,Cereals,Wheat,Other,FAQ,"2,426.00","2,731.00","2,550.00",Rs./Quintal,19.00,Metric Tonnes,29-11-2025
Maharashtra,Nashik,Malegaon APMC,Cereals,Wheat,Other,FAQ,"2,586.00","2,774.00","2,607.00",Rs./Quintal,6.50,Metric Tonnes,29-07-2026
Maharashtra,Nashik,Malegaon APMC,Cereals,Wheat,Other,Non-FAQ,"1,700.00","2,582.00","2,525.00",Rs./Quintal,10.70,Metric Tonnes,29-06-2026
Maharashtra,Nashik,Malegaon APMC,Cereals,Wheat,Other,Non-FAQ,"2,092.00","2,584.00","2,580.00",Rs./Quintal,12.80,Metric Tonnes,28-07-2026
Maharashtra,Nashik,Malegaon APMC,Cereals,Wheat,Other,Non-FAQ,"1,000.00","2,506.00","2,337.00",Rs./Quintal,18.50,Metric Tonnes,28-04-2026
Maharashtra,Nashik,Malegaon APMC,Cereals,Wheat,Other,Non-FAQ,"1,701.00","2,500.00","2,190.00",Rs./Quintal,502.00,Metric Tonnes,28-03-2026
Maharashtra,Nashik,Malegaon APMC,Cereals,Wheat,Other,Non-FAQ,"2,030.00","2,423.00","2,313.00",Rs./Quintal,48.20,Metric Tonnes,28-02-2026
Maharashtra,Nashik,Malegaon APMC,Cereals,Wheat,Other,Non-FAQ,"2,125.00","2,423.00","2,418.00",Rs./Quintal,15.10,Metric Tonnes,28-01-2026
Maharashtra,Nashik,Malegaon APMC,Cereals,Wheat,Other,FAQ,"2,451.00","2,829.00","2,600.00",Rs./Quintal,13.30,Metric Tonnes,27-12-2025
Maharashtra,Nashik,Malegaon APMC,Cereals,Wheat,Other,Non-FAQ,"2,001.00","2,424.00","2,415.00",Rs./Quintal,15.40,Metric Tonnes,27-11-2025
Maharashtra,Nashik,Malegaon APMC,Cereals,Wheat,Other,Non-FAQ,"1,800.00","2,580.00","2,550.00",Rs./Quintal,21.60,Metric Tonnes,27-07-2026
Maharashtra,Nashik,Malegaon APMC,Cereals,Wheat,Other,Non-FAQ,"1,800.00","2,580.00","2,490.00",Rs./Quintal,15.50,Metric Tonnes,27-06-2026
Maharashtra,Nashik,Malegaon APMC,Cereals,Wheat,Other,Non-FAQ,"2,135.00","2,584.00","2,426.00",Rs./Quintal,11.50,Metric Tonnes,27-05-2026
Maharashtra,Nashik,Malegaon APMC,Cereals,Wheat,Other,Non-FAQ,"1,812.00","2,580.00","2,324.00",Rs./Quintal,44.10,Metric Tonnes,27-04-2026
Maharashtra,Nashik,Malegaon APMC,Cereals,Wheat,Other,Non-FAQ,"2,100.00","2,423.00","2,419.00",Rs./Quintal,6.50,Metric Tonnes,27-01-2026
Maharashtra,Nashik,Malegaon APMC,Cereals,Wheat,Other,Non-FAQ,"2,050.00","2,423.00","2,410.00",Rs./Quintal,11.80,Metric Tonnes,26-11-2025
Maharashtra,Nashik,Malegaon APMC,Cereals,Wheat,Other,Non-FAQ,"2,100.00","2,500.00","2,390.00",Rs./Quintal,23.80,Metric Tonnes,26-05-2026
Maharashtra,Nashik,Malegaon APMC,Cereals,Wheat,Other,Non-FAQ,"1,800.00","2,423.00","2,420.00",Rs./Quintal,25.00,Metric Tonnes,26-02-2026
Maharashtra,Nashik,Malegaon APMC,Cereals,Wheat,Other,FAQ,"2,426.00","2,891.00","2,500.00",Rs./Quintal,13.80,Metric Tonnes,25-11-2025
Maharashtra,Nashik,Malegaon APMC,Cereals,Wheat,Other,Non-FAQ,"1,751.00","2,580.00","2,476.00",Rs./Quintal,14.80,Metric Tonnes,25-06-2026
Maharashtra,Nashik,Malegaon APMC,Cereals,Wheat,Other,Non-FAQ,"2,000.00","2,580.00","2,435.00",Rs./Quintal,29.20,Metric Tonnes,25-05-2026
Maharashtra,Nashik,Malegaon APMC,Cereals,Wheat,Other,Non-FAQ,"1,000.00","2,578.00","2,358.00",Rs./Quintal,60.00,Metric Tonnes,25-04-2026
Maharashtra,Nashik,Malegaon APMC,Cereals,Wheat,Other,Non-FAQ,"1,201.00","2,423.00","2,175.00",Rs./Quintal,443.50,Metric Tonnes,25-03-2026
Maharashtra,Nashik,Malegaon APMC,Cereals,Wheat,Other,Non-FAQ,"2,000.00","2,423.00","2,415.00",Rs./Quintal,19.20,Metric Tonnes,25-02-2026
Maharashtra,Nashik,Malegaon APMC,Cereals,Wheat,Other,Non-FAQ,"2,375.00","2,415.00","2,410.00",Rs./Quintal,12.60,Metric Tonnes,24-12-2025
Maharashtra,Nashik,Malegaon APMC,Cereals,Wheat,Other,FAQ,"2,426.00","2,900.00","2,575.00",Rs./Quintal,12.40,Metric Tonnes,24-11-2025
Maharashtra,Nashik,Malegaon APMC,Cereals,Wheat,Other,Non-FAQ,"2,026.00","2,580.00","2,457.00",Rs./Quintal,12.00,Metric Tonnes,24-06-2026
Maharashtra,Nashik,Malegaon APMC,Cereals,Wheat,Other,Non-FAQ,"1,951.00","2,423.00","2,191.00",Rs./Quintal,460.90,Metric Tonnes,24-03-2026
Maharashtra,Nashik,Malegaon APMC,Cereals,Wheat,Other,Non-FAQ,"2,180.00","2,424.00","2,312.00",Rs./Quintal,20.90,Metric Tonnes,24-02-2026
Maharashtra,Nashik,Malegaon APMC,Cereals,Wheat,Other,Non-FAQ,"2,000.00","2,423.00","2,419.00",Rs./Quintal,14.60,Metric Tonnes,24-01-2026
Maharashtra,Nashik,Malegaon APMC,Cereals,Wheat,Other,FAQ,"2,525.00","2,916.00","2,585.00",Rs./Quintal,6.70,Metric Tonnes,23-12-2025
Maharashtra,Nashik,Malegaon APMC,Cereals,Wheat,Other,Non-FAQ,"2,511.00","2,580.00","2,570.00",Rs./Quintal,4.80,Metric Tonnes,23-07-2026
Maharashtra,Nashik,Malegaon APMC,Cereals,Wheat,Other,Non-FAQ,"2,026.00","2,580.00","2,441.00",Rs./Quintal,13.80,Metric Tonnes,23-06-2026
Maharashtra,Nashik,Malegaon APMC,Cereals,Wheat,Other,Non-FAQ,"2,050.00","2,580.00","2,411.00",Rs./Quintal,45.40,Metric Tonnes,23-05-2026
Maharashtra,Nashik,Malegaon APMC,Cereals,Wheat,Other,Non-FAQ,"1,200.00","2,582.00","2,350.00",Rs./Quintal,32.00,Metric Tonnes,23-04-2026
Maharashtra,Nashik,Malegaon APMC,Cereals,Wheat,Other,Non-FAQ,"2,001.00","2,415.00","2,191.00",Rs./Quintal,451.20,Metric Tonnes,23-03-2026
Maharashtra,Nashik,Malegaon APMC,Cereals,Wheat,Other,Non-FAQ,"1,901.00","2,422.00","2,351.00",Rs./Quintal,35.10,Metric Tonnes,23-02-2026
Maharashtra,Nashik,Malegaon APMC,Cereals,Wheat,Other,FAQ,"2,451.00","2,817.00","2,582.00",Rs./Quintal,4.90,Metric Tonnes,22-12-2025
Maharashtra,Nashik,Malegaon APMC,Cereals,Wheat,Other,Non-FAQ,"2,250.00","2,422.00","2,400.00",Rs./Quintal,17.40,Metric Tonnes,22-11-2025
Maharashtra,Nashik,Malegaon APMC,Cereals,Wheat,Other,Non-FAQ,"2,391.00","2,583.00","2,501.00",Rs./Quintal,4.90,Metric Tonnes,22-07-2026
Maharashtra,Nashik,Malegaon APMC,Cereals,Wheat,Other,Non-FAQ,"1,500.00","2,580.00","2,429.00",Rs./Quintal,10.50,Metric Tonnes,22-06-2026
Maharashtra,Nashik,Malegaon APMC,Cereals,Wheat,Other,Non-FAQ,"1,200.00","2,512.00","2,200.00",Rs./Quintal,32.00,Metric Tonnes,22-04-2026
Maharashtra,Nashik,Malegaon APMC,Cereals,Wheat,Other,Non-FAQ,"2,375.00","2,423.00","2,410.00",Rs./Quintal,10.90,Metric Tonnes,22-01-2026
Maharashtra,Nashik,Malegaon APMC,Cereals,Wheat,Other,Non-FAQ,"2,475.00","2,584.00","2,571.00",Rs./Quintal,6.00,Metric Tonnes,21-07-2026
Maharashtra,Nashik,Malegaon APMC,Cereals,Wheat,Other,Non-FAQ,"2,100.00","2,580.00","2,451.00",Rs./Quintal,30.70,Metric Tonnes,21-05-2026
Maharashtra,Nashik,Malegaon APMC,Cereals,Wheat,Other,Non-FAQ,"1,800.00","2,580.00","2,225.00",Rs./Quintal,26.00,Metric Tonnes,21-04-2026
Maharashtra,Nashik,Malegaon APMC,Cereals,Wheat,Other,Non-FAQ,"2,000.00","2,423.00","2,320.00",Rs./Quintal,46.20,Metric Tonnes,21-02-2026
Maharashtra,Nashik,Malegaon APMC,Cereals,Wheat,Other,Non-FAQ,"2,000.00","2,423.00","2,418.00",Rs./Quintal,7.00,Metric Tonnes,21-01-2026
Maharashtra,Nashik,Malegaon APMC,Cereals,Wheat,Other,Non-FAQ,"2,375.00","2,415.00","2,410.00",Rs./Quintal,16.50,Metric Tonnes,20-12-2025
Maharashtra,Nashik,Malegaon APMC,Cereals,Wheat,Other,FAQ,"2,586.00","2,714.00","2,635.00",Rs./Quintal,10.50,Metric Tonnes,20-08-2026
Maharashtra,Nashik,Malegaon APMC,Cereals,Wheat,Other,Non-FAQ,"1,800.00","2,584.00","2,576.00",Rs./Quintal,10.60,Metric Tonnes,20-07-2026
Maharashtra,Nashik,Malegaon APMC,Cereals,Wheat,Other,Non-FAQ,"1,601.00","2,583.00","2,401.00",Rs./Quintal,15.10,Metric Tonnes,20-06-2026
Maharashtra,Nashik,Malegaon APMC,Cereals,Wheat,Other,Non-FAQ,"2,150.00","2,580.00","2,400.00",Rs./Quintal,32.30,Metric Tonnes,20-05-2026
Maharashtra,Nashik,Malegaon APMC,Cereals,Wheat,Other,Non-FAQ,"1,000.00","2,582.00","2,290.00",Rs./Quintal,56.00,Metric Tonnes,20-04-2026
Maharashtra,Nashik,Malegaon APMC,Cereals,Wheat,Other,FAQ,"2,425.00","2,870.00","2,630.00",Rs./Quintal,6.60,Metric Tonnes,20-01-2026
Maharashtra,Nashik,Malegaon APMC,Cereals,Wheat,Other,Non-FAQ,"2,121.00","2,423.00","2,400.00",Rs./Quintal,13.50,Metric Tonnes,19-11-2025
Maharashtra,Nashik,Malegaon APMC,Cereals,Wheat,Other,FAQ,"2,586.00","2,941.00","2,651.00",Rs./Quintal,15.70,Metric Tonnes,19-08-2026
Maharashtra,Nashik,Malegaon APMC,Cereals,Wheat,Other,Non-FAQ,"1,900.00","2,584.00","2,315.00",Rs./Quintal,29.10,Metric Tonnes,19-05-2026
Maharashtra,Nashik,Malegaon APMC,Cereals,Wheat,Other,Non-FAQ,"2,000.00","2,423.00","2,420.00",Rs./Quintal,13.10,Metric Tonnes,19-01-2026
Maharashtra,Nashik,Malegaon APMC,Cereals,Wheat,Other,FAQ,"2,454.00","2,890.00","2,561.00",Rs./Quintal,6.80,Metric Tonnes,18-12-2025
Maharashtra,Nashik,Malegaon APMC,Cereals,Wheat,Other,Non-FAQ,"2,251.00","2,423.00","2,410.00",Rs./Quintal,13.40,Metric Tonnes,18-11-2025
Maharashtra,Nashik,Malegaon APMC,Cereals,Wheat,Other,FAQ,"2,587.00","3,080.00","2,626.00",Rs./Quintal,18.80,Metric Tonnes,18-08-2026
Maharashtra,Nashik,Malegaon APMC,Cereals,Wheat,Other,Non-FAQ,"2,150.00","2,583.00","2,575.00",Rs./Quintal,13.10,Metric Tonnes,18-07-2026
Maharashtra,Nashik,Malegaon APMC,Cereals,Wheat,Other,Non-FAQ,"1,835.00","2,580.00","2,400.00",Rs./Quintal,10.00,Metric Tonnes,18-06-2026
Maharashtra,Nashik,Malegaon APMC,Cereals,Wheat,Other,Non-FAQ,"2,051.00","2,584.00","2,334.00",Rs./Quintal,18.80,Metric Tonnes,18-05-2026
Maharashtra,Nashik,Malegaon APMC,Cereals,Wheat,Other,Non-FAQ,"1,800.00","2,551.00","2,300.00",Rs./Quintal,68.00,Metric Tonnes,18-04-2026
Maharashtra,Nashik,Malegaon APMC,Cereals,Wheat,Other,Non-FAQ,"2,000.00","2,423.00","2,375.00",Rs./Quintal,32.40,Metric Tonnes,18-02-2026
Maharashtra,Nashik,Malegaon APMC,Cereals,Wheat,Other,Non-FAQ,"2,125.00","2,420.00","2,410.00",Rs./Quintal,8.00,Metric Tonnes,17-12-2025
Maharashtra,Nashik,Malegaon APMC,Cereals,Wheat,Other,Non-FAQ,"2,000.00","2,423.00","2,415.00",Rs./Quintal,12.90,Metric Tonnes,17-11-2025
Maharashtra,Nashik,Malegaon APMC,Cereals,Wheat,Other,Non-FAQ,"2,201.00","2,580.00","2,570.00",Rs./Quintal,18.60,Metric Tonnes,17-08-2026
Maharashtra,Nashik,Malegaon APMC,Cereals,Wheat,Other,Non-FAQ,"2,000.00","2,580.00","2,424.00",Rs./Quintal,10.20,Metric Tonnes,17-06-2026
Maharashtra,Nashik,Malegaon APMC,Cereals,Wheat,Other,Non-FAQ,"1,851.00","2,391.00","2,192.00",Rs./Quintal,351.60,Metric Tonnes,17-03-2026
Maharashtra,Nashik,Malegaon APMC,Cereals,Wheat,Other,Non-FAQ,"1,911.00","2,423.00","2,420.00",Rs./Quintal,10.00,Metric Tonnes,17-01-2026
Maharashtra,Nashik,Malegaon APMC,Cereals,Wheat,Other,FAQ,"2,426.00","2,921.00","2,550.00",Rs./Quintal,8.30,Metric Tonnes,16-12-2025
Maharashtra,Nashik,Malegaon APMC,Cereals,Wheat,Other,Non-FAQ,"2,100.00","2,580.00","2,571.00",Rs./Quintal,18.30,Metric Tonnes,16-07-2026
Maharashtra,Nashik,Malegaon APMC,Cereals,Wheat,Other,Non-FAQ,"2,000.00","2,584.00","2,396.00",Rs./Quintal,18.90,Metric Tonnes,16-06-2026
Maharashtra,Nashik,Malegaon APMC,Cereals,Wheat,Other,Non-FAQ,"1,851.00","2,583.00","2,245.00",Rs./Quintal,72.40,Metric Tonnes,16-04-2026
Maharashtra,Nashik,Malegaon APMC,Cereals,Wheat,Other,Non-FAQ,"1,800.00","2,331.00","2,179.00",Rs./Quintal,277.20,Metric Tonnes,16-03-2026
Maharashtra,Nashik,Malegaon APMC,Cereals,Wheat,Other,Non-FAQ,"2,214.00","2,422.00","2,419.00",Rs./Quintal,16.90,Metric Tonnes,16-02-2026
Maharashtra,Nashik,Malegaon APMC,Cereals,Wheat,Other,FAQ,"2,450.00","2,831.00","2,525.00",Rs./Quintal,8.20,Metric Tonnes,15-12-2025
Maharashtra,Nashik,Malegaon APMC,Cereals,Wheat,Other,Non-FAQ,"1,621.00","2,423.00","2,422.00",Rs./Quintal,15.80,Metric Tonnes,15-11-2025
Maharashtra,Nashik,Malegaon APMC,Cereals,Wheat,Other,Non-FAQ,"2,100.00","2,583.00","2,580.00",Rs./Quintal,21.30,Metric Tonnes,15-07-2026
Maharashtra,Nashik,Malegaon APMC,Cereals,Wheat,Other,Non-FAQ,"2,002.00","2,515.00","2,226.00",Rs./Quintal,85.60,Metric Tonnes,15-04-2026
Maharashtra,Nashik,Malegaon APMC,Cereals,Wheat,Other,Non-FAQ,"1,951.00","2,551.00","2,151.00",Rs./Quintal,18.50,Metric Tonnes,14-05-2026
Maharashtra,Nashik,Malegaon APMC,Cereals,Wheat,Other,Non-FAQ,"1,901.00","2,271.00","2,174.00",Rs./Quintal,250.60,Metric Tonnes,14-03-2026
Maharashtra,Nashik,Malegaon APMC,Cereals,Wheat,Other,Non-FAQ,"2,200.00","2,423.00","2,410.00",Rs./Quintal,25.90,Metric Tonnes,14-02-2026
Maharashtra,Nashik,Malegaon APMC,Cereals,Wheat,Other,FAQ,"2,428.00","2,771.00","2,541.00",Rs./Quintal,10.40,Metric Tonnes,13-12-2025
Maharashtra,Nashik,Malegaon APMC,Cereals,Wheat,Other,FAQ,"2,426.00","2,776.00","2,525.00",Rs./Quintal,14.00,Metric Tonnes,13-11-2025
Maharashtra,Nashik,Malegaon APMC,Cereals,Wheat,Other,Non-FAQ,"1,851.00","2,580.00","2,575.00",Rs./Quintal,20.50,Metric Tonnes,13-08-2026
Maharashtra,Nashik,Malegaon APMC,Cereals,Wheat,Other,Non-FAQ,"2,081.00","2,584.00","2,561.00",Rs./Quintal,15.70,Metric Tonnes,13-07-2026
Maharashtra,Nashik,Malegaon APMC,Cereals,Wheat,Other,Non-FAQ,"1,501.00","2,506.00","2,356.00",Rs./Quintal,14.80,Metric Tonnes,13-06-2026
Maharashtra,Nashik,Malegaon APMC,Cereals,Wheat,Other,Non-FAQ,"1,851.00","2,506.00","2,151.00",Rs./Quintal,13.20,Metric Tonnes,13-05-2026
Maharashtra,Nashik,Malegaon APMC,Cereals,Wheat,Other,Non-FAQ,"1,851.00","2,580.00","2,200.00",Rs./Quintal,71.40,Metric Tonnes,13-04-2026
Maharashtra,Nashik,Malegaon APMC,Cereals,Wheat,Other,Non-FAQ,"2,200.00","2,423.00","2,410.00",Rs./Quintal,6.70,Metric Tonnes,13-01-2026
Maharashtra,Nashik,Malegaon APMC,Cereals,Wheat,Other,Non-FAQ,"1,400.00","2,402.00","2,290.00",Rs./Quintal,20.50,Metric Tonnes,12-05-2026
Maharashtra,Nashik,Malegaon APMC,Cereals,Wheat,Other,Non-FAQ,"1,901.00","2,316.00","2,180.00",Rs./Quintal,134.10,Metric Tonnes,12-03-2026
Maharashtra,Nashik,Malegaon APMC,Cereals,Wheat,Other,FAQ,"2,426.00","2,812.00","2,500.00",Rs./Quintal,11.10,Metric Tonnes,12-02-2026
Maharashtra,Nashik,Malegaon APMC,Cereals,Wheat,Other,FAQ,"2,425.00","3,039.00","2,680.00",Rs./Quintal,4.80,Metric Tonnes,12-01-2026
Maharashtra,Nashik,Malegaon APMC,Cereals,Wheat,Other,Non-FAQ,"2,341.00","2,420.00","2,415.00",Rs./Quintal,5.50,Metric Tonnes,11-12-2025
Maharashtra,Nashik,Malegaon APMC,Cereals,Wheat,Other,Non-FAQ,"2,300.00","2,423.00","2,417.00",Rs./Quintal,19.00,Metric Tonnes,11-11-2025
Maharashtra,Nashik,Malegaon APMC,Cereals,Wheat,Other,Non-FAQ,"2,400.00","2,584.00","2,577.00",Rs./Quintal,17.30,Metric Tonnes,11-08-2026
Maharashtra,Nashik,Malegaon APMC,Cereals,Wheat,Other,Non-FAQ,"2,351.00","2,580.00","2,557.00",Rs./Quintal,14.50,Metric Tonnes,11-07-2026
Maharashtra,Nashik,Malegaon APMC,Cereals,Wheat,Other,Non-FAQ,"1,600.00","2,575.00","2,451.00",Rs./Quintal,15.30,Metric Tonnes,11-06-2026
Maharashtra,Nashik,Malegaon APMC,Cereals,Wheat,Other,Non-FAQ,"1,951.00","2,560.00","2,364.00",Rs./Quintal,17.60,Metric Tonnes,11-05-2026
Maharashtra,Nashik,Malegaon APMC,Cereals,Wheat,Other,Non-FAQ,"1,899.00","2,560.00","2,225.00",Rs./Quintal,124.00,Metric Tonnes,11-04-2026
Maharashtra,Nashik,Malegaon APMC,Cereals,Wheat,Other,Non-FAQ,"1,957.00","2,331.00","2,174.00",Rs./Quintal,114.70,Metric Tonnes,11-03-2026
Maharashtra,Nashik,Malegaon APMC,Cereals,Wheat,Other,Non-FAQ,"2,200.00","2,420.00","2,415.00",Rs./Quintal,8.70,Metric Tonnes,11-02-2026
Maharashtra,Nashik,Malegaon APMC,Cereals,Wheat,Other,FAQ,"2,426.00","2,920.00","2,553.00",Rs./Quintal,14.60,Metric Tonnes,10-12-2025
Maharashtra,Nashik,Malegaon APMC,Cereals,Wheat,Other,Non-FAQ,"1,600.00","2,580.00","2,560.00",Rs./Quintal,27.70,Metric Tonnes,10-08-2026
Maharashtra,Nashik,Malegaon APMC,Cereals,Wheat,Other,Non-FAQ,"1,500.00","2,584.00","2,425.00",Rs./Quintal,21.20,Metric Tonnes,10-06-2026
Maharashtra,Nashik,Malegaon APMC,Cereals,Wheat,Other,Non-FAQ,"2,000.00","2,333.00","2,171.00",Rs./Quintal,120.60,Metric Tonnes,10-03-2026
Maharashtra,Nashik,Malegaon APMC,Cereals,Wheat,Other,Non-FAQ,"2,200.00","2,422.00","2,421.00",Rs./Quintal,11.80,Metric Tonnes,10-02-2026
Maharashtra,Nashik,Malegaon APMC,Cereals,Wheat,Other,Non-FAQ,"2,211.00","2,421.00","2,415.00",Rs./Quintal,14.50,Metric Tonnes,10-01-2026
Maharashtra,Nashik,Malegaon APMC,Cereals,Wheat,Other,Non-FAQ,"1,551.00","2,420.00","2,400.00",Rs./Quintal,17.20,Metric Tonnes,09-12-2025
Maharashtra,Nashik,Malegaon APMC,Cereals,Wheat,Other,Non-FAQ,"2,350.00","2,584.00","2,580.00",Rs./Quintal,17.20,Metric Tonnes,09-07-2026
Maharashtra,Nashik,Malegaon APMC,Cereals,Wheat,Other,Non-FAQ,"1,700.00","2,580.00","2,350.00",Rs./Quintal,32.10,Metric Tonnes,09-06-2026
Maharashtra,Nashik,Malegaon APMC,Cereals,Wheat,Other,Non-FAQ,"1,620.00","2,584.00","2,300.00",Rs./Quintal,31.00,Metric Tonnes,09-05-2026
Maharashtra,Nashik,Malegaon APMC,Cereals,Wheat,Other,Non-FAQ,"1,200.00","2,512.00","2,180.00",Rs./Quintal,138.50,Metric Tonnes,09-04-2026
Maharashtra,Nashik,Malegaon APMC,Cereals,Wheat,Other,Non-FAQ,"1,911.00","2,331.00","2,179.00",Rs./Quintal,111.20,Metric Tonnes,09-03-2026
Maharashtra,Nashik,Malegaon APMC,Cereals,Wheat,Other,Non-FAQ,"2,200.00","2,420.00","2,415.00",Rs./Quintal,10.50,Metric Tonnes,09-02-2026
Maharashtra,Nashik,Malegaon APMC,Cereals,Wheat,Other,FAQ,"2,472.00","2,851.00","2,591.00",Rs./Quintal,11.20,Metric Tonnes,08-12-2025
Maharashtra,Nashik,Malegaon APMC,Cereals,Wheat,Other,Non-FAQ,"1,800.00","2,580.00","2,560.00",Rs./Quintal,18.20,Metric Tonnes,08-08-2026
Maharashtra,Nashik,Malegaon APMC,Cereals,Wheat,Other,Non-FAQ,"2,501.00","2,581.00","2,575.00",Rs./Quintal,4.30,Metric Tonnes,08-07-2026
Maharashtra,Nashik,Malegaon APMC,Cereals,Wheat,Other,Non-FAQ,"2,050.00","2,570.00","2,362.00",Rs./Quintal,14.60,Metric Tonnes,08-06-2026
Maharashtra,Nashik,Malegaon APMC,Cereals,Wheat,Other,Non-FAQ,"1,901.00","2,580.00","2,200.00",Rs./Quintal,123.00,Metric Tonnes,08-04-2026
Maharashtra,Nashik,Malegaon APMC,Cereals,Wheat,Other,FAQ,"2,525.00","2,901.00","2,640.00",Rs./Quintal,6.90,Metric Tonnes,08-01-2026
Maharashtra,Nashik,Malegaon APMC,Cereals,Wheat,Other,Non-FAQ,"2,200.00","2,583.00","2,564.00",Rs./Quintal,6.70,Metric Tonnes,07-07-2026
Maharashtra,Nashik,Malegaon APMC,Cereals,Wheat,Other,Non-FAQ,"1,801.00","2,582.00","2,312.00",Rs./Quintal,20.90,Metric Tonnes,07-05-2026
Maharashtra,Nashik,Malegaon APMC,Cereals,Wheat,Other,Non-FAQ,"1,701.00","2,583.00","2,190.00",Rs./Quintal,130.70,Metric Tonnes,07-04-2026
Maharashtra,Nashik,Malegaon APMC,Cereals,Wheat,Other,Non-FAQ,"2,000.00","2,423.00","2,300.00",Rs./Quintal,120.50,Metric Tonnes,07-03-2026
Maharashtra,Nashik,Malegaon APMC,Cereals,Wheat,Other,Non-FAQ,"2,100.00","2,423.00","2,420.00",Rs./Quintal,10.60,Metric Tonnes,07-02-2026
Maharashtra,Nashik,Malegaon APMC,Cereals,Wheat,Other,FAQ,"2,581.00","2,896.00","2,712.00",Rs./Quintal,6.90,Metric Tonnes,07-01-2026
Maharashtra,Nashik,Malegaon APMC,Cereals,Wheat,Other,Non-FAQ,"2,301.00","2,582.00","2,578.00",Rs./Quintal,13.80,Metric Tonnes,06-08-2026
Maharashtra,Nashik,Malegaon APMC,Cereals,Wheat,Other,Non-FAQ,"2,361.00","2,573.00","2,500.00",Rs./Quintal,4.40,Metric Tonnes,06-07-2026
Maharashtra,Nashik,Malegaon APMC,Cereals,Wheat,Other,Non-FAQ,"1,951.00","2,584.00","2,370.00",Rs./Quintal,24.10,Metric Tonnes,06-06-2026
Maharashtra,Nashik,Malegaon APMC,Cereals,Wheat,Other,Non-FAQ,"1,851.00","2,554.00","2,340.00",Rs./Quintal,27.70,Metric Tonnes,06-05-2026
Maharashtra,Nashik,Malegaon APMC,Cereals,Wheat,Other,Non-FAQ,"1,201.00","2,583.00","2,201.00",Rs./Quintal,173.50,Metric Tonnes,06-04-2026
Maharashtra,Nashik,Malegaon APMC,Cereals,Wheat,Other,Non-FAQ,"1,751.00","2,423.00","2,410.00",Rs./Quintal,3.40,Metric Tonnes,06-01-2026
Maharashtra,Nashik,Malegaon APMC,Cereals,Wheat,Other,Non-FAQ,"2,100.00","2,580.00","2,578.00",Rs./Quintal,16.20,Metric Tonnes,05-08-2026
Maharashtra,Nashik,Malegaon APMC,Cereals,Wheat,Other,Non-FAQ,"1,875.00","2,583.00","2,351.00",Rs./Quintal,36.00,Metric Tonnes,05-05-2026
Maharashtra,Nashik,Malegaon APMC,Cereals,Wheat,Other,Non-FAQ,"1,925.00","2,347.00","2,181.00",Rs./Quintal,66.00,Metric Tonnes,05-03-2026
Maharashtra,Nashik,Malegaon APMC,Cereals,Wheat,Other,Non-FAQ,"2,100.00","2,420.00","2,418.00",Rs./Quintal,7.40,Metric Tonnes,05-02-2026
Maharashtra,Nashik,Malegaon APMC,Cereals,Wheat,Other,FAQ,"2,608.00","2,860.00","2,661.00",Rs./Quintal,9.30,Metric Tonnes,05-01-2026
Maharashtra,Nashik,Malegaon APMC,Cereals,Wheat,Other,FAQ,"2,426.00","2,839.00","2,545.00",Rs./Quintal,6.50,Metric Tonnes,04-12-2025
Maharashtra,Nashik,Malegaon APMC,Cereals,Wheat,Other,Non-FAQ,"1,851.00","2,582.00","2,570.00",Rs./Quintal,19.80,Metric Tonnes,04-08-2026
Maharashtra,Nashik,Malegaon APMC,Cereals,Wheat,Other,Non-FAQ,"2,351.00","2,584.00","2,530.00",Rs./Quintal,22.80,Metric Tonnes,04-07-2026
Maharashtra,Nashik,Malegaon APMC,Cereals,Wheat,Other,Non-FAQ,"1,751.00","2,561.00","2,400.00",Rs./Quintal,26.10,Metric Tonnes,04-06-2026
Maharashtra,Nashik,Malegaon APMC,Cereals,Wheat,Other,Non-FAQ,"1,900.00","2,580.00","2,361.00",Rs./Quintal,24.00,Metric Tonnes,04-05-2026
Maharashtra,Nashik,Malegaon APMC,Cereals,Wheat,Other,Non-FAQ,"1,781.00","2,584.00","2,191.00",Rs./Quintal,192.50,Metric Tonnes,04-04-2026
Maharashtra,Nashik,Malegaon APMC,Cereals,Wheat,Other,Non-FAQ,"2,000.00","2,412.00","2,251.00",Rs./Quintal,68.60,Metric Tonnes,04-03-2026
Maharashtra,Nashik,Malegaon APMC,Cereals,Wheat,Other,Non-FAQ,"2,100.00","2,421.00","2,420.00",Rs./Quintal,11.40,Metric Tonnes,04-02-2026
Maharashtra,Nashik,Malegaon APMC,Cereals,Wheat,Other,Non-FAQ,"2,111.00","2,423.00","2,415.00",Rs./Quintal,9.40,Metric Tonnes,03-12-2025
Maharashtra,Nashik,Malegaon APMC,Cereals,Wheat,Other,Non-FAQ,"2,521.00","2,580.00","2,560.00",Rs./Quintal,11.80,Metric Tonnes,03-08-2026
Maharashtra,Nashik,Malegaon APMC,Cereals,Wheat,Other,Non-FAQ,"1,941.00","2,501.00","2,340.00",Rs./Quintal,18.50,Metric Tonnes,03-06-2026
Maharashtra,Nashik,Malegaon APMC,Cereals,Wheat,Other,Non-FAQ,"2,000.00","2,423.00","2,415.00",Rs./Quintal,8.70,Metric Tonnes,03-02-2026
Maharashtra,Nashik,Malegaon APMC,Cereals,Wheat,Other,Non-FAQ,"2,000.00","2,420.00","2,410.00",Rs./Quintal,13.30,Metric Tonnes,03-01-2026
Maharashtra,Nashik,Malegaon APMC,Cereals,Wheat,Other,FAQ,"2,426.00","2,800.00","2,560.00",Rs./Quintal,10.20,Metric Tonnes,02-12-2025
Maharashtra,Nashik,Malegaon APMC,Cereals,Wheat,Other,Non-FAQ,"2,400.00","2,582.00","2,560.00",Rs./Quintal,14.40,Metric Tonnes,02-07-2026
Maharashtra,Nashik,Malegaon APMC,Cereals,Wheat,Other,Non-FAQ,"2,000.00","2,543.00","2,403.00",Rs./Quintal,18.60,Metric Tonnes,02-06-2026
Maharashtra,Nashik,Malegaon APMC,Cereals,Wheat,Other,Non-FAQ,"1,900.00","2,506.00","2,326.00",Rs./Quintal,44.50,Metric Tonnes,02-05-2026
Maharashtra,Nashik,Malegaon APMC,Cereals,Wheat,Other,Non-FAQ,"1,751.00","2,535.00","2,176.00",Rs./Quintal,265.00,Metric Tonnes,02-04-2026
Maharashtra,Nashik,Malegaon APMC,Cereals,Wheat,Other,Non-FAQ,"2,101.00","2,420.00","2,300.00",Rs./Quintal,23.80,Metric Tonnes,02-03-2026
Maharashtra,Nashik,Malegaon APMC,Cereals,Wheat,Other,Non-FAQ,"2,000.00","2,423.00","2,419.00",Rs./Quintal,11.70,Metric Tonnes,02-02-2026
Maharashtra,Nashik,Malegaon APMC,Cereals,Wheat,Other,Non-FAQ,"2,412.00","2,580.00","2,565.00",Rs./Quintal,18.90,Metric Tonnes,01-08-2026
Maharashtra,Nashik,Malegaon APMC,Cereals,Wheat,Other,Non-FAQ,"2,161.00","2,584.00","2,551.00",Rs./Quintal,10.10,Metric Tonnes,01-07-2026
Maharashtra,Nashik,Malegaon APMC,Cereals,Wheat,Other,Non-FAQ,"1,600.00","2,581.00","2,352.00",Rs./Quintal,27.60,Metric Tonnes,01-06-2026
Maharashtra,Nashik,Malegaon APMC,Cereals,Wheat,Other,FAQ,"2,570.00","3,000.00","2,606.00",Rs./Quintal,5.90,Metric Tonnes,01-01-2026
Maharashtra,Nashik,Manmad APMC,Cereals,Wheat,Other,FAQ,"2,425.00","2,640.00","2,552.00",Rs./Quintal,2.60,Metric Tonnes,31-12-2025
Maharashtra,Nashik,Manmad APMC,Cereals,Wheat,Other,FAQ,"2,623.00","2,623.00","2,623.00",Rs./Quintal,1.60,Metric Tonnes,31-07-2026
Maharashtra,Nashik,Manmad APMC,Cereals,Wheat,Other,FAQ,"2,470.00","2,790.00","2,561.00",Rs./Quintal,5.00,Metric Tonnes,30-12-2025
Maharashtra,Nashik,Manmad APMC,Cereals,Wheat,Other,FAQ,"2,585.00","2,800.00","2,630.00",Rs./Quintal,6.40,Metric Tonnes,30-07-2026
Maharashtra,Nashik,Manmad APMC,Cereals,Wheat,Other,Non-FAQ,"2,375.00","2,580.00","2,473.00",Rs./Quintal,4.40,Metric Tonnes,30-06-2026
Maharashtra,Nashik,Manmad APMC,Cereals,Wheat,Other,FAQ,"2,491.00","2,592.00","2,541.00",Rs./Quintal,6.30,Metric Tonnes,30-01-2026
Maharashtra,Nashik,Manmad APMC,Cereals,Wheat,Other,FAQ,"2,425.00","2,570.00","2,560.00",Rs./Quintal,3.90,Metric Tonnes,29-12-2025
Maharashtra,Nashik,Manmad APMC,Cereals,Wheat,Other,Non-FAQ,"2,375.00","2,584.00","2,473.00",Rs./Quintal,1.90,Metric Tonnes,29-06-2026
Maharashtra,Nashik,Manmad APMC,Cereals,Wheat,Other,Non-FAQ,"2,060.00","2,495.00","2,360.00",Rs./Quintal,4.70,Metric Tonnes,29-05-2026
Maharashtra,Nashik,Manmad APMC,Cereals,Wheat,Other,Non-FAQ,"2,294.00","2,508.00","2,400.00",Rs./Quintal,5.60,Metric Tonnes,29-04-2026
Maharashtra,Nashik,Manmad APMC,Cereals,Wheat,Other,FAQ,"2,425.00","2,546.00","2,535.00",Rs./Quintal,0.60,Metric Tonnes,29-01-2026
Maharashtra,Nashik,Manmad APMC,Cereals,Wheat,Other,FAQ,"2,425.00","2,852.00","2,512.00",Rs./Quintal,9.00,Metric Tonnes,28-11-2025
Maharashtra,Nashik,Manmad APMC,Cereals,Wheat,Other,Non-FAQ,"2,240.00","2,376.00","2,325.00",Rs./Quintal,5.10,Metric Tonnes,28-04-2026
Maharashtra,Nashik,Manmad APMC,Cereals,Wheat,Other,Non-FAQ,"2,020.00","2,512.00","2,202.00",Rs./Quintal,37.50,Metric Tonnes,28-03-2026
Maharashtra,Nashik,Manmad APMC,Cereals,Wheat,Other,FAQ,"2,500.00","2,775.00","2,536.00",Rs./Quintal,6.00,Metric Tonnes,28-01-2026
Maharashtra,Nashik,Manmad APMC,Cereals,Wheat,Other,FAQ,"2,425.00","2,585.00","2,508.00",Rs./Quintal,2.30,Metric Tonnes,27-11-2025
Maharashtra,Nashik,Manmad APMC,Cereals,Wheat,Other,Non-FAQ,"2,100.00","2,581.00","2,350.00",Rs./Quintal,11.70,Metric Tonnes,27-04-2026
Maharashtra,Nashik,Manmad APMC,Cereals,Wheat,Other,Non-FAQ,"2,215.00","2,424.00","2,391.00",Rs./Quintal,16.50,Metric Tonnes,27-02-2026
Maharashtra,Nashik,Manmad APMC,Cereals,Wheat,Other,FAQ,"2,477.00","2,813.00","2,554.00",Rs./Quintal,6.60,Metric Tonnes,26-12-2025
Maharashtra,Nashik,Manmad APMC,Cereals,Wheat,Other,FAQ,"2,425.00","2,620.00","2,515.00",Rs./Quintal,11.60,Metric Tonnes,26-11-2025
Maharashtra,Nashik,Manmad APMC,Cereals,Wheat,Other,Non-FAQ,"2,242.00","2,400.00","2,350.00",Rs./Quintal,6.00,Metric Tonnes,26-05-2026
Maharashtra,Nashik,Manmad APMC,Cereals,Wheat,Other,Non-FAQ,"2,225.00","2,381.00","2,381.00",Rs./Quintal,7.50,Metric Tonnes,26-02-2026
Maharashtra,Nashik,Manmad APMC,Cereals,Wheat,Other,FAQ,"2,425.00","2,770.00","2,543.00",Rs./Quintal,3.40,Metric Tonnes,25-12-2025
Maharashtra,Nashik,Manmad APMC,Cereals,Wheat,Other,FAQ,"2,425.00","2,657.00","2,520.00",Rs./Quintal,2.10,Metric Tonnes,25-11-2025
Maharashtra,Nashik,Manmad APMC,Cereals,Wheat,Other,Non-FAQ,"2,375.00","2,484.00","2,392.00",Rs./Quintal,2.60,Metric Tonnes,25-06-2026
Maharashtra,Nashik,Manmad APMC,Cereals,Wheat,Other,Non-FAQ,"2,292.00","2,490.00","2,362.00",Rs./Quintal,9.00,Metric Tonnes,25-05-2026
Maharashtra,Nashik,Manmad APMC,Cereals,Wheat,Other,FAQ,"2,425.00","2,773.00","2,518.00",Rs./Quintal,6.60,Metric Tonnes,24-11-2025
Maharashtra,Nashik,Manmad APMC,Cereals,Wheat,Other,Non-FAQ,"2,330.00","2,517.00","2,517.00",Rs./Quintal,0.80,Metric Tonnes,24-06-2026
Maharashtra,Nashik,Manmad APMC,Cereals,Wheat,Other,Non-FAQ,"2,280.00","2,446.00","2,350.00",Rs./Quintal,6.50,Metric Tonnes,24-04-2026
Maharashtra,Nashik,Manmad APMC,Cereals,Wheat,Other,Non-FAQ,"2,210.00","2,384.00","2,297.00",Rs./Quintal,4.90,Metric Tonnes,24-02-2026
Maharashtra,Nashik,Manmad APMC,Cereals,Wheat,Other,FAQ,"2,425.00","2,823.00","2,515.00",Rs./Quintal,3.50,Metric Tonnes,23-12-2025
Maharashtra,Nashik,Manmad APMC,Cereals,Wheat,Other,Non-FAQ,"2,540.00","2,570.00","2,550.00",Rs./Quintal,0.30,Metric Tonnes,23-07-2026
Maharashtra,Nashik,Manmad APMC,Cereals,Wheat,Other,Non-FAQ,"2,300.00","2,401.00","2,401.00",Rs./Quintal,0.50,Metric Tonnes,23-06-2026
Maharashtra,Nashik,Manmad APMC,Cereals,Wheat,Other,Non-FAQ,"1,872.00","2,450.00","2,300.00",Rs./Quintal,6.50,Metric Tonnes,23-04-2026
Maharashtra,Nashik,Manmad APMC,Cereals,Wheat,Other,Non-FAQ,"2,000.00","2,400.00","2,150.00",Rs./Quintal,38.90,Metric Tonnes,23-03-2026
Maharashtra,Nashik,Manmad APMC,Cereals,Wheat,Other,FAQ,"2,425.00","2,621.00","2,425.00",Rs./Quintal,9.00,Metric Tonnes,23-02-2026
Maharashtra,Nashik,Manmad APMC,Cereals,Wheat,Other,FAQ,"2,570.00","2,734.00","2,583.00",Rs./Quintal,3.90,Metric Tonnes,23-01-2026
Maharashtra,Nashik,Manmad APMC,Cereals,Wheat,Other,FAQ,"2,425.00","2,543.00","2,525.00",Rs./Quintal,1.50,Metric Tonnes,22-12-2025
Maharashtra,Nashik,Manmad APMC,Cereals,Wheat,Other,Non-FAQ,"2,560.00","2,560.00","2,560.00",Rs./Quintal,1.00,Metric Tonnes,22-07-2026
Maharashtra,Nashik,Manmad APMC,Cereals,Wheat,Other,Non-FAQ,"2,282.00","2,541.00","2,350.00",Rs./Quintal,5.90,Metric Tonnes,22-06-2026
Maharashtra,Nashik,Manmad APMC,Cereals,Wheat,Other,Non-FAQ,"2,040.00","2,475.00","2,360.00",Rs./Quintal,6.20,Metric Tonnes,22-05-2026
Maharashtra,Nashik,Manmad APMC,Cereals,Wheat,Other,Non-FAQ,"2,100.00","2,399.00","2,270.00",Rs./Quintal,11.00,Metric Tonnes,22-04-2026
Maharashtra,Nashik,Manmad APMC,Cereals,Wheat,Other,FAQ,"2,525.00","2,591.00","2,586.00",Rs./Quintal,0.40,Metric Tonnes,22-01-2026
Maharashtra,Nashik,Manmad APMC,Cereals,Wheat,Other,FAQ,"2,425.00","2,582.00","2,504.00",Rs./Quintal,3.70,Metric Tonnes,21-11-2025
Maharashtra,Nashik,Manmad APMC,Cereals,Wheat,Other,Non-FAQ,"1,761.00","2,431.00","2,372.00",Rs./Quintal,9.40,Metric Tonnes,21-05-2026
Maharashtra,Nashik,Manmad APMC,Cereals,Wheat,Other,Non-FAQ,"2,060.00","2,519.00","2,519.00",Rs./Quintal,4.70,Metric Tonnes,21-04-2026
Maharashtra,Nashik,Manmad APMC,Cereals,Wheat,Other,FAQ,"2,425.00","2,852.00","2,586.00",Rs./Quintal,2.30,Metric Tonnes,21-01-2026
Maharashtra,Nashik,Manmad APMC,Cereals,Wheat,Other,Non-FAQ,"2,475.00","2,584.00","2,475.00",Rs./Quintal,2.20,Metric Tonnes,20-08-2026
Maharashtra,Nashik,Manmad APMC,Cereals,Wheat,Other,Non-FAQ,"2,400.00","2,572.00","2,486.00",Rs./Quintal,0.40,Metric Tonnes,20-07-2026
Maharashtra,Nashik,Manmad APMC,Cereals,Wheat,Other,Non-FAQ,"2,252.00","2,481.00","2,352.00",Rs./Quintal,8.80,Metric Tonnes,20-05-2026
Maharashtra,Nashik,Manmad APMC,Cereals,Wheat,Other,Non-FAQ,"2,120.00","2,495.00","2,230.00",Rs./Quintal,15.30,Metric Tonnes,20-04-2026
Maharashtra,Nashik,Manmad APMC,Cereals,Wheat,Other,FAQ,"2,425.00","2,601.00","2,460.00",Rs./Quintal,13.90,Metric Tonnes,20-02-2026
Maharashtra,Nashik,Manmad APMC,Cereals,Wheat,Other,FAQ,"2,494.00","9,699.00","2,509.00",Rs./Quintal,2.90,Metric Tonnes,19-12-2025
Maharashtra,Nashik,Manmad APMC,Cereals,Wheat,Other,Non-FAQ,"2,490.00","2,584.00","2,490.00",Rs./Quintal,2.20,Metric Tonnes,19-08-2026
Maharashtra,Nashik,Manmad APMC,Cereals,Wheat,Other,Non-FAQ,"1,701.00","2,480.00","2,353.00",Rs./Quintal,5.50,Metric Tonnes,19-05-2026
Maharashtra,Nashik,Manmad APMC,Cereals,Wheat,Other,Non-FAQ,"2,050.00","2,424.00","2,400.00",Rs./Quintal,26.20,Metric Tonnes,19-03-2026
Maharashtra,Nashik,Manmad APMC,Cereals,Wheat,Other,FAQ,"2,425.00","2,560.00","2,507.00",Rs./Quintal,3.90,Metric Tonnes,18-12-2025
Maharashtra,Nashik,Manmad APMC,Cereals,Wheat,Other,FAQ,"2,425.00","2,881.00","2,508.00",Rs./Quintal,5.60,Metric Tonnes,18-11-2025
Maharashtra,Nashik,Manmad APMC,Cereals,Wheat,Other,Non-FAQ,"2,570.00","2,584.00","2,570.00",Rs./Quintal,2.30,Metric Tonnes,18-08-2026
Maharashtra,Nashik,Manmad APMC,Cereals,Wheat,Other,Non-FAQ,"2,262.00","2,460.00","2,330.00",Rs./Quintal,0.80,Metric Tonnes,18-06-2026
Maharashtra,Nashik,Manmad APMC,Cereals,Wheat,Other,Non-FAQ,"2,100.00","2,468.00","2,350.00",Rs./Quintal,12.90,Metric Tonnes,18-05-2026
Maharashtra,Nashik,Manmad APMC,Cereals,Wheat,Other,FAQ,"2,425.00","2,647.00","2,512.00",Rs./Quintal,2.50,Metric Tonnes,17-12-2025
Maharashtra,Nashik,Manmad APMC,Cereals,Wheat,Other,FAQ,"2,425.00","2,625.00","2,500.00",Rs./Quintal,5.80,Metric Tonnes,17-11-2025
Maharashtra,Nashik,Manmad APMC,Cereals,Wheat,Other,Non-FAQ,"2,500.00","2,584.00","2,500.00",Rs./Quintal,1.30,Metric Tonnes,17-08-2026
Maharashtra,Nashik,Manmad APMC,Cereals,Wheat,Other,Non-FAQ,"2,511.00","2,580.00","2,579.00",Rs./Quintal,2.30,Metric Tonnes,17-07-2026
Maharashtra,Nashik,Manmad APMC,Cereals,Wheat,Other,Non-FAQ,"2,252.00","2,455.00","2,337.00",Rs./Quintal,1.10,Metric Tonnes,17-06-2026
Maharashtra,Nashik,Manmad APMC,Cereals,Wheat,Other,Non-FAQ,"2,100.00","2,441.00","2,172.00",Rs./Quintal,8.30,Metric Tonnes,17-04-2026
Maharashtra,Nashik,Manmad APMC,Cereals,Wheat,Other,Non-FAQ,"2,010.00","2,300.00","2,175.00",Rs./Quintal,32.80,Metric Tonnes,17-03-2026
Maharashtra,Nashik,Manmad APMC,Cereals,Wheat,Other,FAQ,"2,425.00","2,581.00","2,451.00",Rs./Quintal,8.00,Metric Tonnes,17-02-2026
Maharashtra,Nashik,Manmad APMC,Cereals,Wheat,Other,FAQ,"2,425.00","2,544.00","2,513.00",Rs./Quintal,0.70,Metric Tonnes,16-12-2025
Maharashtra,Nashik,Manmad APMC,Cereals,Wheat,Other,Non-FAQ,"2,501.00","2,580.00","2,530.00",Rs./Quintal,2.60,Metric Tonnes,16-07-2026
Maharashtra,Nashik,Manmad APMC,Cereals,Wheat,Other,Non-FAQ,"2,299.00","2,516.00","2,357.00",Rs./Quintal,2.80,Metric Tonnes,16-06-2026
Maharashtra,Nashik,Manmad APMC,Cereals,Wheat,Other,Non-FAQ,"1,951.00","2,295.00","2,182.00",Rs./Quintal,2.20,Metric Tonnes,16-04-2026
Maharashtra,Nashik,Manmad APMC,Cereals,Wheat,Other,Non-FAQ,"1,961.00","2,342.00","2,261.00",Rs./Quintal,25.20,Metric Tonnes,16-03-2026
Maharashtra,Nashik,Manmad APMC,Cereals,Wheat,Other,FAQ,"2,425.00","2,480.00","2,432.00",Rs./Quintal,4.40,Metric Tonnes,16-02-2026
Maharashtra,Nashik,Manmad APMC,Cereals,Wheat,Other,FAQ,"2,541.00","2,741.00","2,592.00",Rs./Quintal,4.40,Metric Tonnes,16-01-2026
Maharashtra,Nashik,Manmad APMC,Cereals,Wheat,Other,FAQ,"2,425.00","2,552.00","2,505.00",Rs./Quintal,5.70,Metric Tonnes,15-12-2025
Maharashtra,Nashik,Manmad APMC,Cereals,Wheat,Other,Non-FAQ,"2,401.00","2,580.00","2,515.00",Rs./Quintal,2.40,Metric Tonnes,15-07-2026
Maharashtra,Nashik,Manmad APMC,Cereals,Wheat,Other,Non-FAQ,"2,284.00","2,481.00","2,310.00",Rs./Quintal,1.80,Metric Tonnes,15-06-2026
Maharashtra,Nashik,Manmad APMC,Cereals,Wheat,Other,Non-FAQ,"1,951.00","2,511.00","2,206.00",Rs./Quintal,12.90,Metric Tonnes,15-04-2026
Maharashtra,Nashik,Manmad APMC,Cereals,Wheat,Other,Non-FAQ,"2,220.00","2,580.00","2,513.00",Rs./Quintal,0.80,Metric Tonnes,14-07-2026
Maharashtra,Nashik,Manmad APMC,Cereals,Wheat,Other,Non-FAQ,"2,301.00","2,480.00","2,336.00",Rs./Quintal,1.70,Metric Tonnes,14-05-2026
Maharashtra,Nashik,Manmad APMC,Cereals,Wheat,Other,Non-FAQ,"2,100.00","2,584.00","2,100.00",Rs./Quintal,4.10,Metric Tonnes,13-08-2026
Maharashtra,Nashik,Manmad APMC,Cereals,Wheat,Other,Non-FAQ,"2,461.00","2,546.00","2,506.00",Rs./Quintal,3.40,Metric Tonnes,13-07-2026
Maharashtra,Nashik,Manmad APMC,Cereals,Wheat,Other,Non-FAQ,"2,272.00","2,531.00","2,339.00",Rs./Quintal,6.40,Metric Tonnes,13-05-2026
Maharashtra,Nashik,Manmad APMC,Cereals,Wheat,Other,Non-FAQ,"1,750.00","2,311.00","2,252.00",Rs./Quintal,20.60,Metric Tonnes,13-03-2026
Maharashtra,Nashik,Manmad APMC,Cereals,Wheat,Other,FAQ,"2,425.00","2,630.00","2,465.00",Rs./Quintal,9.10,Metric Tonnes,13-02-2026
Maharashtra,Nashik,Manmad APMC,Cereals,Wheat,Other,FAQ,"2,425.00","2,644.00","2,594.00",Rs./Quintal,2.30,Metric Tonnes,13-01-2026
Maharashtra,Nashik,Manmad APMC,Cereals,Wheat,Other,Non-FAQ,"1,591.00","1,846.00","1,745.00",Rs./Quintal,5.50,Metric Tonnes,13-01-2026
Maharashtra,Nashik,Manmad APMC,Cereals,Wheat,Other,FAQ,"2,425.00","2,784.00","2,504.00",Rs./Quintal,5.50,Metric Tonnes,12-12-2025
Maharashtra,Nashik,Manmad APMC,Cereals,Wheat,Other,Non-FAQ,"2,521.00","2,584.00","2,521.00",Rs./Quintal,0.70,Metric Tonnes,12-08-2026
Maharashtra,Nashik,Manmad APMC,Cereals,Wheat,Other,Non-FAQ,"2,240.00","2,476.00","2,323.00",Rs./Quintal,2.30,Metric Tonnes,12-06-2026
Maharashtra,Nashik,Manmad APMC,Cereals,Wheat,Other,Non-FAQ,"2,143.00","2,493.00","2,350.00",Rs./Quintal,3.30,Metric Tonnes,12-05-2026
Maharashtra,Nashik,Manmad APMC,Cereals,Wheat,Other,Non-FAQ,"1,900.00","2,361.00","2,332.00",Rs./Quintal,16.90,Metric Tonnes,12-03-2026
Maharashtra,Nashik,Manmad APMC,Cereals,Wheat,Other,FAQ,"2,425.00","2,595.00","2,474.00",Rs./Quintal,7.20,Metric Tonnes,12-02-2026
Maharashtra,Nashik,Manmad APMC,Cereals,Wheat,Other,FAQ,"2,425.00","2,542.00","2,480.00",Rs./Quintal,323.60,Metric Tonnes,11-12-2025
Maharashtra,Nashik,Manmad APMC,Cereals,Wheat,Other,Non-FAQ,"2,560.00","2,584.00","2,560.00",Rs./Quintal,5.20,Metric Tonnes,11-08-2026
Maharashtra,Nashik,Manmad APMC,Cereals,Wheat,Other,Non-FAQ,"2,252.00","2,420.00","2,336.00",Rs./Quintal,1.60,Metric Tonnes,11-06-2026
Maharashtra,Nashik,Manmad APMC,Cereals,Wheat,Other,Non-FAQ,"2,252.00","2,551.00","2,330.00",Rs./Quintal,3.20,Metric Tonnes,11-05-2026
Maharashtra,Nashik,Manmad APMC,Cereals,Wheat,Other,Non-FAQ,"2,021.00","2,292.00","2,130.00",Rs./Quintal,11.30,Metric Tonnes,11-03-2026
Maharashtra,Nashik,Manmad APMC,Cereals,Wheat,Other,FAQ,"2,425.00","2,476.00","2,472.00",Rs./Quintal,1.70,Metric Tonnes,11-02-2026
Maharashtra,Nashik,Manmad APMC,Cereals,Wheat,Other,Non-FAQ,"2,571.00","2,584.00","2,571.00",Rs./Quintal,4.10,Metric Tonnes,10-08-2026
Maharashtra,Nashik,Manmad APMC,Cereals,Wheat,Other,Non-FAQ,"2,411.00","2,580.00","2,528.00",Rs./Quintal,2.20,Metric Tonnes,10-07-2026
Maharashtra,Nashik,Manmad APMC,Cereals,Wheat,Other,Non-FAQ,"2,080.00","2,480.00","2,325.00",Rs./Quintal,1.20,Metric Tonnes,10-06-2026
Maharashtra,Nashik,Manmad APMC,Cereals,Wheat,Other,Non-FAQ,"2,020.00","2,512.00","2,202.00",Rs./Quintal,37.50,Metric Tonnes,10-04-2026
Maharashtra,Nashik,Manmad APMC,Cereals,Wheat,Other,Non-FAQ,"2,081.00","2,424.00","2,170.00",Rs./Quintal,18.00,Metric Tonnes,10-03-2026
Maharashtra,Nashik,Manmad APMC,Cereals,Wheat,Other,FAQ,"2,425.00","2,526.00","2,526.00",Rs./Quintal,6.20,Metric Tonnes,10-02-2026
Maharashtra,Nashik,Manmad APMC,Cereals,Wheat,Other,FAQ,"2,425.00","2,580.00","2,495.00",Rs./Quintal,11.10,Metric Tonnes,09-12-2025
Maharashtra,Nashik,Manmad APMC,Cereals,Wheat,Other,Non-FAQ,"2,491.00","2,531.00","2,519.00",Rs./Quintal,3.70,Metric Tonnes,09-07-2026
Maharashtra,Nashik,Manmad APMC,Cereals,Wheat,Other,Non-FAQ,"2,200.00","2,483.00","2,347.00",Rs./Quintal,7.50,Metric Tonnes,09-06-2026
Maharashtra,Nashik,Manmad APMC,Cereals,Wheat,Other,Non-FAQ,"1,740.00","2,451.00","2,451.00",Rs./Quintal,14.80,Metric Tonnes,09-04-2026
Maharashtra,Nashik,Manmad APMC,Cereals,Wheat,Other,Non-FAQ,"2,080.00","2,316.00","2,301.00",Rs./Quintal,12.30,Metric Tonnes,09-03-2026
Maharashtra,Nashik,Manmad APMC,Cereals,Wheat,Other,FAQ,"2,425.00","2,631.00","2,631.00",Rs./Quintal,5.00,Metric Tonnes,09-02-2026
Maharashtra,Nashik,Manmad APMC,Cereals,Wheat,Other,FAQ,"2,562.00","2,792.00","2,581.00",Rs./Quintal,3.50,Metric Tonnes,09-01-2026
Maharashtra,Nashik,Manmad APMC,Cereals,Wheat,Other,FAQ,"2,425.00","2,615.00","2,510.00",Rs./Quintal,3.30,Metric Tonnes,08-12-2025
Maharashtra,Nashik,Manmad APMC,Cereals,Wheat,Other,Non-FAQ,"2,250.00","2,431.00","2,325.00",Rs./Quintal,7.70,Metric Tonnes,08-06-2026
Maharashtra,Nashik,Manmad APMC,Cereals,Wheat,Other,Non-FAQ,"1,975.00","2,518.00","2,350.00",Rs./Quintal,3.00,Metric Tonnes,08-05-2026
Maharashtra,Nashik,Manmad APMC,Cereals,Wheat,Other,FAQ,"2,425.00","2,791.00","2,515.00",Rs./Quintal,3.60,Metric Tonnes,07-11-2025
Maharashtra,Nashik,Manmad APMC,Cereals,Wheat,Other,Non-FAQ,"2,340.00","2,584.00","2,340.00",Rs./Quintal,8.50,Metric Tonnes,07-08-2026
Maharashtra,Nashik,Manmad APMC,Cereals,Wheat,Other,Non-FAQ,"2,450.00","2,580.00","2,524.00",Rs./Quintal,0.80,Metric Tonnes,07-07-2026
Maharashtra,Nashik,Manmad APMC,Cereals,Wheat,Other,Non-FAQ,"1,940.00","2,332.00","2,275.00",Rs./Quintal,3.00,Metric Tonnes,07-05-2026
Maharashtra,Nashik,Manmad APMC,Cereals,Wheat,Other,Non-FAQ,"1,942.00","2,386.00","2,150.00",Rs./Quintal,23.30,Metric Tonnes,07-04-2026
Maharashtra,Nashik,Manmad APMC,Cereals,Wheat,Other,FAQ,"2,553.00","2,701.00","2,595.00",Rs./Quintal,6.20,Metric Tonnes,07-01-2026
Maharashtra,Nashik,Manmad APMC,Cereals,Wheat,Other,Non-FAQ,"2,550.00","2,580.00","2,550.00",Rs./Quintal,2.50,Metric Tonnes,06-08-2026
Maharashtra,Nashik,Manmad APMC,Cereals,Wheat,Other,Non-FAQ,"2,516.00","2,580.00","2,560.00",Rs./Quintal,2.20,Metric Tonnes,06-07-2026
Maharashtra,Nashik,Manmad APMC,Cereals,Wheat,Other,Non-FAQ,"2,270.00","2,485.00","2,400.00",Rs./Quintal,3.50,Metric Tonnes,06-05-2026
Maharashtra,Nashik,Manmad APMC,Cereals,Wheat,Other,Non-FAQ,"1,500.00","2,400.00","2,150.00",Rs./Quintal,18.20,Metric Tonnes,06-04-2026
Maharashtra,Nashik,Manmad APMC,Cereals,Wheat,Other,Non-FAQ,"2,090.00","2,346.00","2,190.00",Rs./Quintal,10.80,Metric Tonnes,06-03-2026
Maharashtra,Nashik,Manmad APMC,Cereals,Wheat,Other,FAQ,"2,450.00","2,642.00","2,525.00",Rs./Quintal,5.50,Metric Tonnes,06-02-2026
Maharashtra,Nashik,Manmad APMC,Cereals,Wheat,Other,FAQ,"2,425.00","2,665.00","2,591.00",Rs./Quintal,2.00,Metric Tonnes,06-01-2026
Maharashtra,Nashik,Manmad APMC,Cereals,Wheat,Other,Non-FAQ,"2,446.00","2,584.00","2,446.00",Rs./Quintal,2.20,Metric Tonnes,05-08-2026
Maharashtra,Nashik,Manmad APMC,Cereals,Wheat,Other,Non-FAQ,"2,280.00","2,584.00","2,351.00",Rs./Quintal,2.30,Metric Tonnes,05-06-2026
Maharashtra,Nashik,Manmad APMC,Cereals,Wheat,Other,Non-FAQ,"2,152.00","2,447.00","2,350.00",Rs./Quintal,7.10,Metric Tonnes,05-05-2026
Maharashtra,Nashik,Manmad APMC,Cereals,Wheat,Other,Non-FAQ,"2,001.00","2,320.00","2,320.00",Rs./Quintal,21.90,Metric Tonnes,05-03-2026
Maharashtra,Nashik,Manmad APMC,Cereals,Wheat,Other,FAQ,"2,452.00","2,562.00","2,516.00",Rs./Quintal,2.40,Metric Tonnes,05-02-2026
Maharashtra,Nashik,Manmad APMC,Cereals,Wheat,Other,FAQ,"2,425.00","2,577.00","2,560.00",Rs./Quintal,0.40,Metric Tonnes,05-01-2026
Maharashtra,Nashik,Manmad APMC,Cereals,Wheat,Other,FAQ,"2,425.00","2,752.00","2,450.00",Rs./Quintal,5.30,Metric Tonnes,04-12-2025
Maharashtra,Nashik,Manmad APMC,Cereals,Wheat,Other,FAQ,"2,592.00","2,639.00","2,631.00",Rs./Quintal,1.20,Metric Tonnes,04-08-2026
Maharashtra,Nashik,Manmad APMC,Cereals,Wheat,Other,Non-FAQ,"2,201.00","2,521.00","2,351.00",Rs./Quintal,3.10,Metric Tonnes,04-06-2026
Maharashtra,Nashik,Manmad APMC,Cereals,Wheat,Other,Non-FAQ,"2,199.00","2,431.00","2,375.00",Rs./Quintal,4.00,Metric Tonnes,04-05-2026
Maharashtra,Nashik,Manmad APMC,Cereals,Wheat,Other,Non-FAQ,"2,121.00","2,424.00","2,220.00",Rs./Quintal,20.10,Metric Tonnes,04-03-2026
Maharashtra,Nashik,Manmad APMC,Cereals,Wheat,Other,FAQ,"2,425.00","2,671.00","2,671.00",Rs./Quintal,2.40,Metric Tonnes,04-02-2026
Maharashtra,Nashik,Manmad APMC,Cereals,Wheat,Other,FAQ,"2,425.00","2,692.00","2,512.00",Rs./Quintal,156.50,Metric Tonnes,03-12-2025
Maharashtra,Nashik,Manmad APMC,Cereals,Wheat,Other,FAQ,"2,595.00","2,657.00","2,630.00",Rs./Quintal,2.00,Metric Tonnes,03-08-2026
Maharashtra,Nashik,Manmad APMC,Cereals,Wheat,Other,Non-FAQ,"2,466.00","2,580.00","2,548.00",Rs./Quintal,4.50,Metric Tonnes,03-07-2026
Maharashtra,Nashik,Manmad APMC,Cereals,Wheat,Other,Non-FAQ,"2,201.00","2,455.00","2,325.00",Rs./Quintal,1.90,Metric Tonnes,03-06-2026
Maharashtra,Nashik,Manmad APMC,Cereals,Wheat,Other,FAQ,"2,425.00","2,718.00","2,425.00",Rs./Quintal,0.30,Metric Tonnes,03-02-2026
Maharashtra,Nashik,Manmad APMC,Cereals,Wheat,Other,Non-FAQ,"2,489.00","2,527.00","2,527.00",Rs./Quintal,1.00,Metric Tonnes,02-07-2026
Maharashtra,Nashik,Manmad APMC,Cereals,Wheat,Other,Non-FAQ,"2,230.00","2,376.00","2,376.00",Rs./Quintal,3.90,Metric Tonnes,02-06-2026
Maharashtra,Nashik,Manmad APMC,Cereals,Wheat,Other,FAQ,"2,425.00","2,700.00","2,600.00",Rs./Quintal,4.10,Metric Tonnes,02-02-2026
Maharashtra,Nashik,Manmad APMC,Cereals,Wheat,Other,FAQ,"2,425.00","2,592.00","2,570.00",Rs./Quintal,1.30,Metric Tonnes,02-01-2026
Maharashtra,Nashik,Manmad APMC,Cereals,Wheat,Other,Non-FAQ,"2,282.00","2,580.00","2,486.00",Rs./Quintal,1.80,Metric Tonnes,01-07-2026
Maharashtra,Nashik,Manmad APMC,Cereals,Wheat,Other,Non-FAQ,"2,252.00","2,455.00","2,337.00",Rs./Quintal,9.70,Metric Tonnes,01-06-2026
Maharashtra,Nashik,Manmad APMC,Cereals,Wheat,Other,FAQ,"2,425.00","2,640.00","2,552.00",Rs./Quintal,1.70,Metric Tonnes,01-01-2026
Maharashtra,Nashik,Nandgaon APMC,Cereals,Wheat,Maharashtra 2189,FAQ,"2,545.00","2,639.00","2,550.00",Rs./Quintal,4.60,Metric Tonnes,31-12-2025
Maharashtra,Nashik,Nandgaon APMC,Cereals,Wheat,Maharashtra 2189,FAQ,"2,670.00","2,687.00","2,670.00",Rs./Quintal,0.40,Metric Tonnes,31-07-2026
Maharashtra,Nashik,Nandgaon APMC,Cereals,Wheat,Maharashtra 2189,FAQ,"2,550.00","2,700.00","2,550.00",Rs./Quintal,6.90,Metric Tonnes,30-12-2025
Maharashtra,Nashik,Nandgaon APMC,Cereals,Wheat,Maharashtra 2189,FAQ,"2,664.00","2,733.00","2,664.00",Rs./Quintal,10.90,Metric Tonnes,30-07-2026
Maharashtra,Nashik,Nandgaon APMC,Cereals,Wheat,Maharashtra 2189,Non-FAQ,"2,480.00","2,532.00","2,500.00",Rs./Quintal,6.90,Metric Tonnes,30-06-2026
Maharashtra,Nashik,Nandgaon APMC,Cereals,Wheat,Maharashtra 2189,Non-FAQ,"2,358.00","2,516.00","2,400.00",Rs./Quintal,13.00,Metric Tonnes,30-04-2026
Maharashtra,Nashik,Nandgaon APMC,Cereals,Wheat,Maharashtra 2189,Non-FAQ,"2,140.00","2,397.00","2,150.00",Rs./Quintal,11.10,Metric Tonnes,30-03-2026
Maharashtra,Nashik,Nandgaon APMC,Cereals,Wheat,Maharashtra 2189,FAQ,"2,524.00","2,828.00","2,550.00",Rs./Quintal,3.90,Metric Tonnes,30-01-2026
Maharashtra,Nashik,Nandgaon APMC,Cereals,Wheat,Maharashtra 2189,FAQ,"2,510.00","2,686.00","2,550.00",Rs./Quintal,8.60,Metric Tonnes,29-12-2025
Maharashtra,Nashik,Nandgaon APMC,Cereals,Wheat,Maharashtra 2189,FAQ,"2,650.00","2,700.00","2,650.00",Rs./Quintal,2.50,Metric Tonnes,29-07-2026
Maharashtra,Nashik,Nandgaon APMC,Cereals,Wheat,Maharashtra 2189,FAQ,"2,585.00","2,650.00","2,585.00",Rs./Quintal,2.20,Metric Tonnes,29-06-2026
Maharashtra,Nashik,Nandgaon APMC,Cereals,Wheat,Maharashtra 2189,Non-FAQ,"2,480.00","2,584.00","2,550.00",Rs./Quintal,3.00,Metric Tonnes,29-06-2026
Maharashtra,Nashik,Nandgaon APMC,Cereals,Wheat,Maharashtra 2189,Non-FAQ,"2,199.00","2,584.00","2,450.00",Rs./Quintal,22.30,Metric Tonnes,29-05-2026
Maharashtra,Nashik,Nandgaon APMC,Cereals,Wheat,Maharashtra 2189,Non-FAQ,"2,336.00","2,390.00","2,350.00",Rs./Quintal,17.00,Metric Tonnes,29-04-2026
Maharashtra,Nashik,Nandgaon APMC,Cereals,Wheat,Maharashtra 2189,FAQ,"2,530.00","2,783.00","2,550.00",Rs./Quintal,2.20,Metric Tonnes,29-01-2026
Maharashtra,Nashik,Nandgaon APMC,Cereals,Wheat,Maharashtra 2189,FAQ,"2,481.00","2,589.00","2,550.00",Rs./Quintal,11.60,Metric Tonnes,28-11-2025
Maharashtra,Nashik,Nandgaon APMC,Cereals,Wheat,Maharashtra 2189,FAQ,"2,585.00","2,750.00","2,650.00",Rs./Quintal,5.70,Metric Tonnes,28-07-2026
Maharashtra,Nashik,Nandgaon APMC,Cereals,Wheat,Maharashtra 2189,Non-FAQ,"2,350.00","2,379.00","2,350.00",Rs./Quintal,1.60,Metric Tonnes,28-05-2026
Maharashtra,Nashik,Nandgaon APMC,Cereals,Wheat,Maharashtra 2189,Non-FAQ,"2,339.00","2,540.00","2,350.00",Rs./Quintal,9.80,Metric Tonnes,28-04-2026
Maharashtra,Nashik,Nandgaon APMC,Cereals,Wheat,Maharashtra 2189,FAQ,"2,446.00","2,650.00","2,550.00",Rs./Quintal,3.40,Metric Tonnes,28-01-2026
Maharashtra,Nashik,Nandgaon APMC,Cereals,Wheat,Maharashtra 2189,FAQ,"2,535.00","2,571.00","2,550.00",Rs./Quintal,10.20,Metric Tonnes,27-11-2025
Maharashtra,Nashik,Nandgaon APMC,Cereals,Wheat,Maharashtra 2189,FAQ,"2,635.00","2,705.00","2,650.00",Rs./Quintal,10.30,Metric Tonnes,27-07-2026
Maharashtra,Nashik,Nandgaon APMC,Cereals,Wheat,Maharashtra 2189,Non-FAQ,"2,281.00","2,500.00","2,350.00",Rs./Quintal,30.70,Metric Tonnes,27-04-2026
Maharashtra,Nashik,Nandgaon APMC,Cereals,Wheat,Maharashtra 2189,Non-FAQ,"2,170.00","2,416.00","2,350.00",Rs./Quintal,22.60,Metric Tonnes,27-02-2026
Maharashtra,Nashik,Nandgaon APMC,Cereals,Wheat,Maharashtra 2189,FAQ,"2,450.00","2,835.00","2,550.00",Rs./Quintal,5.50,Metric Tonnes,27-01-2026
Maharashtra,Nashik,Nandgaon APMC,Cereals,Wheat,Maharashtra 2189,FAQ,"2,526.00","2,761.00","2,550.00",Rs./Quintal,3.60,Metric Tonnes,26-12-2025
Maharashtra,Nashik,Nandgaon APMC,Cereals,Wheat,Maharashtra 2189,FAQ,"2,501.00","2,690.00","2,550.00",Rs./Quintal,7.30,Metric Tonnes,26-11-2025
Maharashtra,Nashik,Nandgaon APMC,Cereals,Wheat,Maharashtra 2189,Non-FAQ,"2,280.00","2,411.00","2,350.00",Rs./Quintal,24.40,Metric Tonnes,26-02-2026
Maharashtra,Nashik,Nandgaon APMC,Cereals,Wheat,Maharashtra 2189,FAQ,"2,450.00","2,700.00","2,550.00",Rs./Quintal,5.90,Metric Tonnes,25-11-2025
Maharashtra,Nashik,Nandgaon APMC,Cereals,Wheat,Maharashtra 2189,Non-FAQ,"2,512.00","2,584.00","2,550.00",Rs./Quintal,4.60,Metric Tonnes,25-06-2026
Maharashtra,Nashik,Nandgaon APMC,Cereals,Wheat,Maharashtra 2189,Non-FAQ,"2,150.00","2,377.00","2,350.00",Rs./Quintal,26.70,Metric Tonnes,25-02-2026
Maharashtra,Nashik,Nandgaon APMC,Cereals,Wheat,Maharashtra 2189,FAQ,"2,528.00","2,671.00","2,550.00",Rs./Quintal,7.30,Metric Tonnes,24-12-2025
Maharashtra,Nashik,Nandgaon APMC,Cereals,Wheat,Maharashtra 2189,FAQ,"2,523.00","2,742.00","2,550.00",Rs./Quintal,10.60,Metric Tonnes,24-11-2025
Maharashtra,Nashik,Nandgaon APMC,Cereals,Wheat,Maharashtra 2189,Non-FAQ,"2,499.00","2,580.00","2,550.00",Rs./Quintal,4.60,Metric Tonnes,24-06-2026
Maharashtra,Nashik,Nandgaon APMC,Cereals,Wheat,Maharashtra 2189,Non-FAQ,"2,286.00","2,566.00","2,350.00",Rs./Quintal,20.20,Metric Tonnes,24-04-2026
Maharashtra,Nashik,Nandgaon APMC,Cereals,Wheat,Maharashtra 2189,Non-FAQ,"2,161.00","2,513.00","2,250.00",Rs./Quintal,68.00,Metric Tonnes,24-03-2026
Maharashtra,Nashik,Nandgaon APMC,Cereals,Wheat,Maharashtra 2189,FAQ,"2,425.00","2,539.00","2,500.00",Rs./Quintal,14.80,Metric Tonnes,24-02-2026
Maharashtra,Nashik,Nandgaon APMC,Cereals,Wheat,Maharashtra 2189,Non-FAQ,"2,330.00","2,424.00","2,380.00",Rs./Quintal,3.00,Metric Tonnes,24-02-2026
Maharashtra,Nashik,Nandgaon APMC,Cereals,Wheat,Maharashtra 2189,FAQ,"2,499.00","2,745.00","2,550.00",Rs./Quintal,6.40,Metric Tonnes,23-12-2025
Maharashtra,Nashik,Nandgaon APMC,Cereals,Wheat,Maharashtra 2189,FAQ,"2,585.00","2,661.00","2,585.00",Rs./Quintal,4.30,Metric Tonnes,23-07-2026
Maharashtra,Nashik,Nandgaon APMC,Cereals,Wheat,Maharashtra 2189,Non-FAQ,"2,491.00","2,513.00","2,500.00",Rs./Quintal,2.10,Metric Tonnes,23-06-2026
Maharashtra,Nashik,Nandgaon APMC,Cereals,Wheat,Maharashtra 2189,Non-FAQ,"2,276.00","2,541.00","2,350.00",Rs./Quintal,19.00,Metric Tonnes,23-04-2026
Maharashtra,Nashik,Nandgaon APMC,Cereals,Wheat,Maharashtra 2189,Non-FAQ,"2,135.00","2,424.00","2,150.00",Rs./Quintal,77.90,Metric Tonnes,23-03-2026
Maharashtra,Nashik,Nandgaon APMC,Cereals,Wheat,Maharashtra 2189,Non-FAQ,"2,180.00","2,424.00","2,350.00",Rs./Quintal,29.60,Metric Tonnes,23-02-2026
Maharashtra,Nashik,Nandgaon APMC,Cereals,Wheat,Maharashtra 2189,FAQ,"2,526.00","2,662.00","2,550.00",Rs./Quintal,1.80,Metric Tonnes,23-01-2026
Maharashtra,Nashik,Nandgaon APMC,Cereals,Wheat,Maharashtra 2189,FAQ,"2,521.00","2,750.00","2,550.00",Rs./Quintal,9.10,Metric Tonnes,22-12-2025
Maharashtra,Nashik,Nandgaon APMC,Cereals,Wheat,Maharashtra 2189,FAQ,"2,586.00","2,651.00","2,586.00",Rs./Quintal,3.90,Metric Tonnes,22-07-2026
Maharashtra,Nashik,Nandgaon APMC,Cereals,Wheat,Maharashtra 2189,Non-FAQ,"2,361.00","2,510.00","2,450.00",Rs./Quintal,6.10,Metric Tonnes,22-06-2026
Maharashtra,Nashik,Nandgaon APMC,Cereals,Wheat,Maharashtra 2189,Non-FAQ,"2,290.00","2,463.00","2,450.00",Rs./Quintal,15.80,Metric Tonnes,22-05-2026
Maharashtra,Nashik,Nandgaon APMC,Cereals,Wheat,Maharashtra 2189,Non-FAQ,"2,289.00","2,496.00","2,350.00",Rs./Quintal,14.40,Metric Tonnes,22-04-2026
Maharashtra,Nashik,Nandgaon APMC,Cereals,Wheat,Maharashtra 2189,FAQ,"2,533.00","2,597.00","2,550.00",Rs./Quintal,1.70,Metric Tonnes,22-01-2026
Maharashtra,Nashik,Nandgaon APMC,Cereals,Wheat,Maharashtra 2189,FAQ,"2,470.00","2,720.00","2,550.00",Rs./Quintal,8.60,Metric Tonnes,21-11-2025
Maharashtra,Nashik,Nandgaon APMC,Cereals,Wheat,Maharashtra 2189,FAQ,"2,585.00","2,673.00","2,650.00",Rs./Quintal,12.10,Metric Tonnes,21-08-2026
Maharashtra,Nashik,Nandgaon APMC,Cereals,Wheat,Maharashtra 2189,FAQ,"2,585.00","2,730.00","2,585.00",Rs./Quintal,2.10,Metric Tonnes,21-07-2026
Maharashtra,Nashik,Nandgaon APMC,Cereals,Wheat,Maharashtra 2189,Non-FAQ,"2,526.00","2,584.00","2,550.00",Rs./Quintal,5.50,Metric Tonnes,21-07-2026
Maharashtra,Nashik,Nandgaon APMC,Cereals,Wheat,Maharashtra 2189,Non-FAQ,"2,360.00","2,401.00","2,401.00",Rs./Quintal,9.80,Metric Tonnes,21-05-2026
Maharashtra,Nashik,Nandgaon APMC,Cereals,Wheat,Maharashtra 2189,Non-FAQ,"2,226.00","2,450.00","2,250.00",Rs./Quintal,18.60,Metric Tonnes,21-04-2026
Maharashtra,Nashik,Nandgaon APMC,Cereals,Wheat,Maharashtra 2189,FAQ,"2,524.00","2,799.00","2,550.00",Rs./Quintal,3.90,Metric Tonnes,21-01-2026
Maharashtra,Nashik,Nandgaon APMC,Cereals,Wheat,Maharashtra 2189,FAQ,"2,450.00","2,799.00","2,550.00",Rs./Quintal,7.10,Metric Tonnes,20-11-2025
Maharashtra,Nashik,Nandgaon APMC,Cereals,Wheat,Maharashtra 2189,FAQ,"2,600.00","2,749.00","2,650.00",Rs./Quintal,7.40,Metric Tonnes,20-08-2026
Maharashtra,Nashik,Nandgaon APMC,Cereals,Wheat,Maharashtra 2189,FAQ,"2,585.00","2,635.00","2,585.00",Rs./Quintal,1.30,Metric Tonnes,20-07-2026
Maharashtra,Nashik,Nandgaon APMC,Cereals,Wheat,Maharashtra 2189,Non-FAQ,"2,541.00","2,584.00","2,550.00",Rs./Quintal,8.00,Metric Tonnes,20-07-2026
Maharashtra,Nashik,Nandgaon APMC,Cereals,Wheat,Maharashtra 2189,Non-FAQ,"2,340.00","2,491.00","2,450.00",Rs./Quintal,15.90,Metric Tonnes,20-05-2026
Maharashtra,Nashik,Nandgaon APMC,Cereals,Wheat,Maharashtra 2189,Non-FAQ,"2,199.00","2,499.00","2,250.00",Rs./Quintal,13.70,Metric Tonnes,20-04-2026
Maharashtra,Nashik,Nandgaon APMC,Cereals,Wheat,Maharashtra 2189,Non-FAQ,"2,200.00","2,424.00","2,424.00",Rs./Quintal,20.90,Metric Tonnes,20-02-2026
Maharashtra,Nashik,Nandgaon APMC,Cereals,Wheat,Maharashtra 2189,FAQ,"2,522.00","2,601.00","2,550.00",Rs./Quintal,1.80,Metric Tonnes,20-01-2026
Maharashtra,Nashik,Nandgaon APMC,Cereals,Wheat,Maharashtra 2189,FAQ,"2,521.00","2,755.00","2,550.00",Rs./Quintal,3.90,Metric Tonnes,19-12-2025
Maharashtra,Nashik,Nandgaon APMC,Cereals,Wheat,Maharashtra 2189,FAQ,"2,540.00","2,600.00","2,550.00",Rs./Quintal,4.70,Metric Tonnes,19-11-2025
Maharashtra,Nashik,Nandgaon APMC,Cereals,Wheat,Maharashtra 2189,FAQ,"2,600.00","2,666.00","2,650.00",Rs./Quintal,10.00,Metric Tonnes,19-08-2026
Maharashtra,Nashik,Nandgaon APMC,Cereals,Wheat,Maharashtra 2189,Non-FAQ,"2,300.00","2,526.00","2,350.00",Rs./Quintal,27.30,Metric Tonnes,19-05-2026
Maharashtra,Nashik,Nandgaon APMC,Cereals,Wheat,Maharashtra 2189,FAQ,"2,445.00","2,699.00","2,550.00",Rs./Quintal,6.50,Metric Tonnes,19-01-2026
Maharashtra,Nashik,Nandgaon APMC,Cereals,Wheat,Maharashtra 2189,FAQ,"2,490.00","2,796.00","2,550.00",Rs./Quintal,4.40,Metric Tonnes,18-12-2025
Maharashtra,Nashik,Nandgaon APMC,Cereals,Wheat,Maharashtra 2189,FAQ,"2,445.00","2,701.00","2,550.00",Rs./Quintal,5.90,Metric Tonnes,18-11-2025
Maharashtra,Nashik,Nandgaon APMC,Cereals,Wheat,Maharashtra 2189,FAQ,"2,585.00","2,745.00","2,650.00",Rs./Quintal,14.60,Metric Tonnes,18-08-2026
Maharashtra,Nashik,Nandgaon APMC,Cereals,Wheat,Maharashtra 2189,Non-FAQ,"2,001.00","2,550.00","2,450.00",Rs./Quintal,14.60,Metric Tonnes,18-06-2026
Maharashtra,Nashik,Nandgaon APMC,Cereals,Wheat,Maharashtra 2189,Non-FAQ,"2,368.00","2,461.00","2,450.00",Rs./Quintal,16.50,Metric Tonnes,18-05-2026
Maharashtra,Nashik,Nandgaon APMC,Cereals,Wheat,Maharashtra 2189,Non-FAQ,"2,311.00","2,419.00","2,410.00",Rs./Quintal,14.20,Metric Tonnes,18-02-2026
Maharashtra,Nashik,Nandgaon APMC,Cereals,Wheat,Maharashtra 2189,FAQ,"2,492.00","2,740.00","2,550.00",Rs./Quintal,4.40,Metric Tonnes,17-12-2025
Maharashtra,Nashik,Nandgaon APMC,Cereals,Wheat,Maharashtra 2189,FAQ,"2,543.00","2,560.00","2,550.00",Rs./Quintal,5.30,Metric Tonnes,17-11-2025
Maharashtra,Nashik,Nandgaon APMC,Cereals,Wheat,Maharashtra 2189,FAQ,"2,601.00","2,681.00","2,650.00",Rs./Quintal,3.30,Metric Tonnes,17-08-2026
Maharashtra,Nashik,Nandgaon APMC,Cereals,Wheat,Maharashtra 2189,FAQ,"2,585.00","2,634.00","2,585.00",Rs./Quintal,1.00,Metric Tonnes,17-07-2026
Maharashtra,Nashik,Nandgaon APMC,Cereals,Wheat,Maharashtra 2189,Non-FAQ,"2,500.00","2,584.00","2,550.00",Rs./Quintal,9.70,Metric Tonnes,17-07-2026
Maharashtra,Nashik,Nandgaon APMC,Cereals,Wheat,Maharashtra 2189,Non-FAQ,"2,340.00","2,533.00","2,450.00",Rs./Quintal,10.90,Metric Tonnes,17-06-2026
Maharashtra,Nashik,Nandgaon APMC,Cereals,Wheat,Maharashtra 2189,Non-FAQ,"2,000.00","2,542.00","2,250.00",Rs./Quintal,29.90,Metric Tonnes,17-04-2026
Maharashtra,Nashik,Nandgaon APMC,Cereals,Wheat,Maharashtra 2189,Non-FAQ,"2,031.00","2,410.00","2,150.00",Rs./Quintal,109.20,Metric Tonnes,17-03-2026
Maharashtra,Nashik,Nandgaon APMC,Cereals,Wheat,Maharashtra 2189,FAQ,"2,425.00","2,560.00","2,450.00",Rs./Quintal,7.90,Metric Tonnes,17-02-2026
Maharashtra,Nashik,Nandgaon APMC,Cereals,Wheat,Maharashtra 2189,FAQ,"2,528.00","2,765.00","2,550.00",Rs./Quintal,7.30,Metric Tonnes,16-12-2025
Maharashtra,Nashik,Nandgaon APMC,Cereals,Wheat,Maharashtra 2189,Non-FAQ,"2,531.00","2,547.00","2,531.00",Rs./Quintal,8.00,Metric Tonnes,16-07-2026
Maharashtra,Nashik,Nandgaon APMC,Cereals,Wheat,Maharashtra 2189,Non-FAQ,"2,361.00","2,495.00","2,450.00",Rs./Quintal,8.70,Metric Tonnes,16-06-2026
Maharashtra,Nashik,Nandgaon APMC,Cereals,Wheat,Maharashtra 2189,Non-FAQ,"2,199.00","2,470.00","2,250.00",Rs./Quintal,24.40,Metric Tonnes,16-04-2026
Maharashtra,Nashik,Nandgaon APMC,Cereals,Wheat,Maharashtra 2189,FAQ,"2,425.00","2,496.00","2,450.00",Rs./Quintal,5.00,Metric Tonnes,16-03-2026
Maharashtra,Nashik,Nandgaon APMC,Cereals,Wheat,Maharashtra 2189,Non-FAQ,"2,100.00","2,424.00","2,150.00",Rs./Quintal,100.00,Metric Tonnes,16-03-2026
Maharashtra,Nashik,Nandgaon APMC,Cereals,Wheat,Maharashtra 2189,FAQ,"2,425.00","2,639.00","2,450.00",Rs./Quintal,13.10,Metric Tonnes,16-02-2026
Maharashtra,Nashik,Nandgaon APMC,Cereals,Wheat,Maharashtra 2189,FAQ,"2,559.00","2,876.00","2,600.00",Rs./Quintal,9.30,Metric Tonnes,16-01-2026
Maharashtra,Nashik,Nandgaon APMC,Cereals,Wheat,Maharashtra 2189,FAQ,"2,525.00","2,742.00","2,550.00",Rs./Quintal,7.80,Metric Tonnes,15-12-2025
Maharashtra,Nashik,Nandgaon APMC,Cereals,Wheat,Maharashtra 2189,FAQ,"2,585.00","2,665.00","2,585.00",Rs./Quintal,0.30,Metric Tonnes,15-07-2026
Maharashtra,Nashik,Nandgaon APMC,Cereals,Wheat,Maharashtra 2189,Non-FAQ,"2,524.00","2,584.00","2,550.00",Rs./Quintal,8.80,Metric Tonnes,15-07-2026
Maharashtra,Nashik,Nandgaon APMC,Cereals,Wheat,Maharashtra 2189,Non-FAQ,"2,342.00","2,481.00","2,450.00",Rs./Quintal,7.40,Metric Tonnes,15-06-2026
Maharashtra,Nashik,Nandgaon APMC,Cereals,Wheat,Maharashtra 2189,Non-FAQ,"2,330.00","2,447.00","2,350.00",Rs./Quintal,15.40,Metric Tonnes,15-05-2026
Maharashtra,Nashik,Nandgaon APMC,Cereals,Wheat,Maharashtra 2189,Non-FAQ,"2,190.00","2,490.00","2,250.00",Rs./Quintal,47.70,Metric Tonnes,15-04-2026
Maharashtra,Nashik,Nandgaon APMC,Cereals,Wheat,Maharashtra 2189,FAQ,"2,526.00","2,697.00","2,550.00",Rs./Quintal,7.80,Metric Tonnes,14-11-2025
Maharashtra,Nashik,Nandgaon APMC,Cereals,Wheat,Maharashtra 2189,FAQ,"2,660.00","2,708.00","2,660.00",Rs./Quintal,14.30,Metric Tonnes,14-08-2026
Maharashtra,Nashik,Nandgaon APMC,Cereals,Wheat,Maharashtra 2189,Non-FAQ,"2,490.00","2,584.00","2,550.00",Rs./Quintal,12.50,Metric Tonnes,14-07-2026
Maharashtra,Nashik,Nandgaon APMC,Cereals,Wheat,Maharashtra 2189,Non-FAQ,"2,366.00","2,480.00","2,366.00",Rs./Quintal,15.00,Metric Tonnes,14-05-2026
Maharashtra,Nashik,Nandgaon APMC,Cereals,Wheat,Maharashtra 2189,FAQ,"2,440.00","2,591.00","2,550.00",Rs./Quintal,1.40,Metric Tonnes,14-01-2026
Maharashtra,Nashik,Nandgaon APMC,Cereals,Wheat,Maharashtra 2189,FAQ,"2,530.00","2,671.00","2,550.00",Rs./Quintal,5.00,Metric Tonnes,13-11-2025
Maharashtra,Nashik,Nandgaon APMC,Cereals,Wheat,Maharashtra 2189,FAQ,"2,626.00","2,750.00","2,650.00",Rs./Quintal,11.50,Metric Tonnes,13-08-2026
Maharashtra,Nashik,Nandgaon APMC,Cereals,Wheat,Maharashtra 2189,Non-FAQ,"2,400.00","2,584.00","2,550.00",Rs./Quintal,8.80,Metric Tonnes,13-07-2026
Maharashtra,Nashik,Nandgaon APMC,Cereals,Wheat,Maharashtra 2189,Non-FAQ,"2,379.00","2,410.00","2,410.00",Rs./Quintal,6.10,Metric Tonnes,13-05-2026
Maharashtra,Nashik,Nandgaon APMC,Cereals,Wheat,Maharashtra 2189,FAQ,"2,425.00","2,599.00","2,450.00",Rs./Quintal,15.40,Metric Tonnes,13-02-2026
Maharashtra,Nashik,Nandgaon APMC,Cereals,Wheat,Maharashtra 2189,FAQ,"2,425.00","2,655.00","2,550.00",Rs./Quintal,5.80,Metric Tonnes,13-01-2026
Maharashtra,Nashik,Nandgaon APMC,Cereals,Wheat,Maharashtra 2189,FAQ,"2,521.00","2,590.00","2,550.00",Rs./Quintal,6.70,Metric Tonnes,12-12-2025
Maharashtra,Nashik,Nandgaon APMC,Cereals,Wheat,Maharashtra 2189,FAQ,"2,523.00","2,835.00","2,550.00",Rs./Quintal,8.30,Metric Tonnes,12-11-2025
Maharashtra,Nashik,Nandgaon APMC,Cereals,Wheat,Maharashtra 2189,FAQ,"2,640.00","2,691.00","2,650.00",Rs./Quintal,10.90,Metric Tonnes,12-08-2026
Maharashtra,Nashik,Nandgaon APMC,Cereals,Wheat,Maharashtra 2189,Non-FAQ,"2,243.00","2,446.00","2,350.00",Rs./Quintal,14.40,Metric Tonnes,12-06-2026
Maharashtra,Nashik,Nandgaon APMC,Cereals,Wheat,Maharashtra 2189,Non-FAQ,"2,268.00","2,421.00","2,350.00",Rs./Quintal,22.20,Metric Tonnes,12-05-2026
Maharashtra,Nashik,Nandgaon APMC,Cereals,Wheat,Maharashtra 2189,Non-FAQ,"2,230.00","2,420.00","2,250.00",Rs./Quintal,3.90,Metric Tonnes,12-03-2026
Maharashtra,Nashik,Nandgaon APMC,Cereals,Wheat,Maharashtra 2189,FAQ,"2,425.00","2,630.00","2,450.00",Rs./Quintal,4.80,Metric Tonnes,12-02-2026
Maharashtra,Nashik,Nandgaon APMC,Cereals,Wheat,Maharashtra 2189,FAQ,"2,425.00","2,690.00","2,650.00",Rs./Quintal,4.60,Metric Tonnes,12-01-2026
Maharashtra,Nashik,Nandgaon APMC,Cereals,Wheat,Maharashtra 2189,FAQ,"2,499.00","2,686.00","2,550.00",Rs./Quintal,9.60,Metric Tonnes,11-12-2025
Maharashtra,Nashik,Nandgaon APMC,Cereals,Wheat,Maharashtra 2189,FAQ,"2,533.00","2,625.00","2,550.00",Rs./Quintal,7.90,Metric Tonnes,11-11-2025
Maharashtra,Nashik,Nandgaon APMC,Cereals,Wheat,Maharashtra 2189,FAQ,"2,640.00","2,679.00","2,650.00",Rs./Quintal,11.80,Metric Tonnes,11-08-2026
Maharashtra,Nashik,Nandgaon APMC,Cereals,Wheat,Maharashtra 2189,Non-FAQ,"2,331.00","2,558.00","2,450.00",Rs./Quintal,9.20,Metric Tonnes,11-06-2026
Maharashtra,Nashik,Nandgaon APMC,Cereals,Wheat,Maharashtra 2189,Non-FAQ,"2,361.00","2,584.00","2,450.00",Rs./Quintal,10.90,Metric Tonnes,11-05-2026
Maharashtra,Nashik,Nandgaon APMC,Cereals,Wheat,Maharashtra 2189,Non-FAQ,"2,230.00","2,424.00","2,350.00",Rs./Quintal,62.90,Metric Tonnes,11-03-2026
Maharashtra,Nashik,Nandgaon APMC,Cereals,Wheat,Maharashtra 2189,FAQ,"2,425.00","2,666.00","2,450.00",Rs./Quintal,7.20,Metric Tonnes,11-02-2026
Maharashtra,Nashik,Nandgaon APMC,Cereals,Wheat,Maharashtra 2189,FAQ,"2,525.00","2,712.00","2,550.00",Rs./Quintal,6.60,Metric Tonnes,10-12-2025
Maharashtra,Nashik,Nandgaon APMC,Cereals,Wheat,Maharashtra 2189,FAQ,"2,450.00","2,656.00","2,550.00",Rs./Quintal,6.50,Metric Tonnes,10-11-2025
Maharashtra,Nashik,Nandgaon APMC,Cereals,Wheat,Maharashtra 2189,FAQ,"2,662.00","2,698.00","2,662.00",Rs./Quintal,17.00,Metric Tonnes,10-08-2026
Maharashtra,Nashik,Nandgaon APMC,Cereals,Wheat,Maharashtra 2189,Non-FAQ,"2,327.00","2,400.00","2,350.00",Rs./Quintal,2.10,Metric Tonnes,10-06-2026
Maharashtra,Nashik,Nandgaon APMC,Cereals,Wheat,Maharashtra 2189,FAQ,"2,425.00","2,618.00","2,450.00",Rs./Quintal,6.50,Metric Tonnes,10-02-2026
Maharashtra,Nashik,Nandgaon APMC,Cereals,Wheat,Maharashtra 2189,FAQ,"2,517.00","2,734.00","2,550.00",Rs./Quintal,10.30,Metric Tonnes,09-12-2025
Maharashtra,Nashik,Nandgaon APMC,Cereals,Wheat,Maharashtra 2189,Non-FAQ,"2,520.00","2,584.00","2,550.00",Rs./Quintal,10.00,Metric Tonnes,09-07-2026
Maharashtra,Nashik,Nandgaon APMC,Cereals,Wheat,Maharashtra 2189,Non-FAQ,"2,300.00","2,500.00","2,450.00",Rs./Quintal,12.50,Metric Tonnes,09-06-2026
Maharashtra,Nashik,Nandgaon APMC,Cereals,Wheat,Maharashtra 2189,Non-FAQ,"2,169.00","2,584.00","2,250.00",Rs./Quintal,35.40,Metric Tonnes,09-04-2026
Maharashtra,Nashik,Nandgaon APMC,Cereals,Wheat,Maharashtra 2189,Non-FAQ,"2,141.00","2,424.00","2,350.00",Rs./Quintal,52.10,Metric Tonnes,09-03-2026
Maharashtra,Nashik,Nandgaon APMC,Cereals,Wheat,Maharashtra 2189,FAQ,"2,445.00","2,606.00","2,450.00",Rs./Quintal,4.40,Metric Tonnes,09-02-2026
Maharashtra,Nashik,Nandgaon APMC,Cereals,Wheat,Maharashtra 2189,FAQ,"2,550.00","2,573.00","2,550.00",Rs./Quintal,2.40,Metric Tonnes,09-01-2026
Maharashtra,Nashik,Nandgaon APMC,Cereals,Wheat,Maharashtra 2189,FAQ,"2,525.00","2,666.00","2,550.00",Rs./Quintal,15.40,Metric Tonnes,08-12-2025
Maharashtra,Nashik,Nandgaon APMC,Cereals,Wheat,Maharashtra 2189,Non-FAQ,"2,528.00","2,531.00","2,531.00",Rs./Quintal,3.90,Metric Tonnes,08-07-2026
Maharashtra,Nashik,Nandgaon APMC,Cereals,Wheat,Maharashtra 2189,Non-FAQ,"2,316.00","2,500.00","2,350.00",Rs./Quintal,13.60,Metric Tonnes,08-06-2026
Maharashtra,Nashik,Nandgaon APMC,Cereals,Wheat,Maharashtra 2189,Non-FAQ,"2,080.00","2,571.00","2,250.00",Rs./Quintal,70.30,Metric Tonnes,08-04-2026
Maharashtra,Nashik,Nandgaon APMC,Cereals,Wheat,Maharashtra 2189,FAQ,"2,550.00","2,728.00","2,650.00",Rs./Quintal,8.10,Metric Tonnes,08-01-2026
Maharashtra,Nashik,Nandgaon APMC,Cereals,Wheat,Maharashtra 2189,FAQ,"2,470.00","2,570.00","2,550.00",Rs./Quintal,5.80,Metric Tonnes,07-11-2025
Maharashtra,Nashik,Nandgaon APMC,Cereals,Wheat,Maharashtra 2189,FAQ,"2,660.00","2,714.00","2,660.00",Rs./Quintal,15.20,Metric Tonnes,07-08-2026
Maharashtra,Nashik,Nandgaon APMC,Cereals,Wheat,Maharashtra 2189,Non-FAQ,"2,460.00","2,560.00","2,535.00",Rs./Quintal,6.20,Metric Tonnes,07-07-2026
Maharashtra,Nashik,Nandgaon APMC,Cereals,Wheat,Maharashtra 2189,Non-FAQ,"2,400.00","2,581.00","2,550.00",Rs./Quintal,15.60,Metric Tonnes,07-05-2026
Maharashtra,Nashik,Nandgaon APMC,Cereals,Wheat,Maharashtra 2189,Non-FAQ,"2,143.00","2,584.00","2,150.00",Rs./Quintal,49.40,Metric Tonnes,07-04-2026
Maharashtra,Nashik,Nandgaon APMC,Cereals,Wheat,Maharashtra 2189,FAQ,"2,567.00","2,691.00","2,650.00",Rs./Quintal,3.70,Metric Tonnes,07-01-2026
Maharashtra,Nashik,Nandgaon APMC,Cereals,Wheat,Maharashtra 2189,FAQ,"2,640.00","2,682.00","2,650.00",Rs./Quintal,12.70,Metric Tonnes,06-08-2026
Maharashtra,Nashik,Nandgaon APMC,Cereals,Wheat,Maharashtra 2189,Non-FAQ,"2,521.00","2,584.00","2,550.00",Rs./Quintal,8.00,Metric Tonnes,06-07-2026
Maharashtra,Nashik,Nandgaon APMC,Cereals,Wheat,Maharashtra 2189,Non-FAQ,"2,400.00","2,436.00","2,436.00",Rs./Quintal,8.90,Metric Tonnes,06-05-2026
Maharashtra,Nashik,Nandgaon APMC,Cereals,Wheat,Maharashtra 2189,Non-FAQ,"2,090.00","2,584.00","2,150.00",Rs./Quintal,55.60,Metric Tonnes,06-04-2026
Maharashtra,Nashik,Nandgaon APMC,Cereals,Wheat,Maharashtra 2189,FAQ,"2,425.00","2,536.00","2,450.00",Rs./Quintal,7.00,Metric Tonnes,06-03-2026
Maharashtra,Nashik,Nandgaon APMC,Cereals,Wheat,Maharashtra 2189,Non-FAQ,"2,206.00","2,424.00","2,250.00",Rs./Quintal,20.10,Metric Tonnes,06-03-2026
Maharashtra,Nashik,Nandgaon APMC,Cereals,Wheat,Maharashtra 2189,FAQ,"2,425.00","2,691.00","2,550.00",Rs./Quintal,7.10,Metric Tonnes,06-02-2026
Maharashtra,Nashik,Nandgaon APMC,Cereals,Wheat,Maharashtra 2189,FAQ,"2,589.00","2,769.00","2,589.00",Rs./Quintal,5.00,Metric Tonnes,06-01-2026
Maharashtra,Nashik,Nandgaon APMC,Cereals,Wheat,Maharashtra 2189,FAQ,"2,535.00","2,679.00","2,550.00",Rs./Quintal,8.70,Metric Tonnes,05-12-2025
Maharashtra,Nashik,Nandgaon APMC,Cereals,Wheat,Maharashtra 2189,FAQ,"2,659.00","2,750.00","2,659.00",Rs./Quintal,8.00,Metric Tonnes,05-08-2026
Maharashtra,Nashik,Nandgaon APMC,Cereals,Wheat,Maharashtra 2189,Non-FAQ,"2,200.00","2,584.00","2,450.00",Rs./Quintal,13.50,Metric Tonnes,05-06-2026
Maharashtra,Nashik,Nandgaon APMC,Cereals,Wheat,Maharashtra 2189,Non-FAQ,"2,390.00","2,520.00","2,450.00",Rs./Quintal,15.50,Metric Tonnes,05-05-2026
Maharashtra,Nashik,Nandgaon APMC,Cereals,Wheat,Maharashtra 2189,FAQ,"2,425.00","2,486.00","2,425.00",Rs./Quintal,7.10,Metric Tonnes,05-03-2026
Maharashtra,Nashik,Nandgaon APMC,Cereals,Wheat,Maharashtra 2189,Non-FAQ,"1,700.00","2,424.00","2,250.00",Rs./Quintal,20.00,Metric Tonnes,05-03-2026
Maharashtra,Nashik,Nandgaon APMC,Cereals,Wheat,Maharashtra 2189,FAQ,"2,485.00","2,675.00","2,550.00",Rs./Quintal,7.90,Metric Tonnes,05-02-2026
Maharashtra,Nashik,Nandgaon APMC,Cereals,Wheat,Maharashtra 2189,FAQ,"2,550.00","2,799.00","2,550.00",Rs./Quintal,6.10,Metric Tonnes,05-01-2026
Maharashtra,Nashik,Nandgaon APMC,Cereals,Wheat,Maharashtra 2189,FAQ,"2,600.00","2,774.00","2,650.00",Rs./Quintal,9.70,Metric Tonnes,04-08-2026
Maharashtra,Nashik,Nandgaon APMC,Cereals,Wheat,Maharashtra 2189,Non-FAQ,"2,290.00","2,505.00","2,350.00",Rs./Quintal,13.30,Metric Tonnes,04-06-2026
Maharashtra,Nashik,Nandgaon APMC,Cereals,Wheat,Maharashtra 2189,Non-FAQ,"2,399.00","2,512.00","2,450.00",Rs./Quintal,14.10,Metric Tonnes,04-05-2026
Maharashtra,Nashik,Nandgaon APMC,Cereals,Wheat,Maharashtra 2189,FAQ,"2,425.00","2,496.00","2,425.00",Rs./Quintal,9.60,Metric Tonnes,04-03-2026
Maharashtra,Nashik,Nandgaon APMC,Cereals,Wheat,Maharashtra 2189,Non-FAQ,"1,986.00","2,423.00","2,250.00",Rs./Quintal,30.00,Metric Tonnes,04-03-2026
Maharashtra,Nashik,Nandgaon APMC,Cereals,Wheat,Maharashtra 2189,FAQ,"2,510.00","2,811.00","2,550.00",Rs./Quintal,3.50,Metric Tonnes,04-02-2026
Maharashtra,Nashik,Nandgaon APMC,Cereals,Wheat,Maharashtra 2189,FAQ,"2,526.00","2,556.00","2,550.00",Rs./Quintal,10.30,Metric Tonnes,03-12-2025
Maharashtra,Nashik,Nandgaon APMC,Cereals,Wheat,Maharashtra 2189,FAQ,"2,660.00","2,775.00","2,675.00",Rs./Quintal,15.00,Metric Tonnes,03-08-2026
Maharashtra,Nashik,Nandgaon APMC,Cereals,Wheat,Maharashtra 2189,Non-FAQ,"2,500.00","2,540.00","2,540.00",Rs./Quintal,9.70,Metric Tonnes,03-07-2026
Maharashtra,Nashik,Nandgaon APMC,Cereals,Wheat,Maharashtra 2189,Non-FAQ,"2,250.00","2,531.00","2,350.00",Rs./Quintal,12.90,Metric Tonnes,03-06-2026
Maharashtra,Nashik,Nandgaon APMC,Cereals,Wheat,Maharashtra 2189,FAQ,"2,500.00","2,776.00","2,550.00",Rs./Quintal,4.10,Metric Tonnes,03-02-2026
Maharashtra,Nashik,Nandgaon APMC,Cereals,Wheat,Maharashtra 2189,Non-FAQ,"2,450.00","2,543.00","2,450.00",Rs./Quintal,6.40,Metric Tonnes,02-07-2026
Maharashtra,Nashik,Nandgaon APMC,Cereals,Wheat,Maharashtra 2189,Non-FAQ,"2,359.00","2,483.00","2,450.00",Rs./Quintal,9.50,Metric Tonnes,02-06-2026
Maharashtra,Nashik,Nandgaon APMC,Cereals,Wheat,Maharashtra 2189,FAQ,"2,451.00","2,692.00","2,550.00",Rs./Quintal,6.30,Metric Tonnes,02-02-2026
Maharashtra,Nashik,Nandgaon APMC,Cereals,Wheat,Maharashtra 2189,FAQ,"2,580.00","2,858.00","2,580.00",Rs./Quintal,1.60,Metric Tonnes,02-01-2026
Maharashtra,Nashik,Nandgaon APMC,Cereals,Wheat,Maharashtra 2189,Non-FAQ,"2,551.00","2,584.00","2,551.00",Rs./Quintal,10.80,Metric Tonnes,01-07-2026
Maharashtra,Nashik,Nandgaon APMC,Cereals,Wheat,Maharashtra 2189,Non-FAQ,"2,270.00","2,445.00","2,350.00",Rs./Quintal,20.80,Metric Tonnes,01-06-2026
Maharashtra,Nashik,Nandgaon APMC,Cereals,Wheat,Maharashtra 2189,FAQ,"2,550.00","2,661.00","2,550.00",Rs./Quintal,2.70,Metric Tonnes,01-01-2026
Maharashtra,Nashik,Satana APMC,Cereals,Wheat,Other,FAQ,"2,601.00","2,921.00","2,713.00",Rs./Quintal,2.10,Metric Tonnes,31-12-2025
Maharashtra,Nashik,Satana APMC,Cereals,Wheat,Other,FAQ,"2,426.00","2,983.00","2,806.00",Rs./Quintal,2.20,Metric Tonnes,30-12-2025
Maharashtra,Nashik,Satana APMC,Cereals,Wheat,Other,FAQ,"2,712.00","2,866.00","2,795.00",Rs./Quintal,1.20,Metric Tonnes,30-07-2026
Maharashtra,Nashik,Satana APMC,Cereals,Wheat,Other,Non-FAQ,"2,000.00","2,000.00","2,000.00",Rs./Quintal,0.30,Metric Tonnes,30-07-2026
Maharashtra,Nashik,Satana APMC,Cereals,Wheat,Other,FAQ,"2,802.00","2,802.00","2,802.00",Rs./Quintal,0.50,Metric Tonnes,30-06-2026
Maharashtra,Nashik,Satana APMC,Cereals,Wheat,Other,Non-FAQ,"2,290.00","2,575.00","2,450.00",Rs./Quintal,3.10,Metric Tonnes,30-06-2026
Maharashtra,Nashik,Satana APMC,Cereals,Wheat,Other,FAQ,"2,651.00","2,876.00","2,800.00",Rs./Quintal,2.20,Metric Tonnes,29-12-2025
Maharashtra,Nashik,Satana APMC,Cereals,Wheat,Other,Non-FAQ,"2,000.00","2,000.00","2,000.00",Rs./Quintal,0.20,Metric Tonnes,29-12-2025
Maharashtra,Nashik,Satana APMC,Cereals,Wheat,Other,FAQ,"2,702.00","2,831.00","2,775.00",Rs./Quintal,1.30,Metric Tonnes,29-07-2026
Maharashtra,Nashik,Satana APMC,Cereals,Wheat,Other,Non-FAQ,"2,411.00","2,411.00","2,411.00",Rs./Quintal,0.40,Metric Tonnes,29-07-2026
Maharashtra,Nashik,Satana APMC,Cereals,Wheat,Other,FAQ,"2,800.00","2,800.00","2,800.00",Rs./Quintal,0.40,Metric Tonnes,29-06-2026
Maharashtra,Nashik,Satana APMC,Cereals,Wheat,Other,Non-FAQ,"2,200.00","2,551.00","2,500.00",Rs./Quintal,2.50,Metric Tonnes,29-06-2026
Maharashtra,Nashik,Satana APMC,Cereals,Wheat,Other,FAQ,"2,500.00","2,831.00","2,715.00",Rs./Quintal,0.90,Metric Tonnes,29-01-2026
Maharashtra,Nashik,Satana APMC,Cereals,Wheat,Other,Non-FAQ,"2,400.00","2,400.00","2,400.00",Rs./Quintal,0.10,Metric Tonnes,29-01-2026
Maharashtra,Nashik,Satana APMC,Cereals,Wheat,Other,FAQ,"2,599.00","2,836.00","2,702.00",Rs./Quintal,1.20,Metric Tonnes,28-07-2026
Maharashtra,Nashik,Satana APMC,Cereals,Wheat,Other,FAQ,"2,450.00","2,701.00","2,615.00",Rs./Quintal,1.50,Metric Tonnes,28-01-2026
Maharashtra,Nashik,Satana APMC,Cereals,Wheat,Other,Non-FAQ,"2,012.00","2,012.00","2,012.00",Rs./Quintal,0.10,Metric Tonnes,28-01-2026
Maharashtra,Nashik,Satana APMC,Cereals,Wheat,Other,FAQ,"2,651.00","2,890.00","2,715.00",Rs./Quintal,0.90,Metric Tonnes,27-07-2026
Maharashtra,Nashik,Satana APMC,Cereals,Wheat,Other,Non-FAQ,"2,225.00","2,225.00","2,225.00",Rs./Quintal,0.40,Metric Tonnes,27-07-2026
Maharashtra,Nashik,Satana APMC,Cereals,Wheat,Other,Non-FAQ,"2,000.00","2,581.00","2,376.00",Rs./Quintal,11.50,Metric Tonnes,27-05-2026
Maharashtra,Nashik,Satana APMC,Cereals,Wheat,Other,Non-FAQ,"2,225.00","2,576.00","2,391.00",Rs./Quintal,31.50,Metric Tonnes,27-04-2026
Maharashtra,Nashik,Satana APMC,Cereals,Wheat,Other,Non-FAQ,"2,050.00","2,486.00","2,250.00",Rs./Quintal,233.50,Metric Tonnes,27-03-2026
Maharashtra,Nashik,Satana APMC,Cereals,Wheat,Other,FAQ,"2,500.00","2,500.00","2,500.00",Rs./Quintal,1.40,Metric Tonnes,27-02-2026
Maharashtra,Nashik,Satana APMC,Cereals,Wheat,Other,Non-FAQ,"2,050.00","2,415.00","2,300.00",Rs./Quintal,1.50,Metric Tonnes,27-02-2026
Maharashtra,Nashik,Satana APMC,Cereals,Wheat,Other,FAQ,"2,650.00","2,925.00","2,700.00",Rs./Quintal,1.30,Metric Tonnes,27-01-2026
Maharashtra,Nashik,Satana APMC,Cereals,Wheat,Other,Non-FAQ,"2,300.00","2,300.00","2,300.00",Rs./Quintal,0.20,Metric Tonnes,27-01-2026
Maharashtra,Nashik,Satana APMC,Cereals,Wheat,Other,FAQ,"2,500.00","3,116.00","2,850.00",Rs./Quintal,3.40,Metric Tonnes,26-11-2025
Maharashtra,Nashik,Satana APMC,Cereals,Wheat,Other,Non-FAQ,"2,113.00","2,502.00","2,386.00",Rs./Quintal,10.50,Metric Tonnes,26-05-2026
Maharashtra,Nashik,Satana APMC,Cereals,Wheat,Other,FAQ,"2,499.00","2,499.00","2,499.00",Rs./Quintal,1.50,Metric Tonnes,26-02-2026
Maharashtra,Nashik,Satana APMC,Cereals,Wheat,Other,Non-FAQ,"2,157.00","2,405.00","2,315.00",Rs./Quintal,1.80,Metric Tonnes,26-02-2026
Maharashtra,Nashik,Satana APMC,Cereals,Wheat,Other,FAQ,"2,550.00","2,777.00","2,650.00",Rs./Quintal,1.50,Metric Tonnes,25-11-2025
Maharashtra,Nashik,Satana APMC,Cereals,Wheat,Other,Non-FAQ,"2,166.00","2,401.00","2,375.00",Rs./Quintal,0.90,Metric Tonnes,25-11-2025
Maharashtra,Nashik,Satana APMC,Cereals,Wheat,Other,FAQ,"2,605.00","2,752.00","2,710.00",Rs./Quintal,11.60,Metric Tonnes,25-05-2026
Maharashtra,Nashik,Satana APMC,Cereals,Wheat,Other,Non-FAQ,"2,150.00","2,525.00","2,450.00",Rs./Quintal,11.60,Metric Tonnes,25-05-2026
Maharashtra,Nashik,Satana APMC,Cereals,Wheat,Other,Non-FAQ,"2,000.00","2,512.00","2,260.00",Rs./Quintal,224.00,Metric Tonnes,25-03-2026
Maharashtra,Nashik,Satana APMC,Cereals,Wheat,Other,FAQ,"2,540.00","2,540.00","2,540.00",Rs./Quintal,1.80,Metric Tonnes,25-02-2026
Maharashtra,Nashik,Satana APMC,Cereals,Wheat,Other,Non-FAQ,"2,225.00","2,410.00","2,351.00",Rs./Quintal,1.50,Metric Tonnes,25-02-2026
Maharashtra,Nashik,Satana APMC,Cereals,Wheat,Other,FAQ,"2,525.00","2,900.00","2,830.00",Rs./Quintal,2.40,Metric Tonnes,24-12-2025
Maharashtra,Nashik,Satana APMC,Cereals,Wheat,Other,Non-FAQ,"2,222.00","2,222.00","2,222.00",Rs./Quintal,0.20,Metric Tonnes,24-12-2025
Maharashtra,Nashik,Satana APMC,Cereals,Wheat,Other,FAQ,"2,575.00","2,971.00","2,850.00",Rs./Quintal,1.60,Metric Tonnes,24-11-2025
Maharashtra,Nashik,Satana APMC,Cereals,Wheat,Other,Non-FAQ,"2,361.00","2,361.00","2,361.00",Rs./Quintal,0.20,Metric Tonnes,24-11-2025
Maharashtra,Nashik,Satana APMC,Cereals,Wheat,Other,FAQ,"2,726.00","2,726.00","2,726.00",Rs./Quintal,0.40,Metric Tonnes,24-07-2026
Maharashtra,Nashik,Satana APMC,Cereals,Wheat,Other,Non-FAQ,"2,552.00","2,552.00","2,552.00",Rs./Quintal,0.50,Metric Tonnes,24-07-2026
Maharashtra,Nashik,Satana APMC,Cereals,Wheat,Other,Non-FAQ,"2,280.00","2,412.00","2,280.00",Rs./Quintal,2.10,Metric Tonnes,24-06-2026
Maharashtra,Nashik,Satana APMC,Cereals,Wheat,Other,FAQ,"2,651.00","2,651.00","2,651.00",Rs./Quintal,2.50,Metric Tonnes,24-04-2026
Maharashtra,Nashik,Satana APMC,Cereals,Wheat,Other,Non-FAQ,"1,990.00","2,510.00","2,340.00",Rs./Quintal,23.50,Metric Tonnes,24-04-2026
Maharashtra,Nashik,Satana APMC,Cereals,Wheat,Other,FAQ,"2,430.00","2,460.00","2,445.00",Rs./Quintal,23.00,Metric Tonnes,24-03-2026
Maharashtra,Nashik,Satana APMC,Cereals,Wheat,Other,Non-FAQ,"2,106.00","2,390.00","2,230.00",Rs./Quintal,210.50,Metric Tonnes,24-03-2026
Maharashtra,Nashik,Satana APMC,Cereals,Wheat,Other,FAQ,"2,450.00","2,599.00","2,510.00",Rs./Quintal,1.60,Metric Tonnes,24-02-2026
Maharashtra,Nashik,Satana APMC,Cereals,Wheat,Other,Non-FAQ,"2,200.00","2,200.00","2,200.00",Rs./Quintal,0.40,Metric Tonnes,24-02-2026
Maharashtra,Nashik,Satana APMC,Cereals,Wheat,Other,FAQ,"2,450.00","2,750.00","2,512.00",Rs./Quintal,2.60,Metric Tonnes,23-12-2025
Maharashtra,Nashik,Satana APMC,Cereals,Wheat,Other,Non-FAQ,"2,400.00","2,400.00","2,400.00",Rs./Quintal,0.40,Metric Tonnes,23-12-2025
Maharashtra,Nashik,Satana APMC,Cereals,Wheat,Other,Non-FAQ,"2,450.00","2,450.00","2,450.00",Rs./Quintal,0.50,Metric Tonnes,23-07-2026
Maharashtra,Nashik,Satana APMC,Cereals,Wheat,Other,Non-FAQ,"2,171.00","2,425.00","2,271.00",Rs./Quintal,4.40,Metric Tonnes,23-06-2026
Maharashtra,Nashik,Satana APMC,Cereals,Wheat,Other,Non-FAQ,"2,141.00","2,570.00","2,320.00",Rs./Quintal,32.10,Metric Tonnes,23-04-2026
Maharashtra,Nashik,Satana APMC,Cereals,Wheat,Other,FAQ,"2,475.00","2,475.00","2,475.00",Rs./Quintal,2.50,Metric Tonnes,23-03-2026
Maharashtra,Nashik,Satana APMC,Cereals,Wheat,Other,Non-FAQ,"2,155.00","2,400.00","2,275.00",Rs./Quintal,251.00,Metric Tonnes,23-03-2026
Maharashtra,Nashik,Satana APMC,Cereals,Wheat,Other,FAQ,"2,680.00","2,680.00","2,680.00",Rs./Quintal,1.50,Metric Tonnes,23-02-2026
Maharashtra,Nashik,Satana APMC,Cereals,Wheat,Other,Non-FAQ,"2,018.00","2,400.00","2,350.00",Rs./Quintal,1.50,Metric Tonnes,23-02-2026
Maharashtra,Nashik,Satana APMC,Cereals,Wheat,Other,FAQ,"2,550.00","3,050.00","2,745.00",Rs./Quintal,2.40,Metric Tonnes,23-01-2026
Maharashtra,Nashik,Satana APMC,Cereals,Wheat,Other,Non-FAQ,"1,925.00","1,925.00","1,925.00",Rs./Quintal,0.20,Metric Tonnes,23-01-2026
Maharashtra,Nashik,Satana APMC,Cereals,Wheat,Other,FAQ,"2,501.00","2,930.00","2,850.00",Rs./Quintal,2.40,Metric Tonnes,22-12-2025
Maharashtra,Nashik,Satana APMC,Cereals,Wheat,Other,Non-FAQ,"2,206.00","2,206.00","2,206.00",Rs./Quintal,0.50,Metric Tonnes,22-12-2025
Maharashtra,Nashik,Satana APMC,Cereals,Wheat,Other,FAQ,"2,601.00","2,725.00","2,705.00",Rs./Quintal,1.50,Metric Tonnes,22-07-2026
Maharashtra,Nashik,Satana APMC,Cereals,Wheat,Other,Non-FAQ,"2,412.00","2,412.00","2,412.00",Rs./Quintal,0.40,Metric Tonnes,22-07-2026
Maharashtra,Nashik,Satana APMC,Cereals,Wheat,Other,Non-FAQ,"2,100.00","2,481.00","2,364.00",Rs./Quintal,4.60,Metric Tonnes,22-05-2026
Maharashtra,Nashik,Satana APMC,Cereals,Wheat,Other,FAQ,"2,550.00","2,966.00","2,710.00",Rs./Quintal,3.00,Metric Tonnes,22-01-2026
Maharashtra,Nashik,Satana APMC,Cereals,Wheat,Other,Non-FAQ,"2,295.00","2,295.00","2,295.00",Rs./Quintal,0.50,Metric Tonnes,22-01-2026
Maharashtra,Nashik,Satana APMC,Cereals,Wheat,Other,FAQ,"2,706.00","2,857.00","2,795.00",Rs./Quintal,1.30,Metric Tonnes,21-08-2026
Maharashtra,Nashik,Satana APMC,Cereals,Wheat,Other,Non-FAQ,"2,400.00","2,400.00","2,400.00",Rs./Quintal,0.30,Metric Tonnes,21-08-2026
Maharashtra,Nashik,Satana APMC,Cereals,Wheat,Other,FAQ,"2,681.00","2,830.00","2,715.00",Rs./Quintal,1.50,Metric Tonnes,21-07-2026
Maharashtra,Nashik,Satana APMC,Cereals,Wheat,Other,Non-FAQ,"2,581.00","2,581.00","2,581.00",Rs./Quintal,0.40,Metric Tonnes,21-07-2026
Maharashtra,Nashik,Satana APMC,Cereals,Wheat,Other,FAQ,"2,686.00","2,686.00","2,686.00",Rs./Quintal,1.50,Metric Tonnes,21-05-2026
Maharashtra,Nashik,Satana APMC,Cereals,Wheat,Other,Non-FAQ,"2,200.00","2,515.00","2,420.00",Rs./Quintal,4.30,Metric Tonnes,21-05-2026
Maharashtra,Nashik,Satana APMC,Cereals,Wheat,Other,FAQ,"2,571.00","2,860.00","2,750.00",Rs./Quintal,1.90,Metric Tonnes,21-01-2026
Maharashtra,Nashik,Satana APMC,Cereals,Wheat,Other,Non-FAQ,"1,600.00","1,600.00","1,600.00",Rs./Quintal,0.10,Metric Tonnes,21-01-2026
Maharashtra,Nashik,Satana APMC,Cereals,Wheat,Other,FAQ,"2,601.00","3,105.00","2,875.00",Rs./Quintal,1.90,Metric Tonnes,20-11-2025
Maharashtra,Nashik,Satana APMC,Cereals,Wheat,Other,Non-FAQ,"2,199.00","2,199.00","2,199.00",Rs./Quintal,0.30,Metric Tonnes,20-11-2025
Maharashtra,Nashik,Satana APMC,Cereals,Wheat,Other,FAQ,"2,605.00","2,781.00","2,657.00",Rs./Quintal,1.10,Metric Tonnes,20-08-2026
Maharashtra,Nashik,Satana APMC,Cereals,Wheat,Other,Non-FAQ,"2,412.00","2,412.00","2,412.00",Rs./Quintal,0.20,Metric Tonnes,20-08-2026
Maharashtra,Nashik,Satana APMC,Cereals,Wheat,Other,FAQ,"2,741.00","2,900.00","2,805.00",Rs./Quintal,1.50,Metric Tonnes,20-07-2026
Maharashtra,Nashik,Satana APMC,Cereals,Wheat,Other,Non-FAQ,"2,122.00","2,122.00","2,122.00",Rs./Quintal,0.40,Metric Tonnes,20-07-2026
Maharashtra,Nashik,Satana APMC,Cereals,Wheat,Other,FAQ,"2,641.00","2,641.00","2,641.00",Rs./Quintal,1.50,Metric Tonnes,20-05-2026
Maharashtra,Nashik,Satana APMC,Cereals,Wheat,Other,Non-FAQ,"2,125.00","2,510.00","2,398.00",Rs./Quintal,5.50,Metric Tonnes,20-05-2026
Maharashtra,Nashik,Satana APMC,Cereals,Wheat,Other,FAQ,"2,440.00","2,570.00","2,480.00",Rs./Quintal,67.00,Metric Tonnes,20-03-2026
Maharashtra,Nashik,Satana APMC,Cereals,Wheat,Other,Non-FAQ,"1,500.00","2,405.00","2,300.00",Rs./Quintal,67.00,Metric Tonnes,20-03-2026
Maharashtra,Nashik,Satana APMC,Cereals,Wheat,Other,FAQ,"2,623.00","2,623.00","2,623.00",Rs./Quintal,0.50,Metric Tonnes,20-02-2026
Maharashtra,Nashik,Satana APMC,Cereals,Wheat,Other,Non-FAQ,"2,300.00","2,300.00","2,300.00",Rs./Quintal,0.60,Metric Tonnes,20-02-2026
Maharashtra,Nashik,Satana APMC,Cereals,Wheat,Other,FAQ,"2,450.00","2,806.00","2,600.00",Rs./Quintal,2.50,Metric Tonnes,20-01-2026
Maharashtra,Nashik,Satana APMC,Cereals,Wheat,Other,FAQ,"2,901.00","2,901.00","2,901.00",Rs./Quintal,1.00,Metric Tonnes,19-12-2025
Maharashtra,Nashik,Satana APMC,Cereals,Wheat,Other,Non-FAQ,"1,900.00","2,400.00","2,375.00",Rs./Quintal,0.90,Metric Tonnes,19-12-2025
Maharashtra,Nashik,Satana APMC,Cereals,Wheat,Other,FAQ,"2,525.00","3,131.00","2,850.00",Rs./Quintal,2.10,Metric Tonnes,19-11-2025
Maharashtra,Nashik,Satana APMC,Cereals,Wheat,Other,Non-FAQ,"2,200.00","2,200.00","2,200.00",Rs./Quintal,0.30,Metric Tonnes,19-11-2025
Maharashtra,Nashik,Satana APMC,Cereals,Wheat,Other,FAQ,"2,601.00","3,175.00","2,780.00",Rs./Quintal,1.40,Metric Tonnes,19-08-2026
Maharashtra,Nashik,Satana APMC,Cereals,Wheat,Other,Non-FAQ,"2,581.00","2,581.00","2,581.00",Rs./Quintal,0.20,Metric Tonnes,19-08-2026
Maharashtra,Nashik,Satana APMC,Cereals,Wheat,Other,Non-FAQ,"2,150.00","2,505.00","2,276.00",Rs./Quintal,7.00,Metric Tonnes,19-06-2026
Maharashtra,Nashik,Satana APMC,Cereals,Wheat,Other,Non-FAQ,"2,200.00","2,461.00","2,380.00",Rs./Quintal,6.40,Metric Tonnes,19-05-2026
Maharashtra,Nashik,Satana APMC,Cereals,Wheat,Other,FAQ,"2,650.00","3,090.00","2,800.00",Rs./Quintal,1.50,Metric Tonnes,19-01-2026
Maharashtra,Nashik,Satana APMC,Cereals,Wheat,Other,Non-FAQ,"2,325.00","2,325.00","2,325.00",Rs./Quintal,0.20,Metric Tonnes,19-01-2026
Maharashtra,Nashik,Satana APMC,Cereals,Wheat,Other,FAQ,"2,451.00","2,919.00","2,641.00",Rs./Quintal,2.70,Metric Tonnes,18-12-2025
Maharashtra,Nashik,Satana APMC,Cereals,Wheat,Other,FAQ,"2,501.00","2,995.00","2,750.00",Rs./Quintal,1.90,Metric Tonnes,18-11-2025
Maharashtra,Nashik,Satana APMC,Cereals,Wheat,Other,Non-FAQ,"2,361.00","2,361.00","2,361.00",Rs./Quintal,0.20,Metric Tonnes,18-11-2025
Maharashtra,Nashik,Satana APMC,Cereals,Wheat,Other,FAQ,"2,600.00","2,750.00","2,697.00",Rs./Quintal,1.30,Metric Tonnes,18-08-2026
Maharashtra,Nashik,Satana APMC,Cereals,Wheat,Other,Non-FAQ,"2,112.00","2,357.00","2,270.00",Rs./Quintal,5.00,Metric Tonnes,18-06-2026
Maharashtra,Nashik,Satana APMC,Cereals,Wheat,Other,Non-FAQ,"2,100.00","2,575.00","2,391.00",Rs./Quintal,6.60,Metric Tonnes,18-05-2026
Maharashtra,Nashik,Satana APMC,Cereals,Wheat,Other,Non-FAQ,"2,056.00","2,385.00","2,250.00",Rs./Quintal,137.00,Metric Tonnes,18-03-2026
Maharashtra,Nashik,Satana APMC,Cereals,Wheat,Other,FAQ,"2,591.00","2,925.00","2,850.00",Rs./Quintal,2.80,Metric Tonnes,17-12-2025
Maharashtra,Nashik,Satana APMC,Cereals,Wheat,Other,Non-FAQ,"1,676.00","2,400.00","2,350.00",Rs./Quintal,0.60,Metric Tonnes,17-12-2025
Maharashtra,Nashik,Satana APMC,Cereals,Wheat,Other,FAQ,"2,475.00","2,825.00","2,672.00",Rs./Quintal,1.80,Metric Tonnes,17-11-2025
Maharashtra,Nashik,Satana APMC,Cereals,Wheat,Other,FAQ,"2,590.00","2,780.00","2,618.00",Rs./Quintal,1.40,Metric Tonnes,17-08-2026
Maharashtra,Nashik,Satana APMC,Cereals,Wheat,Other,FAQ,"2,700.00","2,886.00","2,795.00",Rs./Quintal,1.60,Metric Tonnes,17-07-2026
Maharashtra,Nashik,Satana APMC,Cereals,Wheat,Other,Non-FAQ,"2,300.00","2,300.00","2,300.00",Rs./Quintal,0.30,Metric Tonnes,17-07-2026
Maharashtra,Nashik,Satana APMC,Cereals,Wheat,Other,Non-FAQ,"2,251.00","2,570.00","2,378.00",Rs./Quintal,5.60,Metric Tonnes,17-06-2026
Maharashtra,Nashik,Satana APMC,Cereals,Wheat,Other,FAQ,"2,435.00","2,501.00","2,475.00",Rs./Quintal,98.50,Metric Tonnes,17-03-2026
Maharashtra,Nashik,Satana APMC,Cereals,Wheat,Other,Non-FAQ,"1,575.00","2,405.00","2,240.00",Rs./Quintal,41.50,Metric Tonnes,17-03-2026
Maharashtra,Nashik,Satana APMC,Cereals,Wheat,Other,FAQ,"2,460.00","2,775.00","2,650.00",Rs./Quintal,1.80,Metric Tonnes,17-02-2026
Maharashtra,Nashik,Satana APMC,Cereals,Wheat,Other,Non-FAQ,"2,100.00","2,100.00","2,100.00",Rs./Quintal,0.40,Metric Tonnes,17-02-2026
Maharashtra,Nashik,Satana APMC,Cereals,Wheat,Other,FAQ,"2,698.00","2,800.00","2,750.00",Rs./Quintal,0.90,Metric Tonnes,16-07-2026
Maharashtra,Nashik,Satana APMC,Cereals,Wheat,Other,Non-FAQ,"2,200.00","2,200.00","2,200.00",Rs./Quintal,0.60,Metric Tonnes,16-07-2026
Maharashtra,Nashik,Satana APMC,Cereals,Wheat,Other,FAQ,"2,712.00","2,712.00","2,712.00",Rs./Quintal,1.50,Metric Tonnes,16-06-2026
Maharashtra,Nashik,Satana APMC,Cereals,Wheat,Other,Non-FAQ,"2,261.00","2,550.00","2,482.00",Rs./Quintal,3.70,Metric Tonnes,16-06-2026
Maharashtra,Nashik,Satana APMC,Cereals,Wheat,Other,FAQ,"2,430.00","2,475.00","2,450.00",Rs./Quintal,107.00,Metric Tonnes,16-03-2026
Maharashtra,Nashik,Satana APMC,Cereals,Wheat,Other,Non-FAQ,"1,850.00","2,410.00","2,261.00",Rs./Quintal,58.00,Metric Tonnes,16-03-2026
Maharashtra,Nashik,Satana APMC,Cereals,Wheat,Other,FAQ,"2,755.00","2,755.00","2,755.00",Rs./Quintal,0.30,Metric Tonnes,16-02-2026
Maharashtra,Nashik,Satana APMC,Cereals,Wheat,Other,Non-FAQ,"1,870.00","2,375.00","2,301.00",Rs./Quintal,0.40,Metric Tonnes,16-02-2026
Maharashtra,Nashik,Satana APMC,Cereals,Wheat,Other,FAQ,"2,650.00","3,016.00","2,850.00",Rs./Quintal,1.50,Metric Tonnes,16-01-2026
Maharashtra,Nashik,Satana APMC,Cereals,Wheat,Other,Non-FAQ,"2,360.00","2,360.00","2,360.00",Rs./Quintal,0.20,Metric Tonnes,16-01-2026
Maharashtra,Nashik,Satana APMC,Cereals,Wheat,Other,FAQ,"2,675.00","2,675.00","2,675.00",Rs./Quintal,0.40,Metric Tonnes,15-07-2026
Maharashtra,Nashik,Satana APMC,Cereals,Wheat,Other,Non-FAQ,"1,850.00","2,551.00","2,350.00",Rs./Quintal,1.20,Metric Tonnes,15-07-2026
Maharashtra,Nashik,Satana APMC,Cereals,Wheat,Other,Non-FAQ,"2,112.00","2,400.00","2,330.00",Rs./Quintal,5.50,Metric Tonnes,15-06-2026
Maharashtra,Nashik,Satana APMC,Cereals,Wheat,Other,Non-FAQ,"2,200.00","2,513.00","2,370.00",Rs./Quintal,11.30,Metric Tonnes,15-05-2026
Maharashtra,Nashik,Satana APMC,Cereals,Wheat,Other,FAQ,"2,600.00","2,842.00","2,736.00",Rs./Quintal,0.90,Metric Tonnes,14-08-2026
Maharashtra,Nashik,Satana APMC,Cereals,Wheat,Other,FAQ,"2,650.00","2,745.00","2,700.00",Rs./Quintal,1.70,Metric Tonnes,14-07-2026
Maharashtra,Nashik,Satana APMC,Cereals,Wheat,Other,Non-FAQ,"2,200.00","2,200.00","2,200.00",Rs./Quintal,0.40,Metric Tonnes,14-07-2026
Maharashtra,Nashik,Satana APMC,Cereals,Wheat,Other,FAQ,"2,475.00","2,900.00","2,630.00",Rs./Quintal,1.80,Metric Tonnes,13-11-2025
Maharashtra,Nashik,Satana APMC,Cereals,Wheat,Other,Non-FAQ,"1,970.00","1,970.00","1,970.00",Rs./Quintal,0.20,Metric Tonnes,13-11-2025
Maharashtra,Nashik,Satana APMC,Cereals,Wheat,Other,FAQ,"2,660.00","2,727.00","2,695.00",Rs./Quintal,0.90,Metric Tonnes,13-08-2026
Maharashtra,Nashik,Satana APMC,Cereals,Wheat,Other,Non-FAQ,"2,400.00","2,400.00","2,400.00",Rs./Quintal,0.30,Metric Tonnes,13-08-2026
Maharashtra,Nashik,Satana APMC,Cereals,Wheat,Other,FAQ,"2,590.00","2,966.00","2,726.00",Rs./Quintal,2.70,Metric Tonnes,13-07-2026
Maharashtra,Nashik,Satana APMC,Cereals,Wheat,Other,Non-FAQ,"2,432.00","2,432.00","2,432.00",Rs./Quintal,0.30,Metric Tonnes,13-07-2026
Maharashtra,Nashik,Satana APMC,Cereals,Wheat,Other,FAQ,"2,585.00","2,585.00","2,585.00",Rs./Quintal,1.50,Metric Tonnes,13-05-2026
Maharashtra,Nashik,Satana APMC,Cereals,Wheat,Other,Non-FAQ,"2,000.00","2,510.00","2,401.00",Rs./Quintal,4.30,Metric Tonnes,13-05-2026
Maharashtra,Nashik,Satana APMC,Cereals,Wheat,Other,FAQ,"2,500.00","2,800.00","2,725.00",Rs./Quintal,1.30,Metric Tonnes,13-02-2026
Maharashtra,Nashik,Satana APMC,Cereals,Wheat,Other,Non-FAQ,"1,881.00","1,881.00","1,881.00",Rs./Quintal,0.20,Metric Tonnes,13-02-2026
Maharashtra,Nashik,Satana APMC,Cereals,Wheat,Other,FAQ,"2,430.00","2,950.00","2,570.00",Rs./Quintal,1.60,Metric Tonnes,13-01-2026
Maharashtra,Nashik,Satana APMC,Cereals,Wheat,Other,FAQ,"2,475.00","2,815.00","2,600.00",Rs./Quintal,1.80,Metric Tonnes,12-11-2025
Maharashtra,Nashik,Satana APMC,Cereals,Wheat,Other,Non-FAQ,"2,405.00","2,405.00","2,405.00",Rs./Quintal,0.20,Metric Tonnes,12-11-2025
Maharashtra,Nashik,Satana APMC,Cereals,Wheat,Other,FAQ,"2,717.00","2,825.00","2,780.00",Rs./Quintal,0.90,Metric Tonnes,12-08-2026
Maharashtra,Nashik,Satana APMC,Cereals,Wheat,Other,Non-FAQ,"2,360.00","2,360.00","2,360.00",Rs./Quintal,0.30,Metric Tonnes,12-08-2026
Maharashtra,Nashik,Satana APMC,Cereals,Wheat,Other,FAQ,"2,701.00","2,701.00","2,701.00",Rs./Quintal,1.50,Metric Tonnes,12-05-2026
Maharashtra,Nashik,Satana APMC,Cereals,Wheat,Other,Non-FAQ,"2,000.00","2,540.00","2,400.00",Rs./Quintal,10.70,Metric Tonnes,12-05-2026
Maharashtra,Nashik,Satana APMC,Cereals,Wheat,Other,Non-FAQ,"2,050.00","2,366.00","2,180.00",Rs./Quintal,25.50,Metric Tonnes,12-03-2026
Maharashtra,Nashik,Satana APMC,Cereals,Wheat,Other,FAQ,"2,560.00","2,967.00","2,750.00",Rs./Quintal,2.90,Metric Tonnes,12-02-2026
Maharashtra,Nashik,Satana APMC,Cereals,Wheat,Other,FAQ,"2,550.00","2,851.00","2,701.00",Rs./Quintal,1.10,Metric Tonnes,12-01-2026
Maharashtra,Nashik,Satana APMC,Cereals,Wheat,Other,Non-FAQ,"2,305.00","2,305.00","2,305.00",Rs./Quintal,0.20,Metric Tonnes,12-01-2026
Maharashtra,Nashik,Satana APMC,Cereals,Wheat,Other,FAQ,"2,501.00","2,951.00","2,770.00",Rs./Quintal,2.00,Metric Tonnes,11-12-2025
Maharashtra,Nashik,Satana APMC,Cereals,Wheat,Other,FAQ,"2,450.00","3,081.00","2,700.00",Rs./Quintal,2.00,Metric Tonnes,11-11-2025
Maharashtra,Nashik,Satana APMC,Cereals,Wheat,Other,Non-FAQ,"2,420.00","2,420.00","2,420.00",Rs./Quintal,0.20,Metric Tonnes,11-11-2025
Maharashtra,Nashik,Satana APMC,Cereals,Wheat,Other,FAQ,"2,600.00","2,600.00","2,600.00",Rs./Quintal,3.50,Metric Tonnes,11-06-2026
Maharashtra,Nashik,Satana APMC,Cereals,Wheat,Other,Non-FAQ,"1,900.00","2,550.00","2,328.00",Rs./Quintal,3.80,Metric Tonnes,11-06-2026
Maharashtra,Nashik,Satana APMC,Cereals,Wheat,Other,FAQ,"2,755.00","2,755.00","2,755.00",Rs./Quintal,1.00,Metric Tonnes,11-05-2026
Maharashtra,Nashik,Satana APMC,Cereals,Wheat,Other,Non-FAQ,"2,000.00","2,510.00","2,450.00",Rs./Quintal,5.50,Metric Tonnes,11-05-2026
Maharashtra,Nashik,Satana APMC,Cereals,Wheat,Other,FAQ,"2,450.00","2,526.00","2,500.00",Rs./Quintal,14.50,Metric Tonnes,11-03-2026
Maharashtra,Nashik,Satana APMC,Cereals,Wheat,Other,Non-FAQ,"2,151.00","2,400.00","2,323.00",Rs./Quintal,1.50,Metric Tonnes,11-03-2026
Maharashtra,Nashik,Satana APMC,Cereals,Wheat,Other,FAQ,"2,611.00","2,611.00","2,611.00",Rs./Quintal,0.30,Metric Tonnes,11-02-2026
Maharashtra,Nashik,Satana APMC,Cereals,Wheat,Other,Non-FAQ,"1,812.00","2,351.00","2,300.00",Rs./Quintal,0.40,Metric Tonnes,11-02-2026
Maharashtra,Nashik,Satana APMC,Cereals,Wheat,Other,FAQ,"2,485.00","2,750.00","2,650.00",Rs./Quintal,2.70,Metric Tonnes,10-12-2025
Maharashtra,Nashik,Satana APMC,Cereals,Wheat,Other,Non-FAQ,"2,312.00","2,312.00","2,312.00",Rs./Quintal,0.30,Metric Tonnes,10-12-2025
Maharashtra,Nashik,Satana APMC,Cereals,Wheat,Other,FAQ,"2,525.00","3,117.00","2,700.00",Rs./Quintal,1.90,Metric Tonnes,10-11-2025
Maharashtra,Nashik,Satana APMC,Cereals,Wheat,Other,Non-FAQ,"1,885.00","1,885.00","1,885.00",Rs./Quintal,0.20,Metric Tonnes,10-11-2025
Maharashtra,Nashik,Satana APMC,Cereals,Wheat,Other,FAQ,"2,711.00","2,862.00","2,790.00",Rs./Quintal,1.10,Metric Tonnes,10-08-2026
Maharashtra,Nashik,Satana APMC,Cereals,Wheat,Other,Non-FAQ,"2,351.00","2,351.00","2,351.00",Rs./Quintal,0.30,Metric Tonnes,10-08-2026
Maharashtra,Nashik,Satana APMC,Cereals,Wheat,Other,FAQ,"2,681.00","2,800.00","2,750.00",Rs./Quintal,1.60,Metric Tonnes,10-07-2026
Maharashtra,Nashik,Satana APMC,Cereals,Wheat,Other,Non-FAQ,"2,301.00","2,301.00","2,301.00",Rs./Quintal,0.20,Metric Tonnes,10-07-2026
Maharashtra,Nashik,Satana APMC,Cereals,Wheat,Other,FAQ,"2,806.00","2,806.00","2,806.00",Rs./Quintal,1.50,Metric Tonnes,10-06-2026
Maharashtra,Nashik,Satana APMC,Cereals,Wheat,Other,Non-FAQ,"2,011.00","2,550.00","2,500.00",Rs./Quintal,6.30,Metric Tonnes,10-06-2026
Maharashtra,Nashik,Satana APMC,Cereals,Wheat,Other,Non-FAQ,"2,065.00","2,400.00","2,282.00",Rs./Quintal,19.20,Metric Tonnes,10-03-2026
Maharashtra,Nashik,Satana APMC,Cereals,Wheat,Other,FAQ,"2,460.00","2,661.00","2,600.00",Rs./Quintal,0.60,Metric Tonnes,10-02-2026
Maharashtra,Nashik,Satana APMC,Cereals,Wheat,Other,Non-FAQ,"2,312.00","2,312.00","2,312.00",Rs./Quintal,0.10,Metric Tonnes,10-02-2026
Maharashtra,Nashik,Satana APMC,Cereals,Wheat,Other,FAQ,"2,530.00","3,006.00","2,850.00",Rs./Quintal,2.40,Metric Tonnes,09-12-2025
Maharashtra,Nashik,Satana APMC,Cereals,Wheat,Other,Non-FAQ,"2,200.00","2,200.00","2,200.00",Rs./Quintal,0.30,Metric Tonnes,09-12-2025
Maharashtra,Nashik,Satana APMC,Cereals,Wheat,Other,FAQ,"2,770.00","3,000.00","2,800.00",Rs./Quintal,1.00,Metric Tonnes,09-07-2026
Maharashtra,Nashik,Satana APMC,Cereals,Wheat,Other,Non-FAQ,"2,515.00","2,515.00","2,515.00",Rs./Quintal,0.40,Metric Tonnes,09-07-2026
Maharashtra,Nashik,Satana APMC,Cereals,Wheat,Other,Non-FAQ,"2,031.00","2,540.00","2,425.00",Rs./Quintal,11.30,Metric Tonnes,09-06-2026
Maharashtra,Nashik,Satana APMC,Cereals,Wheat,Other,FAQ,"2,450.00","2,613.00","2,550.00",Rs./Quintal,13.00,Metric Tonnes,09-03-2026
Maharashtra,Nashik,Satana APMC,Cereals,Wheat,Other,Non-FAQ,"1,800.00","2,410.00","2,390.00",Rs./Quintal,4.00,Metric Tonnes,09-03-2026
Maharashtra,Nashik,Satana APMC,Cereals,Wheat,Other,FAQ,"2,510.00","2,988.00","2,850.00",Rs./Quintal,0.90,Metric Tonnes,09-02-2026
Maharashtra,Nashik,Satana APMC,Cereals,Wheat,Other,Non-FAQ,"2,200.00","2,200.00","2,200.00",Rs./Quintal,0.10,Metric Tonnes,09-02-2026
Maharashtra,Nashik,Satana APMC,Cereals,Wheat,Other,FAQ,"2,550.00","2,980.00","2,770.00",Rs./Quintal,1.40,Metric Tonnes,09-01-2026
Maharashtra,Nashik,Satana APMC,Cereals,Wheat,Other,Non-FAQ,"2,101.00","2,101.00","2,101.00",Rs./Quintal,0.10,Metric Tonnes,09-01-2026
Maharashtra,Nashik,Satana APMC,Cereals,Wheat,Other,FAQ,"2,501.00","2,812.00","2,775.00",Rs./Quintal,2.30,Metric Tonnes,08-12-2025
Maharashtra,Nashik,Satana APMC,Cereals,Wheat,Other,Non-FAQ,"2,300.00","2,300.00","2,300.00",Rs./Quintal,0.20,Metric Tonnes,08-12-2025
Maharashtra,Nashik,Satana APMC,Cereals,Wheat,Other,FAQ,"2,800.00","2,800.00","2,800.00",Rs./Quintal,0.40,Metric Tonnes,08-07-2026
Maharashtra,Nashik,Satana APMC,Cereals,Wheat,Other,Non-FAQ,"2,300.00","2,501.00","2,400.00",Rs./Quintal,1.10,Metric Tonnes,08-07-2026
Maharashtra,Nashik,Satana APMC,Cereals,Wheat,Other,Non-FAQ,"2,112.00","2,540.00","2,401.00",Rs./Quintal,11.10,Metric Tonnes,08-06-2026
Maharashtra,Nashik,Satana APMC,Cereals,Wheat,Other,FAQ,"2,590.00","2,590.00","2,590.00",Rs./Quintal,2.50,Metric Tonnes,08-05-2026
Maharashtra,Nashik,Satana APMC,Cereals,Wheat,Other,Non-FAQ,"2,075.00","2,550.00","2,391.00",Rs./Quintal,9.10,Metric Tonnes,08-05-2026
Maharashtra,Nashik,Satana APMC,Cereals,Wheat,Other,FAQ,"2,668.00","2,886.00","2,750.00",Rs./Quintal,1.20,Metric Tonnes,08-01-2026
Maharashtra,Nashik,Satana APMC,Cereals,Wheat,Other,Non-FAQ,"2,312.00","2,312.00","2,312.00",Rs./Quintal,0.20,Metric Tonnes,08-01-2026
Maharashtra,Nashik,Satana APMC,Cereals,Wheat,Other,FAQ,"2,521.00","3,119.00","2,750.00",Rs./Quintal,1.50,Metric Tonnes,07-11-2025
Maharashtra,Nashik,Satana APMC,Cereals,Wheat,Other,Non-FAQ,"1,612.00","1,612.00","1,612.00",Rs./Quintal,0.10,Metric Tonnes,07-11-2025
Maharashtra,Nashik,Satana APMC,Cereals,Wheat,Other,FAQ,"2,691.00","2,790.00","2,720.00",Rs./Quintal,0.90,Metric Tonnes,07-08-2026
Maharashtra,Nashik,Satana APMC,Cereals,Wheat,Other,Non-FAQ,"2,425.00","2,425.00","2,425.00",Rs./Quintal,0.30,Metric Tonnes,07-08-2026
Maharashtra,Nashik,Satana APMC,Cereals,Wheat,Other,FAQ,"2,611.00","2,699.00","2,620.00",Rs./Quintal,0.90,Metric Tonnes,07-07-2026
Maharashtra,Nashik,Satana APMC,Cereals,Wheat,Other,Non-FAQ,"2,550.00","2,550.00","2,550.00",Rs./Quintal,1.00,Metric Tonnes,07-07-2026
Maharashtra,Nashik,Satana APMC,Cereals,Wheat,Other,Non-FAQ,"2,080.00","2,506.00","2,372.00",Rs./Quintal,6.00,Metric Tonnes,07-05-2026
Maharashtra,Nashik,Satana APMC,Cereals,Wheat,Other,FAQ,"2,555.00","2,877.00","2,750.00",Rs./Quintal,1.20,Metric Tonnes,07-01-2026
Maharashtra,Nashik,Satana APMC,Cereals,Wheat,Other,FAQ,"2,675.00","2,675.00","2,675.00",Rs./Quintal,0.40,Metric Tonnes,06-08-2026
Maharashtra,Nashik,Satana APMC,Cereals,Wheat,Other,Non-FAQ,"2,450.00","2,550.00","2,505.00",Rs./Quintal,1.30,Metric Tonnes,06-08-2026
Maharashtra,Nashik,Satana APMC,Cereals,Wheat,Other,FAQ,"2,749.00","2,749.00","2,749.00",Rs./Quintal,0.50,Metric Tonnes,06-07-2026
Maharashtra,Nashik,Satana APMC,Cereals,Wheat,Other,Non-FAQ,"2,312.00","2,550.00","2,450.00",Rs./Quintal,1.00,Metric Tonnes,06-07-2026
Maharashtra,Nashik,Satana APMC,Cereals,Wheat,Other,Non-FAQ,"2,190.00","2,582.00","2,375.00",Rs./Quintal,15.00,Metric Tonnes,06-05-2026
Maharashtra,Nashik,Satana APMC,Cereals,Wheat,Other,FAQ,"2,450.00","2,505.00","2,485.00",Rs./Quintal,12.00,Metric Tonnes,06-03-2026
Maharashtra,Nashik,Satana APMC,Cereals,Wheat,Other,Non-FAQ,"1,891.00","2,400.00","2,316.00",Rs./Quintal,2.10,Metric Tonnes,06-03-2026
Maharashtra,Nashik,Satana APMC,Cereals,Wheat,Other,FAQ,"2,550.00","2,771.00","2,670.00",Rs./Quintal,1.40,Metric Tonnes,06-01-2026
Maharashtra,Nashik,Satana APMC,Cereals,Wheat,Other,Non-FAQ,"1,960.00","1,960.00","1,960.00",Rs./Quintal,0.10,Metric Tonnes,06-01-2026
Maharashtra,Nashik,Satana APMC,Cereals,Wheat,Other,FAQ,"2,500.00","3,001.00","2,700.00",Rs./Quintal,3.00,Metric Tonnes,05-12-2025
Maharashtra,Nashik,Satana APMC,Cereals,Wheat,Other,Non-FAQ,"2,356.00","2,356.00","2,356.00",Rs./Quintal,0.50,Metric Tonnes,05-12-2025
Maharashtra,Nashik,Satana APMC,Cereals,Wheat,Other,FAQ,"2,700.00","2,861.00","2,805.00",Rs./Quintal,1.10,Metric Tonnes,05-08-2026
Maharashtra,Nashik,Satana APMC,Cereals,Wheat,Other,Non-FAQ,"2,536.00","2,536.00","2,536.00",Rs./Quintal,0.40,Metric Tonnes,05-08-2026
Maharashtra,Nashik,Satana APMC,Cereals,Wheat,Other,FAQ,"2,792.00","2,792.00","2,792.00",Rs./Quintal,2.00,Metric Tonnes,05-06-2026
Maharashtra,Nashik,Satana APMC,Cereals,Wheat,Other,Non-FAQ,"2,026.00","2,551.00","2,410.00",Rs./Quintal,12.50,Metric Tonnes,05-06-2026
Maharashtra,Nashik,Satana APMC,Cereals,Wheat,Other,Non-FAQ,"2,125.00","2,570.00","2,386.00",Rs./Quintal,23.50,Metric Tonnes,05-05-2026
Maharashtra,Nashik,Satana APMC,Cereals,Wheat,Other,FAQ,"2,450.00","2,900.00","2,750.00",Rs./Quintal,6.50,Metric Tonnes,05-03-2026
Maharashtra,Nashik,Satana APMC,Cereals,Wheat,Other,Non-FAQ,"1,800.00","2,400.00","2,325.00",Rs./Quintal,1.40,Metric Tonnes,05-03-2026
Maharashtra,Nashik,Satana APMC,Cereals,Wheat,Other,FAQ,"2,470.00","2,600.00","2,550.00",Rs./Quintal,0.40,Metric Tonnes,05-02-2026
Maharashtra,Nashik,Satana APMC,Cereals,Wheat,Other,Non-FAQ,"2,411.00","2,411.00","2,411.00",Rs./Quintal,0.10,Metric Tonnes,05-02-2026
Maharashtra,Nashik,Satana APMC,Cereals,Wheat,Other,FAQ,"2,605.00","3,100.00","2,850.00",Rs./Quintal,2.10,Metric Tonnes,05-01-2026
Maharashtra,Nashik,Satana APMC,Cereals,Wheat,Other,Non-FAQ,"1,655.00","1,655.00","1,655.00",Rs./Quintal,0.20,Metric Tonnes,05-01-2026
Maharashtra,Nashik,Satana APMC,Cereals,Wheat,Other,FAQ,"2,716.00","2,805.00","2,760.00",Rs./Quintal,1.20,Metric Tonnes,04-08-2026
Maharashtra,Nashik,Satana APMC,Cereals,Wheat,Other,Non-FAQ,"2,450.00","2,450.00","2,450.00",Rs./Quintal,0.40,Metric Tonnes,04-08-2026
Maharashtra,Nashik,Satana APMC,Cereals,Wheat,Other,Non-FAQ,"2,200.00","2,425.00","2,365.00",Rs./Quintal,4.80,Metric Tonnes,04-06-2026
Maharashtra,Nashik,Satana APMC,Cereals,Wheat,Other,FAQ,"2,600.00","2,600.00","2,600.00",Rs./Quintal,2.50,Metric Tonnes,04-05-2026
Maharashtra,Nashik,Satana APMC,Cereals,Wheat,Other,Non-FAQ,"2,205.00","2,550.00","2,391.00",Rs./Quintal,11.50,Metric Tonnes,04-05-2026
Maharashtra,Nashik,Satana APMC,Cereals,Wheat,Other,FAQ,"2,450.00","2,680.00","2,600.00",Rs./Quintal,5.20,Metric Tonnes,04-03-2026
Maharashtra,Nashik,Satana APMC,Cereals,Wheat,Other,Non-FAQ,"2,400.00","2,400.00","2,400.00",Rs./Quintal,0.70,Metric Tonnes,04-03-2026
Maharashtra,Nashik,Satana APMC,Cereals,Wheat,Other,FAQ,"2,526.00","2,857.00","2,750.00",Rs./Quintal,0.60,Metric Tonnes,04-02-2026
Maharashtra,Nashik,Satana APMC,Cereals,Wheat,Other,Non-FAQ,"2,000.00","2,000.00","2,000.00",Rs./Quintal,0.20,Metric Tonnes,04-02-2026
Maharashtra,Nashik,Satana APMC,Cereals,Wheat,Other,FAQ,"2,500.00","2,900.00","2,825.00",Rs./Quintal,2.10,Metric Tonnes,03-12-2025
Maharashtra,Nashik,Satana APMC,Cereals,Wheat,Other,Non-FAQ,"2,250.00","2,250.00","2,250.00",Rs./Quintal,0.30,Metric Tonnes,03-12-2025
Maharashtra,Nashik,Satana APMC,Cereals,Wheat,Other,FAQ,"2,721.00","2,900.00","2,805.00",Rs./Quintal,1.20,Metric Tonnes,03-08-2026
Maharashtra,Nashik,Satana APMC,Cereals,Wheat,Other,Non-FAQ,"2,499.00","2,499.00","2,499.00",Rs./Quintal,0.40,Metric Tonnes,03-08-2026
Maharashtra,Nashik,Satana APMC,Cereals,Wheat,Other,FAQ,"2,700.00","2,700.00","2,700.00",Rs./Quintal,0.50,Metric Tonnes,03-07-2026
Maharashtra,Nashik,Satana APMC,Cereals,Wheat,Other,Non-FAQ,"2,565.00","2,565.00","2,565.00",Rs./Quintal,0.40,Metric Tonnes,03-07-2026
Maharashtra,Nashik,Satana APMC,Cereals,Wheat,Other,Non-FAQ,"2,205.00","2,424.00","2,330.00",Rs./Quintal,7.70,Metric Tonnes,03-06-2026
Maharashtra,Nashik,Satana APMC,Cereals,Wheat,Other,FAQ,"2,482.00","2,735.00","2,512.00",Rs./Quintal,0.60,Metric Tonnes,03-02-2026
Maharashtra,Nashik,Satana APMC,Cereals,Wheat,Other,FAQ,"2,627.00","2,800.00","2,725.00",Rs./Quintal,1.90,Metric Tonnes,02-07-2026
Maharashtra,Nashik,Satana APMC,Cereals,Wheat,Other,Non-FAQ,"2,460.00","2,460.00","2,460.00",Rs./Quintal,0.50,Metric Tonnes,02-07-2026
Maharashtra,Nashik,Satana APMC,Cereals,Wheat,Other,FAQ,"2,661.00","2,661.00","2,661.00",Rs./Quintal,1.50,Metric Tonnes,02-06-2026
Maharashtra,Nashik,Satana APMC,Cereals,Wheat,Other,Non-FAQ,"2,000.00","2,550.00","2,401.00",Rs./Quintal,7.40,Metric Tonnes,02-06-2026
Maharashtra,Nashik,Satana APMC,Cereals,Wheat,Other,FAQ,"2,500.00","2,840.00","2,750.00",Rs./Quintal,0.60,Metric Tonnes,02-02-2026
Maharashtra,Nashik,Satana APMC,Cereals,Wheat,Other,Non-FAQ,"1,600.00","1,600.00","1,600.00",Rs./Quintal,0.10,Metric Tonnes,02-02-2026
Maharashtra,Nashik,Satana APMC,Cereals,Wheat,Other,FAQ,"2,550.00","2,791.00","2,681.00",Rs./Quintal,1.50,Metric Tonnes,02-01-2026
Maharashtra,Nashik,Satana APMC,Cereals,Wheat,Other,Non-FAQ,"2,105.00","2,105.00","2,105.00",Rs./Quintal,0.20,Metric Tonnes,02-01-2026
Maharashtra,Nashik,Satana APMC,Cereals,Wheat,Other,FAQ,"2,550.00","3,050.00","2,875.00",Rs./Quintal,2.40,Metric Tonnes,01-12-2025
Maharashtra,Nashik,Satana APMC,Cereals,Wheat,Other,Non-FAQ,"1,700.00","2,415.00","2,400.00",Rs./Quintal,1.90,Metric Tonnes,01-12-2025
Maharashtra,Nashik,Satana APMC,Cereals,Wheat,Other,FAQ,"2,704.00","2,704.00","2,704.00",Rs./Quintal,0.50,Metric Tonnes,01-07-2026
Maharashtra,Nashik,Satana APMC,Cereals,Wheat,Other,Non-FAQ,"2,000.00","2,561.00","2,475.00",Rs./Quintal,1.60,Metric Tonnes,01-07-2026
Maharashtra,Nashik,Satana APMC,Cereals,Wheat,Other,Non-FAQ,"2,103.00","2,540.00","2,435.00",Rs./Quintal,6.20,Metric Tonnes,01-06-2026
Maharashtra,Nashik,Satana APMC,Cereals,Wheat,Other,FAQ,"2,700.00","2,996.00","2,841.00",Rs./Quintal,1.70,Metric Tonnes,01-01-2026
Maharashtra,Nashik,Satana APMC,Cereals,Wheat,Other,Non-FAQ,"2,312.00","2,312.00","2,312.00",Rs./Quintal,0.20,Metric Tonnes,01-01-2026
Maharashtra,Nashik,Shivsiddha Govind Producer Company Ltd Sanchalit Khajgi Krushi Utpann Bajar Samati-Abhona-Kalwan,Cereals,Wheat,Other,Local,"2,800.00","2,800.00","2,800.00",Rs./Quintal,1.07,Metric Tonnes,26-02-2026
Maharashtra,Nashik,Shivsiddha Govind Producer Company Ltd Sanchalit Khajgi Krushi Utpann Bajar Samati-Abhona-Kalwan,Cereals,Wheat,Other,Local,"2,700.00","2,700.00","2,700.00",Rs./Quintal,0.20,Metric Tonnes,25-02-2026
Maharashtra,Nashik,Shivsiddha Govind Producer Company Ltd Sanchalit Khajgi Krushi Utpann Bajar Samati-Abhona-Kalwan,Cereals,Wheat,Other,Local,"2,100.00","2,100.00","2,100.00",Rs./Quintal,1.96,Metric Tonnes,24-03-2026
Maharashtra,Nashik,Shivsiddha Govind Producer Company Ltd Sanchalit Khajgi Krushi Utpann Bajar Samati-Abhona-Kalwan,Cereals,Wheat,Other,Local,"2,220.00","2,220.00","2,220.00",Rs./Quintal,1.70,Metric Tonnes,23-03-2026
Maharashtra,Nashik,Shivsiddha Govind Producer Company Ltd Sanchalit Khajgi Krushi Utpann Bajar Samati-Abhona-Kalwan,Cereals,Wheat,Other,Local,"3,000.00","3,000.00","3,000.00",Rs./Quintal,0.16,Metric Tonnes,23-02-2026
Maharashtra,Nashik,Shivsiddha Govind Producer Company Ltd Sanchalit Khajgi Krushi Utpann Bajar Samati-Abhona-Kalwan,Cereals,Wheat,Other,Local,"3,000.00","3,000.00","3,000.00",Rs./Quintal,0.30,Metric Tonnes,21-01-2026
Maharashtra,Nashik,Sinner APMC,Cereals,Wheat,Other,FAQ,"2,590.00","2,800.00","2,750.00",Rs./Quintal,1.90,Metric Tonnes,31-12-2025
Maharashtra,Nashik,Sinner APMC,Cereals,Wheat,Other,Non-FAQ,"2,485.00","2,550.00","2,500.00",Rs./Quintal,3.30,Metric Tonnes,30-06-2026
Maharashtra,Nashik,Sinner APMC,Cereals,Wheat,Other,FAQ,"2,660.00","2,675.00","2,665.00",Rs./Quintal,2.30,Metric Tonnes,29-07-2026
Maharashtra,Nashik,Sinner APMC,Cereals,Wheat,Other,FAQ,"2,600.00","2,600.00","2,600.00",Rs./Quintal,2.20,Metric Tonnes,29-06-2026
Maharashtra,Nashik,Sinner APMC,Cereals,Wheat,Other,Non-FAQ,"2,345.00","2,500.00","2,450.00",Rs./Quintal,1.60,Metric Tonnes,29-06-2026
Maharashtra,Nashik,Sinner APMC,Cereals,Wheat,Other,FAQ,"2,450.00","2,725.00","2,650.00",Rs./Quintal,6.40,Metric Tonnes,28-11-2025
Maharashtra,Nashik,Sinner APMC,Cereals,Wheat,Other,FAQ,"2,585.00","2,650.00","2,600.00",Rs./Quintal,5.30,Metric Tonnes,28-07-2026
Maharashtra,Nashik,Sinner APMC,Cereals,Wheat,Other,FAQ,"2,565.00","2,700.00","2,670.00",Rs./Quintal,6.80,Metric Tonnes,28-01-2026
Maharashtra,Nashik,Sinner APMC,Cereals,Wheat,Other,FAQ,"2,600.00","2,665.00","2,600.00",Rs./Quintal,10.40,Metric Tonnes,27-07-2026
Maharashtra,Nashik,Sinner APMC,Cereals,Wheat,Other,FAQ,"2,500.00","2,775.00","2,700.00",Rs./Quintal,3.80,Metric Tonnes,27-01-2026
Maharashtra,Nashik,Sinner APMC,Cereals,Wheat,Other,FAQ,"2,575.00","2,785.00","2,700.00",Rs./Quintal,4.70,Metric Tonnes,25-11-2025
Maharashtra,Nashik,Sinner APMC,Cereals,Wheat,Other,Non-FAQ,"2,390.00","2,545.00","2,450.00",Rs./Quintal,8.20,Metric Tonnes,25-06-2026
Maharashtra,Nashik,Sinner APMC,Cereals,Wheat,Other,FAQ,"2,435.00","2,475.00","2,450.00",Rs./Quintal,4.00,Metric Tonnes,25-02-2026
Maharashtra,Nashik,Sinner APMC,Cereals,Wheat,Other,FAQ,"2,565.00","2,690.00","2,650.00",Rs./Quintal,5.50,Metric Tonnes,24-11-2025
Maharashtra,Nashik,Sinner APMC,Cereals,Wheat,Other,FAQ,"2,585.00","2,670.00","2,600.00",Rs./Quintal,1.20,Metric Tonnes,24-07-2026
Maharashtra,Nashik,Sinner APMC,Cereals,Wheat,Other,Non-FAQ,"2,300.00","2,450.00","2,400.00",Rs./Quintal,5.00,Metric Tonnes,24-06-2026
Maharashtra,Nashik,Sinner APMC,Cereals,Wheat,Other,FAQ,"2,525.00","2,525.00","2,525.00",Rs./Quintal,2.00,Metric Tonnes,24-03-2026
Maharashtra,Nashik,Sinner APMC,Cereals,Wheat,Other,Non-FAQ,"1,000.00","2,350.00","2,300.00",Rs./Quintal,10.00,Metric Tonnes,24-03-2026
Maharashtra,Nashik,Sinner APMC,Cereals,Wheat,Other,FAQ,"2,575.00","2,755.00","2,650.00",Rs./Quintal,2.70,Metric Tonnes,23-12-2025
Maharashtra,Nashik,Sinner APMC,Cereals,Wheat,Other,FAQ,"2,585.00","2,660.00","2,600.00",Rs./Quintal,1.80,Metric Tonnes,23-07-2026
Maharashtra,Nashik,Sinner APMC,Cereals,Wheat,Other,Non-FAQ,"2,370.00","2,515.00","2,400.00",Rs./Quintal,4.50,Metric Tonnes,23-06-2026
Maharashtra,Nashik,Sinner APMC,Cereals,Wheat,Other,Non-FAQ,"2,070.00","2,360.00","2,300.00",Rs./Quintal,11.30,Metric Tonnes,23-03-2026
Maharashtra,Nashik,Sinner APMC,Cereals,Wheat,Other,FAQ,"2,585.00","2,600.00","2,590.00",Rs./Quintal,3.00,Metric Tonnes,22-07-2026
Maharashtra,Nashik,Sinner APMC,Cereals,Wheat,Other,Non-FAQ,"2,325.00","2,500.00","2,400.00",Rs./Quintal,7.00,Metric Tonnes,22-06-2026
Maharashtra,Nashik,Sinner APMC,Cereals,Wheat,Other,FAQ,"2,605.00","2,705.00","2,700.00",Rs./Quintal,3.40,Metric Tonnes,22-01-2026
Maharashtra,Nashik,Sinner APMC,Cereals,Wheat,Other,FAQ,"2,585.00","2,660.00","2,635.00",Rs./Quintal,4.40,Metric Tonnes,21-08-2026
Maharashtra,Nashik,Sinner APMC,Cereals,Wheat,Other,FAQ,"2,585.00","2,675.00","2,590.00",Rs./Quintal,3.70,Metric Tonnes,21-07-2026
Maharashtra,Nashik,Sinner APMC,Cereals,Wheat,Other,FAQ,"2,600.00","2,695.00","2,680.00",Rs./Quintal,9.20,Metric Tonnes,20-08-2026
Maharashtra,Nashik,Sinner APMC,Cereals,Wheat,Other,FAQ,"2,585.00","2,680.00","2,600.00",Rs./Quintal,3.70,Metric Tonnes,20-07-2026
Maharashtra,Nashik,Sinner APMC,Cereals,Wheat,Other,FAQ,"2,640.00","2,695.00","2,670.00",Rs./Quintal,5.00,Metric Tonnes,20-01-2026
Maharashtra,Nashik,Sinner APMC,Cereals,Wheat,Other,FAQ,"2,605.00","2,675.00","2,650.00",Rs./Quintal,3.00,Metric Tonnes,19-12-2025
Maharashtra,Nashik,Sinner APMC,Cereals,Wheat,Other,FAQ,"2,605.00","2,720.00","2,650.00",Rs./Quintal,4.00,Metric Tonnes,19-08-2026
Maharashtra,Nashik,Sinner APMC,Cereals,Wheat,Other,FAQ,"2,550.00","2,775.00","2,700.00",Rs./Quintal,4.50,Metric Tonnes,18-12-2025
Maharashtra,Nashik,Sinner APMC,Cereals,Wheat,Other,FAQ,"2,590.00","2,735.00","2,700.00",Rs./Quintal,2.70,Metric Tonnes,18-11-2025
Maharashtra,Nashik,Sinner APMC,Cereals,Wheat,Other,FAQ,"2,585.00","2,700.00","2,680.00",Rs./Quintal,4.30,Metric Tonnes,18-08-2026
Maharashtra,Nashik,Sinner APMC,Cereals,Wheat,Other,FAQ,"2,495.00","2,495.00","2,495.00",Rs./Quintal,2.50,Metric Tonnes,18-03-2026
Maharashtra,Nashik,Sinner APMC,Cereals,Wheat,Other,Non-FAQ,"2,185.00","2,395.00","2,250.00",Rs./Quintal,18.00,Metric Tonnes,18-03-2026
Maharashtra,Nashik,Sinner APMC,Cereals,Wheat,Other,FAQ,"2,685.00","2,685.00","2,685.00",Rs./Quintal,0.10,Metric Tonnes,17-08-2026
Maharashtra,Nashik,Sinner APMC,Cereals,Wheat,Other,FAQ,"2,585.00","2,595.00","2,588.00",Rs./Quintal,5.70,Metric Tonnes,17-07-2026
Maharashtra,Nashik,Sinner APMC,Cereals,Wheat,Other,FAQ,"2,430.00","2,495.00","2,440.00",Rs./Quintal,5.50,Metric Tonnes,17-03-2026
Maharashtra,Nashik,Sinner APMC,Cereals,Wheat,Other,Non-FAQ,"2,200.00","2,330.00","2,250.00",Rs./Quintal,8.00,Metric Tonnes,17-03-2026
Maharashtra,Nashik,Sinner APMC,Cereals,Wheat,Other,FAQ,"2,640.00","2,640.00","2,640.00",Rs./Quintal,0.60,Metric Tonnes,16-07-2026
Maharashtra,Nashik,Sinner APMC,Cereals,Wheat,Other,Non-FAQ,"2,525.00","2,565.00","2,565.00",Rs./Quintal,3.00,Metric Tonnes,16-07-2026
Maharashtra,Nashik,Sinner APMC,Cereals,Wheat,Other,FAQ,"2,520.00","2,690.00","2,550.00",Rs./Quintal,2.50,Metric Tonnes,16-03-2026
Maharashtra,Nashik,Sinner APMC,Cereals,Wheat,Other,Non-FAQ,"2,245.00","2,330.00","2,300.00",Rs./Quintal,4.50,Metric Tonnes,16-03-2026
Maharashtra,Nashik,Sinner APMC,Cereals,Wheat,Other,FAQ,"2,550.00","2,900.00","2,850.00",Rs./Quintal,0.80,Metric Tonnes,15-12-2025
Maharashtra,Nashik,Sinner APMC,Cereals,Wheat,Other,Non-FAQ,"1,500.00","2,565.00","2,550.00",Rs./Quintal,3.10,Metric Tonnes,15-07-2026
Maharashtra,Nashik,Sinner APMC,Cereals,Wheat,Other,FAQ,"2,585.00","2,600.00","2,590.00",Rs./Quintal,0.80,Metric Tonnes,14-07-2026
Maharashtra,Nashik,Sinner APMC,Cereals,Wheat,Other,FAQ,"2,630.00","2,690.00","2,640.00",Rs./Quintal,6.40,Metric Tonnes,13-08-2026
Maharashtra,Nashik,Sinner APMC,Cereals,Wheat,Other,Non-FAQ,"2,500.00","2,565.00","2,550.00",Rs./Quintal,7.00,Metric Tonnes,13-07-2026
Maharashtra,Nashik,Sinner APMC,Cereals,Wheat,Other,Non-FAQ,"2,320.00","2,330.00","2,325.00",Rs./Quintal,1.90,Metric Tonnes,12-05-2026
Maharashtra,Nashik,Sinner APMC,Cereals,Wheat,Other,Non-FAQ,"2,245.00","2,420.00","2,400.00",Rs./Quintal,8.50,Metric Tonnes,12-03-2026
Maharashtra,Nashik,Sinner APMC,Cereals,Wheat,Other,FAQ,"2,450.00","2,745.00","2,700.00",Rs./Quintal,4.30,Metric Tonnes,11-11-2025
Maharashtra,Nashik,Sinner APMC,Cereals,Wheat,Other,FAQ,"2,605.00","2,695.00","2,650.00",Rs./Quintal,4.40,Metric Tonnes,11-08-2026
Maharashtra,Nashik,Sinner APMC,Cereals,Wheat,Other,Non-FAQ,"2,300.00","2,525.00","2,400.00",Rs./Quintal,5.00,Metric Tonnes,11-05-2026
Maharashtra,Nashik,Sinner APMC,Cereals,Wheat,Other,Non-FAQ,"2,215.00","2,420.00","2,400.00",Rs./Quintal,22.00,Metric Tonnes,11-03-2026
Maharashtra,Nashik,Sinner APMC,Cereals,Wheat,Other,FAQ,"2,585.00","2,705.00","2,680.00",Rs./Quintal,4.80,Metric Tonnes,10-08-2026
Maharashtra,Nashik,Sinner APMC,Cereals,Wheat,Other,FAQ,"2,585.00","2,620.00","2,590.00",Rs./Quintal,7.20,Metric Tonnes,10-07-2026
Maharashtra,Nashik,Sinner APMC,Cereals,Wheat,Other,FAQ,"2,585.00","2,605.00","2,590.00",Rs./Quintal,5.20,Metric Tonnes,09-07-2026
Maharashtra,Nashik,Sinner APMC,Cereals,Wheat,Other,Non-FAQ,"2,080.00","2,525.00","2,400.00",Rs./Quintal,10.90,Metric Tonnes,09-04-2026
Maharashtra,Nashik,Sinner APMC,Cereals,Wheat,Other,FAQ,"2,640.00","2,640.00","2,640.00",Rs./Quintal,0.80,Metric Tonnes,08-04-2026
Maharashtra,Nashik,Sinner APMC,Cereals,Wheat,Other,Non-FAQ,"2,080.00","2,540.00","2,300.00",Rs./Quintal,2.30,Metric Tonnes,08-04-2026
Maharashtra,Nashik,Sinner APMC,Cereals,Wheat,Other,FAQ,"2,665.00","2,750.00","2,700.00",Rs./Quintal,5.00,Metric Tonnes,08-01-2026
Maharashtra,Nashik,Sinner APMC,Cereals,Wheat,Other,Non-FAQ,"2,100.00","2,345.00","2,250.00",Rs./Quintal,3.60,Metric Tonnes,07-04-2026
Maharashtra,Nashik,Sinner APMC,Cereals,Wheat,Other,Non-FAQ,"2,500.00","2,550.00","2,530.00",Rs./Quintal,2.00,Metric Tonnes,06-07-2026
Maharashtra,Nashik,Sinner APMC,Cereals,Wheat,Other,Non-FAQ,"2,115.00","2,535.00","2,200.00",Rs./Quintal,4.10,Metric Tonnes,06-04-2026
Maharashtra,Nashik,Sinner APMC,Cereals,Wheat,Other,FAQ,"2,425.00","2,465.00","2,450.00",Rs./Quintal,8.50,Metric Tonnes,05-03-2026
Maharashtra,Nashik,Sinner APMC,Cereals,Wheat,Other,FAQ,"2,565.00","2,590.00","2,580.00",Rs./Quintal,2.40,Metric Tonnes,05-02-2026
Maharashtra,Nashik,Sinner APMC,Cereals,Wheat,Other,FAQ,"2,600.00","2,735.00","2,700.00",Rs./Quintal,2.60,Metric Tonnes,05-01-2026
Maharashtra,Nashik,Sinner APMC,Cereals,Wheat,Other,FAQ,"2,605.00","2,640.00","2,620.00",Rs./Quintal,1.20,Metric Tonnes,04-12-2025
Maharashtra,Nashik,Sinner APMC,Cereals,Wheat,Other,FAQ,"2,625.00","2,700.00","2,650.00",Rs./Quintal,7.20,Metric Tonnes,04-08-2026
Maharashtra,Nashik,Sinner APMC,Cereals,Wheat,Other,FAQ,"2,595.00","2,715.00","2,650.00",Rs./Quintal,10.00,Metric Tonnes,03-12-2025
Maharashtra,Nashik,Sinner APMC,Cereals,Wheat,Other,FAQ,"2,585.00","2,700.00","2,600.00",Rs./Quintal,8.70,Metric Tonnes,03-08-2026
Maharashtra,Nashik,Sinner APMC,Cereals,Wheat,Other,Non-FAQ,"2,515.00","2,565.00","2,550.00",Rs./Quintal,2.80,Metric Tonnes,03-07-2026
Maharashtra,Nashik,Sinner APMC,Cereals,Wheat,Other,FAQ,"2,595.00","2,595.00","2,595.00",Rs./Quintal,0.10,Metric Tonnes,02-07-2026
Maharashtra,Nashik,Sinner APMC,Cereals,Wheat,Other,Non-FAQ,"2,455.00","2,550.00","2,500.00",Rs./Quintal,3.00,Metric Tonnes,02-07-2026
Maharashtra,Nashik,Sinner APMC,Cereals,Wheat,Other,FAQ,"2,585.00","2,740.00","2,650.00",Rs./Quintal,7.70,Metric Tonnes,01-12-2025
Maharashtra,Nashik,Sinner APMC,Cereals,Wheat,Other,FAQ,"2,585.00","2,615.00","2,590.00",Rs./Quintal,3.50,Metric Tonnes,01-07-2026
Maharashtra,Nashik,Yeola APMC,Cereals,Wheat,Maharashtra 2189,FAQ,"2,511.00","2,751.00","2,575.00",Rs./Quintal,2.40,Metric Tonnes,31-12-2025
Maharashtra,Nashik,Yeola APMC,Cereals,Wheat,Maharashtra 2189,FAQ,"2,625.00","2,625.00","2,625.00",Rs./Quintal,0.20,Metric Tonnes,31-07-2026
Maharashtra,Nashik,Yeola APMC,Cereals,Wheat,Maharashtra 2189,FAQ,"2,600.00","2,700.00","2,650.00",Rs./Quintal,9.10,Metric Tonnes,30-07-2026
Maharashtra,Nashik,Yeola APMC,Cereals,Wheat,Other,FAQ,"2,525.00","2,800.00","2,601.00",Rs./Quintal,2.30,Metric Tonnes,30-01-2026
Maharashtra,Nashik,Yeola APMC,Cereals,Wheat,Maharashtra 2189,FAQ,"2,500.00","2,801.00","2,700.00",Rs./Quintal,3.70,Metric Tonnes,29-12-2025
Maharashtra,Nashik,Yeola APMC,Cereals,Wheat,Maharashtra 2189,FAQ,"2,625.00","2,729.00","2,651.00",Rs./Quintal,6.40,Metric Tonnes,29-07-2026
Maharashtra,Nashik,Yeola APMC,Cereals,Wheat,Maharashtra 2189,FAQ,"2,651.00","2,651.00","2,651.00",Rs./Quintal,1.30,Metric Tonnes,29-06-2026
Maharashtra,Nashik,Yeola APMC,Cereals,Wheat,Maharashtra 2189,Non-FAQ,"2,455.00","2,551.00","2,500.00",Rs./Quintal,3.00,Metric Tonnes,29-06-2026
Maharashtra,Nashik,Yeola APMC,Cereals,Wheat,Maharashtra 2189,Non-FAQ,"2,245.00","2,451.00","2,370.00",Rs./Quintal,17.10,Metric Tonnes,29-05-2026
Maharashtra,Nashik,Yeola APMC,Cereals,Wheat,Maharashtra 2189,Non-FAQ,"2,375.00","2,476.00","2,441.00",Rs./Quintal,14.20,Metric Tonnes,29-04-2026
Maharashtra,Nashik,Yeola APMC,Cereals,Wheat,Maharashtra 2189,FAQ,"2,550.00","2,641.00","2,600.00",Rs./Quintal,3.30,Metric Tonnes,29-01-2026
Maharashtra,Nashik,Yeola APMC,Cereals,Wheat,Maharashtra 2189,FAQ,"2,651.00","2,651.00","2,651.00",Rs./Quintal,2.20,Metric Tonnes,28-11-2025
Maharashtra,Nashik,Yeola APMC,Cereals,Wheat,Maharashtra 2189,Non-FAQ,"2,150.00","2,400.00","2,350.00",Rs./Quintal,2.50,Metric Tonnes,28-11-2025
Maharashtra,Nashik,Yeola APMC,Cereals,Wheat,Maharashtra 2189,FAQ,"2,487.00","2,741.00","2,585.00",Rs./Quintal,5.30,Metric Tonnes,28-01-2026
Maharashtra,Nashik,Yeola APMC,Cereals,Wheat,Maharashtra 2189,FAQ,"2,428.00","2,700.00","2,500.00",Rs./Quintal,8.50,Metric Tonnes,27-11-2025
Maharashtra,Nashik,Yeola APMC,Cereals,Wheat,Maharashtra 2189,FAQ,"2,636.00","2,745.00","2,691.00",Rs./Quintal,5.90,Metric Tonnes,27-07-2026
Maharashtra,Nashik,Yeola APMC,Cereals,Wheat,Maharashtra 2189,Non-FAQ,"2,298.00","2,400.00","2,350.00",Rs./Quintal,22.00,Metric Tonnes,27-04-2026
Maharashtra,Nashik,Yeola APMC,Cereals,Wheat,Maharashtra 2189,Non-FAQ,"2,001.00","2,338.00","2,250.00",Rs./Quintal,6.60,Metric Tonnes,27-02-2026
Maharashtra,Nashik,Yeola APMC,Cereals,Wheat,Maharashtra 2189,FAQ,"2,525.00","2,771.00","2,575.00",Rs./Quintal,0.10,Metric Tonnes,26-12-2025
Maharashtra,Nashik,Yeola APMC,Cereals,Wheat,Maharashtra 2189,FAQ,"2,425.00","2,550.00","2,450.00",Rs./Quintal,5.40,Metric Tonnes,26-11-2025
Maharashtra,Nashik,Yeola APMC,Cereals,Wheat,Maharashtra 2189,Non-FAQ,"2,011.00","2,302.00","2,250.00",Rs./Quintal,11.30,Metric Tonnes,26-02-2026
Maharashtra,Nashik,Yeola APMC,Cereals,Wheat,Maharashtra 2189,FAQ,"2,500.00","2,700.00","2,600.00",Rs./Quintal,3.60,Metric Tonnes,25-12-2025
Maharashtra,Nashik,Yeola APMC,Cereals,Wheat,Maharashtra 2189,Non-FAQ,"2,150.00","2,450.00","2,351.00",Rs./Quintal,10.50,Metric Tonnes,25-05-2026
Maharashtra,Nashik,Yeola APMC,Cereals,Wheat,Maharashtra 2189,FAQ,"2,436.00","2,436.00","2,436.00",Rs./Quintal,3.10,Metric Tonnes,25-02-2026
Maharashtra,Nashik,Yeola APMC,Cereals,Wheat,Maharashtra 2189,Non-FAQ,"2,200.00","2,251.00","2,230.00",Rs./Quintal,25.00,Metric Tonnes,25-02-2026
Maharashtra,Nashik,Yeola APMC,Cereals,Wheat,Maharashtra 2189,FAQ,"2,500.00","2,775.00","2,600.00",Rs./Quintal,7.30,Metric Tonnes,24-12-2025
Maharashtra,Nashik,Yeola APMC,Cereals,Wheat,Maharashtra 2189,FAQ,"2,428.00","2,681.00","2,500.00",Rs./Quintal,10.20,Metric Tonnes,24-11-2025
Maharashtra,Nashik,Yeola APMC,Cereals,Wheat,Maharashtra 2189,Non-FAQ,"2,497.00","2,550.00","2,500.00",Rs./Quintal,3.20,Metric Tonnes,24-06-2026
Maharashtra,Nashik,Yeola APMC,Cereals,Wheat,Maharashtra 2189,Non-FAQ,"2,000.00","2,411.00","2,320.00",Rs./Quintal,12.50,Metric Tonnes,24-04-2026
Maharashtra,Nashik,Yeola APMC,Cereals,Wheat,Maharashtra 2189,FAQ,"2,680.00","2,728.00","2,680.00",Rs./Quintal,2.60,Metric Tonnes,23-07-2026
Maharashtra,Nashik,Yeola APMC,Cereals,Wheat,Maharashtra 2189,Non-FAQ,"2,101.00","2,414.00","2,330.00",Rs./Quintal,20.40,Metric Tonnes,23-04-2026
Maharashtra,Nashik,Yeola APMC,Cereals,Wheat,Maharashtra 2189,Non-FAQ,"2,050.00","2,300.00","2,170.00",Rs./Quintal,153.80,Metric Tonnes,23-03-2026
Maharashtra,Nashik,Yeola APMC,Cereals,Wheat,Maharashtra 2189,FAQ,"2,425.00","2,470.00","2,450.00",Rs./Quintal,6.00,Metric Tonnes,23-02-2026
Maharashtra,Nashik,Yeola APMC,Cereals,Wheat,Maharashtra 2189,Non-FAQ,"2,241.00","2,300.00","2,280.00",Rs./Quintal,12.50,Metric Tonnes,23-02-2026
Maharashtra,Nashik,Yeola APMC,Cereals,Wheat,Other,FAQ,"2,550.00","2,800.00","2,650.00",Rs./Quintal,4.60,Metric Tonnes,23-01-2026
Maharashtra,Nashik,Yeola APMC,Cereals,Wheat,Maharashtra 2189,FAQ,"2,451.00","2,770.00","2,500.00",Rs./Quintal,5.00,Metric Tonnes,22-12-2025
Maharashtra,Nashik,Yeola APMC,Cereals,Wheat,Maharashtra 2189,FAQ,"2,619.00","2,694.00","2,652.00",Rs./Quintal,2.90,Metric Tonnes,22-07-2026
Maharashtra,Nashik,Yeola APMC,Cereals,Wheat,Maharashtra 2189,FAQ,"2,641.00","2,641.00","2,641.00",Rs./Quintal,2.60,Metric Tonnes,22-06-2026
Maharashtra,Nashik,Yeola APMC,Cereals,Wheat,Maharashtra 2189,Non-FAQ,"2,452.00","2,501.00","2,460.00",Rs./Quintal,4.50,Metric Tonnes,22-06-2026
Maharashtra,Nashik,Yeola APMC,Cereals,Wheat,Maharashtra 2189,Non-FAQ,"2,353.00","2,400.00","2,380.00",Rs./Quintal,19.30,Metric Tonnes,22-05-2026
Maharashtra,Nashik,Yeola APMC,Cereals,Wheat,Maharashtra 2189,Non-FAQ,"2,155.00","2,400.00","2,300.00",Rs./Quintal,31.90,Metric Tonnes,22-04-2026
Maharashtra,Nashik,Yeola APMC,Cereals,Wheat,Maharashtra 2189,FAQ,"2,511.00","2,833.00","2,615.00",Rs./Quintal,2.10,Metric Tonnes,22-01-2026
Maharashtra,Nashik,Yeola APMC,Cereals,Wheat,Maharashtra 2189,FAQ,"2,425.00","2,651.00","2,451.00",Rs./Quintal,5.80,Metric Tonnes,21-11-2025
Maharashtra,Nashik,Yeola APMC,Cereals,Wheat,Maharashtra 2189,Non-FAQ,"2,282.00","2,386.00","2,370.00",Rs./Quintal,12.50,Metric Tonnes,21-05-2026
Maharashtra,Nashik,Yeola APMC,Cereals,Wheat,Other,FAQ,"2,499.00","2,828.00","2,600.00",Rs./Quintal,5.40,Metric Tonnes,21-01-2026
Maharashtra,Nashik,Yeola APMC,Cereals,Wheat,Maharashtra 2189,FAQ,"2,430.00","2,651.00","2,550.00",Rs./Quintal,8.20,Metric Tonnes,20-11-2025
Maharashtra,Nashik,Yeola APMC,Cereals,Wheat,Maharashtra 2189,FAQ,"2,650.00","2,799.00","2,750.00",Rs./Quintal,4.00,Metric Tonnes,20-08-2026
Maharashtra,Nashik,Yeola APMC,Cereals,Wheat,Maharashtra 2189,FAQ,"2,632.00","2,751.00","2,660.00",Rs./Quintal,4.80,Metric Tonnes,20-07-2026
Maharashtra,Nashik,Yeola APMC,Cereals,Wheat,Maharashtra 2189,Non-FAQ,"2,100.00","2,400.00","2,370.00",Rs./Quintal,20.60,Metric Tonnes,20-05-2026
Maharashtra,Nashik,Yeola APMC,Cereals,Wheat,Maharashtra 2189,Non-FAQ,"2,054.00","2,375.00","2,299.00",Rs./Quintal,49.30,Metric Tonnes,20-04-2026
Maharashtra,Nashik,Yeola APMC,Cereals,Wheat,Maharashtra 2189,Non-FAQ,"2,240.00","2,401.00","2,370.00",Rs./Quintal,11.40,Metric Tonnes,20-02-2026
Maharashtra,Nashik,Yeola APMC,Cereals,Wheat,Maharashtra 2189,FAQ,"2,479.00","2,750.00","2,560.00",Rs./Quintal,2.90,Metric Tonnes,19-12-2025
Maharashtra,Nashik,Yeola APMC,Cereals,Wheat,Maharashtra 2189,FAQ,"2,468.00","2,651.00","2,500.00",Rs./Quintal,11.00,Metric Tonnes,19-11-2025
Maharashtra,Nashik,Yeola APMC,Cereals,Wheat,Maharashtra 2189,FAQ,"2,658.00","2,811.00","2,751.00",Rs./Quintal,7.50,Metric Tonnes,19-08-2026
Maharashtra,Nashik,Yeola APMC,Cereals,Wheat,Maharashtra 2189,Non-FAQ,"2,300.00","2,489.00","2,375.00",Rs./Quintal,4.50,Metric Tonnes,19-06-2026
Maharashtra,Nashik,Yeola APMC,Cereals,Wheat,Maharashtra 2189,FAQ,"2,450.00","2,826.00","2,550.00",Rs./Quintal,3.60,Metric Tonnes,18-12-2025
Maharashtra,Nashik,Yeola APMC,Cereals,Wheat,Maharashtra 2189,Non-FAQ,"2,275.00","2,480.00","2,371.00",Rs./Quintal,3.40,Metric Tonnes,18-06-2026
Maharashtra,Nashik,Yeola APMC,Cereals,Wheat,Maharashtra 2189,Non-FAQ,"2,251.00","2,400.00","2,380.00",Rs./Quintal,13.90,Metric Tonnes,18-05-2026
Maharashtra,Nashik,Yeola APMC,Cereals,Wheat,Maharashtra 2189,FAQ,"2,499.00","2,750.00","2,550.00",Rs./Quintal,8.10,Metric Tonnes,17-12-2025
Maharashtra,Nashik,Yeola APMC,Cereals,Wheat,Maharashtra 2189,FAQ,"2,756.00","2,771.00","2,768.00",Rs./Quintal,1.30,Metric Tonnes,17-08-2026
Maharashtra,Nashik,Yeola APMC,Cereals,Wheat,Maharashtra 2189,FAQ,"2,592.00","2,727.00","2,675.00",Rs./Quintal,5.90,Metric Tonnes,17-07-2026
Maharashtra,Nashik,Yeola APMC,Cereals,Wheat,Maharashtra 2189,Non-FAQ,"2,300.00","2,465.00","2,350.00",Rs./Quintal,11.40,Metric Tonnes,17-06-2026
Maharashtra,Nashik,Yeola APMC,Cereals,Wheat,Maharashtra 2189,Non-FAQ,"2,050.00","2,401.00","2,280.00",Rs./Quintal,57.50,Metric Tonnes,17-04-2026
Maharashtra,Nashik,Yeola APMC,Cereals,Wheat,Maharashtra 2189,FAQ,"2,585.00","2,700.00","2,625.00",Rs./Quintal,4.30,Metric Tonnes,16-07-2026
Maharashtra,Nashik,Yeola APMC,Cereals,Wheat,Maharashtra 2189,Non-FAQ,"2,151.00","2,400.00","2,250.00",Rs./Quintal,29.20,Metric Tonnes,16-04-2026
Maharashtra,Nashik,Yeola APMC,Cereals,Wheat,Maharashtra 2189,FAQ,"2,425.00","2,492.00","2,450.00",Rs./Quintal,25.00,Metric Tonnes,16-03-2026
Maharashtra,Nashik,Yeola APMC,Cereals,Wheat,Maharashtra 2189,Non-FAQ,"1,800.00","2,390.00","2,300.00",Rs./Quintal,86.80,Metric Tonnes,16-03-2026
Maharashtra,Nashik,Yeola APMC,Cereals,Wheat,Maharashtra 2189,FAQ,"2,425.00","2,565.00","2,500.00",Rs./Quintal,4.60,Metric Tonnes,16-02-2026
Maharashtra,Nashik,Yeola APMC,Cereals,Wheat,Maharashtra 2189,Non-FAQ,"1,700.00","2,400.00","2,350.00",Rs./Quintal,11.50,Metric Tonnes,16-02-2026
Maharashtra,Nashik,Yeola APMC,Cereals,Wheat,Maharashtra 2189,FAQ,"2,650.00","2,776.00","2,660.00",Rs./Quintal,9.00,Metric Tonnes,16-01-2026
Maharashtra,Nashik,Yeola APMC,Cereals,Wheat,Maharashtra 2189,FAQ,"2,431.00","2,775.00","2,575.00",Rs./Quintal,6.10,Metric Tonnes,15-12-2025
Maharashtra,Nashik,Yeola APMC,Cereals,Wheat,Maharashtra 2189,FAQ,"2,592.00","2,659.00","2,602.00",Rs./Quintal,6.10,Metric Tonnes,15-07-2026
Maharashtra,Nashik,Yeola APMC,Cereals,Wheat,Maharashtra 2189,Non-FAQ,"2,300.00","2,399.00","2,351.00",Rs./Quintal,5.90,Metric Tonnes,15-06-2026
Maharashtra,Nashik,Yeola APMC,Cereals,Wheat,Maharashtra 2189,Non-FAQ,"2,299.00","2,441.00","2,381.00",Rs./Quintal,17.70,Metric Tonnes,15-05-2026
Maharashtra,Nashik,Yeola APMC,Cereals,Wheat,Maharashtra 2189,Non-FAQ,"2,150.00","2,411.00","2,241.00",Rs./Quintal,57.70,Metric Tonnes,15-04-2026
Maharashtra,Nashik,Yeola APMC,Cereals,Wheat,Maharashtra 2189,FAQ,"2,652.00","2,800.00","2,700.00",Rs./Quintal,10.80,Metric Tonnes,14-08-2026
Maharashtra,Nashik,Yeola APMC,Cereals,Wheat,Maharashtra 2189,Non-FAQ,"2,330.00","2,400.00","2,380.00",Rs./Quintal,6.60,Metric Tonnes,14-05-2026
Maharashtra,Nashik,Yeola APMC,Cereals,Wheat,Maharashtra 2189,FAQ,"2,630.00","2,825.00","2,725.00",Rs./Quintal,3.70,Metric Tonnes,13-08-2026
Maharashtra,Nashik,Yeola APMC,Cereals,Wheat,Maharashtra 2189,FAQ,"2,585.00","2,690.00","2,600.00",Rs./Quintal,9.20,Metric Tonnes,13-07-2026
Maharashtra,Nashik,Yeola APMC,Cereals,Wheat,Maharashtra 2189,Non-FAQ,"1,800.00","2,396.00","2,345.00",Rs./Quintal,16.50,Metric Tonnes,13-05-2026
Maharashtra,Nashik,Yeola APMC,Cereals,Wheat,Maharashtra 2189,Non-FAQ,"2,000.00","2,312.00","2,191.00",Rs./Quintal,51.50,Metric Tonnes,13-03-2026
Maharashtra,Nashik,Yeola APMC,Cereals,Wheat,Maharashtra 2189,FAQ,"2,426.00","2,500.00","2,451.00",Rs./Quintal,8.10,Metric Tonnes,13-02-2026
Maharashtra,Nashik,Yeola APMC,Cereals,Wheat,Maharashtra 2189,FAQ,"2,448.00","2,671.00","2,550.00",Rs./Quintal,0.80,Metric Tonnes,12-12-2025
Maharashtra,Nashik,Yeola APMC,Cereals,Wheat,Maharashtra 2189,FAQ,"2,640.00","2,800.00","2,701.00",Rs./Quintal,3.10,Metric Tonnes,12-08-2026
Maharashtra,Nashik,Yeola APMC,Cereals,Wheat,Maharashtra 2189,Non-FAQ,"2,251.00","2,389.00","2,350.00",Rs./Quintal,16.90,Metric Tonnes,12-06-2026
Maharashtra,Nashik,Yeola APMC,Cereals,Wheat,Maharashtra 2189,Non-FAQ,"2,200.00","2,318.00","2,280.00",Rs./Quintal,57.10,Metric Tonnes,12-03-2026
Maharashtra,Nashik,Yeola APMC,Cereals,Wheat,Maharashtra 2189,FAQ,"2,450.00","2,643.00","2,450.00",Rs./Quintal,7.20,Metric Tonnes,12-02-2026
Maharashtra,Nashik,Yeola APMC,Cereals,Wheat,Maharashtra 2189,FAQ,"2,452.00","2,750.00","2,650.00",Rs./Quintal,7.20,Metric Tonnes,12-01-2026
Maharashtra,Nashik,Yeola APMC,Cereals,Wheat,Maharashtra 2189,FAQ,"2,430.00","2,651.00","2,500.00",Rs./Quintal,6.10,Metric Tonnes,11-12-2025
Maharashtra,Nashik,Yeola APMC,Cereals,Wheat,Maharashtra 2189,Non-FAQ,"2,300.00","2,451.00","2,350.00",Rs./Quintal,7.40,Metric Tonnes,11-06-2026
Maharashtra,Nashik,Yeola APMC,Cereals,Wheat,Maharashtra 2189,Non-FAQ,"2,277.00","2,476.00","2,381.00",Rs./Quintal,25.00,Metric Tonnes,11-05-2026
Maharashtra,Nashik,Yeola APMC,Cereals,Wheat,Maharashtra 2189,Non-FAQ,"1,800.00","2,250.00","2,180.00",Rs./Quintal,66.30,Metric Tonnes,11-03-2026
Maharashtra,Nashik,Yeola APMC,Cereals,Wheat,Maharashtra 2189,FAQ,"2,451.00","2,500.00","2,500.00",Rs./Quintal,0.70,Metric Tonnes,11-02-2026
Maharashtra,Nashik,Yeola APMC,Cereals,Wheat,Maharashtra 2189,FAQ,"2,425.00","2,735.00","2,575.00",Rs./Quintal,10.20,Metric Tonnes,10-12-2025
Maharashtra,Nashik,Yeola APMC,Cereals,Wheat,Maharashtra 2189,FAQ,"2,585.00","2,737.00","2,661.00",Rs./Quintal,10.70,Metric Tonnes,10-08-2026
Maharashtra,Nashik,Yeola APMC,Cereals,Wheat,Maharashtra 2189,FAQ,"2,590.00","2,676.00","2,600.00",Rs./Quintal,2.90,Metric Tonnes,10-07-2026
Maharashtra,Nashik,Yeola APMC,Cereals,Wheat,Maharashtra 2189,Non-FAQ,"2,276.00","2,380.00","2,340.00",Rs./Quintal,6.70,Metric Tonnes,10-06-2026
Maharashtra,Nashik,Yeola APMC,Cereals,Wheat,Maharashtra 2189,Non-FAQ,"2,072.00","2,300.00","2,180.00",Rs./Quintal,24.00,Metric Tonnes,10-04-2026
Maharashtra,Nashik,Yeola APMC,Cereals,Wheat,Maharashtra 2189,FAQ,"2,585.00","2,730.00","2,601.00",Rs./Quintal,6.50,Metric Tonnes,09-07-2026
Maharashtra,Nashik,Yeola APMC,Cereals,Wheat,Maharashtra 2189,Non-FAQ,"2,065.00","2,287.00","2,175.00",Rs./Quintal,55.70,Metric Tonnes,09-04-2026
Maharashtra,Nashik,Yeola APMC,Cereals,Wheat,Maharashtra 2189,Non-FAQ,"1,800.00","2,201.00","2,150.00",Rs./Quintal,81.40,Metric Tonnes,09-03-2026
Maharashtra,Nashik,Yeola APMC,Cereals,Wheat,Maharashtra 2189,FAQ,"2,431.00","2,675.00","2,600.00",Rs./Quintal,11.60,Metric Tonnes,09-02-2026
Maharashtra,Nashik,Yeola APMC,Cereals,Wheat,Maharashtra 2189,FAQ,"2,576.00","2,751.00","2,671.00",Rs./Quintal,5.30,Metric Tonnes,09-01-2026
Maharashtra,Nashik,Yeola APMC,Cereals,Wheat,Maharashtra 2189,FAQ,"2,440.00","2,725.00","2,600.00",Rs./Quintal,6.20,Metric Tonnes,08-12-2025
Maharashtra,Nashik,Yeola APMC,Cereals,Wheat,Maharashtra 2189,Non-FAQ,"2,571.00","2,571.00","2,571.00",Rs./Quintal,0.40,Metric Tonnes,08-07-2026
Maharashtra,Nashik,Yeola APMC,Cereals,Wheat,Maharashtra 2189,Non-FAQ,"2,292.00","2,434.00","2,361.00",Rs./Quintal,16.10,Metric Tonnes,08-06-2026
Maharashtra,Nashik,Yeola APMC,Cereals,Wheat,Maharashtra 2189,Non-FAQ,"2,351.00","2,399.00","2,390.00",Rs./Quintal,8.90,Metric Tonnes,08-05-2026
Maharashtra,Nashik,Yeola APMC,Cereals,Wheat,Maharashtra 2189,Non-FAQ,"1,900.00","2,281.00","2,180.00",Rs./Quintal,83.40,Metric Tonnes,08-04-2026
Maharashtra,Nashik,Yeola APMC,Cereals,Wheat,Maharashtra 2189,FAQ,"2,475.00","2,701.00","2,600.00",Rs./Quintal,5.00,Metric Tonnes,08-01-2026
Maharashtra,Nashik,Yeola APMC,Cereals,Wheat,Maharashtra 2189,FAQ,"2,451.00","2,799.00","2,599.00",Rs./Quintal,5.30,Metric Tonnes,07-11-2025
Maharashtra,Nashik,Yeola APMC,Cereals,Wheat,Maharashtra 2189,FAQ,"2,592.00","2,681.00","2,660.00",Rs./Quintal,13.00,Metric Tonnes,07-08-2026
Maharashtra,Nashik,Yeola APMC,Cereals,Wheat,Maharashtra 2189,FAQ,"2,600.00","2,600.00","2,600.00",Rs./Quintal,3.10,Metric Tonnes,07-05-2026
Maharashtra,Nashik,Yeola APMC,Cereals,Wheat,Maharashtra 2189,Non-FAQ,"2,299.00","2,550.00","2,410.00",Rs./Quintal,20.00,Metric Tonnes,07-05-2026
Maharashtra,Nashik,Yeola APMC,Cereals,Wheat,Maharashtra 2189,FAQ,"2,575.00","2,801.00","2,625.00",Rs./Quintal,6.40,Metric Tonnes,07-01-2026
Maharashtra,Nashik,Yeola APMC,Cereals,Wheat,Maharashtra 2189,FAQ,"2,627.00","2,700.00","2,670.00",Rs./Quintal,4.10,Metric Tonnes,06-08-2026
Maharashtra,Nashik,Yeola APMC,Cereals,Wheat,Maharashtra 2189,FAQ,"2,680.00","2,680.00","2,680.00",Rs./Quintal,1.50,Metric Tonnes,06-07-2026
Maharashtra,Nashik,Yeola APMC,Cereals,Wheat,Maharashtra 2189,Non-FAQ,"2,526.00","2,570.00","2,550.00",Rs./Quintal,4.90,Metric Tonnes,06-07-2026
Maharashtra,Nashik,Yeola APMC,Cereals,Wheat,Maharashtra 2189,Non-FAQ,"2,350.00","2,450.00","2,411.00",Rs./Quintal,32.90,Metric Tonnes,06-05-2026
Maharashtra,Nashik,Yeola APMC,Cereals,Wheat,Maharashtra 2189,Non-FAQ,"2,061.00","2,251.00","2,160.00",Rs./Quintal,91.10,Metric Tonnes,06-04-2026
Maharashtra,Nashik,Yeola APMC,Cereals,Wheat,Maharashtra 2189,Non-FAQ,"2,071.00","2,165.00","2,120.00",Rs./Quintal,33.30,Metric Tonnes,06-03-2026
Maharashtra,Nashik,Yeola APMC,Cereals,Wheat,Maharashtra 2189,FAQ,"2,432.00","2,750.00","2,571.00",Rs./Quintal,6.80,Metric Tonnes,06-02-2026
Maharashtra,Nashik,Yeola APMC,Cereals,Wheat,Maharashtra 2189,FAQ,"2,433.00","2,600.00","2,500.00",Rs./Quintal,9.40,Metric Tonnes,05-12-2025
Maharashtra,Nashik,Yeola APMC,Cereals,Wheat,Maharashtra 2189,FAQ,"2,600.00","2,701.00","2,671.00",Rs./Quintal,7.50,Metric Tonnes,05-08-2026
Maharashtra,Nashik,Yeola APMC,Cereals,Wheat,Maharashtra 2189,Non-FAQ,"2,010.00","2,293.00","2,150.00",Rs./Quintal,21.60,Metric Tonnes,05-03-2026
Maharashtra,Nashik,Yeola APMC,Cereals,Wheat,Maharashtra 2189,FAQ,"2,451.00","2,687.00","2,550.00",Rs./Quintal,4.00,Metric Tonnes,05-02-2026
Maharashtra,Nashik,Yeola APMC,Cereals,Wheat,Maharashtra 2189,FAQ,"2,500.00","2,800.00","2,575.00",Rs./Quintal,5.10,Metric Tonnes,05-01-2026
Maharashtra,Nashik,Yeola APMC,Cereals,Wheat,Maharashtra 2189,Non-FAQ,"2,340.00","2,450.00","2,380.00",Rs./Quintal,12.40,Metric Tonnes,04-06-2026
Maharashtra,Nashik,Yeola APMC,Cereals,Wheat,Maharashtra 2189,Non-FAQ,"2,100.00","2,500.00","2,430.00",Rs./Quintal,19.50,Metric Tonnes,04-05-2026
Maharashtra,Nashik,Yeola APMC,Cereals,Wheat,Maharashtra 2189,Non-FAQ,"1,800.00","2,227.00","2,025.00",Rs./Quintal,25.20,Metric Tonnes,04-03-2026
Maharashtra,Nashik,Yeola APMC,Cereals,Wheat,Maharashtra 2189,FAQ,"2,425.00","2,700.00","2,550.00",Rs./Quintal,5.80,Metric Tonnes,04-02-2026
Maharashtra,Nashik,Yeola APMC,Cereals,Wheat,Maharashtra 2189,FAQ,"2,627.00","2,686.00","2,671.00",Rs./Quintal,12.50,Metric Tonnes,03-08-2026
Maharashtra,Nashik,Yeola APMC,Cereals,Wheat,Maharashtra 2189,FAQ,"2,651.00","2,651.00","2,651.00",Rs./Quintal,0.40,Metric Tonnes,03-07-2026
Maharashtra,Nashik,Yeola APMC,Cereals,Wheat,Maharashtra 2189,Non-FAQ,"2,400.00","2,550.00","2,525.00",Rs./Quintal,4.00,Metric Tonnes,03-07-2026
Maharashtra,Nashik,Yeola APMC,Cereals,Wheat,Other,Non-FAQ,"2,279.00","2,435.00","2,370.00",Rs./Quintal,15.20,Metric Tonnes,03-06-2026
Maharashtra,Nashik,Yeola APMC,Cereals,Wheat,Maharashtra 2189,Non-FAQ,"2,001.00","2,245.00","2,140.00",Rs./Quintal,64.40,Metric Tonnes,03-04-2026
Maharashtra,Nashik,Yeola APMC,Cereals,Wheat,Maharashtra 2189,FAQ,"2,661.00","2,661.00","2,661.00",Rs./Quintal,2.90,Metric Tonnes,02-07-2026
Maharashtra,Nashik,Yeola APMC,Cereals,Wheat,Maharashtra 2189,Non-FAQ,"2,543.00","2,575.00","2,550.00",Rs./Quintal,5.00,Metric Tonnes,02-07-2026
Maharashtra,Nashik,Yeola APMC,Cereals,Wheat,Maharashtra 2189,FAQ,"2,549.00","2,752.00","2,621.00",Rs./Quintal,6.70,Metric Tonnes,02-02-2026
Maharashtra,Nashik,Yeola APMC,Cereals,Wheat,Maharashtra 2189,FAQ,"2,527.00","2,790.00","2,626.00",Rs./Quintal,6.30,Metric Tonnes,02-01-2026
Maharashtra,Nashik,Yeola APMC,Cereals,Wheat,Maharashtra 2189,FAQ,"2,629.00","2,629.00","2,629.00",Rs./Quintal,0.90,Metric Tonnes,01-07-2026
Maharashtra,Nashik,Yeola APMC,Cereals,Wheat,Maharashtra 2189,Non-FAQ,"2,540.00","2,551.00","2,541.00",Rs./Quintal,2.00,Metric Tonnes,01-07-2026
Maharashtra,Nashik,Yeola APMC,Cereals,Wheat,Maharashtra 2189,Non-FAQ,"2,050.00","2,551.00","2,361.00",Rs./Quintal,12.70,Metric Tonnes,01-06-2026
Maharashtra,Nashik,Yeola APMC,Cereals,Wheat,Maharashtra 2189,FAQ,"2,450.00","2,700.00","2,650.00",Rs./Quintal,5.80,Metric Tonnes,01-01-2026
Maharashtra,Pune,Baramati APMC,Cereals,Wheat,Kalyan,FAQ,"2,585.00","2,650.00","2,600.00",Rs./Quintal,39.20,Metric Tonnes,30-07-2026
Maharashtra,Pune,Baramati APMC,Cereals,Wheat,Kalyan,Non-FAQ,"2,400.00","2,580.00","2,500.00",Rs./Quintal,50.00,Metric Tonnes,30-07-2026
Maharashtra,Pune,Baramati APMC,Cereals,Wheat,Maharashtra 2189,FAQ,"2,585.00","3,018.00","2,711.00",Rs./Quintal,39.50,Metric Tonnes,30-07-2026
Maharashtra,Pune,Baramati APMC,Cereals,Wheat,Maharashtra 2189,Non-FAQ,"2,550.00","2,580.00","2,575.00",Rs./Quintal,20.00,Metric Tonnes,30-07-2026
Maharashtra,Pune,Baramati APMC,Cereals,Wheat,Kalyan,FAQ,"2,427.00","2,801.00","2,751.00",Rs./Quintal,20.00,Metric Tonnes,29-12-2025
Maharashtra,Pune,Baramati APMC,Cereals,Wheat,Kalyan,Non-FAQ,"2,150.00","2,420.00","2,400.00",Rs./Quintal,8.50,Metric Tonnes,29-12-2025
Maharashtra,Pune,Baramati APMC,Cereals,Wheat,Maharashtra 2189,FAQ,"2,551.00","2,901.00","2,851.00",Rs./Quintal,18.90,Metric Tonnes,29-12-2025
Maharashtra,Pune,Baramati APMC,Cereals,Wheat,Kalyan,Non-FAQ,"1,800.00","2,580.00","2,550.00",Rs./Quintal,48.30,Metric Tonnes,29-06-2026
Maharashtra,Pune,Baramati APMC,Cereals,Wheat,Maharashtra 2189,FAQ,"2,590.00","3,180.00","2,600.00",Rs./Quintal,12.20,Metric Tonnes,29-06-2026
Maharashtra,Pune,Baramati APMC,Cereals,Wheat,Maharashtra 2189,Non-FAQ,"2,400.00","2,580.00","2,550.00",Rs./Quintal,20.00,Metric Tonnes,29-06-2026
Maharashtra,Pune,Baramati APMC,Cereals,Wheat,Kalyan,Non-FAQ,"1,900.00","2,400.00","2,350.00",Rs./Quintal,83.50,Metric Tonnes,28-05-2026
Maharashtra,Pune,Baramati APMC,Cereals,Wheat,Maharashtra 2189,FAQ,"2,590.00","2,800.00","2,750.00",Rs./Quintal,10.00,Metric Tonnes,28-05-2026
Maharashtra,Pune,Baramati APMC,Cereals,Wheat,Maharashtra 2189,Non-FAQ,"2,300.00","2,575.00","2,451.00",Rs./Quintal,45.60,Metric Tonnes,28-05-2026
Maharashtra,Pune,Baramati APMC,Cereals,Wheat,Kalyan,FAQ,"2,590.00","2,740.00","2,696.00",Rs./Quintal,56.50,Metric Tonnes,27-07-2026
Maharashtra,Pune,Baramati APMC,Cereals,Wheat,Kalyan,Non-FAQ,"2,500.00","2,580.00","2,550.00",Rs./Quintal,20.00,Metric Tonnes,27-07-2026
Maharashtra,Pune,Baramati APMC,Cereals,Wheat,Maharashtra 2189,FAQ,"2,600.00","2,801.00","2,720.00",Rs./Quintal,50.20,Metric Tonnes,27-07-2026
Maharashtra,Pune,Baramati APMC,Cereals,Wheat,Kalyan,Non-FAQ,"1,900.00","2,380.00","2,340.00",Rs./Quintal,134.40,Metric Tonnes,27-04-2026
Maharashtra,Pune,Baramati APMC,Cereals,Wheat,Maharashtra 2189,FAQ,"2,590.00","2,900.00","2,700.00",Rs./Quintal,39.50,Metric Tonnes,27-04-2026
Maharashtra,Pune,Baramati APMC,Cereals,Wheat,Maharashtra 2189,Non-FAQ,"2,280.00","2,580.00","2,400.00",Rs./Quintal,50.00,Metric Tonnes,27-04-2026
Maharashtra,Pune,Baramati APMC,Cereals,Wheat,Kalyan,Non-FAQ,"2,000.00","2,321.00","2,300.00",Rs./Quintal,42.90,Metric Tonnes,26-02-2026
Maharashtra,Pune,Baramati APMC,Cereals,Wheat,Maharashtra 2189,FAQ,"2,425.00","2,600.00","2,450.00",Rs./Quintal,7.30,Metric Tonnes,26-02-2026
Maharashtra,Pune,Baramati APMC,Cereals,Wheat,Maharashtra 2189,Non-FAQ,"2,300.00","2,420.00","2,400.00",Rs./Quintal,21.20,Metric Tonnes,26-02-2026
Maharashtra,Pune,Baramati APMC,Cereals,Wheat,Kalyan,FAQ,"2,450.00","2,800.00","2,751.00",Rs./Quintal,15.30,Metric Tonnes,25-12-2025
Maharashtra,Pune,Baramati APMC,Cereals,Wheat,Kalyan,Non-FAQ,"2,251.00","2,420.00","2,380.00",Rs./Quintal,5.00,Metric Tonnes,25-12-2025
Maharashtra,Pune,Baramati APMC,Cereals,Wheat,Maharashtra 2189,FAQ,"2,600.00","3,021.00","2,850.00",Rs./Quintal,13.50,Metric Tonnes,25-12-2025
Maharashtra,Pune,Baramati APMC,Cereals,Wheat,Kalyan,Non-FAQ,"2,300.00","2,580.00","2,525.00",Rs./Quintal,49.20,Metric Tonnes,25-06-2026
Maharashtra,Pune,Baramati APMC,Cereals,Wheat,Maharashtra 2189,FAQ,"2,590.00","2,775.00","2,625.00",Rs./Quintal,7.80,Metric Tonnes,25-06-2026
Maharashtra,Pune,Baramati APMC,Cereals,Wheat,Maharashtra 2189,Non-FAQ,"2,450.00","2,580.00","2,550.00",Rs./Quintal,25.00,Metric Tonnes,25-06-2026
Maharashtra,Pune,Baramati APMC,Cereals,Wheat,Kalyan,Non-FAQ,"1,900.00","2,475.00","2,451.00",Rs./Quintal,70.20,Metric Tonnes,25-05-2026
Maharashtra,Pune,Baramati APMC,Cereals,Wheat,Maharashtra 2189,FAQ,"2,590.00","3,000.00","2,700.00",Rs./Quintal,14.40,Metric Tonnes,25-05-2026
Maharashtra,Pune,Baramati APMC,Cereals,Wheat,Maharashtra 2189,Non-FAQ,"2,351.00","2,580.00","2,500.00",Rs./Quintal,32.40,Metric Tonnes,25-05-2026
Maharashtra,Pune,Baramati APMC,Cereals,Wheat,Kalyan,FAQ,"2,425.00","2,711.00","2,650.00",Rs./Quintal,21.60,Metric Tonnes,24-11-2025
Maharashtra,Pune,Baramati APMC,Cereals,Wheat,Kalyan,Non-FAQ,"2,200.00","2,420.00","2,400.00",Rs./Quintal,5.00,Metric Tonnes,24-11-2025
Maharashtra,Pune,Baramati APMC,Cereals,Wheat,Maharashtra 2189,FAQ,"2,600.00","2,850.00","2,750.00",Rs./Quintal,17.70,Metric Tonnes,24-11-2025
Maharashtra,Pune,Baramati APMC,Cereals,Wheat,Kalyan,FAQ,"2,585.00","2,750.00","2,670.00",Rs./Quintal,43.10,Metric Tonnes,23-07-2026
Maharashtra,Pune,Baramati APMC,Cereals,Wheat,Kalyan,Non-FAQ,"2,000.00","2,580.00","2,500.00",Rs./Quintal,7.10,Metric Tonnes,23-07-2026
Maharashtra,Pune,Baramati APMC,Cereals,Wheat,Maharashtra 2189,FAQ,"2,690.00","2,950.00","2,720.00",Rs./Quintal,33.50,Metric Tonnes,23-07-2026
Maharashtra,Pune,Baramati APMC,Cereals,Wheat,Kalyan,Non-FAQ,"2,000.00","2,400.00","2,351.00",Rs./Quintal,27.50,Metric Tonnes,23-02-2026
Maharashtra,Pune,Baramati APMC,Cereals,Wheat,Maharashtra 2189,FAQ,"2,425.00","2,651.00","2,500.00",Rs./Quintal,10.50,Metric Tonnes,23-02-2026
Maharashtra,Pune,Baramati APMC,Cereals,Wheat,Maharashtra 2189,Non-FAQ,"2,351.00","2,420.00","2,400.00",Rs./Quintal,7.80,Metric Tonnes,23-02-2026
Maharashtra,Pune,Baramati APMC,Cereals,Wheat,Kalyan,Non-FAQ,"1,911.00","2,480.00","2,400.00",Rs./Quintal,33.70,Metric Tonnes,22-06-2026
Maharashtra,Pune,Baramati APMC,Cereals,Wheat,Maharashtra 2189,FAQ,"2,590.00","2,703.00","2,625.00",Rs./Quintal,4.40,Metric Tonnes,22-06-2026
Maharashtra,Pune,Baramati APMC,Cereals,Wheat,Maharashtra 2189,Non-FAQ,"2,300.00","2,580.00","2,551.00",Rs./Quintal,18.00,Metric Tonnes,22-06-2026
Maharashtra,Pune,Baramati APMC,Cereals,Wheat,Kalyan,FAQ,"2,500.00","2,800.00","2,651.00",Rs./Quintal,27.70,Metric Tonnes,22-01-2026
Maharashtra,Pune,Baramati APMC,Cereals,Wheat,Maharashtra 2189,FAQ,"2,600.00","3,011.00","2,750.00",Rs./Quintal,18.40,Metric Tonnes,22-01-2026
Maharashtra,Pune,Baramati APMC,Cereals,Wheat,Kalyan,Non-FAQ,"1,900.00","2,450.00","2,425.00",Rs./Quintal,96.50,Metric Tonnes,21-05-2026
Maharashtra,Pune,Baramati APMC,Cereals,Wheat,Maharashtra 2189,FAQ,"2,590.00","2,751.00","2,650.00",Rs./Quintal,14.20,Metric Tonnes,21-05-2026
Maharashtra,Pune,Baramati APMC,Cereals,Wheat,Maharashtra 2189,Non-FAQ,"2,420.00","2,580.00","2,500.00",Rs./Quintal,50.10,Metric Tonnes,21-05-2026
Maharashtra,Pune,Baramati APMC,Cereals,Wheat,Kalyan,FAQ,"2,585.00","2,750.00","2,675.00",Rs./Quintal,60.00,Metric Tonnes,20-08-2026
Maharashtra,Pune,Baramati APMC,Cereals,Wheat,Kalyan,Non-FAQ,"2,500.00","2,580.00","2,500.00",Rs./Quintal,20.50,Metric Tonnes,20-08-2026
Maharashtra,Pune,Baramati APMC,Cereals,Wheat,Maharashtra 2189,FAQ,"2,650.00","3,000.00","2,740.00",Rs./Quintal,53.70,Metric Tonnes,20-08-2026
Maharashtra,Pune,Baramati APMC,Cereals,Wheat,Kalyan,FAQ,"2,590.00","2,680.00","2,650.00",Rs./Quintal,33.00,Metric Tonnes,20-07-2026
Maharashtra,Pune,Baramati APMC,Cereals,Wheat,Kalyan,Non-FAQ,"1,900.00","2,580.00","2,500.00",Rs./Quintal,40.00,Metric Tonnes,20-07-2026
Maharashtra,Pune,Baramati APMC,Cereals,Wheat,Maharashtra 2189,FAQ,"2,590.00","2,750.00","2,700.00",Rs./Quintal,18.60,Metric Tonnes,20-07-2026
Maharashtra,Pune,Baramati APMC,Cereals,Wheat,Maharashtra 2189,Non-FAQ,"2,450.00","2,580.00","2,550.00",Rs./Quintal,30.00,Metric Tonnes,20-07-2026
Maharashtra,Pune,Baramati APMC,Cereals,Wheat,Kalyan,Non-FAQ,"1,950.00","2,301.00","2,250.00",Rs./Quintal,47.40,Metric Tonnes,19-03-2026
Maharashtra,Pune,Baramati APMC,Cereals,Wheat,Maharashtra 2189,FAQ,"2,425.00","2,771.00","2,500.00",Rs./Quintal,9.60,Metric Tonnes,19-03-2026
Maharashtra,Pune,Baramati APMC,Cereals,Wheat,Maharashtra 2189,Non-FAQ,"2,150.00","2,420.00","2,300.00",Rs./Quintal,22.00,Metric Tonnes,19-03-2026
Maharashtra,Pune,Baramati APMC,Cereals,Wheat,Kalyan,FAQ,"2,425.00","2,550.00","2,500.00",Rs./Quintal,10.50,Metric Tonnes,19-02-2026
Maharashtra,Pune,Baramati APMC,Cereals,Wheat,Kalyan,Non-FAQ,"2,150.00","2,420.00","2,400.00",Rs./Quintal,17.30,Metric Tonnes,19-02-2026
Maharashtra,Pune,Baramati APMC,Cereals,Wheat,Maharashtra 2189,FAQ,"2,450.00","2,721.00","2,600.00",Rs./Quintal,18.40,Metric Tonnes,19-02-2026
Maharashtra,Pune,Baramati APMC,Cereals,Wheat,Kalyan,FAQ,"2,425.00","2,751.00","2,700.00",Rs./Quintal,15.40,Metric Tonnes,18-12-2025
Maharashtra,Pune,Baramati APMC,Cereals,Wheat,Kalyan,Non-FAQ,"2,000.00","2,420.00","2,400.00",Rs./Quintal,10.00,Metric Tonnes,18-12-2025
Maharashtra,Pune,Baramati APMC,Cereals,Wheat,Maharashtra 2189,FAQ,"2,600.00","3,251.00","2,851.00",Rs./Quintal,16.90,Metric Tonnes,18-12-2025
Maharashtra,Pune,Baramati APMC,Cereals,Wheat,Kalyan,Non-FAQ,"2,000.00","2,400.00","2,370.00",Rs./Quintal,49.30,Metric Tonnes,18-06-2026
Maharashtra,Pune,Baramati APMC,Cereals,Wheat,Maharashtra 2189,FAQ,"2,590.00","2,721.00","2,600.00",Rs./Quintal,12.80,Metric Tonnes,18-06-2026
Maharashtra,Pune,Baramati APMC,Cereals,Wheat,Maharashtra 2189,Non-FAQ,"2,350.00","2,580.00","2,425.00",Rs./Quintal,20.00,Metric Tonnes,18-06-2026
Maharashtra,Pune,Baramati APMC,Cereals,Wheat,Kalyan,Non-FAQ,"2,000.00","2,450.00","2,421.00",Rs./Quintal,93.60,Metric Tonnes,18-05-2026
Maharashtra,Pune,Baramati APMC,Cereals,Wheat,Maharashtra 2189,FAQ,"2,590.00","2,785.00","2,700.00",Rs./Quintal,12.40,Metric Tonnes,18-05-2026
Maharashtra,Pune,Baramati APMC,Cereals,Wheat,Maharashtra 2189,Non-FAQ,"2,400.00","2,570.00","2,550.00",Rs./Quintal,50.00,Metric Tonnes,18-05-2026
Maharashtra,Pune,Baramati APMC,Cereals,Wheat,Kalyan,FAQ,"2,590.00","2,670.00","2,625.00",Rs./Quintal,20.00,Metric Tonnes,17-08-2026
Maharashtra,Pune,Baramati APMC,Cereals,Wheat,Kalyan,Non-FAQ,"2,100.00","2,580.00","2,550.00",Rs./Quintal,28.10,Metric Tonnes,17-08-2026
Maharashtra,Pune,Baramati APMC,Cereals,Wheat,Maharashtra 2189,FAQ,"2,600.00","2,801.00","2,700.00",Rs./Quintal,20.00,Metric Tonnes,17-08-2026
Maharashtra,Pune,Baramati APMC,Cereals,Wheat,Maharashtra 2189,Non-FAQ,"2,425.00","2,580.00","2,500.00",Rs./Quintal,12.10,Metric Tonnes,17-08-2026
Maharashtra,Pune,Baramati APMC,Cereals,Wheat,Kalyan,Non-FAQ,"1,800.00","2,370.00","2,350.00",Rs./Quintal,153.20,Metric Tonnes,16-04-2026
Maharashtra,Pune,Baramati APMC,Cereals,Wheat,Maharashtra 2189,FAQ,"2,590.00","3,100.00","2,750.00",Rs./Quintal,22.10,Metric Tonnes,16-04-2026
Maharashtra,Pune,Baramati APMC,Cereals,Wheat,Maharashtra 2189,Non-FAQ,"2,280.00","2,550.00","2,400.00",Rs./Quintal,80.00,Metric Tonnes,16-04-2026
Maharashtra,Pune,Baramati APMC,Cereals,Wheat,Kalyan,Non-FAQ,"1,990.00","2,400.00","2,300.00",Rs./Quintal,77.90,Metric Tonnes,16-03-2026
Maharashtra,Pune,Baramati APMC,Cereals,Wheat,Maharashtra 2189,FAQ,"2,430.00","2,811.00","2,500.00",Rs./Quintal,32.50,Metric Tonnes,16-03-2026
Maharashtra,Pune,Baramati APMC,Cereals,Wheat,Maharashtra 2189,Non-FAQ,"2,325.00","2,420.00","2,400.00",Rs./Quintal,19.40,Metric Tonnes,16-03-2026
Maharashtra,Pune,Baramati APMC,Cereals,Wheat,Kalyan,FAQ,"2,430.00","2,550.00","2,500.00",Rs./Quintal,20.00,Metric Tonnes,16-02-2026
Maharashtra,Pune,Baramati APMC,Cereals,Wheat,Kalyan,Non-FAQ,"2,200.00","2,420.00","2,400.00",Rs./Quintal,14.90,Metric Tonnes,16-02-2026
Maharashtra,Pune,Baramati APMC,Cereals,Wheat,Maharashtra 2189,FAQ,"2,425.00","3,121.00","2,600.00",Rs./Quintal,23.20,Metric Tonnes,16-02-2026
Maharashtra,Pune,Baramati APMC,Cereals,Wheat,Kalyan,FAQ,"2,425.00","2,751.00","2,700.00",Rs./Quintal,10.00,Metric Tonnes,15-12-2025
Maharashtra,Pune,Baramati APMC,Cereals,Wheat,Kalyan,Non-FAQ,"2,200.00","2,420.00","2,400.00",Rs./Quintal,4.80,Metric Tonnes,15-12-2025
Maharashtra,Pune,Baramati APMC,Cereals,Wheat,Maharashtra 2189,FAQ,"2,550.00","3,000.00","2,800.00",Rs./Quintal,9.90,Metric Tonnes,15-12-2025
Maharashtra,Pune,Baramati APMC,Cereals,Wheat,Kalyan,Non-FAQ,"2,000.00","2,400.00","2,390.00",Rs./Quintal,55.20,Metric Tonnes,15-06-2026
Maharashtra,Pune,Baramati APMC,Cereals,Wheat,Maharashtra 2189,FAQ,"2,590.00","2,611.00","2,600.00",Rs./Quintal,4.40,Metric Tonnes,15-06-2026
Maharashtra,Pune,Baramati APMC,Cereals,Wheat,Maharashtra 2189,Non-FAQ,"2,310.00","2,580.00","2,420.00",Rs./Quintal,32.40,Metric Tonnes,15-06-2026
Maharashtra,Pune,Baramati APMC,Cereals,Wheat,Kalyan,FAQ,"2,430.00","2,825.00","2,750.00",Rs./Quintal,12.00,Metric Tonnes,15-01-2026
Maharashtra,Pune,Baramati APMC,Cereals,Wheat,Kalyan,Non-FAQ,"2,000.00","2,420.00","2,380.00",Rs./Quintal,4.70,Metric Tonnes,15-01-2026
Maharashtra,Pune,Baramati APMC,Cereals,Wheat,Maharashtra 2189,FAQ,"2,500.00","3,200.00","2,860.00",Rs./Quintal,11.10,Metric Tonnes,15-01-2026
Maharashtra,Pune,Baramati APMC,Cereals,Wheat,Kalyan,Non-FAQ,"2,000.00","2,440.00","2,421.00",Rs./Quintal,74.10,Metric Tonnes,14-05-2026
Maharashtra,Pune,Baramati APMC,Cereals,Wheat,Maharashtra 2189,FAQ,"2,590.00","2,751.00","2,700.00",Rs./Quintal,17.00,Metric Tonnes,14-05-2026
Maharashtra,Pune,Baramati APMC,Cereals,Wheat,Maharashtra 2189,Non-FAQ,"2,300.00","2,550.00","2,500.00",Rs./Quintal,32.30,Metric Tonnes,14-05-2026
Maharashtra,Pune,Baramati APMC,Cereals,Wheat,Kalyan,FAQ,"2,590.00","2,670.00","2,600.00",Rs./Quintal,50.00,Metric Tonnes,13-08-2026
Maharashtra,Pune,Baramati APMC,Cereals,Wheat,Kalyan,Non-FAQ,"2,317.00","2,580.00","2,500.00",Rs./Quintal,35.60,Metric Tonnes,13-08-2026
Maharashtra,Pune,Baramati APMC,Cereals,Wheat,Maharashtra 2189,FAQ,"2,585.00","2,811.00","2,725.00",Rs./Quintal,24.10,Metric Tonnes,13-08-2026
Maharashtra,Pune,Baramati APMC,Cereals,Wheat,Maharashtra 2189,Non-FAQ,"2,450.00","2,580.00","2,500.00",Rs./Quintal,33.00,Metric Tonnes,13-08-2026
Maharashtra,Pune,Baramati APMC,Cereals,Wheat,Kalyan,FAQ,"2,590.00","2,625.00","2,600.00",Rs./Quintal,18.30,Metric Tonnes,13-07-2026
Maharashtra,Pune,Baramati APMC,Cereals,Wheat,Kalyan,Non-FAQ,"2,100.00","2,580.00","2,500.00",Rs./Quintal,70.00,Metric Tonnes,13-07-2026
Maharashtra,Pune,Baramati APMC,Cereals,Wheat,Maharashtra 2189,FAQ,"2,590.00","2,800.00","2,700.00",Rs./Quintal,40.00,Metric Tonnes,13-07-2026
Maharashtra,Pune,Baramati APMC,Cereals,Wheat,Maharashtra 2189,Non-FAQ,"2,300.00","2,580.00","2,500.00",Rs./Quintal,18.90,Metric Tonnes,13-07-2026
Maharashtra,Pune,Baramati APMC,Cereals,Wheat,Kalyan,Non-FAQ,"1,900.00","2,350.00","2,300.00",Rs./Quintal,84.40,Metric Tonnes,13-04-2026
Maharashtra,Pune,Baramati APMC,Cereals,Wheat,Maharashtra 2189,FAQ,"2,590.00","3,051.00","2,800.00",Rs./Quintal,6.20,Metric Tonnes,13-04-2026
Maharashtra,Pune,Baramati APMC,Cereals,Wheat,Maharashtra 2189,Non-FAQ,"2,290.00","2,550.00","2,400.00",Rs./Quintal,50.00,Metric Tonnes,13-04-2026
Maharashtra,Pune,Baramati APMC,Cereals,Wheat,Kalyan,FAQ,"2,450.00","2,600.00","2,550.00",Rs./Quintal,10.60,Metric Tonnes,12-02-2026
Maharashtra,Pune,Baramati APMC,Cereals,Wheat,Kalyan,Non-FAQ,"2,200.00","2,420.00","2,400.00",Rs./Quintal,4.20,Metric Tonnes,12-02-2026
Maharashtra,Pune,Baramati APMC,Cereals,Wheat,Maharashtra 2189,FAQ,"2,500.00","2,900.00","2,700.00",Rs./Quintal,9.80,Metric Tonnes,12-02-2026
Maharashtra,Pune,Baramati APMC,Cereals,Wheat,Kalyan,FAQ,"2,425.00","2,751.00","2,700.00",Rs./Quintal,13.00,Metric Tonnes,12-01-2026
Maharashtra,Pune,Baramati APMC,Cereals,Wheat,Kalyan,Non-FAQ,"2,100.00","2,420.00","2,380.00",Rs./Quintal,5.70,Metric Tonnes,12-01-2026
Maharashtra,Pune,Baramati APMC,Cereals,Wheat,Maharashtra 2189,FAQ,"2,500.00","3,170.00","2,851.00",Rs./Quintal,12.50,Metric Tonnes,12-01-2026
Maharashtra,Pune,Baramati APMC,Cereals,Wheat,Kalyan,FAQ,"2,500.00","2,751.00","2,700.00",Rs./Quintal,25.30,Metric Tonnes,11-12-2025
Maharashtra,Pune,Baramati APMC,Cereals,Wheat,Maharashtra 2189,FAQ,"2,711.00","3,175.00","2,851.00",Rs./Quintal,16.90,Metric Tonnes,11-12-2025
Maharashtra,Pune,Baramati APMC,Cereals,Wheat,Kalyan,Non-FAQ,"1,800.00","2,381.00","2,350.00",Rs./Quintal,63.80,Metric Tonnes,11-06-2026
Maharashtra,Pune,Baramati APMC,Cereals,Wheat,Maharashtra 2189,FAQ,"2,590.00","2,811.00","2,650.00",Rs./Quintal,10.00,Metric Tonnes,11-06-2026
Maharashtra,Pune,Baramati APMC,Cereals,Wheat,Maharashtra 2189,Non-FAQ,"2,301.00","2,580.00","2,401.00",Rs./Quintal,32.40,Metric Tonnes,11-06-2026
Maharashtra,Pune,Baramati APMC,Cereals,Wheat,Kalyan,Non-FAQ,"2,000.00","2,380.00","2,350.00",Rs./Quintal,73.30,Metric Tonnes,11-05-2026
Maharashtra,Pune,Baramati APMC,Cereals,Wheat,Maharashtra 2189,FAQ,"2,600.00","3,211.00","2,700.00",Rs./Quintal,30.00,Metric Tonnes,11-05-2026
Maharashtra,Pune,Baramati APMC,Cereals,Wheat,Maharashtra 2189,Non-FAQ,"2,300.00","2,495.00","2,480.00",Rs./Quintal,18.90,Metric Tonnes,11-05-2026
Maharashtra,Pune,Baramati APMC,Cereals,Wheat,Kalyan,FAQ,"2,585.00","2,670.00","2,640.00",Rs./Quintal,22.00,Metric Tonnes,10-08-2026
Maharashtra,Pune,Baramati APMC,Cereals,Wheat,Kalyan,Non-FAQ,"2,011.00","2,580.00","2,500.00",Rs./Quintal,30.00,Metric Tonnes,10-08-2026
Maharashtra,Pune,Baramati APMC,Cereals,Wheat,Maharashtra 2189,FAQ,"2,585.00","2,851.00","2,700.00",Rs./Quintal,24.60,Metric Tonnes,10-08-2026
Maharashtra,Pune,Baramati APMC,Cereals,Wheat,Maharashtra 2189,Non-FAQ,"2,450.00","2,580.00","2,500.00",Rs./Quintal,10.00,Metric Tonnes,10-08-2026
Maharashtra,Pune,Baramati APMC,Cereals,Wheat,Kalyan,FAQ,"2,590.00","2,680.00","2,651.00",Rs./Quintal,33.70,Metric Tonnes,09-07-2026
Maharashtra,Pune,Baramati APMC,Cereals,Wheat,Kalyan,Non-FAQ,"2,200.00","2,580.00","2,500.00",Rs./Quintal,30.00,Metric Tonnes,09-07-2026
Maharashtra,Pune,Baramati APMC,Cereals,Wheat,Maharashtra 2189,FAQ,"2,585.00","2,800.00","2,700.00",Rs./Quintal,42.40,Metric Tonnes,09-07-2026
Maharashtra,Pune,Baramati APMC,Cereals,Wheat,Kalyan,Non-FAQ,"1,900.00","2,300.00","2,250.00",Rs./Quintal,124.80,Metric Tonnes,09-04-2026
Maharashtra,Pune,Baramati APMC,Cereals,Wheat,Maharashtra 2189,FAQ,"2,600.00","3,000.00","2,700.00",Rs./Quintal,13.10,Metric Tonnes,09-04-2026
Maharashtra,Pune,Baramati APMC,Cereals,Wheat,Maharashtra 2189,Non-FAQ,"2,280.00","2,500.00","2,400.00",Rs./Quintal,70.00,Metric Tonnes,09-04-2026
Maharashtra,Pune,Baramati APMC,Cereals,Wheat,Kalyan,FAQ,"2,425.00","2,675.00","2,651.00",Rs./Quintal,16.00,Metric Tonnes,09-02-2026
Maharashtra,Pune,Baramati APMC,Cereals,Wheat,Maharashtra 2189,FAQ,"2,551.00","3,001.00","2,700.00",Rs./Quintal,10.70,Metric Tonnes,09-02-2026
Maharashtra,Pune,Baramati APMC,Cereals,Wheat,Kalyan,FAQ,"2,425.00","2,800.00","2,651.00",Rs./Quintal,11.70,Metric Tonnes,08-12-2025
Maharashtra,Pune,Baramati APMC,Cereals,Wheat,Kalyan,Non-FAQ,"2,300.00","2,420.00","2,400.00",Rs./Quintal,12.10,Metric Tonnes,08-12-2025
Maharashtra,Pune,Baramati APMC,Cereals,Wheat,Maharashtra 2189,FAQ,"2,560.00","3,100.00","2,651.00",Rs./Quintal,15.80,Metric Tonnes,08-12-2025
Maharashtra,Pune,Baramati APMC,Cereals,Wheat,Kalyan,Non-FAQ,"1,800.00","2,350.00","2,300.00",Rs./Quintal,34.20,Metric Tonnes,08-06-2026
Maharashtra,Pune,Baramati APMC,Cereals,Wheat,Maharashtra 2189,FAQ,"2,590.00","2,600.00","2,600.00",Rs./Quintal,3.40,Metric Tonnes,08-06-2026
Maharashtra,Pune,Baramati APMC,Cereals,Wheat,Maharashtra 2189,Non-FAQ,"2,301.00","2,580.00","2,400.00",Rs./Quintal,19.40,Metric Tonnes,08-06-2026
Maharashtra,Pune,Baramati APMC,Cereals,Wheat,Kalyan,Non-FAQ,"2,000.00","2,500.00","2,440.00",Rs./Quintal,101.50,Metric Tonnes,07-05-2026
Maharashtra,Pune,Baramati APMC,Cereals,Wheat,Maharashtra 2189,FAQ,"2,600.00","2,751.00","2,650.00",Rs./Quintal,40.00,Metric Tonnes,07-05-2026
Maharashtra,Pune,Baramati APMC,Cereals,Wheat,Maharashtra 2189,Non-FAQ,"2,400.00","2,580.00","2,500.00",Rs./Quintal,27.60,Metric Tonnes,07-05-2026
Maharashtra,Pune,Baramati APMC,Cereals,Wheat,Kalyan,FAQ,"2,590.00","2,690.00","2,650.00",Rs./Quintal,7.80,Metric Tonnes,06-07-2026
Maharashtra,Pune,Baramati APMC,Cereals,Wheat,Kalyan,Non-FAQ,"2,000.00","2,580.00","2,400.00",Rs./Quintal,20.00,Metric Tonnes,06-07-2026
Maharashtra,Pune,Baramati APMC,Cereals,Wheat,Maharashtra 2189,FAQ,"2,590.00","2,800.00","2,700.00",Rs./Quintal,10.00,Metric Tonnes,06-07-2026
Maharashtra,Pune,Baramati APMC,Cereals,Wheat,Maharashtra 2189,Non-FAQ,"2,301.00","2,580.00","2,500.00",Rs./Quintal,8.50,Metric Tonnes,06-07-2026
Maharashtra,Pune,Baramati APMC,Cereals,Wheat,Kalyan,Non-FAQ,"1,900.00","2,300.00","2,251.00",Rs./Quintal,118.00,Metric Tonnes,06-04-2026
Maharashtra,Pune,Baramati APMC,Cereals,Wheat,Maharashtra 2189,FAQ,"2,590.00","3,100.00","2,700.00",Rs./Quintal,28.70,Metric Tonnes,06-04-2026
Maharashtra,Pune,Baramati APMC,Cereals,Wheat,Maharashtra 2189,Non-FAQ,"2,280.00","2,550.00","2,500.00",Rs./Quintal,50.00,Metric Tonnes,06-04-2026
Maharashtra,Pune,Baramati APMC,Cereals,Wheat,Kalyan,Non-FAQ,"2,000.00","2,375.00","2,351.00",Rs./Quintal,38.70,Metric Tonnes,05-03-2026
Maharashtra,Pune,Baramati APMC,Cereals,Wheat,Maharashtra 2189,FAQ,"2,425.00","2,700.00","2,451.00",Rs./Quintal,18.00,Metric Tonnes,05-03-2026
Maharashtra,Pune,Baramati APMC,Cereals,Wheat,Maharashtra 2189,Non-FAQ,"2,300.00","2,420.00","2,380.00",Rs./Quintal,7.80,Metric Tonnes,05-03-2026
Maharashtra,Pune,Baramati APMC,Cereals,Wheat,Kalyan,FAQ,"2,425.00","2,700.00","2,650.00",Rs./Quintal,26.00,Metric Tonnes,04-12-2025
Maharashtra,Pune,Baramati APMC,Cereals,Wheat,Kalyan,Non-FAQ,"2,200.00","2,420.00","2,400.00",Rs./Quintal,5.30,Metric Tonnes,04-12-2025
Maharashtra,Pune,Baramati APMC,Cereals,Wheat,Maharashtra 2189,FAQ,"2,550.00","3,051.00","2,751.00",Rs./Quintal,20.80,Metric Tonnes,04-12-2025
Maharashtra,Pune,Baramati APMC,Cereals,Wheat,Kalyan,Non-FAQ,"1,800.00","2,400.00","2,350.00",Rs./Quintal,71.90,Metric Tonnes,04-06-2026
Maharashtra,Pune,Baramati APMC,Cereals,Wheat,Maharashtra 2189,FAQ,"2,590.00","2,736.00","2,700.00",Rs./Quintal,10.00,Metric Tonnes,04-06-2026
Maharashtra,Pune,Baramati APMC,Cereals,Wheat,Maharashtra 2189,Non-FAQ,"2,300.00","2,580.00","2,500.00",Rs./Quintal,38.00,Metric Tonnes,04-06-2026
Maharashtra,Pune,Baramati APMC,Cereals,Wheat,Kalyan,Non-FAQ,"1,900.00","2,400.00","2,380.00",Rs./Quintal,107.70,Metric Tonnes,04-05-2026
Maharashtra,Pune,Baramati APMC,Cereals,Wheat,Maharashtra 2189,FAQ,"2,590.00","3,000.00","2,800.00",Rs./Quintal,10.00,Metric Tonnes,04-05-2026
Maharashtra,Pune,Baramati APMC,Cereals,Wheat,Maharashtra 2189,Non-FAQ,"2,300.00","2,550.00","2,451.00",Rs./Quintal,61.70,Metric Tonnes,04-05-2026
Maharashtra,Pune,Baramati APMC,Cereals,Wheat,Kalyan,FAQ,"2,590.00","2,700.00","2,686.00",Rs./Quintal,38.20,Metric Tonnes,03-08-2026
Maharashtra,Pune,Baramati APMC,Cereals,Wheat,Kalyan,Non-FAQ,"2,300.00","2,580.00","2,500.00",Rs./Quintal,40.00,Metric Tonnes,03-08-2026
Maharashtra,Pune,Baramati APMC,Cereals,Wheat,Maharashtra 2189,FAQ,"2,600.00","2,875.00","2,700.00",Rs./Quintal,52.20,Metric Tonnes,03-08-2026
Maharashtra,Pune,Baramati APMC,Cereals,Wheat,Kalyan,FAQ,"2,585.00","2,650.00","2,600.00",Rs./Quintal,14.80,Metric Tonnes,02-07-2026
Maharashtra,Pune,Baramati APMC,Cereals,Wheat,Kalyan,Non-FAQ,"2,000.00","2,580.00","2,500.00",Rs./Quintal,50.00,Metric Tonnes,02-07-2026
Maharashtra,Pune,Baramati APMC,Cereals,Wheat,Maharashtra 2189,FAQ,"2,590.00","2,900.00","2,700.00",Rs./Quintal,40.00,Metric Tonnes,02-07-2026
Maharashtra,Pune,Baramati APMC,Cereals,Wheat,Maharashtra 2189,Non-FAQ,"2,400.00","2,580.00","2,500.00",Rs./Quintal,3.20,Metric Tonnes,02-07-2026
Maharashtra,Pune,Baramati APMC,Cereals,Wheat,Kalyan,Non-FAQ,"2,000.00","2,500.00","2,175.00",Rs./Quintal,212.40,Metric Tonnes,02-04-2026
Maharashtra,Pune,Baramati APMC,Cereals,Wheat,Maharashtra 2189,FAQ,"2,600.00","3,052.00","2,700.00",Rs./Quintal,41.60,Metric Tonnes,02-04-2026
Maharashtra,Pune,Baramati APMC,Cereals,Wheat,Maharashtra 2189,Non-FAQ,"2,250.00","2,500.00","2,300.00",Rs./Quintal,100.00,Metric Tonnes,02-04-2026
Maharashtra,Pune,Baramati APMC,Cereals,Wheat,Kalyan,Non-FAQ,"1,800.00","2,351.00","2,300.00",Rs./Quintal,48.70,Metric Tonnes,02-03-2026
Maharashtra,Pune,Baramati APMC,Cereals,Wheat,Maharashtra 2189,FAQ,"2,425.00","2,750.00","2,500.00",Rs./Quintal,12.40,Metric Tonnes,02-03-2026
Maharashtra,Pune,Baramati APMC,Cereals,Wheat,Maharashtra 2189,Non-FAQ,"2,300.00","2,420.00","2,400.00",Rs./Quintal,20.00,Metric Tonnes,02-03-2026
Maharashtra,Pune,Baramati APMC,Cereals,Wheat,Kalyan,Non-FAQ,"1,900.00","2,400.00","2,350.00",Rs./Quintal,100.80,Metric Tonnes,01-06-2026
Maharashtra,Pune,Baramati APMC,Cereals,Wheat,Maharashtra 2189,FAQ,"2,600.00","2,900.00","2,700.00",Rs./Quintal,10.00,Metric Tonnes,01-06-2026
Maharashtra,Pune,Baramati APMC,Cereals,Wheat,Maharashtra 2189,Non-FAQ,"2,325.00","2,580.00","2,550.00",Rs./Quintal,57.20,Metric Tonnes,01-06-2026
Maharashtra,Pune,Baramati APMC,Cereals,Wheat,Kalyan,FAQ,"2,500.00","2,775.00","2,750.00",Rs./Quintal,21.00,Metric Tonnes,01-01-2026
Maharashtra,Pune,Baramati APMC,Cereals,Wheat,Kalyan,Non-FAQ,"2,200.00","2,418.00","2,390.00",Rs./Quintal,10.00,Metric Tonnes,01-01-2026
Maharashtra,Pune,Baramati APMC,Cereals,Wheat,Maharashtra 2189,FAQ,"2,550.00","3,250.00","2,850.00",Rs./Quintal,20.70,Metric Tonnes,01-01-2026
Maharashtra,Pune,Dound APMC,Cereals,Wheat,Maharashtra 2189,Non-FAQ,"2,200.00","2,300.00","2,300.00",Rs./Quintal,1.50,Metric Tonnes,31-05-2026
Maharashtra,Pune,Dound APMC,Cereals,Wheat,Maharashtra 2189,FAQ,"2,600.00","2,600.00","2,600.00",Rs./Quintal,0.50,Metric Tonnes,30-07-2026
Maharashtra,Pune,Dound APMC,Cereals,Wheat,Maharashtra 2189,Non-FAQ,"2,400.00","2,500.00","2,500.00",Rs./Quintal,2.80,Metric Tonnes,30-07-2026
Maharashtra,Pune,Dound APMC,Cereals,Wheat,Maharashtra 2189,Non-FAQ,"2,300.00","2,500.00","2,475.00",Rs./Quintal,7.90,Metric Tonnes,28-06-2026
Maharashtra,Pune,Dound APMC,Cereals,Wheat,Maharashtra 2189,FAQ,"2,500.00","2,601.00","2,601.00",Rs./Quintal,0.30,Metric Tonnes,27-11-2025
Maharashtra,Pune,Dound APMC,Cereals,Wheat,Maharashtra 2189,FAQ,"2,600.00","2,650.00","2,600.00",Rs./Quintal,4.50,Metric Tonnes,26-07-2026
Maharashtra,Pune,Dound APMC,Cereals,Wheat,Maharashtra 2189,Non-FAQ,"2,500.00","2,550.00","2,500.00",Rs./Quintal,3.90,Metric Tonnes,26-07-2026
Maharashtra,Pune,Dound APMC,Cereals,Wheat,Maharashtra 2189,FAQ,"2,450.00","2,900.00","2,700.00",Rs./Quintal,4.00,Metric Tonnes,25-12-2025
Maharashtra,Pune,Dound APMC,Cereals,Wheat,Maharashtra 2189,Non-FAQ,"2,325.00","2,472.00","2,377.00",Rs./Quintal,5.60,Metric Tonnes,25-06-2026
Maharashtra,Pune,Dound APMC,Cereals,Wheat,Maharashtra 2189,FAQ,"2,450.00","2,801.00","2,650.00",Rs./Quintal,3.50,Metric Tonnes,23-11-2025
Maharashtra,Pune,Dound APMC,Cereals,Wheat,Maharashtra 2189,FAQ,"2,600.00","2,700.00","2,600.00",Rs./Quintal,6.20,Metric Tonnes,23-07-2026
Maharashtra,Pune,Dound APMC,Cereals,Wheat,Maharashtra 2189,Non-FAQ,"2,551.00","2,551.00","2,551.00",Rs./Quintal,1.00,Metric Tonnes,23-07-2026
Maharashtra,Pune,Dound APMC,Cereals,Wheat,Maharashtra 2189,FAQ,"2,450.00","2,600.00","2,550.00",Rs./Quintal,2.30,Metric Tonnes,22-02-2026
Maharashtra,Pune,Dound APMC,Cereals,Wheat,Maharashtra 2189,Non-FAQ,"2,300.00","2,400.00","2,400.00",Rs./Quintal,0.40,Metric Tonnes,22-02-2026
Maharashtra,Pune,Dound APMC,Cereals,Wheat,Maharashtra 2189,Non-FAQ,"2,000.00","2,500.00","2,300.00",Rs./Quintal,2.40,Metric Tonnes,21-06-2026
Maharashtra,Pune,Dound APMC,Cereals,Wheat,Maharashtra 2189,Non-FAQ,"2,400.00","2,552.00","2,552.00",Rs./Quintal,4.60,Metric Tonnes,19-07-2026
Maharashtra,Pune,Dound APMC,Cereals,Wheat,Maharashtra 2189,Non-FAQ,"2,325.00","2,500.00","2,400.00",Rs./Quintal,6.20,Metric Tonnes,18-06-2026
Maharashtra,Pune,Dound APMC,Cereals,Wheat,Maharashtra 2189,FAQ,"2,450.00","3,010.00","2,750.00",Rs./Quintal,3.60,Metric Tonnes,18-01-2026
Maharashtra,Pune,Dound APMC,Cereals,Wheat,Maharashtra 2189,FAQ,"2,500.00","2,900.00","2,600.00",Rs./Quintal,4.60,Metric Tonnes,16-11-2025
Maharashtra,Pune,Dound APMC,Cereals,Wheat,Maharashtra 2189,FAQ,"2,600.00","2,600.00","2,600.00",Rs./Quintal,2.60,Metric Tonnes,16-07-2026
Maharashtra,Pune,Dound APMC,Cereals,Wheat,Maharashtra 2189,Non-FAQ,"2,300.00","2,550.00","2,500.00",Rs./Quintal,4.50,Metric Tonnes,16-07-2026
Maharashtra,Pune,Dound APMC,Cereals,Wheat,Maharashtra 2189,FAQ,"2,500.00","2,850.00","2,750.00",Rs./Quintal,1.00,Metric Tonnes,15-02-2026
Maharashtra,Pune,Dound APMC,Cereals,Wheat,Maharashtra 2189,FAQ,"2,450.00","2,801.00","2,700.00",Rs./Quintal,1.80,Metric Tonnes,15-01-2026
Maharashtra,Pune,Dound APMC,Cereals,Wheat,Maharashtra 2189,Non-FAQ,"2,230.00","2,400.00","2,300.00",Rs./Quintal,18.30,Metric Tonnes,14-06-2026
Maharashtra,Pune,Dound APMC,Cereals,Wheat,Maharashtra 2189,FAQ,"2,450.00","2,751.00","2,751.00",Rs./Quintal,0.60,Metric Tonnes,13-11-2025
Maharashtra,Pune,Dound APMC,Cereals,Wheat,Maharashtra 2189,FAQ,"2,500.00","2,720.00","2,650.00",Rs./Quintal,2.10,Metric Tonnes,12-02-2026
Maharashtra,Pune,Dound APMC,Cereals,Wheat,Maharashtra 2189,Non-FAQ,"2,400.00","2,550.00","2,500.00",Rs./Quintal,6.40,Metric Tonnes,11-06-2026
Maharashtra,Pune,Dound APMC,Cereals,Wheat,Maharashtra 2189,FAQ,"2,450.00","2,875.00","2,750.00",Rs./Quintal,3.40,Metric Tonnes,11-01-2026
Maharashtra,Pune,Dound APMC,Cereals,Wheat,Maharashtra 2189,FAQ,"2,450.00","2,650.00","2,550.00",Rs./Quintal,61.30,Metric Tonnes,10-03-2026
Maharashtra,Pune,Dound APMC,Cereals,Wheat,Maharashtra 2189,Non-FAQ,"2,270.00","2,400.00","2,300.00",Rs./Quintal,27.10,Metric Tonnes,10-03-2026
Maharashtra,Pune,Dound APMC,Cereals,Wheat,Maharashtra 2189,FAQ,"2,600.00","2,700.00","2,650.00",Rs./Quintal,6.00,Metric Tonnes,09-08-2026
Maharashtra,Pune,Dound APMC,Cereals,Wheat,Maharashtra 2189,Non-FAQ,"2,550.00","2,550.00","2,550.00",Rs./Quintal,0.30,Metric Tonnes,09-08-2026
Maharashtra,Pune,Dound APMC,Cereals,Wheat,Maharashtra 2189,Non-FAQ,"2,350.00","2,500.00","2,400.00",Rs./Quintal,3.40,Metric Tonnes,09-07-2026
Maharashtra,Pune,Dound APMC,Cereals,Wheat,Maharashtra 2189,Non-FAQ,"2,300.00","2,400.00","2,350.00",Rs./Quintal,8.00,Metric Tonnes,07-06-2026
Maharashtra,Pune,Dound APMC,Cereals,Wheat,Maharashtra 2189,Non-FAQ,"2,400.00","2,550.00","2,475.00",Rs./Quintal,8.20,Metric Tonnes,05-07-2026
Maharashtra,Pune,Dound APMC,Cereals,Wheat,Maharashtra 2189,FAQ,"2,450.00","2,600.00","2,550.00",Rs./Quintal,1.00,Metric Tonnes,04-12-2025
Maharashtra,Pune,Dound APMC,Cereals,Wheat,Maharashtra 2189,FAQ,"2,450.00","3,011.00","2,750.00",Rs./Quintal,4.00,Metric Tonnes,04-01-2026
Maharashtra,Pune,Dound APMC,Cereals,Wheat,Maharashtra 2189,FAQ,"2,585.00","2,621.00","2,585.00",Rs./Quintal,9.90,Metric Tonnes,02-08-2026
Maharashtra,Pune,Dound APMC,Cereals,Wheat,Maharashtra 2189,Non-FAQ,"2,500.00","2,500.00","2,500.00",Rs./Quintal,0.70,Metric Tonnes,02-08-2026
Maharashtra,Pune,Dound APMC,Cereals,Wheat,Maharashtra 2189,FAQ,"2,450.00","2,800.00","2,700.00",Rs./Quintal,4.00,Metric Tonnes,01-02-2026
Maharashtra,Pune,Indapur APMC,Cereals,Wheat,Maharashtra 2189,FAQ,"2,600.00","3,000.00","2,700.00",Rs./Quintal,0.80,Metric Tonnes,17-08-2026
Maharashtra,Pune,Indapur APMC,Cereals,Wheat,Other,Non-FAQ,"2,251.00","2,500.00","2,500.00",Rs./Quintal,5.00,Metric Tonnes,17-08-2026
Maharashtra,Pune,Indapur APMC,Cereals,Wheat,Maharashtra 2189,FAQ,"2,600.00","2,900.00","2,700.00",Rs./Quintal,0.60,Metric Tonnes,11-05-2026
Maharashtra,Pune,Indapur APMC,Cereals,Wheat,Other,Non-FAQ,"1,800.00","2,550.00","2,500.00",Rs./Quintal,24.00,Metric Tonnes,11-05-2026
Maharashtra,Pune,Indapur APMC,Cereals,Wheat,Maharashtra 2189,FAQ,"2,900.00","2,900.00","2,900.00",Rs./Quintal,0.80,Metric Tonnes,10-08-2026
Maharashtra,Pune,Indapur APMC,Cereals,Wheat,Other,Non-FAQ,"2,100.00","2,500.00","2,500.00",Rs./Quintal,16.00,Metric Tonnes,10-08-2026
Maharashtra,Pune,Indapur APMC,Cereals,Wheat,Maharashtra 2189,FAQ,"2,600.00","3,051.00","2,700.00",Rs./Quintal,11.00,Metric Tonnes,06-08-2026
Maharashtra,Pune,Indapur APMC,Cereals,Wheat,Other,Non-FAQ,"2,300.00","2,550.00","2,500.00",Rs./Quintal,0.30,Metric Tonnes,06-08-2026
Maharashtra,Pune,Indapur(Bhigwan) APMC,Cereals,Wheat,Maharashtra 2189,FAQ,"2,600.00","2,651.00","2,600.00",Rs./Quintal,0.30,Metric Tonnes,21-06-2026
Maharashtra,Pune,Indapur(Bhigwan) APMC,Cereals,Wheat,Other,Non-FAQ,"1,500.00","2,550.00","2,200.00",Rs./Quintal,86.00,Metric Tonnes,21-06-2026
Maharashtra,Pune,Indapur(Bhigwan) APMC,Cereals,Wheat,Maharashtra 2189,FAQ,"2,585.00","2,851.00","2,800.00",Rs./Quintal,7.20,Metric Tonnes,03-05-2026
Maharashtra,Pune,Indapur(Bhigwan) APMC,Cereals,Wheat,Other,Non-FAQ,"1,800.00","2,580.00","2,500.00",Rs./Quintal,70.00,Metric Tonnes,03-05-2026
Maharashtra,Pune,Indapur(Nimgaon Ketki) APMC,Cereals,Wheat,Maharashtra 2189,Non-FAQ,"2,200.00","2,351.00","2,351.00",Rs./Quintal,30.00,Metric Tonnes,30-05-2026
Maharashtra,Pune,Indapur(Nimgaon Ketki) APMC,Cereals,Wheat,Maharashtra 2189,FAQ,"2,700.00","2,700.00","2,700.00",Rs./Quintal,1.00,Metric Tonnes,29-11-2025
Maharashtra,Pune,Indapur(Nimgaon Ketki) APMC,Cereals,Wheat,Maharashtra 2189,FAQ,"2,800.00","2,800.00","2,800.00",Rs./Quintal,12.00,Metric Tonnes,28-03-2026
Maharashtra,Pune,Indapur(Nimgaon Ketki) APMC,Cereals,Wheat,Maharashtra 2189,FAQ,"2,611.00","2,611.00","2,611.00",Rs./Quintal,11.00,Metric Tonnes,17-01-2026
Maharashtra,Pune,Indapur(Nimgaon Ketki) APMC,Cereals,Wheat,Maharashtra 2189,Non-FAQ,"2,300.00","2,400.00","2,361.00",Rs./Quintal,2.20,Metric Tonnes,11-07-2026
Maharashtra,Pune,Indapur(Nimgaon Ketki) APMC,Cereals,Wheat,Maharashtra 2189,Non-FAQ,"1,900.00","2,400.00","2,200.00",Rs./Quintal,0.50,Metric Tonnes,03-06-2026
Maharashtra,Pune,Indapur(Nimgaon Ketki) APMC,Cereals,Wheat,Maharashtra 2189,FAQ,"2,600.00","3,011.00","2,600.00",Rs./Quintal,11.00,Metric Tonnes,03-01-2026
Maharashtra,Pune,Nira(Saswad) APMC,Cereals,Wheat,Other,FAQ,"2,800.00","3,300.00","3,050.00",Rs./Quintal,7.20,Metric Tonnes,29-07-2026
Maharashtra,Pune,Nira(Saswad) APMC,Cereals,Wheat,Other,FAQ,"2,590.00","3,000.00","2,795.00",Rs./Quintal,3.50,Metric Tonnes,24-06-2026
Maharashtra,Pune,Nira(Saswad) APMC,Cereals,Wheat,Other,FAQ,"2,700.00","3,200.00","2,950.00",Rs./Quintal,7.70,Metric Tonnes,22-07-2026
Maharashtra,Pune,Nira(Saswad) APMC,Cereals,Wheat,Other,FAQ,"2,800.00","3,300.00","3,050.00",Rs./Quintal,9.20,Metric Tonnes,19-08-2026
Maharashtra,Pune,Nira(Saswad) APMC,Cereals,Wheat,Other,FAQ,"2,700.00","3,300.00","3,000.00",Rs./Quintal,10.00,Metric Tonnes,15-07-2026
Maharashtra,Pune,Nira(Saswad) APMC,Cereals,Wheat,Other,FAQ,"2,600.00","3,200.00","2,900.00",Rs./Quintal,13.00,Metric Tonnes,12-08-2026
Maharashtra,Pune,Nira(Saswad) APMC,Cereals,Wheat,Other,FAQ,"2,700.00","3,300.00","3,000.00",Rs./Quintal,8.20,Metric Tonnes,11-03-2026
Maharashtra,Pune,Nira(Saswad) APMC,Cereals,Wheat,Other,FAQ,"2,590.00","3,100.00","2,800.00",Rs./Quintal,9.00,Metric Tonnes,08-07-2026
Maharashtra,Pune,Nira(Saswad) APMC,Cereals,Wheat,Other,FAQ,"2,700.00","3,200.00","2,950.00",Rs./Quintal,6.70,Metric Tonnes,05-08-2026
Maharashtra,Pune,Nira(Saswad) APMC,Cereals,Wheat,Other,FAQ,"2,590.00","3,100.00","2,750.00",Rs./Quintal,7.50,Metric Tonnes,01-07-2026
Maharashtra,Pune,Pune APMC,Cereals,Wheat,Sharbati,FAQ,"4,500.00","5,200.00","4,850.00",Rs./Quintal,47.00,Metric Tonnes,31-12-2025
Maharashtra,Pune,Pune APMC,Cereals,Wheat,Sharbati,FAQ,"4,100.00","4,700.00","4,400.00",Rs./Quintal,54.00,Metric Tonnes,31-03-2026
Maharashtra,Pune,Pune APMC,Cereals,Wheat,Sharbati,FAQ,"4,500.00","5,100.00","4,800.00",Rs./Quintal,46.30,Metric Tonnes,30-12-2025
Maharashtra,Pune,Pune APMC,Cereals,Wheat,Sharbati,FAQ,"4,100.00","4,500.00","4,300.00",Rs./Quintal,54.40,Metric Tonnes,30-03-2026
Maharashtra,Pune,Pune APMC,Cereals,Wheat,Sharbati,FAQ,"4,500.00","5,200.00","4,850.00",Rs./Quintal,47.20,Metric Tonnes,30-01-2026
Maharashtra,Pune,Pune APMC,Cereals,Wheat,Sharbati,FAQ,"4,500.00","5,000.00","4,750.00",Rs./Quintal,46.00,Metric Tonnes,29-12-2025
Maharashtra,Pune,Pune APMC,Cereals,Wheat,Sharbati,FAQ,"4,000.00","5,600.00","4,800.00",Rs./Quintal,43.70,Metric Tonnes,29-11-2025
Maharashtra,Pune,Pune APMC,Cereals,Wheat,Sharbati,FAQ,"4,000.00","5,500.00","4,750.00",Rs./Quintal,43.30,Metric Tonnes,28-11-2025
Maharashtra,Pune,Pune APMC,Cereals,Wheat,Sharbati,FAQ,"4,000.00","4,700.00","4,350.00",Rs./Quintal,53.80,Metric Tonnes,28-03-2026
Maharashtra,Pune,Pune APMC,Cereals,Wheat,Sharbati,FAQ,"4,000.00","5,600.00","4,800.00",Rs./Quintal,43.50,Metric Tonnes,27-11-2025
Maharashtra,Pune,Pune APMC,Cereals,Wheat,Sharbati,FAQ,"4,500.00","5,800.00","5,150.00",Rs./Quintal,59.60,Metric Tonnes,27-04-2026
Maharashtra,Pune,Pune APMC,Cereals,Wheat,Sharbati,FAQ,"4,100.00","4,700.00","4,400.00",Rs./Quintal,53.60,Metric Tonnes,27-03-2026
Maharashtra,Pune,Pune APMC,Cereals,Wheat,Sharbati,FAQ,"4,500.00","5,200.00","4,850.00",Rs./Quintal,46.80,Metric Tonnes,27-01-2026
Maharashtra,Pune,Pune APMC,Cereals,Wheat,Sharbati,FAQ,"4,000.00","4,800.00","4,400.00",Rs./Quintal,53.20,Metric Tonnes,26-03-2026
Maharashtra,Pune,Pune APMC,Cereals,Wheat,Sharbati,FAQ,"4,200.00","5,300.00","4,750.00",Rs./Quintal,49.90,Metric Tonnes,26-02-2026
Maharashtra,Pune,Pune APMC,Cereals,Wheat,Sharbati,FAQ,"4,200.00","5,500.00","4,850.00",Rs./Quintal,44.10,Metric Tonnes,25-11-2025
Maharashtra,Pune,Pune APMC,Cereals,Wheat,Sharbati,FAQ,"4,000.00","4,700.00","4,350.00",Rs./Quintal,53.50,Metric Tonnes,25-03-2026
Maharashtra,Pune,Pune APMC,Cereals,Wheat,Sharbati,FAQ,"4,000.00","5,500.00","4,750.00",Rs./Quintal,43.80,Metric Tonnes,24-11-2025
Maharashtra,Pune,Pune APMC,Cereals,Wheat,Sharbati,FAQ,"4,400.00","5,600.00","5,000.00",Rs./Quintal,59.00,Metric Tonnes,24-04-2026
Maharashtra,Pune,Pune APMC,Cereals,Wheat,Sharbati,FAQ,"4,000.00","5,000.00","4,500.00",Rs./Quintal,52.70,Metric Tonnes,24-03-2026
Maharashtra,Pune,Pune APMC,Cereals,Wheat,Sharbati,FAQ,"4,200.00","5,000.00","4,600.00",Rs./Quintal,46.00,Metric Tonnes,24-01-2026
Maharashtra,Pune,Pune APMC,Cereals,Wheat,Sharbati,FAQ,"4,400.00","5,200.00","4,800.00",Rs./Quintal,45.50,Metric Tonnes,23-12-2025
Maharashtra,Pune,Pune APMC,Cereals,Wheat,Sharbati,FAQ,"4,000.00","4,800.00","4,400.00",Rs./Quintal,52.80,Metric Tonnes,23-03-2026
Maharashtra,Pune,Pune APMC,Cereals,Wheat,Sharbati,FAQ,"4,400.00","5,100.00","4,800.00",Rs./Quintal,46.30,Metric Tonnes,23-01-2026
Maharashtra,Pune,Pune APMC,Cereals,Wheat,Sharbati,FAQ,"4,200.00","5,500.00","4,850.00",Rs./Quintal,43.50,Metric Tonnes,22-11-2025
Maharashtra,Pune,Pune APMC,Cereals,Wheat,Sharbati,FAQ,"4,500.00","5,800.00","5,150.00",Rs./Quintal,59.30,Metric Tonnes,22-04-2026
Maharashtra,Pune,Pune APMC,Cereals,Wheat,Sharbati,FAQ,"4,200.00","5,200.00","4,700.00",Rs./Quintal,46.80,Metric Tonnes,22-01-2026
Maharashtra,Pune,Pune APMC,Cereals,Wheat,Sharbati,FAQ,"4,500.00","5,000.00","4,750.00",Rs./Quintal,45.30,Metric Tonnes,21-11-2025
Maharashtra,Pune,Pune APMC,Cereals,Wheat,Sharbati,FAQ,"4,400.00","5,600.00","5,000.00",Rs./Quintal,58.70,Metric Tonnes,21-04-2026
Maharashtra,Pune,Pune APMC,Cereals,Wheat,Sharbati,FAQ,"4,000.00","5,200.00","4,600.00",Rs./Quintal,52.00,Metric Tonnes,21-03-2026
Maharashtra,Pune,Pune APMC,Cereals,Wheat,Sharbati,FAQ,"4,400.00","5,000.00","4,700.00",Rs./Quintal,46.30,Metric Tonnes,21-01-2026
Maharashtra,Pune,Pune APMC,Cereals,Wheat,Sharbati,FAQ,"4,200.00","5,500.00","4,850.00",Rs./Quintal,43.70,Metric Tonnes,20-11-2025
Maharashtra,Pune,Pune APMC,Cereals,Wheat,Sharbati,FAQ,"4,200.00","5,400.00","4,800.00",Rs./Quintal,58.80,Metric Tonnes,20-04-2026
Maharashtra,Pune,Pune APMC,Cereals,Wheat,Sharbati,FAQ,"4,000.00","5,000.00","4,500.00",Rs./Quintal,52.30,Metric Tonnes,20-03-2026
Maharashtra,Pune,Pune APMC,Cereals,Wheat,Sharbati,FAQ,"4,200.00","5,200.00","4,700.00",Rs./Quintal,46.60,Metric Tonnes,20-01-2026
Maharashtra,Pune,Pune APMC,Cereals,Wheat,Sharbati,FAQ,"4,000.00","5,000.00","4,500.00",Rs./Quintal,51.40,Metric Tonnes,19-03-2026
Maharashtra,Pune,Pune APMC,Cereals,Wheat,Sharbati,FAQ,"4,200.00","5,000.00","4,600.00",Rs./Quintal,46.50,Metric Tonnes,19-01-2026
Maharashtra,Pune,Pune APMC,Cereals,Wheat,Sharbati,FAQ,"4,200.00","5,300.00","4,750.00",Rs./Quintal,58.60,Metric Tonnes,18-04-2026
Maharashtra,Pune,Pune APMC,Cereals,Wheat,Sharbati,FAQ,"4,000.00","5,200.00","4,600.00",Rs./Quintal,51.70,Metric Tonnes,18-03-2026
Maharashtra,Pune,Pune APMC,Cereals,Wheat,Sharbati,FAQ,"4,200.00","5,200.00","4,700.00",Rs./Quintal,58.10,Metric Tonnes,17-04-2026
Maharashtra,Pune,Pune APMC,Cereals,Wheat,Sharbati,FAQ,"4,000.00","5,000.00","4,500.00",Rs./Quintal,51.70,Metric Tonnes,17-03-2026
Maharashtra,Pune,Pune APMC,Cereals,Wheat,Sharbati,FAQ,"4,300.00","5,100.00","4,700.00",Rs./Quintal,47.20,Metric Tonnes,17-01-2026
Maharashtra,Pune,Pune APMC,Cereals,Wheat,Sharbati,FAQ,"4,200.00","5,400.00","4,800.00",Rs./Quintal,58.40,Metric Tonnes,16-04-2026
Maharashtra,Pune,Pune APMC,Cereals,Wheat,Sharbati,FAQ,"4,000.00","4,800.00","4,400.00",Rs./Quintal,51.40,Metric Tonnes,16-03-2026
Maharashtra,Pune,Pune APMC,Cereals,Wheat,Sharbati,FAQ,"4,200.00","5,300.00","4,750.00",Rs./Quintal,58.30,Metric Tonnes,15-04-2026
Maharashtra,Pune,Pune APMC,Cereals,Wheat,Sharbati,FAQ,"4,200.00","5,200.00","4,700.00",Rs./Quintal,57.70,Metric Tonnes,14-04-2026
Maharashtra,Pune,Pune APMC,Cereals,Wheat,Sharbati,FAQ,"4,000.00","5,000.00","4,500.00",Rs./Quintal,51.30,Metric Tonnes,14-03-2026
Maharashtra,Pune,Pune APMC,Cereals,Wheat,Sharbati,FAQ,"4,200.00","5,600.00","4,800.00",Rs./Quintal,44.70,Metric Tonnes,13-12-2025
Maharashtra,Pune,Pune APMC,Cereals,Wheat,Sharbati,FAQ,"4,200.00","5,200.00","4,700.00",Rs./Quintal,57.30,Metric Tonnes,13-04-2026
Maharashtra,Pune,Pune APMC,Cereals,Wheat,Sharbati,FAQ,"4,000.00","4,800.00","4,400.00",Rs./Quintal,51.10,Metric Tonnes,13-03-2026
Maharashtra,Pune,Pune APMC,Cereals,Wheat,Sharbati,FAQ,"4,400.00","5,000.00","4,750.00",Rs./Quintal,45.90,Metric Tonnes,13-01-2026
Maharashtra,Pune,Pune APMC,Cereals,Wheat,Sharbati,FAQ,"4,000.00","5,000.00","4,500.00",Rs./Quintal,51.20,Metric Tonnes,12-03-2026
Maharashtra,Pune,Pune APMC,Cereals,Wheat,Sharbati,FAQ,"4,500.00","5,400.00","4,850.00",Rs./Quintal,47.40,Metric Tonnes,12-02-2026
Maharashtra,Pune,Pune APMC,Cereals,Wheat,Sharbati,FAQ,"4,400.00","5,100.00","4,800.00",Rs./Quintal,46.10,Metric Tonnes,12-01-2026
Maharashtra,Pune,Pune APMC,Cereals,Wheat,Sharbati,FAQ,"4,500.00","5,000.00","4,750.00",Rs./Quintal,45.30,Metric Tonnes,11-11-2025
Maharashtra,Pune,Pune APMC,Cereals,Wheat,Sharbati,FAQ,"4,000.00","5,000.00","4,500.00",Rs./Quintal,56.30,Metric Tonnes,11-04-2026
Maharashtra,Pune,Pune APMC,Cereals,Wheat,Sharbati,FAQ,"4,000.00","5,000.00","4,500.00",Rs./Quintal,51.50,Metric Tonnes,11-03-2026
Maharashtra,Pune,Pune APMC,Cereals,Wheat,Sharbati,FAQ,"4,200.00","5,500.00","4,850.00",Rs./Quintal,44.70,Metric Tonnes,10-12-2025
Maharashtra,Pune,Pune APMC,Cereals,Wheat,Sharbati,FAQ,"4,000.00","5,200.00","4,600.00",Rs./Quintal,57.00,Metric Tonnes,10-04-2026
Maharashtra,Pune,Pune APMC,Cereals,Wheat,Sharbati,FAQ,"4,000.00","5,000.00","4,500.00",Rs./Quintal,51.60,Metric Tonnes,10-03-2026
Maharashtra,Pune,Pune APMC,Cereals,Wheat,Sharbati,FAQ,"4,500.00","5,000.00","4,750.00",Rs./Quintal,46.20,Metric Tonnes,10-01-2026
Maharashtra,Pune,Pune APMC,Cereals,Wheat,Sharbati,FAQ,"4,000.00","5,000.00","4,500.00",Rs./Quintal,56.00,Metric Tonnes,09-04-2026
Maharashtra,Pune,Pune APMC,Cereals,Wheat,Sharbati,FAQ,"4,000.00","4,800.00","4,400.00",Rs./Quintal,51.00,Metric Tonnes,09-03-2026
Maharashtra,Pune,Pune APMC,Cereals,Wheat,Sharbati,FAQ,"4,500.00","5,200.00","4,850.00",Rs./Quintal,47.60,Metric Tonnes,09-02-2026
Maharashtra,Pune,Pune APMC,Cereals,Wheat,Sharbati,FAQ,"4,300.00","5,300.00","4,800.00",Rs./Quintal,46.50,Metric Tonnes,09-01-2026
Maharashtra,Pune,Pune APMC,Cereals,Wheat,Sharbati,FAQ,"4,000.00","5,600.00","4,800.00",Rs./Quintal,44.30,Metric Tonnes,08-12-2025
Maharashtra,Pune,Pune APMC,Cereals,Wheat,Sharbati,FAQ,"4,500.00","5,200.00","4,850.00",Rs./Quintal,45.50,Metric Tonnes,08-11-2025
Maharashtra,Pune,Pune APMC,Cereals,Wheat,Sharbati,FAQ,"4,000.00","5,200.00","4,600.00",Rs./Quintal,56.80,Metric Tonnes,08-04-2026
Maharashtra,Pune,Pune APMC,Cereals,Wheat,Sharbati,FAQ,"4,500.00","5,000.00","4,750.00",Rs./Quintal,46.00,Metric Tonnes,08-01-2026
Maharashtra,Pune,Pune APMC,Cereals,Wheat,Sharbati,FAQ,"4,500.00","5,000.00","4,750.00",Rs./Quintal,45.30,Metric Tonnes,07-11-2025
Maharashtra,Pune,Pune APMC,Cereals,Wheat,Sharbati,FAQ,"4,000.00","4,800.00","4,400.00",Rs./Quintal,55.60,Metric Tonnes,07-04-2026
Maharashtra,Pune,Pune APMC,Cereals,Wheat,Sharbati,FAQ,"4,000.00","5,000.00","4,500.00",Rs./Quintal,50.50,Metric Tonnes,07-03-2026
Maharashtra,Pune,Pune APMC,Cereals,Wheat,Sharbati,FAQ,"4,300.00","5,300.00","4,800.00",Rs./Quintal,46.90,Metric Tonnes,07-01-2026
Maharashtra,Pune,Pune APMC,Cereals,Wheat,Sharbati,FAQ,"4,000.00","5,500.00","4,750.00",Rs./Quintal,43.90,Metric Tonnes,06-12-2025
Maharashtra,Pune,Pune APMC,Cereals,Wheat,Sharbati,FAQ,"4,000.00","5,000.00","4,500.00",Rs./Quintal,55.80,Metric Tonnes,06-04-2026
Maharashtra,Pune,Pune APMC,Cereals,Wheat,Sharbati,FAQ,"4,200.00","5,300.00","4,750.00",Rs./Quintal,49.90,Metric Tonnes,06-03-2026
Maharashtra,Pune,Pune APMC,Cereals,Wheat,Sharbati,FAQ,"4,500.00","5,200.00","4,850.00",Rs./Quintal,47.30,Metric Tonnes,06-02-2026
Maharashtra,Pune,Pune APMC,Cereals,Wheat,Sharbati,FAQ,"4,300.00","5,100.00","4,700.00",Rs./Quintal,47.30,Metric Tonnes,06-01-2026
Maharashtra,Pune,Pune APMC,Cereals,Wheat,Sharbati,FAQ,"4,000.00","4,800.00","4,400.00",Rs./Quintal,50.70,Metric Tonnes,05-03-2026
Maharashtra,Pune,Pune APMC,Cereals,Wheat,Sharbati,FAQ,"4,500.00","5,000.00","4,800.00",Rs./Quintal,47.00,Metric Tonnes,05-01-2026
Maharashtra,Pune,Pune APMC,Cereals,Wheat,Sharbati,FAQ,"4,000.00","5,600.00","4,800.00",Rs./Quintal,44.50,Metric Tonnes,04-12-2025
Maharashtra,Pune,Pune APMC,Cereals,Wheat,Sharbati,FAQ,"4,000.00","4,800.00","4,400.00",Rs./Quintal,55.30,Metric Tonnes,04-04-2026
Maharashtra,Pune,Pune APMC,Cereals,Wheat,Sharbati,FAQ,"4,000.00","5,000.00","4,500.00",Rs./Quintal,50.20,Metric Tonnes,04-03-2026
Maharashtra,Pune,Pune APMC,Cereals,Wheat,Sharbati,FAQ,"4,000.00","5,400.00","4,700.00",Rs./Quintal,44.20,Metric Tonnes,03-12-2025
Maharashtra,Pune,Pune APMC,Cereals,Wheat,Sharbati,FAQ,"4,000.00","4,700.00","4,350.00",Rs./Quintal,54.70,Metric Tonnes,03-04-2026
Maharashtra,Pune,Pune APMC,Cereals,Wheat,Sharbati,FAQ,"4,500.00","5,200.00","4,850.00",Rs./Quintal,46.70,Metric Tonnes,03-01-2026
Maharashtra,Pune,Pune APMC,Cereals,Wheat,Sharbati,FAQ,"4,000.00","5,500.00","4,750.00",Rs./Quintal,43.60,Metric Tonnes,02-12-2025
Maharashtra,Pune,Pune APMC,Cereals,Wheat,Sharbati,FAQ,"4,000.00","4,700.00","4,350.00",Rs./Quintal,55.00,Metric Tonnes,02-04-2026
Maharashtra,Pune,Pune APMC,Cereals,Wheat,Sharbati,FAQ,"4,200.00","5,300.00","4,750.00",Rs./Quintal,49.60,Metric Tonnes,02-03-2026
Maharashtra,Pune,Pune APMC,Cereals,Wheat,Sharbati,FAQ,"4,500.00","5,100.00","4,800.00",Rs./Quintal,46.50,Metric Tonnes,02-01-2026
Maharashtra,Pune,Pune APMC,Cereals,Wheat,Sharbati,FAQ,"4,000.00","5,400.00","4,700.00",Rs./Quintal,43.30,Metric Tonnes,01-12-2025
Maharashtra,Pune,Pune APMC,Cereals,Wheat,Sharbati,FAQ,"4,000.00","4,700.00","4,350.00",Rs./Quintal,54.70,Metric Tonnes,01-04-2026
Maharashtra,Pune,Pune APMC,Cereals,Wheat,Sharbati,FAQ,"4,500.00","5,200.00","4,850.00",Rs./Quintal,46.70,Metric Tonnes,01-01-2026
Maharashtra,Pune,Shirur APMC,Cereals,Wheat,Other,Non-FAQ,"2,200.00","2,300.00","2,250.00",Rs./Quintal,0.50,Metric Tonnes,31-07-2026
Maharashtra,Pune,Shirur APMC,Cereals,Wheat,Other,Non-FAQ,"2,150.00","2,525.00","2,400.00",Rs./Quintal,10.90,Metric Tonnes,31-03-2026
Maharashtra,Pune,Shirur APMC,Cereals,Wheat,Other,FAQ,"2,500.00","2,900.00","2,600.00",Rs./Quintal,0.80,Metric Tonnes,30-12-2025
Maharashtra,Pune,Shirur APMC,Cereals,Wheat,Other,FAQ,"2,600.00","2,600.00","2,600.00",Rs./Quintal,1.20,Metric Tonnes,30-07-2026
Maharashtra,Pune,Shirur APMC,Cereals,Wheat,Other,Non-FAQ,"2,100.00","2,100.00","2,100.00",Rs./Quintal,0.40,Metric Tonnes,30-07-2026
Maharashtra,Pune,Shirur APMC,Cereals,Wheat,Other,Non-FAQ,"2,100.00","2,500.00","2,350.00",Rs./Quintal,2.90,Metric Tonnes,30-06-2026
Maharashtra,Pune,Shirur APMC,Cereals,Wheat,Other,Non-FAQ,"2,400.00","2,400.00","2,400.00",Rs./Quintal,0.30,Metric Tonnes,29-06-2026
Maharashtra,Pune,Shirur APMC,Cereals,Wheat,Other,Non-FAQ,"2,000.00","2,000.00","2,000.00",Rs./Quintal,0.20,Metric Tonnes,29-04-2026
Maharashtra,Pune,Shirur APMC,Cereals,Wheat,Other,FAQ,"2,800.00","2,800.00","2,800.00",Rs./Quintal,0.20,Metric Tonnes,28-12-2025
Maharashtra,Pune,Shirur APMC,Cereals,Wheat,Other,Non-FAQ,"2,350.00","2,350.00","2,350.00",Rs./Quintal,0.50,Metric Tonnes,28-06-2026
Maharashtra,Pune,Shirur APMC,Cereals,Wheat,Other,Non-FAQ,"2,250.00","2,350.00","2,300.00",Rs./Quintal,1.10,Metric Tonnes,28-05-2026
Maharashtra,Pune,Shirur APMC,Cereals,Wheat,Other,FAQ,"2,600.00","2,600.00","2,600.00",Rs./Quintal,1.80,Metric Tonnes,27-05-2026
Maharashtra,Pune,Shirur APMC,Cereals,Wheat,Other,Non-FAQ,"2,000.00","2,000.00","2,000.00",Rs./Quintal,0.50,Metric Tonnes,27-05-2026
Maharashtra,Pune,Shirur APMC,Cereals,Wheat,Other,Non-FAQ,"2,150.00","2,500.00","2,300.00",Rs./Quintal,6.60,Metric Tonnes,26-05-2026
Maharashtra,Pune,Shirur APMC,Cereals,Wheat,Other,FAQ,"2,500.00","2,500.00","2,500.00",Rs./Quintal,0.20,Metric Tonnes,25-12-2025
Maharashtra,Pune,Shirur APMC,Cereals,Wheat,Other,Non-FAQ,"2,400.00","2,400.00","2,400.00",Rs./Quintal,0.50,Metric Tonnes,25-12-2025
Maharashtra,Pune,Shirur APMC,Cereals,Wheat,Other,Non-FAQ,"2,200.00","2,500.00","2,300.00",Rs./Quintal,0.60,Metric Tonnes,25-06-2026
Maharashtra,Pune,Shirur APMC,Cereals,Wheat,Other,Non-FAQ,"2,225.00","2,500.00","2,325.00",Rs./Quintal,1.50,Metric Tonnes,25-05-2026
Maharashtra,Pune,Shirur APMC,Cereals,Wheat,Other,Non-FAQ,"2,100.00","2,100.00","2,100.00",Rs./Quintal,0.30,Metric Tonnes,25-03-2026
Maharashtra,Pune,Shirur APMC,Cereals,Wheat,Other,FAQ,"2,500.00","2,900.00","2,900.00",Rs./Quintal,0.20,Metric Tonnes,24-12-2025
Maharashtra,Pune,Shirur APMC,Cereals,Wheat,Other,Non-FAQ,"2,450.00","2,500.00","2,450.00",Rs./Quintal,1.50,Metric Tonnes,24-06-2026
Maharashtra,Pune,Shirur APMC,Cereals,Wheat,Other,FAQ,"2,500.00","2,800.00","2,800.00",Rs./Quintal,0.40,Metric Tonnes,23-12-2025
Maharashtra,Pune,Shirur APMC,Cereals,Wheat,Other,FAQ,"2,500.00","2,900.00","2,700.00",Rs./Quintal,0.60,Metric Tonnes,23-11-2025
Maharashtra,Pune,Shirur APMC,Cereals,Wheat,Other,Non-FAQ,"2,400.00","2,400.00","2,400.00",Rs./Quintal,0.10,Metric Tonnes,23-11-2025
Maharashtra,Pune,Shirur APMC,Cereals,Wheat,Other,Non-FAQ,"2,200.00","2,400.00","2,300.00",Rs./Quintal,1.10,Metric Tonnes,23-06-2026
Maharashtra,Pune,Shirur APMC,Cereals,Wheat,Other,Non-FAQ,"2,150.00","2,511.00","2,150.00",Rs./Quintal,1.70,Metric Tonnes,23-04-2026
Maharashtra,Pune,Shirur APMC,Cereals,Wheat,Other,FAQ,"2,500.00","2,500.00","2,500.00",Rs./Quintal,0.30,Metric Tonnes,22-12-2025
Maharashtra,Pune,Shirur APMC,Cereals,Wheat,Other,Non-FAQ,"2,300.00","2,300.00","2,300.00",Rs./Quintal,0.20,Metric Tonnes,22-12-2025
Maharashtra,Pune,Shirur APMC,Cereals,Wheat,Other,Non-FAQ,"2,000.00","2,400.00","2,350.00",Rs./Quintal,2.10,Metric Tonnes,22-06-2026
Maharashtra,Pune,Shirur APMC,Cereals,Wheat,Other,FAQ,"2,700.00","2,800.00","2,750.00",Rs./Quintal,0.40,Metric Tonnes,21-08-2026
Maharashtra,Pune,Shirur APMC,Cereals,Wheat,Other,Non-FAQ,"2,400.00","2,550.00","2,500.00",Rs./Quintal,0.90,Metric Tonnes,21-08-2026
Maharashtra,Pune,Shirur APMC,Cereals,Wheat,Other,FAQ,"2,600.00","2,650.00","2,650.00",Rs./Quintal,0.60,Metric Tonnes,21-07-2026
Maharashtra,Pune,Shirur APMC,Cereals,Wheat,Other,Non-FAQ,"2,300.00","2,500.00","2,500.00",Rs./Quintal,1.70,Metric Tonnes,21-07-2026
Maharashtra,Pune,Shirur APMC,Cereals,Wheat,Other,FAQ,"2,600.00","2,600.00","2,600.00",Rs./Quintal,1.10,Metric Tonnes,21-05-2026
Maharashtra,Pune,Shirur APMC,Cereals,Wheat,Other,Non-FAQ,"2,000.00","2,400.00","2,300.00",Rs./Quintal,5.20,Metric Tonnes,21-05-2026
Maharashtra,Pune,Shirur APMC,Cereals,Wheat,Other,Non-FAQ,"2,050.00","2,400.00","2,200.00",Rs./Quintal,2.70,Metric Tonnes,21-04-2026
Maharashtra,Pune,Shirur APMC,Cereals,Wheat,Other,FAQ,"2,800.00","2,800.00","2,800.00",Rs./Quintal,0.50,Metric Tonnes,20-08-2026
Maharashtra,Pune,Shirur APMC,Cereals,Wheat,Other,Non-FAQ,"2,400.00","2,550.00","2,500.00",Rs./Quintal,2.20,Metric Tonnes,20-08-2026
Maharashtra,Pune,Shirur APMC,Cereals,Wheat,Other,Non-FAQ,"2,400.00","2,400.00","2,400.00",Rs./Quintal,0.20,Metric Tonnes,20-07-2026
Maharashtra,Pune,Shirur APMC,Cereals,Wheat,Other,Non-FAQ,"2,200.00","2,550.00","2,400.00",Rs./Quintal,2.00,Metric Tonnes,20-05-2026
Maharashtra,Pune,Shirur APMC,Cereals,Wheat,Other,Non-FAQ,"2,100.00","2,200.00","2,100.00",Rs./Quintal,1.80,Metric Tonnes,20-04-2026
Maharashtra,Pune,Shirur APMC,Cereals,Wheat,Other,FAQ,"2,600.00","2,600.00","2,600.00",Rs./Quintal,0.20,Metric Tonnes,20-01-2026
Maharashtra,Pune,Shirur APMC,Cereals,Wheat,Other,Non-FAQ,"2,200.00","2,400.00","2,200.00",Rs./Quintal,0.20,Metric Tonnes,20-01-2026
Maharashtra,Pune,Shirur APMC,Cereals,Wheat,Other,FAQ,"2,600.00","2,725.00","2,711.00",Rs./Quintal,5.10,Metric Tonnes,18-08-2026
Maharashtra,Pune,Shirur APMC,Cereals,Wheat,Other,Non-FAQ,"2,400.00","2,550.00","2,500.00",Rs./Quintal,2.00,Metric Tonnes,18-08-2026
Maharashtra,Pune,Shirur APMC,Cereals,Wheat,Other,Non-FAQ,"2,000.00","2,500.00","2,350.00",Rs./Quintal,1.10,Metric Tonnes,18-06-2026
Maharashtra,Pune,Shirur APMC,Cereals,Wheat,Other,FAQ,"2,500.00","2,500.00","2,500.00",Rs./Quintal,0.20,Metric Tonnes,18-02-2026
Maharashtra,Pune,Shirur APMC,Cereals,Wheat,Other,Non-FAQ,"2,400.00","2,400.00","2,400.00",Rs./Quintal,0.20,Metric Tonnes,18-02-2026
Maharashtra,Pune,Shirur APMC,Cereals,Wheat,Other,FAQ,"2,600.00","2,900.00","2,800.00",Rs./Quintal,0.90,Metric Tonnes,17-11-2025
Maharashtra,Pune,Shirur APMC,Cereals,Wheat,Other,FAQ,"2,600.00","2,700.00","2,650.00",Rs./Quintal,1.80,Metric Tonnes,17-08-2026
Maharashtra,Pune,Shirur APMC,Cereals,Wheat,Other,Non-FAQ,"2,300.00","2,550.00","2,550.00",Rs./Quintal,4.00,Metric Tonnes,17-08-2026
Maharashtra,Pune,Shirur APMC,Cereals,Wheat,Other,Non-FAQ,"2,300.00","2,450.00","2,450.00",Rs./Quintal,1.90,Metric Tonnes,17-06-2026
Maharashtra,Pune,Shirur APMC,Cereals,Wheat,Other,FAQ,"2,450.00","2,600.00","2,500.00",Rs./Quintal,3.00,Metric Tonnes,17-03-2026
Maharashtra,Pune,Shirur APMC,Cereals,Wheat,Other,Non-FAQ,"2,000.00","2,400.00","2,350.00",Rs./Quintal,1.60,Metric Tonnes,17-03-2026
Maharashtra,Pune,Shirur APMC,Cereals,Wheat,Other,FAQ,"2,600.00","2,600.00","2,600.00",Rs./Quintal,0.30,Metric Tonnes,16-06-2026
Maharashtra,Pune,Shirur APMC,Cereals,Wheat,Other,Non-FAQ,"2,000.00","2,500.00","2,400.00",Rs./Quintal,0.70,Metric Tonnes,16-06-2026
Maharashtra,Pune,Shirur APMC,Cereals,Wheat,Other,Non-FAQ,"2,100.00","2,500.00","2,400.00",Rs./Quintal,1.80,Metric Tonnes,16-04-2026
Maharashtra,Pune,Shirur APMC,Cereals,Wheat,Other,FAQ,"2,600.00","2,600.00","2,600.00",Rs./Quintal,0.40,Metric Tonnes,15-08-2026
Maharashtra,Pune,Shirur APMC,Cereals,Wheat,Other,Non-FAQ,"2,300.00","2,500.00","2,450.00",Rs./Quintal,0.80,Metric Tonnes,15-08-2026
Maharashtra,Pune,Shirur APMC,Cereals,Wheat,Other,Non-FAQ,"2,420.00","2,450.00","2,450.00",Rs./Quintal,0.60,Metric Tonnes,15-07-2026
Maharashtra,Pune,Shirur APMC,Cereals,Wheat,Other,Non-FAQ,"2,200.00","2,300.00","2,300.00",Rs./Quintal,0.80,Metric Tonnes,15-06-2026
Maharashtra,Pune,Shirur APMC,Cereals,Wheat,Other,Non-FAQ,"2,050.00","2,500.00","2,500.00",Rs./Quintal,1.70,Metric Tonnes,15-04-2026
Maharashtra,Pune,Shirur APMC,Cereals,Wheat,Other,FAQ,"2,800.00","2,800.00","2,800.00",Rs./Quintal,0.80,Metric Tonnes,15-01-2026
Maharashtra,Pune,Shirur APMC,Cereals,Wheat,Other,Non-FAQ,"2,200.00","2,500.00","2,450.00",Rs./Quintal,0.90,Metric Tonnes,14-08-2026
Maharashtra,Pune,Shirur APMC,Cereals,Wheat,Other,FAQ,"2,600.00","2,600.00","2,600.00",Rs./Quintal,1.40,Metric Tonnes,14-07-2026
Maharashtra,Pune,Shirur APMC,Cereals,Wheat,Other,Non-FAQ,"2,300.00","2,500.00","2,400.00",Rs./Quintal,5.00,Metric Tonnes,14-07-2026
Maharashtra,Pune,Shirur APMC,Cereals,Wheat,Other,Non-FAQ,"2,000.00","2,300.00","2,300.00",Rs./Quintal,1.50,Metric Tonnes,14-05-2026
Maharashtra,Pune,Shirur APMC,Cereals,Wheat,Other,Non-FAQ,"2,000.00","2,500.00","2,500.00",Rs./Quintal,0.60,Metric Tonnes,14-04-2026
Maharashtra,Pune,Shirur APMC,Cereals,Wheat,Other,FAQ,"2,600.00","2,650.00","2,600.00",Rs./Quintal,0.50,Metric Tonnes,13-08-2026
Maharashtra,Pune,Shirur APMC,Cereals,Wheat,Other,Non-FAQ,"2,200.00","2,500.00","2,500.00",Rs./Quintal,0.80,Metric Tonnes,13-08-2026
Maharashtra,Pune,Shirur APMC,Cereals,Wheat,Other,Non-FAQ,"2,200.00","2,500.00","2,500.00",Rs./Quintal,0.90,Metric Tonnes,13-07-2026
Maharashtra,Pune,Shirur APMC,Cereals,Wheat,Other,Non-FAQ,"2,150.00","2,450.00","2,250.00",Rs./Quintal,2.30,Metric Tonnes,13-05-2026
Maharashtra,Pune,Shirur APMC,Cereals,Wheat,Other,FAQ,"2,700.00","2,800.00","2,700.00",Rs./Quintal,0.30,Metric Tonnes,13-01-2026
Maharashtra,Pune,Shirur APMC,Cereals,Wheat,Other,FAQ,"2,650.00","3,000.00","2,650.00",Rs./Quintal,0.60,Metric Tonnes,12-11-2025
Maharashtra,Pune,Shirur APMC,Cereals,Wheat,Other,FAQ,"2,600.00","2,700.00","2,650.00",Rs./Quintal,2.00,Metric Tonnes,12-08-2026
Maharashtra,Pune,Shirur APMC,Cereals,Wheat,Other,Non-FAQ,"2,550.00","2,581.00","2,581.00",Rs./Quintal,1.80,Metric Tonnes,12-08-2026
Maharashtra,Pune,Shirur APMC,Cereals,Wheat,Other,Non-FAQ,"2,450.00","2,450.00","2,450.00",Rs./Quintal,1.40,Metric Tonnes,12-07-2026
Maharashtra,Pune,Shirur APMC,Cereals,Wheat,Other,FAQ,"2,800.00","2,800.00","2,800.00",Rs./Quintal,0.60,Metric Tonnes,11-12-2025
Maharashtra,Pune,Shirur APMC,Cereals,Wheat,Other,FAQ,"2,700.00","2,700.00","2,700.00",Rs./Quintal,0.80,Metric Tonnes,11-08-2026
Maharashtra,Pune,Shirur APMC,Cereals,Wheat,Other,Non-FAQ,"2,400.00","2,500.00","2,500.00",Rs./Quintal,1.20,Metric Tonnes,11-08-2026
Maharashtra,Pune,Shirur APMC,Cereals,Wheat,Other,FAQ,"2,600.00","2,600.00","2,600.00",Rs./Quintal,0.30,Metric Tonnes,11-06-2026
Maharashtra,Pune,Shirur APMC,Cereals,Wheat,Other,Non-FAQ,"2,000.00","2,500.00","2,400.00",Rs./Quintal,1.00,Metric Tonnes,11-06-2026
Maharashtra,Pune,Shirur APMC,Cereals,Wheat,Other,FAQ,"2,450.00","2,650.00","2,450.00",Rs./Quintal,0.50,Metric Tonnes,10-11-2025
Maharashtra,Pune,Shirur APMC,Cereals,Wheat,Other,Non-FAQ,"2,400.00","2,400.00","2,400.00",Rs./Quintal,0.20,Metric Tonnes,10-11-2025
Maharashtra,Pune,Shirur APMC,Cereals,Wheat,Other,FAQ,"2,700.00","2,700.00","2,700.00",Rs./Quintal,0.70,Metric Tonnes,10-08-2026
Maharashtra,Pune,Shirur APMC,Cereals,Wheat,Other,Non-FAQ,"2,400.00","2,500.00","2,450.00",Rs./Quintal,2.00,Metric Tonnes,10-08-2026
Maharashtra,Pune,Shirur APMC,Cereals,Wheat,Other,FAQ,"2,600.00","2,600.00","2,600.00",Rs./Quintal,0.50,Metric Tonnes,10-07-2026
Maharashtra,Pune,Shirur APMC,Cereals,Wheat,Other,Non-FAQ,"2,200.00","2,500.00","2,450.00",Rs./Quintal,0.60,Metric Tonnes,10-07-2026
Maharashtra,Pune,Shirur APMC,Cereals,Wheat,Other,Non-FAQ,"2,000.00","2,500.00","2,461.00",Rs./Quintal,2.50,Metric Tonnes,10-06-2026
Maharashtra,Pune,Shirur APMC,Cereals,Wheat,Other,FAQ,"2,700.00","2,800.00","2,700.00",Rs./Quintal,0.40,Metric Tonnes,09-12-2025
Maharashtra,Pune,Shirur APMC,Cereals,Wheat,Other,Non-FAQ,"2,400.00","2,400.00","2,400.00",Rs./Quintal,0.30,Metric Tonnes,09-12-2025
Maharashtra,Pune,Shirur APMC,Cereals,Wheat,Other,FAQ,"2,600.00","2,600.00","2,600.00",Rs./Quintal,0.40,Metric Tonnes,09-07-2026
Maharashtra,Pune,Shirur APMC,Cereals,Wheat,Other,Non-FAQ,"2,100.00","2,500.00","2,450.00",Rs./Quintal,0.60,Metric Tonnes,09-07-2026
Maharashtra,Pune,Shirur APMC,Cereals,Wheat,Other,FAQ,"2,600.00","2,600.00","2,600.00",Rs./Quintal,0.40,Metric Tonnes,09-04-2026
Maharashtra,Pune,Shirur APMC,Cereals,Wheat,Other,Non-FAQ,"2,200.00","2,200.00","2,200.00",Rs./Quintal,0.20,Metric Tonnes,09-04-2026
Maharashtra,Pune,Shirur APMC,Cereals,Wheat,Other,FAQ,"2,500.00","2,500.00","2,500.00",Rs./Quintal,0.20,Metric Tonnes,09-02-2026
Maharashtra,Pune,Shirur APMC,Cereals,Wheat,Other,Non-FAQ,"2,400.00","2,400.00","2,400.00",Rs./Quintal,0.30,Metric Tonnes,09-02-2026
Maharashtra,Pune,Shirur APMC,Cereals,Wheat,Other,Non-FAQ,"2,200.00","2,500.00","2,450.00",Rs./Quintal,0.50,Metric Tonnes,08-07-2026
Maharashtra,Pune,Shirur APMC,Cereals,Wheat,Other,Non-FAQ,"2,000.00","2,450.00","2,300.00",Rs./Quintal,2.70,Metric Tonnes,08-04-2026
Maharashtra,Pune,Shirur APMC,Cereals,Wheat,Other,Non-FAQ,"2,200.00","2,450.00","2,400.00",Rs./Quintal,1.70,Metric Tonnes,07-08-2026
Maharashtra,Pune,Shirur APMC,Cereals,Wheat,Other,FAQ,"2,600.00","2,650.00","2,600.00",Rs./Quintal,0.40,Metric Tonnes,07-07-2026
Maharashtra,Pune,Shirur APMC,Cereals,Wheat,Other,Non-FAQ,"2,300.00","2,450.00","2,450.00",Rs./Quintal,4.50,Metric Tonnes,07-07-2026
Maharashtra,Pune,Shirur APMC,Cereals,Wheat,Other,FAQ,"2,600.00","2,600.00","2,600.00",Rs./Quintal,1.00,Metric Tonnes,07-06-2026
Maharashtra,Pune,Shirur APMC,Cereals,Wheat,Other,Non-FAQ,"2,200.00","2,500.00","2,250.00",Rs./Quintal,7.00,Metric Tonnes,07-06-2026
Maharashtra,Pune,Shirur APMC,Cereals,Wheat,Other,Non-FAQ,"2,250.00","2,300.00","2,275.00",Rs./Quintal,1.20,Metric Tonnes,07-05-2026
Maharashtra,Pune,Shirur APMC,Cereals,Wheat,Other,Non-FAQ,"2,200.00","2,500.00","2,450.00",Rs./Quintal,1.40,Metric Tonnes,06-08-2026
Maharashtra,Pune,Shirur APMC,Cereals,Wheat,Other,FAQ,"2,600.00","2,600.00","2,600.00",Rs./Quintal,0.40,Metric Tonnes,06-07-2026
Maharashtra,Pune,Shirur APMC,Cereals,Wheat,Other,Non-FAQ,"2,200.00","2,500.00","2,450.00",Rs./Quintal,0.50,Metric Tonnes,06-07-2026
Maharashtra,Pune,Shirur APMC,Cereals,Wheat,Other,Non-FAQ,"2,100.00","2,350.00","2,350.00",Rs./Quintal,1.80,Metric Tonnes,06-05-2026
Maharashtra,Pune,Shirur APMC,Cereals,Wheat,Other,Non-FAQ,"2,150.00","2,450.00","2,300.00",Rs./Quintal,3.20,Metric Tonnes,06-04-2026
Maharashtra,Pune,Shirur APMC,Cereals,Wheat,Other,FAQ,"2,600.00","2,660.00","2,600.00",Rs./Quintal,2.20,Metric Tonnes,05-08-2026
Maharashtra,Pune,Shirur APMC,Cereals,Wheat,Other,Non-FAQ,"2,200.00","2,500.00","2,450.00",Rs./Quintal,1.50,Metric Tonnes,05-08-2026
Maharashtra,Pune,Shirur APMC,Cereals,Wheat,Other,Non-FAQ,"2,200.00","2,500.00","2,475.00",Rs./Quintal,2.50,Metric Tonnes,05-07-2026
Maharashtra,Pune,Shirur APMC,Cereals,Wheat,Other,Non-FAQ,"2,100.00","2,500.00","2,100.00",Rs./Quintal,2.70,Metric Tonnes,05-04-2026
Maharashtra,Pune,Shirur APMC,Cereals,Wheat,Other,FAQ,"2,600.00","2,725.00","2,700.00",Rs./Quintal,0.60,Metric Tonnes,04-08-2026
Maharashtra,Pune,Shirur APMC,Cereals,Wheat,Other,Non-FAQ,"2,000.00","2,500.00","2,450.00",Rs./Quintal,1.90,Metric Tonnes,04-08-2026
Maharashtra,Pune,Shirur APMC,Cereals,Wheat,Other,FAQ,"2,600.00","2,600.00","2,600.00",Rs./Quintal,0.50,Metric Tonnes,04-07-2026
Maharashtra,Pune,Shirur APMC,Cereals,Wheat,Other,Non-FAQ,"2,200.00","2,500.00","2,450.00",Rs./Quintal,1.00,Metric Tonnes,04-07-2026
Maharashtra,Pune,Shirur APMC,Cereals,Wheat,Other,FAQ,"2,700.00","2,700.00","2,700.00",Rs./Quintal,1.00,Metric Tonnes,03-08-2026
Maharashtra,Pune,Shirur APMC,Cereals,Wheat,Other,Non-FAQ,"2,400.00","2,500.00","2,500.00",Rs./Quintal,4.00,Metric Tonnes,03-08-2026
Maharashtra,Pune,Shirur APMC,Cereals,Wheat,Other,FAQ,"2,600.00","2,600.00","2,600.00",Rs./Quintal,0.40,Metric Tonnes,03-07-2026
Maharashtra,Pune,Shirur APMC,Cereals,Wheat,Other,Non-FAQ,"2,125.00","2,500.00","2,125.00",Rs./Quintal,1.80,Metric Tonnes,03-07-2026
Maharashtra,Pune,Shirur APMC,Cereals,Wheat,Other,FAQ,"2,600.00","2,600.00","2,600.00",Rs./Quintal,0.90,Metric Tonnes,02-08-2026
Maharashtra,Pune,Shirur APMC,Cereals,Wheat,Other,Non-FAQ,"2,100.00","2,500.00","2,450.00",Rs./Quintal,1.10,Metric Tonnes,02-08-2026
Maharashtra,Pune,Shirur APMC,Cereals,Wheat,Other,Non-FAQ,"2,300.00","2,500.00","2,350.00",Rs./Quintal,3.20,Metric Tonnes,02-07-2026
Maharashtra,Pune,Shirur APMC,Cereals,Wheat,Other,Non-FAQ,"2,300.00","2,350.00","2,350.00",Rs./Quintal,0.80,Metric Tonnes,01-07-2026

