,,,,,,,Daily Price Arrival Report-07-11-2025 to 21-08-2026 for Maharashtra,,,,,,
State/UT,District,Market,Commodity Group,Commodity,Variety,Grade,Min Price,Max Price,Modal Price,Price Unit,Arrival Quantity,Arrival Unit,Arrival Date
Maharashtra,Ahilyanagar,Ahilyanagar APMC,Vegetables,Potato,Other,Local,700.00,"1,800.00","1,250.00",Rs./Quintal,36.40,Metric Tonnes,31-07-2026
Maharashtra,Ahilyanagar,Ahilyanagar APMC,Vegetables,Potato,Other,Local,300.00,"1,600.00",850.00,Rs./Quintal,62.90,Metric Tonnes,31-03-2026
Maharashtra,Ahilyanagar,Ahilyanagar APMC,Vegetables,Potato,Other,Local,300.00,"1,600.00",950.00,Rs./Quintal,74.90,Metric Tonnes,31-01-2026
Maharashtra,Ahilyanagar,Ahilyanagar APMC,Vegetables,Potato,Other,Local,800.00,"2,300.00","1,550.00",Rs./Quintal,46.70,Metric Tonnes,30-11-2025
Maharashtra,Ahilyanagar,Ahilyanagar APMC,Vegetables,Potato,Other,Local,500.00,"1,700.00","1,100.00",Rs./Quintal,36.80,Metric Tonnes,30-05-2026
Maharashtra,Ahilyanagar,Ahilyanagar APMC,Vegetables,Potato,Other,Local,900.00,"2,200.00","1,550.00",Rs./Quintal,25.70,Metric Tonnes,29-12-2025
Maharashtra,Ahilyanagar,Ahilyanagar APMC,Vegetables,Potato,Other,Local,"1,000.00","2,300.00","1,650.00",Rs./Quintal,35.90,Metric Tonnes,29-11-2025
Maharashtra,Ahilyanagar,Ahilyanagar APMC,Vegetables,Potato,Other,Local,900.00,"2,100.00","1,500.00",Rs./Quintal,49.50,Metric Tonnes,28-12-2025
Maharashtra,Ahilyanagar,Ahilyanagar APMC,Vegetables,Potato,Other,Local,500.00,"1,800.00","1,150.00",Rs./Quintal,47.00,Metric Tonnes,28-07-2026
Maharashtra,Ahilyanagar,Ahilyanagar APMC,Vegetables,Potato,Other,Local,400.00,"1,600.00","1,000.00",Rs./Quintal,64.30,Metric Tonnes,28-03-2026
Maharashtra,Ahilyanagar,Ahilyanagar APMC,Vegetables,Potato,Other,Local,300.00,"1,600.00",950.00,Rs./Quintal,37.30,Metric Tonnes,28-02-2026
Maharashtra,Ahilyanagar,Ahilyanagar APMC,Vegetables,Potato,Other,Local,800.00,"1,300.00","1,050.00",Rs./Quintal,36.10,Metric Tonnes,27-07-2026
Maharashtra,Ahilyanagar,Ahilyanagar APMC,Vegetables,Potato,Other,Local,300.00,"1,600.00","1,100.00",Rs./Quintal,29.50,Metric Tonnes,27-04-2026
Maharashtra,Ahilyanagar,Ahilyanagar APMC,Vegetables,Potato,Other,Local,800.00,"2,000.00","1,400.00",Rs./Quintal,48.10,Metric Tonnes,26-12-2025
Maharashtra,Ahilyanagar,Ahilyanagar APMC,Vegetables,Potato,Other,Local,"1,000.00","1,800.00","1,400.00",Rs./Quintal,98.60,Metric Tonnes,26-07-2026
Maharashtra,Ahilyanagar,Ahilyanagar APMC,Vegetables,Potato,Other,Local,300.00,"1,700.00","1,000.00",Rs./Quintal,50.90,Metric Tonnes,26-04-2026
Maharashtra,Ahilyanagar,Ahilyanagar APMC,Vegetables,Potato,Other,Local,400.00,"1,600.00","1,000.00",Rs./Quintal,67.00,Metric Tonnes,26-03-2026
Maharashtra,Ahilyanagar,Ahilyanagar APMC,Vegetables,Potato,Other,Local,400.00,"1,600.00","1,000.00",Rs./Quintal,89.10,Metric Tonnes,26-02-2026
Maharashtra,Ahilyanagar,Ahilyanagar APMC,Vegetables,Potato,Other,Local,"1,000.00","2,200.00","1,600.00",Rs./Quintal,49.20,Metric Tonnes,24-11-2025
Maharashtra,Ahilyanagar,Ahilyanagar APMC,Vegetables,Potato,Other,Local,600.00,"1,800.00","1,200.00",Rs./Quintal,70.00,Metric Tonnes,24-07-2026
Maharashtra,Ahilyanagar,Ahilyanagar APMC,Vegetables,Potato,Other,Local,500.00,"1,600.00","1,050.00",Rs./Quintal,48.00,Metric Tonnes,24-05-2026
Maharashtra,Ahilyanagar,Ahilyanagar APMC,Vegetables,Potato,Other,Local,300.00,"1,700.00","1,000.00",Rs./Quintal,61.30,Metric Tonnes,24-03-2026
Maharashtra,Ahilyanagar,Ahilyanagar APMC,Vegetables,Potato,Other,Local,600.00,"1,800.00","1,200.00",Rs./Quintal,65.70,Metric Tonnes,23-07-2026
Maharashtra,Ahilyanagar,Ahilyanagar APMC,Vegetables,Potato,Other,Local,800.00,"1,700.00","1,250.00",Rs./Quintal,50.20,Metric Tonnes,23-06-2026
Maharashtra,Ahilyanagar,Ahilyanagar APMC,Vegetables,Potato,Other,Local,400.00,"1,300.00",850.00,Rs./Quintal,56.60,Metric Tonnes,23-03-2026
Maharashtra,Ahilyanagar,Ahilyanagar APMC,Vegetables,Potato,Other,Local,300.00,"1,600.00",950.00,Rs./Quintal,57.90,Metric Tonnes,22-03-2026
Maharashtra,Ahilyanagar,Ahilyanagar APMC,Vegetables,Potato,Other,Local,"1,000.00","2,200.00","1,600.00",Rs./Quintal,33.10,Metric Tonnes,21-11-2025
Maharashtra,Ahilyanagar,Ahilyanagar APMC,Vegetables,Potato,Other,Local,600.00,"1,500.00","1,050.00",Rs./Quintal,44.30,Metric Tonnes,21-08-2026
Maharashtra,Ahilyanagar,Ahilyanagar APMC,Vegetables,Potato,Other,Local,800.00,"1,800.00","1,300.00",Rs./Quintal,56.40,Metric Tonnes,21-07-2026
Maharashtra,Ahilyanagar,Ahilyanagar APMC,Vegetables,Potato,Other,Local,600.00,"1,700.00","1,150.00",Rs./Quintal,50.50,Metric Tonnes,21-06-2026
Maharashtra,Ahilyanagar,Ahilyanagar APMC,Vegetables,Potato,Other,Local,700.00,"1,700.00","1,200.00",Rs./Quintal,71.20,Metric Tonnes,21-05-2026
Maharashtra,Ahilyanagar,Ahilyanagar APMC,Vegetables,Potato,Other,Local,900.00,"1,800.00","1,350.00",Rs./Quintal,51.50,Metric Tonnes,20-07-2026
Maharashtra,Ahilyanagar,Ahilyanagar APMC,Vegetables,Potato,Other,Local,500.00,"1,700.00","1,100.00",Rs./Quintal,61.70,Metric Tonnes,20-03-2026
Maharashtra,Ahilyanagar,Ahilyanagar APMC,Vegetables,Potato,Other,Local,400.00,"1,600.00","1,000.00",Rs./Quintal,51.20,Metric Tonnes,20-02-2026
Maharashtra,Ahilyanagar,Ahilyanagar APMC,Vegetables,Potato,Other,Local,600.00,"2,200.00","1,400.00",Rs./Quintal,49.30,Metric Tonnes,19-12-2025
Maharashtra,Ahilyanagar,Ahilyanagar APMC,Vegetables,Potato,Other,Local,800.00,"1,500.00","1,150.00",Rs./Quintal,37.30,Metric Tonnes,19-07-2026
Maharashtra,Ahilyanagar,Ahilyanagar APMC,Vegetables,Potato,Other,Local,800.00,"1,700.00","1,250.00",Rs./Quintal,39.60,Metric Tonnes,19-05-2026
Maharashtra,Ahilyanagar,Ahilyanagar APMC,Vegetables,Potato,Other,Local,300.00,"1,900.00","1,100.00",Rs./Quintal,75.70,Metric Tonnes,19-02-2026
Maharashtra,Ahilyanagar,Ahilyanagar APMC,Vegetables,Potato,Other,Local,"1,000.00","2,200.00","1,600.00",Rs./Quintal,50.30,Metric Tonnes,18-11-2025
Maharashtra,Ahilyanagar,Ahilyanagar APMC,Vegetables,Potato,Other,Local,"1,000.00","1,400.00","1,200.00",Rs./Quintal,34.10,Metric Tonnes,18-07-2026
Maharashtra,Ahilyanagar,Ahilyanagar APMC,Vegetables,Potato,Other,Local,800.00,"1,700.00","1,250.00",Rs./Quintal,36.40,Metric Tonnes,18-06-2026
Maharashtra,Ahilyanagar,Ahilyanagar APMC,Vegetables,Potato,Other,Local,800.00,"1,300.00","1,050.00",Rs./Quintal,49.90,Metric Tonnes,18-04-2026
Maharashtra,Ahilyanagar,Ahilyanagar APMC,Vegetables,Potato,Other,Local,900.00,"2,200.00","1,550.00",Rs./Quintal,25.30,Metric Tonnes,17-11-2025
Maharashtra,Ahilyanagar,Ahilyanagar APMC,Vegetables,Potato,Other,Local,600.00,"1,400.00","1,000.00",Rs./Quintal,32.60,Metric Tonnes,17-08-2026
Maharashtra,Ahilyanagar,Ahilyanagar APMC,Vegetables,Potato,Other,Local,900.00,"1,800.00","1,350.00",Rs./Quintal,54.50,Metric Tonnes,17-07-2026
Maharashtra,Ahilyanagar,Ahilyanagar APMC,Vegetables,Potato,Other,Local,300.00,"1,700.00","1,000.00",Rs./Quintal,70.70,Metric Tonnes,17-05-2026
Maharashtra,Ahilyanagar,Ahilyanagar APMC,Vegetables,Potato,Other,Local,300.00,"1,300.00",800.00,Rs./Quintal,59.00,Metric Tonnes,17-03-2026
Maharashtra,Ahilyanagar,Ahilyanagar APMC,Vegetables,Potato,Other,Local,300.00,"1,700.00","1,000.00",Rs./Quintal,67.90,Metric Tonnes,17-01-2026
Maharashtra,Ahilyanagar,Ahilyanagar APMC,Vegetables,Potato,Other,Local,"1,100.00","2,400.00","1,750.00",Rs./Quintal,59.30,Metric Tonnes,16-11-2025
Maharashtra,Ahilyanagar,Ahilyanagar APMC,Vegetables,Potato,Other,Local,400.00,"1,800.00","1,100.00",Rs./Quintal,51.20,Metric Tonnes,16-08-2026
Maharashtra,Ahilyanagar,Ahilyanagar APMC,Vegetables,Potato,Other,Local,900.00,"1,800.00","1,350.00",Rs./Quintal,84.60,Metric Tonnes,16-07-2026
Maharashtra,Ahilyanagar,Ahilyanagar APMC,Vegetables,Potato,Other,Local,800.00,"1,700.00","1,250.00",Rs./Quintal,32.10,Metric Tonnes,16-05-2026
Maharashtra,Ahilyanagar,Ahilyanagar APMC,Vegetables,Potato,Other,Local,400.00,"1,400.00",900.00,Rs./Quintal,63.00,Metric Tonnes,16-03-2026
Maharashtra,Ahilyanagar,Ahilyanagar APMC,Vegetables,Potato,Other,Local,400.00,"1,600.00","1,000.00",Rs./Quintal,81.50,Metric Tonnes,16-02-2026
Maharashtra,Ahilyanagar,Ahilyanagar APMC,Vegetables,Potato,Other,Local,600.00,"2,000.00","1,300.00",Rs./Quintal,43.80,Metric Tonnes,14-08-2026
Maharashtra,Ahilyanagar,Ahilyanagar APMC,Vegetables,Potato,Other,Local,700.00,"1,600.00","1,150.00",Rs./Quintal,43.70,Metric Tonnes,14-04-2026
Maharashtra,Ahilyanagar,Ahilyanagar APMC,Vegetables,Potato,Other,Local,300.00,"1,500.00",900.00,Rs./Quintal,65.50,Metric Tonnes,14-02-2026
Maharashtra,Ahilyanagar,Ahilyanagar APMC,Vegetables,Potato,Other,Local,"1,000.00","2,400.00","1,700.00",Rs./Quintal,46.70,Metric Tonnes,13-11-2025
Maharashtra,Ahilyanagar,Ahilyanagar APMC,Vegetables,Potato,Other,Local,500.00,"1,600.00","1,050.00",Rs./Quintal,53.20,Metric Tonnes,13-01-2026
Maharashtra,Ahilyanagar,Ahilyanagar APMC,Vegetables,Potato,Other,Local,"1,100.00","1,600.00","1,350.00",Rs./Quintal,55.20,Metric Tonnes,12-04-2026
Maharashtra,Ahilyanagar,Ahilyanagar APMC,Vegetables,Potato,Other,Local,300.00,"1,600.00",950.00,Rs./Quintal,99.20,Metric Tonnes,12-02-2026
Maharashtra,Ahilyanagar,Ahilyanagar APMC,Vegetables,Potato,Other,Local,600.00,"1,600.00","1,100.00",Rs./Quintal,40.60,Metric Tonnes,11-05-2026
Maharashtra,Ahilyanagar,Ahilyanagar APMC,Vegetables,Potato,Other,Local,400.00,"1,600.00","1,000.00",Rs./Quintal,57.70,Metric Tonnes,10-05-2026
Maharashtra,Ahilyanagar,Ahilyanagar APMC,Vegetables,Potato,Other,Local,900.00,"1,500.00","1,200.00",Rs./Quintal,47.00,Metric Tonnes,10-04-2026
Maharashtra,Ahilyanagar,Ahilyanagar APMC,Vegetables,Potato,Other,Local,500.00,"1,800.00","1,150.00",Rs./Quintal,39.80,Metric Tonnes,10-01-2026
Maharashtra,Ahilyanagar,Ahilyanagar APMC,Vegetables,Potato,Other,Local,700.00,"1,800.00","1,250.00",Rs./Quintal,45.20,Metric Tonnes,09-08-2026
Maharashtra,Ahilyanagar,Ahilyanagar APMC,Vegetables,Potato,Other,Local,700.00,"1,800.00",935.00,Rs./Quintal,61.20,Metric Tonnes,09-07-2026
Maharashtra,Ahilyanagar,Ahilyanagar APMC,Vegetables,Potato,Other,Local,700.00,"1,700.00","1,200.00",Rs./Quintal,51.10,Metric Tonnes,09-06-2026
Maharashtra,Ahilyanagar,Ahilyanagar APMC,Vegetables,Potato,Other,Local,"1,000.00","1,700.00","1,350.00",Rs./Quintal,54.00,Metric Tonnes,09-04-2026
Maharashtra,Ahilyanagar,Ahilyanagar APMC,Vegetables,Potato,Other,Local,500.00,"1,600.00","1,050.00",Rs./Quintal,37.10,Metric Tonnes,09-02-2026
Maharashtra,Ahilyanagar,Ahilyanagar APMC,Vegetables,Potato,Other,Local,600.00,"1,800.00","1,200.00",Rs./Quintal,43.20,Metric Tonnes,08-08-2026
Maharashtra,Ahilyanagar,Ahilyanagar APMC,Vegetables,Potato,Other,Local,300.00,"1,700.00","1,000.00",Rs./Quintal,69.10,Metric Tonnes,08-03-2026
Maharashtra,Ahilyanagar,Ahilyanagar APMC,Vegetables,Potato,Other,Local,500.00,"1,500.00","1,000.00",Rs./Quintal,69.20,Metric Tonnes,08-02-2026
Maharashtra,Ahilyanagar,Ahilyanagar APMC,Vegetables,Potato,Other,Local,"1,000.00","2,200.00","1,600.00",Rs./Quintal,72.70,Metric Tonnes,07-11-2025
Maharashtra,Ahilyanagar,Ahilyanagar APMC,Vegetables,Potato,Other,Local,500.00,"1,700.00","1,100.00",Rs./Quintal,64.50,Metric Tonnes,07-04-2026
Maharashtra,Ahilyanagar,Ahilyanagar APMC,Vegetables,Potato,Other,Local,300.00,"1,500.00",900.00,Rs./Quintal,48.10,Metric Tonnes,07-02-2026
Maharashtra,Ahilyanagar,Ahilyanagar APMC,Vegetables,Potato,Other,Local,600.00,"2,400.00","1,500.00",Rs./Quintal,27.20,Metric Tonnes,06-12-2025
Maharashtra,Ahilyanagar,Ahilyanagar APMC,Vegetables,Potato,Other,Local,600.00,"1,700.00","1,150.00",Rs./Quintal,38.30,Metric Tonnes,06-07-2026
Maharashtra,Ahilyanagar,Ahilyanagar APMC,Vegetables,Potato,Other,Local,400.00,"1,600.00","1,000.00",Rs./Quintal,66.10,Metric Tonnes,06-03-2026
Maharashtra,Ahilyanagar,Ahilyanagar APMC,Vegetables,Potato,Other,Local,300.00,"2,300.00","1,600.00",Rs./Quintal,65.70,Metric Tonnes,06-01-2026
Maharashtra,Ahilyanagar,Ahilyanagar APMC,Vegetables,Potato,Other,Local,800.00,"2,400.00","1,600.00",Rs./Quintal,38.00,Metric Tonnes,05-12-2025
Maharashtra,Ahilyanagar,Ahilyanagar APMC,Vegetables,Potato,Other,Local,600.00,"1,700.00","1,150.00",Rs./Quintal,48.40,Metric Tonnes,05-07-2026
Maharashtra,Ahilyanagar,Ahilyanagar APMC,Vegetables,Potato,Other,Local,400.00,"1,600.00","1,000.00",Rs./Quintal,45.00,Metric Tonnes,05-04-2026
Maharashtra,Ahilyanagar,Ahilyanagar APMC,Vegetables,Potato,Other,Local,400.00,"1,600.00","1,000.00",Rs./Quintal,47.80,Metric Tonnes,05-03-2026
Maharashtra,Ahilyanagar,Ahilyanagar APMC,Vegetables,Potato,Other,Local,800.00,"2,400.00","1,600.00",Rs./Quintal,60.70,Metric Tonnes,04-12-2025
Maharashtra,Ahilyanagar,Ahilyanagar APMC,Vegetables,Potato,Other,Local,800.00,"1,800.00","1,250.00",Rs./Quintal,45.70,Metric Tonnes,04-07-2026
Maharashtra,Ahilyanagar,Ahilyanagar APMC,Vegetables,Potato,Other,Local,500.00,"1,800.00","1,150.00",Rs./Quintal,39.60,Metric Tonnes,03-08-2026
Maharashtra,Ahilyanagar,Ahilyanagar APMC,Vegetables,Potato,Other,Local,600.00,"1,700.00","1,150.00",Rs./Quintal,52.90,Metric Tonnes,03-07-2026
Maharashtra,Ahilyanagar,Ahilyanagar APMC,Vegetables,Potato,Other,Local,600.00,"1,700.00","1,150.00",Rs./Quintal,50.10,Metric Tonnes,02-08-2026
Maharashtra,Ahilyanagar,Ahilyanagar APMC,Vegetables,Potato,Other,Local,400.00,"1,600.00","1,000.00",Rs./Quintal,37.70,Metric Tonnes,02-05-2026
Maharashtra,Ahilyanagar,Ahilyanagar APMC,Vegetables,Potato,Other,Local,800.00,"1,600.00","1,200.00",Rs./Quintal,55.00,Metric Tonnes,02-04-2026
Maharashtra,Ahilyanagar,Ahilyanagar APMC,Vegetables,Potato,Other,Local,900.00,"2,300.00","1,150.00",Rs./Quintal,26.80,Metric Tonnes,01-12-2025
Maharashtra,Ahilyanagar,Ahilyanagar APMC,Vegetables,Potato,Other,Local,800.00,"1,500.00","1,150.00",Rs./Quintal,38.10,Metric Tonnes,01-08-2026
Maharashtra,Ahilyanagar,Ahilyanagar APMC,Vegetables,Potato,Other,Local,500.00,"1,600.00","1,050.00",Rs./Quintal,52.50,Metric Tonnes,01-05-2026
Maharashtra,Ahilyanagar,Ahilyanagar APMC,Vegetables,Potato,Other,Local,200.00,"1,600.00",900.00,Rs./Quintal,60.50,Metric Tonnes,01-03-2026
Maharashtra,Ahilyanagar,Ahilyanagar APMC,Vegetables,Potato,Other,Local,300.00,"1,600.00",950.00,Rs./Quintal,61.00,Metric Tonnes,01-02-2026
Maharashtra,Ahilyanagar,Ahilyanagar APMC,Vegetables,Potato,Other,Local,800.00,"2,100.00","1,450.00",Rs./Quintal,7.90,Metric Tonnes,01-01-2026
Maharashtra,Ahilyanagar,Rahata APMC,Vegetables,Potato,Other,Local,"1,000.00","1,000.00","1,000.00",Rs./Quintal,0.10,Metric Tonnes,31-07-2026
Maharashtra,Ahilyanagar,Rahata APMC,Vegetables,Potato,Other,Local,"1,000.00","1,200.00","1,100.00",Rs./Quintal,64.00,Metric Tonnes,31-05-2026
Maharashtra,Ahilyanagar,Rahata APMC,Vegetables,Potato,Other,Local,800.00,"1,000.00",900.00,Rs./Quintal,10.40,Metric Tonnes,31-01-2026
Maharashtra,Ahilyanagar,Rahata APMC,Vegetables,Potato,Other,Local,"1,000.00","1,200.00","1,100.00",Rs./Quintal,70.00,Metric Tonnes,30-06-2026
Maharashtra,Ahilyanagar,Rahata APMC,Vegetables,Potato,Other,Local,"1,000.00","1,100.00","1,050.00",Rs./Quintal,32.50,Metric Tonnes,30-05-2026
Maharashtra,Ahilyanagar,Rahata APMC,Vegetables,Potato,Other,Local,500.00,"1,000.00",750.00,Rs./Quintal,10.70,Metric Tonnes,30-01-2026
Maharashtra,Ahilyanagar,Rahata APMC,Vegetables,Potato,Other,Local,"1,600.00","1,700.00","1,650.00",Rs./Quintal,33.00,Metric Tonnes,29-11-2025
Maharashtra,Ahilyanagar,Rahata APMC,Vegetables,Potato,Other,Local,"1,000.00","1,200.00","1,100.00",Rs./Quintal,27.90,Metric Tonnes,29-05-2026
Maharashtra,Ahilyanagar,Rahata APMC,Vegetables,Potato,Other,Local,500.00,"1,200.00",800.00,Rs./Quintal,54.00,Metric Tonnes,29-03-2026
Maharashtra,Ahilyanagar,Rahata APMC,Vegetables,Potato,Other,Local,"1,000.00","1,200.00","1,100.00",Rs./Quintal,72.80,Metric Tonnes,28-07-2026
Maharashtra,Ahilyanagar,Rahata APMC,Vegetables,Potato,Other,Local,"1,000.00","1,200.00","1,100.00",Rs./Quintal,50.50,Metric Tonnes,28-06-2026
Maharashtra,Ahilyanagar,Rahata APMC,Vegetables,Potato,Other,Local,"1,000.00","1,100.00","1,050.00",Rs./Quintal,23.00,Metric Tonnes,28-02-2026
Maharashtra,Ahilyanagar,Rahata APMC,Vegetables,Potato,Other,Local,500.00,"1,100.00",800.00,Rs./Quintal,6.80,Metric Tonnes,28-01-2026
Maharashtra,Ahilyanagar,Rahata APMC,Vegetables,Potato,Other,Local,"1,200.00","2,200.00","1,700.00",Rs./Quintal,42.00,Metric Tonnes,27-11-2025
Maharashtra,Ahilyanagar,Rahata APMC,Vegetables,Potato,Other,Local,800.00,"1,200.00","1,000.00",Rs./Quintal,32.50,Metric Tonnes,27-06-2026
Maharashtra,Ahilyanagar,Rahata APMC,Vegetables,Potato,Other,Local,800.00,"1,200.00","1,000.00",Rs./Quintal,16.30,Metric Tonnes,27-03-2026
Maharashtra,Ahilyanagar,Rahata APMC,Vegetables,Potato,Other,Local,"1,100.00","1,200.00","1,150.00",Rs./Quintal,8.00,Metric Tonnes,27-02-2026
Maharashtra,Ahilyanagar,Rahata APMC,Vegetables,Potato,Other,Local,800.00,"1,200.00","1,000.00",Rs./Quintal,40.20,Metric Tonnes,27-01-2026
Maharashtra,Ahilyanagar,Rahata APMC,Vegetables,Potato,Other,Local,800.00,"1,700.00","1,250.00",Rs./Quintal,14.30,Metric Tonnes,26-12-2025
Maharashtra,Ahilyanagar,Rahata APMC,Vegetables,Potato,Other,Local,"1,000.00","1,300.00","1,150.00",Rs./Quintal,45.30,Metric Tonnes,26-07-2026
Maharashtra,Ahilyanagar,Rahata APMC,Vegetables,Potato,Other,Local,"1,000.00","1,200.00","1,100.00",Rs./Quintal,33.50,Metric Tonnes,26-06-2026
Maharashtra,Ahilyanagar,Rahata APMC,Vegetables,Potato,Other,Local,500.00,"1,100.00",800.00,Rs./Quintal,52.70,Metric Tonnes,26-03-2026
Maharashtra,Ahilyanagar,Rahata APMC,Vegetables,Potato,Other,Local,800.00,"1,200.00","1,000.00",Rs./Quintal,32.90,Metric Tonnes,26-02-2026
Maharashtra,Ahilyanagar,Rahata APMC,Vegetables,Potato,Other,Local,800.00,"1,800.00","1,300.00",Rs./Quintal,33.90,Metric Tonnes,25-12-2025
Maharashtra,Ahilyanagar,Rahata APMC,Vegetables,Potato,Other,Local,"1,500.00","1,700.00","1,600.00",Rs./Quintal,37.50,Metric Tonnes,25-11-2025
Maharashtra,Ahilyanagar,Rahata APMC,Vegetables,Potato,Other,Local,"1,000.00","1,200.00","1,100.00",Rs./Quintal,42.00,Metric Tonnes,25-06-2026
Maharashtra,Ahilyanagar,Rahata APMC,Vegetables,Potato,Other,Local,500.00,"1,300.00",900.00,Rs./Quintal,27.00,Metric Tonnes,25-04-2026
Maharashtra,Ahilyanagar,Rahata APMC,Vegetables,Potato,Other,Local,500.00,"1,300.00",900.00,Rs./Quintal,28.50,Metric Tonnes,24-07-2026
Maharashtra,Ahilyanagar,Rahata APMC,Vegetables,Potato,Other,Local,"1,000.00","1,200.00","1,100.00",Rs./Quintal,29.00,Metric Tonnes,24-06-2026
Maharashtra,Ahilyanagar,Rahata APMC,Vegetables,Potato,Other,Local,"1,000.00","1,200.00","1,100.00",Rs./Quintal,52.00,Metric Tonnes,24-05-2026
Maharashtra,Ahilyanagar,Rahata APMC,Vegetables,Potato,Other,Local,"1,200.00","1,300.00","1,250.00",Rs./Quintal,18.00,Metric Tonnes,24-04-2026
Maharashtra,Ahilyanagar,Rahata APMC,Vegetables,Potato,Other,Local,800.00,"1,100.00",900.00,Rs./Quintal,28.90,Metric Tonnes,24-03-2026
Maharashtra,Ahilyanagar,Rahata APMC,Vegetables,Potato,Other,Local,800.00,"1,100.00",950.00,Rs./Quintal,10.40,Metric Tonnes,24-01-2026
Maharashtra,Ahilyanagar,Rahata APMC,Vegetables,Potato,Other,Local,800.00,"1,700.00","1,250.00",Rs./Quintal,59.40,Metric Tonnes,23-12-2025
Maharashtra,Ahilyanagar,Rahata APMC,Vegetables,Potato,Other,Local,"1,000.00","1,300.00","1,150.00",Rs./Quintal,47.80,Metric Tonnes,23-07-2026
Maharashtra,Ahilyanagar,Rahata APMC,Vegetables,Potato,Other,Local,"1,000.00","1,200.00","1,100.00",Rs./Quintal,66.20,Metric Tonnes,23-06-2026
Maharashtra,Ahilyanagar,Rahata APMC,Vegetables,Potato,Other,Local,"1,000.00","1,200.00","1,100.00",Rs./Quintal,30.00,Metric Tonnes,23-05-2026
Maharashtra,Ahilyanagar,Rahata APMC,Vegetables,Potato,Other,Local,500.00,"1,200.00",900.00,Rs./Quintal,10.90,Metric Tonnes,23-01-2026
Maharashtra,Ahilyanagar,Rahata APMC,Vegetables,Potato,Other,Local,"1,600.00","1,700.00","1,650.00",Rs./Quintal,30.00,Metric Tonnes,22-11-2025
Maharashtra,Ahilyanagar,Rahata APMC,Vegetables,Potato,Other,Local,"1,000.00","1,300.00","1,150.00",Rs./Quintal,18.40,Metric Tonnes,22-07-2026
Maharashtra,Ahilyanagar,Rahata APMC,Vegetables,Potato,Other,Local,"1,000.00","1,200.00","1,100.00",Rs./Quintal,20.00,Metric Tonnes,22-05-2026
Maharashtra,Ahilyanagar,Rahata APMC,Vegetables,Potato,Other,Local,200.00,"1,200.00",700.00,Rs./Quintal,37.50,Metric Tonnes,22-03-2026
Maharashtra,Ahilyanagar,Rahata APMC,Vegetables,Potato,Other,Local,"1,000.00","1,200.00","1,100.00",Rs./Quintal,41.10,Metric Tonnes,22-02-2026
Maharashtra,Ahilyanagar,Rahata APMC,Vegetables,Potato,Other,Local,500.00,"1,300.00",900.00,Rs./Quintal,18.00,Metric Tonnes,22-01-2026
Maharashtra,Ahilyanagar,Rahata APMC,Vegetables,Potato,Other,Local,"1,600.00","1,700.00","1,650.00",Rs./Quintal,27.40,Metric Tonnes,21-11-2025
Maharashtra,Ahilyanagar,Rahata APMC,Vegetables,Potato,Other,Local,800.00,"1,200.00","1,000.00",Rs./Quintal,11.00,Metric Tonnes,21-08-2026
Maharashtra,Ahilyanagar,Rahata APMC,Vegetables,Potato,Other,Local,"1,000.00","1,300.00","1,150.00",Rs./Quintal,69.00,Metric Tonnes,21-07-2026
Maharashtra,Ahilyanagar,Rahata APMC,Vegetables,Potato,Other,Local,"1,000.00","1,200.00","1,100.00",Rs./Quintal,50.50,Metric Tonnes,21-06-2026
Maharashtra,Ahilyanagar,Rahata APMC,Vegetables,Potato,Other,Local,"1,000.00","1,200.00","1,100.00",Rs./Quintal,43.00,Metric Tonnes,21-05-2026
Maharashtra,Ahilyanagar,Rahata APMC,Vegetables,Potato,Other,Local,"1,000.00","1,200.00","1,100.00",Rs./Quintal,35.50,Metric Tonnes,21-02-2026
Maharashtra,Ahilyanagar,Rahata APMC,Vegetables,Potato,Other,Local,800.00,"1,200.00","1,000.00",Rs./Quintal,7.00,Metric Tonnes,21-01-2026
Maharashtra,Ahilyanagar,Rahata APMC,Vegetables,Potato,Other,Local,"1,500.00","1,700.00","1,600.00",Rs./Quintal,42.00,Metric Tonnes,20-11-2025
Maharashtra,Ahilyanagar,Rahata APMC,Vegetables,Potato,Other,Local,700.00,"1,200.00",950.00,Rs./Quintal,41.60,Metric Tonnes,20-08-2026
Maharashtra,Ahilyanagar,Rahata APMC,Vegetables,Potato,Other,Local,"1,000.00","1,200.00","1,100.00",Rs./Quintal,31.50,Metric Tonnes,20-06-2026
Maharashtra,Ahilyanagar,Rahata APMC,Vegetables,Potato,Other,Local,"1,000.00","1,200.00","1,100.00",Rs./Quintal,14.10,Metric Tonnes,20-02-2026
Maharashtra,Ahilyanagar,Rahata APMC,Vegetables,Potato,Other,Local,800.00,"1,200.00","1,000.00",Rs./Quintal,50.60,Metric Tonnes,20-01-2026
Maharashtra,Ahilyanagar,Rahata APMC,Vegetables,Potato,Other,Local,"1,500.00","1,700.00","1,600.00",Rs./Quintal,36.00,Metric Tonnes,19-11-2025
Maharashtra,Ahilyanagar,Rahata APMC,Vegetables,Potato,Other,Local,"1,000.00","1,200.00","1,100.00",Rs./Quintal,13.00,Metric Tonnes,19-08-2026
Maharashtra,Ahilyanagar,Rahata APMC,Vegetables,Potato,Other,Local,"1,200.00","1,400.00","1,300.00",Rs./Quintal,50.00,Metric Tonnes,19-07-2026
Maharashtra,Ahilyanagar,Rahata APMC,Vegetables,Potato,Other,Local,"1,000.00","1,100.00","1,050.00",Rs./Quintal,32.50,Metric Tonnes,19-06-2026
Maharashtra,Ahilyanagar,Rahata APMC,Vegetables,Potato,Other,Local,500.00,"1,200.00",800.00,Rs./Quintal,46.00,Metric Tonnes,19-04-2026
Maharashtra,Ahilyanagar,Rahata APMC,Vegetables,Potato,Other,Local,500.00,"1,200.00",850.00,Rs./Quintal,46.00,Metric Tonnes,19-03-2026
Maharashtra,Ahilyanagar,Rahata APMC,Vegetables,Potato,Other,Local,"1,000.00","1,200.00","1,100.00",Rs./Quintal,15.20,Metric Tonnes,19-02-2026
Maharashtra,Ahilyanagar,Rahata APMC,Vegetables,Potato,Other,Local,500.00,"1,800.00","1,100.00",Rs./Quintal,35.70,Metric Tonnes,18-12-2025
Maharashtra,Ahilyanagar,Rahata APMC,Vegetables,Potato,Other,Local,"1,500.00","1,700.00","1,600.00",Rs./Quintal,61.50,Metric Tonnes,18-11-2025
Maharashtra,Ahilyanagar,Rahata APMC,Vegetables,Potato,Other,Local,800.00,"1,200.00","1,000.00",Rs./Quintal,75.60,Metric Tonnes,18-08-2026
Maharashtra,Ahilyanagar,Rahata APMC,Vegetables,Potato,Other,Local,"1,000.00","1,200.00","1,100.00",Rs./Quintal,29.00,Metric Tonnes,18-06-2026
Maharashtra,Ahilyanagar,Rahata APMC,Vegetables,Potato,Other,Local,"1,000.00","1,100.00","1,050.00",Rs./Quintal,10.60,Metric Tonnes,18-02-2026
Maharashtra,Ahilyanagar,Rahata APMC,Vegetables,Potato,Other,Local,"1,300.00","1,700.00","1,500.00",Rs./Quintal,14.00,Metric Tonnes,17-12-2025
Maharashtra,Ahilyanagar,Rahata APMC,Vegetables,Potato,Other,Local,"1,000.00","1,200.00","1,100.00",Rs./Quintal,24.00,Metric Tonnes,17-06-2026
Maharashtra,Ahilyanagar,Rahata APMC,Vegetables,Potato,Other,Local,"1,000.00","1,200.00","1,100.00",Rs./Quintal,41.50,Metric Tonnes,17-05-2026
Maharashtra,Ahilyanagar,Rahata APMC,Vegetables,Potato,Other,Local,800.00,"1,100.00",950.00,Rs./Quintal,20.50,Metric Tonnes,17-04-2026
Maharashtra,Ahilyanagar,Rahata APMC,Vegetables,Potato,Other,Local,600.00,"1,200.00",900.00,Rs./Quintal,45.00,Metric Tonnes,17-03-2026
Maharashtra,Ahilyanagar,Rahata APMC,Vegetables,Potato,Other,Local,"1,000.00","1,200.00","1,100.00",Rs./Quintal,44.00,Metric Tonnes,17-02-2026
Maharashtra,Ahilyanagar,Rahata APMC,Vegetables,Potato,Other,Local,"1,000.00","1,400.00","1,200.00",Rs./Quintal,16.70,Metric Tonnes,17-01-2026
Maharashtra,Ahilyanagar,Rahata APMC,Vegetables,Potato,Other,Local,500.00,"2,000.00","1,250.00",Rs./Quintal,54.60,Metric Tonnes,16-12-2025
Maharashtra,Ahilyanagar,Rahata APMC,Vegetables,Potato,Other,Local,"1,000.00","1,200.00","1,100.00",Rs./Quintal,61.30,Metric Tonnes,16-08-2026
Maharashtra,Ahilyanagar,Rahata APMC,Vegetables,Potato,Other,Local,"1,200.00","1,400.00","1,300.00",Rs./Quintal,41.00,Metric Tonnes,16-07-2026
Maharashtra,Ahilyanagar,Rahata APMC,Vegetables,Potato,Other,Local,"1,000.00","1,200.00","1,100.00",Rs./Quintal,34.00,Metric Tonnes,16-05-2026
Maharashtra,Ahilyanagar,Rahata APMC,Vegetables,Potato,Other,Local,"1,000.00","1,100.00","1,050.00",Rs./Quintal,41.20,Metric Tonnes,16-04-2026
Maharashtra,Ahilyanagar,Rahata APMC,Vegetables,Potato,Other,Local,"1,200.00","1,400.00","1,300.00",Rs./Quintal,2.10,Metric Tonnes,16-01-2026
Maharashtra,Ahilyanagar,Rahata APMC,Vegetables,Potato,Other,Local,"1,600.00","1,700.00","1,650.00",Rs./Quintal,36.50,Metric Tonnes,15-11-2025
Maharashtra,Ahilyanagar,Rahata APMC,Vegetables,Potato,Other,Local,"1,000.00","1,200.00","1,100.00",Rs./Quintal,26.50,Metric Tonnes,15-08-2026
Maharashtra,Ahilyanagar,Rahata APMC,Vegetables,Potato,Other,Local,"1,000.00","1,500.00","1,250.00",Rs./Quintal,13.50,Metric Tonnes,15-07-2026
Maharashtra,Ahilyanagar,Rahata APMC,Vegetables,Potato,Other,Local,"1,000.00","1,200.00","1,100.00",Rs./Quintal,30.00,Metric Tonnes,15-05-2026
Maharashtra,Ahilyanagar,Rahata APMC,Vegetables,Potato,Other,Local,600.00,"1,200.00","1,000.00",Rs./Quintal,63.10,Metric Tonnes,15-03-2026
Maharashtra,Ahilyanagar,Rahata APMC,Vegetables,Potato,Other,Local,"1,000.00","1,400.00","1,200.00",Rs./Quintal,42.00,Metric Tonnes,15-02-2026
Maharashtra,Ahilyanagar,Rahata APMC,Vegetables,Potato,Other,Local,"1,000.00","1,400.00","1,200.00",Rs./Quintal,20.80,Metric Tonnes,15-01-2026
Maharashtra,Ahilyanagar,Rahata APMC,Vegetables,Potato,Other,Local,"1,500.00","1,700.00","1,600.00",Rs./Quintal,33.40,Metric Tonnes,14-11-2025
Maharashtra,Ahilyanagar,Rahata APMC,Vegetables,Potato,Other,Local,"1,000.00","1,200.00","1,100.00",Rs./Quintal,11.10,Metric Tonnes,14-08-2026
Maharashtra,Ahilyanagar,Rahata APMC,Vegetables,Potato,Other,Local,600.00,"1,500.00","1,050.00",Rs./Quintal,56.80,Metric Tonnes,14-07-2026
Maharashtra,Ahilyanagar,Rahata APMC,Vegetables,Potato,Other,Local,"1,000.00","1,100.00","1,050.00",Rs./Quintal,35.00,Metric Tonnes,14-06-2026
Maharashtra,Ahilyanagar,Rahata APMC,Vegetables,Potato,Other,Local,"1,000.00","1,200.00","1,100.00",Rs./Quintal,47.50,Metric Tonnes,14-05-2026
Maharashtra,Ahilyanagar,Rahata APMC,Vegetables,Potato,Other,Local,"1,000.00","1,000.00","1,000.00",Rs./Quintal,53.80,Metric Tonnes,14-04-2026
Maharashtra,Ahilyanagar,Rahata APMC,Vegetables,Potato,Other,Local,500.00,"1,200.00",850.00,Rs./Quintal,26.80,Metric Tonnes,14-03-2026
Maharashtra,Ahilyanagar,Rahata APMC,Vegetables,Potato,Other,Local,"1,100.00","1,400.00","1,250.00",Rs./Quintal,10.70,Metric Tonnes,14-02-2026
Maharashtra,Ahilyanagar,Rahata APMC,Vegetables,Potato,Other,Local,800.00,"1,400.00","1,100.00",Rs./Quintal,15.90,Metric Tonnes,14-01-2026
Maharashtra,Ahilyanagar,Rahata APMC,Vegetables,Potato,Other,Local,"1,000.00","2,000.00","1,500.00",Rs./Quintal,34.20,Metric Tonnes,13-12-2025
Maharashtra,Ahilyanagar,Rahata APMC,Vegetables,Potato,Other,Local,"1,500.00","1,700.00","1,600.00",Rs./Quintal,51.00,Metric Tonnes,13-11-2025
Maharashtra,Ahilyanagar,Rahata APMC,Vegetables,Potato,Other,Local,600.00,"1,200.00",900.00,Rs./Quintal,42.80,Metric Tonnes,13-08-2026
Maharashtra,Ahilyanagar,Rahata APMC,Vegetables,Potato,Other,Local,"1,000.00","1,200.00","1,100.00",Rs./Quintal,18.70,Metric Tonnes,13-05-2026
Maharashtra,Ahilyanagar,Rahata APMC,Vegetables,Potato,Other,Local,"1,000.00","1,200.00","1,100.00",Rs./Quintal,7.40,Metric Tonnes,13-03-2026
Maharashtra,Ahilyanagar,Rahata APMC,Vegetables,Potato,Other,Local,500.00,"1,200.00",850.00,Rs./Quintal,8.30,Metric Tonnes,13-02-2026
Maharashtra,Ahilyanagar,Rahata APMC,Vegetables,Potato,Other,Local,800.00,"1,400.00","1,100.00",Rs./Quintal,59.00,Metric Tonnes,13-01-2026
Maharashtra,Ahilyanagar,Rahata APMC,Vegetables,Potato,Other,Local,"1,500.00","1,700.00","1,600.00",Rs./Quintal,29.50,Metric Tonnes,12-12-2025
Maharashtra,Ahilyanagar,Rahata APMC,Vegetables,Potato,Other,Local,"1,500.00","1,700.00","1,600.00",Rs./Quintal,37.50,Metric Tonnes,12-11-2025
Maharashtra,Ahilyanagar,Rahata APMC,Vegetables,Potato,Other,Local,500.00,"1,200.00",850.00,Rs./Quintal,18.30,Metric Tonnes,12-08-2026
Maharashtra,Ahilyanagar,Rahata APMC,Vegetables,Potato,Other,Local,600.00,"1,400.00","1,000.00",Rs./Quintal,51.10,Metric Tonnes,12-07-2026
Maharashtra,Ahilyanagar,Rahata APMC,Vegetables,Potato,Other,Local,"1,000.00","1,100.00","1,050.00",Rs./Quintal,21.00,Metric Tonnes,12-06-2026
Maharashtra,Ahilyanagar,Rahata APMC,Vegetables,Potato,Other,Local,"1,000.00","1,200.00","1,100.00",Rs./Quintal,39.00,Metric Tonnes,12-05-2026
Maharashtra,Ahilyanagar,Rahata APMC,Vegetables,Potato,Other,Local,800.00,"1,100.00","1,000.00",Rs./Quintal,39.50,Metric Tonnes,12-04-2026
Maharashtra,Ahilyanagar,Rahata APMC,Vegetables,Potato,Other,Local,500.00,"1,200.00",850.00,Rs./Quintal,32.20,Metric Tonnes,12-03-2026
Maharashtra,Ahilyanagar,Rahata APMC,Vegetables,Potato,Other,Local,600.00,"1,300.00","1,000.00",Rs./Quintal,25.90,Metric Tonnes,12-02-2026
Maharashtra,Ahilyanagar,Rahata APMC,Vegetables,Potato,Other,Local,800.00,"1,800.00","1,300.00",Rs./Quintal,38.40,Metric Tonnes,11-12-2025
Maharashtra,Ahilyanagar,Rahata APMC,Vegetables,Potato,Other,Local,"1,500.00","1,700.00","1,600.00",Rs./Quintal,52.90,Metric Tonnes,11-11-2025
Maharashtra,Ahilyanagar,Rahata APMC,Vegetables,Potato,Other,Local,500.00,"1,200.00",850.00,Rs./Quintal,77.50,Metric Tonnes,11-08-2026
Maharashtra,Ahilyanagar,Rahata APMC,Vegetables,Potato,Other,Local,800.00,"1,100.00",950.00,Rs./Quintal,38.00,Metric Tonnes,11-06-2026
Maharashtra,Ahilyanagar,Rahata APMC,Vegetables,Potato,Other,Local,800.00,"1,100.00",950.00,Rs./Quintal,31.30,Metric Tonnes,11-04-2026
Maharashtra,Ahilyanagar,Rahata APMC,Vegetables,Potato,Other,Local,300.00,"1,300.00",800.00,Rs./Quintal,25.10,Metric Tonnes,11-02-2026
Maharashtra,Ahilyanagar,Rahata APMC,Vegetables,Potato,Other,Local,500.00,"2,000.00","1,250.00",Rs./Quintal,15.80,Metric Tonnes,10-12-2025
Maharashtra,Ahilyanagar,Rahata APMC,Vegetables,Potato,Other,Local,800.00,"1,200.00","1,000.00",Rs./Quintal,75.00,Metric Tonnes,10-07-2026
Maharashtra,Ahilyanagar,Rahata APMC,Vegetables,Potato,Other,Local,800.00,"1,200.00","1,000.00",Rs./Quintal,53.00,Metric Tonnes,10-05-2026
Maharashtra,Ahilyanagar,Rahata APMC,Vegetables,Potato,Other,Local,"1,000.00","1,100.00","1,050.00",Rs./Quintal,20.50,Metric Tonnes,10-04-2026
Maharashtra,Ahilyanagar,Rahata APMC,Vegetables,Potato,Other,Local,500.00,"1,400.00","1,000.00",Rs./Quintal,29.00,Metric Tonnes,10-02-2026
Maharashtra,Ahilyanagar,Rahata APMC,Vegetables,Potato,Other,Local,"1,000.00","1,800.00","1,400.00",Rs./Quintal,47.00,Metric Tonnes,09-12-2025
Maharashtra,Ahilyanagar,Rahata APMC,Vegetables,Potato,Other,Local,700.00,"1,200.00",950.00,Rs./Quintal,57.50,Metric Tonnes,09-08-2026
Maharashtra,Ahilyanagar,Rahata APMC,Vegetables,Potato,Other,Local,800.00,"1,200.00","1,000.00",Rs./Quintal,33.80,Metric Tonnes,09-07-2026
Maharashtra,Ahilyanagar,Rahata APMC,Vegetables,Potato,Other,Local,800.00,"1,200.00","1,000.00",Rs./Quintal,35.00,Metric Tonnes,09-05-2026
Maharashtra,Ahilyanagar,Rahata APMC,Vegetables,Potato,Other,Local,300.00,"1,100.00",700.00,Rs./Quintal,37.60,Metric Tonnes,09-04-2026
Maharashtra,Ahilyanagar,Rahata APMC,Vegetables,Potato,Other,Local,"1,000.00","1,300.00","1,250.00",Rs./Quintal,15.60,Metric Tonnes,09-01-2026
Maharashtra,Ahilyanagar,Rahata APMC,Vegetables,Potato,Other,Local,"1,500.00","1,700.00","1,600.00",Rs./Quintal,48.50,Metric Tonnes,08-11-2025
Maharashtra,Ahilyanagar,Rahata APMC,Vegetables,Potato,Other,Local,500.00,"1,200.00",850.00,Rs./Quintal,23.50,Metric Tonnes,08-08-2026
Maharashtra,Ahilyanagar,Rahata APMC,Vegetables,Potato,Other,Local,"1,000.00","1,200.00","1,100.00",Rs./Quintal,57.80,Metric Tonnes,08-07-2026
Maharashtra,Ahilyanagar,Rahata APMC,Vegetables,Potato,Other,Local,"1,000.00","1,100.00","1,050.00",Rs./Quintal,26.00,Metric Tonnes,08-05-2026
Maharashtra,Ahilyanagar,Rahata APMC,Vegetables,Potato,Other,Local,700.00,"1,000.00",850.00,Rs./Quintal,18.90,Metric Tonnes,08-04-2026
Maharashtra,Ahilyanagar,Rahata APMC,Vegetables,Potato,Other,Local,800.00,"1,200.00","1,000.00",Rs./Quintal,46.20,Metric Tonnes,08-03-2026
Maharashtra,Ahilyanagar,Rahata APMC,Vegetables,Potato,Other,Local,400.00,"1,400.00",900.00,Rs./Quintal,36.70,Metric Tonnes,08-02-2026
Maharashtra,Ahilyanagar,Rahata APMC,Vegetables,Potato,Other,Local,"1,500.00","1,700.00","1,600.00",Rs./Quintal,14.90,Metric Tonnes,07-11-2025
Maharashtra,Ahilyanagar,Rahata APMC,Vegetables,Potato,Other,Local,800.00,"1,100.00",950.00,Rs./Quintal,68.00,Metric Tonnes,07-08-2026
Maharashtra,Ahilyanagar,Rahata APMC,Vegetables,Potato,Other,Local,"1,200.00","1,200.00","1,200.00",Rs./Quintal,70.00,Metric Tonnes,07-07-2026
Maharashtra,Ahilyanagar,Rahata APMC,Vegetables,Potato,Other,Local,"1,000.00","1,100.00","1,050.00",Rs./Quintal,45.20,Metric Tonnes,07-06-2026
Maharashtra,Ahilyanagar,Rahata APMC,Vegetables,Potato,Other,Local,"1,000.00","1,150.00","1,075.00",Rs./Quintal,52.00,Metric Tonnes,07-05-2026
Maharashtra,Ahilyanagar,Rahata APMC,Vegetables,Potato,Other,Local,"1,000.00","1,200.00","1,100.00",Rs./Quintal,8.50,Metric Tonnes,07-01-2026
Maharashtra,Ahilyanagar,Rahata APMC,Vegetables,Potato,Other,Local,"1,600.00","2,000.00","1,800.00",Rs./Quintal,35.30,Metric Tonnes,06-12-2025
Maharashtra,Ahilyanagar,Rahata APMC,Vegetables,Potato,Other,Local,"1,000.00","1,300.00","1,150.00",Rs./Quintal,44.00,Metric Tonnes,06-08-2026
Maharashtra,Ahilyanagar,Rahata APMC,Vegetables,Potato,Other,Local,"1,000.00","1,100.00","1,050.00",Rs./Quintal,27.20,Metric Tonnes,06-06-2026
Maharashtra,Ahilyanagar,Rahata APMC,Vegetables,Potato,Other,Local,"1,000.00","1,300.00","1,150.00",Rs./Quintal,6.70,Metric Tonnes,06-03-2026
Maharashtra,Ahilyanagar,Rahata APMC,Vegetables,Potato,Other,Local,"1,000.00","1,200.00","1,100.00",Rs./Quintal,9.00,Metric Tonnes,06-02-2026
Maharashtra,Ahilyanagar,Rahata APMC,Vegetables,Potato,Other,Local,500.00,"1,500.00","1,000.00",Rs./Quintal,20.20,Metric Tonnes,06-01-2026
Maharashtra,Ahilyanagar,Rahata APMC,Vegetables,Potato,Other,Local,"1,500.00","2,000.00","1,700.00",Rs./Quintal,22.30,Metric Tonnes,05-12-2025
Maharashtra,Ahilyanagar,Rahata APMC,Vegetables,Potato,Other,Local,"1,000.00","1,300.00","1,150.00",Rs./Quintal,25.50,Metric Tonnes,05-08-2026
Maharashtra,Ahilyanagar,Rahata APMC,Vegetables,Potato,Other,Local,800.00,"1,200.00","1,000.00",Rs./Quintal,53.50,Metric Tonnes,05-07-2026
Maharashtra,Ahilyanagar,Rahata APMC,Vegetables,Potato,Other,Local,"1,000.00","1,200.00","1,100.00",Rs./Quintal,18.20,Metric Tonnes,05-06-2026
Maharashtra,Ahilyanagar,Rahata APMC,Vegetables,Potato,Other,Local,200.00,"1,200.00",700.00,Rs./Quintal,38.20,Metric Tonnes,05-04-2026
Maharashtra,Ahilyanagar,Rahata APMC,Vegetables,Potato,Other,Local,700.00,"1,250.00","1,000.00",Rs./Quintal,19.90,Metric Tonnes,05-02-2026
Maharashtra,Ahilyanagar,Rahata APMC,Vegetables,Potato,Other,Local,"1,000.00","2,000.00","1,500.00",Rs./Quintal,29.60,Metric Tonnes,04-12-2025
Maharashtra,Ahilyanagar,Rahata APMC,Vegetables,Potato,Other,Local,"1,000.00","1,300.00","1,150.00",Rs./Quintal,78.50,Metric Tonnes,04-08-2026
Maharashtra,Ahilyanagar,Rahata APMC,Vegetables,Potato,Other,Local,"1,000.00","1,200.00","1,100.00",Rs./Quintal,34.00,Metric Tonnes,04-07-2026
Maharashtra,Ahilyanagar,Rahata APMC,Vegetables,Potato,Other,Local,"1,000.00","1,200.00","1,100.00",Rs./Quintal,36.50,Metric Tonnes,04-06-2026
Maharashtra,Ahilyanagar,Rahata APMC,Vegetables,Potato,Other,Local,500.00,"1,200.00",850.00,Rs./Quintal,33.00,Metric Tonnes,04-04-2026
Maharashtra,Ahilyanagar,Rahata APMC,Vegetables,Potato,Other,Local,"1,100.00","1,200.00","1,150.00",Rs./Quintal,20.00,Metric Tonnes,04-03-2026
Maharashtra,Ahilyanagar,Rahata APMC,Vegetables,Potato,Other,Local,"1,000.00","1,200.00","1,100.00",Rs./Quintal,33.00,Metric Tonnes,04-02-2026
Maharashtra,Ahilyanagar,Rahata APMC,Vegetables,Potato,Other,Local,"1,000.00","1,700.00","1,300.00",Rs./Quintal,9.00,Metric Tonnes,03-12-2025
Maharashtra,Ahilyanagar,Rahata APMC,Vegetables,Potato,Other,Local,"1,000.00","1,200.00","1,100.00",Rs./Quintal,19.00,Metric Tonnes,03-07-2026
Maharashtra,Ahilyanagar,Rahata APMC,Vegetables,Potato,Other,Local,"1,000.00","1,100.00","1,050.00",Rs./Quintal,49.50,Metric Tonnes,03-05-2026
Maharashtra,Ahilyanagar,Rahata APMC,Vegetables,Potato,Other,Local,"1,000.00","1,200.00","1,100.00",Rs./Quintal,23.40,Metric Tonnes,03-04-2026
Maharashtra,Ahilyanagar,Rahata APMC,Vegetables,Potato,Other,Local,700.00,"1,200.00","1,000.00",Rs./Quintal,22.80,Metric Tonnes,03-02-2026
Maharashtra,Ahilyanagar,Rahata APMC,Vegetables,Potato,Other,Local,"1,300.00","1,800.00","1,500.00",Rs./Quintal,54.60,Metric Tonnes,02-12-2025
Maharashtra,Ahilyanagar,Rahata APMC,Vegetables,Potato,Other,Local,800.00,"1,300.00","1,050.00",Rs./Quintal,42.60,Metric Tonnes,02-08-2026
Maharashtra,Ahilyanagar,Rahata APMC,Vegetables,Potato,Other,Local,800.00,"1,200.00","1,000.00",Rs./Quintal,40.50,Metric Tonnes,02-07-2026
Maharashtra,Ahilyanagar,Rahata APMC,Vegetables,Potato,Other,Local,"1,000.00","1,200.00","1,100.00",Rs./Quintal,39.50,Metric Tonnes,02-04-2026
Maharashtra,Ahilyanagar,Rahata APMC,Vegetables,Potato,Other,Local,"1,300.00","1,300.00","1,300.00",Rs./Quintal,18.00,Metric Tonnes,01-08-2026
Maharashtra,Ahilyanagar,Rahata APMC,Vegetables,Potato,Other,Local,800.00,"1,200.00","1,000.00",Rs./Quintal,26.50,Metric Tonnes,01-07-2026
Maharashtra,Ahilyanagar,Rahata APMC,Vegetables,Potato,Other,Local,"1,000.00","1,100.00","1,050.00",Rs./Quintal,17.00,Metric Tonnes,01-05-2026
Maharashtra,Ahilyanagar,Rahata APMC,Vegetables,Potato,Other,Local,"1,000.00","1,200.00","1,100.00",Rs./Quintal,26.00,Metric Tonnes,01-04-2026
Maharashtra,Ahilyanagar,Rahata APMC,Vegetables,Potato,Other,Local,500.00,"1,200.00",800.00,Rs./Quintal,50.20,Metric Tonnes,01-03-2026
Maharashtra,Ahilyanagar,Rahata APMC,Vegetables,Potato,Other,Local,500.00,"1,200.00",800.00,Rs./Quintal,29.50,Metric Tonnes,01-02-2026
Maharashtra,Ahilyanagar,Rahuri APMC,Vegetables,Potato,Other,Local,"1,200.00","1,700.00","1,450.00",Rs./Quintal,3.90,Metric Tonnes,31-05-2026
Maharashtra,Ahilyanagar,Rahuri APMC,Vegetables,Potato,Other,Local,300.00,"1,500.00",900.00,Rs./Quintal,9.30,Metric Tonnes,31-03-2026
Maharashtra,Ahilyanagar,Rahuri APMC,Vegetables,Potato,Other,Local,800.00,"1,500.00","1,150.00",Rs./Quintal,9.90,Metric Tonnes,31-01-2026
Maharashtra,Ahilyanagar,Rahuri APMC,Vegetables,Potato,Other,Local,"1,500.00","3,000.00","2,250.00",Rs./Quintal,6.30,Metric Tonnes,30-12-2025
Maharashtra,Ahilyanagar,Rahuri APMC,Vegetables,Potato,Other,Local,"1,600.00","2,500.00","2,050.00",Rs./Quintal,2.90,Metric Tonnes,30-11-2025
Maharashtra,Ahilyanagar,Rahuri APMC,Vegetables,Potato,Other,Local,"1,000.00","2,000.00","1,500.00",Rs./Quintal,3.50,Metric Tonnes,30-07-2026
Maharashtra,Ahilyanagar,Rahuri APMC,Vegetables,Potato,Other,Local,800.00,"2,000.00","1,400.00",Rs./Quintal,4.00,Metric Tonnes,30-05-2026
Maharashtra,Ahilyanagar,Rahuri APMC,Vegetables,Potato,Other,Local,500.00,"1,500.00","1,000.00",Rs./Quintal,12.40,Metric Tonnes,30-03-2026
Maharashtra,Ahilyanagar,Rahuri APMC,Vegetables,Potato,Other,Local,"1,500.00","2,500.00","2,000.00",Rs./Quintal,5.30,Metric Tonnes,29-12-2025
Maharashtra,Ahilyanagar,Rahuri APMC,Vegetables,Potato,Other,Local,"1,700.00","2,500.00","2,100.00",Rs./Quintal,7.30,Metric Tonnes,29-11-2025
Maharashtra,Ahilyanagar,Rahuri APMC,Vegetables,Potato,Other,Local,400.00,"1,800.00","1,100.00",Rs./Quintal,1.30,Metric Tonnes,29-04-2026
Maharashtra,Ahilyanagar,Rahuri APMC,Vegetables,Potato,Other,Local,500.00,"1,500.00","1,000.00",Rs./Quintal,10.90,Metric Tonnes,29-03-2026
Maharashtra,Ahilyanagar,Rahuri APMC,Vegetables,Potato,Other,Local,"1,500.00","2,500.00","2,000.00",Rs./Quintal,2.30,Metric Tonnes,28-12-2025
Maharashtra,Ahilyanagar,Rahuri APMC,Vegetables,Potato,Other,Local,"1,200.00","1,700.00","1,450.00",Rs./Quintal,2.30,Metric Tonnes,28-07-2026
Maharashtra,Ahilyanagar,Rahuri APMC,Vegetables,Potato,Other,Local,500.00,"2,000.00","1,250.00",Rs./Quintal,3.30,Metric Tonnes,28-06-2026
Maharashtra,Ahilyanagar,Rahuri APMC,Vegetables,Potato,Other,Local,"1,000.00","1,700.00","1,350.00",Rs./Quintal,4.50,Metric Tonnes,28-05-2026
Maharashtra,Ahilyanagar,Rahuri APMC,Vegetables,Potato,Other,Local,500.00,"1,500.00","1,000.00",Rs./Quintal,8.50,Metric Tonnes,28-04-2026
Maharashtra,Ahilyanagar,Rahuri APMC,Vegetables,Potato,Other,Local,300.00,"1,500.00",900.00,Rs./Quintal,12.30,Metric Tonnes,28-03-2026
Maharashtra,Ahilyanagar,Rahuri APMC,Vegetables,Potato,Other,Local,300.00,"1,500.00",900.00,Rs./Quintal,10.60,Metric Tonnes,28-02-2026
Maharashtra,Ahilyanagar,Rahuri APMC,Vegetables,Potato,Other,Local,800.00,"1,200.00","1,000.00",Rs./Quintal,4.70,Metric Tonnes,28-01-2026
Maharashtra,Ahilyanagar,Rahuri APMC,Vegetables,Potato,Other,Local,"2,000.00","2,500.00","2,250.00",Rs./Quintal,6.50,Metric Tonnes,27-11-2025
Maharashtra,Ahilyanagar,Rahuri APMC,Vegetables,Potato,Other,Local,"1,000.00","2,000.00","1,500.00",Rs./Quintal,6.70,Metric Tonnes,27-06-2026
Maharashtra,Ahilyanagar,Rahuri APMC,Vegetables,Potato,Other,Local,"1,000.00","1,400.00","1,200.00",Rs./Quintal,3.20,Metric Tonnes,27-04-2026
Maharashtra,Ahilyanagar,Rahuri APMC,Vegetables,Potato,Other,Local,800.00,"1,500.00","1,150.00",Rs./Quintal,13.30,Metric Tonnes,27-01-2026
Maharashtra,Ahilyanagar,Rahuri APMC,Vegetables,Potato,Other,Local,"1,500.00","2,500.00","2,000.00",Rs./Quintal,4.70,Metric Tonnes,26-11-2025
Maharashtra,Ahilyanagar,Rahuri APMC,Vegetables,Potato,Other,Local,"1,200.00","1,700.00","1,450.00",Rs./Quintal,1.10,Metric Tonnes,26-07-2026
Maharashtra,Ahilyanagar,Rahuri APMC,Vegetables,Potato,Other,Local,200.00,"1,500.00",850.00,Rs./Quintal,6.10,Metric Tonnes,26-04-2026
Maharashtra,Ahilyanagar,Rahuri APMC,Vegetables,Potato,Other,Local,500.00,"1,500.00","1,000.00",Rs./Quintal,11.70,Metric Tonnes,26-03-2026
Maharashtra,Ahilyanagar,Rahuri APMC,Vegetables,Potato,Other,Local,800.00,"2,000.00","1,400.00",Rs./Quintal,5.40,Metric Tonnes,26-01-2026
Maharashtra,Ahilyanagar,Rahuri APMC,Vegetables,Potato,Other,Local,"2,000.00","2,500.00","2,250.00",Rs./Quintal,3.80,Metric Tonnes,25-11-2025
Maharashtra,Ahilyanagar,Rahuri APMC,Vegetables,Potato,Other,Local,700.00,"2,500.00","1,600.00",Rs./Quintal,3.60,Metric Tonnes,25-04-2026
Maharashtra,Ahilyanagar,Rahuri APMC,Vegetables,Potato,Other,Local,400.00,"1,500.00",850.00,Rs./Quintal,5.10,Metric Tonnes,25-03-2026
Maharashtra,Ahilyanagar,Rahuri APMC,Vegetables,Potato,Other,Local,800.00,"1,500.00","1,150.00",Rs./Quintal,5.50,Metric Tonnes,25-02-2026
Maharashtra,Ahilyanagar,Rahuri APMC,Vegetables,Potato,Other,Local,"1,900.00","2,500.00","2,200.00",Rs./Quintal,7.00,Metric Tonnes,24-11-2025
Maharashtra,Ahilyanagar,Rahuri APMC,Vegetables,Potato,Other,Local,"1,300.00","1,500.00","1,400.00",Rs./Quintal,5.70,Metric Tonnes,24-05-2026
Maharashtra,Ahilyanagar,Rahuri APMC,Vegetables,Potato,Other,Local,500.00,"1,500.00","1,000.00",Rs./Quintal,4.60,Metric Tonnes,24-04-2026
Maharashtra,Ahilyanagar,Rahuri APMC,Vegetables,Potato,Other,Local,"1,000.00","1,400.00","1,200.00",Rs./Quintal,12.70,Metric Tonnes,24-03-2026
Maharashtra,Ahilyanagar,Rahuri APMC,Vegetables,Potato,Other,Local,"1,000.00","1,500.00","1,250.00",Rs./Quintal,9.50,Metric Tonnes,24-02-2026
Maharashtra,Ahilyanagar,Rahuri APMC,Vegetables,Potato,Other,Local,"1,200.00","2,000.00","1,600.00",Rs./Quintal,9.40,Metric Tonnes,24-01-2026
Maharashtra,Ahilyanagar,Rahuri APMC,Vegetables,Potato,Other,Local,"1,600.00","1,600.00","1,600.00",Rs./Quintal,0.20,Metric Tonnes,23-12-2025
Maharashtra,Ahilyanagar,Rahuri APMC,Vegetables,Potato,Other,Local,"2,000.00","2,000.00","2,000.00",Rs./Quintal,1.50,Metric Tonnes,23-11-2025
Maharashtra,Ahilyanagar,Rahuri APMC,Vegetables,Potato,Other,Local,"1,200.00","1,700.00","1,450.00",Rs./Quintal,5.80,Metric Tonnes,23-07-2026
Maharashtra,Ahilyanagar,Rahuri APMC,Vegetables,Potato,Other,Local,"1,500.00","1,700.00","1,600.00",Rs./Quintal,4.20,Metric Tonnes,23-05-2026
Maharashtra,Ahilyanagar,Rahuri APMC,Vegetables,Potato,Other,Local,500.00,"1,400.00",950.00,Rs./Quintal,7.20,Metric Tonnes,23-03-2026
Maharashtra,Ahilyanagar,Rahuri APMC,Vegetables,Potato,Other,Local,500.00,"2,000.00","1,250.00",Rs./Quintal,6.10,Metric Tonnes,23-02-2026
Maharashtra,Ahilyanagar,Rahuri APMC,Vegetables,Potato,Other,Local,500.00,"2,500.00","1,500.00",Rs./Quintal,4.00,Metric Tonnes,22-12-2025
Maharashtra,Ahilyanagar,Rahuri APMC,Vegetables,Potato,Other,Local,"1,000.00","2,000.00","1,500.00",Rs./Quintal,0.80,Metric Tonnes,22-11-2025
Maharashtra,Ahilyanagar,Rahuri APMC,Vegetables,Potato,Other,Local,600.00,"2,100.00","1,350.00",Rs./Quintal,3.60,Metric Tonnes,22-04-2026
Maharashtra,Ahilyanagar,Rahuri APMC,Vegetables,Potato,Other,Local,"1,000.00","1,300.00","1,250.00",Rs./Quintal,10.60,Metric Tonnes,22-03-2026
Maharashtra,Ahilyanagar,Rahuri APMC,Vegetables,Potato,Other,Local,500.00,"1,500.00","1,000.00",Rs./Quintal,6.90,Metric Tonnes,22-02-2026
Maharashtra,Ahilyanagar,Rahuri APMC,Vegetables,Potato,Other,Local,"1,000.00","2,000.00","1,500.00",Rs./Quintal,10.70,Metric Tonnes,22-01-2026
Maharashtra,Ahilyanagar,Rahuri APMC,Vegetables,Potato,Other,Local,"1,300.00","1,300.00","1,300.00",Rs./Quintal,2.10,Metric Tonnes,21-07-2026
Maharashtra,Ahilyanagar,Rahuri APMC,Vegetables,Potato,Other,Local,"1,500.00","1,800.00","1,650.00",Rs./Quintal,4.20,Metric Tonnes,21-06-2026
Maharashtra,Ahilyanagar,Rahuri APMC,Vegetables,Potato,Other,Local,"1,300.00","1,700.00","1,500.00",Rs./Quintal,3.90,Metric Tonnes,21-05-2026
Maharashtra,Ahilyanagar,Rahuri APMC,Vegetables,Potato,Other,Local,600.00,"1,500.00","1,050.00",Rs./Quintal,5.30,Metric Tonnes,21-04-2026
Maharashtra,Ahilyanagar,Rahuri APMC,Vegetables,Potato,Other,Local,"1,000.00","1,300.00","1,150.00",Rs./Quintal,20.40,Metric Tonnes,21-02-2026
Maharashtra,Ahilyanagar,Rahuri APMC,Vegetables,Potato,Other,Local,"1,000.00","2,000.00","1,500.00",Rs./Quintal,3.60,Metric Tonnes,21-01-2026
Maharashtra,Ahilyanagar,Rahuri APMC,Vegetables,Potato,Other,Local,"2,000.00","2,200.00","2,100.00",Rs./Quintal,6.90,Metric Tonnes,20-11-2025
Maharashtra,Ahilyanagar,Rahuri APMC,Vegetables,Potato,Other,Local,500.00,"1,500.00","1,000.00",Rs./Quintal,7.70,Metric Tonnes,20-08-2026
Maharashtra,Ahilyanagar,Rahuri APMC,Vegetables,Potato,Other,Local,"1,300.00","1,700.00","1,500.00",Rs./Quintal,3.00,Metric Tonnes,20-07-2026
Maharashtra,Ahilyanagar,Rahuri APMC,Vegetables,Potato,Other,Local,500.00,"1,200.00",850.00,Rs./Quintal,0.80,Metric Tonnes,20-04-2026
Maharashtra,Ahilyanagar,Rahuri APMC,Vegetables,Potato,Other,Local,"1,200.00","1,700.00","1,450.00",Rs./Quintal,6.50,Metric Tonnes,19-08-2026
Maharashtra,Ahilyanagar,Rahuri APMC,Vegetables,Potato,Other,Local,"1,000.00","1,700.00","1,350.00",Rs./Quintal,4.50,Metric Tonnes,19-07-2026
Maharashtra,Ahilyanagar,Rahuri APMC,Vegetables,Potato,Other,Local,500.00,"1,300.00",900.00,Rs./Quintal,3.70,Metric Tonnes,19-05-2026
Maharashtra,Ahilyanagar,Rahuri APMC,Vegetables,Potato,Other,Local,500.00,"1,500.00","1,000.00",Rs./Quintal,9.60,Metric Tonnes,19-04-2026
Maharashtra,Ahilyanagar,Rahuri APMC,Vegetables,Potato,Other,Local,500.00,"1,500.00","1,000.00",Rs./Quintal,19.60,Metric Tonnes,19-03-2026
Maharashtra,Ahilyanagar,Rahuri APMC,Vegetables,Potato,Other,Local,"1,500.00","2,500.00","2,000.00",Rs./Quintal,0.40,Metric Tonnes,18-11-2025
Maharashtra,Ahilyanagar,Rahuri APMC,Vegetables,Potato,Other,Local,"1,200.00","1,300.00","1,250.00",Rs./Quintal,1.80,Metric Tonnes,18-08-2026
Maharashtra,Ahilyanagar,Rahuri APMC,Vegetables,Potato,Other,Local,"1,200.00","1,700.00","1,450.00",Rs./Quintal,5.30,Metric Tonnes,18-07-2026
Maharashtra,Ahilyanagar,Rahuri APMC,Vegetables,Potato,Other,Local,"1,300.00","1,700.00","1,500.00",Rs./Quintal,3.80,Metric Tonnes,18-05-2026
Maharashtra,Ahilyanagar,Rahuri APMC,Vegetables,Potato,Other,Local,300.00,"1,500.00",900.00,Rs./Quintal,5.00,Metric Tonnes,18-04-2026
Maharashtra,Ahilyanagar,Rahuri APMC,Vegetables,Potato,Other,Local,600.00,"1,500.00","1,050.00",Rs./Quintal,6.10,Metric Tonnes,18-02-2026
Maharashtra,Ahilyanagar,Rahuri APMC,Vegetables,Potato,Other,Local,"2,000.00","2,200.00","2,100.00",Rs./Quintal,4.00,Metric Tonnes,17-11-2025
Maharashtra,Ahilyanagar,Rahuri APMC,Vegetables,Potato,Other,Local,"1,300.00","1,500.00","1,400.00",Rs./Quintal,3.10,Metric Tonnes,17-05-2026
Maharashtra,Ahilyanagar,Rahuri APMC,Vegetables,Potato,Other,Local,400.00,"1,600.00","1,000.00",Rs./Quintal,14.80,Metric Tonnes,17-03-2026
Maharashtra,Ahilyanagar,Rahuri APMC,Vegetables,Potato,Other,Local,500.00,"1,600.00","1,050.00",Rs./Quintal,6.70,Metric Tonnes,17-02-2026
Maharashtra,Ahilyanagar,Rahuri APMC,Vegetables,Potato,Other,Local,"1,000.00","2,000.00","1,500.00",Rs./Quintal,11.20,Metric Tonnes,17-01-2026
Maharashtra,Ahilyanagar,Rahuri APMC,Vegetables,Potato,Other,Local,"1,600.00","2,000.00","1,800.00",Rs./Quintal,4.80,Metric Tonnes,16-12-2025
Maharashtra,Ahilyanagar,Rahuri APMC,Vegetables,Potato,Other,Local,"2,000.00","2,500.00","2,250.00",Rs./Quintal,4.00,Metric Tonnes,16-11-2025
Maharashtra,Ahilyanagar,Rahuri APMC,Vegetables,Potato,Other,Local,"1,200.00","2,500.00","1,850.00",Rs./Quintal,1.00,Metric Tonnes,16-08-2026
Maharashtra,Ahilyanagar,Rahuri APMC,Vegetables,Potato,Other,Local,500.00,"1,700.00","1,100.00",Rs./Quintal,7.30,Metric Tonnes,16-06-2026
Maharashtra,Ahilyanagar,Rahuri APMC,Vegetables,Potato,Other,Local,700.00,"1,700.00","1,200.00",Rs./Quintal,6.50,Metric Tonnes,16-05-2026
Maharashtra,Ahilyanagar,Rahuri APMC,Vegetables,Potato,Other,Local,600.00,"1,500.00","1,050.00",Rs./Quintal,6.30,Metric Tonnes,16-04-2026
Maharashtra,Ahilyanagar,Rahuri APMC,Vegetables,Potato,Other,Local,"1,000.00","1,500.00","1,250.00",Rs./Quintal,3.90,Metric Tonnes,16-02-2026
Maharashtra,Ahilyanagar,Rahuri APMC,Vegetables,Potato,Other,Local,"1,200.00","1,200.00","1,200.00",Rs./Quintal,2.10,Metric Tonnes,15-06-2026
Maharashtra,Ahilyanagar,Rahuri APMC,Vegetables,Potato,Other,Local,300.00,"1,500.00",900.00,Rs./Quintal,2.90,Metric Tonnes,15-04-2026
Maharashtra,Ahilyanagar,Rahuri APMC,Vegetables,Potato,Other,Local,800.00,"1,600.00","1,200.00",Rs./Quintal,16.50,Metric Tonnes,15-03-2026
Maharashtra,Ahilyanagar,Rahuri APMC,Vegetables,Potato,Other,Local,"1,000.00","1,500.00","1,250.00",Rs./Quintal,7.10,Metric Tonnes,15-02-2026
Maharashtra,Ahilyanagar,Rahuri APMC,Vegetables,Potato,Other,Local,"1,000.00","2,000.00","1,500.00",Rs./Quintal,6.90,Metric Tonnes,15-01-2026
Maharashtra,Ahilyanagar,Rahuri APMC,Vegetables,Potato,Other,Local,"1,200.00","1,700.00","1,450.00",Rs./Quintal,3.20,Metric Tonnes,14-07-2026
Maharashtra,Ahilyanagar,Rahuri APMC,Vegetables,Potato,Other,Local,"1,200.00","2,000.00","1,600.00",Rs./Quintal,3.40,Metric Tonnes,14-06-2026
Maharashtra,Ahilyanagar,Rahuri APMC,Vegetables,Potato,Other,Local,500.00,"1,700.00","1,100.00",Rs./Quintal,7.60,Metric Tonnes,14-05-2026
Maharashtra,Ahilyanagar,Rahuri APMC,Vegetables,Potato,Other,Local,"1,000.00","1,400.00","1,200.00",Rs./Quintal,7.70,Metric Tonnes,14-04-2026
Maharashtra,Ahilyanagar,Rahuri APMC,Vegetables,Potato,Other,Local,500.00,"1,600.00","1,050.00",Rs./Quintal,17.70,Metric Tonnes,14-03-2026
Maharashtra,Ahilyanagar,Rahuri APMC,Vegetables,Potato,Other,Local,800.00,"1,500.00","1,150.00",Rs./Quintal,26.50,Metric Tonnes,14-02-2026
Maharashtra,Ahilyanagar,Rahuri APMC,Vegetables,Potato,Other,Local,"1,000.00","2,000.00","1,500.00",Rs./Quintal,8.90,Metric Tonnes,13-12-2025
Maharashtra,Ahilyanagar,Rahuri APMC,Vegetables,Potato,Other,Local,800.00,"1,700.00","1,250.00",Rs./Quintal,7.70,Metric Tonnes,13-08-2026
Maharashtra,Ahilyanagar,Rahuri APMC,Vegetables,Potato,Other,Local,200.00,"1,500.00",850.00,Rs./Quintal,4.00,Metric Tonnes,13-04-2026
Maharashtra,Ahilyanagar,Rahuri APMC,Vegetables,Potato,Other,Local,"1,000.00","2,000.00","1,500.00",Rs./Quintal,6.40,Metric Tonnes,13-01-2026
Maharashtra,Ahilyanagar,Rahuri APMC,Vegetables,Potato,Other,Local,"1,300.00","1,700.00","1,500.00",Rs./Quintal,1.60,Metric Tonnes,12-08-2026
Maharashtra,Ahilyanagar,Rahuri APMC,Vegetables,Potato,Other,Local,"1,300.00","1,300.00","1,300.00",Rs./Quintal,1.10,Metric Tonnes,12-07-2026
Maharashtra,Ahilyanagar,Rahuri APMC,Vegetables,Potato,Other,Local,"1,300.00","1,700.00","1,500.00",Rs./Quintal,5.50,Metric Tonnes,12-05-2026
Maharashtra,Ahilyanagar,Rahuri APMC,Vegetables,Potato,Other,Local,500.00,"1,400.00",950.00,Rs./Quintal,3.50,Metric Tonnes,12-04-2026
Maharashtra,Ahilyanagar,Rahuri APMC,Vegetables,Potato,Other,Local,"1,000.00","1,600.00","1,300.00",Rs./Quintal,12.40,Metric Tonnes,12-03-2026
Maharashtra,Ahilyanagar,Rahuri APMC,Vegetables,Potato,Other,Local,800.00,"1,600.00","1,200.00",Rs./Quintal,16.90,Metric Tonnes,12-02-2026
Maharashtra,Ahilyanagar,Rahuri APMC,Vegetables,Potato,Other,Local,"1,000.00","2,500.00","1,750.00",Rs./Quintal,8.40,Metric Tonnes,11-12-2025
Maharashtra,Ahilyanagar,Rahuri APMC,Vegetables,Potato,Other,Local,"1,000.00","1,500.00","1,250.00",Rs./Quintal,3.20,Metric Tonnes,11-08-2026
Maharashtra,Ahilyanagar,Rahuri APMC,Vegetables,Potato,Other,Local,700.00,"1,700.00","1,200.00",Rs./Quintal,3.00,Metric Tonnes,11-05-2026
Maharashtra,Ahilyanagar,Rahuri APMC,Vegetables,Potato,Other,Local,400.00,"1,200.00",800.00,Rs./Quintal,3.20,Metric Tonnes,11-04-2026
Maharashtra,Ahilyanagar,Rahuri APMC,Vegetables,Potato,Other,Local,600.00,"1,500.00","1,050.00",Rs./Quintal,6.90,Metric Tonnes,11-03-2026
Maharashtra,Ahilyanagar,Rahuri APMC,Vegetables,Potato,Other,Local,600.00,"1,300.00",950.00,Rs./Quintal,7.70,Metric Tonnes,11-02-2026
Maharashtra,Ahilyanagar,Rahuri APMC,Vegetables,Potato,Other,Local,"1,000.00","2,000.00","1,500.00",Rs./Quintal,4.40,Metric Tonnes,11-01-2026
Maharashtra,Ahilyanagar,Rahuri APMC,Vegetables,Potato,Other,Local,"1,800.00","2,000.00","1,900.00",Rs./Quintal,3.30,Metric Tonnes,10-12-2025
Maharashtra,Ahilyanagar,Rahuri APMC,Vegetables,Potato,Other,Local,"1,200.00","1,700.00","1,450.00",Rs./Quintal,4.00,Metric Tonnes,10-08-2026
Maharashtra,Ahilyanagar,Rahuri APMC,Vegetables,Potato,Other,Local,500.00,"1,700.00","1,100.00",Rs./Quintal,3.80,Metric Tonnes,10-05-2026
Maharashtra,Ahilyanagar,Rahuri APMC,Vegetables,Potato,Other,Local,500.00,"1,700.00","1,100.00",Rs./Quintal,17.70,Metric Tonnes,10-03-2026
Maharashtra,Ahilyanagar,Rahuri APMC,Vegetables,Potato,Other,Local,"1,000.00","1,500.00","1,250.00",Rs./Quintal,9.50,Metric Tonnes,10-02-2026
Maharashtra,Ahilyanagar,Rahuri APMC,Vegetables,Potato,Other,Local,"1,000.00","1,600.00","1,300.00",Rs./Quintal,6.70,Metric Tonnes,10-01-2026
Maharashtra,Ahilyanagar,Rahuri APMC,Vegetables,Potato,Other,Local,"1,000.00","2,000.00","1,500.00",Rs./Quintal,4.70,Metric Tonnes,09-12-2025
Maharashtra,Ahilyanagar,Rahuri APMC,Vegetables,Potato,Other,Local,"1,300.00","1,700.00","1,500.00",Rs./Quintal,4.10,Metric Tonnes,09-08-2026
Maharashtra,Ahilyanagar,Rahuri APMC,Vegetables,Potato,Other,Local,"1,200.00","1,700.00","1,450.00",Rs./Quintal,8.00,Metric Tonnes,09-05-2026
Maharashtra,Ahilyanagar,Rahuri APMC,Vegetables,Potato,Other,Local,500.00,"1,500.00","1,000.00",Rs./Quintal,9.80,Metric Tonnes,09-04-2026
Maharashtra,Ahilyanagar,Rahuri APMC,Vegetables,Potato,Other,Local,400.00,"1,500.00",950.00,Rs./Quintal,7.80,Metric Tonnes,09-03-2026
Maharashtra,Ahilyanagar,Rahuri APMC,Vegetables,Potato,Other,Local,"1,200.00","1,700.00","1,450.00",Rs./Quintal,7.60,Metric Tonnes,08-08-2026
Maharashtra,Ahilyanagar,Rahuri APMC,Vegetables,Potato,Other,Local,"1,300.00","1,700.00","1,500.00",Rs./Quintal,4.70,Metric Tonnes,08-07-2026
Maharashtra,Ahilyanagar,Rahuri APMC,Vegetables,Potato,Other,Local,700.00,"1,500.00","1,100.00",Rs./Quintal,3.30,Metric Tonnes,08-04-2026
Maharashtra,Ahilyanagar,Rahuri APMC,Vegetables,Potato,Other,Local,800.00,"1,500.00","1,150.00",Rs./Quintal,3.30,Metric Tonnes,08-02-2026
Maharashtra,Ahilyanagar,Rahuri APMC,Vegetables,Potato,Other,Local,"1,000.00","2,000.00","1,500.00",Rs./Quintal,6.80,Metric Tonnes,08-01-2026
Maharashtra,Ahilyanagar,Rahuri APMC,Vegetables,Potato,Other,Local,500.00,"2,500.00","1,500.00",Rs./Quintal,0.70,Metric Tonnes,07-12-2025
Maharashtra,Ahilyanagar,Rahuri APMC,Vegetables,Potato,Other,Local,"1,300.00","2,000.00","1,650.00",Rs./Quintal,2.50,Metric Tonnes,07-07-2026
Maharashtra,Ahilyanagar,Rahuri APMC,Vegetables,Potato,Other,Local,500.00,"1,500.00","1,000.00",Rs./Quintal,9.30,Metric Tonnes,07-05-2026
Maharashtra,Ahilyanagar,Rahuri APMC,Vegetables,Potato,Other,Local,800.00,"1,500.00","1,150.00",Rs./Quintal,4.60,Metric Tonnes,07-04-2026
Maharashtra,Ahilyanagar,Rahuri APMC,Vegetables,Potato,Other,Local,"1,000.00","2,500.00","1,750.00",Rs./Quintal,2.70,Metric Tonnes,07-01-2026
Maharashtra,Ahilyanagar,Rahuri APMC,Vegetables,Potato,Other,Local,"1,500.00","2,500.00","2,000.00",Rs./Quintal,0.70,Metric Tonnes,06-12-2025
Maharashtra,Ahilyanagar,Rahuri APMC,Vegetables,Potato,Other,Local,"1,200.00","1,700.00","1,450.00",Rs./Quintal,6.10,Metric Tonnes,06-08-2026
Maharashtra,Ahilyanagar,Rahuri APMC,Vegetables,Potato,Other,Local,"1,000.00","2,000.00","1,500.00",Rs./Quintal,4.80,Metric Tonnes,06-07-2026
Maharashtra,Ahilyanagar,Rahuri APMC,Vegetables,Potato,Other,Local,"1,000.00","1,800.00","1,400.00",Rs./Quintal,6.10,Metric Tonnes,06-06-2026
Maharashtra,Ahilyanagar,Rahuri APMC,Vegetables,Potato,Other,Local,"1,300.00","1,300.00","1,300.00",Rs./Quintal,0.40,Metric Tonnes,06-05-2026
Maharashtra,Ahilyanagar,Rahuri APMC,Vegetables,Potato,Other,Local,"1,200.00","1,700.00","1,450.00",Rs./Quintal,1.90,Metric Tonnes,05-08-2026
Maharashtra,Ahilyanagar,Rahuri APMC,Vegetables,Potato,Other,Local,"1,000.00","2,000.00","1,500.00",Rs./Quintal,2.10,Metric Tonnes,05-07-2026
Maharashtra,Ahilyanagar,Rahuri APMC,Vegetables,Potato,Other,Local,400.00,"1,700.00","1,050.00",Rs./Quintal,6.70,Metric Tonnes,05-05-2026
Maharashtra,Ahilyanagar,Rahuri APMC,Vegetables,Potato,Other,Local,300.00,"1,500.00",900.00,Rs./Quintal,3.60,Metric Tonnes,05-04-2026
Maharashtra,Ahilyanagar,Rahuri APMC,Vegetables,Potato,Other,Local,"1,200.00","1,700.00","1,450.00",Rs./Quintal,4.30,Metric Tonnes,04-08-2026
Maharashtra,Ahilyanagar,Rahuri APMC,Vegetables,Potato,Other,Local,"1,200.00","1,700.00","1,450.00",Rs./Quintal,6.90,Metric Tonnes,04-07-2026
Maharashtra,Ahilyanagar,Rahuri APMC,Vegetables,Potato,Other,Local,"1,200.00","1,700.00","1,550.00",Rs./Quintal,4.70,Metric Tonnes,04-06-2026
Maharashtra,Ahilyanagar,Rahuri APMC,Vegetables,Potato,Other,Local,"1,400.00","1,500.00","1,450.00",Rs./Quintal,2.40,Metric Tonnes,04-05-2026
Maharashtra,Ahilyanagar,Rahuri APMC,Vegetables,Potato,Other,Local,600.00,"1,400.00","1,000.00",Rs./Quintal,5.20,Metric Tonnes,04-03-2026
Maharashtra,Ahilyanagar,Rahuri APMC,Vegetables,Potato,Other,Local,"1,000.00","2,000.00","1,500.00",Rs./Quintal,4.00,Metric Tonnes,04-01-2026
Maharashtra,Ahilyanagar,Rahuri APMC,Vegetables,Potato,Other,Local,"1,000.00","2,000.00","1,500.00",Rs./Quintal,5.50,Metric Tonnes,03-05-2026
Maharashtra,Ahilyanagar,Rahuri APMC,Vegetables,Potato,Other,Local,500.00,"1,600.00","1,050.00",Rs./Quintal,11.40,Metric Tonnes,03-03-2026
Maharashtra,Ahilyanagar,Rahuri APMC,Vegetables,Potato,Other,Local,600.00,"1,800.00","1,200.00",Rs./Quintal,7.20,Metric Tonnes,03-02-2026
Maharashtra,Ahilyanagar,Rahuri APMC,Vegetables,Potato,Other,Local,"1,200.00","2,000.00","1,600.00",Rs./Quintal,5.20,Metric Tonnes,02-08-2026
Maharashtra,Ahilyanagar,Rahuri APMC,Vegetables,Potato,Other,Local,"1,200.00","1,700.00","1,450.00",Rs./Quintal,3.70,Metric Tonnes,02-06-2026
Maharashtra,Ahilyanagar,Rahuri APMC,Vegetables,Potato,Other,Local,400.00,"1,700.00","1,050.00",Rs./Quintal,6.30,Metric Tonnes,02-04-2026
Maharashtra,Ahilyanagar,Rahuri APMC,Vegetables,Potato,Other,Local,700.00,"1,700.00","1,200.00",Rs./Quintal,8.30,Metric Tonnes,02-03-2026
Maharashtra,Ahilyanagar,Rahuri APMC,Vegetables,Potato,Other,Local,200.00,"1,500.00",850.00,Rs./Quintal,11.20,Metric Tonnes,01-04-2026
Maharashtra,Ahilyanagar,Rahuri APMC,Vegetables,Potato,Other,Local,500.00,"1,300.00",900.00,Rs./Quintal,15.10,Metric Tonnes,01-03-2026
Maharashtra,Ahilyanagar,Rahuri APMC,Vegetables,Potato,Other,Local,700.00,"1,300.00","1,000.00",Rs./Quintal,4.50,Metric Tonnes,01-02-2026
Maharashtra,Ahilyanagar,Rahuri(Songaon) APMC,Vegetables,Potato,Other,Local,"2,000.00","2,500.00","2,250.00",Rs./Quintal,0.20,Metric Tonnes,25-11-2025
Maharashtra,Ahilyanagar,Rahuri(Songaon) APMC,Vegetables,Potato,Other,Local,"1,500.00","2,500.00","2,000.00",Rs./Quintal,0.20,Metric Tonnes,18-11-2025
Maharashtra,Ahilyanagar,Rahuri(Songaon) APMC,Vegetables,Potato,Other,Local,"1,000.00","2,000.00","1,500.00",Rs./Quintal,0.30,Metric Tonnes,13-01-2026
Maharashtra,Ahilyanagar,Rahuri(Songaon) APMC,Vegetables,Potato,Other,Local,"1,200.00","2,000.00","1,600.00",Rs./Quintal,0.20,Metric Tonnes,06-01-2026
Maharashtra,Ahilyanagar,Rahuri(Songaon) APMC,Vegetables,Potato,Other,Local,"1,200.00","1,500.00","1,350.00",Rs./Quintal,0.30,Metric Tonnes,03-02-2026
Maharashtra,Ahilyanagar,Shrirampur APMC,Vegetables,Potato,Other,Local,"1,000.00","1,400.00","1,200.00",Rs./Quintal,14.00,Metric Tonnes,31-12-2025
Maharashtra,Ahilyanagar,Shrirampur APMC,Vegetables,Potato,Other,Local,800.00,"1,200.00","1,000.00",Rs./Quintal,12.00,Metric Tonnes,31-07-2026
Maharashtra,Ahilyanagar,Shrirampur APMC,Vegetables,Potato,Other,Local,"1,000.00","1,500.00","1,250.00",Rs./Quintal,11.00,Metric Tonnes,31-05-2026
Maharashtra,Ahilyanagar,Shrirampur APMC,Vegetables,Potato,Other,Local,"1,000.00","1,200.00","1,100.00",Rs./Quintal,10.00,Metric Tonnes,31-01-2026
Maharashtra,Ahilyanagar,Shrirampur APMC,Vegetables,Potato,Other,Local,"1,400.00","1,600.00","1,500.00",Rs./Quintal,14.00,Metric Tonnes,30-11-2025
Maharashtra,Ahilyanagar,Shrirampur APMC,Vegetables,Potato,Other,Local,"1,000.00","1,200.00","1,100.00",Rs./Quintal,11.00,Metric Tonnes,30-07-2026
Maharashtra,Ahilyanagar,Shrirampur APMC,Vegetables,Potato,Other,Local,"1,000.00","1,400.00","1,200.00",Rs./Quintal,9.00,Metric Tonnes,30-05-2026
Maharashtra,Ahilyanagar,Shrirampur APMC,Vegetables,Potato,Other,Local,"1,000.00","1,400.00","1,200.00",Rs./Quintal,9.00,Metric Tonnes,30-04-2026
Maharashtra,Ahilyanagar,Shrirampur APMC,Vegetables,Potato,Other,Local,800.00,"1,000.00",900.00,Rs./Quintal,7.00,Metric Tonnes,30-03-2026
Maharashtra,Ahilyanagar,Shrirampur APMC,Vegetables,Potato,Other,Local,800.00,"1,200.00","1,000.00",Rs./Quintal,13.00,Metric Tonnes,30-01-2026
Maharashtra,Ahilyanagar,Shrirampur APMC,Vegetables,Potato,Other,Local,"1,200.00","1,400.00","1,300.00",Rs./Quintal,12.00,Metric Tonnes,29-12-2025
Maharashtra,Ahilyanagar,Shrirampur APMC,Vegetables,Potato,Other,Local,"1,600.00","1,800.00","1,700.00",Rs./Quintal,10.00,Metric Tonnes,29-11-2025
Maharashtra,Ahilyanagar,Shrirampur APMC,Vegetables,Potato,Other,Local,800.00,"1,200.00","1,000.00",Rs./Quintal,13.00,Metric Tonnes,29-07-2026
Maharashtra,Ahilyanagar,Shrirampur APMC,Vegetables,Potato,Other,Local,800.00,"1,400.00","1,100.00",Rs./Quintal,7.00,Metric Tonnes,29-06-2026
Maharashtra,Ahilyanagar,Shrirampur APMC,Vegetables,Potato,Other,Local,"1,000.00","1,500.00","1,250.00",Rs./Quintal,11.00,Metric Tonnes,29-05-2026
Maharashtra,Ahilyanagar,Shrirampur APMC,Vegetables,Potato,Other,Local,"1,000.00","1,200.00","1,100.00",Rs./Quintal,13.00,Metric Tonnes,29-04-2026
Maharashtra,Ahilyanagar,Shrirampur APMC,Vegetables,Potato,Other,Local,800.00,"1,200.00","1,000.00",Rs./Quintal,9.00,Metric Tonnes,29-03-2026
Maharashtra,Ahilyanagar,Shrirampur APMC,Vegetables,Potato,Other,Local,800.00,"1,200.00","1,000.00",Rs./Quintal,10.00,Metric Tonnes,29-01-2026
Maharashtra,Ahilyanagar,Shrirampur APMC,Vegetables,Potato,Other,Local,"1,000.00","1,400.00","1,200.00",Rs./Quintal,12.00,Metric Tonnes,28-12-2025
Maharashtra,Ahilyanagar,Shrirampur APMC,Vegetables,Potato,Other,Local,"1,600.00","1,800.00","1,700.00",Rs./Quintal,13.00,Metric Tonnes,28-11-2025
Maharashtra,Ahilyanagar,Shrirampur APMC,Vegetables,Potato,Other,Local,"1,000.00","1,500.00","1,250.00",Rs./Quintal,12.00,Metric Tonnes,28-06-2026
Maharashtra,Ahilyanagar,Shrirampur APMC,Vegetables,Potato,Other,Local,"1,000.00","1,400.00","1,200.00",Rs./Quintal,8.00,Metric Tonnes,28-05-2026
Maharashtra,Ahilyanagar,Shrirampur APMC,Vegetables,Potato,Other,Local,800.00,"1,200.00","1,000.00",Rs./Quintal,8.00,Metric Tonnes,28-03-2026
Maharashtra,Ahilyanagar,Shrirampur APMC,Vegetables,Potato,Other,Local,800.00,"1,000.00",900.00,Rs./Quintal,11.00,Metric Tonnes,28-02-2026
Maharashtra,Ahilyanagar,Shrirampur APMC,Vegetables,Potato,Other,Local,"1,000.00","1,200.00","1,100.00",Rs./Quintal,12.00,Metric Tonnes,28-01-2026
Maharashtra,Ahilyanagar,Shrirampur APMC,Vegetables,Potato,Other,Local,"1,000.00","1,500.00","1,250.00",Rs./Quintal,13.00,Metric Tonnes,27-12-2025
Maharashtra,Ahilyanagar,Shrirampur APMC,Vegetables,Potato,Other,Local,"1,600.00","1,800.00","1,700.00",Rs./Quintal,12.00,Metric Tonnes,27-11-2025
Maharashtra,Ahilyanagar,Shrirampur APMC,Vegetables,Potato,Other,Local,"1,000.00","1,200.00","1,100.00",Rs./Quintal,9.50,Metric Tonnes,27-07-2026
Maharashtra,Ahilyanagar,Shrirampur APMC,Vegetables,Potato,Other,Local,"1,000.00","1,500.00","1,250.00",Rs./Quintal,12.00,Metric Tonnes,27-05-2026
Maharashtra,Ahilyanagar,Shrirampur APMC,Vegetables,Potato,Other,Local,800.00,"1,200.00","1,000.00",Rs./Quintal,9.00,Metric Tonnes,27-04-2026
Maharashtra,Ahilyanagar,Shrirampur APMC,Vegetables,Potato,Other,Local,800.00,"1,000.00",900.00,Rs./Quintal,11.00,Metric Tonnes,27-03-2026
Maharashtra,Ahilyanagar,Shrirampur APMC,Vegetables,Potato,Other,Local,"1,000.00","1,500.00","1,250.00",Rs./Quintal,14.00,Metric Tonnes,27-02-2026
Maharashtra,Ahilyanagar,Shrirampur APMC,Vegetables,Potato,Other,Local,"1,000.00","1,400.00","1,200.00",Rs./Quintal,15.00,Metric Tonnes,26-12-2025
Maharashtra,Ahilyanagar,Shrirampur APMC,Vegetables,Potato,Other,Local,"1,600.00","1,800.00","1,700.00",Rs./Quintal,13.50,Metric Tonnes,26-11-2025
Maharashtra,Ahilyanagar,Shrirampur APMC,Vegetables,Potato,Other,Local,800.00,"1,200.00","1,000.00",Rs./Quintal,13.00,Metric Tonnes,26-07-2026
Maharashtra,Ahilyanagar,Shrirampur APMC,Vegetables,Potato,Other,Local,"1,000.00","1,200.00","1,100.00",Rs./Quintal,13.00,Metric Tonnes,26-04-2026
Maharashtra,Ahilyanagar,Shrirampur APMC,Vegetables,Potato,Other,Local,800.00,"1,200.00","1,000.00",Rs./Quintal,8.00,Metric Tonnes,26-03-2026
Maharashtra,Ahilyanagar,Shrirampur APMC,Vegetables,Potato,Other,Local,"1,000.00","1,500.00","1,250.00",Rs./Quintal,12.00,Metric Tonnes,26-02-2026
Maharashtra,Ahilyanagar,Shrirampur APMC,Vegetables,Potato,Other,Local,"1,000.00","1,400.00","1,200.00",Rs./Quintal,17.00,Metric Tonnes,26-01-2026
Maharashtra,Ahilyanagar,Shrirampur APMC,Vegetables,Potato,Other,Local,"1,000.00","1,200.00","1,100.00",Rs./Quintal,12.00,Metric Tonnes,25-12-2025
Maharashtra,Ahilyanagar,Shrirampur APMC,Vegetables,Potato,Other,Local,800.00,"1,200.00","1,000.00",Rs./Quintal,9.00,Metric Tonnes,25-06-2026
Maharashtra,Ahilyanagar,Shrirampur APMC,Vegetables,Potato,Other,Local,800.00,"1,200.00","1,000.00",Rs./Quintal,8.00,Metric Tonnes,25-05-2026
Maharashtra,Ahilyanagar,Shrirampur APMC,Vegetables,Potato,Other,Local,800.00,"1,200.00","1,000.00",Rs./Quintal,7.00,Metric Tonnes,25-04-2026
Maharashtra,Ahilyanagar,Shrirampur APMC,Vegetables,Potato,Other,Local,800.00,"1,000.00",900.00,Rs./Quintal,8.00,Metric Tonnes,25-03-2026
Maharashtra,Ahilyanagar,Shrirampur APMC,Vegetables,Potato,Other,Local,"1,000.00","1,400.00","1,200.00",Rs./Quintal,14.00,Metric Tonnes,25-02-2026
Maharashtra,Ahilyanagar,Shrirampur APMC,Vegetables,Potato,Other,Local,"1,000.00","1,400.00","1,200.00",Rs./Quintal,15.00,Metric Tonnes,24-12-2025
Maharashtra,Ahilyanagar,Shrirampur APMC,Vegetables,Potato,Other,Local,"1,600.00","1,800.00","1,700.00",Rs./Quintal,12.00,Metric Tonnes,24-11-2025
Maharashtra,Ahilyanagar,Shrirampur APMC,Vegetables,Potato,Other,Local,800.00,"1,000.00",900.00,Rs./Quintal,13.50,Metric Tonnes,24-07-2026
Maharashtra,Ahilyanagar,Shrirampur APMC,Vegetables,Potato,Other,Local,"1,000.00","1,400.00","1,200.00",Rs./Quintal,14.00,Metric Tonnes,24-06-2026
Maharashtra,Ahilyanagar,Shrirampur APMC,Vegetables,Potato,Other,Local,"1,000.00","1,400.00","1,200.00",Rs./Quintal,11.00,Metric Tonnes,24-05-2026
Maharashtra,Ahilyanagar,Shrirampur APMC,Vegetables,Potato,Other,Local,"1,000.00","1,400.00","1,200.00",Rs./Quintal,11.00,Metric Tonnes,24-04-2026
Maharashtra,Ahilyanagar,Shrirampur APMC,Vegetables,Potato,Other,Local,"1,000.00","1,400.00","1,200.00",Rs./Quintal,15.00,Metric Tonnes,24-01-2026
Maharashtra,Ahilyanagar,Shrirampur APMC,Vegetables,Potato,Other,Local,800.00,"1,200.00","1,000.00",Rs./Quintal,10.00,Metric Tonnes,23-07-2026
Maharashtra,Ahilyanagar,Shrirampur APMC,Vegetables,Potato,Other,Local,800.00,"1,400.00","1,100.00",Rs./Quintal,9.00,Metric Tonnes,23-05-2026
Maharashtra,Ahilyanagar,Shrirampur APMC,Vegetables,Potato,Other,Local,800.00,"1,200.00","1,000.00",Rs./Quintal,9.00,Metric Tonnes,23-04-2026
Maharashtra,Ahilyanagar,Shrirampur APMC,Vegetables,Potato,Other,Local,"1,000.00","1,200.00","1,100.00",Rs./Quintal,12.00,Metric Tonnes,23-03-2026
Maharashtra,Ahilyanagar,Shrirampur APMC,Vegetables,Potato,Other,Local,800.00,"1,200.00","1,000.00",Rs./Quintal,11.00,Metric Tonnes,23-02-2026
Maharashtra,Ahilyanagar,Shrirampur APMC,Vegetables,Potato,Other,Local,"1,000.00","1,200.00","1,100.00",Rs./Quintal,14.00,Metric Tonnes,23-01-2026
Maharashtra,Ahilyanagar,Shrirampur APMC,Vegetables,Potato,Other,Local,"1,000.00","1,400.00","1,200.00",Rs./Quintal,12.00,Metric Tonnes,22-12-2025
Maharashtra,Ahilyanagar,Shrirampur APMC,Vegetables,Potato,Other,Local,"1,600.00","1,800.00","1,700.00",Rs./Quintal,14.00,Metric Tonnes,22-11-2025
Maharashtra,Ahilyanagar,Shrirampur APMC,Vegetables,Potato,Other,Local,800.00,"1,200.00","1,000.00",Rs./Quintal,13.50,Metric Tonnes,22-07-2026
Maharashtra,Ahilyanagar,Shrirampur APMC,Vegetables,Potato,Other,Local,800.00,"1,200.00","1,000.00",Rs./Quintal,8.00,Metric Tonnes,22-06-2026
Maharashtra,Ahilyanagar,Shrirampur APMC,Vegetables,Potato,Other,Local,"1,000.00","1,200.00","1,100.00",Rs./Quintal,12.00,Metric Tonnes,22-05-2026
Maharashtra,Ahilyanagar,Shrirampur APMC,Vegetables,Potato,Other,Local,"1,000.00","1,400.00","1,200.00",Rs./Quintal,11.00,Metric Tonnes,22-04-2026
Maharashtra,Ahilyanagar,Shrirampur APMC,Vegetables,Potato,Other,Local,800.00,"1,400.00","1,100.00",Rs./Quintal,9.00,Metric Tonnes,22-03-2026
Maharashtra,Ahilyanagar,Shrirampur APMC,Vegetables,Potato,Other,Local,"1,000.00","1,400.00","1,200.00",Rs./Quintal,14.00,Metric Tonnes,22-02-2026
Maharashtra,Ahilyanagar,Shrirampur APMC,Vegetables,Potato,Other,Local,"1,000.00","1,400.00","1,200.00",Rs./Quintal,15.00,Metric Tonnes,22-01-2026
Maharashtra,Ahilyanagar,Shrirampur APMC,Vegetables,Potato,Other,Local,"1,000.00","1,200.00","1,100.00",Rs./Quintal,15.00,Metric Tonnes,21-12-2025
Maharashtra,Ahilyanagar,Shrirampur APMC,Vegetables,Potato,Other,Local,"1,600.00","1,800.00","1,700.00",Rs./Quintal,13.00,Metric Tonnes,21-11-2025
Maharashtra,Ahilyanagar,Shrirampur APMC,Vegetables,Potato,Other,Local,800.00,"1,000.00",900.00,Rs./Quintal,13.00,Metric Tonnes,21-08-2026
Maharashtra,Ahilyanagar,Shrirampur APMC,Vegetables,Potato,Other,Local,"1,000.00","1,500.00","1,250.00",Rs./Quintal,12.00,Metric Tonnes,21-06-2026
Maharashtra,Ahilyanagar,Shrirampur APMC,Vegetables,Potato,Other,Local,"1,000.00","1,400.00","1,200.00",Rs./Quintal,8.00,Metric Tonnes,21-05-2026
Maharashtra,Ahilyanagar,Shrirampur APMC,Vegetables,Potato,Other,Local,"1,000.00","1,200.00","1,100.00",Rs./Quintal,12.00,Metric Tonnes,21-02-2026
Maharashtra,Ahilyanagar,Shrirampur APMC,Vegetables,Potato,Other,Local,800.00,"1,200.00","1,000.00",Rs./Quintal,15.00,Metric Tonnes,21-01-2026
Maharashtra,Ahilyanagar,Shrirampur APMC,Vegetables,Potato,Other,Local,"1,600.00","1,800.00","1,700.00",Rs./Quintal,10.50,Metric Tonnes,20-11-2025
Maharashtra,Ahilyanagar,Shrirampur APMC,Vegetables,Potato,Other,Local,800.00,"1,000.00",900.00,Rs./Quintal,10.50,Metric Tonnes,20-08-2026
Maharashtra,Ahilyanagar,Shrirampur APMC,Vegetables,Potato,Other,Local,"1,000.00","1,400.00","1,200.00",Rs./Quintal,11.00,Metric Tonnes,20-07-2026
Maharashtra,Ahilyanagar,Shrirampur APMC,Vegetables,Potato,Other,Local,800.00,"1,400.00","1,100.00",Rs./Quintal,9.00,Metric Tonnes,20-06-2026
Maharashtra,Ahilyanagar,Shrirampur APMC,Vegetables,Potato,Other,Local,"1,000.00","1,400.00","1,200.00",Rs./Quintal,15.00,Metric Tonnes,20-05-2026
Maharashtra,Ahilyanagar,Shrirampur APMC,Vegetables,Potato,Other,Local,"1,000.00","1,400.00","1,200.00",Rs./Quintal,11.00,Metric Tonnes,20-04-2026
Maharashtra,Ahilyanagar,Shrirampur APMC,Vegetables,Potato,Other,Local,"1,000.00","1,400.00","1,200.00",Rs./Quintal,11.00,Metric Tonnes,20-03-2026
Maharashtra,Ahilyanagar,Shrirampur APMC,Vegetables,Potato,Other,Local,"1,000.00","1,400.00","1,200.00",Rs./Quintal,14.00,Metric Tonnes,20-02-2026
Maharashtra,Ahilyanagar,Shrirampur APMC,Vegetables,Potato,Other,Local,"1,000.00","1,400.00","1,200.00",Rs./Quintal,17.00,Metric Tonnes,19-12-2025
Maharashtra,Ahilyanagar,Shrirampur APMC,Vegetables,Potato,Other,Local,"1,600.00","1,800.00","1,700.00",Rs./Quintal,13.00,Metric Tonnes,19-11-2025
Maharashtra,Ahilyanagar,Shrirampur APMC,Vegetables,Potato,Other,Local,800.00,"1,000.00",900.00,Rs./Quintal,12.00,Metric Tonnes,19-08-2026
Maharashtra,Ahilyanagar,Shrirampur APMC,Vegetables,Potato,Other,Local,"1,000.00","1,400.00","1,200.00",Rs./Quintal,16.00,Metric Tonnes,19-07-2026
Maharashtra,Ahilyanagar,Shrirampur APMC,Vegetables,Potato,Other,Local,"1,000.00","1,500.00","1,250.00",Rs./Quintal,12.00,Metric Tonnes,19-06-2026
Maharashtra,Ahilyanagar,Shrirampur APMC,Vegetables,Potato,Other,Local,"1,000.00","1,200.00","1,100.00",Rs./Quintal,9.00,Metric Tonnes,19-04-2026
Maharashtra,Ahilyanagar,Shrirampur APMC,Vegetables,Potato,Other,Local,800.00,"1,200.00","1,000.00",Rs./Quintal,9.00,Metric Tonnes,19-03-2026
Maharashtra,Ahilyanagar,Shrirampur APMC,Vegetables,Potato,Other,Local,"1,000.00","1,200.00","1,100.00",Rs./Quintal,11.00,Metric Tonnes,19-02-2026
Maharashtra,Ahilyanagar,Shrirampur APMC,Vegetables,Potato,Other,Local,"1,000.00","1,200.00","1,100.00",Rs./Quintal,11.00,Metric Tonnes,19-01-2026
Maharashtra,Ahilyanagar,Shrirampur APMC,Vegetables,Potato,Other,Local,"1,200.00","1,600.00","1,400.00",Rs./Quintal,13.00,Metric Tonnes,18-12-2025
Maharashtra,Ahilyanagar,Shrirampur APMC,Vegetables,Potato,Other,Local,"1,000.00","1,400.00","1,200.00",Rs./Quintal,10.00,Metric Tonnes,18-07-2026
Maharashtra,Ahilyanagar,Shrirampur APMC,Vegetables,Potato,Other,Local,"1,000.00","1,400.00","1,200.00",Rs./Quintal,12.00,Metric Tonnes,18-06-2026
Maharashtra,Ahilyanagar,Shrirampur APMC,Vegetables,Potato,Other,Local,800.00,"1,200.00","1,000.00",Rs./Quintal,8.00,Metric Tonnes,18-05-2026
Maharashtra,Ahilyanagar,Shrirampur APMC,Vegetables,Potato,Other,Local,"1,000.00","1,400.00","1,200.00",Rs./Quintal,7.00,Metric Tonnes,18-03-2026
Maharashtra,Ahilyanagar,Shrirampur APMC,Vegetables,Potato,Other,Local,"1,000.00","1,400.00","1,200.00",Rs./Quintal,14.00,Metric Tonnes,18-02-2026
Maharashtra,Ahilyanagar,Shrirampur APMC,Vegetables,Potato,Other,Local,800.00,"1,400.00","1,100.00",Rs./Quintal,14.00,Metric Tonnes,18-01-2026
Maharashtra,Ahilyanagar,Shrirampur APMC,Vegetables,Potato,Other,Local,"1,000.00","1,500.00","1,250.00",Rs./Quintal,14.00,Metric Tonnes,17-12-2025
Maharashtra,Ahilyanagar,Shrirampur APMC,Vegetables,Potato,Other,Local,"1,600.00","1,800.00","1,700.00",Rs./Quintal,12.50,Metric Tonnes,17-11-2025
Maharashtra,Ahilyanagar,Shrirampur APMC,Vegetables,Potato,Other,Local,800.00,"1,200.00","1,000.00",Rs./Quintal,10.00,Metric Tonnes,17-08-2026
Maharashtra,Ahilyanagar,Shrirampur APMC,Vegetables,Potato,Other,Local,"1,000.00","1,400.00","1,200.00",Rs./Quintal,14.00,Metric Tonnes,17-07-2026
Maharashtra,Ahilyanagar,Shrirampur APMC,Vegetables,Potato,Other,Local,"1,000.00","1,500.00","1,250.00",Rs./Quintal,12.00,Metric Tonnes,17-06-2026
Maharashtra,Ahilyanagar,Shrirampur APMC,Vegetables,Potato,Other,Local,"1,000.00","1,400.00","1,200.00",Rs./Quintal,12.00,Metric Tonnes,17-05-2026
Maharashtra,Ahilyanagar,Shrirampur APMC,Vegetables,Potato,Other,Local,"1,000.00","1,400.00","1,200.00",Rs./Quintal,12.00,Metric Tonnes,17-04-2026
Maharashtra,Ahilyanagar,Shrirampur APMC,Vegetables,Potato,Other,Local,800.00,"1,200.00","1,000.00",Rs./Quintal,10.00,Metric Tonnes,17-01-2026
Maharashtra,Ahilyanagar,Shrirampur APMC,Vegetables,Potato,Other,Local,"1,600.00","1,800.00","1,700.00",Rs./Quintal,13.00,Metric Tonnes,16-11-2025
Maharashtra,Ahilyanagar,Shrirampur APMC,Vegetables,Potato,Other,Local,"1,000.00","1,200.00","1,100.00",Rs./Quintal,9.50,Metric Tonnes,16-07-2026
Maharashtra,Ahilyanagar,Shrirampur APMC,Vegetables,Potato,Other,Local,"1,000.00","1,400.00","1,200.00",Rs./Quintal,8.00,Metric Tonnes,16-04-2026
Maharashtra,Ahilyanagar,Shrirampur APMC,Vegetables,Potato,Other,Local,800.00,"1,200.00","1,000.00",Rs./Quintal,7.00,Metric Tonnes,16-03-2026
Maharashtra,Ahilyanagar,Shrirampur APMC,Vegetables,Potato,Other,Local,"1,000.00","1,200.00","1,100.00",Rs./Quintal,12.00,Metric Tonnes,16-02-2026
Maharashtra,Ahilyanagar,Shrirampur APMC,Vegetables,Potato,Other,Local,800.00,"1,200.00","1,000.00",Rs./Quintal,13.00,Metric Tonnes,16-01-2026
Maharashtra,Ahilyanagar,Shrirampur APMC,Vegetables,Potato,Other,Local,"1,000.00","1,500.00","1,250.00",Rs./Quintal,14.00,Metric Tonnes,15-12-2025
Maharashtra,Ahilyanagar,Shrirampur APMC,Vegetables,Potato,Other,Local,"1,600.00","1,800.00","1,700.00",Rs./Quintal,12.00,Metric Tonnes,15-11-2025
Maharashtra,Ahilyanagar,Shrirampur APMC,Vegetables,Potato,Other,Local,"1,000.00","1,200.00","1,100.00",Rs./Quintal,12.50,Metric Tonnes,15-07-2026
Maharashtra,Ahilyanagar,Shrirampur APMC,Vegetables,Potato,Other,Local,"1,000.00","1,500.00","1,250.00",Rs./Quintal,8.00,Metric Tonnes,15-06-2026
Maharashtra,Ahilyanagar,Shrirampur APMC,Vegetables,Potato,Other,Local,"1,000.00","1,400.00","1,200.00",Rs./Quintal,12.00,Metric Tonnes,15-05-2026
Maharashtra,Ahilyanagar,Shrirampur APMC,Vegetables,Potato,Other,Local,800.00,"1,200.00","1,000.00",Rs./Quintal,11.00,Metric Tonnes,15-04-2026
Maharashtra,Ahilyanagar,Shrirampur APMC,Vegetables,Potato,Other,Local,"1,000.00","1,400.00","1,200.00",Rs./Quintal,9.00,Metric Tonnes,15-03-2026
Maharashtra,Ahilyanagar,Shrirampur APMC,Vegetables,Potato,Other,Local,"1,000.00","1,400.00","1,200.00",Rs./Quintal,14.00,Metric Tonnes,15-02-2026
Maharashtra,Ahilyanagar,Shrirampur APMC,Vegetables,Potato,Other,Local,"1,000.00","1,200.00","1,100.00",Rs./Quintal,15.00,Metric Tonnes,15-01-2026
Maharashtra,Ahilyanagar,Shrirampur APMC,Vegetables,Potato,Other,Local,"1,300.00","1,500.00","1,400.00",Rs./Quintal,12.00,Metric Tonnes,14-12-2025
Maharashtra,Ahilyanagar,Shrirampur APMC,Vegetables,Potato,Other,Local,"1,500.00","1,700.00","1,600.00",Rs./Quintal,13.50,Metric Tonnes,14-11-2025
Maharashtra,Ahilyanagar,Shrirampur APMC,Vegetables,Potato,Other,Local,800.00,"1,000.00",900.00,Rs./Quintal,12.50,Metric Tonnes,14-08-2026
Maharashtra,Ahilyanagar,Shrirampur APMC,Vegetables,Potato,Other,Local,"1,000.00","1,400.00","1,200.00",Rs./Quintal,11.00,Metric Tonnes,14-06-2026
Maharashtra,Ahilyanagar,Shrirampur APMC,Vegetables,Potato,Other,Local,"1,000.00","1,400.00","1,200.00",Rs./Quintal,10.00,Metric Tonnes,14-05-2026
Maharashtra,Ahilyanagar,Shrirampur APMC,Vegetables,Potato,Other,Local,"1,000.00","1,400.00","1,200.00",Rs./Quintal,8.00,Metric Tonnes,14-03-2026
Maharashtra,Ahilyanagar,Shrirampur APMC,Vegetables,Potato,Other,Local,"1,000.00","1,200.00","1,100.00",Rs./Quintal,12.00,Metric Tonnes,14-02-2026
Maharashtra,Ahilyanagar,Shrirampur APMC,Vegetables,Potato,Other,Local,800.00,"1,200.00","1,000.00",Rs./Quintal,15.00,Metric Tonnes,14-01-2026
Maharashtra,Ahilyanagar,Shrirampur APMC,Vegetables,Potato,Other,Local,"1,500.00","1,700.00","1,600.00",Rs./Quintal,12.00,Metric Tonnes,13-12-2025
Maharashtra,Ahilyanagar,Shrirampur APMC,Vegetables,Potato,Other,Local,"1,500.00","1,700.00","1,600.00",Rs./Quintal,12.00,Metric Tonnes,13-11-2025
Maharashtra,Ahilyanagar,Shrirampur APMC,Vegetables,Potato,Other,Local,800.00,"1,000.00",900.00,Rs./Quintal,9.00,Metric Tonnes,13-08-2026
Maharashtra,Ahilyanagar,Shrirampur APMC,Vegetables,Potato,Other,Local,800.00,"1,200.00","1,000.00",Rs./Quintal,12.00,Metric Tonnes,13-07-2026
Maharashtra,Ahilyanagar,Shrirampur APMC,Vegetables,Potato,Other,Local,"1,000.00","1,500.00","1,250.00",Rs./Quintal,8.00,Metric Tonnes,13-06-2026
Maharashtra,Ahilyanagar,Shrirampur APMC,Vegetables,Potato,Other,Local,800.00,"1,200.00","1,000.00",Rs./Quintal,13.00,Metric Tonnes,13-05-2026
Maharashtra,Ahilyanagar,Shrirampur APMC,Vegetables,Potato,Other,Local,800.00,"1,200.00","1,000.00",Rs./Quintal,10.00,Metric Tonnes,13-04-2026
Maharashtra,Ahilyanagar,Shrirampur APMC,Vegetables,Potato,Other,Local,"1,000.00","1,200.00","1,100.00",Rs./Quintal,11.00,Metric Tonnes,13-03-2026
Maharashtra,Ahilyanagar,Shrirampur APMC,Vegetables,Potato,Other,Local,"1,000.00","1,400.00","1,200.00",Rs./Quintal,15.00,Metric Tonnes,13-02-2026
Maharashtra,Ahilyanagar,Shrirampur APMC,Vegetables,Potato,Other,Local,"1,400.00","1,600.00","1,500.00",Rs./Quintal,13.00,Metric Tonnes,12-12-2025
Maharashtra,Ahilyanagar,Shrirampur APMC,Vegetables,Potato,Other,Local,"1,600.00","1,800.00","1,700.00",Rs./Quintal,13.50,Metric Tonnes,12-11-2025
Maharashtra,Ahilyanagar,Shrirampur APMC,Vegetables,Potato,Other,Local,800.00,"1,200.00","1,000.00",Rs./Quintal,14.00,Metric Tonnes,12-08-2026
Maharashtra,Ahilyanagar,Shrirampur APMC,Vegetables,Potato,Other,Local,800.00,"1,200.00","1,000.00",Rs./Quintal,13.00,Metric Tonnes,12-07-2026
Maharashtra,Ahilyanagar,Shrirampur APMC,Vegetables,Potato,Other,Local,"1,000.00","1,500.00","1,250.00",Rs./Quintal,12.00,Metric Tonnes,12-06-2026
Maharashtra,Ahilyanagar,Shrirampur APMC,Vegetables,Potato,Other,Local,"1,000.00","1,200.00","1,100.00",Rs./Quintal,12.00,Metric Tonnes,12-04-2026
Maharashtra,Ahilyanagar,Shrirampur APMC,Vegetables,Potato,Other,Local,800.00,"1,200.00","1,000.00",Rs./Quintal,10.00,Metric Tonnes,12-03-2026
Maharashtra,Ahilyanagar,Shrirampur APMC,Vegetables,Potato,Other,Local,800.00,"1,300.00","1,050.00",Rs./Quintal,12.00,Metric Tonnes,12-02-2026
Maharashtra,Ahilyanagar,Shrirampur APMC,Vegetables,Potato,Other,Local,"1,000.00","1,200.00","1,100.00",Rs./Quintal,12.00,Metric Tonnes,12-01-2026
Maharashtra,Ahilyanagar,Shrirampur APMC,Vegetables,Potato,Other,Local,"1,600.00","1,800.00","1,700.00",Rs./Quintal,10.50,Metric Tonnes,11-12-2025
Maharashtra,Ahilyanagar,Shrirampur APMC,Vegetables,Potato,Other,Local,800.00,"1,200.00","1,000.00",Rs./Quintal,10.50,Metric Tonnes,11-07-2026
Maharashtra,Ahilyanagar,Shrirampur APMC,Vegetables,Potato,Other,Local,800.00,"1,400.00","1,100.00",Rs./Quintal,8.00,Metric Tonnes,11-06-2026
Maharashtra,Ahilyanagar,Shrirampur APMC,Vegetables,Potato,Other,Local,800.00,"1,200.00","1,000.00",Rs./Quintal,7.00,Metric Tonnes,11-05-2026
Maharashtra,Ahilyanagar,Shrirampur APMC,Vegetables,Potato,Other,Local,800.00,"1,000.00",900.00,Rs./Quintal,8.00,Metric Tonnes,11-04-2026
Maharashtra,Ahilyanagar,Shrirampur APMC,Vegetables,Potato,Other,Local,"1,000.00","1,400.00","1,200.00",Rs./Quintal,8.00,Metric Tonnes,11-03-2026
Maharashtra,Ahilyanagar,Shrirampur APMC,Vegetables,Potato,Other,Local,"1,000.00","1,500.00","1,250.00",Rs./Quintal,15.00,Metric Tonnes,11-02-2026
Maharashtra,Ahilyanagar,Shrirampur APMC,Vegetables,Potato,Other,Local,800.00,"1,200.00","1,000.00",Rs./Quintal,14.00,Metric Tonnes,11-01-2026
Maharashtra,Ahilyanagar,Shrirampur APMC,Vegetables,Potato,Other,Local,"1,600.00","1,800.00","1,700.00",Rs./Quintal,13.00,Metric Tonnes,10-12-2025
Maharashtra,Ahilyanagar,Shrirampur APMC,Vegetables,Potato,Other,Local,"1,600.00","1,800.00","1,700.00",Rs./Quintal,18.00,Metric Tonnes,10-11-2025
Maharashtra,Ahilyanagar,Shrirampur APMC,Vegetables,Potato,Other,Local,800.00,"1,000.00",900.00,Rs./Quintal,10.50,Metric Tonnes,10-08-2026
Maharashtra,Ahilyanagar,Shrirampur APMC,Vegetables,Potato,Other,Local,800.00,"1,200.00","1,000.00",Rs./Quintal,13.00,Metric Tonnes,10-07-2026
Maharashtra,Ahilyanagar,Shrirampur APMC,Vegetables,Potato,Other,Local,"1,000.00","1,500.00","1,250.00",Rs./Quintal,11.00,Metric Tonnes,10-06-2026
Maharashtra,Ahilyanagar,Shrirampur APMC,Vegetables,Potato,Other,Local,"1,000.00","1,500.00","1,250.00",Rs./Quintal,12.00,Metric Tonnes,10-05-2026
Maharashtra,Ahilyanagar,Shrirampur APMC,Vegetables,Potato,Other,Local,"1,000.00","1,200.00","1,100.00",Rs./Quintal,11.00,Metric Tonnes,10-04-2026
Maharashtra,Ahilyanagar,Shrirampur APMC,Vegetables,Potato,Other,Local,"1,100.00","1,300.00","1,200.00",Rs./Quintal,10.00,Metric Tonnes,10-01-2026
Maharashtra,Ahilyanagar,Shrirampur APMC,Vegetables,Potato,Other,Local,800.00,"1,200.00","1,000.00",Rs./Quintal,12.00,Metric Tonnes,09-08-2026
Maharashtra,Ahilyanagar,Shrirampur APMC,Vegetables,Potato,Other,Local,"1,000.00","1,200.00","1,100.00",Rs./Quintal,10.00,Metric Tonnes,09-07-2026
Maharashtra,Ahilyanagar,Shrirampur APMC,Vegetables,Potato,Other,Local,800.00,"1,400.00","1,100.00",Rs./Quintal,3.50,Metric Tonnes,09-05-2026
Maharashtra,Ahilyanagar,Shrirampur APMC,Vegetables,Potato,Other,Local,800.00,"1,200.00","1,000.00",Rs./Quintal,9.00,Metric Tonnes,09-04-2026
Maharashtra,Ahilyanagar,Shrirampur APMC,Vegetables,Potato,Other,Local,800.00,"1,200.00","1,000.00",Rs./Quintal,9.00,Metric Tonnes,09-03-2026
Maharashtra,Ahilyanagar,Shrirampur APMC,Vegetables,Potato,Other,Local,"1,000.00","1,500.00","1,250.00",Rs./Quintal,17.00,Metric Tonnes,09-02-2026
Maharashtra,Ahilyanagar,Shrirampur APMC,Vegetables,Potato,Other,Local,"1,000.00","1,400.00","1,200.00",Rs./Quintal,14.00,Metric Tonnes,09-01-2026
Maharashtra,Ahilyanagar,Shrirampur APMC,Vegetables,Potato,Other,Local,"1,600.00","1,800.00","1,700.00",Rs./Quintal,11.00,Metric Tonnes,08-12-2025
Maharashtra,Ahilyanagar,Shrirampur APMC,Vegetables,Potato,Other,Local,"1,600.00","1,800.00","1,700.00",Rs./Quintal,11.50,Metric Tonnes,08-11-2025
Maharashtra,Ahilyanagar,Shrirampur APMC,Vegetables,Potato,Other,Local,800.00,"1,000.00",900.00,Rs./Quintal,9.50,Metric Tonnes,08-08-2026
Maharashtra,Ahilyanagar,Shrirampur APMC,Vegetables,Potato,Other,Local,"1,000.00","1,200.00","1,100.00",Rs./Quintal,13.50,Metric Tonnes,08-07-2026
Maharashtra,Ahilyanagar,Shrirampur APMC,Vegetables,Potato,Other,Local,"1,000.00","1,400.00","1,200.00",Rs./Quintal,9.00,Metric Tonnes,08-06-2026
Maharashtra,Ahilyanagar,Shrirampur APMC,Vegetables,Potato,Other,Local,"1,000.00","1,500.00","1,250.00",Rs./Quintal,12.00,Metric Tonnes,08-05-2026
Maharashtra,Ahilyanagar,Shrirampur APMC,Vegetables,Potato,Other,Local,"1,000.00","1,200.00","1,100.00",Rs./Quintal,10.00,Metric Tonnes,08-04-2026
Maharashtra,Ahilyanagar,Shrirampur APMC,Vegetables,Potato,Other,Local,"1,000.00","1,400.00","1,200.00",Rs./Quintal,14.00,Metric Tonnes,08-03-2026
Maharashtra,Ahilyanagar,Shrirampur APMC,Vegetables,Potato,Other,Local,"1,000.00","1,400.00","1,200.00",Rs./Quintal,14.00,Metric Tonnes,08-02-2026
Maharashtra,Ahilyanagar,Shrirampur APMC,Vegetables,Potato,Other,Local,"1,000.00","1,200.00","1,100.00",Rs./Quintal,10.00,Metric Tonnes,08-01-2026
Maharashtra,Ahilyanagar,Shrirampur APMC,Vegetables,Potato,Other,Local,"1,600.00","1,800.00","1,700.00",Rs./Quintal,162.50,Metric Tonnes,07-12-2025
Maharashtra,Ahilyanagar,Shrirampur APMC,Vegetables,Potato,Other,Local,"1,600.00","1,800.00","1,700.00",Rs./Quintal,13.00,Metric Tonnes,07-11-2025
Maharashtra,Ahilyanagar,Shrirampur APMC,Vegetables,Potato,Other,Local,800.00,"1,200.00","1,000.00",Rs./Quintal,14.50,Metric Tonnes,07-08-2026
Maharashtra,Ahilyanagar,Shrirampur APMC,Vegetables,Potato,Other,Local,"1,000.00","1,500.00","1,250.00",Rs./Quintal,12.00,Metric Tonnes,07-06-2026
Maharashtra,Ahilyanagar,Shrirampur APMC,Vegetables,Potato,Other,Local,"1,000.00","1,500.00","1,250.00",Rs./Quintal,8.00,Metric Tonnes,07-05-2026
Maharashtra,Ahilyanagar,Shrirampur APMC,Vegetables,Potato,Other,Local,"1,000.00","1,200.00","1,100.00",Rs./Quintal,12.00,Metric Tonnes,07-03-2026
Maharashtra,Ahilyanagar,Shrirampur APMC,Vegetables,Potato,Other,Local,"1,000.00","1,400.00","1,200.00",Rs./Quintal,17.00,Metric Tonnes,07-02-2026
Maharashtra,Ahilyanagar,Shrirampur APMC,Vegetables,Potato,Other,Local,"1,000.00","1,200.00","1,100.00",Rs./Quintal,14.00,Metric Tonnes,07-01-2026
Maharashtra,Ahilyanagar,Shrirampur APMC,Vegetables,Potato,Other,Local,"1,600.00","1,800.00","1,700.00",Rs./Quintal,10.00,Metric Tonnes,06-12-2025
Maharashtra,Ahilyanagar,Shrirampur APMC,Vegetables,Potato,Other,Local,900.00,"1,200.00","1,050.00",Rs./Quintal,13.00,Metric Tonnes,06-08-2026
Maharashtra,Ahilyanagar,Shrirampur APMC,Vegetables,Potato,Other,Local,"1,000.00","1,400.00","1,200.00",Rs./Quintal,10.00,Metric Tonnes,06-07-2026
Maharashtra,Ahilyanagar,Shrirampur APMC,Vegetables,Potato,Other,Local,"1,000.00","1,500.00","1,250.00",Rs./Quintal,8.00,Metric Tonnes,06-06-2026
Maharashtra,Ahilyanagar,Shrirampur APMC,Vegetables,Potato,Other,Local,"1,000.00","1,200.00","1,100.00",Rs./Quintal,13.00,Metric Tonnes,06-05-2026
Maharashtra,Ahilyanagar,Shrirampur APMC,Vegetables,Potato,Other,Local,"1,000.00","1,200.00","1,100.00",Rs./Quintal,7.00,Metric Tonnes,06-04-2026
Maharashtra,Ahilyanagar,Shrirampur APMC,Vegetables,Potato,Other,Local,800.00,"1,200.00","1,000.00",Rs./Quintal,12.00,Metric Tonnes,06-03-2026
Maharashtra,Ahilyanagar,Shrirampur APMC,Vegetables,Potato,Other,Local,"1,000.00","1,200.00","1,100.00",Rs./Quintal,14.00,Metric Tonnes,06-02-2026
Maharashtra,Ahilyanagar,Shrirampur APMC,Vegetables,Potato,Other,Local,"1,600.00","1,800.00","1,700.00",Rs./Quintal,13.50,Metric Tonnes,05-12-2025
Maharashtra,Ahilyanagar,Shrirampur APMC,Vegetables,Potato,Other,Local,800.00,"1,000.00",900.00,Rs./Quintal,12.50,Metric Tonnes,05-08-2026
Maharashtra,Ahilyanagar,Shrirampur APMC,Vegetables,Potato,Other,Local,"1,000.00","1,400.00","1,200.00",Rs./Quintal,12.00,Metric Tonnes,05-07-2026
Maharashtra,Ahilyanagar,Shrirampur APMC,Vegetables,Potato,Other,Local,800.00,"1,400.00","1,100.00",Rs./Quintal,11.00,Metric Tonnes,05-06-2026
Maharashtra,Ahilyanagar,Shrirampur APMC,Vegetables,Potato,Other,Local,800.00,"1,200.00","1,000.00",Rs./Quintal,10.00,Metric Tonnes,05-04-2026
Maharashtra,Ahilyanagar,Shrirampur APMC,Vegetables,Potato,Other,Local,800.00,"1,200.00","1,000.00",Rs./Quintal,11.00,Metric Tonnes,05-03-2026
Maharashtra,Ahilyanagar,Shrirampur APMC,Vegetables,Potato,Other,Local,"1,000.00","1,400.00","1,200.00",Rs./Quintal,15.00,Metric Tonnes,05-02-2026
Maharashtra,Ahilyanagar,Shrirampur APMC,Vegetables,Potato,Other,Local,"1,000.00","1,200.00","1,100.00",Rs./Quintal,11.00,Metric Tonnes,05-01-2026
Maharashtra,Ahilyanagar,Shrirampur APMC,Vegetables,Potato,Other,Local,"1,500.00","1,700.00","1,600.00",Rs./Quintal,12.00,Metric Tonnes,04-12-2025
Maharashtra,Ahilyanagar,Shrirampur APMC,Vegetables,Potato,Other,Local,"1,000.00","1,400.00","1,200.00",Rs./Quintal,9.00,Metric Tonnes,04-07-2026
Maharashtra,Ahilyanagar,Shrirampur APMC,Vegetables,Potato,Other,Local,"1,000.00","1,500.00","1,250.00",Rs./Quintal,8.00,Metric Tonnes,04-06-2026
Maharashtra,Ahilyanagar,Shrirampur APMC,Vegetables,Potato,Other,Local,800.00,"1,200.00","1,000.00",Rs./Quintal,8.00,Metric Tonnes,04-05-2026
Maharashtra,Ahilyanagar,Shrirampur APMC,Vegetables,Potato,Other,Local,800.00,"1,200.00","1,000.00",Rs./Quintal,8.00,Metric Tonnes,04-04-2026
Maharashtra,Ahilyanagar,Shrirampur APMC,Vegetables,Potato,Other,Local,800.00,"1,200.00","1,000.00",Rs./Quintal,13.00,Metric Tonnes,04-03-2026
Maharashtra,Ahilyanagar,Shrirampur APMC,Vegetables,Potato,Other,Local,"1,000.00","1,400.00","1,200.00",Rs./Quintal,14.00,Metric Tonnes,04-02-2026
Maharashtra,Ahilyanagar,Shrirampur APMC,Vegetables,Potato,Other,Local,"1,000.00","1,400.00","1,200.00",Rs./Quintal,14.00,Metric Tonnes,04-01-2026
Maharashtra,Ahilyanagar,Shrirampur APMC,Vegetables,Potato,Other,Local,"1,400.00","1,600.00","1,500.00",Rs./Quintal,13.00,Metric Tonnes,03-12-2025
Maharashtra,Ahilyanagar,Shrirampur APMC,Vegetables,Potato,Other,Local,800.00,"1,000.00",900.00,Rs./Quintal,10.00,Metric Tonnes,03-08-2026
Maharashtra,Ahilyanagar,Shrirampur APMC,Vegetables,Potato,Other,Local,"1,000.00","1,200.00","1,100.00",Rs./Quintal,12.50,Metric Tonnes,03-07-2026
Maharashtra,Ahilyanagar,Shrirampur APMC,Vegetables,Potato,Other,Local,"1,000.00","1,400.00","1,200.00",Rs./Quintal,14.00,Metric Tonnes,03-06-2026
Maharashtra,Ahilyanagar,Shrirampur APMC,Vegetables,Potato,Other,Local,"1,000.00","1,400.00","1,200.00",Rs./Quintal,11.00,Metric Tonnes,03-05-2026
Maharashtra,Ahilyanagar,Shrirampur APMC,Vegetables,Potato,Other,Local,800.00,"1,000.00",900.00,Rs./Quintal,11.00,Metric Tonnes,03-04-2026
Maharashtra,Ahilyanagar,Shrirampur APMC,Vegetables,Potato,Other,Local,"1,000.00","1,400.00","1,200.00",Rs./Quintal,10.00,Metric Tonnes,03-01-2026
Maharashtra,Ahilyanagar,Shrirampur APMC,Vegetables,Potato,Other,Local,800.00,"1,200.00","1,000.00",Rs./Quintal,12.50,Metric Tonnes,02-08-2026
Maharashtra,Ahilyanagar,Shrirampur APMC,Vegetables,Potato,Other,Local,"1,000.00","1,400.00","1,200.00",Rs./Quintal,10.00,Metric Tonnes,02-07-2026
Maharashtra,Ahilyanagar,Shrirampur APMC,Vegetables,Potato,Other,Local,"1,000.00","1,200.00","1,100.00",Rs./Quintal,8.00,Metric Tonnes,02-05-2026
Maharashtra,Ahilyanagar,Shrirampur APMC,Vegetables,Potato,Other,Local,800.00,"1,200.00","1,000.00",Rs./Quintal,9.00,Metric Tonnes,02-04-2026
Maharashtra,Ahilyanagar,Shrirampur APMC,Vegetables,Potato,Other,Local,800.00,"1,000.00",900.00,Rs./Quintal,12.00,Metric Tonnes,02-03-2026
Maharashtra,Ahilyanagar,Shrirampur APMC,Vegetables,Potato,Other,Local,"1,000.00","1,200.00","1,100.00",Rs./Quintal,10.00,Metric Tonnes,02-02-2026
Maharashtra,Ahilyanagar,Shrirampur APMC,Vegetables,Potato,Other,Local,"1,000.00","1,200.00","1,100.00",Rs./Quintal,14.00,Metric Tonnes,02-01-2026
Maharashtra,Ahilyanagar,Shrirampur APMC,Vegetables,Potato,Other,Local,"1,500.00","1,700.00","1,600.00",Rs./Quintal,11.00,Metric Tonnes,01-12-2025
Maharashtra,Ahilyanagar,Shrirampur APMC,Vegetables,Potato,Other,Local,"1,000.00","1,200.00","1,100.00",Rs./Quintal,9.00,Metric Tonnes,01-08-2026
Maharashtra,Ahilyanagar,Shrirampur APMC,Vegetables,Potato,Other,Local,"1,000.00","1,500.00","1,250.00",Rs./Quintal,12.00,Metric Tonnes,01-07-2026
Maharashtra,Ahilyanagar,Shrirampur APMC,Vegetables,Potato,Other,Local,800.00,"1,400.00","1,100.00",Rs./Quintal,8.00,Metric Tonnes,01-06-2026
Maharashtra,Ahilyanagar,Shrirampur APMC,Vegetables,Potato,Other,Local,"1,000.00","1,400.00","1,200.00",Rs./Quintal,12.00,Metric Tonnes,01-05-2026
Maharashtra,Ahilyanagar,Shrirampur APMC,Vegetables,Potato,Other,Local,800.00,"1,000.00",900.00,Rs./Quintal,10.00,Metric Tonnes,01-04-2026
Maharashtra,Ahilyanagar,Shrirampur APMC,Vegetables,Potato,Other,Local,800.00,"1,200.00","1,000.00",Rs./Quintal,13.00,Metric Tonnes,01-03-2026
Maharashtra,Ahilyanagar,Shrirampur APMC,Vegetables,Potato,Other,Local,800.00,"1,100.00",950.00,Rs./Quintal,13.00,Metric Tonnes,01-02-2026
Maharashtra,Ahilyanagar,Shrirampur APMC,Vegetables,Potato,Other,Local,"1,200.00","1,400.00","1,300.00",Rs./Quintal,10.00,Metric Tonnes,01-01-2026
Maharashtra,Nashik,Nasik APMC,Vegetables,Potato,Other,Local,700.00,"1,550.00","1,150.00",Rs./Quintal,192.00,Metric Tonnes,31-12-2025
Maharashtra,Nashik,Nasik APMC,Vegetables,Potato,Other,Local,550.00,"1,250.00",750.00,Rs./Quintal,134.50,Metric Tonnes,31-07-2026
Maharashtra,Nashik,Nasik APMC,Vegetables,Potato,Other,Local,500.00,"1,200.00",750.00,Rs./Quintal,163.30,Metric Tonnes,31-03-2026
Maharashtra,Nashik,Nasik APMC,Vegetables,Potato,Other,Local,600.00,"1,500.00","1,100.00",Rs./Quintal,253.50,Metric Tonnes,30-12-2025
Maharashtra,Nashik,Nasik APMC,Vegetables,Potato,Other,Local,650.00,"1,300.00",800.00,Rs./Quintal,154.50,Metric Tonnes,30-07-2026
Maharashtra,Nashik,Nasik APMC,Vegetables,Potato,Other,Local,750.00,"1,350.00",900.00,Rs./Quintal,169.50,Metric Tonnes,30-06-2026
Maharashtra,Nashik,Nasik APMC,Vegetables,Potato,Other,Local,700.00,"1,300.00",850.00,Rs./Quintal,159.00,Metric Tonnes,30-05-2026
Maharashtra,Nashik,Nasik APMC,Vegetables,Potato,Other,Local,600.00,"1,250.00",850.00,Rs./Quintal,160.20,Metric Tonnes,30-04-2026
Maharashtra,Nashik,Nasik APMC,Vegetables,Potato,Other,Local,550.00,"1,250.00",800.00,Rs./Quintal,229.50,Metric Tonnes,30-03-2026
Maharashtra,Nashik,Nasik APMC,Vegetables,Potato,Other,Local,550.00,"1,300.00",850.00,Rs./Quintal,288.10,Metric Tonnes,30-01-2026
Maharashtra,Nashik,Nasik APMC,Vegetables,Potato,Other,Local,700.00,"1,600.00","1,200.00",Rs./Quintal,152.50,Metric Tonnes,29-12-2025
Maharashtra,Nashik,Nasik APMC,Vegetables,Potato,Other,Local,"1,000.00","1,750.00","1,300.00",Rs./Quintal,145.00,Metric Tonnes,29-11-2025
Maharashtra,Nashik,Nasik APMC,Vegetables,Potato,Other,Local,600.00,"1,350.00",800.00,Rs./Quintal,122.00,Metric Tonnes,29-07-2026
Maharashtra,Nashik,Nasik APMC,Vegetables,Potato,Other,Local,750.00,"1,350.00",900.00,Rs./Quintal,140.50,Metric Tonnes,29-05-2026
Maharashtra,Nashik,Nasik APMC,Vegetables,Potato,Other,Local,600.00,"1,300.00",800.00,Rs./Quintal,134.00,Metric Tonnes,29-04-2026
Maharashtra,Nashik,Nasik APMC,Vegetables,Potato,Other,Local,"1,000.00","1,800.00","1,350.00",Rs./Quintal,188.00,Metric Tonnes,28-11-2025
Maharashtra,Nashik,Nasik APMC,Vegetables,Potato,Other,Local,500.00,"1,300.00",750.00,Rs./Quintal,130.00,Metric Tonnes,28-07-2026
Maharashtra,Nashik,Nasik APMC,Vegetables,Potato,Other,Local,800.00,"1,400.00","1,050.00",Rs./Quintal,113.70,Metric Tonnes,28-05-2026
Maharashtra,Nashik,Nasik APMC,Vegetables,Potato,Other,Local,650.00,"1,350.00",850.00,Rs./Quintal,142.70,Metric Tonnes,28-04-2026
Maharashtra,Nashik,Nasik APMC,Vegetables,Potato,Other,Local,500.00,"1,200.00",800.00,Rs./Quintal,251.10,Metric Tonnes,28-03-2026
Maharashtra,Nashik,Nasik APMC,Vegetables,Potato,Other,Local,600.00,"1,300.00",750.00,Rs./Quintal,289.10,Metric Tonnes,28-02-2026
Maharashtra,Nashik,Nasik APMC,Vegetables,Potato,Other,Local,550.00,"1,350.00",850.00,Rs./Quintal,296.50,Metric Tonnes,28-01-2026
Maharashtra,Nashik,Nasik APMC,Vegetables,Potato,Other,Local,700.00,"1,650.00","1,200.00",Rs./Quintal,300.60,Metric Tonnes,27-12-2025
Maharashtra,Nashik,Nasik APMC,Vegetables,Potato,Other,Local,"1,050.00","1,900.00","1,400.00",Rs./Quintal,180.50,Metric Tonnes,27-11-2025
Maharashtra,Nashik,Nasik APMC,Vegetables,Potato,Other,Local,550.00,"1,300.00",800.00,Rs./Quintal,199.00,Metric Tonnes,27-07-2026
Maharashtra,Nashik,Nasik APMC,Vegetables,Potato,Other,Local,650.00,"1,300.00",850.00,Rs./Quintal,256.00,Metric Tonnes,27-06-2026
Maharashtra,Nashik,Nasik APMC,Vegetables,Potato,Other,Local,700.00,"1,400.00",900.00,Rs./Quintal,141.50,Metric Tonnes,27-04-2026
Maharashtra,Nashik,Nasik APMC,Vegetables,Potato,Other,Local,650.00,"1,250.00",800.00,Rs./Quintal,300.00,Metric Tonnes,27-02-2026
Maharashtra,Nashik,Nasik APMC,Vegetables,Potato,Other,Local,500.00,"1,300.00",800.00,Rs./Quintal,259.00,Metric Tonnes,27-01-2026
Maharashtra,Nashik,Nasik APMC,Vegetables,Potato,Other,Local,"1,100.00","1,800.00","1,350.00",Rs./Quintal,118.00,Metric Tonnes,26-11-2025
Maharashtra,Nashik,Nasik APMC,Vegetables,Potato,Other,Local,600.00,"1,300.00",800.00,Rs./Quintal,240.50,Metric Tonnes,26-06-2026
Maharashtra,Nashik,Nasik APMC,Vegetables,Potato,Other,Local,650.00,"1,300.00",800.00,Rs./Quintal,192.00,Metric Tonnes,26-03-2026
Maharashtra,Nashik,Nasik APMC,Vegetables,Potato,Other,Local,600.00,"1,300.00",750.00,Rs./Quintal,182.50,Metric Tonnes,26-02-2026
Maharashtra,Nashik,Nasik APMC,Vegetables,Potato,Other,Local,800.00,"1,700.00","1,200.00",Rs./Quintal,225.50,Metric Tonnes,25-12-2025
Maharashtra,Nashik,Nasik APMC,Vegetables,Potato,Other,Local,"1,150.00","1,850.00","1,400.00",Rs./Quintal,207.00,Metric Tonnes,25-11-2025
Maharashtra,Nashik,Nasik APMC,Vegetables,Potato,Other,Local,600.00,"1,300.00",800.00,Rs./Quintal,147.50,Metric Tonnes,25-07-2026
Maharashtra,Nashik,Nasik APMC,Vegetables,Potato,Other,Local,650.00,"1,350.00",900.00,Rs./Quintal,150.50,Metric Tonnes,25-06-2026
Maharashtra,Nashik,Nasik APMC,Vegetables,Potato,Other,Local,550.00,"1,250.00",800.00,Rs./Quintal,143.20,Metric Tonnes,25-04-2026
Maharashtra,Nashik,Nasik APMC,Vegetables,Potato,Other,Local,600.00,"1,300.00",800.00,Rs./Quintal,225.60,Metric Tonnes,25-02-2026
Maharashtra,Nashik,Nasik APMC,Vegetables,Potato,Other,Local,800.00,"1,750.00","1,200.00",Rs./Quintal,206.10,Metric Tonnes,24-12-2025
Maharashtra,Nashik,Nasik APMC,Vegetables,Potato,Other,Local,"1,100.00","1,800.00","1,450.00",Rs./Quintal,180.50,Metric Tonnes,24-11-2025
Maharashtra,Nashik,Nasik APMC,Vegetables,Potato,Other,Local,700.00,"1,350.00",850.00,Rs./Quintal,164.70,Metric Tonnes,24-07-2026
Maharashtra,Nashik,Nasik APMC,Vegetables,Potato,Other,Local,600.00,"1,300.00",850.00,Rs./Quintal,122.00,Metric Tonnes,24-06-2026
Maharashtra,Nashik,Nasik APMC,Vegetables,Potato,Other,Local,600.00,"1,300.00",850.00,Rs./Quintal,132.00,Metric Tonnes,24-04-2026
Maharashtra,Nashik,Nasik APMC,Vegetables,Potato,Other,Local,650.00,"13,500.00",850.00,Rs./Quintal,199.00,Metric Tonnes,24-03-2026
Maharashtra,Nashik,Nasik APMC,Vegetables,Potato,Other,Local,700.00,"1,350.00",850.00,Rs./Quintal,231.00,Metric Tonnes,24-02-2026
Maharashtra,Nashik,Nasik APMC,Vegetables,Potato,Other,Local,600.00,"1,350.00",800.00,Rs./Quintal,244.70,Metric Tonnes,24-01-2026
Maharashtra,Nashik,Nasik APMC,Vegetables,Potato,Other,Local,700.00,"1,700.00","1,100.00",Rs./Quintal,202.00,Metric Tonnes,23-12-2025
Maharashtra,Nashik,Nasik APMC,Vegetables,Potato,Other,Local,650.00,"1,300.00",850.00,Rs./Quintal,148.00,Metric Tonnes,23-07-2026
Maharashtra,Nashik,Nasik APMC,Vegetables,Potato,Other,Local,700.00,"1,350.00","1,000.00",Rs./Quintal,170.50,Metric Tonnes,23-06-2026
Maharashtra,Nashik,Nasik APMC,Vegetables,Potato,Other,Local,700.00,"1,300.00",900.00,Rs./Quintal,151.00,Metric Tonnes,23-05-2026
Maharashtra,Nashik,Nasik APMC,Vegetables,Potato,Other,Local,500.00,"1,150.00",750.00,Rs./Quintal,146.00,Metric Tonnes,23-04-2026
Maharashtra,Nashik,Nasik APMC,Vegetables,Potato,Other,Local,700.00,"1,350.00",900.00,Rs./Quintal,240.00,Metric Tonnes,23-03-2026
Maharashtra,Nashik,Nasik APMC,Vegetables,Potato,Other,Local,650.00,"1,300.00",800.00,Rs./Quintal,260.50,Metric Tonnes,23-02-2026
Maharashtra,Nashik,Nasik APMC,Vegetables,Potato,Other,Local,550.00,"1,300.00",750.00,Rs./Quintal,227.00,Metric Tonnes,23-01-2026
Maharashtra,Nashik,Nasik APMC,Vegetables,Potato,Other,Local,650.00,"1,550.00","1,000.00",Rs./Quintal,167.80,Metric Tonnes,22-12-2025
Maharashtra,Nashik,Nasik APMC,Vegetables,Potato,Other,Local,"1,150.00","1,850.00","1,400.00",Rs./Quintal,198.10,Metric Tonnes,22-11-2025
Maharashtra,Nashik,Nasik APMC,Vegetables,Potato,Other,Local,700.00,"1,400.00",900.00,Rs./Quintal,121.00,Metric Tonnes,22-07-2026
Maharashtra,Nashik,Nasik APMC,Vegetables,Potato,Other,Local,800.00,"1,450.00","1,100.00",Rs./Quintal,189.10,Metric Tonnes,22-06-2026
Maharashtra,Nashik,Nasik APMC,Vegetables,Potato,Other,Local,750.00,"1,400.00",900.00,Rs./Quintal,183.50,Metric Tonnes,22-05-2026
Maharashtra,Nashik,Nasik APMC,Vegetables,Potato,Other,Local,500.00,"1,200.00",780.00,Rs./Quintal,118.50,Metric Tonnes,22-04-2026
Maharashtra,Nashik,Nasik APMC,Vegetables,Potato,Other,Local,500.00,"1,200.00",700.00,Rs./Quintal,155.00,Metric Tonnes,22-01-2026
Maharashtra,Nashik,Nasik APMC,Vegetables,Potato,Other,Local,"1,200.00","1,900.00","1,450.00",Rs./Quintal,174.70,Metric Tonnes,21-11-2025
Maharashtra,Nashik,Nasik APMC,Vegetables,Potato,Other,Local,600.00,"1,200.00",850.00,Rs./Quintal,153.00,Metric Tonnes,21-08-2026
Maharashtra,Nashik,Nasik APMC,Vegetables,Potato,Other,Local,680.00,"1,350.00",830.00,Rs./Quintal,118.60,Metric Tonnes,21-07-2026
Maharashtra,Nashik,Nasik APMC,Vegetables,Potato,Other,Local,700.00,"1,300.00",850.00,Rs./Quintal,162.50,Metric Tonnes,21-05-2026
Maharashtra,Nashik,Nasik APMC,Vegetables,Potato,Other,Local,600.00,"1,250.00",800.00,Rs./Quintal,131.00,Metric Tonnes,21-04-2026
Maharashtra,Nashik,Nasik APMC,Vegetables,Potato,Other,Local,700.00,"1,300.00",800.00,Rs./Quintal,187.00,Metric Tonnes,21-02-2026
Maharashtra,Nashik,Nasik APMC,Vegetables,Potato,Other,Local,600.00,"1,250.00",750.00,Rs./Quintal,213.00,Metric Tonnes,21-01-2026
Maharashtra,Nashik,Nasik APMC,Vegetables,Potato,Other,Local,700.00,"1,500.00","1,100.00",Rs./Quintal,176.00,Metric Tonnes,20-12-2025
Maharashtra,Nashik,Nasik APMC,Vegetables,Potato,Other,Local,"1,250.00","2,000.00","1,650.00",Rs./Quintal,139.50,Metric Tonnes,20-11-2025
Maharashtra,Nashik,Nasik APMC,Vegetables,Potato,Other,Local,650.00,"1,300.00",800.00,Rs./Quintal,136.50,Metric Tonnes,20-08-2026
Maharashtra,Nashik,Nasik APMC,Vegetables,Potato,Other,Local,670.00,"1,340.00",810.00,Rs./Quintal,170.00,Metric Tonnes,20-07-2026
Maharashtra,Nashik,Nasik APMC,Vegetables,Potato,Other,Local,700.00,"1,300.00","1,000.00",Rs./Quintal,166.50,Metric Tonnes,20-06-2026
Maharashtra,Nashik,Nasik APMC,Vegetables,Potato,Other,Local,750.00,"1,350.00",900.00,Rs./Quintal,145.50,Metric Tonnes,20-05-2026
Maharashtra,Nashik,Nasik APMC,Vegetables,Potato,Other,Local,500.00,"1,200.00",800.00,Rs./Quintal,146.00,Metric Tonnes,20-04-2026
Maharashtra,Nashik,Nasik APMC,Vegetables,Potato,Other,Local,600.00,"1,250.00",800.00,Rs./Quintal,279.50,Metric Tonnes,20-03-2026
Maharashtra,Nashik,Nasik APMC,Vegetables,Potato,Other,Local,750.00,"1,400.00",900.00,Rs./Quintal,361.00,Metric Tonnes,20-02-2026
Maharashtra,Nashik,Nasik APMC,Vegetables,Potato,Other,Local,500.00,"1,300.00",800.00,Rs./Quintal,280.00,Metric Tonnes,20-01-2026
Maharashtra,Nashik,Nasik APMC,Vegetables,Potato,Other,Local,650.00,"1,600.00","1,200.00",Rs./Quintal,240.50,Metric Tonnes,19-12-2025
Maharashtra,Nashik,Nasik APMC,Vegetables,Potato,Other,Local,"1,300.00","2,100.00","1,800.00",Rs./Quintal,135.20,Metric Tonnes,19-11-2025
Maharashtra,Nashik,Nasik APMC,Vegetables,Potato,Other,Local,650.00,"1,350.00",850.00,Rs./Quintal,156.00,Metric Tonnes,19-08-2026
Maharashtra,Nashik,Nasik APMC,Vegetables,Potato,Other,Local,600.00,"1,320.00",950.00,Rs./Quintal,138.50,Metric Tonnes,19-06-2026
Maharashtra,Nashik,Nasik APMC,Vegetables,Potato,Other,Local,650.00,"1,300.00",800.00,Rs./Quintal,123.10,Metric Tonnes,19-05-2026
Maharashtra,Nashik,Nasik APMC,Vegetables,Potato,Other,Local,500.00,"1,350.00",850.00,Rs./Quintal,225.00,Metric Tonnes,19-01-2026
Maharashtra,Nashik,Nasik APMC,Vegetables,Potato,Other,Local,700.00,"1,650.00","1,250.00",Rs./Quintal,229.10,Metric Tonnes,18-12-2025
Maharashtra,Nashik,Nasik APMC,Vegetables,Potato,Other,Local,"1,200.00","1,950.00","1,600.00",Rs./Quintal,166.00,Metric Tonnes,18-11-2025
Maharashtra,Nashik,Nasik APMC,Vegetables,Potato,Other,Local,700.00,"1,400.00",900.00,Rs./Quintal,165.00,Metric Tonnes,18-08-2026
Maharashtra,Nashik,Nasik APMC,Vegetables,Potato,Other,Local,650.00,"1,300.00",950.00,Rs./Quintal,148.50,Metric Tonnes,18-07-2026
Maharashtra,Nashik,Nasik APMC,Vegetables,Potato,Other,Local,600.00,"1,300.00",900.00,Rs./Quintal,137.00,Metric Tonnes,18-06-2026
Maharashtra,Nashik,Nasik APMC,Vegetables,Potato,Other,Local,700.00,"1,350.00",850.00,Rs./Quintal,182.70,Metric Tonnes,18-05-2026
Maharashtra,Nashik,Nasik APMC,Vegetables,Potato,Other,Local,550.00,"1,250.00",780.00,Rs./Quintal,205.70,Metric Tonnes,18-04-2026
Maharashtra,Nashik,Nasik APMC,Vegetables,Potato,Other,Local,650.00,"1,300.00",850.00,Rs./Quintal,268.00,Metric Tonnes,18-03-2026
Maharashtra,Nashik,Nasik APMC,Vegetables,Potato,Other,Local,650.00,"1,300.00",800.00,Rs./Quintal,267.10,Metric Tonnes,18-02-2026
Maharashtra,Nashik,Nasik APMC,Vegetables,Potato,Other,Local,650.00,"1,600.00","1,200.00",Rs./Quintal,183.50,Metric Tonnes,17-12-2025
Maharashtra,Nashik,Nasik APMC,Vegetables,Potato,Other,Local,"1,250.00","2,000.00","1,650.00",Rs./Quintal,225.50,Metric Tonnes,17-11-2025
Maharashtra,Nashik,Nasik APMC,Vegetables,Potato,Other,Local,650.00,"1,350.00",800.00,Rs./Quintal,179.00,Metric Tonnes,17-07-2026
Maharashtra,Nashik,Nasik APMC,Vegetables,Potato,Other,Local,500.00,"1,200.00",750.00,Rs./Quintal,191.00,Metric Tonnes,17-04-2026
Maharashtra,Nashik,Nasik APMC,Vegetables,Potato,Other,Local,600.00,"1,250.00",800.00,Rs./Quintal,189.00,Metric Tonnes,17-03-2026
Maharashtra,Nashik,Nasik APMC,Vegetables,Potato,Other,Local,650.00,"1,350.00",800.00,Rs./Quintal,225.00,Metric Tonnes,17-02-2026
Maharashtra,Nashik,Nasik APMC,Vegetables,Potato,Other,Local,600.00,"1,400.00",900.00,Rs./Quintal,338.50,Metric Tonnes,17-01-2026
Maharashtra,Nashik,Nasik APMC,Vegetables,Potato,Other,Local,700.00,"1,650.00","1,250.00",Rs./Quintal,184.70,Metric Tonnes,16-12-2025
Maharashtra,Nashik,Nasik APMC,Vegetables,Potato,Other,Local,700.00,"1,400.00",850.00,Rs./Quintal,152.50,Metric Tonnes,16-07-2026
Maharashtra,Nashik,Nasik APMC,Vegetables,Potato,Other,Local,700.00,"1,350.00","1,000.00",Rs./Quintal,191.60,Metric Tonnes,16-06-2026
Maharashtra,Nashik,Nasik APMC,Vegetables,Potato,Other,Local,650.00,"1,250.00",800.00,Rs./Quintal,187.50,Metric Tonnes,16-05-2026
Maharashtra,Nashik,Nasik APMC,Vegetables,Potato,Other,Local,600.00,"1,250.00",800.00,Rs./Quintal,146.50,Metric Tonnes,16-04-2026
Maharashtra,Nashik,Nasik APMC,Vegetables,Potato,Other,Local,650.00,"1,300.00",850.00,Rs./Quintal,266.40,Metric Tonnes,16-03-2026
Maharashtra,Nashik,Nasik APMC,Vegetables,Potato,Other,Local,700.00,"1,300.00",800.00,Rs./Quintal,194.50,Metric Tonnes,16-02-2026
Maharashtra,Nashik,Nasik APMC,Vegetables,Potato,Other,Local,500.00,"1,300.00",850.00,Rs./Quintal,330.00,Metric Tonnes,16-01-2026
Maharashtra,Nashik,Nasik APMC,Vegetables,Potato,Other,Local,700.00,"1,700.00","1,300.00",Rs./Quintal,240.50,Metric Tonnes,15-12-2025
Maharashtra,Nashik,Nasik APMC,Vegetables,Potato,Other,Local,"1,350.00","2,100.00","1,750.00",Rs./Quintal,190.50,Metric Tonnes,15-11-2025
Maharashtra,Nashik,Nasik APMC,Vegetables,Potato,Other,Local,750.00,"1,450.00",900.00,Rs./Quintal,177.50,Metric Tonnes,15-07-2026
Maharashtra,Nashik,Nasik APMC,Vegetables,Potato,Other,Local,750.00,"1,300.00","1,050.00",Rs./Quintal,152.00,Metric Tonnes,15-06-2026
Maharashtra,Nashik,Nasik APMC,Vegetables,Potato,Other,Local,700.00,"1,350.00",900.00,Rs./Quintal,159.00,Metric Tonnes,15-05-2026
Maharashtra,Nashik,Nasik APMC,Vegetables,Potato,Other,Local,700.00,"1,300.00",850.00,Rs./Quintal,267.50,Metric Tonnes,15-04-2026
Maharashtra,Nashik,Nasik APMC,Vegetables,Potato,Other,Local,"1,300.00","2,000.00","1,700.00",Rs./Quintal,239.00,Metric Tonnes,14-11-2025
Maharashtra,Nashik,Nasik APMC,Vegetables,Potato,Other,Local,650.00,"1,300.00",800.00,Rs./Quintal,231.10,Metric Tonnes,14-08-2026
Maharashtra,Nashik,Nasik APMC,Vegetables,Potato,Other,Local,700.00,"1,350.00",850.00,Rs./Quintal,174.00,Metric Tonnes,14-07-2026
Maharashtra,Nashik,Nasik APMC,Vegetables,Potato,Other,Local,600.00,"1,250.00",950.00,Rs./Quintal,146.90,Metric Tonnes,14-05-2026
Maharashtra,Nashik,Nasik APMC,Vegetables,Potato,Other,Local,600.00,"1,250.00",800.00,Rs./Quintal,293.60,Metric Tonnes,14-03-2026
Maharashtra,Nashik,Nasik APMC,Vegetables,Potato,Other,Local,650.00,"1,300.00",850.00,Rs./Quintal,254.50,Metric Tonnes,14-02-2026
Maharashtra,Nashik,Nasik APMC,Vegetables,Potato,Other,Local,750.00,"1,750.00","1,350.00",Rs./Quintal,248.00,Metric Tonnes,13-12-2025
Maharashtra,Nashik,Nasik APMC,Vegetables,Potato,Other,Local,"1,400.00","2,100.00","1,750.00",Rs./Quintal,159.00,Metric Tonnes,13-11-2025
Maharashtra,Nashik,Nasik APMC,Vegetables,Potato,Other,Local,700.00,"1,350.00",850.00,Rs./Quintal,196.00,Metric Tonnes,13-08-2026
Maharashtra,Nashik,Nasik APMC,Vegetables,Potato,Other,Local,650.00,"1,300.00",800.00,Rs./Quintal,222.50,Metric Tonnes,13-07-2026
Maharashtra,Nashik,Nasik APMC,Vegetables,Potato,Other,Local,700.00,"1,300.00","1,000.00",Rs./Quintal,158.00,Metric Tonnes,13-06-2026
Maharashtra,Nashik,Nasik APMC,Vegetables,Potato,Other,Local,650.00,"1,300.00",900.00,Rs./Quintal,100.70,Metric Tonnes,13-05-2026
Maharashtra,Nashik,Nasik APMC,Vegetables,Potato,Other,Local,600.00,"1,250.00",800.00,Rs./Quintal,252.50,Metric Tonnes,13-04-2026
Maharashtra,Nashik,Nasik APMC,Vegetables,Potato,Other,Local,700.00,"1,350.00",900.00,Rs./Quintal,235.50,Metric Tonnes,13-03-2026
Maharashtra,Nashik,Nasik APMC,Vegetables,Potato,Other,Local,700.00,"1,350.00",900.00,Rs./Quintal,381.00,Metric Tonnes,13-02-2026
Maharashtra,Nashik,Nasik APMC,Vegetables,Potato,Other,Local,600.00,"1,550.00","1,050.00",Rs./Quintal,262.50,Metric Tonnes,13-01-2026
Maharashtra,Nashik,Nasik APMC,Vegetables,Potato,Other,Local,700.00,"1,800.00","1,400.00",Rs./Quintal,194.50,Metric Tonnes,12-12-2025
Maharashtra,Nashik,Nasik APMC,Vegetables,Potato,Other,Local,"1,350.00","2,050.00","1,700.00",Rs./Quintal,163.00,Metric Tonnes,12-11-2025
Maharashtra,Nashik,Nasik APMC,Vegetables,Potato,Other,Local,750.00,"1,400.00",900.00,Rs./Quintal,150.50,Metric Tonnes,12-08-2026
Maharashtra,Nashik,Nasik APMC,Vegetables,Potato,Other,Local,700.00,"1,350.00","1,100.00",Rs./Quintal,171.00,Metric Tonnes,12-06-2026
Maharashtra,Nashik,Nasik APMC,Vegetables,Potato,Other,Local,650.00,"1,300.00",900.00,Rs./Quintal,184.10,Metric Tonnes,12-05-2026
Maharashtra,Nashik,Nasik APMC,Vegetables,Potato,Other,Local,600.00,"1,300.00",850.00,Rs./Quintal,217.50,Metric Tonnes,12-03-2026
Maharashtra,Nashik,Nasik APMC,Vegetables,Potato,Other,Local,750.00,"1,400.00",950.00,Rs./Quintal,293.50,Metric Tonnes,12-02-2026
Maharashtra,Nashik,Nasik APMC,Vegetables,Potato,Other,Local,600.00,"1,600.00","1,100.00",Rs./Quintal,290.50,Metric Tonnes,12-01-2026
Maharashtra,Nashik,Nasik APMC,Vegetables,Potato,Other,Local,750.00,"1,850.00","1,400.00",Rs./Quintal,219.10,Metric Tonnes,11-12-2025
Maharashtra,Nashik,Nasik APMC,Vegetables,Potato,Other,Local,"1,400.00","2,100.00","1,750.00",Rs./Quintal,163.50,Metric Tonnes,11-11-2025
Maharashtra,Nashik,Nasik APMC,Vegetables,Potato,Other,Local,700.00,"1,350.00",900.00,Rs./Quintal,102.80,Metric Tonnes,11-08-2026
Maharashtra,Nashik,Nasik APMC,Vegetables,Potato,Other,Local,800.00,"1,600.00","1,200.00",Rs./Quintal,122.50,Metric Tonnes,11-07-2026
Maharashtra,Nashik,Nasik APMC,Vegetables,Potato,Other,Local,600.00,"1,300.00","1,050.00",Rs./Quintal,160.00,Metric Tonnes,11-06-2026
Maharashtra,Nashik,Nasik APMC,Vegetables,Potato,Other,Local,700.00,"1,350.00",950.00,Rs./Quintal,156.90,Metric Tonnes,11-05-2026
Maharashtra,Nashik,Nasik APMC,Vegetables,Potato,Other,Local,750.00,"1,350.00",800.00,Rs./Quintal,196.50,Metric Tonnes,11-03-2026
Maharashtra,Nashik,Nasik APMC,Vegetables,Potato,Other,Local,600.00,"1,350.00","1,150.00",Rs./Quintal,227.00,Metric Tonnes,11-02-2026
Maharashtra,Nashik,Nasik APMC,Vegetables,Potato,Other,Local,700.00,"1,800.00","1,350.00",Rs./Quintal,212.10,Metric Tonnes,10-12-2025
Maharashtra,Nashik,Nasik APMC,Vegetables,Potato,Other,Local,"1,450.00","2,200.00","1,800.00",Rs./Quintal,239.60,Metric Tonnes,10-11-2025
Maharashtra,Nashik,Nasik APMC,Vegetables,Potato,Other,Local,600.00,"1,300.00",800.00,Rs./Quintal,201.60,Metric Tonnes,10-08-2026
Maharashtra,Nashik,Nasik APMC,Vegetables,Potato,Other,Local,700.00,"1,350.00",850.00,Rs./Quintal,144.50,Metric Tonnes,10-07-2026
Maharashtra,Nashik,Nasik APMC,Vegetables,Potato,Other,Local,550.00,"1,350.00","1,100.00",Rs./Quintal,120.00,Metric Tonnes,10-06-2026
Maharashtra,Nashik,Nasik APMC,Vegetables,Potato,Other,Local,500.00,"1,250.00",800.00,Rs./Quintal,136.60,Metric Tonnes,10-04-2026
Maharashtra,Nashik,Nasik APMC,Vegetables,Potato,Other,Local,700.00,"1,300.00",800.00,Rs./Quintal,270.50,Metric Tonnes,10-03-2026
Maharashtra,Nashik,Nasik APMC,Vegetables,Potato,Other,Local,600.00,"1,250.00",800.00,Rs./Quintal,147.60,Metric Tonnes,10-02-2026
Maharashtra,Nashik,Nasik APMC,Vegetables,Potato,Other,Local,500.00,"1,550.00","1,050.00",Rs./Quintal,203.50,Metric Tonnes,10-01-2026
Maharashtra,Nashik,Nasik APMC,Vegetables,Potato,Other,Local,750.00,"1,750.00","1,300.00",Rs./Quintal,210.80,Metric Tonnes,09-12-2025
Maharashtra,Nashik,Nasik APMC,Vegetables,Potato,Other,Local,750.00,"1,400.00","1,000.00",Rs./Quintal,139.50,Metric Tonnes,09-07-2026
Maharashtra,Nashik,Nasik APMC,Vegetables,Potato,Other,Local,700.00,"1,300.00","1,000.00",Rs./Quintal,124.50,Metric Tonnes,09-06-2026
Maharashtra,Nashik,Nasik APMC,Vegetables,Potato,Other,Local,650.00,"1,300.00",900.00,Rs./Quintal,126.50,Metric Tonnes,09-05-2026
Maharashtra,Nashik,Nasik APMC,Vegetables,Potato,Other,Local,700.00,"1,350.00",900.00,Rs./Quintal,166.00,Metric Tonnes,09-04-2026
Maharashtra,Nashik,Nasik APMC,Vegetables,Potato,Other,Local,800.00,"1,350.00",900.00,Rs./Quintal,256.00,Metric Tonnes,09-03-2026
Maharashtra,Nashik,Nasik APMC,Vegetables,Potato,Other,Local,650.00,"1,300.00",850.00,Rs./Quintal,261.00,Metric Tonnes,09-02-2026
Maharashtra,Nashik,Nasik APMC,Vegetables,Potato,Other,Local,550.00,"1,500.00","1,000.00",Rs./Quintal,321.00,Metric Tonnes,09-01-2026
Maharashtra,Nashik,Nasik APMC,Vegetables,Potato,Other,Local,700.00,"1,700.00","1,250.00",Rs./Quintal,219.60,Metric Tonnes,08-12-2025
Maharashtra,Nashik,Nasik APMC,Vegetables,Potato,Other,Local,"1,400.00","2,200.00","1,800.00",Rs./Quintal,202.00,Metric Tonnes,08-11-2025
Maharashtra,Nashik,Nasik APMC,Vegetables,Potato,Other,Local,600.00,"1,350.00",850.00,Rs./Quintal,203.50,Metric Tonnes,08-08-2026
Maharashtra,Nashik,Nasik APMC,Vegetables,Potato,Other,Local,600.00,"1,250.00",800.00,Rs./Quintal,97.50,Metric Tonnes,08-07-2026
Maharashtra,Nashik,Nasik APMC,Vegetables,Potato,Other,Local,700.00,"1,350.00","1,050.00",Rs./Quintal,144.50,Metric Tonnes,08-06-2026
Maharashtra,Nashik,Nasik APMC,Vegetables,Potato,Other,Local,700.00,"1,400.00",950.00,Rs./Quintal,131.60,Metric Tonnes,08-05-2026
Maharashtra,Nashik,Nasik APMC,Vegetables,Potato,Other,Local,650.00,"1,300.00",850.00,Rs./Quintal,169.00,Metric Tonnes,08-04-2026
Maharashtra,Nashik,Nasik APMC,Vegetables,Potato,Other,Local,500.00,"1,400.00",950.00,Rs./Quintal,242.00,Metric Tonnes,08-01-2026
Maharashtra,Nashik,Nasik APMC,Vegetables,Potato,Other,Local,"1,300.00","2,050.00","1,750.00",Rs./Quintal,178.50,Metric Tonnes,07-11-2025
Maharashtra,Nashik,Nasik APMC,Vegetables,Potato,Other,Local,650.00,"1,300.00",850.00,Rs./Quintal,213.70,Metric Tonnes,07-08-2026
Maharashtra,Nashik,Nasik APMC,Vegetables,Potato,Other,Local,750.00,"1,300.00",850.00,Rs./Quintal,103.00,Metric Tonnes,07-07-2026
Maharashtra,Nashik,Nasik APMC,Vegetables,Potato,Other,Local,650.00,"1,300.00",850.00,Rs./Quintal,179.50,Metric Tonnes,07-05-2026
Maharashtra,Nashik,Nasik APMC,Vegetables,Potato,Other,Local,600.00,"1,350.00",850.00,Rs./Quintal,169.00,Metric Tonnes,07-04-2026
Maharashtra,Nashik,Nasik APMC,Vegetables,Potato,Other,Local,750.00,"1,400.00",900.00,Rs./Quintal,256.00,Metric Tonnes,07-03-2026
Maharashtra,Nashik,Nasik APMC,Vegetables,Potato,Other,Local,700.00,"1,350.00",900.00,Rs./Quintal,208.00,Metric Tonnes,07-02-2026
Maharashtra,Nashik,Nasik APMC,Vegetables,Potato,Other,Local,500.00,"1,450.00","1,000.00",Rs./Quintal,205.00,Metric Tonnes,07-01-2026
Maharashtra,Nashik,Nasik APMC,Vegetables,Potato,Other,Local,900.00,"1,750.00","1,300.00",Rs./Quintal,163.20,Metric Tonnes,06-12-2025
Maharashtra,Nashik,Nasik APMC,Vegetables,Potato,Other,Local,750.00,"1,350.00",900.00,Rs./Quintal,144.00,Metric Tonnes,06-07-2026
Maharashtra,Nashik,Nasik APMC,Vegetables,Potato,Other,Local,750.00,"1,300.00","1,000.00",Rs./Quintal,218.90,Metric Tonnes,06-06-2026
Maharashtra,Nashik,Nasik APMC,Vegetables,Potato,Other,Local,700.00,"1,350.00",900.00,Rs./Quintal,157.00,Metric Tonnes,06-05-2026
Maharashtra,Nashik,Nasik APMC,Vegetables,Potato,Other,Local,700.00,"1,400.00",900.00,Rs./Quintal,193.00,Metric Tonnes,06-04-2026
Maharashtra,Nashik,Nasik APMC,Vegetables,Potato,Other,Local,600.00,"1,300.00",850.00,Rs./Quintal,196.50,Metric Tonnes,06-02-2026
Maharashtra,Nashik,Nasik APMC,Vegetables,Potato,Other,Local,600.00,"1,550.00","1,050.00",Rs./Quintal,161.00,Metric Tonnes,06-01-2026
Maharashtra,Nashik,Nasik APMC,Vegetables,Potato,Other,Local,850.00,"1,700.00","1,250.00",Rs./Quintal,169.50,Metric Tonnes,05-12-2025
Maharashtra,Nashik,Nasik APMC,Vegetables,Potato,Other,Local,700.00,"1,350.00",900.00,Rs./Quintal,142.50,Metric Tonnes,05-08-2026
Maharashtra,Nashik,Nasik APMC,Vegetables,Potato,Other,Local,800.00,"1,400.00","1,050.00",Rs./Quintal,172.00,Metric Tonnes,05-06-2026
Maharashtra,Nashik,Nasik APMC,Vegetables,Potato,Other,Local,600.00,"1,300.00",800.00,Rs./Quintal,97.50,Metric Tonnes,05-05-2026
Maharashtra,Nashik,Nasik APMC,Vegetables,Potato,Other,Local,700.00,"1,350.00",850.00,Rs./Quintal,136.50,Metric Tonnes,05-03-2026
Maharashtra,Nashik,Nasik APMC,Vegetables,Potato,Other,Local,500.00,"1,250.00",800.00,Rs./Quintal,224.60,Metric Tonnes,05-02-2026
Maharashtra,Nashik,Nasik APMC,Vegetables,Potato,Other,Local,600.00,"1,450.00","1,100.00",Rs./Quintal,218.50,Metric Tonnes,05-01-2026
Maharashtra,Nashik,Nasik APMC,Vegetables,Potato,Other,Local,800.00,"1,650.00","1,200.00",Rs./Quintal,182.00,Metric Tonnes,04-12-2025
Maharashtra,Nashik,Nasik APMC,Vegetables,Potato,Other,Local,600.00,"1,300.00",850.00,Rs./Quintal,146.50,Metric Tonnes,04-08-2026
Maharashtra,Nashik,Nasik APMC,Vegetables,Potato,Other,Local,750.00,"1,350.00",900.00,Rs./Quintal,152.50,Metric Tonnes,04-07-2026
Maharashtra,Nashik,Nasik APMC,Vegetables,Potato,Other,Local,750.00,"1,350.00",900.00,Rs./Quintal,157.50,Metric Tonnes,04-06-2026
Maharashtra,Nashik,Nasik APMC,Vegetables,Potato,Other,Local,600.00,"1,350.00",850.00,Rs./Quintal,158.50,Metric Tonnes,04-05-2026
Maharashtra,Nashik,Nasik APMC,Vegetables,Potato,Other,Local,700.00,"1,300.00",850.00,Rs./Quintal,191.00,Metric Tonnes,04-04-2026
Maharashtra,Nashik,Nasik APMC,Vegetables,Potato,Other,Local,650.00,"1,300.00",850.00,Rs./Quintal,126.10,Metric Tonnes,04-03-2026
Maharashtra,Nashik,Nasik APMC,Vegetables,Potato,Other,Local,600.00,"1,300.00",850.00,Rs./Quintal,235.00,Metric Tonnes,04-02-2026
Maharashtra,Nashik,Nasik APMC,Vegetables,Potato,Other,Local,800.00,"1,500.00","1,200.00",Rs./Quintal,167.60,Metric Tonnes,03-12-2025
Maharashtra,Nashik,Nasik APMC,Vegetables,Potato,Other,Local,650.00,"1,350.00",900.00,Rs./Quintal,210.50,Metric Tonnes,03-08-2026
Maharashtra,Nashik,Nasik APMC,Vegetables,Potato,Other,Local,700.00,"1,300.00",850.00,Rs./Quintal,148.00,Metric Tonnes,03-07-2026
Maharashtra,Nashik,Nasik APMC,Vegetables,Potato,Other,Local,700.00,"1,300.00",950.00,Rs./Quintal,149.50,Metric Tonnes,03-06-2026
Maharashtra,Nashik,Nasik APMC,Vegetables,Potato,Other,Local,550.00,"1,250.00",800.00,Rs./Quintal,156.80,Metric Tonnes,03-04-2026
Maharashtra,Nashik,Nasik APMC,Vegetables,Potato,Other,Local,650.00,"1,250.00",800.00,Rs./Quintal,131.50,Metric Tonnes,03-03-2026
Maharashtra,Nashik,Nasik APMC,Vegetables,Potato,Other,Local,700.00,"1,500.00","1,150.00",Rs./Quintal,263.00,Metric Tonnes,03-01-2026
Maharashtra,Nashik,Nasik APMC,Vegetables,Potato,Other,Local,950.00,"1,750.00","1,300.00",Rs./Quintal,164.70,Metric Tonnes,02-12-2025
Maharashtra,Nashik,Nasik APMC,Vegetables,Potato,Other,Local,600.00,"1,250.00",800.00,Rs./Quintal,123.00,Metric Tonnes,02-07-2026
Maharashtra,Nashik,Nasik APMC,Vegetables,Potato,Other,Local,700.00,"1,350.00","1,000.00",Rs./Quintal,116.50,Metric Tonnes,02-06-2026
Maharashtra,Nashik,Nasik APMC,Vegetables,Potato,Other,Local,700.00,"1,400.00",900.00,Rs./Quintal,199.20,Metric Tonnes,02-05-2026
Maharashtra,Nashik,Nasik APMC,Vegetables,Potato,Other,Local,500.00,"1,250.00",750.00,Rs./Quintal,108.60,Metric Tonnes,02-04-2026
Maharashtra,Nashik,Nasik APMC,Vegetables,Potato,Other,Local,600.00,"1,200.00",800.00,Rs./Quintal,207.00,Metric Tonnes,02-03-2026
Maharashtra,Nashik,Nasik APMC,Vegetables,Potato,Other,Local,800.00,"1,600.00","1,200.00",Rs./Quintal,241.50,Metric Tonnes,02-01-2026
Maharashtra,Nashik,Nasik APMC,Vegetables,Potato,Other,Local,900.00,"1,700.00","1,250.00",Rs./Quintal,181.70,Metric Tonnes,01-12-2025
Maharashtra,Nashik,Nasik APMC,Vegetables,Potato,Other,Local,600.00,"1,300.00",850.00,Rs./Quintal,159.00,Metric Tonnes,01-08-2026
Maharashtra,Nashik,Nasik APMC,Vegetables,Potato,Other,Local,650.00,"1,300.00",800.00,Rs./Quintal,126.40,Metric Tonnes,01-07-2026
Maharashtra,Nashik,Nasik APMC,Vegetables,Potato,Other,Local,750.00,"1,400.00","1,050.00",Rs./Quintal,136.00,Metric Tonnes,01-06-2026
Maharashtra,Nashik,Nasik APMC,Vegetables,Potato,Other,Local,650.00,"1,250.00",700.00,Rs./Quintal,134.60,Metric Tonnes,01-04-2026
Maharashtra,Nashik,Nasik APMC,Vegetables,Potato,Other,Local,600.00,"1,500.00","1,100.00",Rs./Quintal,161.30,Metric Tonnes,01-01-2026
Maharashtra,Pune,Junnar APMC,Vegetables,Potato,Local,Local,"1,000.00","1,500.00","1,200.00",Rs./Quintal,3.60,Metric Tonnes,31-05-2026
Maharashtra,Pune,Junnar APMC,Vegetables,Potato,Local,Local,"1,300.00","1,500.00","1,400.00",Rs./Quintal,10.20,Metric Tonnes,28-12-2025
Maharashtra,Pune,Junnar APMC,Vegetables,Potato,Local,Local,"1,800.00","2,000.00","1,900.00",Rs./Quintal,3.80,Metric Tonnes,27-11-2025
Maharashtra,Pune,Junnar APMC,Vegetables,Potato,Local,Local,600.00,"1,100.00",900.00,Rs./Quintal,32.20,Metric Tonnes,26-02-2026
Maharashtra,Pune,Junnar APMC,Vegetables,Potato,Local,Local,"1,500.00","1,700.00","1,600.00",Rs./Quintal,8.20,Metric Tonnes,25-12-2025
Maharashtra,Pune,Junnar APMC,Vegetables,Potato,Local,Local,"1,000.00","1,500.00","1,300.00",Rs./Quintal,2.50,Metric Tonnes,24-05-2026
Maharashtra,Pune,Junnar APMC,Vegetables,Potato,Local,Local,"1,800.00","2,200.00","2,000.00",Rs./Quintal,10.10,Metric Tonnes,23-11-2025
Maharashtra,Pune,Junnar APMC,Vegetables,Potato,Local,Local,"1,200.00","1,500.00","1,300.00",Rs./Quintal,9.70,Metric Tonnes,23-04-2026
Maharashtra,Pune,Junnar APMC,Vegetables,Potato,Local,Local,600.00,"1,500.00",900.00,Rs./Quintal,28.80,Metric Tonnes,22-03-2026
Maharashtra,Pune,Junnar APMC,Vegetables,Potato,Local,Local,900.00,"1,000.00",950.00,Rs./Quintal,12.90,Metric Tonnes,22-01-2026
Maharashtra,Pune,Junnar APMC,Vegetables,Potato,Local,Local,700.00,"1,300.00","1,000.00",Rs./Quintal,0.70,Metric Tonnes,21-06-2026
Maharashtra,Pune,Junnar APMC,Vegetables,Potato,Local,Local,"1,000.00","1,500.00","1,200.00",Rs./Quintal,2.00,Metric Tonnes,21-05-2026
Maharashtra,Pune,Junnar APMC,Vegetables,Potato,Local,Local,"1,200.00","2,200.00","1,600.00",Rs./Quintal,6.10,Metric Tonnes,20-11-2025
Maharashtra,Pune,Junnar APMC,Vegetables,Potato,Local,Local,500.00,"1,000.00",800.00,Rs./Quintal,9.40,Metric Tonnes,19-04-2026
Maharashtra,Pune,Junnar APMC,Vegetables,Potato,Local,Local,600.00,"1,500.00","1,000.00",Rs./Quintal,10.00,Metric Tonnes,19-03-2026
Maharashtra,Pune,Junnar APMC,Vegetables,Potato,Local,Local,"1,400.00","1,600.00","1,500.00",Rs./Quintal,4.20,Metric Tonnes,18-12-2025
Maharashtra,Pune,Junnar APMC,Vegetables,Potato,Local,Local,"1,000.00","1,100.00","1,050.00",Rs./Quintal,44.30,Metric Tonnes,18-01-2026
Maharashtra,Pune,Junnar APMC,Vegetables,Potato,Local,Local,800.00,"1,500.00","1,100.00",Rs./Quintal,16.40,Metric Tonnes,16-04-2026
Maharashtra,Pune,Junnar APMC,Vegetables,Potato,Local,Local,700.00,"1,000.00",800.00,Rs./Quintal,28.00,Metric Tonnes,15-03-2026
Maharashtra,Pune,Junnar APMC,Vegetables,Potato,Local,Local,700.00,"1,200.00",900.00,Rs./Quintal,8.40,Metric Tonnes,15-01-2026
Maharashtra,Pune,Junnar APMC,Vegetables,Potato,Local,Local,"1,200.00","1,600.00","1,400.00",Rs./Quintal,6.20,Metric Tonnes,14-12-2025
Maharashtra,Pune,Junnar APMC,Vegetables,Potato,Local,Local,500.00,"1,500.00",900.00,Rs./Quintal,24.30,Metric Tonnes,12-04-2026
Maharashtra,Pune,Junnar APMC,Vegetables,Potato,Local,Local,700.00,"1,000.00",800.00,Rs./Quintal,64.90,Metric Tonnes,12-02-2026
Maharashtra,Pune,Junnar APMC,Vegetables,Potato,Local,Local,"1,200.00","1,500.00","1,400.00",Rs./Quintal,30.60,Metric Tonnes,11-12-2025
Maharashtra,Pune,Junnar APMC,Vegetables,Potato,Local,Local,600.00,950.00,800.00,Rs./Quintal,11.40,Metric Tonnes,11-01-2026
Maharashtra,Pune,Junnar APMC,Vegetables,Potato,Local,Local,500.00,"1,000.00",700.00,Rs./Quintal,9.50,Metric Tonnes,09-04-2026
Maharashtra,Pune,Junnar APMC,Vegetables,Potato,Local,Local,700.00,"1,400.00","1,000.00",Rs./Quintal,62.00,Metric Tonnes,08-03-2026
Maharashtra,Pune,Junnar APMC,Vegetables,Potato,Local,Local,700.00,900.00,800.00,Rs./Quintal,51.00,Metric Tonnes,08-01-2026
Maharashtra,Pune,Junnar APMC,Vegetables,Potato,Local,Local,"1,400.00","1,600.00","1,500.00",Rs./Quintal,10.60,Metric Tonnes,07-12-2025
Maharashtra,Pune,Junnar APMC,Vegetables,Potato,Local,Local,700.00,"1,000.00",900.00,Rs./Quintal,37.40,Metric Tonnes,05-03-2026
Maharashtra,Pune,Junnar APMC,Vegetables,Potato,Local,Local,800.00,"1,100.00",900.00,Rs./Quintal,28.40,Metric Tonnes,05-02-2026
Maharashtra,Pune,Junnar APMC,Vegetables,Potato,Local,Local,"1,700.00","1,800.00","1,750.00",Rs./Quintal,18.20,Metric Tonnes,04-12-2025
Maharashtra,Pune,Junnar APMC,Vegetables,Potato,Local,Local,700.00,"1,500.00","1,000.00",Rs./Quintal,7.50,Metric Tonnes,04-06-2026
Maharashtra,Pune,Junnar APMC,Vegetables,Potato,Local,Local,900.00,"1,400.00","1,100.00",Rs./Quintal,31.30,Metric Tonnes,04-01-2026
Maharashtra,Pune,Junnar APMC,Vegetables,Potato,Local,Local,700.00,"1,500.00",900.00,Rs./Quintal,7.40,Metric Tonnes,02-04-2026
Maharashtra,Pune,Junnar APMC,Vegetables,Potato,Local,Local,"1,500.00","2,000.00","1,700.00",Rs./Quintal,9.50,Metric Tonnes,01-01-2026
Maharashtra,Pune,Junnar(Narayangaon) APMC,Vegetables,Potato,Other,Local,300.00,"1,500.00",900.00,Rs./Quintal,12.00,Metric Tonnes,31-12-2025
Maharashtra,Pune,Junnar(Narayangaon) APMC,Vegetables,Potato,Other,Local,"1,200.00","1,400.00","1,300.00",Rs./Quintal,6.00,Metric Tonnes,31-07-2026
Maharashtra,Pune,Junnar(Narayangaon) APMC,Vegetables,Potato,Other,Local,300.00,"1,500.00",900.00,Rs./Quintal,6.20,Metric Tonnes,31-01-2026
Maharashtra,Pune,Junnar(Narayangaon) APMC,Vegetables,Potato,Other,Local,300.00,"2,000.00","1,200.00",Rs./Quintal,6.20,Metric Tonnes,30-11-2025
Maharashtra,Pune,Junnar(Narayangaon) APMC,Vegetables,Potato,Other,Local,400.00,"1,400.00",800.00,Rs./Quintal,2.00,Metric Tonnes,30-05-2026
Maharashtra,Pune,Junnar(Narayangaon) APMC,Vegetables,Potato,Other,Local,200.00,"1,300.00",750.00,Rs./Quintal,3.00,Metric Tonnes,30-04-2026
Maharashtra,Pune,Junnar(Narayangaon) APMC,Vegetables,Potato,Other,Local,200.00,"1,200.00",650.00,Rs./Quintal,9.50,Metric Tonnes,30-01-2026
Maharashtra,Pune,Junnar(Narayangaon) APMC,Vegetables,Potato,Other,Local,400.00,"2,160.00","1,500.00",Rs./Quintal,6.60,Metric Tonnes,29-11-2025
Maharashtra,Pune,Junnar(Narayangaon) APMC,Vegetables,Potato,Other,Local,400.00,"1,400.00",800.00,Rs./Quintal,4.20,Metric Tonnes,29-07-2026
Maharashtra,Pune,Junnar(Narayangaon) APMC,Vegetables,Potato,Other,Local,500.00,"1,500.00","1,000.00",Rs./Quintal,3.40,Metric Tonnes,29-06-2026
Maharashtra,Pune,Junnar(Narayangaon) APMC,Vegetables,Potato,Other,Local,"1,300.00","1,400.00","1,350.00",Rs./Quintal,1.40,Metric Tonnes,29-05-2026
Maharashtra,Pune,Junnar(Narayangaon) APMC,Vegetables,Potato,Other,Local,200.00,"1,200.00",700.00,Rs./Quintal,4.20,Metric Tonnes,29-04-2026
Maharashtra,Pune,Junnar(Narayangaon) APMC,Vegetables,Potato,Other,Local,200.00,"1,400.00",750.00,Rs./Quintal,7.00,Metric Tonnes,29-03-2026
Maharashtra,Pune,Junnar(Narayangaon) APMC,Vegetables,Potato,Other,Local,400.00,"2,100.00","1,300.00",Rs./Quintal,4.00,Metric Tonnes,28-11-2025
Maharashtra,Pune,Junnar(Narayangaon) APMC,Vegetables,Potato,Other,Local,"1,400.00","1,500.00","1,450.00",Rs./Quintal,1.40,Metric Tonnes,28-06-2026
Maharashtra,Pune,Junnar(Narayangaon) APMC,Vegetables,Potato,Other,Local,200.00,"1,400.00",800.00,Rs./Quintal,16.80,Metric Tonnes,28-03-2026
Maharashtra,Pune,Junnar(Narayangaon) APMC,Vegetables,Potato,Other,Local,200.00,"1,500.00",850.00,Rs./Quintal,12.00,Metric Tonnes,27-12-2025
Maharashtra,Pune,Junnar(Narayangaon) APMC,Vegetables,Potato,Other,Local,400.00,"2,000.00","1,100.00",Rs./Quintal,4.00,Metric Tonnes,27-11-2025
Maharashtra,Pune,Junnar(Narayangaon) APMC,Vegetables,Potato,Other,Local,200.00,"1,500.00",850.00,Rs./Quintal,11.00,Metric Tonnes,27-03-2026
Maharashtra,Pune,Junnar(Narayangaon) APMC,Vegetables,Potato,Other,Local,200.00,"1,300.00",750.00,Rs./Quintal,13.00,Metric Tonnes,27-02-2026
Maharashtra,Pune,Junnar(Narayangaon) APMC,Vegetables,Potato,Other,Local,500.00,"1,600.00","1,100.00",Rs./Quintal,8.00,Metric Tonnes,26-12-2025
Maharashtra,Pune,Junnar(Narayangaon) APMC,Vegetables,Potato,Other,Local,"1,300.00","1,500.00","1,400.00",Rs./Quintal,16.80,Metric Tonnes,26-06-2026
Maharashtra,Pune,Junnar(Narayangaon) APMC,Vegetables,Potato,Other,Local,700.00,"1,300.00","1,000.00",Rs./Quintal,2.00,Metric Tonnes,26-04-2026
Maharashtra,Pune,Junnar(Narayangaon) APMC,Vegetables,Potato,Other,Local,200.00,"1,300.00",700.00,Rs./Quintal,11.20,Metric Tonnes,26-02-2026
Maharashtra,Pune,Junnar(Narayangaon) APMC,Vegetables,Potato,Other,Local,500.00,"1,200.00",800.00,Rs./Quintal,6.40,Metric Tonnes,26-01-2026
Maharashtra,Pune,Junnar(Narayangaon) APMC,Vegetables,Potato,Other,Local,"1,400.00","1,500.00","1,450.00",Rs./Quintal,1.00,Metric Tonnes,25-06-2026
Maharashtra,Pune,Junnar(Narayangaon) APMC,Vegetables,Potato,Other,Local,500.00,"1,300.00",900.00,Rs./Quintal,7.50,Metric Tonnes,25-04-2026
Maharashtra,Pune,Junnar(Narayangaon) APMC,Vegetables,Potato,Other,Local,200.00,"1,400.00",750.00,Rs./Quintal,22.80,Metric Tonnes,25-02-2026
Maharashtra,Pune,Junnar(Narayangaon) APMC,Vegetables,Potato,Other,Local,400.00,"1,600.00","1,100.00",Rs./Quintal,4.80,Metric Tonnes,24-12-2025
Maharashtra,Pune,Junnar(Narayangaon) APMC,Vegetables,Potato,Other,Local,400.00,"2,100.00","1,300.00",Rs./Quintal,8.20,Metric Tonnes,24-11-2025
Maharashtra,Pune,Junnar(Narayangaon) APMC,Vegetables,Potato,Other,Local,"1,000.00","1,500.00","1,250.00",Rs./Quintal,1.80,Metric Tonnes,24-05-2026
Maharashtra,Pune,Junnar(Narayangaon) APMC,Vegetables,Potato,Other,Local,"1,000.00","1,200.00","1,100.00",Rs./Quintal,1.00,Metric Tonnes,24-04-2026
Maharashtra,Pune,Junnar(Narayangaon) APMC,Vegetables,Potato,Other,Local,300.00,"1,100.00",700.00,Rs./Quintal,8.40,Metric Tonnes,24-01-2026
Maharashtra,Pune,Junnar(Narayangaon) APMC,Vegetables,Potato,Other,Local,300.00,"2,000.00","1,300.00",Rs./Quintal,7.50,Metric Tonnes,23-11-2025
Maharashtra,Pune,Junnar(Narayangaon) APMC,Vegetables,Potato,Other,Local,"1,400.00","1,600.00","1,500.00",Rs./Quintal,1.20,Metric Tonnes,23-07-2026
Maharashtra,Pune,Junnar(Narayangaon) APMC,Vegetables,Potato,Other,Local,800.00,"1,400.00","1,100.00",Rs./Quintal,1.60,Metric Tonnes,23-05-2026
Maharashtra,Pune,Junnar(Narayangaon) APMC,Vegetables,Potato,Other,Local,500.00,"1,400.00",950.00,Rs./Quintal,3.20,Metric Tonnes,23-04-2026
Maharashtra,Pune,Junnar(Narayangaon) APMC,Vegetables,Potato,Other,Local,200.00,"1,500.00",850.00,Rs./Quintal,14.40,Metric Tonnes,23-02-2026
Maharashtra,Pune,Junnar(Narayangaon) APMC,Vegetables,Potato,Other,Local,400.00,"1,200.00",800.00,Rs./Quintal,6.60,Metric Tonnes,23-01-2026
Maharashtra,Pune,Junnar(Narayangaon) APMC,Vegetables,Potato,Other,Local,300.00,"1,800.00",900.00,Rs./Quintal,5.50,Metric Tonnes,22-12-2025
Maharashtra,Pune,Junnar(Narayangaon) APMC,Vegetables,Potato,Other,Local,400.00,"2,000.00","1,300.00",Rs./Quintal,8.80,Metric Tonnes,22-11-2025
Maharashtra,Pune,Junnar(Narayangaon) APMC,Vegetables,Potato,Other,Local,400.00,"1,600.00","1,100.00",Rs./Quintal,1.20,Metric Tonnes,22-07-2026
Maharashtra,Pune,Junnar(Narayangaon) APMC,Vegetables,Potato,Other,Local,300.00,"1,300.00",750.00,Rs./Quintal,7.80,Metric Tonnes,22-05-2026
Maharashtra,Pune,Junnar(Narayangaon) APMC,Vegetables,Potato,Other,Local,300.00,"1,300.00",800.00,Rs./Quintal,4.80,Metric Tonnes,22-04-2026
Maharashtra,Pune,Junnar(Narayangaon) APMC,Vegetables,Potato,Other,Local,200.00,"1,300.00",750.00,Rs./Quintal,7.00,Metric Tonnes,22-03-2026
Maharashtra,Pune,Junnar(Narayangaon) APMC,Vegetables,Potato,Other,Local,400.00,"1,100.00",700.00,Rs./Quintal,4.20,Metric Tonnes,22-01-2026
Maharashtra,Pune,Junnar(Narayangaon) APMC,Vegetables,Potato,Other,Local,500.00,"2,400.00","1,800.00",Rs./Quintal,5.80,Metric Tonnes,21-11-2025
Maharashtra,Pune,Junnar(Narayangaon) APMC,Vegetables,Potato,Other,Local,300.00,"1,400.00",850.00,Rs./Quintal,2.00,Metric Tonnes,21-05-2026
Maharashtra,Pune,Junnar(Narayangaon) APMC,Vegetables,Potato,Other,Local,200.00,"1,300.00",700.00,Rs./Quintal,8.60,Metric Tonnes,21-03-2026
Maharashtra,Pune,Junnar(Narayangaon) APMC,Vegetables,Potato,Other,Local,300.00,"1,200.00",750.00,Rs./Quintal,13.00,Metric Tonnes,21-01-2026
Maharashtra,Pune,Junnar(Narayangaon) APMC,Vegetables,Potato,Other,Local,200.00,"1,900.00","1,100.00",Rs./Quintal,7.20,Metric Tonnes,20-12-2025
Maharashtra,Pune,Junnar(Narayangaon) APMC,Vegetables,Potato,Other,Local,800.00,"2,400.00","1,600.00",Rs./Quintal,4.40,Metric Tonnes,20-11-2025
Maharashtra,Pune,Junnar(Narayangaon) APMC,Vegetables,Potato,Other,Local,"1,400.00","1,500.00","1,450.00",Rs./Quintal,11.20,Metric Tonnes,20-07-2026
Maharashtra,Pune,Junnar(Narayangaon) APMC,Vegetables,Potato,Other,Local,200.00,"1,500.00",850.00,Rs./Quintal,2.00,Metric Tonnes,20-06-2026
Maharashtra,Pune,Junnar(Narayangaon) APMC,Vegetables,Potato,Other,Local,200.00,"1,500.00",800.00,Rs./Quintal,9.00,Metric Tonnes,20-04-2026
Maharashtra,Pune,Junnar(Narayangaon) APMC,Vegetables,Potato,Other,Local,200.00,"1,400.00",800.00,Rs./Quintal,14.50,Metric Tonnes,20-03-2026
Maharashtra,Pune,Junnar(Narayangaon) APMC,Vegetables,Potato,Other,Local,200.00,"1,300.00",700.00,Rs./Quintal,23.10,Metric Tonnes,20-02-2026
Maharashtra,Pune,Junnar(Narayangaon) APMC,Vegetables,Potato,Other,Local,400.00,"1,900.00","1,100.00",Rs./Quintal,3.20,Metric Tonnes,19-12-2025
Maharashtra,Pune,Junnar(Narayangaon) APMC,Vegetables,Potato,Other,Local,500.00,"1,500.00","1,000.00",Rs./Quintal,1.80,Metric Tonnes,19-06-2026
Maharashtra,Pune,Junnar(Narayangaon) APMC,Vegetables,Potato,Other,Local,300.00,"1,500.00",800.00,Rs./Quintal,8.80,Metric Tonnes,19-04-2026
Maharashtra,Pune,Junnar(Narayangaon) APMC,Vegetables,Potato,Other,Local,200.00,"1,400.00",750.00,Rs./Quintal,14.40,Metric Tonnes,19-02-2026
Maharashtra,Pune,Junnar(Narayangaon) APMC,Vegetables,Potato,Other,Local,300.00,"1,300.00",750.00,Rs./Quintal,20.50,Metric Tonnes,19-01-2026
Maharashtra,Pune,Junnar(Narayangaon) APMC,Vegetables,Potato,Other,Local,400.00,"1,900.00","1,100.00",Rs./Quintal,2.20,Metric Tonnes,18-12-2025
Maharashtra,Pune,Junnar(Narayangaon) APMC,Vegetables,Potato,Other,Local,"1,400.00","1,500.00","1,450.00",Rs./Quintal,0.50,Metric Tonnes,18-07-2026
Maharashtra,Pune,Junnar(Narayangaon) APMC,Vegetables,Potato,Other,Local,"1,200.00","1,400.00","1,300.00",Rs./Quintal,1.00,Metric Tonnes,18-06-2026
Maharashtra,Pune,Junnar(Narayangaon) APMC,Vegetables,Potato,Other,Local,"1,000.00","1,300.00","1,300.00",Rs./Quintal,0.80,Metric Tonnes,18-05-2026
Maharashtra,Pune,Junnar(Narayangaon) APMC,Vegetables,Potato,Other,Local,200.00,"1,100.00",600.00,Rs./Quintal,5.60,Metric Tonnes,18-04-2026
Maharashtra,Pune,Junnar(Narayangaon) APMC,Vegetables,Potato,Other,Local,200.00,"1,300.00",700.00,Rs./Quintal,16.60,Metric Tonnes,18-03-2026
Maharashtra,Pune,Junnar(Narayangaon) APMC,Vegetables,Potato,Other,Local,300.00,"1,400.00",800.00,Rs./Quintal,15.50,Metric Tonnes,18-02-2026
Maharashtra,Pune,Junnar(Narayangaon) APMC,Vegetables,Potato,Other,Local,400.00,"1,900.00","1,100.00",Rs./Quintal,2.80,Metric Tonnes,17-12-2025
Maharashtra,Pune,Junnar(Narayangaon) APMC,Vegetables,Potato,Other,Local,500.00,"2,400.00","1,600.00",Rs./Quintal,13.00,Metric Tonnes,17-11-2025
Maharashtra,Pune,Junnar(Narayangaon) APMC,Vegetables,Potato,Other,Local,300.00,"1,200.00",700.00,Rs./Quintal,0.50,Metric Tonnes,17-08-2026
Maharashtra,Pune,Junnar(Narayangaon) APMC,Vegetables,Potato,Other,Local,"1,400.00","1,500.00","1,450.00",Rs./Quintal,0.80,Metric Tonnes,17-07-2026
Maharashtra,Pune,Junnar(Narayangaon) APMC,Vegetables,Potato,Other,Local,"1,300.00","1,400.00","1,350.00",Rs./Quintal,1.20,Metric Tonnes,17-05-2026
Maharashtra,Pune,Junnar(Narayangaon) APMC,Vegetables,Potato,Other,Local,200.00,"1,200.00",700.00,Rs./Quintal,14.00,Metric Tonnes,17-01-2026
Maharashtra,Pune,Junnar(Narayangaon) APMC,Vegetables,Potato,Other,Local,500.00,"2,400.00","1,600.00",Rs./Quintal,4.20,Metric Tonnes,16-11-2025
Maharashtra,Pune,Junnar(Narayangaon) APMC,Vegetables,Potato,Other,Local,"1,400.00","1,600.00","1,500.00",Rs./Quintal,0.30,Metric Tonnes,16-08-2026
Maharashtra,Pune,Junnar(Narayangaon) APMC,Vegetables,Potato,Other,Local,200.00,"1,000.00",550.00,Rs./Quintal,8.80,Metric Tonnes,16-04-2026
Maharashtra,Pune,Junnar(Narayangaon) APMC,Vegetables,Potato,Other,Local,200.00,"1,300.00",750.00,Rs./Quintal,10.80,Metric Tonnes,16-03-2026
Maharashtra,Pune,Junnar(Narayangaon) APMC,Vegetables,Potato,Other,Local,200.00,"1,300.00",700.00,Rs./Quintal,10.80,Metric Tonnes,16-02-2026
Maharashtra,Pune,Junnar(Narayangaon) APMC,Vegetables,Potato,Other,Local,300.00,"1,200.00",700.00,Rs./Quintal,12.60,Metric Tonnes,16-01-2026
Maharashtra,Pune,Junnar(Narayangaon) APMC,Vegetables,Potato,Other,Local,600.00,"2,550.00","1,800.00",Rs./Quintal,4.80,Metric Tonnes,15-11-2025
Maharashtra,Pune,Junnar(Narayangaon) APMC,Vegetables,Potato,Other,Local,400.00,"1,700.00",950.00,Rs./Quintal,1.40,Metric Tonnes,15-06-2026
Maharashtra,Pune,Junnar(Narayangaon) APMC,Vegetables,Potato,Other,Local,800.00,"1,600.00","1,200.00",Rs./Quintal,0.80,Metric Tonnes,15-05-2026
Maharashtra,Pune,Junnar(Narayangaon) APMC,Vegetables,Potato,Other,Local,200.00,"1,000.00",550.00,Rs./Quintal,7.40,Metric Tonnes,15-04-2026
Maharashtra,Pune,Junnar(Narayangaon) APMC,Vegetables,Potato,Other,Local,200.00,"1,400.00",800.00,Rs./Quintal,5.50,Metric Tonnes,15-03-2026
Maharashtra,Pune,Junnar(Narayangaon) APMC,Vegetables,Potato,Other,Local,300.00,"1,200.00",700.00,Rs./Quintal,9.00,Metric Tonnes,15-01-2026
Maharashtra,Pune,Junnar(Narayangaon) APMC,Vegetables,Potato,Other,Local,500.00,"2,300.00","1,600.00",Rs./Quintal,6.20,Metric Tonnes,14-11-2025
Maharashtra,Pune,Junnar(Narayangaon) APMC,Vegetables,Potato,Other,Local,"1,100.00","1,400.00","1,250.00",Rs./Quintal,1.80,Metric Tonnes,14-06-2026
Maharashtra,Pune,Junnar(Narayangaon) APMC,Vegetables,Potato,Other,Local,200.00,"1,500.00",800.00,Rs./Quintal,13.20,Metric Tonnes,14-03-2026
Maharashtra,Pune,Junnar(Narayangaon) APMC,Vegetables,Potato,Other,Local,300.00,"2,000.00","1,200.00",Rs./Quintal,5.20,Metric Tonnes,14-01-2026
Maharashtra,Pune,Junnar(Narayangaon) APMC,Vegetables,Potato,Other,Local,300.00,"1,600.00",900.00,Rs./Quintal,1.60,Metric Tonnes,13-12-2025
Maharashtra,Pune,Junnar(Narayangaon) APMC,Vegetables,Potato,Other,Local,500.00,"2,300.00","1,500.00",Rs./Quintal,3.40,Metric Tonnes,13-11-2025
Maharashtra,Pune,Junnar(Narayangaon) APMC,Vegetables,Potato,Other,Local,"1,400.00","1,500.00","1,450.00",Rs./Quintal,0.60,Metric Tonnes,13-08-2026
Maharashtra,Pune,Junnar(Narayangaon) APMC,Vegetables,Potato,Other,Local,"1,000.00","1,200.00","1,100.00",Rs./Quintal,8.00,Metric Tonnes,13-07-2026
Maharashtra,Pune,Junnar(Narayangaon) APMC,Vegetables,Potato,Other,Local,"1,300.00","1,500.00","1,400.00",Rs./Quintal,2.20,Metric Tonnes,13-06-2026
Maharashtra,Pune,Junnar(Narayangaon) APMC,Vegetables,Potato,Other,Local,500.00,"1,400.00",950.00,Rs./Quintal,1.50,Metric Tonnes,13-05-2026
Maharashtra,Pune,Junnar(Narayangaon) APMC,Vegetables,Potato,Other,Local,200.00,"1,300.00",750.00,Rs./Quintal,8.80,Metric Tonnes,13-04-2026
Maharashtra,Pune,Junnar(Narayangaon) APMC,Vegetables,Potato,Other,Local,200.00,"1,300.00",750.00,Rs./Quintal,13.40,Metric Tonnes,13-02-2026
Maharashtra,Pune,Junnar(Narayangaon) APMC,Vegetables,Potato,Other,Local,600.00,"1,700.00","1,200.00",Rs./Quintal,2.20,Metric Tonnes,12-12-2025
Maharashtra,Pune,Junnar(Narayangaon) APMC,Vegetables,Potato,Other,Local,"1,300.00","1,600.00","1,500.00",Rs./Quintal,0.60,Metric Tonnes,12-07-2026
Maharashtra,Pune,Junnar(Narayangaon) APMC,Vegetables,Potato,Other,Local,300.00,"1,400.00",850.00,Rs./Quintal,10.00,Metric Tonnes,12-04-2026
Maharashtra,Pune,Junnar(Narayangaon) APMC,Vegetables,Potato,Other,Local,200.00,"1,600.00",850.00,Rs./Quintal,12.80,Metric Tonnes,12-03-2026
Maharashtra,Pune,Junnar(Narayangaon) APMC,Vegetables,Potato,Other,Local,300.00,"1,500.00",850.00,Rs./Quintal,10.00,Metric Tonnes,12-02-2026
Maharashtra,Pune,Junnar(Narayangaon) APMC,Vegetables,Potato,Other,Local,200.00,"1,200.00",700.00,Rs./Quintal,4.80,Metric Tonnes,12-01-2026
Maharashtra,Pune,Junnar(Narayangaon) APMC,Vegetables,Potato,Other,Local,400.00,"1,900.00","1,100.00",Rs./Quintal,3.50,Metric Tonnes,11-12-2025
Maharashtra,Pune,Junnar(Narayangaon) APMC,Vegetables,Potato,Other,Local,300.00,"1,400.00",800.00,Rs./Quintal,1.80,Metric Tonnes,11-05-2026
Maharashtra,Pune,Junnar(Narayangaon) APMC,Vegetables,Potato,Other,Local,200.00,"1,000.00",600.00,Rs./Quintal,3.80,Metric Tonnes,11-04-2026
Maharashtra,Pune,Junnar(Narayangaon) APMC,Vegetables,Potato,Other,Local,400.00,"2,210.00","1,500.00",Rs./Quintal,6.50,Metric Tonnes,10-11-2025
Maharashtra,Pune,Junnar(Narayangaon) APMC,Vegetables,Potato,Other,Local,500.00,"1,500.00","1,100.00",Rs./Quintal,1.00,Metric Tonnes,10-07-2026
Maharashtra,Pune,Junnar(Narayangaon) APMC,Vegetables,Potato,Other,Local,200.00,"1,250.00",650.00,Rs./Quintal,2.50,Metric Tonnes,10-04-2026
Maharashtra,Pune,Junnar(Narayangaon) APMC,Vegetables,Potato,Other,Local,300.00,"1,300.00",800.00,Rs./Quintal,6.00,Metric Tonnes,10-01-2026
Maharashtra,Pune,Junnar(Narayangaon) APMC,Vegetables,Potato,Other,Local,400.00,"2,300.00","1,600.00",Rs./Quintal,12.80,Metric Tonnes,09-11-2025
Maharashtra,Pune,Junnar(Narayangaon) APMC,Vegetables,Potato,Other,Local,"1,400.00","1,500.00","1,450.00",Rs./Quintal,9.40,Metric Tonnes,09-07-2026
Maharashtra,Pune,Junnar(Narayangaon) APMC,Vegetables,Potato,Other,Local,500.00,"1,400.00",950.00,Rs./Quintal,8.50,Metric Tonnes,09-05-2026
Maharashtra,Pune,Junnar(Narayangaon) APMC,Vegetables,Potato,Other,Local,200.00,"1,300.00",700.00,Rs./Quintal,8.00,Metric Tonnes,09-04-2026
Maharashtra,Pune,Junnar(Narayangaon) APMC,Vegetables,Potato,Other,Local,200.00,"1,500.00",850.00,Rs./Quintal,15.60,Metric Tonnes,09-03-2026
Maharashtra,Pune,Junnar(Narayangaon) APMC,Vegetables,Potato,Other,Local,200.00,"1,250.00",800.00,Rs./Quintal,11.50,Metric Tonnes,09-02-2026
Maharashtra,Pune,Junnar(Narayangaon) APMC,Vegetables,Potato,Other,Local,300.00,"1,100.00",700.00,Rs./Quintal,3.80,Metric Tonnes,09-01-2026
Maharashtra,Pune,Junnar(Narayangaon) APMC,Vegetables,Potato,Other,Local,400.00,"2,200.00","1,300.00",Rs./Quintal,1.20,Metric Tonnes,08-12-2025
Maharashtra,Pune,Junnar(Narayangaon) APMC,Vegetables,Potato,Other,Local,400.00,"2,300.00","1,500.00",Rs./Quintal,10.00,Metric Tonnes,08-11-2025
Maharashtra,Pune,Junnar(Narayangaon) APMC,Vegetables,Potato,Other,Local,400.00,"1,500.00",950.00,Rs./Quintal,1.80,Metric Tonnes,08-07-2026
Maharashtra,Pune,Junnar(Narayangaon) APMC,Vegetables,Potato,Other,Local,300.00,"1,400.00",800.00,Rs./Quintal,1.20,Metric Tonnes,08-06-2026
Maharashtra,Pune,Junnar(Narayangaon) APMC,Vegetables,Potato,Other,Local,"1,300.00","1,400.00","1,350.00",Rs./Quintal,1.00,Metric Tonnes,08-05-2026
Maharashtra,Pune,Junnar(Narayangaon) APMC,Vegetables,Potato,Other,Local,200.00,"1,500.00",800.00,Rs./Quintal,10.60,Metric Tonnes,08-04-2026
Maharashtra,Pune,Junnar(Narayangaon) APMC,Vegetables,Potato,Other,Local,200.00,"1,500.00",800.00,Rs./Quintal,17.50,Metric Tonnes,08-03-2026
Maharashtra,Pune,Junnar(Narayangaon) APMC,Vegetables,Potato,Other,Local,300.00,"1,200.00",750.00,Rs./Quintal,3.40,Metric Tonnes,08-02-2026
Maharashtra,Pune,Junnar(Narayangaon) APMC,Vegetables,Potato,Other,Local,200.00,"1,300.00",700.00,Rs./Quintal,14.20,Metric Tonnes,08-01-2026
Maharashtra,Pune,Junnar(Narayangaon) APMC,Vegetables,Potato,Other,Local,300.00,"2,000.00","1,300.00",Rs./Quintal,1.20,Metric Tonnes,07-12-2025
Maharashtra,Pune,Junnar(Narayangaon) APMC,Vegetables,Potato,Other,Local,400.00,"2,000.00","1,500.00",Rs./Quintal,3.40,Metric Tonnes,07-11-2025
Maharashtra,Pune,Junnar(Narayangaon) APMC,Vegetables,Potato,Other,Local,"1,200.00","1,400.00","1,300.00",Rs./Quintal,7.60,Metric Tonnes,07-08-2026
Maharashtra,Pune,Junnar(Narayangaon) APMC,Vegetables,Potato,Other,Local,"1,300.00","1,500.00","1,400.00",Rs./Quintal,1.20,Metric Tonnes,07-06-2026
Maharashtra,Pune,Junnar(Narayangaon) APMC,Vegetables,Potato,Other,Local,700.00,"1,400.00","1,000.00",Rs./Quintal,1.60,Metric Tonnes,07-05-2026
Maharashtra,Pune,Junnar(Narayangaon) APMC,Vegetables,Potato,Other,Local,300.00,"1,500.00",800.00,Rs./Quintal,27.60,Metric Tonnes,07-03-2026
Maharashtra,Pune,Junnar(Narayangaon) APMC,Vegetables,Potato,Other,Local,200.00,"1,300.00",800.00,Rs./Quintal,17.40,Metric Tonnes,07-01-2026
Maharashtra,Pune,Junnar(Narayangaon) APMC,Vegetables,Potato,Other,Local,600.00,"1,900.00","1,300.00",Rs./Quintal,1.80,Metric Tonnes,06-12-2025
Maharashtra,Pune,Junnar(Narayangaon) APMC,Vegetables,Potato,Other,Local,"1,200.00","1,500.00","1,350.00",Rs./Quintal,9.00,Metric Tonnes,06-08-2026
Maharashtra,Pune,Junnar(Narayangaon) APMC,Vegetables,Potato,Other,Local,"1,300.00","1,500.00","1,400.00",Rs./Quintal,1.80,Metric Tonnes,06-07-2026
Maharashtra,Pune,Junnar(Narayangaon) APMC,Vegetables,Potato,Other,Local,600.00,"1,500.00","1,000.00",Rs./Quintal,1.80,Metric Tonnes,06-06-2026
Maharashtra,Pune,Junnar(Narayangaon) APMC,Vegetables,Potato,Other,Local,200.00,"1,400.00",800.00,Rs./Quintal,2.80,Metric Tonnes,06-05-2026
Maharashtra,Pune,Junnar(Narayangaon) APMC,Vegetables,Potato,Other,Local,200.00,"1,500.00",800.00,Rs./Quintal,16.60,Metric Tonnes,06-03-2026
Maharashtra,Pune,Junnar(Narayangaon) APMC,Vegetables,Potato,Other,Local,200.00,"1,200.00",700.00,Rs./Quintal,12.50,Metric Tonnes,06-02-2026
Maharashtra,Pune,Junnar(Narayangaon) APMC,Vegetables,Potato,Other,Local,400.00,"1,700.00","1,000.00",Rs./Quintal,1.80,Metric Tonnes,05-12-2025
Maharashtra,Pune,Junnar(Narayangaon) APMC,Vegetables,Potato,Other,Local,"1,300.00","1,500.00","1,400.00",Rs./Quintal,0.80,Metric Tonnes,05-07-2026
Maharashtra,Pune,Junnar(Narayangaon) APMC,Vegetables,Potato,Other,Local,"1,300.00","1,500.00","1,400.00",Rs./Quintal,2.00,Metric Tonnes,05-06-2026
Maharashtra,Pune,Junnar(Narayangaon) APMC,Vegetables,Potato,Other,Local,200.00,"1,000.00",600.00,Rs./Quintal,4.80,Metric Tonnes,05-04-2026
Maharashtra,Pune,Junnar(Narayangaon) APMC,Vegetables,Potato,Other,Local,200.00,"1,500.00",850.00,Rs./Quintal,12.40,Metric Tonnes,05-03-2026
Maharashtra,Pune,Junnar(Narayangaon) APMC,Vegetables,Potato,Other,Local,200.00,"1,200.00",650.00,Rs./Quintal,9.80,Metric Tonnes,05-02-2026
Maharashtra,Pune,Junnar(Narayangaon) APMC,Vegetables,Potato,Other,Local,500.00,"1,500.00","1,000.00",Rs./Quintal,6.50,Metric Tonnes,05-01-2026
Maharashtra,Pune,Junnar(Narayangaon) APMC,Vegetables,Potato,Other,Local,400.00,"2,000.00","1,300.00",Rs./Quintal,6.20,Metric Tonnes,04-12-2025
Maharashtra,Pune,Junnar(Narayangaon) APMC,Vegetables,Potato,Other,Local,"1,200.00","1,600.00","1,400.00",Rs./Quintal,7.40,Metric Tonnes,04-06-2026
Maharashtra,Pune,Junnar(Narayangaon) APMC,Vegetables,Potato,Other,Local,200.00,"1,500.00",800.00,Rs./Quintal,14.40,Metric Tonnes,04-04-2026
Maharashtra,Pune,Junnar(Narayangaon) APMC,Vegetables,Potato,Other,Local,"1,100.00","1,300.00","1,200.00",Rs./Quintal,7.50,Metric Tonnes,03-07-2026
Maharashtra,Pune,Junnar(Narayangaon) APMC,Vegetables,Potato,Other,Local,500.00,"1,300.00",900.00,Rs./Quintal,2.00,Metric Tonnes,03-05-2026
Maharashtra,Pune,Junnar(Narayangaon) APMC,Vegetables,Potato,Other,Local,200.00,"1,300.00",750.00,Rs./Quintal,4.00,Metric Tonnes,02-05-2026
Maharashtra,Pune,Junnar(Narayangaon) APMC,Vegetables,Potato,Other,Local,400.00,"1,300.00",850.00,Rs./Quintal,3.80,Metric Tonnes,02-02-2026
Maharashtra,Pune,Junnar(Narayangaon) APMC,Vegetables,Potato,Other,Local,200.00,"1,500.00",900.00,Rs./Quintal,6.00,Metric Tonnes,02-01-2026
Maharashtra,Pune,Junnar(Narayangaon) APMC,Vegetables,Potato,Other,Local,400.00,"2,200.00","1,300.00",Rs./Quintal,4.50,Metric Tonnes,01-12-2025
Maharashtra,Pune,Junnar(Narayangaon) APMC,Vegetables,Potato,Other,Local,400.00,"1,600.00","1,000.00",Rs./Quintal,1.50,Metric Tonnes,01-07-2026
Maharashtra,Pune,Junnar(Narayangaon) APMC,Vegetables,Potato,Other,Local,"1,300.00","1,450.00","1,400.00",Rs./Quintal,1.50,Metric Tonnes,01-06-2026
Maharashtra,Pune,Junnar(Narayangaon) APMC,Vegetables,Potato,Other,Local,500.00,"1,300.00",900.00,Rs./Quintal,2.40,Metric Tonnes,01-05-2026
Maharashtra,Pune,Junnar(Narayangaon) APMC,Vegetables,Potato,Other,Local,200.00,"1,500.00",850.00,Rs./Quintal,20.20,Metric Tonnes,01-04-2026
Maharashtra,Pune,Junnar(Narayangaon) APMC,Vegetables,Potato,Other,Local,200.00,"1,500.00",850.00,Rs./Quintal,11.00,Metric Tonnes,01-03-2026
Maharashtra,Pune,Junnar(Narayangaon) APMC,Vegetables,Potato,Other,Local,400.00,"1,300.00",850.00,Rs./Quintal,6.00,Metric Tonnes,01-02-2026
Maharashtra,Pune,Junnar(Narayangaon) APMC,Vegetables,Potato,Other,Local,300.00,"1,500.00",900.00,Rs./Quintal,19.20,Metric Tonnes,01-01-2026
Maharashtra,Pune,Junnar(Otur) APMC,Vegetables,Potato,Local,Local,500.00,"1,500.00","1,000.00",Rs./Quintal,3.70,Metric Tonnes,31-05-2026
Maharashtra,Pune,Junnar(Otur) APMC,Vegetables,Potato,Local,Local,500.00,"1,500.00","1,200.00",Rs./Quintal,10.70,Metric Tonnes,30-04-2026
Maharashtra,Pune,Junnar(Otur) APMC,Vegetables,Potato,Local,Local,500.00,"1,200.00",800.00,Rs./Quintal,6.80,Metric Tonnes,30-01-2026
Maharashtra,Pune,Junnar(Otur) APMC,Vegetables,Potato,Local,Local,500.00,"1,000.00",800.00,Rs./Quintal,1.40,Metric Tonnes,29-12-2025
Maharashtra,Pune,Junnar(Otur) APMC,Vegetables,Potato,Local,Local,500.00,"1,400.00","1,100.00",Rs./Quintal,4.00,Metric Tonnes,28-12-2025
Maharashtra,Pune,Junnar(Otur) APMC,Vegetables,Potato,Local,Local,800.00,"2,220.00","1,800.00",Rs./Quintal,4.60,Metric Tonnes,27-11-2025
Maharashtra,Pune,Junnar(Otur) APMC,Vegetables,Potato,Local,Local,300.00,700.00,550.00,Rs./Quintal,2.40,Metric Tonnes,27-01-2026
Maharashtra,Pune,Junnar(Otur) APMC,Vegetables,Potato,Local,Local,500.00,"1,500.00","1,200.00",Rs./Quintal,3.40,Metric Tonnes,26-04-2026
Maharashtra,Pune,Junnar(Otur) APMC,Vegetables,Potato,Local,Local,500.00,"1,600.00","1,000.00",Rs./Quintal,17.90,Metric Tonnes,26-03-2026
Maharashtra,Pune,Junnar(Otur) APMC,Vegetables,Potato,Local,Local,300.00,"1,500.00","1,000.00",Rs./Quintal,31.90,Metric Tonnes,26-02-2026
Maharashtra,Pune,Junnar(Otur) APMC,Vegetables,Potato,Local,Local,700.00,"2,500.00","2,000.00",Rs./Quintal,13.90,Metric Tonnes,25-12-2025
Maharashtra,Pune,Junnar(Otur) APMC,Vegetables,Potato,Local,Local,300.00,"1,300.00","1,000.00",Rs./Quintal,9.60,Metric Tonnes,25-01-2026
Maharashtra,Pune,Junnar(Otur) APMC,Vegetables,Potato,Local,Local,500.00,"1,200.00","1,000.00",Rs./Quintal,0.30,Metric Tonnes,24-05-2026
Maharashtra,Pune,Junnar(Otur) APMC,Vegetables,Potato,Local,Local,300.00,"1,200.00",800.00,Rs./Quintal,3.20,Metric Tonnes,23-04-2026
Maharashtra,Pune,Junnar(Otur) APMC,Vegetables,Potato,Local,Local,500.00,"1,500.00","1,100.00",Rs./Quintal,19.00,Metric Tonnes,22-03-2026
Maharashtra,Pune,Junnar(Otur) APMC,Vegetables,Potato,Local,Local,500.00,"1,500.00","1,000.00",Rs./Quintal,33.80,Metric Tonnes,22-02-2026
Maharashtra,Pune,Junnar(Otur) APMC,Vegetables,Potato,Local,Local,300.00,"1,200.00",850.00,Rs./Quintal,12.40,Metric Tonnes,22-01-2026
Maharashtra,Pune,Junnar(Otur) APMC,Vegetables,Potato,Local,Local,300.00,"1,000.00",800.00,Rs./Quintal,3.00,Metric Tonnes,21-12-2025
Maharashtra,Pune,Junnar(Otur) APMC,Vegetables,Potato,Local,Local,500.00,"2,000.00","1,500.00",Rs./Quintal,9.10,Metric Tonnes,20-11-2025
Maharashtra,Pune,Junnar(Otur) APMC,Vegetables,Potato,Local,Local,600.00,"1,300.00","1,000.00",Rs./Quintal,6.90,Metric Tonnes,19-04-2026
Maharashtra,Pune,Junnar(Otur) APMC,Vegetables,Potato,Local,Local,500.00,"1,500.00","1,100.00",Rs./Quintal,24.20,Metric Tonnes,19-03-2026
Maharashtra,Pune,Junnar(Otur) APMC,Vegetables,Potato,Local,Local,500.00,"1,500.00","1,200.00",Rs./Quintal,21.30,Metric Tonnes,19-02-2026
Maharashtra,Pune,Junnar(Otur) APMC,Vegetables,Potato,Local,Local,500.00,"1,800.00","1,400.00",Rs./Quintal,2.00,Metric Tonnes,18-12-2025
Maharashtra,Pune,Junnar(Otur) APMC,Vegetables,Potato,Local,Local,500.00,"1,000.00",800.00,Rs./Quintal,0.20,Metric Tonnes,18-06-2026
Maharashtra,Pune,Junnar(Otur) APMC,Vegetables,Potato,Local,Local,400.00,900.00,700.00,Rs./Quintal,1.30,Metric Tonnes,17-01-2026
Maharashtra,Pune,Junnar(Otur) APMC,Vegetables,Potato,Local,Local,500.00,"1,400.00","1,000.00",Rs./Quintal,22.90,Metric Tonnes,16-04-2026
Maharashtra,Pune,Junnar(Otur) APMC,Vegetables,Potato,Local,Local,500.00,"1,800.00","1,150.00",Rs./Quintal,23.00,Metric Tonnes,15-03-2026
Maharashtra,Pune,Junnar(Otur) APMC,Vegetables,Potato,Local,Local,500.00,"1,400.00",950.00,Rs./Quintal,11.80,Metric Tonnes,15-02-2026
Maharashtra,Pune,Junnar(Otur) APMC,Vegetables,Potato,Local,Local,500.00,"1,400.00","1,000.00",Rs./Quintal,28.10,Metric Tonnes,15-01-2026
Maharashtra,Pune,Junnar(Otur) APMC,Vegetables,Potato,Local,Local,500.00,"1,800.00","1,150.00",Rs./Quintal,2.00,Metric Tonnes,14-05-2026
Maharashtra,Pune,Junnar(Otur) APMC,Vegetables,Potato,Local,Local,400.00,"1,000.00",700.00,Rs./Quintal,3.00,Metric Tonnes,14-01-2026
Maharashtra,Pune,Junnar(Otur) APMC,Vegetables,Potato,Local,Local,"1,000.00","2,380.00","2,200.00",Rs./Quintal,12.00,Metric Tonnes,13-11-2025
Maharashtra,Pune,Junnar(Otur) APMC,Vegetables,Potato,Local,Local,500.00,"1,200.00","1,000.00",Rs./Quintal,0.70,Metric Tonnes,13-08-2026
Maharashtra,Pune,Junnar(Otur) APMC,Vegetables,Potato,Local,Local,500.00,"1,300.00","1,000.00",Rs./Quintal,17.50,Metric Tonnes,12-04-2026
Maharashtra,Pune,Junnar(Otur) APMC,Vegetables,Potato,Local,Local,500.00,"1,700.00","1,200.00",Rs./Quintal,15.60,Metric Tonnes,12-03-2026
Maharashtra,Pune,Junnar(Otur) APMC,Vegetables,Potato,Local,Local,500.00,"1,300.00",900.00,Rs./Quintal,37.40,Metric Tonnes,12-02-2026
Maharashtra,Pune,Junnar(Otur) APMC,Vegetables,Potato,Local,Local,400.00,"1,050.00",850.00,Rs./Quintal,0.40,Metric Tonnes,12-01-2026
Maharashtra,Pune,Junnar(Otur) APMC,Vegetables,Potato,Local,Local,600.00,"1,800.00","1,500.00",Rs./Quintal,8.00,Metric Tonnes,11-12-2025
Maharashtra,Pune,Junnar(Otur) APMC,Vegetables,Potato,Local,Local,500.00,"1,300.00",900.00,Rs./Quintal,4.20,Metric Tonnes,11-02-2026
Maharashtra,Pune,Junnar(Otur) APMC,Vegetables,Potato,Local,Local,500.00,"1,300.00",900.00,Rs./Quintal,5.40,Metric Tonnes,11-01-2026
Maharashtra,Pune,Junnar(Otur) APMC,Vegetables,Potato,Local,Local,500.00,"1,500.00","1,100.00",Rs./Quintal,0.40,Metric Tonnes,09-12-2025
Maharashtra,Pune,Junnar(Otur) APMC,Vegetables,Potato,Local,Local,500.00,"1,400.00","1,000.00",Rs./Quintal,30.50,Metric Tonnes,09-04-2026
Maharashtra,Pune,Junnar(Otur) APMC,Vegetables,Potato,Local,Local,500.00,"1,110.00",900.00,Rs./Quintal,0.40,Metric Tonnes,08-12-2025
Maharashtra,Pune,Junnar(Otur) APMC,Vegetables,Potato,Local,Local,500.00,"1,600.00","1,200.00",Rs./Quintal,22.70,Metric Tonnes,08-03-2026
Maharashtra,Pune,Junnar(Otur) APMC,Vegetables,Potato,Local,Local,300.00,"1,300.00",800.00,Rs./Quintal,21.60,Metric Tonnes,08-02-2026
Maharashtra,Pune,Junnar(Otur) APMC,Vegetables,Potato,Local,Local,500.00,"1,400.00","1,000.00",Rs./Quintal,16.40,Metric Tonnes,08-01-2026
Maharashtra,Pune,Junnar(Otur) APMC,Vegetables,Potato,Local,Local,500.00,"1,800.00","1,100.00",Rs./Quintal,2.00,Metric Tonnes,07-11-2025
Maharashtra,Pune,Junnar(Otur) APMC,Vegetables,Potato,Local,Local,500.00,"1,800.00","1,300.00",Rs./Quintal,0.30,Metric Tonnes,07-06-2026
Maharashtra,Pune,Junnar(Otur) APMC,Vegetables,Potato,Local,Local,400.00,"1,700.00","1,400.00",Rs./Quintal,3.60,Metric Tonnes,07-05-2026
Maharashtra,Pune,Junnar(Otur) APMC,Vegetables,Potato,Local,Local,500.00,"1,200.00","1,000.00",Rs./Quintal,1.00,Metric Tonnes,06-08-2026
Maharashtra,Pune,Junnar(Otur) APMC,Vegetables,Potato,Local,Local,500.00,"1,700.00","1,100.00",Rs./Quintal,9.20,Metric Tonnes,05-04-2026
Maharashtra,Pune,Junnar(Otur) APMC,Vegetables,Potato,Local,Local,500.00,"1,500.00","1,200.00",Rs./Quintal,45.50,Metric Tonnes,05-03-2026
Maharashtra,Pune,Junnar(Otur) APMC,Vegetables,Potato,Local,Local,300.00,"1,500.00","1,000.00",Rs./Quintal,19.40,Metric Tonnes,05-02-2026
Maharashtra,Pune,Junnar(Otur) APMC,Vegetables,Potato,Local,Local,500.00,"1,200.00",900.00,Rs./Quintal,2.60,Metric Tonnes,05-01-2026
Maharashtra,Pune,Junnar(Otur) APMC,Vegetables,Potato,Local,Local,500.00,"1,650.00","1,100.00",Rs./Quintal,8.40,Metric Tonnes,04-12-2025
Maharashtra,Pune,Junnar(Otur) APMC,Vegetables,Potato,Local,Local,500.00,"1,600.00","1,200.00",Rs./Quintal,2.40,Metric Tonnes,04-06-2026
Maharashtra,Pune,Junnar(Otur) APMC,Vegetables,Potato,Local,Local,500.00,"1,500.00","1,200.00",Rs./Quintal,4.80,Metric Tonnes,04-01-2026
Maharashtra,Pune,Junnar(Otur) APMC,Vegetables,Potato,Local,Local,500.00,"1,500.00","1,100.00",Rs./Quintal,3.00,Metric Tonnes,03-05-2026
Maharashtra,Pune,Junnar(Otur) APMC,Vegetables,Potato,Local,Local,500.00,"1,600.00","1,300.00",Rs./Quintal,23.10,Metric Tonnes,02-04-2026
Maharashtra,Pune,Junnar(Otur) APMC,Vegetables,Potato,Local,Local,500.00,"1,600.00","1,050.00",Rs./Quintal,27.40,Metric Tonnes,01-03-2026
Maharashtra,Pune,Junnar(Otur) APMC,Vegetables,Potato,Local,Local,500.00,"1,200.00",850.00,Rs./Quintal,6.40,Metric Tonnes,01-02-2026
Maharashtra,Pune,Junnar(Otur) APMC,Vegetables,Potato,Local,Local,500.00,"1,800.00","1,500.00",Rs./Quintal,6.80,Metric Tonnes,01-01-2026
Maharashtra,Pune,Khed APMC,Vegetables,Potato,Other,Local,900.00,"1,500.00","1,200.00",Rs./Quintal,6.10,Metric Tonnes,31-07-2026
Maharashtra,Pune,Khed APMC,Vegetables,Potato,Other,Local,900.00,"1,500.00","1,200.00",Rs./Quintal,6.10,Metric Tonnes,30-07-2026
Maharashtra,Pune,Khed APMC,Vegetables,Potato,Other,Local,"1,000.00","1,500.00","1,300.00",Rs./Quintal,6.00,Metric Tonnes,30-06-2026
Maharashtra,Pune,Khed APMC,Vegetables,Potato,Other,Local,800.00,"2,100.00","1,500.00",Rs./Quintal,5.60,Metric Tonnes,29-07-2026
Maharashtra,Pune,Khed APMC,Vegetables,Potato,Other,Local,"1,100.00","1,500.00","1,300.00",Rs./Quintal,7.00,Metric Tonnes,29-06-2026
Maharashtra,Pune,Khed APMC,Vegetables,Potato,Other,Local,"1,000.00","1,500.00","1,300.00",Rs./Quintal,6.00,Metric Tonnes,28-07-2026
Maharashtra,Pune,Khed APMC,Vegetables,Potato,Other,Local,800.00,"1,500.00","1,200.00",Rs./Quintal,10.80,Metric Tonnes,27-07-2026
Maharashtra,Pune,Khed APMC,Vegetables,Potato,Other,Local,800.00,"2,000.00","1,500.00",Rs./Quintal,7.30,Metric Tonnes,26-07-2026
Maharashtra,Pune,Khed APMC,Vegetables,Potato,Other,Local,800.00,"1,500.00","1,200.00",Rs./Quintal,8.10,Metric Tonnes,24-07-2026
Maharashtra,Pune,Khed APMC,Vegetables,Potato,Other,Local,800.00,"1,500.00","1,200.00",Rs./Quintal,11.60,Metric Tonnes,23-07-2026
Maharashtra,Pune,Khed APMC,Vegetables,Potato,Other,Local,900.00,"1,500.00","1,200.00",Rs./Quintal,6.00,Metric Tonnes,22-07-2026
Maharashtra,Pune,Khed APMC,Vegetables,Potato,Other,Local,"1,200.00","1,500.00","1,300.00",Rs./Quintal,8.00,Metric Tonnes,21-08-2026
Maharashtra,Pune,Khed APMC,Vegetables,Potato,Other,Local,"1,000.00","1,500.00","1,300.00",Rs./Quintal,4.80,Metric Tonnes,21-07-2026
Maharashtra,Pune,Khed APMC,Vegetables,Potato,Other,Local,"1,000.00","1,500.00","1,200.00",Rs./Quintal,6.60,Metric Tonnes,20-08-2026
Maharashtra,Pune,Khed APMC,Vegetables,Potato,Other,Local,800.00,"1,600.00","1,200.00",Rs./Quintal,8.20,Metric Tonnes,20-07-2026
Maharashtra,Pune,Khed APMC,Vegetables,Potato,Other,Local,800.00,"1,500.00","1,100.00",Rs./Quintal,6.10,Metric Tonnes,19-08-2026
Maharashtra,Pune,Khed APMC,Vegetables,Potato,Other,Local,900.00,"1,500.00","1,300.00",Rs./Quintal,10.40,Metric Tonnes,19-07-2026
Maharashtra,Pune,Khed APMC,Vegetables,Potato,Other,Local,"1,000.00","1,500.00","1,300.00",Rs./Quintal,7.20,Metric Tonnes,18-08-2026
Maharashtra,Pune,Khed APMC,Vegetables,Potato,Other,Local,"1,000.00","1,500.00","1,200.00",Rs./Quintal,11.50,Metric Tonnes,17-08-2026
Maharashtra,Pune,Khed APMC,Vegetables,Potato,Other,Local,"1,000.00","1,500.00","1,200.00",Rs./Quintal,10.60,Metric Tonnes,16-08-2026
Maharashtra,Pune,Khed APMC,Vegetables,Potato,Other,Local,800.00,"1,500.00","1,200.00",Rs./Quintal,5.80,Metric Tonnes,16-07-2026
Maharashtra,Pune,Khed APMC,Vegetables,Potato,Other,Local,900.00,"1,500.00","1,200.00",Rs./Quintal,4.90,Metric Tonnes,15-07-2026
Maharashtra,Pune,Khed APMC,Vegetables,Potato,Other,Local,800.00,"1,500.00","1,100.00",Rs./Quintal,8.20,Metric Tonnes,14-08-2026
Maharashtra,Pune,Khed APMC,Vegetables,Potato,Other,Local,800.00,"1,500.00","1,100.00",Rs./Quintal,7.30,Metric Tonnes,14-07-2026
Maharashtra,Pune,Khed APMC,Vegetables,Potato,Other,Local,800.00,"1,500.00","1,000.00",Rs./Quintal,7.00,Metric Tonnes,13-08-2026
Maharashtra,Pune,Khed APMC,Vegetables,Potato,Other,Local,"1,200.00","1,500.00","1,300.00",Rs./Quintal,6.50,Metric Tonnes,13-07-2026
Maharashtra,Pune,Khed APMC,Vegetables,Potato,Other,Local,"1,100.00","1,500.00","1,300.00",Rs./Quintal,3.20,Metric Tonnes,12-08-2026
Maharashtra,Pune,Khed APMC,Vegetables,Potato,Other,Local,"1,100.00","1,500.00","1,300.00",Rs./Quintal,2.80,Metric Tonnes,11-08-2026
Maharashtra,Pune,Khed APMC,Vegetables,Potato,Other,Local,800.00,"1,500.00","1,200.00",Rs./Quintal,10.50,Metric Tonnes,10-08-2026
Maharashtra,Pune,Khed APMC,Vegetables,Potato,Other,Local,800.00,"1,500.00","1,000.00",Rs./Quintal,10.10,Metric Tonnes,10-07-2026
Maharashtra,Pune,Khed APMC,Vegetables,Potato,Other,Local,"1,000.00","1,500.00","1,200.00",Rs./Quintal,10.80,Metric Tonnes,09-08-2026
Maharashtra,Pune,Khed APMC,Vegetables,Potato,Other,Local,"1,000.00","1,500.00","1,300.00",Rs./Quintal,6.30,Metric Tonnes,08-07-2026
Maharashtra,Pune,Khed APMC,Vegetables,Potato,Other,Local,"1,000.00","1,500.00","1,300.00",Rs./Quintal,7.30,Metric Tonnes,07-08-2026
Maharashtra,Pune,Khed APMC,Vegetables,Potato,Other,Local,700.00,"1,500.00","1,200.00",Rs./Quintal,10.30,Metric Tonnes,07-07-2026
Maharashtra,Pune,Khed APMC,Vegetables,Potato,Other,Local,900.00,"1,500.00","1,200.00",Rs./Quintal,6.00,Metric Tonnes,06-08-2026
Maharashtra,Pune,Khed APMC,Vegetables,Potato,Other,Local,"1,000.00","1,500.00","1,300.00",Rs./Quintal,2.60,Metric Tonnes,06-07-2026
Maharashtra,Pune,Khed APMC,Vegetables,Potato,Other,Local,800.00,"1,500.00","1,200.00",Rs./Quintal,7.00,Metric Tonnes,05-08-2026
Maharashtra,Pune,Khed APMC,Vegetables,Potato,Other,Local,"1,000.00","1,500.00","1,300.00",Rs./Quintal,7.40,Metric Tonnes,05-07-2026
Maharashtra,Pune,Khed APMC,Vegetables,Potato,Other,Local,"1,100.00","1,500.00","1,300.00",Rs./Quintal,5.60,Metric Tonnes,04-08-2026
Maharashtra,Pune,Khed APMC,Vegetables,Potato,Other,Local,"1,000.00","1,500.00","1,200.00",Rs./Quintal,7.00,Metric Tonnes,03-08-2026
Maharashtra,Pune,Khed APMC,Vegetables,Potato,Other,Local,600.00,"1,500.00","1,000.00",Rs./Quintal,8.80,Metric Tonnes,03-07-2026
Maharashtra,Pune,Khed APMC,Vegetables,Potato,Other,Local,900.00,"2,000.00","1,500.00",Rs./Quintal,11.20,Metric Tonnes,02-08-2026
Maharashtra,Pune,Khed APMC,Vegetables,Potato,Other,Local,"1,000.00","1,500.00","1,200.00",Rs./Quintal,6.90,Metric Tonnes,02-07-2026
Maharashtra,Pune,Khed APMC,Vegetables,Potato,Other,Local,"1,000.00","1,500.00","1,300.00",Rs./Quintal,22.70,Metric Tonnes,01-07-2026
Maharashtra,Pune,Khed(Chakan) APMC,Vegetables,Potato,Other,Local,800.00,"1,800.00","1,200.00",Rs./Quintal,125.00,Metric Tonnes,31-12-2025
Maharashtra,Pune,Khed(Chakan) APMC,Vegetables,Potato,Other,Local,900.00,"1,500.00","1,200.00",Rs./Quintal,90.00,Metric Tonnes,31-07-2026
Maharashtra,Pune,Khed(Chakan) APMC,Vegetables,Potato,Other,Local,900.00,"1,500.00","1,200.00",Rs./Quintal,125.00,Metric Tonnes,31-05-2026
Maharashtra,Pune,Khed(Chakan) APMC,Vegetables,Potato,Other,Local,800.00,"1,200.00","1,000.00",Rs./Quintal,90.00,Metric Tonnes,31-03-2026
Maharashtra,Pune,Khed(Chakan) APMC,Vegetables,Potato,Other,Local,"1,000.00","1,800.00","1,400.00",Rs./Quintal,125.00,Metric Tonnes,30-12-2025
Maharashtra,Pune,Khed(Chakan) APMC,Vegetables,Potato,Other,Local,"1,200.00","2,000.00","1,500.00",Rs./Quintal,130.00,Metric Tonnes,30-11-2025
Maharashtra,Pune,Khed(Chakan) APMC,Vegetables,Potato,Other,Local,900.00,"1,500.00","1,200.00",Rs./Quintal,100.00,Metric Tonnes,30-07-2026
Maharashtra,Pune,Khed(Chakan) APMC,Vegetables,Potato,Other,Local,"1,000.00","1,500.00","1,200.00",Rs./Quintal,125.00,Metric Tonnes,30-06-2026
Maharashtra,Pune,Khed(Chakan) APMC,Vegetables,Potato,Other,Local,800.00,"1,200.00","1,000.00",Rs./Quintal,90.00,Metric Tonnes,30-04-2026
Maharashtra,Pune,Khed(Chakan) APMC,Vegetables,Potato,Other,Local,800.00,"1,200.00","1,000.00",Rs./Quintal,100.00,Metric Tonnes,30-01-2026
Maharashtra,Pune,Khed(Chakan) APMC,Vegetables,Potato,Other,Local,800.00,"1,500.00","1,200.00",Rs./Quintal,125.00,Metric Tonnes,29-07-2026
Maharashtra,Pune,Khed(Chakan) APMC,Vegetables,Potato,Other,Local,800.00,"1,600.00","1,200.00",Rs./Quintal,100.00,Metric Tonnes,29-05-2026
Maharashtra,Pune,Khed(Chakan) APMC,Vegetables,Potato,Other,Local,700.00,"1,200.00","1,000.00",Rs./Quintal,100.00,Metric Tonnes,29-04-2026
Maharashtra,Pune,Khed(Chakan) APMC,Vegetables,Potato,Other,Local,"1,000.00","1,700.00","1,200.00",Rs./Quintal,100.00,Metric Tonnes,28-12-2025
Maharashtra,Pune,Khed(Chakan) APMC,Vegetables,Potato,Other,Local,"1,200.00","1,900.00","1,600.00",Rs./Quintal,115.00,Metric Tonnes,28-11-2025
Maharashtra,Pune,Khed(Chakan) APMC,Vegetables,Potato,Other,Local,600.00,"1,500.00","1,100.00",Rs./Quintal,125.00,Metric Tonnes,28-07-2026
Maharashtra,Pune,Khed(Chakan) APMC,Vegetables,Potato,Other,Local,"1,000.00","1,500.00","1,100.00",Rs./Quintal,120.00,Metric Tonnes,28-06-2026
Maharashtra,Pune,Khed(Chakan) APMC,Vegetables,Potato,Other,Local,900.00,"1,500.00","1,300.00",Rs./Quintal,110.00,Metric Tonnes,28-05-2026
Maharashtra,Pune,Khed(Chakan) APMC,Vegetables,Potato,Other,Local,500.00,"1,000.00",800.00,Rs./Quintal,100.00,Metric Tonnes,28-04-2026
Maharashtra,Pune,Khed(Chakan) APMC,Vegetables,Potato,Other,Local,700.00,"1,300.00","1,200.00",Rs./Quintal,110.00,Metric Tonnes,28-03-2026
Maharashtra,Pune,Khed(Chakan) APMC,Vegetables,Potato,Other,Local,800.00,"1,500.00","1,200.00",Rs./Quintal,92.00,Metric Tonnes,28-01-2026
Maharashtra,Pune,Khed(Chakan) APMC,Vegetables,Potato,Other,Local,"1,000.00","2,000.00","1,500.00",Rs./Quintal,120.00,Metric Tonnes,27-11-2025
Maharashtra,Pune,Khed(Chakan) APMC,Vegetables,Potato,Other,Local,800.00,"1,500.00","1,200.00",Rs./Quintal,150.00,Metric Tonnes,27-06-2026
Maharashtra,Pune,Khed(Chakan) APMC,Vegetables,Potato,Other,Local,800.00,"1,400.00","1,100.00",Rs./Quintal,125.00,Metric Tonnes,27-05-2026
Maharashtra,Pune,Khed(Chakan) APMC,Vegetables,Potato,Other,Local,800.00,"1,200.00","1,000.00",Rs./Quintal,90.00,Metric Tonnes,27-03-2026
Maharashtra,Pune,Khed(Chakan) APMC,Vegetables,Potato,Other,Local,800.00,"1,200.00","1,000.00",Rs./Quintal,90.00,Metric Tonnes,27-02-2026
Maharashtra,Pune,Khed(Chakan) APMC,Vegetables,Potato,Other,Local,"1,000.00","1,500.00","1,200.00",Rs./Quintal,90.00,Metric Tonnes,27-01-2026
Maharashtra,Pune,Khed(Chakan) APMC,Vegetables,Potato,Other,Local,"1,000.00","1,900.00","1,300.00",Rs./Quintal,90.00,Metric Tonnes,26-12-2025
Maharashtra,Pune,Khed(Chakan) APMC,Vegetables,Potato,Other,Local,"1,200.00","2,100.00","1,500.00",Rs./Quintal,140.00,Metric Tonnes,26-11-2025
Maharashtra,Pune,Khed(Chakan) APMC,Vegetables,Potato,Other,Local,900.00,"1,500.00","1,200.00",Rs./Quintal,110.00,Metric Tonnes,26-07-2026
Maharashtra,Pune,Khed(Chakan) APMC,Vegetables,Potato,Other,Local,900.00,"1,500.00","1,200.00",Rs./Quintal,82.50,Metric Tonnes,26-06-2026
Maharashtra,Pune,Khed(Chakan) APMC,Vegetables,Potato,Other,Local,800.00,"1,500.00","1,100.00",Rs./Quintal,110.00,Metric Tonnes,26-05-2026
Maharashtra,Pune,Khed(Chakan) APMC,Vegetables,Potato,Other,Local,500.00,"1,100.00",900.00,Rs./Quintal,100.00,Metric Tonnes,26-04-2026
Maharashtra,Pune,Khed(Chakan) APMC,Vegetables,Potato,Other,Local,800.00,"1,200.00","1,000.00",Rs./Quintal,100.00,Metric Tonnes,26-03-2026
Maharashtra,Pune,Khed(Chakan) APMC,Vegetables,Potato,Other,Local,800.00,"1,200.00","1,000.00",Rs./Quintal,75.00,Metric Tonnes,26-02-2026
Maharashtra,Pune,Khed(Chakan) APMC,Vegetables,Potato,Other,Local,"1,000.00","1,800.00","1,400.00",Rs./Quintal,100.00,Metric Tonnes,25-12-2025
Maharashtra,Pune,Khed(Chakan) APMC,Vegetables,Potato,Other,Local,"1,300.00","2,100.00","1,600.00",Rs./Quintal,150.00,Metric Tonnes,25-11-2025
Maharashtra,Pune,Khed(Chakan) APMC,Vegetables,Potato,Other,Local,900.00,"1,500.00","1,200.00",Rs./Quintal,80.00,Metric Tonnes,25-06-2026
Maharashtra,Pune,Khed(Chakan) APMC,Vegetables,Potato,Other,Local,500.00,"1,300.00","1,000.00",Rs./Quintal,150.00,Metric Tonnes,25-04-2026
Maharashtra,Pune,Khed(Chakan) APMC,Vegetables,Potato,Other,Local,700.00,"1,200.00","1,000.00",Rs./Quintal,110.00,Metric Tonnes,25-03-2026
Maharashtra,Pune,Khed(Chakan) APMC,Vegetables,Potato,Other,Local,800.00,"1,200.00","1,000.00",Rs./Quintal,100.00,Metric Tonnes,25-02-2026
Maharashtra,Pune,Khed(Chakan) APMC,Vegetables,Potato,Other,Local,"1,000.00","1,800.00","1,400.00",Rs./Quintal,110.00,Metric Tonnes,24-12-2025
Maharashtra,Pune,Khed(Chakan) APMC,Vegetables,Potato,Other,Local,800.00,"1,500.00","1,200.00",Rs./Quintal,80.00,Metric Tonnes,24-07-2026
Maharashtra,Pune,Khed(Chakan) APMC,Vegetables,Potato,Other,Local,900.00,"1,500.00","1,300.00",Rs./Quintal,15.00,Metric Tonnes,24-06-2026
Maharashtra,Pune,Khed(Chakan) APMC,Vegetables,Potato,Other,Local,800.00,"1,400.00","1,100.00",Rs./Quintal,110.00,Metric Tonnes,24-05-2026
Maharashtra,Pune,Khed(Chakan) APMC,Vegetables,Potato,Other,Local,500.00,"1,100.00",900.00,Rs./Quintal,70.00,Metric Tonnes,24-04-2026
Maharashtra,Pune,Khed(Chakan) APMC,Vegetables,Potato,Other,Local,800.00,"1,200.00","1,000.00",Rs./Quintal,100.00,Metric Tonnes,24-03-2026
Maharashtra,Pune,Khed(Chakan) APMC,Vegetables,Potato,Other,Local,800.00,"1,200.00","1,000.00",Rs./Quintal,90.00,Metric Tonnes,24-02-2026
Maharashtra,Pune,Khed(Chakan) APMC,Vegetables,Potato,Other,Local,900.00,"1,800.00","1,400.00",Rs./Quintal,140.00,Metric Tonnes,23-12-2025
Maharashtra,Pune,Khed(Chakan) APMC,Vegetables,Potato,Other,Local,"1,200.00","2,100.00","1,500.00",Rs./Quintal,140.00,Metric Tonnes,23-11-2025
Maharashtra,Pune,Khed(Chakan) APMC,Vegetables,Potato,Other,Local,800.00,"1,500.00","1,200.00",Rs./Quintal,90.00,Metric Tonnes,23-07-2026
Maharashtra,Pune,Khed(Chakan) APMC,Vegetables,Potato,Other,Local,900.00,"1,500.00","1,200.00",Rs./Quintal,90.00,Metric Tonnes,23-06-2026
Maharashtra,Pune,Khed(Chakan) APMC,Vegetables,Potato,Other,Local,900.00,"1,400.00","1,000.00",Rs./Quintal,140.00,Metric Tonnes,23-05-2026
Maharashtra,Pune,Khed(Chakan) APMC,Vegetables,Potato,Other,Local,800.00,"1,200.00","1,000.00",Rs./Quintal,90.00,Metric Tonnes,23-04-2026
Maharashtra,Pune,Khed(Chakan) APMC,Vegetables,Potato,Other,Local,"1,000.00","1,500.00","1,200.00",Rs./Quintal,90.00,Metric Tonnes,23-01-2026
Maharashtra,Pune,Khed(Chakan) APMC,Vegetables,Potato,Other,Local,700.00,"1,500.00","1,300.00",Rs./Quintal,150.00,Metric Tonnes,22-07-2026
Maharashtra,Pune,Khed(Chakan) APMC,Vegetables,Potato,Other,Local,800.00,"1,400.00","1,000.00",Rs./Quintal,100.00,Metric Tonnes,22-05-2026
Maharashtra,Pune,Khed(Chakan) APMC,Vegetables,Potato,Other,Local,500.00,"1,100.00",800.00,Rs./Quintal,100.00,Metric Tonnes,22-04-2026
Maharashtra,Pune,Khed(Chakan) APMC,Vegetables,Potato,Other,Local,800.00,"1,300.00","1,000.00",Rs./Quintal,100.00,Metric Tonnes,22-03-2026
Maharashtra,Pune,Khed(Chakan) APMC,Vegetables,Potato,Other,Local,800.00,"1,200.00","1,000.00",Rs./Quintal,100.00,Metric Tonnes,22-02-2026
Maharashtra,Pune,Khed(Chakan) APMC,Vegetables,Potato,Other,Local,"1,000.00","1,500.00","1,200.00",Rs./Quintal,100.00,Metric Tonnes,22-01-2026
Maharashtra,Pune,Khed(Chakan) APMC,Vegetables,Potato,Other,Local,"1,300.00","2,100.00","1,600.00",Rs./Quintal,90.00,Metric Tonnes,21-11-2025
Maharashtra,Pune,Khed(Chakan) APMC,Vegetables,Potato,Other,Local,800.00,"1,500.00","1,200.00",Rs./Quintal,80.00,Metric Tonnes,21-08-2026
Maharashtra,Pune,Khed(Chakan) APMC,Vegetables,Potato,Other,Local,"1,000.00","1,500.00","1,200.00",Rs./Quintal,90.00,Metric Tonnes,21-07-2026
Maharashtra,Pune,Khed(Chakan) APMC,Vegetables,Potato,Other,Local,800.00,"1,400.00","1,100.00",Rs./Quintal,120.00,Metric Tonnes,21-05-2026
Maharashtra,Pune,Khed(Chakan) APMC,Vegetables,Potato,Other,Local,800.00,"1,200.00","1,000.00",Rs./Quintal,90.00,Metric Tonnes,21-04-2026
Maharashtra,Pune,Khed(Chakan) APMC,Vegetables,Potato,Other,Local,800.00,"1,200.00","1,000.00",Rs./Quintal,150.00,Metric Tonnes,21-02-2026
Maharashtra,Pune,Khed(Chakan) APMC,Vegetables,Potato,Other,Local,800.00,"1,500.00","1,000.00",Rs./Quintal,120.00,Metric Tonnes,21-01-2026
Maharashtra,Pune,Khed(Chakan) APMC,Vegetables,Potato,Other,Local,"1,300.00","2,100.00","1,600.00",Rs./Quintal,110.00,Metric Tonnes,20-11-2025
Maharashtra,Pune,Khed(Chakan) APMC,Vegetables,Potato,Other,Local,800.00,"1,500.00","1,200.00",Rs./Quintal,110.00,Metric Tonnes,20-08-2026
Maharashtra,Pune,Khed(Chakan) APMC,Vegetables,Potato,Other,Local,800.00,"1,300.00","1,000.00",Rs./Quintal,100.00,Metric Tonnes,20-02-2026
Maharashtra,Pune,Khed(Chakan) APMC,Vegetables,Potato,Other,Local,"1,000.00","1,500.00","1,200.00",Rs./Quintal,110.00,Metric Tonnes,20-01-2026
Maharashtra,Pune,Khed(Chakan) APMC,Vegetables,Potato,Other,Local,"1,200.00","2,200.00","1,500.00",Rs./Quintal,140.00,Metric Tonnes,19-11-2025
Maharashtra,Pune,Khed(Chakan) APMC,Vegetables,Potato,Other,Local,800.00,"1,500.00","1,200.00",Rs./Quintal,150.00,Metric Tonnes,19-08-2026
Maharashtra,Pune,Khed(Chakan) APMC,Vegetables,Potato,Other,Local,"1,000.00","1,500.00","1,200.00",Rs./Quintal,100.00,Metric Tonnes,19-07-2026
Maharashtra,Pune,Khed(Chakan) APMC,Vegetables,Potato,Other,Local,900.00,"1,600.00","1,200.00",Rs./Quintal,90.00,Metric Tonnes,19-06-2026
Maharashtra,Pune,Khed(Chakan) APMC,Vegetables,Potato,Other,Local,800.00,"1,200.00","1,000.00",Rs./Quintal,110.00,Metric Tonnes,19-04-2026
Maharashtra,Pune,Khed(Chakan) APMC,Vegetables,Potato,Other,Local,800.00,"1,300.00","1,000.00",Rs./Quintal,90.00,Metric Tonnes,19-02-2026
Maharashtra,Pune,Khed(Chakan) APMC,Vegetables,Potato,Other,Local,"1,200.00","2,200.00","1,600.00",Rs./Quintal,125.00,Metric Tonnes,18-11-2025
Maharashtra,Pune,Khed(Chakan) APMC,Vegetables,Potato,Other,Local,800.00,"1,400.00","1,200.00",Rs./Quintal,90.00,Metric Tonnes,18-08-2026
Maharashtra,Pune,Khed(Chakan) APMC,Vegetables,Potato,Other,Local,900.00,"1,500.00","1,100.00",Rs./Quintal,125.00,Metric Tonnes,18-06-2026
Maharashtra,Pune,Khed(Chakan) APMC,Vegetables,Potato,Other,Local,500.00,"1,300.00",800.00,Rs./Quintal,150.00,Metric Tonnes,18-04-2026
Maharashtra,Pune,Khed(Chakan) APMC,Vegetables,Potato,Other,Local,800.00,"1,200.00","1,000.00",Rs./Quintal,100.00,Metric Tonnes,18-03-2026
Maharashtra,Pune,Khed(Chakan) APMC,Vegetables,Potato,Other,Local,800.00,"1,200.00","1,000.00",Rs./Quintal,110.00,Metric Tonnes,18-02-2026
Maharashtra,Pune,Khed(Chakan) APMC,Vegetables,Potato,Other,Local,"1,000.00","1,500.00","1,200.00",Rs./Quintal,100.00,Metric Tonnes,18-01-2026
Maharashtra,Pune,Khed(Chakan) APMC,Vegetables,Potato,Other,Local,"1,000.00","1,500.00","1,200.00",Rs./Quintal,90.00,Metric Tonnes,17-07-2026
Maharashtra,Pune,Khed(Chakan) APMC,Vegetables,Potato,Other,Local,"1,000.00","1,500.00","1,200.00",Rs./Quintal,125.00,Metric Tonnes,17-06-2026
Maharashtra,Pune,Khed(Chakan) APMC,Vegetables,Potato,Other,Local,800.00,"1,200.00","1,000.00",Rs./Quintal,80.00,Metric Tonnes,17-04-2026
Maharashtra,Pune,Khed(Chakan) APMC,Vegetables,Potato,Other,Local,800.00,"1,200.00","1,000.00",Rs./Quintal,100.00,Metric Tonnes,17-03-2026
Maharashtra,Pune,Khed(Chakan) APMC,Vegetables,Potato,Other,Local,800.00,"1,200.00","1,000.00",Rs./Quintal,80.00,Metric Tonnes,17-02-2026
Maharashtra,Pune,Khed(Chakan) APMC,Vegetables,Potato,Other,Local,"1,200.00","2,200.00","1,700.00",Rs./Quintal,140.00,Metric Tonnes,16-11-2025
Maharashtra,Pune,Khed(Chakan) APMC,Vegetables,Potato,Other,Local,900.00,"1,500.00","1,200.00",Rs./Quintal,100.00,Metric Tonnes,16-07-2026
Maharashtra,Pune,Khed(Chakan) APMC,Vegetables,Potato,Other,Local,"1,000.00","1,500.00","1,200.00",Rs./Quintal,125.00,Metric Tonnes,16-06-2026
Maharashtra,Pune,Khed(Chakan) APMC,Vegetables,Potato,Other,Local,800.00,"1,400.00","1,200.00",Rs./Quintal,200.00,Metric Tonnes,16-05-2026
Maharashtra,Pune,Khed(Chakan) APMC,Vegetables,Potato,Other,Local,800.00,"1,200.00","1,000.00",Rs./Quintal,90.00,Metric Tonnes,16-04-2026
Maharashtra,Pune,Khed(Chakan) APMC,Vegetables,Potato,Other,Local,"1,000.00","1,500.00","1,200.00",Rs./Quintal,100.00,Metric Tonnes,16-01-2026
Maharashtra,Pune,Khed(Chakan) APMC,Vegetables,Potato,Other,Local,"1,000.00","1,500.00","1,200.00",Rs./Quintal,140.00,Metric Tonnes,15-07-2026
Maharashtra,Pune,Khed(Chakan) APMC,Vegetables,Potato,Other,Local,800.00,"1,500.00","1,200.00",Rs./Quintal,100.00,Metric Tonnes,15-05-2026
Maharashtra,Pune,Khed(Chakan) APMC,Vegetables,Potato,Other,Local,500.00,"1,200.00",700.00,Rs./Quintal,150.00,Metric Tonnes,15-04-2026
Maharashtra,Pune,Khed(Chakan) APMC,Vegetables,Potato,Other,Local,800.00,"1,200.00","1,000.00",Rs./Quintal,110.00,Metric Tonnes,15-03-2026
Maharashtra,Pune,Khed(Chakan) APMC,Vegetables,Potato,Other,Local,800.00,"1,200.00","1,000.00",Rs./Quintal,90.00,Metric Tonnes,15-02-2026
Maharashtra,Pune,Khed(Chakan) APMC,Vegetables,Potato,Other,Local,"1,000.00","1,500.00","1,200.00",Rs./Quintal,110.00,Metric Tonnes,15-01-2026
Maharashtra,Pune,Khed(Chakan) APMC,Vegetables,Potato,Other,Local,"1,300.00","2,000.00","1,700.00",Rs./Quintal,110.00,Metric Tonnes,14-11-2025
Maharashtra,Pune,Khed(Chakan) APMC,Vegetables,Potato,Other,Local,800.00,"1,500.00","1,000.00",Rs./Quintal,175.00,Metric Tonnes,14-08-2026
Maharashtra,Pune,Khed(Chakan) APMC,Vegetables,Potato,Other,Local,900.00,"1,600.00","1,200.00",Rs./Quintal,125.00,Metric Tonnes,14-07-2026
Maharashtra,Pune,Khed(Chakan) APMC,Vegetables,Potato,Other,Local,900.00,"1,500.00","1,200.00",Rs./Quintal,100.00,Metric Tonnes,14-06-2026
Maharashtra,Pune,Khed(Chakan) APMC,Vegetables,Potato,Other,Local,800.00,"1,400.00","1,000.00",Rs./Quintal,90.00,Metric Tonnes,14-05-2026
Maharashtra,Pune,Khed(Chakan) APMC,Vegetables,Potato,Other,Local,800.00,"1,200.00","1,000.00",Rs./Quintal,100.00,Metric Tonnes,14-04-2026
Maharashtra,Pune,Khed(Chakan) APMC,Vegetables,Potato,Other,Local,"1,000.00","1,500.00","1,200.00",Rs./Quintal,100.00,Metric Tonnes,14-01-2026
Maharashtra,Pune,Khed(Chakan) APMC,Vegetables,Potato,Other,Local,"1,300.00","2,000.00","1,500.00",Rs./Quintal,125.00,Metric Tonnes,13-11-2025
Maharashtra,Pune,Khed(Chakan) APMC,Vegetables,Potato,Other,Local,900.00,"1,500.00","1,100.00",Rs./Quintal,120.00,Metric Tonnes,13-08-2026
Maharashtra,Pune,Khed(Chakan) APMC,Vegetables,Potato,Other,Local,800.00,"1,300.00","1,000.00",Rs./Quintal,110.00,Metric Tonnes,13-05-2026
Maharashtra,Pune,Khed(Chakan) APMC,Vegetables,Potato,Other,Local,800.00,"1,300.00","1,000.00",Rs./Quintal,80.00,Metric Tonnes,13-03-2026
Maharashtra,Pune,Khed(Chakan) APMC,Vegetables,Potato,Other,Local,800.00,"1,200.00","1,000.00",Rs./Quintal,90.00,Metric Tonnes,13-02-2026
Maharashtra,Pune,Khed(Chakan) APMC,Vegetables,Potato,Other,Local,"1,000.00","1,800.00","1,400.00",Rs./Quintal,90.00,Metric Tonnes,13-01-2026
Maharashtra,Pune,Khed(Chakan) APMC,Vegetables,Potato,Other,Local,"1,000.00","1,900.00","1,500.00",Rs./Quintal,100.00,Metric Tonnes,12-12-2025
Maharashtra,Pune,Khed(Chakan) APMC,Vegetables,Potato,Other,Local,"1,200.00","2,000.00","1,500.00",Rs./Quintal,147.00,Metric Tonnes,12-11-2025
Maharashtra,Pune,Khed(Chakan) APMC,Vegetables,Potato,Other,Local,800.00,"1,500.00","1,100.00",Rs./Quintal,140.00,Metric Tonnes,12-08-2026
Maharashtra,Pune,Khed(Chakan) APMC,Vegetables,Potato,Other,Local,900.00,"1,500.00","1,200.00",Rs./Quintal,110.00,Metric Tonnes,12-07-2026
Maharashtra,Pune,Khed(Chakan) APMC,Vegetables,Potato,Other,Local,900.00,"1,500.00","1,200.00",Rs./Quintal,90.00,Metric Tonnes,12-06-2026
Maharashtra,Pune,Khed(Chakan) APMC,Vegetables,Potato,Other,Local,800.00,"1,500.00","1,200.00",Rs./Quintal,100.00,Metric Tonnes,12-05-2026
Maharashtra,Pune,Khed(Chakan) APMC,Vegetables,Potato,Other,Local,800.00,"1,200.00","1,000.00",Rs./Quintal,110.00,Metric Tonnes,12-04-2026
Maharashtra,Pune,Khed(Chakan) APMC,Vegetables,Potato,Other,Local,800.00,"1,300.00","1,000.00",Rs./Quintal,100.00,Metric Tonnes,12-03-2026
Maharashtra,Pune,Khed(Chakan) APMC,Vegetables,Potato,Other,Local,800.00,"1,400.00","1,100.00",Rs./Quintal,100.00,Metric Tonnes,12-02-2026
Maharashtra,Pune,Khed(Chakan) APMC,Vegetables,Potato,Other,Local,"1,000.00","1,800.00","1,400.00",Rs./Quintal,75.00,Metric Tonnes,12-01-2026
Maharashtra,Pune,Khed(Chakan) APMC,Vegetables,Potato,Other,Local,"1,000.00","1,900.00","1,500.00",Rs./Quintal,110.00,Metric Tonnes,11-12-2025
Maharashtra,Pune,Khed(Chakan) APMC,Vegetables,Potato,Other,Local,"1,300.00","2,000.00","1,500.00",Rs./Quintal,85.00,Metric Tonnes,11-11-2025
Maharashtra,Pune,Khed(Chakan) APMC,Vegetables,Potato,Other,Local,800.00,"1,500.00","1,250.00",Rs./Quintal,110.00,Metric Tonnes,11-08-2026
Maharashtra,Pune,Khed(Chakan) APMC,Vegetables,Potato,Other,Local,900.00,"1,500.00","1,300.00",Rs./Quintal,160.00,Metric Tonnes,11-07-2026
Maharashtra,Pune,Khed(Chakan) APMC,Vegetables,Potato,Other,Local,900.00,"1,500.00","1,200.00",Rs./Quintal,110.00,Metric Tonnes,11-06-2026
Maharashtra,Pune,Khed(Chakan) APMC,Vegetables,Potato,Other,Local,500.00,"1,200.00",800.00,Rs./Quintal,150.00,Metric Tonnes,11-04-2026
Maharashtra,Pune,Khed(Chakan) APMC,Vegetables,Potato,Other,Local,600.00,"1,300.00",900.00,Rs./Quintal,140.00,Metric Tonnes,11-03-2026
Maharashtra,Pune,Khed(Chakan) APMC,Vegetables,Potato,Other,Local,800.00,"1,200.00","1,000.00",Rs./Quintal,110.00,Metric Tonnes,11-02-2026
Maharashtra,Pune,Khed(Chakan) APMC,Vegetables,Potato,Other,Local,"1,000.00","1,500.00","1,200.00",Rs./Quintal,75.00,Metric Tonnes,11-01-2026
Maharashtra,Pune,Khed(Chakan) APMC,Vegetables,Potato,Other,Local,"1,000.00","2,000.00","1,500.00",Rs./Quintal,90.00,Metric Tonnes,10-12-2025
Maharashtra,Pune,Khed(Chakan) APMC,Vegetables,Potato,Other,Local,900.00,"1,500.00","1,100.00",Rs./Quintal,150.00,Metric Tonnes,10-07-2026
Maharashtra,Pune,Khed(Chakan) APMC,Vegetables,Potato,Other,Local,"1,000.00","1,600.00","1,300.00",Rs./Quintal,140.00,Metric Tonnes,10-06-2026
Maharashtra,Pune,Khed(Chakan) APMC,Vegetables,Potato,Other,Local,800.00,"1,200.00","1,000.00",Rs./Quintal,80.00,Metric Tonnes,10-04-2026
Maharashtra,Pune,Khed(Chakan) APMC,Vegetables,Potato,Other,Local,800.00,"1,300.00","1,000.00",Rs./Quintal,100.00,Metric Tonnes,10-03-2026
Maharashtra,Pune,Khed(Chakan) APMC,Vegetables,Potato,Other,Local,800.00,"1,200.00","1,000.00",Rs./Quintal,90.00,Metric Tonnes,10-02-2026
Maharashtra,Pune,Khed(Chakan) APMC,Vegetables,Potato,Other,Local,"1,200.00","2,000.00","1,500.00",Rs./Quintal,75.00,Metric Tonnes,09-12-2025
Maharashtra,Pune,Khed(Chakan) APMC,Vegetables,Potato,Other,Local,900.00,"1,500.00","1,200.00",Rs./Quintal,110.00,Metric Tonnes,09-08-2026
Maharashtra,Pune,Khed(Chakan) APMC,Vegetables,Potato,Other,Local,900.00,"1,500.00","1,200.00",Rs./Quintal,125.00,Metric Tonnes,09-07-2026
Maharashtra,Pune,Khed(Chakan) APMC,Vegetables,Potato,Other,Local,"1,000.00","1,500.00","1,200.00",Rs./Quintal,100.00,Metric Tonnes,09-06-2026
Maharashtra,Pune,Khed(Chakan) APMC,Vegetables,Potato,Other,Local,800.00,"1,300.00","1,000.00",Rs./Quintal,175.00,Metric Tonnes,09-05-2026
Maharashtra,Pune,Khed(Chakan) APMC,Vegetables,Potato,Other,Local,800.00,"1,200.00","1,000.00",Rs./Quintal,90.00,Metric Tonnes,09-04-2026
Maharashtra,Pune,Khed(Chakan) APMC,Vegetables,Potato,Other,Local,"1,000.00","1,400.00","1,200.00",Rs./Quintal,90.00,Metric Tonnes,09-01-2026
Maharashtra,Pune,Khed(Chakan) APMC,Vegetables,Potato,Other,Local,800.00,"1,500.00","1,200.00",Rs./Quintal,160.00,Metric Tonnes,08-08-2026
Maharashtra,Pune,Khed(Chakan) APMC,Vegetables,Potato,Other,Local,900.00,"1,500.00","1,250.00",Rs./Quintal,125.00,Metric Tonnes,08-07-2026
Maharashtra,Pune,Khed(Chakan) APMC,Vegetables,Potato,Other,Local,800.00,"1,200.00","1,000.00",Rs./Quintal,115.00,Metric Tonnes,08-05-2026
Maharashtra,Pune,Khed(Chakan) APMC,Vegetables,Potato,Other,Local,800.00,"1,200.00","1,000.00",Rs./Quintal,100.00,Metric Tonnes,08-04-2026
Maharashtra,Pune,Khed(Chakan) APMC,Vegetables,Potato,Other,Local,800.00,"1,300.00","1,000.00",Rs./Quintal,100.00,Metric Tonnes,08-03-2026
Maharashtra,Pune,Khed(Chakan) APMC,Vegetables,Potato,Other,Local,900.00,"1,200.00","1,100.00",Rs./Quintal,125.00,Metric Tonnes,08-02-2026
Maharashtra,Pune,Khed(Chakan) APMC,Vegetables,Potato,Other,Local,"1,200.00","1,800.00","1,500.00",Rs./Quintal,90.00,Metric Tonnes,08-01-2026
Maharashtra,Pune,Khed(Chakan) APMC,Vegetables,Potato,Other,Local,"1,200.00","2,000.00","1,600.00",Rs./Quintal,140.00,Metric Tonnes,07-12-2025
Maharashtra,Pune,Khed(Chakan) APMC,Vegetables,Potato,Other,Local,"1,300.00","2,000.00","1,500.00",Rs./Quintal,100.00,Metric Tonnes,07-11-2025
Maharashtra,Pune,Khed(Chakan) APMC,Vegetables,Potato,Other,Local,800.00,"1,500.00","1,200.00",Rs./Quintal,170.00,Metric Tonnes,07-08-2026
Maharashtra,Pune,Khed(Chakan) APMC,Vegetables,Potato,Other,Local,900.00,"1,500.00","1,100.00",Rs./Quintal,130.00,Metric Tonnes,07-07-2026
Maharashtra,Pune,Khed(Chakan) APMC,Vegetables,Potato,Other,Local,"1,000.00","1,500.00","1,200.00",Rs./Quintal,125.00,Metric Tonnes,07-06-2026
Maharashtra,Pune,Khed(Chakan) APMC,Vegetables,Potato,Other,Local,800.00,"1,200.00","1,000.00",Rs./Quintal,110.00,Metric Tonnes,07-05-2026
Maharashtra,Pune,Khed(Chakan) APMC,Vegetables,Potato,Other,Local,800.00,"1,200.00","1,000.00",Rs./Quintal,100.00,Metric Tonnes,07-04-2026
Maharashtra,Pune,Khed(Chakan) APMC,Vegetables,Potato,Other,Local,800.00,"1,500.00","1,200.00",Rs./Quintal,100.00,Metric Tonnes,07-01-2026
Maharashtra,Pune,Khed(Chakan) APMC,Vegetables,Potato,Other,Local,900.00,"1,500.00","1,100.00",Rs./Quintal,130.00,Metric Tonnes,06-08-2026
Maharashtra,Pune,Khed(Chakan) APMC,Vegetables,Potato,Other,Local,"1,000.00","1,600.00","1,300.00",Rs./Quintal,140.00,Metric Tonnes,06-06-2026
Maharashtra,Pune,Khed(Chakan) APMC,Vegetables,Potato,Other,Local,800.00,"1,300.00","1,000.00",Rs./Quintal,130.00,Metric Tonnes,06-05-2026
Maharashtra,Pune,Khed(Chakan) APMC,Vegetables,Potato,Other,Local,800.00,"1,200.00","1,000.00",Rs./Quintal,75.00,Metric Tonnes,06-03-2026
Maharashtra,Pune,Khed(Chakan) APMC,Vegetables,Potato,Other,Local,800.00,"1,500.00","1,200.00",Rs./Quintal,110.00,Metric Tonnes,06-02-2026
Maharashtra,Pune,Khed(Chakan) APMC,Vegetables,Potato,Other,Local,900.00,"1,600.00","1,100.00",Rs./Quintal,140.00,Metric Tonnes,06-01-2026
Maharashtra,Pune,Khed(Chakan) APMC,Vegetables,Potato,Other,Local,900.00,"1,500.00","1,100.00",Rs./Quintal,150.00,Metric Tonnes,05-08-2026
Maharashtra,Pune,Khed(Chakan) APMC,Vegetables,Potato,Other,Local,"1,000.00","1,500.00","1,200.00",Rs./Quintal,90.00,Metric Tonnes,05-07-2026
Maharashtra,Pune,Khed(Chakan) APMC,Vegetables,Potato,Other,Local,"1,000.00","1,500.00","1,200.00",Rs./Quintal,100.00,Metric Tonnes,05-06-2026
Maharashtra,Pune,Khed(Chakan) APMC,Vegetables,Potato,Other,Local,900.00,"1,300.00","1,100.00",Rs./Quintal,130.00,Metric Tonnes,05-05-2026
Maharashtra,Pune,Khed(Chakan) APMC,Vegetables,Potato,Other,Local,800.00,"1,200.00","1,000.00",Rs./Quintal,100.00,Metric Tonnes,05-04-2026
Maharashtra,Pune,Khed(Chakan) APMC,Vegetables,Potato,Other,Local,800.00,"1,200.00","1,000.00",Rs./Quintal,80.00,Metric Tonnes,05-03-2026
Maharashtra,Pune,Khed(Chakan) APMC,Vegetables,Potato,Other,Local,800.00,"1,200.00","1,000.00",Rs./Quintal,100.00,Metric Tonnes,05-02-2026
Maharashtra,Pune,Khed(Chakan) APMC,Vegetables,Potato,Other,Local,900.00,"1,500.00","1,200.00",Rs./Quintal,125.00,Metric Tonnes,04-08-2026
Maharashtra,Pune,Khed(Chakan) APMC,Vegetables,Potato,Other,Local,"1,000.00","1,500.00","1,200.00",Rs./Quintal,125.00,Metric Tonnes,04-07-2026
Maharashtra,Pune,Khed(Chakan) APMC,Vegetables,Potato,Other,Local,"1,000.00","1,500.00","1,200.00",Rs./Quintal,110.00,Metric Tonnes,04-06-2026
Maharashtra,Pune,Khed(Chakan) APMC,Vegetables,Potato,Other,Local,800.00,"1,200.00","1,000.00",Rs./Quintal,100.00,Metric Tonnes,04-03-2026
Maharashtra,Pune,Khed(Chakan) APMC,Vegetables,Potato,Other,Local,800.00,"1,200.00","1,000.00",Rs./Quintal,110.00,Metric Tonnes,04-02-2026
Maharashtra,Pune,Khed(Chakan) APMC,Vegetables,Potato,Other,Local,"1,000.00","1,800.00","1,400.00",Rs./Quintal,100.00,Metric Tonnes,04-01-2026
Maharashtra,Pune,Khed(Chakan) APMC,Vegetables,Potato,Other,Local,"1,200.00","2,000.00","1,500.00",Rs./Quintal,110.00,Metric Tonnes,03-12-2025
Maharashtra,Pune,Khed(Chakan) APMC,Vegetables,Potato,Other,Local,"1,000.00","1,500.00","1,200.00",Rs./Quintal,90.00,Metric Tonnes,03-07-2026
Maharashtra,Pune,Khed(Chakan) APMC,Vegetables,Potato,Other,Local,"1,000.00","1,500.00","1,200.00",Rs./Quintal,125.00,Metric Tonnes,03-06-2026
Maharashtra,Pune,Khed(Chakan) APMC,Vegetables,Potato,Other,Local,"1,000.00","1,300.00","1,200.00",Rs./Quintal,90.00,Metric Tonnes,03-04-2026
Maharashtra,Pune,Khed(Chakan) APMC,Vegetables,Potato,Other,Local,800.00,"1,300.00","1,000.00",Rs./Quintal,90.00,Metric Tonnes,03-03-2026
Maharashtra,Pune,Khed(Chakan) APMC,Vegetables,Potato,Other,Local,800.00,"1,200.00","1,000.00",Rs./Quintal,90.00,Metric Tonnes,03-02-2026
Maharashtra,Pune,Khed(Chakan) APMC,Vegetables,Potato,Other,Local,900.00,"1,500.00","1,200.00",Rs./Quintal,100.00,Metric Tonnes,02-07-2026
Maharashtra,Pune,Khed(Chakan) APMC,Vegetables,Potato,Other,Local,900.00,"1,500.00","1,200.00",Rs./Quintal,100.00,Metric Tonnes,02-06-2026
Maharashtra,Pune,Khed(Chakan) APMC,Vegetables,Potato,Other,Local,"1,000.00","1,200.00","1,100.00",Rs./Quintal,90.00,Metric Tonnes,02-04-2026
Maharashtra,Pune,Khed(Chakan) APMC,Vegetables,Potato,Other,Local,"1,000.00","1,800.00","1,200.00",Rs./Quintal,100.00,Metric Tonnes,02-01-2026
Maharashtra,Pune,Khed(Chakan) APMC,Vegetables,Potato,Other,Local,900.00,"1,500.00","1,300.00",Rs./Quintal,150.00,Metric Tonnes,01-07-2026
Maharashtra,Pune,Khed(Chakan) APMC,Vegetables,Potato,Other,Local,800.00,"1,300.00","1,100.00",Rs./Quintal,100.00,Metric Tonnes,01-04-2026
Maharashtra,Pune,Khed(Chakan) APMC,Vegetables,Potato,Other,Local,800.00,"1,300.00","1,000.00",Rs./Quintal,90.00,Metric Tonnes,01-03-2026
Maharashtra,Pune,Khed(Chakan) APMC,Vegetables,Potato,Other,Local,"1,000.00","1,800.00","1,500.00",Rs./Quintal,90.00,Metric Tonnes,01-01-2026
Maharashtra,Pune,Manchar APMC,Vegetables,Potato,Other,Local,700.00,"1,400.00","1,100.00",Rs./Quintal,7.00,Metric Tonnes,31-12-2025
Maharashtra,Pune,Manchar APMC,Vegetables,Potato,Other,Local,"1,150.00","1,300.00","1,230.00",Rs./Quintal,0.60,Metric Tonnes,31-05-2026
Maharashtra,Pune,Manchar APMC,Vegetables,Potato,Local,Local,400.00,"1,000.00",700.00,Rs./Quintal,4.40,Metric Tonnes,31-03-2026
Maharashtra,Pune,Manchar APMC,Vegetables,Potato,Other,Local,700.00,"1,600.00","1,200.00",Rs./Quintal,5.50,Metric Tonnes,30-12-2025
Maharashtra,Pune,Manchar APMC,Vegetables,Potato,Other,Local,800.00,"1,600.00","1,200.00",Rs./Quintal,8.50,Metric Tonnes,30-11-2025
Maharashtra,Pune,Manchar APMC,Vegetables,Potato,Other,Local,750.00,"1,000.00",880.00,Rs./Quintal,1.20,Metric Tonnes,30-07-2026
Maharashtra,Pune,Manchar APMC,Vegetables,Potato,Local,Local,800.00,800.00,800.00,Rs./Quintal,0.10,Metric Tonnes,30-06-2026
Maharashtra,Pune,Manchar APMC,Vegetables,Potato,Other,Local,400.00,"1,000.00",750.00,Rs./Quintal,1.50,Metric Tonnes,29-04-2026
Maharashtra,Pune,Manchar APMC,Vegetables,Potato,Other,Local,800.00,"1,600.00","1,200.00",Rs./Quintal,11.00,Metric Tonnes,28-12-2025
Maharashtra,Pune,Manchar APMC,Vegetables,Potato,Other,Local,500.00,"1,100.00",820.00,Rs./Quintal,0.50,Metric Tonnes,28-07-2026
Maharashtra,Pune,Manchar APMC,Vegetables,Potato,Other,Local,800.00,"1,000.00",900.00,Rs./Quintal,0.80,Metric Tonnes,28-06-2026
Maharashtra,Pune,Manchar APMC,Vegetables,Potato,Other,Local,"1,000.00","1,000.00","1,000.00",Rs./Quintal,0.60,Metric Tonnes,28-05-2026
Maharashtra,Pune,Manchar APMC,Vegetables,Potato,Other,Local,700.00,"1,000.00",855.00,Rs./Quintal,0.50,Metric Tonnes,28-04-2026
Maharashtra,Pune,Manchar APMC,Vegetables,Potato,Other,Local,500.00,"1,000.00",750.00,Rs./Quintal,35.30,Metric Tonnes,28-01-2026
Maharashtra,Pune,Manchar APMC,Vegetables,Potato,Other,Local,"1,000.00","1,800.00","1,400.00",Rs./Quintal,1.40,Metric Tonnes,27-11-2025
Maharashtra,Pune,Manchar APMC,Vegetables,Potato,Other,Local,700.00,"1,100.00",920.00,Rs./Quintal,0.80,Metric Tonnes,27-04-2026
Maharashtra,Pune,Manchar APMC,Vegetables,Potato,Other,Local,800.00,800.00,800.00,Rs./Quintal,0.10,Metric Tonnes,26-05-2026
Maharashtra,Pune,Manchar APMC,Vegetables,Potato,Other,Local,500.00,"1,500.00","1,050.00",Rs./Quintal,2.90,Metric Tonnes,26-04-2026
Maharashtra,Pune,Manchar APMC,Vegetables,Potato,Other,Local,600.00,"1,100.00",850.00,Rs./Quintal,20.90,Metric Tonnes,26-01-2026
Maharashtra,Pune,Manchar APMC,Vegetables,Potato,Other,Local,"1,000.00","2,000.00","1,500.00",Rs./Quintal,5.20,Metric Tonnes,25-11-2025
Maharashtra,Pune,Manchar APMC,Vegetables,Potato,Other,Local,"1,000.00","2,000.00","1,500.00",Rs./Quintal,9.40,Metric Tonnes,24-11-2025
Maharashtra,Pune,Manchar APMC,Vegetables,Potato,Other,Local,"1,000.00","1,000.00","1,000.00",Rs./Quintal,0.20,Metric Tonnes,24-06-2026
Maharashtra,Pune,Manchar APMC,Vegetables,Potato,Other,Local,500.00,800.00,655.00,Rs./Quintal,0.50,Metric Tonnes,24-05-2026
Maharashtra,Pune,Manchar APMC,Vegetables,Potato,Other,Local,600.00,"1,300.00",950.00,Rs./Quintal,20.20,Metric Tonnes,24-02-2026
Maharashtra,Pune,Manchar APMC,Vegetables,Potato,Other,Local,"1,200.00","2,100.00","1,700.00",Rs./Quintal,5.40,Metric Tonnes,23-11-2025
Maharashtra,Pune,Manchar APMC,Vegetables,Potato,Other,Local,900.00,"1,300.00","1,150.00",Rs./Quintal,1.00,Metric Tonnes,23-07-2026
Maharashtra,Pune,Manchar APMC,Vegetables,Potato,Other,Local,850.00,"1,200.00","1,030.00",Rs./Quintal,2.60,Metric Tonnes,23-04-2026
Maharashtra,Pune,Manchar APMC,Vegetables,Potato,Local,Local,"1,000.00","1,350.00","1,175.00",Rs./Quintal,15.30,Metric Tonnes,23-03-2026
Maharashtra,Pune,Manchar APMC,Vegetables,Potato,Other,Local,500.00,"1,100.00",800.00,Rs./Quintal,22.10,Metric Tonnes,23-02-2026
Maharashtra,Pune,Manchar APMC,Vegetables,Potato,Other,Local,"1,250.00","1,250.00","1,250.00",Rs./Quintal,0.50,Metric Tonnes,22-07-2026
Maharashtra,Pune,Manchar APMC,Vegetables,Potato,Other,Local,500.00,"1,200.00",855.00,Rs./Quintal,1.60,Metric Tonnes,22-04-2026
Maharashtra,Pune,Manchar APMC,Vegetables,Potato,Other,Local,600.00,"1,300.00",900.00,Rs./Quintal,36.60,Metric Tonnes,22-02-2026
Maharashtra,Pune,Manchar APMC,Vegetables,Potato,Other,Local,500.00,"1,100.00",800.00,Rs./Quintal,19.40,Metric Tonnes,22-01-2026
Maharashtra,Pune,Manchar APMC,Vegetables,Potato,Other,Local,800.00,"1,600.00","1,200.00",Rs./Quintal,12.20,Metric Tonnes,21-12-2025
Maharashtra,Pune,Manchar APMC,Vegetables,Potato,Other,Local,800.00,"1,000.00",920.00,Rs./Quintal,0.80,Metric Tonnes,21-07-2026
Maharashtra,Pune,Manchar APMC,Vegetables,Potato,Other,Local,800.00,"1,000.00",950.00,Rs./Quintal,1.30,Metric Tonnes,21-06-2026
Maharashtra,Pune,Manchar APMC,Vegetables,Potato,Other,Local,600.00,"1,200.00",920.00,Rs./Quintal,1.60,Metric Tonnes,21-04-2026
Maharashtra,Pune,Manchar APMC,Vegetables,Potato,Other,Local,600.00,"1,200.00",900.00,Rs./Quintal,19.30,Metric Tonnes,21-01-2026
Maharashtra,Pune,Manchar APMC,Vegetables,Potato,Other,Local,"1,000.00","1,000.00","1,000.00",Rs./Quintal,0.10,Metric Tonnes,20-05-2026
Maharashtra,Pune,Manchar APMC,Vegetables,Potato,Other,Local,600.00,"1,100.00",885.00,Rs./Quintal,2.40,Metric Tonnes,20-04-2026
Maharashtra,Pune,Manchar APMC,Vegetables,Potato,Other,Local,500.00,900.00,705.00,Rs./Quintal,1.00,Metric Tonnes,19-05-2026
Maharashtra,Pune,Manchar APMC,Vegetables,Potato,Other,Local,500.00,"1,100.00",825.00,Rs./Quintal,5.10,Metric Tonnes,19-04-2026
Maharashtra,Pune,Manchar APMC,Vegetables,Potato,Other,Local,700.00,"1,500.00","1,100.00",Rs./Quintal,9.00,Metric Tonnes,18-12-2025
Maharashtra,Pune,Manchar APMC,Vegetables,Potato,Other,Local,800.00,800.00,800.00,Rs./Quintal,0.10,Metric Tonnes,18-06-2026
Maharashtra,Pune,Manchar APMC,Vegetables,Potato,Other,Local,"1,000.00","1,000.00","1,000.00",Rs./Quintal,0.10,Metric Tonnes,18-05-2026
Maharashtra,Pune,Manchar APMC,Vegetables,Potato,Local,Local,"1,000.00","2,500.00","1,750.00",Rs./Quintal,6.40,Metric Tonnes,18-03-2026
Maharashtra,Pune,Manchar APMC,Vegetables,Potato,Other,Local,700.00,"1,100.00",900.00,Rs./Quintal,33.90,Metric Tonnes,18-01-2026
Maharashtra,Pune,Manchar APMC,Vegetables,Potato,Other,Local,800.00,950.00,875.00,Rs./Quintal,0.50,Metric Tonnes,17-08-2026
Maharashtra,Pune,Manchar APMC,Vegetables,Potato,Other,Local,900.00,"1,000.00",960.00,Rs./Quintal,2.30,Metric Tonnes,17-06-2026
Maharashtra,Pune,Manchar APMC,Vegetables,Potato,Other,Local,600.00,"1,000.00",820.00,Rs./Quintal,0.20,Metric Tonnes,17-05-2026
Maharashtra,Pune,Manchar APMC,Vegetables,Potato,Local,Local,"1,000.00","1,300.00","1,150.00",Rs./Quintal,8.90,Metric Tonnes,17-03-2026
Maharashtra,Pune,Manchar APMC,Vegetables,Potato,Other,Local,700.00,"1,400.00","1,050.00",Rs./Quintal,72.90,Metric Tonnes,17-02-2026
Maharashtra,Pune,Manchar APMC,Vegetables,Potato,Other,Local,800.00,"1,500.00","1,150.00",Rs./Quintal,1.30,Metric Tonnes,16-08-2026
Maharashtra,Pune,Manchar APMC,Vegetables,Potato,Other,Local,700.00,"1,300.00","1,100.00",Rs./Quintal,1.10,Metric Tonnes,16-06-2026
Maharashtra,Pune,Manchar APMC,Vegetables,Potato,Other,Local,600.00,"1,000.00",820.00,Rs./Quintal,2.40,Metric Tonnes,16-04-2026
Maharashtra,Pune,Manchar APMC,Vegetables,Potato,Other,Local,"1,000.00","2,700.00","1,850.00",Rs./Quintal,17.10,Metric Tonnes,16-03-2026
Maharashtra,Pune,Manchar APMC,Vegetables,Potato,Other,Local,700.00,"1,300.00","1,000.00",Rs./Quintal,31.10,Metric Tonnes,16-02-2026
Maharashtra,Pune,Manchar APMC,Vegetables,Potato,Other,Local,700.00,700.00,700.00,Rs./Quintal,0.10,Metric Tonnes,15-07-2026
Maharashtra,Pune,Manchar APMC,Vegetables,Potato,Other,Local,900.00,"1,000.00",960.00,Rs./Quintal,1.50,Metric Tonnes,15-06-2026
Maharashtra,Pune,Manchar APMC,Vegetables,Potato,Other,Local,450.00,"1,000.00",730.00,Rs./Quintal,2.30,Metric Tonnes,15-04-2026
Maharashtra,Pune,Manchar APMC,Vegetables,Potato,Local,Local,"1,000.00","2,000.00","1,500.00",Rs./Quintal,13.00,Metric Tonnes,15-03-2026
Maharashtra,Pune,Manchar APMC,Vegetables,Potato,Other,Local,600.00,"1,200.00",900.00,Rs./Quintal,18.30,Metric Tonnes,15-01-2026
Maharashtra,Pune,Manchar APMC,Vegetables,Potato,Other,Local,700.00,"1,200.00",955.00,Rs./Quintal,1.90,Metric Tonnes,14-07-2026
Maharashtra,Pune,Manchar APMC,Vegetables,Potato,Other,Local,900.00,"1,000.00",955.00,Rs./Quintal,0.50,Metric Tonnes,14-05-2026
Maharashtra,Pune,Manchar APMC,Vegetables,Potato,Other,Local,500.00,"1,000.00",750.00,Rs./Quintal,9.00,Metric Tonnes,14-01-2026
Maharashtra,Pune,Manchar APMC,Vegetables,Potato,Other,Local,600.00,"1,250.00",950.00,Rs./Quintal,1.80,Metric Tonnes,13-08-2026
Maharashtra,Pune,Manchar APMC,Vegetables,Potato,Other,Local,800.00,800.00,800.00,Rs./Quintal,0.10,Metric Tonnes,12-08-2026
Maharashtra,Pune,Manchar APMC,Vegetables,Potato,Other,Local,600.00,"1,000.00",850.00,Rs./Quintal,0.70,Metric Tonnes,12-07-2026
Maharashtra,Pune,Manchar APMC,Vegetables,Potato,Other,Local,300.00,"1,000.00",620.00,Rs./Quintal,1.00,Metric Tonnes,12-05-2026
Maharashtra,Pune,Manchar APMC,Vegetables,Potato,Other,Local,600.00,"1,200.00",900.00,Rs./Quintal,21.90,Metric Tonnes,12-01-2026
Maharashtra,Pune,Manchar APMC,Vegetables,Potato,Other,Local,500.00,"1,000.00",750.00,Rs./Quintal,0.80,Metric Tonnes,11-08-2026
Maharashtra,Pune,Manchar APMC,Vegetables,Potato,Other,Local,"1,000.00","1,200.00","1,100.00",Rs./Quintal,1.00,Metric Tonnes,11-06-2026
Maharashtra,Pune,Manchar APMC,Vegetables,Potato,Other,Local,400.00,"1,000.00",720.00,Rs./Quintal,1.00,Metric Tonnes,11-05-2026
Maharashtra,Pune,Manchar APMC,Vegetables,Potato,Other,Local,700.00,"1,200.00",955.00,Rs./Quintal,20.60,Metric Tonnes,11-03-2026
Maharashtra,Pune,Manchar APMC,Vegetables,Potato,Other,Local,700.00,"1,300.00","1,000.00",Rs./Quintal,31.40,Metric Tonnes,11-02-2026
Maharashtra,Pune,Manchar APMC,Vegetables,Potato,Other,Local,600.00,"1,200.00",900.00,Rs./Quintal,21.60,Metric Tonnes,11-01-2026
Maharashtra,Pune,Manchar APMC,Vegetables,Potato,Other,Local,800.00,"1,000.00",950.00,Rs./Quintal,0.20,Metric Tonnes,10-08-2026
Maharashtra,Pune,Manchar APMC,Vegetables,Potato,Other,Local,"1,000.00","1,350.00","1,175.00",Rs./Quintal,0.40,Metric Tonnes,10-06-2026
Maharashtra,Pune,Manchar APMC,Vegetables,Potato,Other,Local,700.00,700.00,700.00,Rs./Quintal,0.10,Metric Tonnes,10-05-2026
Maharashtra,Pune,Manchar APMC,Vegetables,Potato,Other,Local,"1,000.00","1,200.00","1,125.00",Rs./Quintal,25.50,Metric Tonnes,10-03-2026
Maharashtra,Pune,Manchar APMC,Vegetables,Potato,Other,Local,"1,000.00","1,500.00","1,300.00",Rs./Quintal,4.70,Metric Tonnes,09-12-2025
Maharashtra,Pune,Manchar APMC,Vegetables,Potato,Other,Local,700.00,"1,000.00",855.00,Rs./Quintal,0.90,Metric Tonnes,09-07-2026
Maharashtra,Pune,Manchar APMC,Vegetables,Potato,Other,Local,"1,000.00","1,000.00","1,000.00",Rs./Quintal,0.30,Metric Tonnes,09-06-2026
Maharashtra,Pune,Manchar APMC,Vegetables,Potato,Other,Local,800.00,"1,200.00","1,000.00",Rs./Quintal,4.80,Metric Tonnes,09-04-2026
Maharashtra,Pune,Manchar APMC,Vegetables,Potato,Other,Local,700.00,"1,200.00",955.00,Rs./Quintal,18.20,Metric Tonnes,09-03-2026
Maharashtra,Pune,Manchar APMC,Vegetables,Potato,Other,Local,700.00,"1,500.00","1,100.00",Rs./Quintal,14.60,Metric Tonnes,09-02-2026
Maharashtra,Pune,Manchar APMC,Vegetables,Potato,Other,Local,700.00,700.00,700.00,Rs./Quintal,1.30,Metric Tonnes,08-07-2026
Maharashtra,Pune,Manchar APMC,Vegetables,Potato,Other,Local,"1,000.00","1,350.00","1,175.00",Rs./Quintal,0.60,Metric Tonnes,08-06-2026
Maharashtra,Pune,Manchar APMC,Vegetables,Potato,Other,Local,"1,000.00","1,300.00","1,150.00",Rs./Quintal,23.30,Metric Tonnes,08-03-2026
Maharashtra,Pune,Manchar APMC,Vegetables,Potato,Other,Local,700.00,"1,100.00",900.00,Rs./Quintal,19.80,Metric Tonnes,08-02-2026
Maharashtra,Pune,Manchar APMC,Vegetables,Potato,Other,Local,600.00,"1,200.00",900.00,Rs./Quintal,15.10,Metric Tonnes,08-01-2026
Maharashtra,Pune,Manchar APMC,Vegetables,Potato,Other,Local,700.00,800.00,765.00,Rs./Quintal,0.60,Metric Tonnes,07-07-2026
Maharashtra,Pune,Manchar APMC,Vegetables,Potato,Other,Local,250.00,900.00,580.00,Rs./Quintal,0.80,Metric Tonnes,07-05-2026
Maharashtra,Pune,Manchar APMC,Vegetables,Potato,Other,Local,600.00,"1,250.00",925.00,Rs./Quintal,18.50,Metric Tonnes,07-01-2026
Maharashtra,Pune,Manchar APMC,Vegetables,Potato,Other,Local,700.00,"1,000.00",855.00,Rs./Quintal,1.20,Metric Tonnes,06-07-2026
Maharashtra,Pune,Manchar APMC,Vegetables,Potato,Other,Local,300.00,800.00,555.00,Rs./Quintal,0.40,Metric Tonnes,06-05-2026
Maharashtra,Pune,Manchar APMC,Vegetables,Potato,Other,Local,"1,000.00","1,000.00","1,000.00",Rs./Quintal,0.20,Metric Tonnes,05-08-2026
Maharashtra,Pune,Manchar APMC,Vegetables,Potato,Other,Local,"1,000.00","1,000.00","1,000.00",Rs./Quintal,0.80,Metric Tonnes,05-07-2026
Maharashtra,Pune,Manchar APMC,Vegetables,Potato,Other,Local,250.00,800.00,530.00,Rs./Quintal,1.50,Metric Tonnes,05-05-2026
Maharashtra,Pune,Manchar APMC,Vegetables,Potato,Other,Local,750.00,"1,300.00","1,025.00",Rs./Quintal,16.40,Metric Tonnes,05-03-2026
Maharashtra,Pune,Manchar APMC,Vegetables,Potato,Other,Local,600.00,"1,200.00",900.00,Rs./Quintal,32.20,Metric Tonnes,05-02-2026
Maharashtra,Pune,Manchar APMC,Vegetables,Potato,Other,Local,800.00,"1,100.00",960.00,Rs./Quintal,2.60,Metric Tonnes,04-08-2026
Maharashtra,Pune,Manchar APMC,Vegetables,Potato,Other,Local,600.00,"1,200.00",900.00,Rs./Quintal,0.50,Metric Tonnes,04-06-2026
Maharashtra,Pune,Manchar APMC,Vegetables,Potato,Other,Local,700.00,"1,000.00",855.00,Rs./Quintal,0.60,Metric Tonnes,04-05-2026
Maharashtra,Pune,Manchar APMC,Vegetables,Potato,Other,Local,600.00,"1,200.00",900.00,Rs./Quintal,16.40,Metric Tonnes,04-03-2026
Maharashtra,Pune,Manchar APMC,Vegetables,Potato,Other,Local,600.00,"1,200.00",900.00,Rs./Quintal,16.30,Metric Tonnes,04-02-2026
Maharashtra,Pune,Manchar APMC,Vegetables,Potato,Other,Local,"1,500.00","3,000.00","2,300.00",Rs./Quintal,9.20,Metric Tonnes,04-01-2026
Maharashtra,Pune,Manchar APMC,Vegetables,Potato,Other,Local,800.00,800.00,800.00,Rs./Quintal,0.30,Metric Tonnes,03-08-2026
Maharashtra,Pune,Manchar APMC,Vegetables,Potato,Other,Local,500.00,700.00,620.00,Rs./Quintal,0.50,Metric Tonnes,03-05-2026
Maharashtra,Pune,Manchar APMC,Vegetables,Potato,Other,Local,500.00,"1,300.00",925.00,Rs./Quintal,13.80,Metric Tonnes,03-03-2026
Maharashtra,Pune,Manchar APMC,Vegetables,Potato,Other,Local,800.00,"1,200.00","1,050.00",Rs./Quintal,17.80,Metric Tonnes,03-02-2026
Maharashtra,Pune,Manchar APMC,Vegetables,Potato,Other,Local,800.00,"1,000.00",925.00,Rs./Quintal,1.50,Metric Tonnes,02-07-2026
Maharashtra,Pune,Manchar APMC,Vegetables,Potato,Other,Local,"1,000.00","1,200.00","1,150.00",Rs./Quintal,0.60,Metric Tonnes,02-06-2026
Maharashtra,Pune,Manchar APMC,Vegetables,Potato,Other,Local,"1,000.00","1,200.00","1,100.00",Rs./Quintal,13.50,Metric Tonnes,02-02-2026
Maharashtra,Pune,Manchar APMC,Vegetables,Potato,Other,Local,"1,000.00","1,000.00","1,000.00",Rs./Quintal,1.30,Metric Tonnes,01-08-2026
Maharashtra,Pune,Manchar APMC,Vegetables,Potato,Other,Local,900.00,900.00,900.00,Rs./Quintal,0.20,Metric Tonnes,01-07-2026
Maharashtra,Pune,Manchar APMC,Vegetables,Potato,Other,Local,"1,000.00","1,110.00","1,060.00",Rs./Quintal,0.60,Metric Tonnes,01-06-2026
Maharashtra,Pune,Manchar APMC,Vegetables,Potato,Other,Local,800.00,"1,300.00","1,055.00",Rs./Quintal,17.10,Metric Tonnes,01-03-2026
Maharashtra,Pune,Pune APMC,Vegetables,Potato,Local,Local,500.00,"1,500.00","1,000.00",Rs./Quintal,699.50,Metric Tonnes,31-12-2025
Maharashtra,Pune,Pune APMC,Vegetables,Potato,Local,Local,500.00,"1,600.00","1,050.00",Rs./Quintal,640.40,Metric Tonnes,30-12-2025
Maharashtra,Pune,Pune APMC,Vegetables,Potato,Local,Local,500.00,"2,000.00","1,250.00",Rs./Quintal,"1,271.20",Metric Tonnes,30-11-2025
Maharashtra,Pune,Pune APMC,Vegetables,Potato,Local,Local,700.00,"1,500.00","1,100.00",Rs./Quintal,629.20,Metric Tonnes,30-07-2026
Maharashtra,Pune,Pune APMC,Vegetables,Potato,Local,Local,800.00,"1,500.00","1,150.00",Rs./Quintal,597.00,Metric Tonnes,30-06-2026
Maharashtra,Pune,Pune APMC,Vegetables,Potato,Local,Local,500.00,"1,300.00",900.00,Rs./Quintal,645.30,Metric Tonnes,30-03-2026
Maharashtra,Pune,Pune APMC,Vegetables,Potato,Local,Local,500.00,"1,300.00",900.00,Rs./Quintal,"1,078.00",Metric Tonnes,30-01-2026
Maharashtra,Pune,Pune APMC,Vegetables,Potato,Local,Local,500.00,"1,500.00","1,000.00",Rs./Quintal,736.00,Metric Tonnes,29-12-2025
Maharashtra,Pune,Pune APMC,Vegetables,Potato,Local,Local,700.00,"1,500.00","1,100.00",Rs./Quintal,609.90,Metric Tonnes,29-07-2026
Maharashtra,Pune,Pune APMC,Vegetables,Potato,Local,Local,800.00,"1,500.00","1,150.00",Rs./Quintal,458.80,Metric Tonnes,29-06-2026
Maharashtra,Pune,Pune APMC,Vegetables,Potato,Local,Local,800.00,"1,500.00","1,150.00",Rs./Quintal,481.20,Metric Tonnes,29-05-2026
Maharashtra,Pune,Pune APMC,Vegetables,Potato,Local,Local,500.00,"1,400.00",950.00,Rs./Quintal,536.80,Metric Tonnes,29-04-2026
Maharashtra,Pune,Pune APMC,Vegetables,Potato,Local,Local,500.00,"1,400.00",950.00,Rs./Quintal,899.10,Metric Tonnes,29-03-2026
Maharashtra,Pune,Pune APMC,Vegetables,Potato,Local,Local,600.00,"2,100.00","1,350.00",Rs./Quintal,674.60,Metric Tonnes,28-11-2025
Maharashtra,Pune,Pune APMC,Vegetables,Potato,Local,Local,800.00,"1,500.00","1,150.00",Rs./Quintal,834.90,Metric Tonnes,28-06-2026
Maharashtra,Pune,Pune APMC,Vegetables,Potato,Local,Local,800.00,"1,500.00","1,150.00",Rs./Quintal,388.90,Metric Tonnes,28-05-2026
Maharashtra,Pune,Pune APMC,Vegetables,Potato,Local,Local,500.00,"1,400.00",950.00,Rs./Quintal,417.20,Metric Tonnes,28-04-2026
Maharashtra,Pune,Pune APMC,Vegetables,Potato,Local,Local,700.00,"2,100.00","1,400.00",Rs./Quintal,638.40,Metric Tonnes,27-11-2025
Maharashtra,Pune,Pune APMC,Vegetables,Potato,Local,Local,700.00,"1,500.00","1,100.00",Rs./Quintal,855.10,Metric Tonnes,27-07-2026
Maharashtra,Pune,Pune APMC,Vegetables,Potato,Local,Local,800.00,"1,600.00","1,050.00",Rs./Quintal,558.90,Metric Tonnes,27-05-2026
Maharashtra,Pune,Pune APMC,Vegetables,Potato,Local,Local,500.00,"1,300.00",900.00,Rs./Quintal,691.00,Metric Tonnes,27-04-2026
Maharashtra,Pune,Pune APMC,Vegetables,Potato,Local,Local,400.00,"1,300.00",850.00,Rs./Quintal,"1,237.10",Metric Tonnes,27-03-2026
Maharashtra,Pune,Pune APMC,Vegetables,Potato,Local,Local,600.00,"1,300.00",950.00,Rs./Quintal,811.50,Metric Tonnes,27-02-2026
Maharashtra,Pune,Pune APMC,Vegetables,Potato,Local,Local,500.00,"1,400.00",950.00,Rs./Quintal,107.50,Metric Tonnes,27-01-2026
Maharashtra,Pune,Pune APMC,Vegetables,Potato,Local,Local,"1,200.00","2,000.00","1,600.00",Rs./Quintal,676.00,Metric Tonnes,26-11-2025
Maharashtra,Pune,Pune APMC,Vegetables,Potato,Local,Local,700.00,"1,500.00","1,100.00",Rs./Quintal,723.70,Metric Tonnes,26-07-2026
Maharashtra,Pune,Pune APMC,Vegetables,Potato,Local,Local,800.00,"1,500.00","1,150.00",Rs./Quintal,607.70,Metric Tonnes,26-06-2026
Maharashtra,Pune,Pune APMC,Vegetables,Potato,Local,Local,800.00,"1,500.00","1,050.00",Rs./Quintal,579.10,Metric Tonnes,26-05-2026
Maharashtra,Pune,Pune APMC,Vegetables,Potato,Local,Local,500.00,"1,400.00",950.00,Rs./Quintal,812.40,Metric Tonnes,26-04-2026
Maharashtra,Pune,Pune APMC,Vegetables,Potato,Local,Local,400.00,"1,300.00",850.00,Rs./Quintal,675.50,Metric Tonnes,26-03-2026
Maharashtra,Pune,Pune APMC,Vegetables,Potato,Local,Local,700.00,"1,300.00","1,000.00",Rs./Quintal,722.50,Metric Tonnes,26-02-2026
Maharashtra,Pune,Pune APMC,Vegetables,Potato,Local,Local,700.00,"2,400.00","1,550.00",Rs./Quintal,605.30,Metric Tonnes,25-12-2025
Maharashtra,Pune,Pune APMC,Vegetables,Potato,Local,Local,800.00,"2,000.00","1,400.00",Rs./Quintal,735.40,Metric Tonnes,25-11-2025
Maharashtra,Pune,Pune APMC,Vegetables,Potato,Local,Local,"1,000.00","1,500.00","1,250.00",Rs./Quintal,779.10,Metric Tonnes,25-06-2026
Maharashtra,Pune,Pune APMC,Vegetables,Potato,Local,Local,500.00,"1,500.00","1,000.00",Rs./Quintal,408.80,Metric Tonnes,25-05-2026
Maharashtra,Pune,Pune APMC,Vegetables,Potato,Local,Local,400.00,"1,300.00",850.00,Rs./Quintal,613.60,Metric Tonnes,25-03-2026
Maharashtra,Pune,Pune APMC,Vegetables,Potato,Local,Local,700.00,"1,300.00","1,000.00",Rs./Quintal,788.40,Metric Tonnes,25-01-2026
Maharashtra,Pune,Pune APMC,Vegetables,Potato,Local,Local,500.00,"2,400.00","1,450.00",Rs./Quintal,742.00,Metric Tonnes,24-12-2025
Maharashtra,Pune,Pune APMC,Vegetables,Potato,Local,Local,"1,200.00","2,000.00","1,600.00",Rs./Quintal,586.90,Metric Tonnes,24-11-2025
Maharashtra,Pune,Pune APMC,Vegetables,Potato,Local,Local,"1,000.00","1,500.00","1,250.00",Rs./Quintal,604.90,Metric Tonnes,24-06-2026
Maharashtra,Pune,Pune APMC,Vegetables,Potato,Local,Local,500.00,"1,500.00","1,000.00",Rs./Quintal,943.20,Metric Tonnes,24-05-2026
Maharashtra,Pune,Pune APMC,Vegetables,Potato,Local,Local,300.00,"1,300.00",800.00,Rs./Quintal,617.10,Metric Tonnes,24-03-2026
Maharashtra,Pune,Pune APMC,Vegetables,Potato,Local,Local,600.00,"1,400.00","1,000.00",Rs./Quintal,595.90,Metric Tonnes,24-02-2026
Maharashtra,Pune,Pune APMC,Vegetables,Potato,Local,Local,500.00,"2,200.00","1,350.00",Rs./Quintal,657.30,Metric Tonnes,23-12-2025
Maharashtra,Pune,Pune APMC,Vegetables,Potato,Local,Local,"1,000.00","2,000.00","1,500.00",Rs./Quintal,892.30,Metric Tonnes,23-11-2025
Maharashtra,Pune,Pune APMC,Vegetables,Potato,Local,Local,800.00,"1,500.00","1,150.00",Rs./Quintal,780.00,Metric Tonnes,23-07-2026
Maharashtra,Pune,Pune APMC,Vegetables,Potato,Local,Local,"1,000.00","1,500.00","1,250.00",Rs./Quintal,684.10,Metric Tonnes,23-06-2026
Maharashtra,Pune,Pune APMC,Vegetables,Potato,Local,Local,500.00,"1,300.00",900.00,Rs./Quintal,518.10,Metric Tonnes,23-04-2026
Maharashtra,Pune,Pune APMC,Vegetables,Potato,Local,Local,500.00,"1,300.00",900.00,Rs./Quintal,629.60,Metric Tonnes,23-03-2026
Maharashtra,Pune,Pune APMC,Vegetables,Potato,Local,Local,400.00,"1,300.00",850.00,Rs./Quintal,775.10,Metric Tonnes,23-01-2026
Maharashtra,Pune,Pune APMC,Vegetables,Potato,Local,Local,500.00,"2,200.00","1,350.00",Rs./Quintal,606.50,Metric Tonnes,22-12-2025
Maharashtra,Pune,Pune APMC,Vegetables,Potato,Local,Local,700.00,"1,500.00","1,100.00",Rs./Quintal,549.40,Metric Tonnes,22-07-2026
Maharashtra,Pune,Pune APMC,Vegetables,Potato,Local,Local,"1,000.00","1,500.00","1,250.00",Rs./Quintal,517.10,Metric Tonnes,22-06-2026
Maharashtra,Pune,Pune APMC,Vegetables,Potato,Local,Local,500.00,"1,500.00","1,000.00",Rs./Quintal,505.10,Metric Tonnes,22-05-2026
Maharashtra,Pune,Pune APMC,Vegetables,Potato,Local,Local,500.00,"1,350.00",925.00,Rs./Quintal,648.10,Metric Tonnes,22-04-2026
Maharashtra,Pune,Pune APMC,Vegetables,Potato,Local,Local,500.00,"1,300.00",900.00,Rs./Quintal,635.10,Metric Tonnes,22-03-2026
Maharashtra,Pune,Pune APMC,Vegetables,Potato,Local,Local,700.00,"1,300.00","1,000.00",Rs./Quintal,717.80,Metric Tonnes,22-02-2026
Maharashtra,Pune,Pune APMC,Vegetables,Potato,Local,Local,400.00,"1,300.00",850.00,Rs./Quintal,704.70,Metric Tonnes,22-01-2026
Maharashtra,Pune,Pune APMC,Vegetables,Potato,Local,Local,500.00,"2,200.00","1,350.00",Rs./Quintal,897.30,Metric Tonnes,21-12-2025
Maharashtra,Pune,Pune APMC,Vegetables,Potato,Local,Local,"1,300.00","2,200.00","1,750.00",Rs./Quintal,661.70,Metric Tonnes,21-11-2025
Maharashtra,Pune,Pune APMC,Vegetables,Potato,Local,Local,700.00,"1,500.00","1,100.00",Rs./Quintal,959.70,Metric Tonnes,21-08-2026
Maharashtra,Pune,Pune APMC,Vegetables,Potato,Local,Local,800.00,"1,500.00","1,150.00",Rs./Quintal,779.20,Metric Tonnes,21-07-2026
Maharashtra,Pune,Pune APMC,Vegetables,Potato,Local,Local,"1,000.00","1,500.00","1,250.00",Rs./Quintal,935.40,Metric Tonnes,21-06-2026
Maharashtra,Pune,Pune APMC,Vegetables,Potato,Local,Local,500.00,"1,500.00","1,000.00",Rs./Quintal,487.50,Metric Tonnes,21-05-2026
Maharashtra,Pune,Pune APMC,Vegetables,Potato,Local,Local,500.00,"1,200.00",900.00,Rs./Quintal,384.40,Metric Tonnes,21-04-2026
Maharashtra,Pune,Pune APMC,Vegetables,Potato,Local,Local,700.00,"1,300.00","1,000.00",Rs./Quintal,539.60,Metric Tonnes,21-01-2026
Maharashtra,Pune,Pune APMC,Vegetables,Potato,Local,Local,"1,400.00","2,200.00","1,800.00",Rs./Quintal,785.50,Metric Tonnes,20-11-2025
Maharashtra,Pune,Pune APMC,Vegetables,Potato,Local,Local,700.00,"1,500.00","1,100.00",Rs./Quintal,504.10,Metric Tonnes,20-08-2026
Maharashtra,Pune,Pune APMC,Vegetables,Potato,Local,Local,800.00,"1,600.00","1,200.00",Rs./Quintal,523.30,Metric Tonnes,20-07-2026
Maharashtra,Pune,Pune APMC,Vegetables,Potato,Local,Local,500.00,"1,500.00","1,000.00",Rs./Quintal,366.40,Metric Tonnes,20-05-2026
Maharashtra,Pune,Pune APMC,Vegetables,Potato,Local,Local,500.00,"1,300.00",800.00,Rs./Quintal,341.40,Metric Tonnes,20-04-2026
Maharashtra,Pune,Pune APMC,Vegetables,Potato,Local,Local,500.00,"1,400.00",950.00,Rs./Quintal,567.00,Metric Tonnes,20-03-2026
Maharashtra,Pune,Pune APMC,Vegetables,Potato,Local,Local,700.00,"1,300.00","1,000.00",Rs./Quintal,724.30,Metric Tonnes,20-02-2026
Maharashtra,Pune,Pune APMC,Vegetables,Potato,Local,Local,400.00,"2,500.00","1,450.00",Rs./Quintal,590.30,Metric Tonnes,19-12-2025
Maharashtra,Pune,Pune APMC,Vegetables,Potato,Local,Local,"1,200.00","2,100.00","1,650.00",Rs./Quintal,518.80,Metric Tonnes,19-11-2025
Maharashtra,Pune,Pune APMC,Vegetables,Potato,Local,Local,700.00,"1,500.00","1,100.00",Rs./Quintal,"1,161.00",Metric Tonnes,19-07-2026
Maharashtra,Pune,Pune APMC,Vegetables,Potato,Local,Local,"1,000.00","1,600.00","1,300.00",Rs./Quintal,543.10,Metric Tonnes,19-06-2026
Maharashtra,Pune,Pune APMC,Vegetables,Potato,Local,Local,500.00,"1,500.00","1,000.00",Rs./Quintal,822.70,Metric Tonnes,19-05-2026
Maharashtra,Pune,Pune APMC,Vegetables,Potato,Local,Local,500.00,"1,300.00",900.00,Rs./Quintal,674.70,Metric Tonnes,19-04-2026
Maharashtra,Pune,Pune APMC,Vegetables,Potato,Local,Local,500.00,"1,300.00",900.00,Rs./Quintal,648.90,Metric Tonnes,19-03-2026
Maharashtra,Pune,Pune APMC,Vegetables,Potato,Local,Local,800.00,"1,300.00","1,050.00",Rs./Quintal,530.30,Metric Tonnes,19-02-2026
Maharashtra,Pune,Pune APMC,Vegetables,Potato,Local,Local,400.00,"2,400.00","1,400.00",Rs./Quintal,778.80,Metric Tonnes,18-12-2025
Maharashtra,Pune,Pune APMC,Vegetables,Potato,Local,Local,"1,200.00","2,200.00","1,700.00",Rs./Quintal,691.00,Metric Tonnes,18-11-2025
Maharashtra,Pune,Pune APMC,Vegetables,Potato,Local,Local,800.00,"1,500.00","1,150.00",Rs./Quintal,495.20,Metric Tonnes,18-06-2026
Maharashtra,Pune,Pune APMC,Vegetables,Potato,Local,Local,500.00,"1,500.00","1,000.00",Rs./Quintal,538.30,Metric Tonnes,18-05-2026
Maharashtra,Pune,Pune APMC,Vegetables,Potato,Local,Local,500.00,"1,400.00",950.00,Rs./Quintal,624.80,Metric Tonnes,18-03-2026
Maharashtra,Pune,Pune APMC,Vegetables,Potato,Local,Local,800.00,"1,300.00","1,050.00",Rs./Quintal,578.50,Metric Tonnes,18-02-2026
Maharashtra,Pune,Pune APMC,Vegetables,Potato,Local,Local,500.00,"2,500.00","1,500.00",Rs./Quintal,716.80,Metric Tonnes,17-12-2025
Maharashtra,Pune,Pune APMC,Vegetables,Potato,Local,Local,"1,300.00","2,100.00","1,700.00",Rs./Quintal,635.00,Metric Tonnes,17-11-2025
Maharashtra,Pune,Pune APMC,Vegetables,Potato,Local,Local,700.00,"1,600.00","1,150.00",Rs./Quintal,906.10,Metric Tonnes,17-08-2026
Maharashtra,Pune,Pune APMC,Vegetables,Potato,Local,Local,800.00,"1,600.00","1,200.00",Rs./Quintal,826.90,Metric Tonnes,17-07-2026
Maharashtra,Pune,Pune APMC,Vegetables,Potato,Local,Local,800.00,"1,600.00","1,200.00",Rs./Quintal,381.90,Metric Tonnes,17-06-2026
Maharashtra,Pune,Pune APMC,Vegetables,Potato,Local,Local,500.00,"1,500.00","1,000.00",Rs./Quintal,"1,007.80",Metric Tonnes,17-05-2026
Maharashtra,Pune,Pune APMC,Vegetables,Potato,Local,Local,500.00,"1,300.00",900.00,Rs./Quintal,472.00,Metric Tonnes,17-04-2026
Maharashtra,Pune,Pune APMC,Vegetables,Potato,Local,Local,500.00,"1,400.00",950.00,Rs./Quintal,455.90,Metric Tonnes,17-03-2026
Maharashtra,Pune,Pune APMC,Vegetables,Potato,Local,Local,800.00,"1,300.00","1,050.00",Rs./Quintal,503.60,Metric Tonnes,17-02-2026
Maharashtra,Pune,Pune APMC,Vegetables,Potato,Local,Local,500.00,"2,400.00","1,450.00",Rs./Quintal,659.10,Metric Tonnes,16-12-2025
Maharashtra,Pune,Pune APMC,Vegetables,Potato,Local,Local,"1,300.00","2,200.00","1,750.00",Rs./Quintal,"1,288.00",Metric Tonnes,16-11-2025
Maharashtra,Pune,Pune APMC,Vegetables,Potato,Local,Local,700.00,"1,500.00","1,100.00",Rs./Quintal,"1,135.00",Metric Tonnes,16-08-2026
Maharashtra,Pune,Pune APMC,Vegetables,Potato,Local,Local,"1,200.00","1,500.00","1,350.00",Rs./Quintal,838.40,Metric Tonnes,16-07-2026
Maharashtra,Pune,Pune APMC,Vegetables,Potato,Local,Local,800.00,"1,500.00","1,150.00",Rs./Quintal,585.10,Metric Tonnes,16-06-2026
Maharashtra,Pune,Pune APMC,Vegetables,Potato,Local,Local,500.00,"1,300.00",900.00,Rs./Quintal,469.00,Metric Tonnes,16-03-2026
Maharashtra,Pune,Pune APMC,Vegetables,Potato,Local,Local,700.00,"1,300.00","1,000.00",Rs./Quintal,504.60,Metric Tonnes,16-02-2026
Maharashtra,Pune,Pune APMC,Vegetables,Potato,Local,Local,700.00,"1,400.00","1,050.00",Rs./Quintal,930.30,Metric Tonnes,16-01-2026
Maharashtra,Pune,Pune APMC,Vegetables,Potato,Local,Local,500.00,"2,400.00","1,450.00",Rs./Quintal,970.70,Metric Tonnes,15-12-2025
Maharashtra,Pune,Pune APMC,Vegetables,Potato,Local,Local,"1,200.00","1,600.00","1,400.00",Rs./Quintal,748.30,Metric Tonnes,15-07-2026
Maharashtra,Pune,Pune APMC,Vegetables,Potato,Local,Local,800.00,"1,600.00","1,200.00",Rs./Quintal,539.00,Metric Tonnes,15-06-2026
Maharashtra,Pune,Pune APMC,Vegetables,Potato,Local,Local,500.00,"1,500.00","1,000.00",Rs./Quintal,340.60,Metric Tonnes,15-05-2026
Maharashtra,Pune,Pune APMC,Vegetables,Potato,Local,Local,500.00,"1,300.00",900.00,Rs./Quintal,452.60,Metric Tonnes,15-04-2026
Maharashtra,Pune,Pune APMC,Vegetables,Potato,Local,Local,500.00,"1,400.00",950.00,Rs./Quintal,"1,150.20",Metric Tonnes,15-03-2026
Maharashtra,Pune,Pune APMC,Vegetables,Potato,Local,Local,600.00,"1,300.00",950.00,Rs./Quintal,813.80,Metric Tonnes,15-02-2026
Maharashtra,Pune,Pune APMC,Vegetables,Potato,Local,Local,500.00,"2,200.00","1,350.00",Rs./Quintal,"1,313.30",Metric Tonnes,14-12-2025
Maharashtra,Pune,Pune APMC,Vegetables,Potato,Local,Local,"1,600.00","2,300.00","1,950.00",Rs./Quintal,619.70,Metric Tonnes,14-11-2025
Maharashtra,Pune,Pune APMC,Vegetables,Potato,Local,Local,700.00,"1,500.00","1,100.00",Rs./Quintal,452.30,Metric Tonnes,14-08-2026
Maharashtra,Pune,Pune APMC,Vegetables,Potato,Local,Local,"1,000.00","1,600.00","1,300.00",Rs./Quintal,494.90,Metric Tonnes,14-07-2026
Maharashtra,Pune,Pune APMC,Vegetables,Potato,Local,Local,500.00,"1,400.00",950.00,Rs./Quintal,663.20,Metric Tonnes,14-05-2026
Maharashtra,Pune,Pune APMC,Vegetables,Potato,Local,Local,400.00,"1,300.00",850.00,Rs./Quintal,659.40,Metric Tonnes,14-04-2026
Maharashtra,Pune,Pune APMC,Vegetables,Potato,Local,Local,700.00,"1,400.00","1,050.00",Rs./Quintal,634.80,Metric Tonnes,14-01-2026
Maharashtra,Pune,Pune APMC,Vegetables,Potato,Local,Local,700.00,"1,500.00","1,100.00",Rs./Quintal,600.40,Metric Tonnes,13-08-2026
Maharashtra,Pune,Pune APMC,Vegetables,Potato,Local,Local,"1,000.00","1,600.00","1,300.00",Rs./Quintal,709.60,Metric Tonnes,13-07-2026
Maharashtra,Pune,Pune APMC,Vegetables,Potato,Local,Local,500.00,"1,400.00",950.00,Rs./Quintal,420.80,Metric Tonnes,13-05-2026
Maharashtra,Pune,Pune APMC,Vegetables,Potato,Local,Local,400.00,"1,300.00",850.00,Rs./Quintal,594.20,Metric Tonnes,13-04-2026
Maharashtra,Pune,Pune APMC,Vegetables,Potato,Local,Local,500.00,"1,500.00","1,000.00",Rs./Quintal,508.10,Metric Tonnes,13-03-2026
Maharashtra,Pune,Pune APMC,Vegetables,Potato,Local,Local,600.00,"1,200.00",900.00,Rs./Quintal,829.70,Metric Tonnes,13-02-2026
Maharashtra,Pune,Pune APMC,Vegetables,Potato,Local,Local,700.00,"1,400.00","1,050.00",Rs./Quintal,607.00,Metric Tonnes,13-01-2026
Maharashtra,Pune,Pune APMC,Vegetables,Potato,Local,Local,600.00,"2,300.00","1,450.00",Rs./Quintal,876.90,Metric Tonnes,12-12-2025
Maharashtra,Pune,Pune APMC,Vegetables,Potato,Local,Local,"1,400.00","2,100.00","1,750.00",Rs./Quintal,658.90,Metric Tonnes,12-11-2025
Maharashtra,Pune,Pune APMC,Vegetables,Potato,Local,Local,600.00,"1,500.00","1,050.00",Rs./Quintal,441.10,Metric Tonnes,12-08-2026
Maharashtra,Pune,Pune APMC,Vegetables,Potato,Local,Local,"1,100.00","1,500.00","1,300.00",Rs./Quintal,925.20,Metric Tonnes,12-07-2026
Maharashtra,Pune,Pune APMC,Vegetables,Potato,Local,Local,700.00,"1,500.00","1,100.00",Rs./Quintal,425.50,Metric Tonnes,12-06-2026
Maharashtra,Pune,Pune APMC,Vegetables,Potato,Local,Local,500.00,"1,450.00",975.00,Rs./Quintal,505.70,Metric Tonnes,12-05-2026
Maharashtra,Pune,Pune APMC,Vegetables,Potato,Local,Local,500.00,"1,300.00",900.00,Rs./Quintal,855.90,Metric Tonnes,12-04-2026
Maharashtra,Pune,Pune APMC,Vegetables,Potato,Local,Local,700.00,"1,300.00","1,000.00",Rs./Quintal,737.80,Metric Tonnes,12-02-2026
Maharashtra,Pune,Pune APMC,Vegetables,Potato,Local,Local,600.00,"1,300.00",950.00,Rs./Quintal,412.20,Metric Tonnes,12-01-2026
Maharashtra,Pune,Pune APMC,Vegetables,Potato,Local,Local,600.00,"2,400.00","1,500.00",Rs./Quintal,836.90,Metric Tonnes,11-12-2025
Maharashtra,Pune,Pune APMC,Vegetables,Potato,Local,Local,"1,500.00","2,400.00","1,950.00",Rs./Quintal,670.70,Metric Tonnes,11-11-2025
Maharashtra,Pune,Pune APMC,Vegetables,Potato,Local,Local,700.00,"1,500.00","1,100.00",Rs./Quintal,614.10,Metric Tonnes,11-08-2026
Maharashtra,Pune,Pune APMC,Vegetables,Potato,Local,Local,700.00,"1,500.00","1,100.00",Rs./Quintal,657.50,Metric Tonnes,11-06-2026
Maharashtra,Pune,Pune APMC,Vegetables,Potato,Local,Local,500.00,"1,500.00","1,000.00",Rs./Quintal,784.70,Metric Tonnes,11-05-2026
Maharashtra,Pune,Pune APMC,Vegetables,Potato,Local,Local,600.00,"1,400.00","1,000.00",Rs./Quintal,822.60,Metric Tonnes,11-03-2026
Maharashtra,Pune,Pune APMC,Vegetables,Potato,Local,Local,500.00,"1,300.00",900.00,Rs./Quintal,636.80,Metric Tonnes,11-02-2026
Maharashtra,Pune,Pune APMC,Vegetables,Potato,Local,Local,500.00,"1,300.00",900.00,Rs./Quintal,875.10,Metric Tonnes,11-01-2026
Maharashtra,Pune,Pune APMC,Vegetables,Potato,Local,Local,"1,500.00","2,300.00","1,900.00",Rs./Quintal,798.70,Metric Tonnes,10-11-2025
Maharashtra,Pune,Pune APMC,Vegetables,Potato,Local,Local,800.00,"1,500.00","1,150.00",Rs./Quintal,837.10,Metric Tonnes,10-08-2026
Maharashtra,Pune,Pune APMC,Vegetables,Potato,Local,Local,"1,000.00","1,600.00","1,300.00",Rs./Quintal,392.30,Metric Tonnes,10-07-2026
Maharashtra,Pune,Pune APMC,Vegetables,Potato,Local,Local,800.00,"1,500.00","1,150.00",Rs./Quintal,446.50,Metric Tonnes,10-06-2026
Maharashtra,Pune,Pune APMC,Vegetables,Potato,Local,Local,600.00,"1,500.00","1,050.00",Rs./Quintal,728.20,Metric Tonnes,10-05-2026
Maharashtra,Pune,Pune APMC,Vegetables,Potato,Local,Local,500.00,"1,300.00",900.00,Rs./Quintal,748.00,Metric Tonnes,10-04-2026
Maharashtra,Pune,Pune APMC,Vegetables,Potato,Local,Local,600.00,"1,400.00","1,000.00",Rs./Quintal,679.90,Metric Tonnes,10-03-2026
Maharashtra,Pune,Pune APMC,Vegetables,Potato,Local,Local,700.00,"1,300.00","1,000.00",Rs./Quintal,609.10,Metric Tonnes,10-02-2026
Maharashtra,Pune,Pune APMC,Vegetables,Potato,Local,Local,700.00,"2,300.00","1,500.00",Rs./Quintal,702.20,Metric Tonnes,09-12-2025
Maharashtra,Pune,Pune APMC,Vegetables,Potato,Local,Local,"1,500.00","2,400.00","1,950.00",Rs./Quintal,939.60,Metric Tonnes,09-11-2025
Maharashtra,Pune,Pune APMC,Vegetables,Potato,Local,Local,800.00,"1,500.00","1,150.00",Rs./Quintal,"1,023.80",Metric Tonnes,09-08-2026
Maharashtra,Pune,Pune APMC,Vegetables,Potato,Local,Local,800.00,"1,600.00","1,200.00",Rs./Quintal,529.60,Metric Tonnes,09-07-2026
Maharashtra,Pune,Pune APMC,Vegetables,Potato,Local,Local,800.00,"1,500.00","1,150.00",Rs./Quintal,828.60,Metric Tonnes,09-06-2026
Maharashtra,Pune,Pune APMC,Vegetables,Potato,Local,Local,500.00,"1,400.00",950.00,Rs./Quintal,982.00,Metric Tonnes,09-04-2026
Maharashtra,Pune,Pune APMC,Vegetables,Potato,Local,Local,700.00,"1,400.00","1,050.00",Rs./Quintal,706.60,Metric Tonnes,09-03-2026
Maharashtra,Pune,Pune APMC,Vegetables,Potato,Local,Local,700.00,"1,300.00","1,000.00",Rs./Quintal,475.40,Metric Tonnes,09-02-2026
Maharashtra,Pune,Pune APMC,Vegetables,Potato,Local,Local,400.00,"1,300.00",850.00,Rs./Quintal,641.00,Metric Tonnes,09-01-2026
Maharashtra,Pune,Pune APMC,Vegetables,Potato,Local,Local,700.00,"2,300.00","1,500.00",Rs./Quintal,419.20,Metric Tonnes,08-12-2025
Maharashtra,Pune,Pune APMC,Vegetables,Potato,Local,Local,900.00,"1,500.00","1,200.00",Rs./Quintal,814.90,Metric Tonnes,08-06-2026
Maharashtra,Pune,Pune APMC,Vegetables,Potato,Local,Local,500.00,"1,400.00",950.00,Rs./Quintal,639.30,Metric Tonnes,08-04-2026
Maharashtra,Pune,Pune APMC,Vegetables,Potato,Local,Local,600.00,"1,400.00","1,000.00",Rs./Quintal,922.80,Metric Tonnes,08-03-2026
Maharashtra,Pune,Pune APMC,Vegetables,Potato,Local,Local,700.00,"1,300.00","1,000.00",Rs./Quintal,512.50,Metric Tonnes,08-02-2026
Maharashtra,Pune,Pune APMC,Vegetables,Potato,Local,Local,500.00,"1,300.00",900.00,Rs./Quintal,618.90,Metric Tonnes,08-01-2026
Maharashtra,Pune,Pune APMC,Vegetables,Potato,Local,Local,500.00,"2,200.00","1,350.00",Rs./Quintal,"1,170.00",Metric Tonnes,07-12-2025
Maharashtra,Pune,Pune APMC,Vegetables,Potato,Local,Local,"1,500.00","2,500.00","2,000.00",Rs./Quintal,928.00,Metric Tonnes,07-11-2025
Maharashtra,Pune,Pune APMC,Vegetables,Potato,Local,Local,700.00,"1,500.00","1,100.00",Rs./Quintal,700.10,Metric Tonnes,07-08-2026
Maharashtra,Pune,Pune APMC,Vegetables,Potato,Local,Local,800.00,"1,600.00","1,200.00",Rs./Quintal,461.60,Metric Tonnes,07-07-2026
Maharashtra,Pune,Pune APMC,Vegetables,Potato,Local,Local,"1,000.00","1,500.00","1,250.00",Rs./Quintal,968.80,Metric Tonnes,07-06-2026
Maharashtra,Pune,Pune APMC,Vegetables,Potato,Local,Local,500.00,"1,400.00",950.00,Rs./Quintal,641.00,Metric Tonnes,07-04-2026
Maharashtra,Pune,Pune APMC,Vegetables,Potato,Local,Local,500.00,"1,500.00","1,000.00",Rs./Quintal,674.90,Metric Tonnes,07-01-2026
Maharashtra,Pune,Pune APMC,Vegetables,Potato,Local,Local,700.00,"1,500.00","1,100.00",Rs./Quintal,536.30,Metric Tonnes,06-08-2026
Maharashtra,Pune,Pune APMC,Vegetables,Potato,Local,Local,800.00,"1,600.00","1,200.00",Rs./Quintal,635.10,Metric Tonnes,06-07-2026
Maharashtra,Pune,Pune APMC,Vegetables,Potato,Local,Local,700.00,"1,400.00","1,050.00",Rs./Quintal,484.30,Metric Tonnes,06-04-2026
Maharashtra,Pune,Pune APMC,Vegetables,Potato,Local,Local,600.00,"1,400.00","1,000.00",Rs./Quintal,431.50,Metric Tonnes,06-03-2026
Maharashtra,Pune,Pune APMC,Vegetables,Potato,Local,Local,500.00,"1,300.00",900.00,Rs./Quintal,680.80,Metric Tonnes,06-02-2026
Maharashtra,Pune,Pune APMC,Vegetables,Potato,Local,Local,500.00,"1,500.00","1,000.00",Rs./Quintal,781.60,Metric Tonnes,06-01-2026
Maharashtra,Pune,Pune APMC,Vegetables,Potato,Local,Local,500.00,"2,000.00","1,250.00",Rs./Quintal,557.60,Metric Tonnes,05-12-2025
Maharashtra,Pune,Pune APMC,Vegetables,Potato,Local,Local,700.00,"1,500.00","1,100.00",Rs./Quintal,636.30,Metric Tonnes,05-08-2026
Maharashtra,Pune,Pune APMC,Vegetables,Potato,Local,Local,800.00,"1,500.00","1,150.00",Rs./Quintal,905.90,Metric Tonnes,05-07-2026
Maharashtra,Pune,Pune APMC,Vegetables,Potato,Local,Local,800.00,"1,500.00","1,150.00",Rs./Quintal,475.30,Metric Tonnes,05-06-2026
Maharashtra,Pune,Pune APMC,Vegetables,Potato,Local,Local,500.00,"1,500.00","1,000.00",Rs./Quintal,592.40,Metric Tonnes,05-05-2026
Maharashtra,Pune,Pune APMC,Vegetables,Potato,Local,Local,500.00,"1,400.00",950.00,Rs./Quintal,720.50,Metric Tonnes,05-04-2026
Maharashtra,Pune,Pune APMC,Vegetables,Potato,Local,Local,700.00,"1,300.00","1,000.00",Rs./Quintal,382.50,Metric Tonnes,05-03-2026
Maharashtra,Pune,Pune APMC,Vegetables,Potato,Local,Local,600.00,"1,300.00",950.00,Rs./Quintal,675.30,Metric Tonnes,05-02-2026
Maharashtra,Pune,Pune APMC,Vegetables,Potato,Local,Local,500.00,"1,500.00","1,000.00",Rs./Quintal,653.40,Metric Tonnes,05-01-2026
Maharashtra,Pune,Pune APMC,Vegetables,Potato,Local,Local,500.00,"2,100.00","1,300.00",Rs./Quintal,800.00,Metric Tonnes,04-12-2025
Maharashtra,Pune,Pune APMC,Vegetables,Potato,Local,Local,700.00,"1,500.00","1,100.00",Rs./Quintal,660.30,Metric Tonnes,04-08-2026
Maharashtra,Pune,Pune APMC,Vegetables,Potato,Local,Local,600.00,"1,500.00","1,050.00",Rs./Quintal,554.20,Metric Tonnes,04-06-2026
Maharashtra,Pune,Pune APMC,Vegetables,Potato,Local,Local,500.00,"1,500.00","1,000.00",Rs./Quintal,408.60,Metric Tonnes,04-05-2026
Maharashtra,Pune,Pune APMC,Vegetables,Potato,Local,Local,700.00,"1,300.00","1,000.00",Rs./Quintal,656.60,Metric Tonnes,04-03-2026
Maharashtra,Pune,Pune APMC,Vegetables,Potato,Local,Local,500.00,"1,300.00",900.00,Rs./Quintal,743.40,Metric Tonnes,04-02-2026
Maharashtra,Pune,Pune APMC,Vegetables,Potato,Local,Local,500.00,"1,500.00","1,000.00",Rs./Quintal,872.80,Metric Tonnes,04-01-2026
Maharashtra,Pune,Pune APMC,Vegetables,Potato,Local,Local,700.00,"2,000.00","1,350.00",Rs./Quintal,597.20,Metric Tonnes,03-12-2025
Maharashtra,Pune,Pune APMC,Vegetables,Potato,Local,Local,700.00,"1,500.00","1,100.00",Rs./Quintal,691.10,Metric Tonnes,03-08-2026
Maharashtra,Pune,Pune APMC,Vegetables,Potato,Local,Local,800.00,"1,500.00","1,150.00",Rs./Quintal,664.40,Metric Tonnes,03-06-2026
Maharashtra,Pune,Pune APMC,Vegetables,Potato,Local,Local,500.00,"1,400.00",950.00,Rs./Quintal,652.70,Metric Tonnes,03-05-2026
Maharashtra,Pune,Pune APMC,Vegetables,Potato,Local,Local,500.00,"1,400.00",950.00,Rs./Quintal,543.00,Metric Tonnes,03-04-2026
Maharashtra,Pune,Pune APMC,Vegetables,Potato,Local,Local,500.00,"1,400.00",950.00,Rs./Quintal,636.20,Metric Tonnes,03-02-2026
Maharashtra,Pune,Pune APMC,Vegetables,Potato,Local,Local,500.00,"2,100.00","1,300.00",Rs./Quintal,622.70,Metric Tonnes,02-12-2025
Maharashtra,Pune,Pune APMC,Vegetables,Potato,Local,Local,700.00,"1,500.00","1,100.00",Rs./Quintal,746.70,Metric Tonnes,02-08-2026
Maharashtra,Pune,Pune APMC,Vegetables,Potato,Local,Local,800.00,"1,500.00","1,150.00",Rs./Quintal,494.20,Metric Tonnes,02-07-2026
Maharashtra,Pune,Pune APMC,Vegetables,Potato,Local,Local,800.00,"1,500.00","1,150.00",Rs./Quintal,644.10,Metric Tonnes,02-06-2026
Maharashtra,Pune,Pune APMC,Vegetables,Potato,Local,Local,600.00,"1,300.00",950.00,Rs./Quintal,562.50,Metric Tonnes,02-04-2026
Maharashtra,Pune,Pune APMC,Vegetables,Potato,Local,Local,500.00,"1,400.00",950.00,Rs./Quintal,899.80,Metric Tonnes,02-02-2026
Maharashtra,Pune,Pune APMC,Vegetables,Potato,Local,Local,500.00,"1,500.00","1,000.00",Rs./Quintal,876.10,Metric Tonnes,02-01-2026
Maharashtra,Pune,Pune APMC,Vegetables,Potato,Local,Local,600.00,"2,100.00","1,350.00",Rs./Quintal,730.80,Metric Tonnes,01-12-2025
Maharashtra,Pune,Pune APMC,Vegetables,Potato,Local,Local,800.00,"1,500.00","1,150.00",Rs./Quintal,674.40,Metric Tonnes,01-07-2026
Maharashtra,Pune,Pune APMC,Vegetables,Potato,Local,Local,900.00,"1,500.00","1,200.00",Rs./Quintal,488.50,Metric Tonnes,01-06-2026
Maharashtra,Pune,Pune APMC,Vegetables,Potato,Local,Local,500.00,"1,300.00",900.00,Rs./Quintal,479.70,Metric Tonnes,01-04-2026
Maharashtra,Pune,Pune APMC,Vegetables,Potato,Local,Local,600.00,"1,300.00",950.00,Rs./Quintal,983.40,Metric Tonnes,01-03-2026
Maharashtra,Pune,Pune APMC,Vegetables,Potato,Local,Local,500.00,"1,400.00",950.00,Rs./Quintal,785.30,Metric Tonnes,01-02-2026
Maharashtra,Pune,Pune APMC,Vegetables,Potato,Local,Local,500.00,"1,500.00","1,000.00",Rs./Quintal,522.00,Metric Tonnes,01-01-2026
Maharashtra,Pune,Pune(Khadiki) APMC,Vegetables,Potato,Local,Local,800.00,"1,200.00","1,000.00",Rs./Quintal,0.70,Metric Tonnes,31-12-2025
Maharashtra,Pune,Pune(Khadiki) APMC,Vegetables,Potato,Local,Local,700.00,"1,200.00",950.00,Rs./Quintal,0.50,Metric Tonnes,31-07-2026
Maharashtra,Pune,Pune(Khadiki) APMC,Vegetables,Potato,Local,Local,700.00,"1,200.00",950.00,Rs./Quintal,0.70,Metric Tonnes,31-05-2026
Maharashtra,Pune,Pune(Khadiki) APMC,Vegetables,Potato,Local,Local,700.00,"1,200.00",950.00,Rs./Quintal,0.70,Metric Tonnes,31-03-2026
Maharashtra,Pune,Pune(Khadiki) APMC,Vegetables,Potato,Local,Local,700.00,"1,300.00","1,000.00",Rs./Quintal,1.60,Metric Tonnes,31-01-2026
Maharashtra,Pune,Pune(Khadiki) APMC,Vegetables,Potato,Local,Local,800.00,"1,200.00","1,000.00",Rs./Quintal,0.80,Metric Tonnes,30-12-2025
Maharashtra,Pune,Pune(Khadiki) APMC,Vegetables,Potato,Local,Local,800.00,"1,200.00","1,000.00",Rs./Quintal,0.70,Metric Tonnes,30-07-2026
Maharashtra,Pune,Pune(Khadiki) APMC,Vegetables,Potato,Local,Local,800.00,"1,000.00",900.00,Rs./Quintal,0.80,Metric Tonnes,30-06-2026
Maharashtra,Pune,Pune(Khadiki) APMC,Vegetables,Potato,Local,Local,800.00,"1,100.00",950.00,Rs./Quintal,0.70,Metric Tonnes,30-05-2026
Maharashtra,Pune,Pune(Khadiki) APMC,Vegetables,Potato,Local,Local,800.00,"1,200.00","1,000.00",Rs./Quintal,1.00,Metric Tonnes,30-03-2026
Maharashtra,Pune,Pune(Khadiki) APMC,Vegetables,Potato,Local,Local,700.00,"1,200.00",950.00,Rs./Quintal,2.10,Metric Tonnes,30-01-2026
Maharashtra,Pune,Pune(Khadiki) APMC,Vegetables,Potato,Local,Local,800.00,"1,300.00","1,050.00",Rs./Quintal,1.30,Metric Tonnes,29-11-2025
Maharashtra,Pune,Pune(Khadiki) APMC,Vegetables,Potato,Local,Local,900.00,"1,200.00","1,050.00",Rs./Quintal,0.70,Metric Tonnes,29-07-2026
Maharashtra,Pune,Pune(Khadiki) APMC,Vegetables,Potato,Local,Local,800.00,"1,200.00","1,000.00",Rs./Quintal,0.90,Metric Tonnes,29-04-2026
Maharashtra,Pune,Pune(Khadiki) APMC,Vegetables,Potato,Local,Local,700.00,"1,200.00",950.00,Rs./Quintal,0.90,Metric Tonnes,29-03-2026
Maharashtra,Pune,Pune(Khadiki) APMC,Vegetables,Potato,Local,Local,800.00,"1,300.00","1,050.00",Rs./Quintal,1.00,Metric Tonnes,28-11-2025
Maharashtra,Pune,Pune(Khadiki) APMC,Vegetables,Potato,Local,Local,800.00,"1,200.00","1,000.00",Rs./Quintal,0.60,Metric Tonnes,28-07-2026
Maharashtra,Pune,Pune(Khadiki) APMC,Vegetables,Potato,Local,Local,800.00,"1,200.00","1,000.00",Rs./Quintal,0.60,Metric Tonnes,28-06-2026
Maharashtra,Pune,Pune(Khadiki) APMC,Vegetables,Potato,Local,Local,800.00,"1,200.00","1,000.00",Rs./Quintal,0.70,Metric Tonnes,28-05-2026
Maharashtra,Pune,Pune(Khadiki) APMC,Vegetables,Potato,Local,Local,700.00,"1,200.00",950.00,Rs./Quintal,0.80,Metric Tonnes,28-04-2026
Maharashtra,Pune,Pune(Khadiki) APMC,Vegetables,Potato,Local,Local,800.00,"1,200.00","1,000.00",Rs./Quintal,0.70,Metric Tonnes,28-03-2026
Maharashtra,Pune,Pune(Khadiki) APMC,Vegetables,Potato,Local,Local,900.00,"1,300.00","1,100.00",Rs./Quintal,1.50,Metric Tonnes,28-01-2026
Maharashtra,Pune,Pune(Khadiki) APMC,Vegetables,Potato,Local,Local,800.00,"1,200.00","1,000.00",Rs./Quintal,0.90,Metric Tonnes,27-11-2025
Maharashtra,Pune,Pune(Khadiki) APMC,Vegetables,Potato,Local,Local,800.00,"1,200.00","1,000.00",Rs./Quintal,0.70,Metric Tonnes,27-07-2026
Maharashtra,Pune,Pune(Khadiki) APMC,Vegetables,Potato,Local,Local,500.00,"1,200.00",950.00,Rs./Quintal,0.70,Metric Tonnes,27-04-2026
Maharashtra,Pune,Pune(Khadiki) APMC,Vegetables,Potato,Local,Local,800.00,"1,200.00","1,000.00",Rs./Quintal,0.80,Metric Tonnes,27-02-2026
Maharashtra,Pune,Pune(Khadiki) APMC,Vegetables,Potato,Local,Local,700.00,"1,200.00",950.00,Rs./Quintal,1.70,Metric Tonnes,27-01-2026
Maharashtra,Pune,Pune(Khadiki) APMC,Vegetables,Potato,Local,Local,700.00,"1,200.00",950.00,Rs./Quintal,0.60,Metric Tonnes,26-12-2025
Maharashtra,Pune,Pune(Khadiki) APMC,Vegetables,Potato,Local,Local,700.00,"1,300.00","1,000.00",Rs./Quintal,1.00,Metric Tonnes,26-11-2025
Maharashtra,Pune,Pune(Khadiki) APMC,Vegetables,Potato,Local,Local,800.00,"1,200.00","1,000.00",Rs./Quintal,0.90,Metric Tonnes,26-07-2026
Maharashtra,Pune,Pune(Khadiki) APMC,Vegetables,Potato,Local,Local,900.00,"1,300.00","1,050.00",Rs./Quintal,0.70,Metric Tonnes,26-06-2026
Maharashtra,Pune,Pune(Khadiki) APMC,Vegetables,Potato,Local,Local,700.00,"1,000.00",950.00,Rs./Quintal,0.60,Metric Tonnes,26-04-2026
Maharashtra,Pune,Pune(Khadiki) APMC,Vegetables,Potato,Local,Local,800.00,"1,200.00","1,000.00",Rs./Quintal,0.80,Metric Tonnes,26-03-2026
Maharashtra,Pune,Pune(Khadiki) APMC,Vegetables,Potato,Local,Local,700.00,"1,200.00",950.00,Rs./Quintal,1.00,Metric Tonnes,26-02-2026
Maharashtra,Pune,Pune(Khadiki) APMC,Vegetables,Potato,Local,Local,800.00,"1,200.00","1,000.00",Rs./Quintal,0.50,Metric Tonnes,25-12-2025
Maharashtra,Pune,Pune(Khadiki) APMC,Vegetables,Potato,Local,Local,800.00,"1,200.00","1,000.00",Rs./Quintal,1.10,Metric Tonnes,25-07-2026
Maharashtra,Pune,Pune(Khadiki) APMC,Vegetables,Potato,Local,Local,800.00,"1,200.00","1,000.00",Rs./Quintal,0.70,Metric Tonnes,25-06-2026
Maharashtra,Pune,Pune(Khadiki) APMC,Vegetables,Potato,Local,Local,700.00,"1,200.00",950.00,Rs./Quintal,0.80,Metric Tonnes,25-05-2026
Maharashtra,Pune,Pune(Khadiki) APMC,Vegetables,Potato,Local,Local,700.00,"1,200.00",950.00,Rs./Quintal,0.80,Metric Tonnes,25-04-2026
Maharashtra,Pune,Pune(Khadiki) APMC,Vegetables,Potato,Local,Local,800.00,"1,200.00","1,000.00",Rs./Quintal,0.80,Metric Tonnes,25-03-2026
Maharashtra,Pune,Pune(Khadiki) APMC,Vegetables,Potato,Local,Local,"1,000.00","1,300.00","1,150.00",Rs./Quintal,0.80,Metric Tonnes,25-01-2026
Maharashtra,Pune,Pune(Khadiki) APMC,Vegetables,Potato,Local,Local,800.00,"1,400.00","1,100.00",Rs./Quintal,0.60,Metric Tonnes,24-11-2025
Maharashtra,Pune,Pune(Khadiki) APMC,Vegetables,Potato,Local,Local,800.00,"1,200.00","1,000.00",Rs./Quintal,0.70,Metric Tonnes,24-07-2026
Maharashtra,Pune,Pune(Khadiki) APMC,Vegetables,Potato,Local,Local,800.00,"1,200.00","1,000.00",Rs./Quintal,0.70,Metric Tonnes,24-06-2026
Maharashtra,Pune,Pune(Khadiki) APMC,Vegetables,Potato,Local,Local,800.00,"1,200.00","1,000.00",Rs./Quintal,0.70,Metric Tonnes,24-05-2026
Maharashtra,Pune,Pune(Khadiki) APMC,Vegetables,Potato,Local,Local,800.00,"1,200.00","1,000.00",Rs./Quintal,1.30,Metric Tonnes,24-02-2026
Maharashtra,Pune,Pune(Khadiki) APMC,Vegetables,Potato,Local,Local,"1,000.00","1,300.00","1,150.00",Rs./Quintal,0.80,Metric Tonnes,24-01-2026
Maharashtra,Pune,Pune(Khadiki) APMC,Vegetables,Potato,Local,Local,800.00,"1,300.00","1,050.00",Rs./Quintal,0.70,Metric Tonnes,23-12-2025
Maharashtra,Pune,Pune(Khadiki) APMC,Vegetables,Potato,Local,Local,800.00,"1,200.00","1,000.00",Rs./Quintal,0.60,Metric Tonnes,23-11-2025
Maharashtra,Pune,Pune(Khadiki) APMC,Vegetables,Potato,Local,Local,800.00,"1,200.00","1,000.00",Rs./Quintal,0.80,Metric Tonnes,23-07-2026
Maharashtra,Pune,Pune(Khadiki) APMC,Vegetables,Potato,Local,Local,800.00,"1,200.00","1,000.00",Rs./Quintal,0.70,Metric Tonnes,23-06-2026
Maharashtra,Pune,Pune(Khadiki) APMC,Vegetables,Potato,Local,Local,700.00,"1,200.00",950.00,Rs./Quintal,0.80,Metric Tonnes,23-05-2026
Maharashtra,Pune,Pune(Khadiki) APMC,Vegetables,Potato,Local,Local,900.00,"1,200.00","1,050.00",Rs./Quintal,1.00,Metric Tonnes,23-04-2026
Maharashtra,Pune,Pune(Khadiki) APMC,Vegetables,Potato,Local,Local,800.00,"1,200.00","1,000.00",Rs./Quintal,1.00,Metric Tonnes,23-03-2026
Maharashtra,Pune,Pune(Khadiki) APMC,Vegetables,Potato,Local,Local,800.00,"1,200.00","1,000.00",Rs./Quintal,1.40,Metric Tonnes,23-02-2026
Maharashtra,Pune,Pune(Khadiki) APMC,Vegetables,Potato,Local,Local,800.00,"1,100.00",950.00,Rs./Quintal,0.80,Metric Tonnes,22-12-2025
Maharashtra,Pune,Pune(Khadiki) APMC,Vegetables,Potato,Local,Local,800.00,"1,200.00","1,000.00",Rs./Quintal,0.60,Metric Tonnes,22-11-2025
Maharashtra,Pune,Pune(Khadiki) APMC,Vegetables,Potato,Local,Local,800.00,"1,200.00","1,000.00",Rs./Quintal,0.70,Metric Tonnes,22-07-2026
Maharashtra,Pune,Pune(Khadiki) APMC,Vegetables,Potato,Local,Local,900.00,"1,300.00","1,100.00",Rs./Quintal,0.70,Metric Tonnes,22-06-2026
Maharashtra,Pune,Pune(Khadiki) APMC,Vegetables,Potato,Local,Local,800.00,"1,200.00","1,000.00",Rs./Quintal,0.60,Metric Tonnes,22-04-2026
Maharashtra,Pune,Pune(Khadiki) APMC,Vegetables,Potato,Local,Local,800.00,"1,200.00","1,000.00",Rs./Quintal,0.70,Metric Tonnes,22-03-2026
Maharashtra,Pune,Pune(Khadiki) APMC,Vegetables,Potato,Local,Local,800.00,"1,200.00","1,000.00",Rs./Quintal,1.30,Metric Tonnes,22-02-2026
Maharashtra,Pune,Pune(Khadiki) APMC,Vegetables,Potato,Local,Local,900.00,"1,200.00","1,050.00",Rs./Quintal,0.50,Metric Tonnes,21-12-2025
Maharashtra,Pune,Pune(Khadiki) APMC,Vegetables,Potato,Local,Local,800.00,"1,200.00","1,000.00",Rs./Quintal,0.60,Metric Tonnes,21-08-2026
Maharashtra,Pune,Pune(Khadiki) APMC,Vegetables,Potato,Local,Local,800.00,"1,200.00","1,000.00",Rs./Quintal,0.80,Metric Tonnes,21-07-2026
Maharashtra,Pune,Pune(Khadiki) APMC,Vegetables,Potato,Local,Local,900.00,"1,200.00","1,050.00",Rs./Quintal,0.70,Metric Tonnes,21-03-2026
Maharashtra,Pune,Pune(Khadiki) APMC,Vegetables,Potato,Local,Local,900.00,"1,200.00","1,050.00",Rs./Quintal,1.60,Metric Tonnes,21-02-2026
Maharashtra,Pune,Pune(Khadiki) APMC,Vegetables,Potato,Local,Local,"1,000.00","1,300.00","1,150.00",Rs./Quintal,0.70,Metric Tonnes,21-01-2026
Maharashtra,Pune,Pune(Khadiki) APMC,Vegetables,Potato,Local,Local,700.00,"1,400.00","1,050.00",Rs./Quintal,0.60,Metric Tonnes,20-11-2025
Maharashtra,Pune,Pune(Khadiki) APMC,Vegetables,Potato,Local,Local,800.00,"1,200.00","1,000.00",Rs./Quintal,0.80,Metric Tonnes,20-08-2026
Maharashtra,Pune,Pune(Khadiki) APMC,Vegetables,Potato,Local,Local,800.00,"1,200.00","1,000.00",Rs./Quintal,0.80,Metric Tonnes,20-07-2026
Maharashtra,Pune,Pune(Khadiki) APMC,Vegetables,Potato,Local,Local,800.00,"1,200.00","1,000.00",Rs./Quintal,0.90,Metric Tonnes,20-04-2026
Maharashtra,Pune,Pune(Khadiki) APMC,Vegetables,Potato,Local,Local,800.00,"1,200.00","1,000.00",Rs./Quintal,0.70,Metric Tonnes,20-03-2026
Maharashtra,Pune,Pune(Khadiki) APMC,Vegetables,Potato,Local,Local,"1,000.00","1,300.00","1,150.00",Rs./Quintal,0.60,Metric Tonnes,20-01-2026
Maharashtra,Pune,Pune(Khadiki) APMC,Vegetables,Potato,Local,Local,800.00,"1,200.00","1,000.00",Rs./Quintal,0.70,Metric Tonnes,19-08-2026
Maharashtra,Pune,Pune(Khadiki) APMC,Vegetables,Potato,Local,Local,800.00,"1,200.00","1,000.00",Rs./Quintal,0.80,Metric Tonnes,19-07-2026
Maharashtra,Pune,Pune(Khadiki) APMC,Vegetables,Potato,Local,Local,600.00,"1,200.00",900.00,Rs./Quintal,0.80,Metric Tonnes,19-04-2026
Maharashtra,Pune,Pune(Khadiki) APMC,Vegetables,Potato,Local,Local,900.00,"1,200.00","1,050.00",Rs./Quintal,0.70,Metric Tonnes,19-03-2026
Maharashtra,Pune,Pune(Khadiki) APMC,Vegetables,Potato,Local,Local,800.00,"1,200.00","1,000.00",Rs./Quintal,0.50,Metric Tonnes,18-12-2025
Maharashtra,Pune,Pune(Khadiki) APMC,Vegetables,Potato,Local,Local,"1,100.00","1,300.00","1,200.00",Rs./Quintal,0.60,Metric Tonnes,18-11-2025
Maharashtra,Pune,Pune(Khadiki) APMC,Vegetables,Potato,Local,Local,800.00,"1,200.00","1,000.00",Rs./Quintal,0.60,Metric Tonnes,18-08-2026
Maharashtra,Pune,Pune(Khadiki) APMC,Vegetables,Potato,Local,Local,800.00,"1,200.00","1,000.00",Rs./Quintal,0.70,Metric Tonnes,18-07-2026
Maharashtra,Pune,Pune(Khadiki) APMC,Vegetables,Potato,Local,Local,800.00,"1,200.00","1,000.00",Rs./Quintal,0.80,Metric Tonnes,18-06-2026
Maharashtra,Pune,Pune(Khadiki) APMC,Vegetables,Potato,Local,Local,800.00,"1,200.00","1,000.00",Rs./Quintal,0.80,Metric Tonnes,18-05-2026
Maharashtra,Pune,Pune(Khadiki) APMC,Vegetables,Potato,Local,Local,800.00,"1,200.00","1,000.00",Rs./Quintal,0.70,Metric Tonnes,18-04-2026
Maharashtra,Pune,Pune(Khadiki) APMC,Vegetables,Potato,Local,Local,800.00,"1,200.00","1,000.00",Rs./Quintal,0.80,Metric Tonnes,18-03-2026
Maharashtra,Pune,Pune(Khadiki) APMC,Vegetables,Potato,Local,Local,800.00,"1,200.00","1,000.00",Rs./Quintal,0.60,Metric Tonnes,18-01-2026
Maharashtra,Pune,Pune(Khadiki) APMC,Vegetables,Potato,Local,Local,800.00,"1,200.00","1,000.00",Rs./Quintal,0.70,Metric Tonnes,17-08-2026
Maharashtra,Pune,Pune(Khadiki) APMC,Vegetables,Potato,Local,Local,800.00,"1,200.00","1,000.00",Rs./Quintal,0.70,Metric Tonnes,17-07-2026
Maharashtra,Pune,Pune(Khadiki) APMC,Vegetables,Potato,Local,Local,800.00,"1,200.00","1,000.00",Rs./Quintal,0.70,Metric Tonnes,17-06-2026
Maharashtra,Pune,Pune(Khadiki) APMC,Vegetables,Potato,Local,Local,800.00,"1,200.00","1,000.00",Rs./Quintal,0.70,Metric Tonnes,17-05-2026
Maharashtra,Pune,Pune(Khadiki) APMC,Vegetables,Potato,Local,Local,800.00,"1,200.00","1,000.00",Rs./Quintal,0.70,Metric Tonnes,17-04-2026
Maharashtra,Pune,Pune(Khadiki) APMC,Vegetables,Potato,Local,Local,800.00,"1,200.00","1,000.00",Rs./Quintal,0.70,Metric Tonnes,17-03-2026
Maharashtra,Pune,Pune(Khadiki) APMC,Vegetables,Potato,Local,Local,800.00,"1,300.00","1,050.00",Rs./Quintal,1.90,Metric Tonnes,17-02-2026
Maharashtra,Pune,Pune(Khadiki) APMC,Vegetables,Potato,Local,Local,"1,000.00","1,200.00","1,100.00",Rs./Quintal,0.50,Metric Tonnes,17-01-2026
Maharashtra,Pune,Pune(Khadiki) APMC,Vegetables,Potato,Local,Local,700.00,"1,200.00",950.00,Rs./Quintal,0.70,Metric Tonnes,16-12-2025
Maharashtra,Pune,Pune(Khadiki) APMC,Vegetables,Potato,Local,Local,"1,000.00","1,400.00","1,200.00",Rs./Quintal,0.50,Metric Tonnes,16-11-2025
Maharashtra,Pune,Pune(Khadiki) APMC,Vegetables,Potato,Local,Local,700.00,"1,200.00",950.00,Rs./Quintal,0.80,Metric Tonnes,16-08-2026
Maharashtra,Pune,Pune(Khadiki) APMC,Vegetables,Potato,Local,Local,800.00,"1,200.00","1,100.00",Rs./Quintal,1.10,Metric Tonnes,16-07-2026
Maharashtra,Pune,Pune(Khadiki) APMC,Vegetables,Potato,Local,Local,800.00,"1,200.00","1,000.00",Rs./Quintal,1.20,Metric Tonnes,16-06-2026
Maharashtra,Pune,Pune(Khadiki) APMC,Vegetables,Potato,Local,Local,700.00,"1,100.00",900.00,Rs./Quintal,1.00,Metric Tonnes,16-05-2026
Maharashtra,Pune,Pune(Khadiki) APMC,Vegetables,Potato,Local,Local,800.00,"1,200.00","1,000.00",Rs./Quintal,1.20,Metric Tonnes,16-04-2026
Maharashtra,Pune,Pune(Khadiki) APMC,Vegetables,Potato,Local,Local,700.00,"1,200.00",950.00,Rs./Quintal,1.00,Metric Tonnes,16-03-2026
Maharashtra,Pune,Pune(Khadiki) APMC,Vegetables,Potato,Local,Local,"1,000.00","1,400.00","1,200.00",Rs./Quintal,0.70,Metric Tonnes,16-01-2026
Maharashtra,Pune,Pune(Khadiki) APMC,Vegetables,Potato,Local,Local,800.00,"1,300.00","1,050.00",Rs./Quintal,0.50,Metric Tonnes,15-12-2025
Maharashtra,Pune,Pune(Khadiki) APMC,Vegetables,Potato,Local,Local,800.00,"1,200.00","1,000.00",Rs./Quintal,0.70,Metric Tonnes,15-07-2026
Maharashtra,Pune,Pune(Khadiki) APMC,Vegetables,Potato,Local,Local,800.00,"1,200.00","1,000.00",Rs./Quintal,0.80,Metric Tonnes,15-06-2026
Maharashtra,Pune,Pune(Khadiki) APMC,Vegetables,Potato,Local,Local,700.00,"1,500.00",900.00,Rs./Quintal,0.70,Metric Tonnes,15-05-2026
Maharashtra,Pune,Pune(Khadiki) APMC,Vegetables,Potato,Local,Local,800.00,"1,200.00","1,000.00",Rs./Quintal,1.50,Metric Tonnes,15-03-2026
Maharashtra,Pune,Pune(Khadiki) APMC,Vegetables,Potato,Local,Local,800.00,"1,300.00","1,050.00",Rs./Quintal,1.00,Metric Tonnes,14-12-2025
Maharashtra,Pune,Pune(Khadiki) APMC,Vegetables,Potato,Local,Local,700.00,"1,200.00",950.00,Rs./Quintal,0.80,Metric Tonnes,14-08-2026
Maharashtra,Pune,Pune(Khadiki) APMC,Vegetables,Potato,Local,Local,800.00,"1,200.00","1,000.00",Rs./Quintal,0.70,Metric Tonnes,14-07-2026
Maharashtra,Pune,Pune(Khadiki) APMC,Vegetables,Potato,Local,Local,"1,000.00","1,300.00","1,150.00",Rs./Quintal,0.50,Metric Tonnes,14-06-2026
Maharashtra,Pune,Pune(Khadiki) APMC,Vegetables,Potato,Local,Local,800.00,"1,200.00","1,000.00",Rs./Quintal,0.90,Metric Tonnes,14-05-2026
Maharashtra,Pune,Pune(Khadiki) APMC,Vegetables,Potato,Local,Local,700.00,"1,200.00",950.00,Rs./Quintal,0.90,Metric Tonnes,14-04-2026
Maharashtra,Pune,Pune(Khadiki) APMC,Vegetables,Potato,Local,Local,800.00,"1,200.00","1,000.00",Rs./Quintal,0.80,Metric Tonnes,14-03-2026
Maharashtra,Pune,Pune(Khadiki) APMC,Vegetables,Potato,Local,Local,"1,000.00","1,300.00","1,150.00",Rs./Quintal,0.60,Metric Tonnes,14-01-2026
Maharashtra,Pune,Pune(Khadiki) APMC,Vegetables,Potato,Local,Local,800.00,"1,300.00","1,050.00",Rs./Quintal,0.60,Metric Tonnes,13-12-2025
Maharashtra,Pune,Pune(Khadiki) APMC,Vegetables,Potato,Local,Local,"1,100.00","1,500.00","1,200.00",Rs./Quintal,0.50,Metric Tonnes,13-11-2025
Maharashtra,Pune,Pune(Khadiki) APMC,Vegetables,Potato,Local,Local,800.00,"1,200.00","1,000.00",Rs./Quintal,1.00,Metric Tonnes,13-08-2026
Maharashtra,Pune,Pune(Khadiki) APMC,Vegetables,Potato,Local,Local,800.00,"1,200.00","1,000.00",Rs./Quintal,0.90,Metric Tonnes,13-07-2026
Maharashtra,Pune,Pune(Khadiki) APMC,Vegetables,Potato,Local,Local,700.00,"1,200.00",950.00,Rs./Quintal,0.80,Metric Tonnes,13-05-2026
Maharashtra,Pune,Pune(Khadiki) APMC,Vegetables,Potato,Local,Local,800.00,"1,200.00","1,000.00",Rs./Quintal,0.70,Metric Tonnes,13-04-2026
Maharashtra,Pune,Pune(Khadiki) APMC,Vegetables,Potato,Local,Local,800.00,"1,200.00","1,000.00",Rs./Quintal,0.90,Metric Tonnes,13-02-2026
Maharashtra,Pune,Pune(Khadiki) APMC,Vegetables,Potato,Local,Local,"1,000.00","1,300.00","1,150.00",Rs./Quintal,0.70,Metric Tonnes,13-01-2026
Maharashtra,Pune,Pune(Khadiki) APMC,Vegetables,Potato,Local,Local,"1,200.00","1,300.00","1,250.00",Rs./Quintal,0.50,Metric Tonnes,12-11-2025
Maharashtra,Pune,Pune(Khadiki) APMC,Vegetables,Potato,Local,Local,850.00,"1,300.00","1,000.00",Rs./Quintal,0.90,Metric Tonnes,12-08-2026
Maharashtra,Pune,Pune(Khadiki) APMC,Vegetables,Potato,Local,Local,800.00,"1,200.00","1,000.00",Rs./Quintal,0.60,Metric Tonnes,12-07-2026
Maharashtra,Pune,Pune(Khadiki) APMC,Vegetables,Potato,Local,Local,800.00,"1,200.00","1,000.00",Rs./Quintal,0.60,Metric Tonnes,12-06-2026
Maharashtra,Pune,Pune(Khadiki) APMC,Vegetables,Potato,Local,Local,800.00,"1,200.00","1,000.00",Rs./Quintal,1.60,Metric Tonnes,12-02-2026
Maharashtra,Pune,Pune(Khadiki) APMC,Vegetables,Potato,Local,Local,900.00,"1,200.00","1,050.00",Rs./Quintal,0.50,Metric Tonnes,12-01-2026
Maharashtra,Pune,Pune(Khadiki) APMC,Vegetables,Potato,Local,Local,800.00,"1,200.00","1,000.00",Rs./Quintal,0.60,Metric Tonnes,11-12-2025
Maharashtra,Pune,Pune(Khadiki) APMC,Vegetables,Potato,Local,Local,800.00,"1,200.00","1,000.00",Rs./Quintal,0.70,Metric Tonnes,11-08-2026
Maharashtra,Pune,Pune(Khadiki) APMC,Vegetables,Potato,Local,Local,800.00,"1,200.00","1,000.00",Rs./Quintal,0.70,Metric Tonnes,11-07-2026
Maharashtra,Pune,Pune(Khadiki) APMC,Vegetables,Potato,Local,Local,800.00,"1,200.00","1,000.00",Rs./Quintal,1.20,Metric Tonnes,11-06-2026
Maharashtra,Pune,Pune(Khadiki) APMC,Vegetables,Potato,Local,Local,700.00,"1,200.00",950.00,Rs./Quintal,0.60,Metric Tonnes,11-04-2026
Maharashtra,Pune,Pune(Khadiki) APMC,Vegetables,Potato,Local,Local,900.00,"1,200.00","1,050.00",Rs./Quintal,0.60,Metric Tonnes,11-03-2026
Maharashtra,Pune,Pune(Khadiki) APMC,Vegetables,Potato,Local,Local,800.00,"1,200.00","1,000.00",Rs./Quintal,1.10,Metric Tonnes,11-02-2026
Maharashtra,Pune,Pune(Khadiki) APMC,Vegetables,Potato,Local,Local,900.00,"1,200.00","1,050.00",Rs./Quintal,0.50,Metric Tonnes,11-01-2026
Maharashtra,Pune,Pune(Khadiki) APMC,Vegetables,Potato,Local,Local,800.00,"1,200.00","1,000.00",Rs./Quintal,0.80,Metric Tonnes,10-12-2025
Maharashtra,Pune,Pune(Khadiki) APMC,Vegetables,Potato,Local,Local,"1,000.00","1,200.00","1,100.00",Rs./Quintal,0.50,Metric Tonnes,10-11-2025
Maharashtra,Pune,Pune(Khadiki) APMC,Vegetables,Potato,Local,Local,"1,000.00","1,200.00","1,100.00",Rs./Quintal,0.90,Metric Tonnes,10-08-2026
Maharashtra,Pune,Pune(Khadiki) APMC,Vegetables,Potato,Local,Local,800.00,"1,200.00","1,000.00",Rs./Quintal,0.60,Metric Tonnes,10-07-2026
Maharashtra,Pune,Pune(Khadiki) APMC,Vegetables,Potato,Local,Local,800.00,"1,200.00","1,000.00",Rs./Quintal,0.80,Metric Tonnes,10-06-2026
Maharashtra,Pune,Pune(Khadiki) APMC,Vegetables,Potato,Local,Local,700.00,"1,200.00",950.00,Rs./Quintal,0.80,Metric Tonnes,10-04-2026
Maharashtra,Pune,Pune(Khadiki) APMC,Vegetables,Potato,Local,Local,800.00,"1,200.00","1,000.00",Rs./Quintal,1.40,Metric Tonnes,10-02-2026
Maharashtra,Pune,Pune(Khadiki) APMC,Vegetables,Potato,Local,Local,"1,100.00","1,300.00","1,200.00",Rs./Quintal,0.60,Metric Tonnes,10-01-2026
Maharashtra,Pune,Pune(Khadiki) APMC,Vegetables,Potato,Local,Local,700.00,"1,200.00",950.00,Rs./Quintal,0.50,Metric Tonnes,09-12-2025
Maharashtra,Pune,Pune(Khadiki) APMC,Vegetables,Potato,Local,Local,"1,000.00","1,300.00","1,150.00",Rs./Quintal,0.50,Metric Tonnes,09-11-2025
Maharashtra,Pune,Pune(Khadiki) APMC,Vegetables,Potato,Local,Local,700.00,"1,200.00",950.00,Rs./Quintal,0.80,Metric Tonnes,09-08-2026
Maharashtra,Pune,Pune(Khadiki) APMC,Vegetables,Potato,Local,Local,800.00,"1,200.00","1,000.00",Rs./Quintal,0.70,Metric Tonnes,09-07-2026
Maharashtra,Pune,Pune(Khadiki) APMC,Vegetables,Potato,Local,Local,800.00,"1,200.00","1,000.00",Rs./Quintal,0.70,Metric Tonnes,09-06-2026
Maharashtra,Pune,Pune(Khadiki) APMC,Vegetables,Potato,Local,Local,900.00,"1,200.00","1,050.00",Rs./Quintal,0.90,Metric Tonnes,09-04-2026
Maharashtra,Pune,Pune(Khadiki) APMC,Vegetables,Potato,Local,Local,500.00,"1,200.00",850.00,Rs./Quintal,1.70,Metric Tonnes,09-03-2026
Maharashtra,Pune,Pune(Khadiki) APMC,Vegetables,Potato,Local,Local,800.00,"1,200.00","1,000.00",Rs./Quintal,0.90,Metric Tonnes,09-02-2026
Maharashtra,Pune,Pune(Khadiki) APMC,Vegetables,Potato,Local,Local,800.00,"1,200.00","1,000.00",Rs./Quintal,0.60,Metric Tonnes,08-08-2026
Maharashtra,Pune,Pune(Khadiki) APMC,Vegetables,Potato,Local,Local,"1,000.00","1,200.00","1,100.00",Rs./Quintal,0.60,Metric Tonnes,08-07-2026
Maharashtra,Pune,Pune(Khadiki) APMC,Vegetables,Potato,Local,Local,700.00,"1,200.00",950.00,Rs./Quintal,0.80,Metric Tonnes,08-05-2026
Maharashtra,Pune,Pune(Khadiki) APMC,Vegetables,Potato,Local,Local,900.00,"1,200.00","1,050.00",Rs./Quintal,0.60,Metric Tonnes,08-04-2026
Maharashtra,Pune,Pune(Khadiki) APMC,Vegetables,Potato,Local,Local,800.00,"1,200.00","1,000.00",Rs./Quintal,1.10,Metric Tonnes,08-03-2026
Maharashtra,Pune,Pune(Khadiki) APMC,Vegetables,Potato,Local,Local,700.00,"1,200.00",950.00,Rs./Quintal,1.60,Metric Tonnes,08-02-2026
Maharashtra,Pune,Pune(Khadiki) APMC,Vegetables,Potato,Local,Local,800.00,"1,300.00","1,050.00",Rs./Quintal,0.70,Metric Tonnes,07-12-2025
Maharashtra,Pune,Pune(Khadiki) APMC,Vegetables,Potato,Local,Local,800.00,"1,200.00","1,000.00",Rs./Quintal,0.90,Metric Tonnes,07-08-2026
Maharashtra,Pune,Pune(Khadiki) APMC,Vegetables,Potato,Local,Local,800.00,"1,200.00","1,000.00",Rs./Quintal,0.60,Metric Tonnes,07-07-2026
Maharashtra,Pune,Pune(Khadiki) APMC,Vegetables,Potato,Local,Local,800.00,"1,200.00","1,000.00",Rs./Quintal,0.90,Metric Tonnes,07-06-2026
Maharashtra,Pune,Pune(Khadiki) APMC,Vegetables,Potato,Local,Local,700.00,"1,100.00",900.00,Rs./Quintal,0.80,Metric Tonnes,07-05-2026
Maharashtra,Pune,Pune(Khadiki) APMC,Vegetables,Potato,Local,Local,800.00,"1,200.00","1,000.00",Rs./Quintal,0.60,Metric Tonnes,07-04-2026
Maharashtra,Pune,Pune(Khadiki) APMC,Vegetables,Potato,Local,Local,700.00,"1,200.00",950.00,Rs./Quintal,1.20,Metric Tonnes,07-03-2026
Maharashtra,Pune,Pune(Khadiki) APMC,Vegetables,Potato,Local,Local,700.00,"1,200.00",950.00,Rs./Quintal,0.70,Metric Tonnes,07-02-2026
Maharashtra,Pune,Pune(Khadiki) APMC,Vegetables,Potato,Local,Local,800.00,"1,300.00","1,050.00",Rs./Quintal,0.70,Metric Tonnes,07-01-2026
Maharashtra,Pune,Pune(Khadiki) APMC,Vegetables,Potato,Local,Local,"1,000.00","1,300.00","1,150.00",Rs./Quintal,0.60,Metric Tonnes,06-12-2025
Maharashtra,Pune,Pune(Khadiki) APMC,Vegetables,Potato,Local,Local,800.00,"1,200.00","1,000.00",Rs./Quintal,0.80,Metric Tonnes,06-08-2026
Maharashtra,Pune,Pune(Khadiki) APMC,Vegetables,Potato,Local,Local,800.00,"1,200.00","1,000.00",Rs./Quintal,0.70,Metric Tonnes,06-07-2026
Maharashtra,Pune,Pune(Khadiki) APMC,Vegetables,Potato,Local,Local,800.00,"1,200.00","1,000.00",Rs./Quintal,1.00,Metric Tonnes,06-04-2026
Maharashtra,Pune,Pune(Khadiki) APMC,Vegetables,Potato,Local,Local,800.00,"1,300.00","1,050.00",Rs./Quintal,0.80,Metric Tonnes,06-02-2026
Maharashtra,Pune,Pune(Khadiki) APMC,Vegetables,Potato,Local,Local,800.00,"1,300.00","1,050.00",Rs./Quintal,0.90,Metric Tonnes,06-01-2026
Maharashtra,Pune,Pune(Khadiki) APMC,Vegetables,Potato,Local,Local,800.00,"1,200.00","1,000.00",Rs./Quintal,0.50,Metric Tonnes,05-08-2026
Maharashtra,Pune,Pune(Khadiki) APMC,Vegetables,Potato,Local,Local,800.00,"1,200.00","1,000.00",Rs./Quintal,0.80,Metric Tonnes,05-07-2026
Maharashtra,Pune,Pune(Khadiki) APMC,Vegetables,Potato,Local,Local,700.00,"1,200.00",950.00,Rs./Quintal,0.70,Metric Tonnes,05-04-2026
Maharashtra,Pune,Pune(Khadiki) APMC,Vegetables,Potato,Local,Local,800.00,"1,200.00","1,000.00",Rs./Quintal,0.80,Metric Tonnes,05-03-2026
Maharashtra,Pune,Pune(Khadiki) APMC,Vegetables,Potato,Local,Local,800.00,"1,300.00","1,050.00",Rs./Quintal,1.40,Metric Tonnes,05-02-2026
Maharashtra,Pune,Pune(Khadiki) APMC,Vegetables,Potato,Local,Local,800.00,"1,200.00","1,000.00",Rs./Quintal,0.70,Metric Tonnes,04-08-2026
Maharashtra,Pune,Pune(Khadiki) APMC,Vegetables,Potato,Local,Local,800.00,"1,200.00","1,000.00",Rs./Quintal,1.20,Metric Tonnes,04-07-2026
Maharashtra,Pune,Pune(Khadiki) APMC,Vegetables,Potato,Local,Local,800.00,"1,200.00","1,000.00",Rs./Quintal,0.80,Metric Tonnes,04-06-2026
Maharashtra,Pune,Pune(Khadiki) APMC,Vegetables,Potato,Local,Local,800.00,"1,300.00","1,050.00",Rs./Quintal,1.10,Metric Tonnes,04-02-2026
Maharashtra,Pune,Pune(Khadiki) APMC,Vegetables,Potato,Local,Local,800.00,"1,300.00","1,050.00",Rs./Quintal,0.80,Metric Tonnes,04-01-2026
Maharashtra,Pune,Pune(Khadiki) APMC,Vegetables,Potato,Local,Local,700.00,"1,200.00",950.00,Rs./Quintal,0.90,Metric Tonnes,03-08-2026
Maharashtra,Pune,Pune(Khadiki) APMC,Vegetables,Potato,Local,Local,"1,000.00","1,400.00","1,200.00",Rs./Quintal,0.80,Metric Tonnes,03-07-2026
Maharashtra,Pune,Pune(Khadiki) APMC,Vegetables,Potato,Local,Local,800.00,"1,200.00","1,000.00",Rs./Quintal,0.80,Metric Tonnes,03-06-2026
Maharashtra,Pune,Pune(Khadiki) APMC,Vegetables,Potato,Local,Local,800.00,"1,200.00","1,000.00",Rs./Quintal,0.90,Metric Tonnes,03-05-2026
Maharashtra,Pune,Pune(Khadiki) APMC,Vegetables,Potato,Local,Local,800.00,"1,200.00","1,000.00",Rs./Quintal,0.80,Metric Tonnes,03-04-2026
Maharashtra,Pune,Pune(Khadiki) APMC,Vegetables,Potato,Local,Local,"1,000.00","1,300.00","1,150.00",Rs./Quintal,0.60,Metric Tonnes,03-01-2026
Maharashtra,Pune,Pune(Khadiki) APMC,Vegetables,Potato,Local,Local,800.00,"1,200.00","1,000.00",Rs./Quintal,0.70,Metric Tonnes,02-08-2026
Maharashtra,Pune,Pune(Khadiki) APMC,Vegetables,Potato,Local,Local,800.00,"1,200.00","1,000.00",Rs./Quintal,0.90,Metric Tonnes,02-07-2026
Maharashtra,Pune,Pune(Khadiki) APMC,Vegetables,Potato,Local,Local,700.00,"1,200.00",950.00,Rs./Quintal,0.70,Metric Tonnes,02-06-2026
Maharashtra,Pune,Pune(Khadiki) APMC,Vegetables,Potato,Local,Local,"1,000.00","1,200.00","1,100.00",Rs./Quintal,0.80,Metric Tonnes,02-04-2026
Maharashtra,Pune,Pune(Khadiki) APMC,Vegetables,Potato,Local,Local,700.00,"1,200.00",950.00,Rs./Quintal,1.60,Metric Tonnes,02-03-2026
Maharashtra,Pune,Pune(Khadiki) APMC,Vegetables,Potato,Local,Local,800.00,"1,300.00","1,050.00",Rs./Quintal,1.60,Metric Tonnes,02-02-2026
Maharashtra,Pune,Pune(Khadiki) APMC,Vegetables,Potato,Local,Local,800.00,"1,200.00","1,000.00",Rs./Quintal,0.80,Metric Tonnes,01-08-2026
Maharashtra,Pune,Pune(Khadiki) APMC,Vegetables,Potato,Local,Local,800.00,"1,200.00","1,000.00",Rs./Quintal,0.30,Metric Tonnes,01-07-2026
Maharashtra,Pune,Pune(Khadiki) APMC,Vegetables,Potato,Local,Local,800.00,"1,200.00","1,000.00",Rs./Quintal,0.70,Metric Tonnes,01-06-2026
Maharashtra,Pune,Pune(Khadiki) APMC,Vegetables,Potato,Local,Local,800.00,"1,200.00","1,000.00",Rs./Quintal,1.40,Metric Tonnes,01-03-2026
Maharashtra,Pune,Pune(Khadiki) APMC,Vegetables,Potato,Local,Local,800.00,"1,200.00","1,000.00",Rs./Quintal,0.90,Metric Tonnes,01-02-2026
Maharashtra,Pune,Pune(Khadiki) APMC,Vegetables,Potato,Local,Local,800.00,"1,200.00","1,000.00",Rs./Quintal,0.80,Metric Tonnes,01-01-2026
Maharashtra,Pune,Pune(Manjri) APMC,Vegetables,Potato,Other,Local,"1,000.00","2,000.00","1,800.00",Rs./Quintal,1.90,Metric Tonnes,31-12-2025
Maharashtra,Pune,Pune(Manjri) APMC,Vegetables,Potato,Other,Local,"1,400.00","1,700.00","1,500.00",Rs./Quintal,1.70,Metric Tonnes,31-07-2026
Maharashtra,Pune,Pune(Manjri) APMC,Vegetables,Potato,Other,Local,"1,400.00","1,600.00","1,500.00",Rs./Quintal,1.70,Metric Tonnes,31-05-2026
Maharashtra,Pune,Pune(Manjri) APMC,Vegetables,Potato,Other,Local,"1,200.00","1,600.00","1,400.00",Rs./Quintal,4.10,Metric Tonnes,31-03-2026
Maharashtra,Pune,Pune(Manjri) APMC,Vegetables,Potato,Other,Local,"1,000.00","1,800.00","1,200.00",Rs./Quintal,2.20,Metric Tonnes,31-01-2026
Maharashtra,Pune,Pune(Manjri) APMC,Vegetables,Potato,Other,Local,"1,000.00","2,000.00","1,500.00",Rs./Quintal,1.40,Metric Tonnes,30-12-2025
Maharashtra,Pune,Pune(Manjri) APMC,Vegetables,Potato,Other,Local,"1,000.00","2,000.00","1,500.00",Rs./Quintal,1.90,Metric Tonnes,30-11-2025
Maharashtra,Pune,Pune(Manjri) APMC,Vegetables,Potato,Other,Local,"1,400.00","1,600.00","1,500.00",Rs./Quintal,2.60,Metric Tonnes,30-07-2026
Maharashtra,Pune,Pune(Manjri) APMC,Vegetables,Potato,Other,Local,"1,400.00","1,600.00","1,500.00",Rs./Quintal,5.90,Metric Tonnes,30-06-2026
Maharashtra,Pune,Pune(Manjri) APMC,Vegetables,Potato,Other,Local,"1,400.00","1,800.00","1,600.00",Rs./Quintal,3.30,Metric Tonnes,30-05-2026
Maharashtra,Pune,Pune(Manjri) APMC,Vegetables,Potato,Other,Local,"1,200.00","1,600.00","1,500.00",Rs./Quintal,2.70,Metric Tonnes,30-04-2026
Maharashtra,Pune,Pune(Manjri) APMC,Vegetables,Potato,Other,Local,"1,200.00","1,600.00","1,400.00",Rs./Quintal,3.80,Metric Tonnes,30-03-2026
Maharashtra,Pune,Pune(Manjri) APMC,Vegetables,Potato,Other,Local,"1,000.00","2,000.00","1,500.00",Rs./Quintal,1.30,Metric Tonnes,30-01-2026
Maharashtra,Pune,Pune(Manjri) APMC,Vegetables,Potato,Other,Local,"1,000.00","2,000.00","1,600.00",Rs./Quintal,2.20,Metric Tonnes,29-12-2025
Maharashtra,Pune,Pune(Manjri) APMC,Vegetables,Potato,Other,Local,"1,000.00","2,000.00","1,700.00",Rs./Quintal,2.00,Metric Tonnes,29-11-2025
Maharashtra,Pune,Pune(Manjri) APMC,Vegetables,Potato,Other,Local,"1,400.00","1,600.00","1,500.00",Rs./Quintal,3.10,Metric Tonnes,29-07-2026
Maharashtra,Pune,Pune(Manjri) APMC,Vegetables,Potato,Other,Local,"1,300.00","1,600.00","1,400.00",Rs./Quintal,5.00,Metric Tonnes,29-06-2026
Maharashtra,Pune,Pune(Manjri) APMC,Vegetables,Potato,Other,Local,"1,500.00","1,800.00","1,600.00",Rs./Quintal,4.80,Metric Tonnes,29-05-2026
Maharashtra,Pune,Pune(Manjri) APMC,Vegetables,Potato,Other,Local,"1,200.00","1,600.00","1,500.00",Rs./Quintal,2.40,Metric Tonnes,29-04-2026
Maharashtra,Pune,Pune(Manjri) APMC,Vegetables,Potato,Other,Local,"1,000.00","1,600.00","1,500.00",Rs./Quintal,5.30,Metric Tonnes,29-03-2026
Maharashtra,Pune,Pune(Manjri) APMC,Vegetables,Potato,Other,Local,"1,000.00","2,000.00","1,600.00",Rs./Quintal,1.80,Metric Tonnes,28-12-2025
Maharashtra,Pune,Pune(Manjri) APMC,Vegetables,Potato,Other,Local,"1,000.00","2,000.00","1,800.00",Rs./Quintal,3.20,Metric Tonnes,28-11-2025
Maharashtra,Pune,Pune(Manjri) APMC,Vegetables,Potato,Other,Local,"1,400.00","1,600.00","1,500.00",Rs./Quintal,3.90,Metric Tonnes,28-07-2026
Maharashtra,Pune,Pune(Manjri) APMC,Vegetables,Potato,Other,Local,"1,300.00","1,600.00","1,500.00",Rs./Quintal,6.50,Metric Tonnes,28-06-2026
Maharashtra,Pune,Pune(Manjri) APMC,Vegetables,Potato,Other,Local,"1,300.00","1,700.00","1,500.00",Rs./Quintal,3.60,Metric Tonnes,28-05-2026
Maharashtra,Pune,Pune(Manjri) APMC,Vegetables,Potato,Other,Local,"1,200.00","1,600.00","1,400.00",Rs./Quintal,2.50,Metric Tonnes,28-04-2026
Maharashtra,Pune,Pune(Manjri) APMC,Vegetables,Potato,Other,Local,"1,200.00","1,600.00","1,500.00",Rs./Quintal,5.20,Metric Tonnes,28-03-2026
Maharashtra,Pune,Pune(Manjri) APMC,Vegetables,Potato,Other,Local,"1,400.00","1,800.00","1,600.00",Rs./Quintal,3.70,Metric Tonnes,28-02-2026
Maharashtra,Pune,Pune(Manjri) APMC,Vegetables,Potato,Other,Local,"1,000.00","2,000.00","1,600.00",Rs./Quintal,1.40,Metric Tonnes,28-01-2026
Maharashtra,Pune,Pune(Manjri) APMC,Vegetables,Potato,Other,Local,"1,000.00","2,000.00","1,800.00",Rs./Quintal,1.20,Metric Tonnes,27-12-2025
Maharashtra,Pune,Pune(Manjri) APMC,Vegetables,Potato,Other,Local,"1,000.00","2,000.00","1,500.00",Rs./Quintal,2.30,Metric Tonnes,27-11-2025
Maharashtra,Pune,Pune(Manjri) APMC,Vegetables,Potato,Other,Local,"1,300.00","1,600.00","1,500.00",Rs./Quintal,2.90,Metric Tonnes,27-07-2026
Maharashtra,Pune,Pune(Manjri) APMC,Vegetables,Potato,Other,Local,"1,300.00","1,600.00","1,500.00",Rs./Quintal,4.30,Metric Tonnes,27-06-2026
Maharashtra,Pune,Pune(Manjri) APMC,Vegetables,Potato,Other,Local,"1,400.00","1,800.00","1,600.00",Rs./Quintal,3.40,Metric Tonnes,27-05-2026
Maharashtra,Pune,Pune(Manjri) APMC,Vegetables,Potato,Other,Local,"1,300.00","1,600.00","1,500.00",Rs./Quintal,3.10,Metric Tonnes,27-04-2026
Maharashtra,Pune,Pune(Manjri) APMC,Vegetables,Potato,Other,Local,"1,400.00","1,800.00","1,600.00",Rs./Quintal,2.30,Metric Tonnes,27-02-2026
Maharashtra,Pune,Pune(Manjri) APMC,Vegetables,Potato,Other,Local,"1,000.00","2,000.00","1,500.00",Rs./Quintal,1.60,Metric Tonnes,27-01-2026
Maharashtra,Pune,Pune(Manjri) APMC,Vegetables,Potato,Other,Local,"1,000.00","2,000.00","1,800.00",Rs./Quintal,1.10,Metric Tonnes,26-12-2025
Maharashtra,Pune,Pune(Manjri) APMC,Vegetables,Potato,Other,Local,"1,000.00","2,000.00","1,800.00",Rs./Quintal,2.10,Metric Tonnes,26-11-2025
Maharashtra,Pune,Pune(Manjri) APMC,Vegetables,Potato,Other,Local,"1,400.00","1,600.00","1,500.00",Rs./Quintal,3.50,Metric Tonnes,26-07-2026
Maharashtra,Pune,Pune(Manjri) APMC,Vegetables,Potato,Other,Local,"1,300.00","1,600.00","1,500.00",Rs./Quintal,8.50,Metric Tonnes,26-06-2026
Maharashtra,Pune,Pune(Manjri) APMC,Vegetables,Potato,Other,Local,"1,400.00","1,800.00","1,500.00",Rs./Quintal,3.80,Metric Tonnes,26-05-2026
Maharashtra,Pune,Pune(Manjri) APMC,Vegetables,Potato,Other,Local,"1,200.00","1,600.00","1,500.00",Rs./Quintal,3.40,Metric Tonnes,26-04-2026
Maharashtra,Pune,Pune(Manjri) APMC,Vegetables,Potato,Other,Local,"1,400.00","1,800.00","1,600.00",Rs./Quintal,2.10,Metric Tonnes,26-02-2026
Maharashtra,Pune,Pune(Manjri) APMC,Vegetables,Potato,Other,Local,"1,000.00","2,000.00","1,600.00",Rs./Quintal,1.60,Metric Tonnes,25-12-2025
Maharashtra,Pune,Pune(Manjri) APMC,Vegetables,Potato,Other,Local,"1,000.00","2,000.00","1,800.00",Rs./Quintal,2.60,Metric Tonnes,25-11-2025
Maharashtra,Pune,Pune(Manjri) APMC,Vegetables,Potato,Other,Local,"1,300.00","1,600.00","1,500.00",Rs./Quintal,4.70,Metric Tonnes,25-07-2026
Maharashtra,Pune,Pune(Manjri) APMC,Vegetables,Potato,Other,Local,"1,300.00","1,600.00","1,500.00",Rs./Quintal,9.00,Metric Tonnes,25-06-2026
Maharashtra,Pune,Pune(Manjri) APMC,Vegetables,Potato,Other,Local,"1,400.00","1,600.00","1,500.00",Rs./Quintal,3.50,Metric Tonnes,25-05-2026
Maharashtra,Pune,Pune(Manjri) APMC,Vegetables,Potato,Other,Local,"1,400.00","1,600.00","1,500.00",Rs./Quintal,3.20,Metric Tonnes,25-04-2026
Maharashtra,Pune,Pune(Manjri) APMC,Vegetables,Potato,Other,Local,"1,200.00","1,600.00","1,500.00",Rs./Quintal,5.50,Metric Tonnes,25-03-2026
Maharashtra,Pune,Pune(Manjri) APMC,Vegetables,Potato,Other,Local,"1,400.00","2,000.00","1,600.00",Rs./Quintal,2.40,Metric Tonnes,25-02-2026
Maharashtra,Pune,Pune(Manjri) APMC,Vegetables,Potato,Other,Local,"1,000.00","2,000.00","1,500.00",Rs./Quintal,1.20,Metric Tonnes,25-01-2026
Maharashtra,Pune,Pune(Manjri) APMC,Vegetables,Potato,Other,Local,"1,000.00","2,000.00","1,500.00",Rs./Quintal,1.70,Metric Tonnes,24-12-2025
Maharashtra,Pune,Pune(Manjri) APMC,Vegetables,Potato,Other,Local,"1,000.00","2,000.00","1,600.00",Rs./Quintal,2.20,Metric Tonnes,24-11-2025
Maharashtra,Pune,Pune(Manjri) APMC,Vegetables,Potato,Other,Local,"1,300.00","1,600.00","1,500.00",Rs./Quintal,5.50,Metric Tonnes,24-07-2026
Maharashtra,Pune,Pune(Manjri) APMC,Vegetables,Potato,Other,Local,"1,300.00","1,600.00","1,500.00",Rs./Quintal,6.70,Metric Tonnes,24-06-2026
Maharashtra,Pune,Pune(Manjri) APMC,Vegetables,Potato,Other,Local,"1,500.00","1,700.00","1,600.00",Rs./Quintal,3.50,Metric Tonnes,24-05-2026
Maharashtra,Pune,Pune(Manjri) APMC,Vegetables,Potato,Other,Local,"1,400.00","1,800.00","1,500.00",Rs./Quintal,3.10,Metric Tonnes,24-04-2026
Maharashtra,Pune,Pune(Manjri) APMC,Vegetables,Potato,Other,Local,"1,400.00","1,800.00","1,600.00",Rs./Quintal,5.00,Metric Tonnes,24-03-2026
Maharashtra,Pune,Pune(Manjri) APMC,Vegetables,Potato,Other,Local,"1,200.00","2,000.00","1,800.00",Rs./Quintal,1.20,Metric Tonnes,24-02-2026
Maharashtra,Pune,Pune(Manjri) APMC,Vegetables,Potato,Other,Local,"1,000.00","2,000.00","1,600.00",Rs./Quintal,2.50,Metric Tonnes,24-01-2026
Maharashtra,Pune,Pune(Manjri) APMC,Vegetables,Potato,Other,Local,"1,000.00","2,000.00","1,500.00",Rs./Quintal,2.00,Metric Tonnes,23-12-2025
Maharashtra,Pune,Pune(Manjri) APMC,Vegetables,Potato,Other,Local,"1,000.00","2,000.00","1,700.00",Rs./Quintal,1.40,Metric Tonnes,23-11-2025
Maharashtra,Pune,Pune(Manjri) APMC,Vegetables,Potato,Other,Local,"1,400.00","1,700.00","1,500.00",Rs./Quintal,4.50,Metric Tonnes,23-07-2026
Maharashtra,Pune,Pune(Manjri) APMC,Vegetables,Potato,Other,Local,"1,400.00","1,600.00","1,500.00",Rs./Quintal,5.20,Metric Tonnes,23-06-2026
Maharashtra,Pune,Pune(Manjri) APMC,Vegetables,Potato,Other,Local,"1,400.00","1,600.00","1,500.00",Rs./Quintal,3.10,Metric Tonnes,23-05-2026
Maharashtra,Pune,Pune(Manjri) APMC,Vegetables,Potato,Other,Local,"1,200.00","1,600.00","1,500.00",Rs./Quintal,2.50,Metric Tonnes,23-04-2026
Maharashtra,Pune,Pune(Manjri) APMC,Vegetables,Potato,Other,Local,"1,500.00","1,800.00","1,600.00",Rs./Quintal,5.40,Metric Tonnes,23-03-2026
Maharashtra,Pune,Pune(Manjri) APMC,Vegetables,Potato,Other,Local,"1,400.00","2,000.00","1,500.00",Rs./Quintal,2.20,Metric Tonnes,23-02-2026
Maharashtra,Pune,Pune(Manjri) APMC,Vegetables,Potato,Other,Local,"1,200.00","2,000.00","1,600.00",Rs./Quintal,1.70,Metric Tonnes,23-01-2026
Maharashtra,Pune,Pune(Manjri) APMC,Vegetables,Potato,Other,Local,"1,000.00","2,000.00","1,800.00",Rs./Quintal,3.20,Metric Tonnes,22-12-2025
Maharashtra,Pune,Pune(Manjri) APMC,Vegetables,Potato,Other,Local,"1,000.00","2,000.00","1,800.00",Rs./Quintal,2.20,Metric Tonnes,22-11-2025
Maharashtra,Pune,Pune(Manjri) APMC,Vegetables,Potato,Other,Local,"1,300.00","1,600.00","1,500.00",Rs./Quintal,5.70,Metric Tonnes,22-06-2026
Maharashtra,Pune,Pune(Manjri) APMC,Vegetables,Potato,Other,Local,"1,400.00","1,800.00","1,600.00",Rs./Quintal,3.40,Metric Tonnes,22-05-2026
Maharashtra,Pune,Pune(Manjri) APMC,Vegetables,Potato,Other,Local,"1,200.00","1,500.00","1,400.00",Rs./Quintal,3.00,Metric Tonnes,22-04-2026
Maharashtra,Pune,Pune(Manjri) APMC,Vegetables,Potato,Other,Local,"1,500.00","1,800.00","1,600.00",Rs./Quintal,5.00,Metric Tonnes,22-03-2026
Maharashtra,Pune,Pune(Manjri) APMC,Vegetables,Potato,Other,Local,"1,400.00","2,000.00","1,800.00",Rs./Quintal,2.00,Metric Tonnes,22-02-2026
Maharashtra,Pune,Pune(Manjri) APMC,Vegetables,Potato,Other,Local,"1,000.00","1,600.00","1,400.00",Rs./Quintal,1.30,Metric Tonnes,22-01-2026
Maharashtra,Pune,Pune(Manjri) APMC,Vegetables,Potato,Other,Local,"1,000.00","2,000.00","1,800.00",Rs./Quintal,2.10,Metric Tonnes,21-12-2025
Maharashtra,Pune,Pune(Manjri) APMC,Vegetables,Potato,Other,Local,"1,000.00","2,000.00","1,800.00",Rs./Quintal,1.90,Metric Tonnes,21-11-2025
Maharashtra,Pune,Pune(Manjri) APMC,Vegetables,Potato,Other,Local,"1,400.00","1,800.00","1,600.00",Rs./Quintal,4.20,Metric Tonnes,21-08-2026
Maharashtra,Pune,Pune(Manjri) APMC,Vegetables,Potato,Other,Local,"1,300.00","1,700.00","1,500.00",Rs./Quintal,2.30,Metric Tonnes,21-07-2026
Maharashtra,Pune,Pune(Manjri) APMC,Vegetables,Potato,Other,Local,"1,400.00","1,600.00","1,500.00",Rs./Quintal,5.70,Metric Tonnes,21-05-2026
Maharashtra,Pune,Pune(Manjri) APMC,Vegetables,Potato,Other,Local,"1,200.00","1,600.00","1,500.00",Rs./Quintal,4.40,Metric Tonnes,21-04-2026
Maharashtra,Pune,Pune(Manjri) APMC,Vegetables,Potato,Other,Local,"1,400.00","1,800.00","1,600.00",Rs./Quintal,5.20,Metric Tonnes,21-03-2026
Maharashtra,Pune,Pune(Manjri) APMC,Vegetables,Potato,Other,Local,"1,300.00","2,000.00","1,600.00",Rs./Quintal,2.60,Metric Tonnes,21-02-2026
Maharashtra,Pune,Pune(Manjri) APMC,Vegetables,Potato,Other,Local,"1,000.00","1,800.00","1,600.00",Rs./Quintal,1.70,Metric Tonnes,21-01-2026
Maharashtra,Pune,Pune(Manjri) APMC,Vegetables,Potato,Other,Local,"1,000.00","2,000.00","1,500.00",Rs./Quintal,2.00,Metric Tonnes,20-12-2025
Maharashtra,Pune,Pune(Manjri) APMC,Vegetables,Potato,Other,Local,"1,000.00","2,000.00","1,800.00",Rs./Quintal,1.50,Metric Tonnes,20-11-2025
Maharashtra,Pune,Pune(Manjri) APMC,Vegetables,Potato,Other,Local,"1,400.00","1,800.00","1,600.00",Rs./Quintal,3.80,Metric Tonnes,20-08-2026
Maharashtra,Pune,Pune(Manjri) APMC,Vegetables,Potato,Other,Local,"1,400.00","1,700.00","1,500.00",Rs./Quintal,2.10,Metric Tonnes,20-07-2026
Maharashtra,Pune,Pune(Manjri) APMC,Vegetables,Potato,Other,Local,"1,300.00","1,500.00","1,400.00",Rs./Quintal,5.80,Metric Tonnes,20-06-2026
Maharashtra,Pune,Pune(Manjri) APMC,Vegetables,Potato,Other,Local,"1,400.00","1,800.00","1,600.00",Rs./Quintal,4.70,Metric Tonnes,20-05-2026
Maharashtra,Pune,Pune(Manjri) APMC,Vegetables,Potato,Other,Local,"1,400.00","1,600.00","1,500.00",Rs./Quintal,4.90,Metric Tonnes,20-04-2026
Maharashtra,Pune,Pune(Manjri) APMC,Vegetables,Potato,Other,Local,"1,400.00","2,000.00","1,800.00",Rs./Quintal,5.00,Metric Tonnes,20-03-2026
Maharashtra,Pune,Pune(Manjri) APMC,Vegetables,Potato,Other,Local,"1,200.00","2,000.00","1,800.00",Rs./Quintal,1.90,Metric Tonnes,20-02-2026
Maharashtra,Pune,Pune(Manjri) APMC,Vegetables,Potato,Other,Local,"1,000.00","2,000.00","1,500.00",Rs./Quintal,1.40,Metric Tonnes,20-01-2026
Maharashtra,Pune,Pune(Manjri) APMC,Vegetables,Potato,Other,Local,"1,000.00","2,000.00","1,600.00",Rs./Quintal,1.60,Metric Tonnes,19-12-2025
Maharashtra,Pune,Pune(Manjri) APMC,Vegetables,Potato,Other,Local,"1,000.00","2,000.00","1,600.00",Rs./Quintal,1.30,Metric Tonnes,19-11-2025
Maharashtra,Pune,Pune(Manjri) APMC,Vegetables,Potato,Other,Local,"1,400.00","2,000.00","1,800.00",Rs./Quintal,3.10,Metric Tonnes,19-08-2026
Maharashtra,Pune,Pune(Manjri) APMC,Vegetables,Potato,Other,Local,"1,300.00","1,600.00","1,500.00",Rs./Quintal,2.90,Metric Tonnes,19-07-2026
Maharashtra,Pune,Pune(Manjri) APMC,Vegetables,Potato,Other,Local,"1,300.00","1,600.00","1,500.00",Rs./Quintal,5.20,Metric Tonnes,19-06-2026
Maharashtra,Pune,Pune(Manjri) APMC,Vegetables,Potato,Other,Local,"1,300.00","1,600.00","1,500.00",Rs./Quintal,4.30,Metric Tonnes,19-05-2026
Maharashtra,Pune,Pune(Manjri) APMC,Vegetables,Potato,Other,Local,"1,000.00","1,600.00","1,400.00",Rs./Quintal,3.90,Metric Tonnes,19-04-2026
Maharashtra,Pune,Pune(Manjri) APMC,Vegetables,Potato,Other,Local,"1,000.00","1,800.00","1,600.00",Rs./Quintal,4.00,Metric Tonnes,19-03-2026
Maharashtra,Pune,Pune(Manjri) APMC,Vegetables,Potato,Other,Local,"1,400.00","2,000.00","1,600.00",Rs./Quintal,2.10,Metric Tonnes,19-02-2026
Maharashtra,Pune,Pune(Manjri) APMC,Vegetables,Potato,Other,Local,"1,000.00","2,000.00","1,600.00",Rs./Quintal,1.60,Metric Tonnes,19-01-2026
Maharashtra,Pune,Pune(Manjri) APMC,Vegetables,Potato,Other,Local,"1,000.00","2,000.00","1,800.00",Rs./Quintal,1.30,Metric Tonnes,18-12-2025
Maharashtra,Pune,Pune(Manjri) APMC,Vegetables,Potato,Other,Local,"1,000.00","2,000.00","1,500.00",Rs./Quintal,1.50,Metric Tonnes,18-11-2025
Maharashtra,Pune,Pune(Manjri) APMC,Vegetables,Potato,Other,Local,"1,400.00","1,800.00","1,600.00",Rs./Quintal,5.00,Metric Tonnes,18-08-2026
Maharashtra,Pune,Pune(Manjri) APMC,Vegetables,Potato,Other,Local,"1,300.00","1,700.00","1,500.00",Rs./Quintal,3.80,Metric Tonnes,18-07-2026
Maharashtra,Pune,Pune(Manjri) APMC,Vegetables,Potato,Other,Local,"1,300.00","1,600.00","1,500.00",Rs./Quintal,6.60,Metric Tonnes,18-06-2026
Maharashtra,Pune,Pune(Manjri) APMC,Vegetables,Potato,Other,Local,"1,500.00","1,800.00","1,600.00",Rs./Quintal,3.70,Metric Tonnes,18-05-2026
Maharashtra,Pune,Pune(Manjri) APMC,Vegetables,Potato,Other,Local,"1,200.00","1,600.00","1,400.00",Rs./Quintal,6.40,Metric Tonnes,18-04-2026
Maharashtra,Pune,Pune(Manjri) APMC,Vegetables,Potato,Other,Local,"1,500.00","1,800.00","1,600.00",Rs./Quintal,3.00,Metric Tonnes,18-03-2026
Maharashtra,Pune,Pune(Manjri) APMC,Vegetables,Potato,Other,Local,"1,400.00","2,000.00","1,800.00",Rs./Quintal,2.40,Metric Tonnes,18-02-2026
Maharashtra,Pune,Pune(Manjri) APMC,Vegetables,Potato,Other,Local,"1,000.00","1,800.00","1,500.00",Rs./Quintal,1.20,Metric Tonnes,18-01-2026
Maharashtra,Pune,Pune(Manjri) APMC,Vegetables,Potato,Other,Local,"1,000.00","2,000.00","1,800.00",Rs./Quintal,2.00,Metric Tonnes,17-12-2025
Maharashtra,Pune,Pune(Manjri) APMC,Vegetables,Potato,Other,Local,"1,000.00","2,000.00","1,800.00",Rs./Quintal,2.40,Metric Tonnes,17-11-2025
Maharashtra,Pune,Pune(Manjri) APMC,Vegetables,Potato,Other,Local,"1,400.00","1,800.00","1,500.00",Rs./Quintal,5.00,Metric Tonnes,17-08-2026
Maharashtra,Pune,Pune(Manjri) APMC,Vegetables,Potato,Other,Local,"1,300.00","1,700.00","1,500.00",Rs./Quintal,5.20,Metric Tonnes,17-07-2026
Maharashtra,Pune,Pune(Manjri) APMC,Vegetables,Potato,Other,Local,"1,400.00","1,800.00","1,600.00",Rs./Quintal,3.50,Metric Tonnes,17-06-2026
Maharashtra,Pune,Pune(Manjri) APMC,Vegetables,Potato,Other,Local,"1,400.00","1,600.00","1,500.00",Rs./Quintal,4.00,Metric Tonnes,17-04-2026
Maharashtra,Pune,Pune(Manjri) APMC,Vegetables,Potato,Other,Local,"1,200.00","1,800.00","1,600.00",Rs./Quintal,2.10,Metric Tonnes,17-02-2026
Maharashtra,Pune,Pune(Manjri) APMC,Vegetables,Potato,Other,Local,"1,000.00","1,800.00","1,500.00",Rs./Quintal,2.10,Metric Tonnes,17-01-2026
Maharashtra,Pune,Pune(Manjri) APMC,Vegetables,Potato,Other,Local,"1,000.00","2,000.00","1,700.00",Rs./Quintal,1.80,Metric Tonnes,16-12-2025
Maharashtra,Pune,Pune(Manjri) APMC,Vegetables,Potato,Other,Local,"1,000.00","2,000.00","1,600.00",Rs./Quintal,1.80,Metric Tonnes,16-11-2025
Maharashtra,Pune,Pune(Manjri) APMC,Vegetables,Potato,Other,Local,"1,400.00","1,800.00","1,600.00",Rs./Quintal,6.10,Metric Tonnes,16-08-2026
Maharashtra,Pune,Pune(Manjri) APMC,Vegetables,Potato,Other,Local,"1,300.00","1,600.00","1,500.00",Rs./Quintal,7.60,Metric Tonnes,16-07-2026
Maharashtra,Pune,Pune(Manjri) APMC,Vegetables,Potato,Other,Local,"1,000.00","1,600.00","1,500.00",Rs./Quintal,3.60,Metric Tonnes,16-06-2026
Maharashtra,Pune,Pune(Manjri) APMC,Vegetables,Potato,Other,Local,"1,200.00","1,800.00","1,500.00",Rs./Quintal,3.30,Metric Tonnes,16-05-2026
Maharashtra,Pune,Pune(Manjri) APMC,Vegetables,Potato,Other,Local,"1,200.00","1,800.00","1,600.00",Rs./Quintal,5.00,Metric Tonnes,16-03-2026
Maharashtra,Pune,Pune(Manjri) APMC,Vegetables,Potato,Other,Local,"1,000.00","1,800.00","1,600.00",Rs./Quintal,2.40,Metric Tonnes,16-02-2026
Maharashtra,Pune,Pune(Manjri) APMC,Vegetables,Potato,Other,Local,"1,000.00","1,800.00","1,600.00",Rs./Quintal,3.60,Metric Tonnes,16-01-2026
Maharashtra,Pune,Pune(Manjri) APMC,Vegetables,Potato,Other,Local,"1,000.00","2,000.00","1,600.00",Rs./Quintal,3.00,Metric Tonnes,15-12-2025
Maharashtra,Pune,Pune(Manjri) APMC,Vegetables,Potato,Other,Local,"1,000.00","2,000.00","1,800.00",Rs./Quintal,2.00,Metric Tonnes,15-11-2025
Maharashtra,Pune,Pune(Manjri) APMC,Vegetables,Potato,Other,Local,"1,300.00","1,600.00","1,500.00",Rs./Quintal,6.10,Metric Tonnes,15-07-2026
Maharashtra,Pune,Pune(Manjri) APMC,Vegetables,Potato,Other,Local,"1,400.00","1,800.00","1,500.00",Rs./Quintal,6.50,Metric Tonnes,15-06-2026
Maharashtra,Pune,Pune(Manjri) APMC,Vegetables,Potato,Other,Local,"1,200.00","1,800.00","1,500.00",Rs./Quintal,3.60,Metric Tonnes,15-05-2026
Maharashtra,Pune,Pune(Manjri) APMC,Vegetables,Potato,Other,Local,"1,200.00","1,400.00","1,300.00",Rs./Quintal,3.50,Metric Tonnes,15-04-2026
Maharashtra,Pune,Pune(Manjri) APMC,Vegetables,Potato,Other,Local,"1,200.00","1,800.00","1,600.00",Rs./Quintal,6.80,Metric Tonnes,15-03-2026
Maharashtra,Pune,Pune(Manjri) APMC,Vegetables,Potato,Other,Local,"1,400.00","2,000.00","1,800.00",Rs./Quintal,2.30,Metric Tonnes,15-02-2026
Maharashtra,Pune,Pune(Manjri) APMC,Vegetables,Potato,Other,Local,"1,000.00","2,000.00","1,600.00",Rs./Quintal,1.70,Metric Tonnes,14-12-2025
Maharashtra,Pune,Pune(Manjri) APMC,Vegetables,Potato,Other,Local,"1,000.00","2,000.00","1,600.00",Rs./Quintal,2.00,Metric Tonnes,14-11-2025
Maharashtra,Pune,Pune(Manjri) APMC,Vegetables,Potato,Other,Local,"1,400.00","1,800.00","1,600.00",Rs./Quintal,2.60,Metric Tonnes,14-08-2026
Maharashtra,Pune,Pune(Manjri) APMC,Vegetables,Potato,Other,Local,"1,300.00","1,600.00","1,500.00",Rs./Quintal,5.10,Metric Tonnes,14-07-2026
Maharashtra,Pune,Pune(Manjri) APMC,Vegetables,Potato,Other,Local,"1,200.00","1,600.00","1,500.00",Rs./Quintal,3.60,Metric Tonnes,14-06-2026
Maharashtra,Pune,Pune(Manjri) APMC,Vegetables,Potato,Other,Local,"1,400.00","1,800.00","1,600.00",Rs./Quintal,3.70,Metric Tonnes,14-05-2026
Maharashtra,Pune,Pune(Manjri) APMC,Vegetables,Potato,Other,Local,"1,200.00","1,600.00","1,500.00",Rs./Quintal,3.70,Metric Tonnes,14-04-2026
Maharashtra,Pune,Pune(Manjri) APMC,Vegetables,Potato,Other,Local,"1,200.00","1,800.00","1,500.00",Rs./Quintal,6.20,Metric Tonnes,14-03-2026
Maharashtra,Pune,Pune(Manjri) APMC,Vegetables,Potato,Other,Local,"1,400.00","2,000.00","1,800.00",Rs./Quintal,4.30,Metric Tonnes,14-02-2026
Maharashtra,Pune,Pune(Manjri) APMC,Vegetables,Potato,Other,Local,"1,000.00","1,700.00","1,500.00",Rs./Quintal,1.20,Metric Tonnes,14-01-2026
Maharashtra,Pune,Pune(Manjri) APMC,Vegetables,Potato,Other,Local,"1,000.00","2,000.00","1,600.00",Rs./Quintal,2.10,Metric Tonnes,13-12-2025
Maharashtra,Pune,Pune(Manjri) APMC,Vegetables,Potato,Other,Local,"1,500.00","2,000.00","1,800.00",Rs./Quintal,1.40,Metric Tonnes,13-11-2025
Maharashtra,Pune,Pune(Manjri) APMC,Vegetables,Potato,Other,Local,"1,400.00","1,800.00","1,600.00",Rs./Quintal,4.00,Metric Tonnes,13-08-2026
Maharashtra,Pune,Pune(Manjri) APMC,Vegetables,Potato,Other,Local,"1,300.00","1,600.00","1,500.00",Rs./Quintal,7.50,Metric Tonnes,13-07-2026
Maharashtra,Pune,Pune(Manjri) APMC,Vegetables,Potato,Other,Local,"1,200.00","1,600.00","1,500.00",Rs./Quintal,3.60,Metric Tonnes,13-06-2026
Maharashtra,Pune,Pune(Manjri) APMC,Vegetables,Potato,Other,Local,"1,200.00","1,600.00","1,500.00",Rs./Quintal,3.60,Metric Tonnes,13-05-2026
Maharashtra,Pune,Pune(Manjri) APMC,Vegetables,Potato,Other,Local,"1,000.00","1,600.00","1,500.00",Rs./Quintal,3.00,Metric Tonnes,13-04-2026
Maharashtra,Pune,Pune(Manjri) APMC,Vegetables,Potato,Other,Local,"1,300.00","1,800.00","1,500.00",Rs./Quintal,4.40,Metric Tonnes,13-03-2026
Maharashtra,Pune,Pune(Manjri) APMC,Vegetables,Potato,Other,Local,"1,000.00","2,200.00","1,800.00",Rs./Quintal,3.00,Metric Tonnes,13-02-2026
Maharashtra,Pune,Pune(Manjri) APMC,Vegetables,Potato,Other,Local,"1,000.00","1,800.00","1,600.00",Rs./Quintal,1.10,Metric Tonnes,13-01-2026
Maharashtra,Pune,Pune(Manjri) APMC,Vegetables,Potato,Other,Local,"1,000.00","2,000.00","1,800.00",Rs./Quintal,1.90,Metric Tonnes,12-12-2025
Maharashtra,Pune,Pune(Manjri) APMC,Vegetables,Potato,Other,Local,"1,000.00","2,000.00","1,500.00",Rs./Quintal,2.50,Metric Tonnes,12-11-2025
Maharashtra,Pune,Pune(Manjri) APMC,Vegetables,Potato,Other,Local,"1,400.00","1,800.00","1,600.00",Rs./Quintal,3.70,Metric Tonnes,12-08-2026
Maharashtra,Pune,Pune(Manjri) APMC,Vegetables,Potato,Other,Local,"1,400.00","1,700.00","1,500.00",Rs./Quintal,9.30,Metric Tonnes,12-07-2026
Maharashtra,Pune,Pune(Manjri) APMC,Vegetables,Potato,Other,Local,"1,400.00","1,800.00","1,600.00",Rs./Quintal,3.60,Metric Tonnes,12-06-2026
Maharashtra,Pune,Pune(Manjri) APMC,Vegetables,Potato,Other,Local,"1,200.00","1,800.00","1,500.00",Rs./Quintal,2.50,Metric Tonnes,12-05-2026
Maharashtra,Pune,Pune(Manjri) APMC,Vegetables,Potato,Other,Local,"1,200.00","1,600.00","1,500.00",Rs./Quintal,3.50,Metric Tonnes,12-04-2026
Maharashtra,Pune,Pune(Manjri) APMC,Vegetables,Potato,Other,Local,"1,200.00","1,800.00","1,600.00",Rs./Quintal,4.00,Metric Tonnes,12-03-2026
Maharashtra,Pune,Pune(Manjri) APMC,Vegetables,Potato,Other,Local,"1,200.00","2,000.00","1,800.00",Rs./Quintal,2.00,Metric Tonnes,12-02-2026
Maharashtra,Pune,Pune(Manjri) APMC,Vegetables,Potato,Other,Local,"1,000.00","2,000.00","1,600.00",Rs./Quintal,1.20,Metric Tonnes,12-01-2026
Maharashtra,Pune,Pune(Manjri) APMC,Vegetables,Potato,Other,Local,"1,000.00","2,000.00","1,800.00",Rs./Quintal,2.60,Metric Tonnes,11-12-2025
Maharashtra,Pune,Pune(Manjri) APMC,Vegetables,Potato,Other,Local,"1,000.00","2,000.00","1,600.00",Rs./Quintal,2.80,Metric Tonnes,11-11-2025
Maharashtra,Pune,Pune(Manjri) APMC,Vegetables,Potato,Other,Local,"1,400.00","1,800.00","1,600.00",Rs./Quintal,3.70,Metric Tonnes,11-08-2026
Maharashtra,Pune,Pune(Manjri) APMC,Vegetables,Potato,Other,Local,"1,300.00","1,600.00","1,500.00",Rs./Quintal,0.80,Metric Tonnes,11-07-2026
Maharashtra,Pune,Pune(Manjri) APMC,Vegetables,Potato,Other,Local,"1,300.00","1,700.00","1,500.00",Rs./Quintal,4.30,Metric Tonnes,11-06-2026
Maharashtra,Pune,Pune(Manjri) APMC,Vegetables,Potato,Other,Local,"1,400.00","1,800.00","1,500.00",Rs./Quintal,2.50,Metric Tonnes,11-05-2026
Maharashtra,Pune,Pune(Manjri) APMC,Vegetables,Potato,Other,Local,"1,200.00","1,600.00","1,400.00",Rs./Quintal,2.20,Metric Tonnes,11-04-2026
Maharashtra,Pune,Pune(Manjri) APMC,Vegetables,Potato,Other,Local,"1,200.00","1,800.00","1,600.00",Rs./Quintal,4.60,Metric Tonnes,11-03-2026
Maharashtra,Pune,Pune(Manjri) APMC,Vegetables,Potato,Other,Local,"1,200.00","2,000.00","1,800.00",Rs./Quintal,2.20,Metric Tonnes,11-02-2026
Maharashtra,Pune,Pune(Manjri) APMC,Vegetables,Potato,Other,Local,"1,000.00","1,500.00","1,200.00",Rs./Quintal,1.50,Metric Tonnes,11-01-2026
Maharashtra,Pune,Pune(Manjri) APMC,Vegetables,Potato,Other,Local,"1,000.00","2,000.00","1,800.00",Rs./Quintal,2.80,Metric Tonnes,10-11-2025
Maharashtra,Pune,Pune(Manjri) APMC,Vegetables,Potato,Other,Local,"1,400.00","1,800.00","1,600.00",Rs./Quintal,5.70,Metric Tonnes,10-08-2026
Maharashtra,Pune,Pune(Manjri) APMC,Vegetables,Potato,Other,Local,"1,300.00","1,800.00","1,500.00",Rs./Quintal,8.50,Metric Tonnes,10-07-2026
Maharashtra,Pune,Pune(Manjri) APMC,Vegetables,Potato,Other,Local,"1,300.00","1,600.00","1,500.00",Rs./Quintal,4.40,Metric Tonnes,10-06-2026
Maharashtra,Pune,Pune(Manjri) APMC,Vegetables,Potato,Other,Local,"1,400.00","1,800.00","1,600.00",Rs./Quintal,3.50,Metric Tonnes,10-05-2026
Maharashtra,Pune,Pune(Manjri) APMC,Vegetables,Potato,Other,Local,"1,200.00","1,600.00","1,400.00",Rs./Quintal,4.30,Metric Tonnes,10-04-2026
Maharashtra,Pune,Pune(Manjri) APMC,Vegetables,Potato,Other,Local,"1,400.00","1,800.00","1,600.00",Rs./Quintal,2.30,Metric Tonnes,10-03-2026
Maharashtra,Pune,Pune(Manjri) APMC,Vegetables,Potato,Other,Local,"1,200.00","1,800.00","1,600.00",Rs./Quintal,2.70,Metric Tonnes,10-02-2026
Maharashtra,Pune,Pune(Manjri) APMC,Vegetables,Potato,Other,Local,"1,000.00","1,800.00","1,500.00",Rs./Quintal,2.50,Metric Tonnes,10-01-2026
Maharashtra,Pune,Pune(Manjri) APMC,Vegetables,Potato,Other,Local,"1,000.00","2,000.00","1,800.00",Rs./Quintal,4.10,Metric Tonnes,09-12-2025
Maharashtra,Pune,Pune(Manjri) APMC,Vegetables,Potato,Other,Local,"1,000.00","2,000.00","1,800.00",Rs./Quintal,3.00,Metric Tonnes,09-11-2025
Maharashtra,Pune,Pune(Manjri) APMC,Vegetables,Potato,Other,Local,"1,200.00","1,700.00","1,500.00",Rs./Quintal,4.40,Metric Tonnes,09-08-2026
Maharashtra,Pune,Pune(Manjri) APMC,Vegetables,Potato,Other,Local,"1,300.00","1,600.00","1,500.00",Rs./Quintal,6.40,Metric Tonnes,09-07-2026
Maharashtra,Pune,Pune(Manjri) APMC,Vegetables,Potato,Other,Local,"1,400.00","1,600.00","1,500.00",Rs./Quintal,3.80,Metric Tonnes,09-06-2026
Maharashtra,Pune,Pune(Manjri) APMC,Vegetables,Potato,Other,Local,"1,400.00","1,700.00","1,600.00",Rs./Quintal,4.00,Metric Tonnes,09-05-2026
Maharashtra,Pune,Pune(Manjri) APMC,Vegetables,Potato,Other,Local,"1,200.00","1,600.00","1,500.00",Rs./Quintal,4.00,Metric Tonnes,09-04-2026
Maharashtra,Pune,Pune(Manjri) APMC,Vegetables,Potato,Other,Local,"1,400.00","2,000.00","1,800.00",Rs./Quintal,2.90,Metric Tonnes,09-03-2026
Maharashtra,Pune,Pune(Manjri) APMC,Vegetables,Potato,Other,Local,"1,200.00","2,000.00","1,600.00",Rs./Quintal,2.90,Metric Tonnes,09-02-2026
Maharashtra,Pune,Pune(Manjri) APMC,Vegetables,Potato,Other,Local,"1,000.00","2,000.00","1,600.00",Rs./Quintal,2.00,Metric Tonnes,09-01-2026
Maharashtra,Pune,Pune(Manjri) APMC,Vegetables,Potato,Other,Local,"1,000.00","2,000.00","1,600.00",Rs./Quintal,2.50,Metric Tonnes,08-12-2025
Maharashtra,Pune,Pune(Manjri) APMC,Vegetables,Potato,Other,Local,"1,000.00","2,000.00","1,800.00",Rs./Quintal,2.70,Metric Tonnes,08-11-2025
Maharashtra,Pune,Pune(Manjri) APMC,Vegetables,Potato,Other,Local,"1,400.00","1,800.00","1,600.00",Rs./Quintal,6.10,Metric Tonnes,08-08-2026
Maharashtra,Pune,Pune(Manjri) APMC,Vegetables,Potato,Other,Local,"1,300.00","1,600.00","1,500.00",Rs./Quintal,7.70,Metric Tonnes,08-07-2026
Maharashtra,Pune,Pune(Manjri) APMC,Vegetables,Potato,Other,Local,"1,400.00","1,600.00","1,500.00",Rs./Quintal,5.00,Metric Tonnes,08-06-2026
Maharashtra,Pune,Pune(Manjri) APMC,Vegetables,Potato,Other,Local,"1,400.00","1,800.00","1,500.00",Rs./Quintal,5.00,Metric Tonnes,08-05-2026
Maharashtra,Pune,Pune(Manjri) APMC,Vegetables,Potato,Other,Local,"1,200.00","1,600.00","1,500.00",Rs./Quintal,4.00,Metric Tonnes,08-04-2026
Maharashtra,Pune,Pune(Manjri) APMC,Vegetables,Potato,Other,Local,"1,200.00","1,800.00","1,600.00",Rs./Quintal,4.10,Metric Tonnes,08-03-2026
Maharashtra,Pune,Pune(Manjri) APMC,Vegetables,Potato,Other,Local,"1,000.00","2,000.00","1,800.00",Rs./Quintal,2.80,Metric Tonnes,08-02-2026
Maharashtra,Pune,Pune(Manjri) APMC,Vegetables,Potato,Other,Local,"1,000.00","1,800.00","1,600.00",Rs./Quintal,1.30,Metric Tonnes,08-01-2026
Maharashtra,Pune,Pune(Manjri) APMC,Vegetables,Potato,Other,Local,"1,000.00","2,000.00","1,600.00",Rs./Quintal,4.20,Metric Tonnes,07-12-2025
Maharashtra,Pune,Pune(Manjri) APMC,Vegetables,Potato,Other,Local,"1,000.00","2,000.00","1,800.00",Rs./Quintal,1.80,Metric Tonnes,07-11-2025
Maharashtra,Pune,Pune(Manjri) APMC,Vegetables,Potato,Other,Local,"1,400.00","1,800.00","1,600.00",Rs./Quintal,2.90,Metric Tonnes,07-08-2026
Maharashtra,Pune,Pune(Manjri) APMC,Vegetables,Potato,Other,Local,"1,400.00","1,600.00","1,500.00",Rs./Quintal,6.90,Metric Tonnes,07-07-2026
Maharashtra,Pune,Pune(Manjri) APMC,Vegetables,Potato,Other,Local,"1,300.00","1,600.00","1,500.00",Rs./Quintal,5.50,Metric Tonnes,07-06-2026
Maharashtra,Pune,Pune(Manjri) APMC,Vegetables,Potato,Other,Local,"1,400.00","1,800.00","1,600.00",Rs./Quintal,6.40,Metric Tonnes,07-05-2026
Maharashtra,Pune,Pune(Manjri) APMC,Vegetables,Potato,Other,Local,"1,200.00","1,600.00","1,400.00",Rs./Quintal,4.70,Metric Tonnes,07-04-2026
Maharashtra,Pune,Pune(Manjri) APMC,Vegetables,Potato,Other,Local,"1,400.00","1,800.00","1,600.00",Rs./Quintal,3.40,Metric Tonnes,07-03-2026
Maharashtra,Pune,Pune(Manjri) APMC,Vegetables,Potato,Other,Local,"1,200.00","2,000.00","1,800.00",Rs./Quintal,1.80,Metric Tonnes,07-02-2026
Maharashtra,Pune,Pune(Manjri) APMC,Vegetables,Potato,Other,Local,"1,000.00","2,000.00","1,600.00",Rs./Quintal,1.60,Metric Tonnes,07-01-2026
Maharashtra,Pune,Pune(Manjri) APMC,Vegetables,Potato,Other,Local,"1,000.00","2,000.00","1,600.00",Rs./Quintal,1.40,Metric Tonnes,06-12-2025
Maharashtra,Pune,Pune(Manjri) APMC,Vegetables,Potato,Other,Local,"1,200.00","1,600.00","1,500.00",Rs./Quintal,3.80,Metric Tonnes,06-08-2026
Maharashtra,Pune,Pune(Manjri) APMC,Vegetables,Potato,Other,Local,"1,400.00","1,700.00","1,500.00",Rs./Quintal,4.40,Metric Tonnes,06-07-2026
Maharashtra,Pune,Pune(Manjri) APMC,Vegetables,Potato,Other,Local,"1,200.00","1,600.00","1,400.00",Rs./Quintal,5.30,Metric Tonnes,06-06-2026
Maharashtra,Pune,Pune(Manjri) APMC,Vegetables,Potato,Other,Local,"1,400.00","1,600.00","1,500.00",Rs./Quintal,5.30,Metric Tonnes,06-05-2026
Maharashtra,Pune,Pune(Manjri) APMC,Vegetables,Potato,Other,Local,"1,000.00","1,600.00","1,400.00",Rs./Quintal,6.10,Metric Tonnes,06-04-2026
Maharashtra,Pune,Pune(Manjri) APMC,Vegetables,Potato,Other,Local,"1,200.00","1,800.00","1,500.00",Rs./Quintal,3.00,Metric Tonnes,06-03-2026
Maharashtra,Pune,Pune(Manjri) APMC,Vegetables,Potato,Other,Local,"1,000.00","2,000.00","1,600.00",Rs./Quintal,2.40,Metric Tonnes,06-02-2026
Maharashtra,Pune,Pune(Manjri) APMC,Vegetables,Potato,Other,Local,"1,000.00","1,800.00","1,600.00",Rs./Quintal,2.00,Metric Tonnes,06-01-2026
Maharashtra,Pune,Pune(Manjri) APMC,Vegetables,Potato,Other,Local,"1,000.00","2,000.00","1,800.00",Rs./Quintal,2.60,Metric Tonnes,05-12-2025
Maharashtra,Pune,Pune(Manjri) APMC,Vegetables,Potato,Other,Local,"1,400.00","1,800.00","1,600.00",Rs./Quintal,3.30,Metric Tonnes,05-08-2026
Maharashtra,Pune,Pune(Manjri) APMC,Vegetables,Potato,Other,Local,"1,300.00","1,600.00","1,500.00",Rs./Quintal,5.00,Metric Tonnes,05-07-2026
Maharashtra,Pune,Pune(Manjri) APMC,Vegetables,Potato,Other,Local,"1,200.00","1,600.00","1,400.00",Rs./Quintal,3.60,Metric Tonnes,05-06-2026
Maharashtra,Pune,Pune(Manjri) APMC,Vegetables,Potato,Other,Local,"1,200.00","1,800.00","1,600.00",Rs./Quintal,4.50,Metric Tonnes,05-05-2026
Maharashtra,Pune,Pune(Manjri) APMC,Vegetables,Potato,Other,Local,"1,200.00","1,600.00","1,500.00",Rs./Quintal,4.60,Metric Tonnes,05-04-2026
Maharashtra,Pune,Pune(Manjri) APMC,Vegetables,Potato,Other,Local,"1,400.00","1,800.00","1,600.00",Rs./Quintal,2.80,Metric Tonnes,05-03-2026
Maharashtra,Pune,Pune(Manjri) APMC,Vegetables,Potato,Other,Local,"1,000.00","1,800.00","1,600.00",Rs./Quintal,1.40,Metric Tonnes,05-02-2026
Maharashtra,Pune,Pune(Manjri) APMC,Vegetables,Potato,Other,Local,"1,000.00","2,200.00","2,000.00",Rs./Quintal,2.20,Metric Tonnes,05-01-2026
Maharashtra,Pune,Pune(Manjri) APMC,Vegetables,Potato,Other,Local,"1,200.00","1,800.00","1,500.00",Rs./Quintal,1.80,Metric Tonnes,04-12-2025
Maharashtra,Pune,Pune(Manjri) APMC,Vegetables,Potato,Other,Local,"1,000.00","1,800.00","1,400.00",Rs./Quintal,2.50,Metric Tonnes,04-08-2026
Maharashtra,Pune,Pune(Manjri) APMC,Vegetables,Potato,Other,Local,"1,300.00","1,600.00","1,500.00",Rs./Quintal,4.50,Metric Tonnes,04-07-2026
Maharashtra,Pune,Pune(Manjri) APMC,Vegetables,Potato,Other,Local,"1,300.00","1,600.00","1,500.00",Rs./Quintal,4.40,Metric Tonnes,04-06-2026
Maharashtra,Pune,Pune(Manjri) APMC,Vegetables,Potato,Other,Local,"1,400.00","1,600.00","1,500.00",Rs./Quintal,1.00,Metric Tonnes,04-05-2026
Maharashtra,Pune,Pune(Manjri) APMC,Vegetables,Potato,Other,Local,"1,200.00","1,600.00","1,400.00",Rs./Quintal,5.40,Metric Tonnes,04-04-2026
Maharashtra,Pune,Pune(Manjri) APMC,Vegetables,Potato,Other,Local,"1,400.00","1,800.00","1,600.00",Rs./Quintal,2.50,Metric Tonnes,04-03-2026
Maharashtra,Pune,Pune(Manjri) APMC,Vegetables,Potato,Other,Local,"1,000.00","2,000.00","1,800.00",Rs./Quintal,0.80,Metric Tonnes,04-02-2026
Maharashtra,Pune,Pune(Manjri) APMC,Vegetables,Potato,Other,Local,"1,000.00","2,500.00","1,800.00",Rs./Quintal,2.50,Metric Tonnes,04-01-2026
Maharashtra,Pune,Pune(Manjri) APMC,Vegetables,Potato,Other,Local,"1,000.00","2,000.00","1,500.00",Rs./Quintal,3.40,Metric Tonnes,03-12-2025
Maharashtra,Pune,Pune(Manjri) APMC,Vegetables,Potato,Other,Local,"1,300.00","1,600.00","1,500.00",Rs./Quintal,4.40,Metric Tonnes,03-08-2026
Maharashtra,Pune,Pune(Manjri) APMC,Vegetables,Potato,Other,Local,"1,300.00","1,600.00","1,500.00",Rs./Quintal,5.90,Metric Tonnes,03-07-2026
Maharashtra,Pune,Pune(Manjri) APMC,Vegetables,Potato,Other,Local,"1,300.00","1,600.00","1,500.00",Rs./Quintal,3.20,Metric Tonnes,03-06-2026
Maharashtra,Pune,Pune(Manjri) APMC,Vegetables,Potato,Other,Local,"1,200.00","1,600.00","1,400.00",Rs./Quintal,2.10,Metric Tonnes,03-05-2026
Maharashtra,Pune,Pune(Manjri) APMC,Vegetables,Potato,Other,Local,"1,200.00","1,500.00","1,400.00",Rs./Quintal,3.70,Metric Tonnes,03-04-2026
Maharashtra,Pune,Pune(Manjri) APMC,Vegetables,Potato,Other,Local,"1,200.00","1,800.00","1,600.00",Rs./Quintal,0.50,Metric Tonnes,03-03-2026
Maharashtra,Pune,Pune(Manjri) APMC,Vegetables,Potato,Other,Local,"1,000.00","2,000.00","1,600.00",Rs./Quintal,1.50,Metric Tonnes,03-02-2026
Maharashtra,Pune,Pune(Manjri) APMC,Vegetables,Potato,Other,Local,"1,000.00","2,000.00","1,500.00",Rs./Quintal,2.80,Metric Tonnes,03-01-2026
Maharashtra,Pune,Pune(Manjri) APMC,Vegetables,Potato,Other,Local,"1,200.00","2,000.00","1,500.00",Rs./Quintal,2.00,Metric Tonnes,02-12-2025
Maharashtra,Pune,Pune(Manjri) APMC,Vegetables,Potato,Other,Local,"1,200.00","1,600.00","1,500.00",Rs./Quintal,5.30,Metric Tonnes,02-08-2026
Maharashtra,Pune,Pune(Manjri) APMC,Vegetables,Potato,Other,Local,"1,400.00","1,800.00","1,600.00",Rs./Quintal,4.70,Metric Tonnes,02-07-2026
Maharashtra,Pune,Pune(Manjri) APMC,Vegetables,Potato,Other,Local,"1,300.00","1,600.00","1,500.00",Rs./Quintal,4.40,Metric Tonnes,02-06-2026
Maharashtra,Pune,Pune(Manjri) APMC,Vegetables,Potato,Other,Local,"1,300.00","1,600.00","1,500.00",Rs./Quintal,1.10,Metric Tonnes,02-05-2026
Maharashtra,Pune,Pune(Manjri) APMC,Vegetables,Potato,Other,Local,"1,200.00","1,600.00","1,500.00",Rs./Quintal,2.30,Metric Tonnes,02-04-2026
Maharashtra,Pune,Pune(Manjri) APMC,Vegetables,Potato,Other,Local,"1,200.00","1,800.00","1,600.00",Rs./Quintal,2.70,Metric Tonnes,02-03-2026
Maharashtra,Pune,Pune(Manjri) APMC,Vegetables,Potato,Other,Local,"1,000.00","2,000.00","1,700.00",Rs./Quintal,1.00,Metric Tonnes,02-02-2026
Maharashtra,Pune,Pune(Manjri) APMC,Vegetables,Potato,Other,Local,"1,000.00","1,800.00","1,600.00",Rs./Quintal,1.70,Metric Tonnes,02-01-2026
Maharashtra,Pune,Pune(Manjri) APMC,Vegetables,Potato,Other,Local,"1,000.00","2,000.00","1,600.00",Rs./Quintal,1.50,Metric Tonnes,01-12-2025
Maharashtra,Pune,Pune(Manjri) APMC,Vegetables,Potato,Other,Local,"1,400.00","1,700.00","1,500.00",Rs./Quintal,4.20,Metric Tonnes,01-08-2026
Maharashtra,Pune,Pune(Manjri) APMC,Vegetables,Potato,Other,Local,"1,300.00","1,600.00","1,500.00",Rs./Quintal,5.50,Metric Tonnes,01-07-2026
Maharashtra,Pune,Pune(Manjri) APMC,Vegetables,Potato,Other,Local,"1,300.00","1,600.00","1,500.00",Rs./Quintal,3.20,Metric Tonnes,01-06-2026
Maharashtra,Pune,Pune(Manjri) APMC,Vegetables,Potato,Other,Local,"1,200.00","1,800.00","1,500.00",Rs./Quintal,2.50,Metric Tonnes,01-04-2026
Maharashtra,Pune,Pune(Manjri) APMC,Vegetables,Potato,Other,Local,"1,200.00","2,000.00","1,800.00",Rs./Quintal,2.70,Metric Tonnes,01-03-2026
Maharashtra,Pune,Pune(Manjri) APMC,Vegetables,Potato,Other,Local,"1,000.00","2,000.00","1,600.00",Rs./Quintal,1.90,Metric Tonnes,01-02-2026
Maharashtra,Pune,Pune(Manjri) APMC,Vegetables,Potato,Other,Local,"1,000.00","2,000.00","1,600.00",Rs./Quintal,2.00,Metric Tonnes,01-01-2026
Maharashtra,Pune,Pune(Moshi) APMC,Vegetables,Potato,Local,Local,"1,000.00","1,500.00","1,250.00",Rs./Quintal,54.00,Metric Tonnes,31-07-2026
Maharashtra,Pune,Pune(Moshi) APMC,Vegetables,Potato,Local,Local,"1,000.00","1,200.00","1,100.00",Rs./Quintal,64.50,Metric Tonnes,31-05-2026
Maharashtra,Pune,Pune(Moshi) APMC,Vegetables,Potato,Local,Local,900.00,"1,000.00",950.00,Rs./Quintal,48.90,Metric Tonnes,31-03-2026
Maharashtra,Pune,Pune(Moshi) APMC,Vegetables,Potato,Local,Local,400.00,"1,000.00",700.00,Rs./Quintal,51.30,Metric Tonnes,31-01-2026
Maharashtra,Pune,Pune(Moshi) APMC,Vegetables,Potato,Local,Local,"1,000.00","1,200.00","1,000.00",Rs./Quintal,68.60,Metric Tonnes,30-12-2025
Maharashtra,Pune,Pune(Moshi) APMC,Vegetables,Potato,Local,Local,"1,000.00","1,400.00","1,200.00",Rs./Quintal,88.50,Metric Tonnes,30-11-2025
Maharashtra,Pune,Pune(Moshi) APMC,Vegetables,Potato,Local,Local,700.00,"1,500.00","1,100.00",Rs./Quintal,160.50,Metric Tonnes,30-07-2026
Maharashtra,Pune,Pune(Moshi) APMC,Vegetables,Potato,Local,Local,"1,000.00","1,200.00","1,100.00",Rs./Quintal,47.50,Metric Tonnes,30-06-2026
Maharashtra,Pune,Pune(Moshi) APMC,Vegetables,Potato,Local,Local,900.00,"1,000.00",950.00,Rs./Quintal,76.10,Metric Tonnes,30-05-2026
Maharashtra,Pune,Pune(Moshi) APMC,Vegetables,Potato,Local,Local,"1,000.00","1,200.00","1,100.00",Rs./Quintal,122.50,Metric Tonnes,30-04-2026
Maharashtra,Pune,Pune(Moshi) APMC,Vegetables,Potato,Local,Local,800.00,"1,200.00","1,000.00",Rs./Quintal,88.80,Metric Tonnes,30-03-2026
Maharashtra,Pune,Pune(Moshi) APMC,Vegetables,Potato,Local,Local,800.00,"1,000.00",900.00,Rs./Quintal,122.30,Metric Tonnes,30-01-2026
Maharashtra,Pune,Pune(Moshi) APMC,Vegetables,Potato,Local,Local,"1,300.00","1,500.00","1,400.00",Rs./Quintal,74.00,Metric Tonnes,29-11-2025
Maharashtra,Pune,Pune(Moshi) APMC,Vegetables,Potato,Local,Local,900.00,"1,000.00",950.00,Rs./Quintal,85.50,Metric Tonnes,29-06-2026
Maharashtra,Pune,Pune(Moshi) APMC,Vegetables,Potato,Local,Local,"1,000.00","1,200.00","1,100.00",Rs./Quintal,37.50,Metric Tonnes,29-05-2026
Maharashtra,Pune,Pune(Moshi) APMC,Vegetables,Potato,Local,Local,"1,000.00","1,200.00","1,100.00",Rs./Quintal,54.50,Metric Tonnes,29-03-2026
Maharashtra,Pune,Pune(Moshi) APMC,Vegetables,Potato,Local,Local,"1,000.00","1,400.00","1,200.00",Rs./Quintal,103.20,Metric Tonnes,28-12-2025
Maharashtra,Pune,Pune(Moshi) APMC,Vegetables,Potato,Local,Local,"1,300.00","1,600.00","1,450.00",Rs./Quintal,117.50,Metric Tonnes,28-11-2025
Maharashtra,Pune,Pune(Moshi) APMC,Vegetables,Potato,Local,Local,"1,000.00","1,500.00","1,250.00",Rs./Quintal,37.50,Metric Tonnes,28-07-2026
Maharashtra,Pune,Pune(Moshi) APMC,Vegetables,Potato,Local,Local,900.00,"1,100.00","1,000.00",Rs./Quintal,53.10,Metric Tonnes,28-06-2026
Maharashtra,Pune,Pune(Moshi) APMC,Vegetables,Potato,Local,Local,"1,000.00","1,200.00","1,100.00",Rs./Quintal,69.00,Metric Tonnes,28-05-2026
Maharashtra,Pune,Pune(Moshi) APMC,Vegetables,Potato,Local,Local,800.00,"1,000.00",900.00,Rs./Quintal,128.20,Metric Tonnes,28-03-2026
Maharashtra,Pune,Pune(Moshi) APMC,Vegetables,Potato,Local,Local,900.00,"1,000.00",950.00,Rs./Quintal,109.90,Metric Tonnes,28-02-2026
Maharashtra,Pune,Pune(Moshi) APMC,Vegetables,Potato,Local,Local,900.00,"1,400.00","1,150.00",Rs./Quintal,83.50,Metric Tonnes,27-12-2025
Maharashtra,Pune,Pune(Moshi) APMC,Vegetables,Potato,Local,Local,"1,200.00","1,500.00","1,350.00",Rs./Quintal,116.50,Metric Tonnes,27-11-2025
Maharashtra,Pune,Pune(Moshi) APMC,Vegetables,Potato,Local,Local,"1,000.00","1,200.00","1,100.00",Rs./Quintal,81.50,Metric Tonnes,27-07-2026
Maharashtra,Pune,Pune(Moshi) APMC,Vegetables,Potato,Local,Local,"1,000.00","1,200.00","1,100.00",Rs./Quintal,132.70,Metric Tonnes,27-06-2026
Maharashtra,Pune,Pune(Moshi) APMC,Vegetables,Potato,Local,Local,"1,000.00","1,100.00","1,050.00",Rs./Quintal,9.20,Metric Tonnes,27-04-2026
Maharashtra,Pune,Pune(Moshi) APMC,Vegetables,Potato,Local,Local,800.00,"1,200.00","1,000.00",Rs./Quintal,116.60,Metric Tonnes,27-03-2026
Maharashtra,Pune,Pune(Moshi) APMC,Vegetables,Potato,Local,Local,800.00,"1,200.00","1,000.00",Rs./Quintal,98.20,Metric Tonnes,27-02-2026
Maharashtra,Pune,Pune(Moshi) APMC,Vegetables,Potato,Local,Local,"1,000.00","1,000.00","1,000.00",Rs./Quintal,44.70,Metric Tonnes,27-01-2026
Maharashtra,Pune,Pune(Moshi) APMC,Vegetables,Potato,Local,Local,600.00,"1,200.00",900.00,Rs./Quintal,58.50,Metric Tonnes,26-12-2025
Maharashtra,Pune,Pune(Moshi) APMC,Vegetables,Potato,Local,Local,"1,000.00","1,200.00","1,100.00",Rs./Quintal,101.00,Metric Tonnes,26-07-2026
Maharashtra,Pune,Pune(Moshi) APMC,Vegetables,Potato,Local,Local,900.00,"1,100.00","1,000.00",Rs./Quintal,39.70,Metric Tonnes,26-06-2026
Maharashtra,Pune,Pune(Moshi) APMC,Vegetables,Potato,Local,Local,"1,000.00","1,100.00","1,050.00",Rs./Quintal,16.50,Metric Tonnes,26-05-2026
Maharashtra,Pune,Pune(Moshi) APMC,Vegetables,Potato,Local,Local,800.00,"1,000.00",900.00,Rs./Quintal,54.60,Metric Tonnes,26-04-2026
Maharashtra,Pune,Pune(Moshi) APMC,Vegetables,Potato,Local,Local,800.00,"1,100.00",950.00,Rs./Quintal,154.80,Metric Tonnes,26-02-2026
Maharashtra,Pune,Pune(Moshi) APMC,Vegetables,Potato,Local,Local,900.00,"1,400.00","1,150.00",Rs./Quintal,159.10,Metric Tonnes,25-12-2025
Maharashtra,Pune,Pune(Moshi) APMC,Vegetables,Potato,Local,Local,"1,300.00","1,600.00","1,450.00",Rs./Quintal,64.40,Metric Tonnes,25-11-2025
Maharashtra,Pune,Pune(Moshi) APMC,Vegetables,Potato,Local,Local,"1,000.00","1,200.00","1,100.00",Rs./Quintal,59.50,Metric Tonnes,25-07-2026
Maharashtra,Pune,Pune(Moshi) APMC,Vegetables,Potato,Local,Local,900.00,"1,100.00","1,000.00",Rs./Quintal,178.40,Metric Tonnes,25-06-2026
Maharashtra,Pune,Pune(Moshi) APMC,Vegetables,Potato,Local,Local,"1,000.00","1,200.00","1,100.00",Rs./Quintal,58.50,Metric Tonnes,25-05-2026
Maharashtra,Pune,Pune(Moshi) APMC,Vegetables,Potato,Local,Local,"1,000.00","1,100.00","1,050.00",Rs./Quintal,50.00,Metric Tonnes,25-04-2026
Maharashtra,Pune,Pune(Moshi) APMC,Vegetables,Potato,Local,Local,800.00,"1,200.00","1,000.00",Rs./Quintal,80.00,Metric Tonnes,25-01-2026
Maharashtra,Pune,Pune(Moshi) APMC,Vegetables,Potato,Local,Local,"1,500.00","1,600.00","1,550.00",Rs./Quintal,15.50,Metric Tonnes,24-11-2025
Maharashtra,Pune,Pune(Moshi) APMC,Vegetables,Potato,Local,Local,"1,000.00","1,200.00","1,100.00",Rs./Quintal,98.50,Metric Tonnes,24-07-2026
Maharashtra,Pune,Pune(Moshi) APMC,Vegetables,Potato,Local,Local,"1,000.00","1,200.00","1,100.00",Rs./Quintal,151.00,Metric Tonnes,24-05-2026
Maharashtra,Pune,Pune(Moshi) APMC,Vegetables,Potato,Local,Local,"1,000.00","1,100.00","1,050.00",Rs./Quintal,38.00,Metric Tonnes,24-04-2026
Maharashtra,Pune,Pune(Moshi) APMC,Vegetables,Potato,Local,Local,900.00,"1,000.00",950.00,Rs./Quintal,64.70,Metric Tonnes,24-03-2026
Maharashtra,Pune,Pune(Moshi) APMC,Vegetables,Potato,Local,Local,700.00,"1,000.00",850.00,Rs./Quintal,73.70,Metric Tonnes,24-01-2026
Maharashtra,Pune,Pune(Moshi) APMC,Vegetables,Potato,Local,Local,"1,000.00","1,400.00","1,200.00",Rs./Quintal,54.70,Metric Tonnes,23-12-2025
Maharashtra,Pune,Pune(Moshi) APMC,Vegetables,Potato,Local,Local,"1,300.00","1,600.00","1,450.00",Rs./Quintal,71.60,Metric Tonnes,23-11-2025
Maharashtra,Pune,Pune(Moshi) APMC,Vegetables,Potato,Local,Local,800.00,"1,000.00",900.00,Rs./Quintal,129.30,Metric Tonnes,23-07-2026
Maharashtra,Pune,Pune(Moshi) APMC,Vegetables,Potato,Local,Local,"1,000.00","1,200.00","1,100.00",Rs./Quintal,25.50,Metric Tonnes,23-06-2026
Maharashtra,Pune,Pune(Moshi) APMC,Vegetables,Potato,Local,Local,"1,000.00","1,200.00","1,100.00",Rs./Quintal,75.50,Metric Tonnes,23-05-2026
Maharashtra,Pune,Pune(Moshi) APMC,Vegetables,Potato,Local,Local,900.00,"1,000.00",950.00,Rs./Quintal,168.50,Metric Tonnes,23-04-2026
Maharashtra,Pune,Pune(Moshi) APMC,Vegetables,Potato,Local,Local,800.00,"1,000.00",900.00,Rs./Quintal,39.00,Metric Tonnes,23-03-2026
Maharashtra,Pune,Pune(Moshi) APMC,Vegetables,Potato,Local,Local,700.00,"1,000.00",850.00,Rs./Quintal,65.60,Metric Tonnes,23-02-2026
Maharashtra,Pune,Pune(Moshi) APMC,Vegetables,Potato,Local,Local,700.00,"1,000.00",850.00,Rs./Quintal,85.00,Metric Tonnes,23-01-2026
Maharashtra,Pune,Pune(Moshi) APMC,Vegetables,Potato,Local,Local,500.00,"1,200.00",850.00,Rs./Quintal,66.80,Metric Tonnes,22-12-2025
Maharashtra,Pune,Pune(Moshi) APMC,Vegetables,Potato,Local,Local,"1,500.00","1,600.00","1,550.00",Rs./Quintal,57.90,Metric Tonnes,22-11-2025
Maharashtra,Pune,Pune(Moshi) APMC,Vegetables,Potato,Local,Local,800.00,"1,200.00","1,000.00",Rs./Quintal,92.90,Metric Tonnes,22-06-2026
Maharashtra,Pune,Pune(Moshi) APMC,Vegetables,Potato,Local,Local,"1,000.00","1,200.00","1,100.00",Rs./Quintal,85.50,Metric Tonnes,22-05-2026
Maharashtra,Pune,Pune(Moshi) APMC,Vegetables,Potato,Local,Local,800.00,"1,000.00",900.00,Rs./Quintal,160.50,Metric Tonnes,22-03-2026
Maharashtra,Pune,Pune(Moshi) APMC,Vegetables,Potato,Local,Local,800.00,"1,000.00",900.00,Rs./Quintal,65.10,Metric Tonnes,22-02-2026
Maharashtra,Pune,Pune(Moshi) APMC,Vegetables,Potato,Local,Local,600.00,"1,000.00",800.00,Rs./Quintal,142.60,Metric Tonnes,22-01-2026
Maharashtra,Pune,Pune(Moshi) APMC,Vegetables,Potato,Local,Local,700.00,"1,200.00",950.00,Rs./Quintal,153.40,Metric Tonnes,21-12-2025
Maharashtra,Pune,Pune(Moshi) APMC,Vegetables,Potato,Local,Local,"1,400.00","1,600.00","1,500.00",Rs./Quintal,83.60,Metric Tonnes,21-11-2025
Maharashtra,Pune,Pune(Moshi) APMC,Vegetables,Potato,Local,Local,900.00,"1,000.00",950.00,Rs./Quintal,123.50,Metric Tonnes,21-08-2026
Maharashtra,Pune,Pune(Moshi) APMC,Vegetables,Potato,Local,Local,800.00,"1,400.00","1,100.00",Rs./Quintal,62.00,Metric Tonnes,21-07-2026
Maharashtra,Pune,Pune(Moshi) APMC,Vegetables,Potato,Local,Local,"1,000.00","1,100.00","1,050.00",Rs./Quintal,73.50,Metric Tonnes,21-06-2026
Maharashtra,Pune,Pune(Moshi) APMC,Vegetables,Potato,Local,Local,"1,000.00","1,200.00","1,100.00",Rs./Quintal,166.30,Metric Tonnes,21-05-2026
Maharashtra,Pune,Pune(Moshi) APMC,Vegetables,Potato,Local,Local,"1,000.00","1,200.00","1,100.00",Rs./Quintal,47.00,Metric Tonnes,21-04-2026
Maharashtra,Pune,Pune(Moshi) APMC,Vegetables,Potato,Local,Local,800.00,"1,000.00",900.00,Rs./Quintal,41.70,Metric Tonnes,21-02-2026
Maharashtra,Pune,Pune(Moshi) APMC,Vegetables,Potato,Local,Local,"1,100.00","1,400.00","1,250.00",Rs./Quintal,39.30,Metric Tonnes,20-12-2025
Maharashtra,Pune,Pune(Moshi) APMC,Vegetables,Potato,Local,Local,"1,300.00","1,800.00","1,550.00",Rs./Quintal,159.60,Metric Tonnes,20-11-2025
Maharashtra,Pune,Pune(Moshi) APMC,Vegetables,Potato,Local,Local,"1,000.00","1,100.00","1,050.00",Rs./Quintal,159.50,Metric Tonnes,20-08-2026
Maharashtra,Pune,Pune(Moshi) APMC,Vegetables,Potato,Local,Local,800.00,"1,100.00",950.00,Rs./Quintal,32.50,Metric Tonnes,20-07-2026
Maharashtra,Pune,Pune(Moshi) APMC,Vegetables,Potato,Local,Local,900.00,"1,100.00","1,000.00",Rs./Quintal,73.50,Metric Tonnes,20-06-2026
Maharashtra,Pune,Pune(Moshi) APMC,Vegetables,Potato,Local,Local,"1,000.00","1,200.00","1,100.00",Rs./Quintal,83.50,Metric Tonnes,20-03-2026
Maharashtra,Pune,Pune(Moshi) APMC,Vegetables,Potato,Local,Local,700.00,"1,000.00",850.00,Rs./Quintal,81.90,Metric Tonnes,20-02-2026
Maharashtra,Pune,Pune(Moshi) APMC,Vegetables,Potato,Local,Local,800.00,"1,000.00",900.00,Rs./Quintal,62.30,Metric Tonnes,20-01-2026
Maharashtra,Pune,Pune(Moshi) APMC,Vegetables,Potato,Local,Local,"1,200.00","1,600.00","1,400.00",Rs./Quintal,109.40,Metric Tonnes,19-12-2025
Maharashtra,Pune,Pune(Moshi) APMC,Vegetables,Potato,Local,Local,900.00,"1,100.00","1,000.00",Rs./Quintal,124.00,Metric Tonnes,19-07-2026
Maharashtra,Pune,Pune(Moshi) APMC,Vegetables,Potato,Local,Local,800.00,"1,100.00",950.00,Rs./Quintal,88.50,Metric Tonnes,19-06-2026
Maharashtra,Pune,Pune(Moshi) APMC,Vegetables,Potato,Local,Local,"1,000.00","1,200.00","1,100.00",Rs./Quintal,49.00,Metric Tonnes,19-05-2026
Maharashtra,Pune,Pune(Moshi) APMC,Vegetables,Potato,Local,Local,"1,000.00","1,100.00","1,050.00",Rs./Quintal,125.50,Metric Tonnes,19-04-2026
Maharashtra,Pune,Pune(Moshi) APMC,Vegetables,Potato,Local,Local,800.00,"1,200.00","1,000.00",Rs./Quintal,76.00,Metric Tonnes,19-03-2026
Maharashtra,Pune,Pune(Moshi) APMC,Vegetables,Potato,Local,Local,400.00,"1,200.00",800.00,Rs./Quintal,115.00,Metric Tonnes,19-02-2026
Maharashtra,Pune,Pune(Moshi) APMC,Vegetables,Potato,Local,Local,800.00,"1,000.00",900.00,Rs./Quintal,99.60,Metric Tonnes,19-01-2026
Maharashtra,Pune,Pune(Moshi) APMC,Vegetables,Potato,Local,Local,800.00,"1,400.00","1,100.00",Rs./Quintal,157.30,Metric Tonnes,18-12-2025
Maharashtra,Pune,Pune(Moshi) APMC,Vegetables,Potato,Local,Local,"1,600.00","1,700.00","1,650.00",Rs./Quintal,52.70,Metric Tonnes,18-11-2025
Maharashtra,Pune,Pune(Moshi) APMC,Vegetables,Potato,Local,Local,"1,000.00","1,200.00","1,100.00",Rs./Quintal,87.80,Metric Tonnes,18-08-2026
Maharashtra,Pune,Pune(Moshi) APMC,Vegetables,Potato,Local,Local,700.00,"1,200.00",950.00,Rs./Quintal,93.00,Metric Tonnes,18-07-2026
Maharashtra,Pune,Pune(Moshi) APMC,Vegetables,Potato,Local,Local,900.00,"1,100.00","1,000.00",Rs./Quintal,123.50,Metric Tonnes,18-06-2026
Maharashtra,Pune,Pune(Moshi) APMC,Vegetables,Potato,Local,Local,"1,000.00","1,200.00","1,100.00",Rs./Quintal,42.00,Metric Tonnes,18-05-2026
Maharashtra,Pune,Pune(Moshi) APMC,Vegetables,Potato,Local,Local,"1,000.00","1,000.00","1,000.00",Rs./Quintal,35.00,Metric Tonnes,18-04-2026
Maharashtra,Pune,Pune(Moshi) APMC,Vegetables,Potato,Local,Local,800.00,"1,000.00",900.00,Rs./Quintal,102.40,Metric Tonnes,18-01-2026
Maharashtra,Pune,Pune(Moshi) APMC,Vegetables,Potato,Local,Local,"1,400.00","1,600.00","1,500.00",Rs./Quintal,50.30,Metric Tonnes,17-11-2025
Maharashtra,Pune,Pune(Moshi) APMC,Vegetables,Potato,Local,Local,"1,000.00","1,100.00","1,050.00",Rs./Quintal,48.00,Metric Tonnes,17-08-2026
Maharashtra,Pune,Pune(Moshi) APMC,Vegetables,Potato,Local,Local,"1,000.00","2,000.00","1,500.00",Rs./Quintal,88.80,Metric Tonnes,17-07-2026
Maharashtra,Pune,Pune(Moshi) APMC,Vegetables,Potato,Local,Local,"1,000.00","1,200.00","1,100.00",Rs./Quintal,153.40,Metric Tonnes,17-05-2026
Maharashtra,Pune,Pune(Moshi) APMC,Vegetables,Potato,Local,Local,800.00,"1,000.00",900.00,Rs./Quintal,29.10,Metric Tonnes,17-04-2026
Maharashtra,Pune,Pune(Moshi) APMC,Vegetables,Potato,Local,Local,900.00,"1,000.00",950.00,Rs./Quintal,56.50,Metric Tonnes,17-03-2026
Maharashtra,Pune,Pune(Moshi) APMC,Vegetables,Potato,Local,Local,700.00,"1,000.00",850.00,Rs./Quintal,40.00,Metric Tonnes,17-02-2026
Maharashtra,Pune,Pune(Moshi) APMC,Vegetables,Potato,Local,Local,800.00,"1,000.00",900.00,Rs./Quintal,173.40,Metric Tonnes,17-01-2026
Maharashtra,Pune,Pune(Moshi) APMC,Vegetables,Potato,Local,Local,"1,000.00","1,400.00","1,200.00",Rs./Quintal,55.80,Metric Tonnes,16-12-2025
Maharashtra,Pune,Pune(Moshi) APMC,Vegetables,Potato,Local,Local,"1,400.00","1,700.00","1,550.00",Rs./Quintal,96.50,Metric Tonnes,16-11-2025
Maharashtra,Pune,Pune(Moshi) APMC,Vegetables,Potato,Local,Local,"1,000.00","1,200.00","1,100.00",Rs./Quintal,157.60,Metric Tonnes,16-08-2026
Maharashtra,Pune,Pune(Moshi) APMC,Vegetables,Potato,Local,Local,"1,000.00","1,200.00","1,100.00",Rs./Quintal,150.00,Metric Tonnes,16-07-2026
Maharashtra,Pune,Pune(Moshi) APMC,Vegetables,Potato,Local,Local,"1,000.00","1,200.00","1,100.00",Rs./Quintal,36.00,Metric Tonnes,16-06-2026
Maharashtra,Pune,Pune(Moshi) APMC,Vegetables,Potato,Local,Local,"1,100.00","1,200.00","1,150.00",Rs./Quintal,64.50,Metric Tonnes,16-05-2026
Maharashtra,Pune,Pune(Moshi) APMC,Vegetables,Potato,Local,Local,900.00,"1,000.00",950.00,Rs./Quintal,109.70,Metric Tonnes,16-04-2026
Maharashtra,Pune,Pune(Moshi) APMC,Vegetables,Potato,Local,Local,800.00,"1,100.00",950.00,Rs./Quintal,66.50,Metric Tonnes,16-03-2026
Maharashtra,Pune,Pune(Moshi) APMC,Vegetables,Potato,Local,Local,900.00,"1,000.00",950.00,Rs./Quintal,77.50,Metric Tonnes,16-02-2026
Maharashtra,Pune,Pune(Moshi) APMC,Vegetables,Potato,Local,Local,900.00,"1,200.00","1,050.00",Rs./Quintal,138.60,Metric Tonnes,16-01-2026
Maharashtra,Pune,Pune(Moshi) APMC,Vegetables,Potato,Local,Local,"1,000.00","1,400.00","1,200.00",Rs./Quintal,88.00,Metric Tonnes,15-12-2025
Maharashtra,Pune,Pune(Moshi) APMC,Vegetables,Potato,Local,Local,"1,600.00","1,800.00","1,700.00",Rs./Quintal,29.40,Metric Tonnes,15-11-2025
Maharashtra,Pune,Pune(Moshi) APMC,Vegetables,Potato,Local,Local,"1,000.00","13,000.00","1,150.00",Rs./Quintal,84.50,Metric Tonnes,15-06-2026
Maharashtra,Pune,Pune(Moshi) APMC,Vegetables,Potato,Local,Local,"1,000.00","1,000.00","1,000.00",Rs./Quintal,16.00,Metric Tonnes,15-05-2026
Maharashtra,Pune,Pune(Moshi) APMC,Vegetables,Potato,Local,Local,800.00,"1,200.00","1,000.00",Rs./Quintal,89.50,Metric Tonnes,15-03-2026
Maharashtra,Pune,Pune(Moshi) APMC,Vegetables,Potato,Local,Local,800.00,"1,000.00","1,000.00",Rs./Quintal,85.60,Metric Tonnes,15-02-2026
Maharashtra,Pune,Pune(Moshi) APMC,Vegetables,Potato,Local,Local,"1,100.00","1,300.00","1,200.00",Rs./Quintal,125.80,Metric Tonnes,14-12-2025
Maharashtra,Pune,Pune(Moshi) APMC,Vegetables,Potato,Local,Local,"1,300.00","1,800.00","1,550.00",Rs./Quintal,96.20,Metric Tonnes,14-11-2025
Maharashtra,Pune,Pune(Moshi) APMC,Vegetables,Potato,Local,Local,"1,100.00","1,100.00","1,100.00",Rs./Quintal,36.50,Metric Tonnes,14-08-2026
Maharashtra,Pune,Pune(Moshi) APMC,Vegetables,Potato,Local,Local,"1,100.00","1,200.00","1,150.00",Rs./Quintal,64.50,Metric Tonnes,14-07-2026
Maharashtra,Pune,Pune(Moshi) APMC,Vegetables,Potato,Local,Local,"1,000.00","1,100.00","1,050.00",Rs./Quintal,71.50,Metric Tonnes,14-06-2026
Maharashtra,Pune,Pune(Moshi) APMC,Vegetables,Potato,Local,Local,"1,000.00","1,100.00","1,050.00",Rs./Quintal,143.00,Metric Tonnes,14-05-2026
Maharashtra,Pune,Pune(Moshi) APMC,Vegetables,Potato,Local,Local,900.00,"1,100.00","1,000.00",Rs./Quintal,16.80,Metric Tonnes,14-04-2026
Maharashtra,Pune,Pune(Moshi) APMC,Vegetables,Potato,Local,Local,900.00,"1,000.00",950.00,Rs./Quintal,95.50,Metric Tonnes,14-03-2026
Maharashtra,Pune,Pune(Moshi) APMC,Vegetables,Potato,Local,Local,800.00,"1,000.00",900.00,Rs./Quintal,162.70,Metric Tonnes,14-02-2026
Maharashtra,Pune,Pune(Moshi) APMC,Vegetables,Potato,Local,Local,"1,100.00","1,400.00","1,250.00",Rs./Quintal,57.50,Metric Tonnes,13-12-2025
Maharashtra,Pune,Pune(Moshi) APMC,Vegetables,Potato,Local,Local,"1,600.00","1,800.00","1,700.00",Rs./Quintal,164.80,Metric Tonnes,13-11-2025
Maharashtra,Pune,Pune(Moshi) APMC,Vegetables,Potato,Local,Local,900.00,"1,200.00","1,050.00",Rs./Quintal,144.50,Metric Tonnes,13-08-2026
Maharashtra,Pune,Pune(Moshi) APMC,Vegetables,Potato,Local,Local,900.00,"1,200.00","1,050.00",Rs./Quintal,79.00,Metric Tonnes,13-07-2026
Maharashtra,Pune,Pune(Moshi) APMC,Vegetables,Potato,Local,Local,"1,000.00","1,100.00","1,050.00",Rs./Quintal,112.50,Metric Tonnes,13-06-2026
Maharashtra,Pune,Pune(Moshi) APMC,Vegetables,Potato,Local,Local,800.00,"1,200.00","1,000.00",Rs./Quintal,117.30,Metric Tonnes,13-04-2026
Maharashtra,Pune,Pune(Moshi) APMC,Vegetables,Potato,Local,Local,800.00,"1,200.00","1,000.00",Rs./Quintal,101.70,Metric Tonnes,13-03-2026
Maharashtra,Pune,Pune(Moshi) APMC,Vegetables,Potato,Local,Local,800.00,"1,000.00",900.00,Rs./Quintal,94.40,Metric Tonnes,13-02-2026
Maharashtra,Pune,Pune(Moshi) APMC,Vegetables,Potato,Local,Local,900.00,"1,000.00",950.00,Rs./Quintal,44.10,Metric Tonnes,13-01-2026
Maharashtra,Pune,Pune(Moshi) APMC,Vegetables,Potato,Local,Local,"1,100.00","1,400.00","1,250.00",Rs./Quintal,60.80,Metric Tonnes,12-12-2025
Maharashtra,Pune,Pune(Moshi) APMC,Vegetables,Potato,Local,Local,900.00,"1,200.00","1,050.00",Rs./Quintal,131.00,Metric Tonnes,12-07-2026
Maharashtra,Pune,Pune(Moshi) APMC,Vegetables,Potato,Local,Local,"1,000.00","1,100.00","1,050.00",Rs./Quintal,59.00,Metric Tonnes,12-06-2026
Maharashtra,Pune,Pune(Moshi) APMC,Vegetables,Potato,Local,Local,"1,000.00","1,100.00","1,050.00",Rs./Quintal,14.20,Metric Tonnes,12-05-2026
Maharashtra,Pune,Pune(Moshi) APMC,Vegetables,Potato,Local,Local,"1,000.00","1,100.00","1,050.00",Rs./Quintal,64.10,Metric Tonnes,12-04-2026
Maharashtra,Pune,Pune(Moshi) APMC,Vegetables,Potato,Local,Local,800.00,"1,000.00",900.00,Rs./Quintal,110.90,Metric Tonnes,12-03-2026
Maharashtra,Pune,Pune(Moshi) APMC,Vegetables,Potato,Local,Local,700.00,"1,000.00",850.00,Rs./Quintal,171.30,Metric Tonnes,12-02-2026
Maharashtra,Pune,Pune(Moshi) APMC,Vegetables,Potato,Local,Local,700.00,"1,000.00",850.00,Rs./Quintal,41.20,Metric Tonnes,12-01-2026
Maharashtra,Pune,Pune(Moshi) APMC,Vegetables,Potato,Local,Local,"1,000.00","1,500.00","1,250.00",Rs./Quintal,94.80,Metric Tonnes,11-12-2025
Maharashtra,Pune,Pune(Moshi) APMC,Vegetables,Potato,Local,Local,"1,600.00","1,800.00","1,700.00",Rs./Quintal,66.60,Metric Tonnes,11-11-2025
Maharashtra,Pune,Pune(Moshi) APMC,Vegetables,Potato,Local,Local,900.00,"1,500.00","1,200.00",Rs./Quintal,43.50,Metric Tonnes,11-08-2026
Maharashtra,Pune,Pune(Moshi) APMC,Vegetables,Potato,Local,Local,"1,000.00","1,100.00","1,050.00",Rs./Quintal,55.00,Metric Tonnes,11-07-2026
Maharashtra,Pune,Pune(Moshi) APMC,Vegetables,Potato,Local,Local,"1,000.00","1,200.00","1,100.00",Rs./Quintal,113.80,Metric Tonnes,11-06-2026
Maharashtra,Pune,Pune(Moshi) APMC,Vegetables,Potato,Local,Local,"1,000.00","1,200.00","1,100.00",Rs./Quintal,21.00,Metric Tonnes,11-05-2026
Maharashtra,Pune,Pune(Moshi) APMC,Vegetables,Potato,Local,Local,"1,000.00","1,100.00","1,050.00",Rs./Quintal,112.00,Metric Tonnes,11-04-2026
Maharashtra,Pune,Pune(Moshi) APMC,Vegetables,Potato,Local,Local,800.00,"1,000.00",900.00,Rs./Quintal,90.00,Metric Tonnes,11-01-2026
Maharashtra,Pune,Pune(Moshi) APMC,Vegetables,Potato,Local,Local,"1,600.00","2,000.00","1,800.00",Rs./Quintal,58.30,Metric Tonnes,10-11-2025
Maharashtra,Pune,Pune(Moshi) APMC,Vegetables,Potato,Local,Local,900.00,"1,400.00","1,150.00",Rs./Quintal,82.70,Metric Tonnes,10-08-2026
Maharashtra,Pune,Pune(Moshi) APMC,Vegetables,Potato,Local,Local,"1,000.00","1,300.00","1,150.00",Rs./Quintal,52.50,Metric Tonnes,10-07-2026
Maharashtra,Pune,Pune(Moshi) APMC,Vegetables,Potato,Local,Local,800.00,"1,100.00",950.00,Rs./Quintal,164.40,Metric Tonnes,10-05-2026
Maharashtra,Pune,Pune(Moshi) APMC,Vegetables,Potato,Local,Local,"1,000.00","1,200.00","1,100.00",Rs./Quintal,76.60,Metric Tonnes,10-04-2026
Maharashtra,Pune,Pune(Moshi) APMC,Vegetables,Potato,Local,Local,"1,000.00","12,000.00","1,100.00",Rs./Quintal,114.50,Metric Tonnes,10-03-2026
Maharashtra,Pune,Pune(Moshi) APMC,Vegetables,Potato,Local,Local,700.00,"1,000.00",850.00,Rs./Quintal,37.40,Metric Tonnes,10-02-2026
Maharashtra,Pune,Pune(Moshi) APMC,Vegetables,Potato,Local,Local,800.00,"1,000.00",900.00,Rs./Quintal,71.20,Metric Tonnes,10-01-2026
Maharashtra,Pune,Pune(Moshi) APMC,Vegetables,Potato,Local,Local,"1,200.00","1,500.00","1,350.00",Rs./Quintal,57.70,Metric Tonnes,09-12-2025
Maharashtra,Pune,Pune(Moshi) APMC,Vegetables,Potato,Local,Local,"1,500.00","1,900.00","1,700.00",Rs./Quintal,77.90,Metric Tonnes,09-11-2025
Maharashtra,Pune,Pune(Moshi) APMC,Vegetables,Potato,Local,Local,900.00,"1,400.00","1,150.00",Rs./Quintal,149.50,Metric Tonnes,09-08-2026
Maharashtra,Pune,Pune(Moshi) APMC,Vegetables,Potato,Local,Local,"1,000.00","12,000.00","1,100.00",Rs./Quintal,152.00,Metric Tonnes,09-07-2026
Maharashtra,Pune,Pune(Moshi) APMC,Vegetables,Potato,Local,Local,"1,000.00","1,100.00","1,050.00",Rs./Quintal,31.60,Metric Tonnes,09-06-2026
Maharashtra,Pune,Pune(Moshi) APMC,Vegetables,Potato,Local,Local,900.00,"1,100.00","1,000.00",Rs./Quintal,60.20,Metric Tonnes,09-05-2026
Maharashtra,Pune,Pune(Moshi) APMC,Vegetables,Potato,Local,Local,700.00,"1,000.00",850.00,Rs./Quintal,114.60,Metric Tonnes,09-04-2026
Maharashtra,Pune,Pune(Moshi) APMC,Vegetables,Potato,Local,Local,"1,000.00","1,200.00","1,100.00",Rs./Quintal,151.40,Metric Tonnes,09-03-2026
Maharashtra,Pune,Pune(Moshi) APMC,Vegetables,Potato,Local,Local,800.00,"1,000.00",900.00,Rs./Quintal,55.90,Metric Tonnes,09-02-2026
Maharashtra,Pune,Pune(Moshi) APMC,Vegetables,Potato,Local,Local,800.00,"1,000.00",900.00,Rs./Quintal,77.50,Metric Tonnes,09-01-2026
Maharashtra,Pune,Pune(Moshi) APMC,Vegetables,Potato,Local,Local,"1,000.00","1,400.00","1,200.00",Rs./Quintal,55.70,Metric Tonnes,08-12-2025
Maharashtra,Pune,Pune(Moshi) APMC,Vegetables,Potato,Local,Local,"1,600.00","2,000.00","1,800.00",Rs./Quintal,126.50,Metric Tonnes,08-11-2025
Maharashtra,Pune,Pune(Moshi) APMC,Vegetables,Potato,Local,Local,900.00,"1,200.00","1,050.00",Rs./Quintal,127.50,Metric Tonnes,08-08-2026
Maharashtra,Pune,Pune(Moshi) APMC,Vegetables,Potato,Local,Local,"1,000.00","1,200.00","1,100.00",Rs./Quintal,117.00,Metric Tonnes,08-06-2026
Maharashtra,Pune,Pune(Moshi) APMC,Vegetables,Potato,Local,Local,"1,000.00","1,100.00","1,050.00",Rs./Quintal,40.50,Metric Tonnes,08-05-2026
Maharashtra,Pune,Pune(Moshi) APMC,Vegetables,Potato,Local,Local,"1,000.00","1,200.00","1,100.00",Rs./Quintal,110.80,Metric Tonnes,08-03-2026
Maharashtra,Pune,Pune(Moshi) APMC,Vegetables,Potato,Local,Local,800.00,"1,000.00",900.00,Rs./Quintal,88.90,Metric Tonnes,08-02-2026
Maharashtra,Pune,Pune(Moshi) APMC,Vegetables,Potato,Local,Local,900.00,"1,200.00","1,050.00",Rs./Quintal,112.60,Metric Tonnes,08-01-2026
Maharashtra,Pune,Pune(Moshi) APMC,Vegetables,Potato,Local,Local,"1,000.00","1,400.00","1,200.00",Rs./Quintal,127.00,Metric Tonnes,07-12-2025
Maharashtra,Pune,Pune(Moshi) APMC,Vegetables,Potato,Local,Local,"1,600.00","1,800.00","1,700.00",Rs./Quintal,31.20,Metric Tonnes,07-11-2025
Maharashtra,Pune,Pune(Moshi) APMC,Vegetables,Potato,Local,Local,900.00,"1,200.00","1,050.00",Rs./Quintal,74.10,Metric Tonnes,07-08-2026
Maharashtra,Pune,Pune(Moshi) APMC,Vegetables,Potato,Local,Local,900.00,"1,200.00","1,050.00",Rs./Quintal,74.60,Metric Tonnes,07-07-2026
Maharashtra,Pune,Pune(Moshi) APMC,Vegetables,Potato,Local,Local,"1,000.00","1,200.00","1,100.00",Rs./Quintal,151.40,Metric Tonnes,07-06-2026
Maharashtra,Pune,Pune(Moshi) APMC,Vegetables,Potato,Local,Local,"1,000.00","1,200.00","1,100.00",Rs./Quintal,38.80,Metric Tonnes,07-04-2026
Maharashtra,Pune,Pune(Moshi) APMC,Vegetables,Potato,Local,Local,800.00,"1,000.00",900.00,Rs./Quintal,59.40,Metric Tonnes,07-03-2026
Maharashtra,Pune,Pune(Moshi) APMC,Vegetables,Potato,Local,Local,700.00,"1,000.00",850.00,Rs./Quintal,67.00,Metric Tonnes,07-02-2026
Maharashtra,Pune,Pune(Moshi) APMC,Vegetables,Potato,Local,Local,"1,400.00","1,600.00","1,500.00",Rs./Quintal,50.00,Metric Tonnes,06-12-2025
Maharashtra,Pune,Pune(Moshi) APMC,Vegetables,Potato,Local,Local,"1,000.00","1,200.00","1,100.00",Rs./Quintal,104.40,Metric Tonnes,06-08-2026
Maharashtra,Pune,Pune(Moshi) APMC,Vegetables,Potato,Local,Local,900.00,"1,000.00",950.00,Rs./Quintal,39.30,Metric Tonnes,06-07-2026
Maharashtra,Pune,Pune(Moshi) APMC,Vegetables,Potato,Local,Local,"1,000.00","1,200.00","1,100.00",Rs./Quintal,48.00,Metric Tonnes,06-06-2026
Maharashtra,Pune,Pune(Moshi) APMC,Vegetables,Potato,Local,Local,"1,000.00","1,100.00","1,050.00",Rs./Quintal,81.30,Metric Tonnes,06-04-2026
Maharashtra,Pune,Pune(Moshi) APMC,Vegetables,Potato,Local,Local,800.00,"1,000.00",900.00,Rs./Quintal,59.40,Metric Tonnes,06-03-2026
Maharashtra,Pune,Pune(Moshi) APMC,Vegetables,Potato,Local,Local,700.00,"1,000.00",850.00,Rs./Quintal,70.60,Metric Tonnes,06-02-2026
Maharashtra,Pune,Pune(Moshi) APMC,Vegetables,Potato,Local,Local,"1,000.00","1,200.00","1,100.00",Rs./Quintal,53.40,Metric Tonnes,06-01-2026
Maharashtra,Pune,Pune(Moshi) APMC,Vegetables,Potato,Local,Local,"1,000.00","1,500.00","1,250.00",Rs./Quintal,92.90,Metric Tonnes,05-12-2025
Maharashtra,Pune,Pune(Moshi) APMC,Vegetables,Potato,Local,Local,900.00,"1,100.00","1,000.00",Rs./Quintal,39.50,Metric Tonnes,05-07-2026
Maharashtra,Pune,Pune(Moshi) APMC,Vegetables,Potato,Local,Local,"1,000.00","1,200.00","1,100.00",Rs./Quintal,108.70,Metric Tonnes,05-06-2026
Maharashtra,Pune,Pune(Moshi) APMC,Vegetables,Potato,Local,Local,"1,100.00","1,200.00","1,150.00",Rs./Quintal,50.00,Metric Tonnes,05-05-2026
Maharashtra,Pune,Pune(Moshi) APMC,Vegetables,Potato,Local,Local,"1,000.00","1,100.00","1,050.00",Rs./Quintal,66.30,Metric Tonnes,05-04-2026
Maharashtra,Pune,Pune(Moshi) APMC,Vegetables,Potato,Local,Local,800.00,"1,000.00",900.00,Rs./Quintal,93.00,Metric Tonnes,05-03-2026
Maharashtra,Pune,Pune(Moshi) APMC,Vegetables,Potato,Local,Local,700.00,"1,000.00",850.00,Rs./Quintal,133.70,Metric Tonnes,05-02-2026
Maharashtra,Pune,Pune(Moshi) APMC,Vegetables,Potato,Local,Local,900.00,"1,400.00","1,150.00",Rs./Quintal,86.40,Metric Tonnes,05-01-2026
Maharashtra,Pune,Pune(Moshi) APMC,Vegetables,Potato,Local,Local,700.00,"1,500.00","1,100.00",Rs./Quintal,101.70,Metric Tonnes,04-12-2025
Maharashtra,Pune,Pune(Moshi) APMC,Vegetables,Potato,Local,Local,900.00,"1,100.00","1,000.00",Rs./Quintal,52.00,Metric Tonnes,04-08-2026
Maharashtra,Pune,Pune(Moshi) APMC,Vegetables,Potato,Local,Local,900.00,"1,200.00","1,050.00",Rs./Quintal,72.50,Metric Tonnes,04-07-2026
Maharashtra,Pune,Pune(Moshi) APMC,Vegetables,Potato,Local,Local,"1,000.00","1,100.00","1,050.00",Rs./Quintal,152.30,Metric Tonnes,04-06-2026
Maharashtra,Pune,Pune(Moshi) APMC,Vegetables,Potato,Local,Local,900.00,"1,000.00",950.00,Rs./Quintal,102.00,Metric Tonnes,04-05-2026
Maharashtra,Pune,Pune(Moshi) APMC,Vegetables,Potato,Local,Local,900.00,"1,100.00","1,000.00",Rs./Quintal,92.80,Metric Tonnes,04-04-2026
Maharashtra,Pune,Pune(Moshi) APMC,Vegetables,Potato,Local,Local,"1,000.00","1,200.00","1,100.00",Rs./Quintal,98.60,Metric Tonnes,04-01-2026
Maharashtra,Pune,Pune(Moshi) APMC,Vegetables,Potato,Local,Local,"1,000.00","1,200.00","1,100.00",Rs./Quintal,64.00,Metric Tonnes,03-08-2026
Maharashtra,Pune,Pune(Moshi) APMC,Vegetables,Potato,Local,Local,800.00,"1,100.00",950.00,Rs./Quintal,36.00,Metric Tonnes,03-07-2026
Maharashtra,Pune,Pune(Moshi) APMC,Vegetables,Potato,Local,Local,900.00,"1,000.00",950.00,Rs./Quintal,34.00,Metric Tonnes,03-05-2026
Maharashtra,Pune,Pune(Moshi) APMC,Vegetables,Potato,Local,Local,800.00,"1,000.00",900.00,Rs./Quintal,87.50,Metric Tonnes,03-04-2026
Maharashtra,Pune,Pune(Moshi) APMC,Vegetables,Potato,Local,Local,700.00,"1,000.00",850.00,Rs./Quintal,100.70,Metric Tonnes,03-02-2026
Maharashtra,Pune,Pune(Moshi) APMC,Vegetables,Potato,Local,Local,800.00,"1,200.00","1,000.00",Rs./Quintal,82.00,Metric Tonnes,03-01-2026
Maharashtra,Pune,Pune(Moshi) APMC,Vegetables,Potato,Local,Local,"1,300.00","1,400.00","1,350.00",Rs./Quintal,12.50,Metric Tonnes,02-12-2025
Maharashtra,Pune,Pune(Moshi) APMC,Vegetables,Potato,Local,Local,900.00,"1,200.00","1,050.00",Rs./Quintal,111.00,Metric Tonnes,02-08-2026
Maharashtra,Pune,Pune(Moshi) APMC,Vegetables,Potato,Local,Local,900.00,"1,100.00","1,000.00",Rs./Quintal,105.00,Metric Tonnes,02-07-2026
Maharashtra,Pune,Pune(Moshi) APMC,Vegetables,Potato,Local,Local,"1,000.00","1,100.00","1,050.00",Rs./Quintal,28.00,Metric Tonnes,02-06-2026
Maharashtra,Pune,Pune(Moshi) APMC,Vegetables,Potato,Local,Local,900.00,"1,100.00","1,000.00",Rs./Quintal,193.00,Metric Tonnes,02-05-2026
Maharashtra,Pune,Pune(Moshi) APMC,Vegetables,Potato,Local,Local,800.00,"1,000.00",900.00,Rs./Quintal,176.00,Metric Tonnes,02-04-2026
Maharashtra,Pune,Pune(Moshi) APMC,Vegetables,Potato,Local,Local,800.00,"1,000.00",900.00,Rs./Quintal,17.60,Metric Tonnes,02-02-2026
Maharashtra,Pune,Pune(Moshi) APMC,Vegetables,Potato,Local,Local,500.00,"1,200.00",850.00,Rs./Quintal,45.30,Metric Tonnes,02-01-2026
Maharashtra,Pune,Pune(Moshi) APMC,Vegetables,Potato,Local,Local,"1,300.00","1,500.00","1,400.00",Rs./Quintal,64.10,Metric Tonnes,01-12-2025
Maharashtra,Pune,Pune(Moshi) APMC,Vegetables,Potato,Local,Local,"1,000.00","1,500.00","1,250.00",Rs./Quintal,76.50,Metric Tonnes,01-08-2026
Maharashtra,Pune,Pune(Moshi) APMC,Vegetables,Potato,Local,Local,"1,000.00","1,200.00","1,100.00",Rs./Quintal,98.40,Metric Tonnes,01-06-2026
Maharashtra,Pune,Pune(Moshi) APMC,Vegetables,Potato,Local,Local,700.00,"1,000.00",850.00,Rs./Quintal,86.10,Metric Tonnes,01-03-2026
Maharashtra,Pune,Pune(Moshi) APMC,Vegetables,Potato,Local,Local,700.00,"1,000.00",850.00,Rs./Quintal,104.50,Metric Tonnes,01-02-2026
Maharashtra,Pune,Pune(Moshi) APMC,Vegetables,Potato,Local,Local,900.00,"1,200.00","1,050.00",Rs./Quintal,216.60,Metric Tonnes,01-01-2026
Maharashtra,Pune,Pune(Pimpri) APMC,Vegetables,Potato,Local,Local,"1,000.00","1,000.00","1,000.00",Rs./Quintal,0.10,Metric Tonnes,28-02-2026
Maharashtra,Pune,Pune(Pimpri) APMC,Vegetables,Potato,Local,Local,"1,000.00","1,000.00","1,000.00",Rs./Quintal,0.10,Metric Tonnes,27-02-2026
Maharashtra,Pune,Pune(Pimpri) APMC,Vegetables,Potato,Local,Local,"1,000.00","1,100.00","1,050.00",Rs./Quintal,0.40,Metric Tonnes,26-02-2026
Maharashtra,Pune,Pune(Pimpri) APMC,Vegetables,Potato,Local,Local,"1,000.00","1,000.00","1,000.00",Rs./Quintal,0.20,Metric Tonnes,23-02-2026
Maharashtra,Pune,Pune(Pimpri) APMC,Vegetables,Potato,Local,Local,"1,200.00","1,200.00","1,200.00",Rs./Quintal,0.20,Metric Tonnes,22-02-2026
Maharashtra,Pune,Pune(Pimpri) APMC,Vegetables,Potato,Local,Local,500.00,500.00,500.00,Rs./Quintal,0.10,Metric Tonnes,18-02-2026
Maharashtra,Pune,Pune(Pimpri) APMC,Vegetables,Potato,Local,Local,"1,200.00","1,200.00","1,200.00",Rs./Quintal,0.40,Metric Tonnes,16-01-2026
Maharashtra,Pune,Pune(Pimpri) APMC,Vegetables,Potato,Local,Local,"1,200.00","1,200.00","1,200.00",Rs./Quintal,0.50,Metric Tonnes,14-02-2026
Maharashtra,Pune,Pune(Pimpri) APMC,Vegetables,Potato,Local,Local,600.00,600.00,600.00,Rs./Quintal,0.20,Metric Tonnes,13-04-2026
Maharashtra,Pune,Pune(Pimpri) APMC,Vegetables,Potato,Local,Local,900.00,900.00,900.00,Rs./Quintal,0.30,Metric Tonnes,13-03-2026
Maharashtra,Pune,Pune(Pimpri) APMC,Vegetables,Potato,Local,Local,"1,200.00","1,200.00","1,200.00",Rs./Quintal,0.30,Metric Tonnes,13-01-2026
Maharashtra,Pune,Pune(Pimpri) APMC,Vegetables,Potato,Local,Local,"1,200.00","1,200.00","1,200.00",Rs./Quintal,0.20,Metric Tonnes,11-03-2026
Maharashtra,Pune,Pune(Pimpri) APMC,Vegetables,Potato,Local,Local,900.00,900.00,900.00,Rs./Quintal,0.30,Metric Tonnes,07-02-2026
Maharashtra,Pune,Pune(Pimpri) APMC,Vegetables,Potato,Local,Local,950.00,"1,000.00",975.00,Rs./Quintal,0.60,Metric Tonnes,06-02-2026
Maharashtra,Pune,Pune(Pimpri) APMC,Vegetables,Potato,Local,Local,"1,000.00","1,000.00","1,000.00",Rs./Quintal,0.20,Metric Tonnes,01-03-2026

