,,,,,,,Daily Price Arrival Report-07-11-2025 to 21-08-2026 for Maharashtra,,,,,,
State/UT,District,Market,Commodity Group,Commodity,Variety,Grade,Min Price,Max Price,Modal Price,Price Unit,Arrival Quantity,Arrival Unit,Arrival Date
Maharashtra,Ahilyanagar,Ahilyanagar APMC,Cereals,Bajra(Pearl Millet/Cumbu),Other,FAQ,"3,000.00","3,000.00","3,000.00",Rs./Quintal,0.20,Metric Tonnes,31-12-2025
Maharashtra,Ahilyanagar,Ahilyanagar APMC,Cereals,Bajra(Pearl Millet/Cumbu),Other,Non-FAQ,"1,700.00","2,300.00","2,000.00",Rs./Quintal,2.60,Metric Tonnes,31-01-2026
Maharashtra,Ahilyanagar,Ahilyanagar APMC,Cereals,Bajra(Pearl Millet/Cumbu),Other,Non-FAQ,"1,900.00","2,500.00","2,200.00",Rs./Quintal,8.00,Metric Tonnes,30-07-2026
Maharashtra,Ahilyanagar,Ahilyanagar APMC,Cereals,Bajra(Pearl Millet/Cumbu),Other,Non-FAQ,"1,800.00","2,200.00","2,000.00",Rs./Quintal,3.20,Metric Tonnes,30-06-2026
Maharashtra,Ahilyanagar,Ahilyanagar APMC,Cereals,Bajra(Pearl Millet/Cumbu),Other,Non-FAQ,"1,600.00","1,800.00","1,700.00",Rs./Quintal,1.60,Metric Tonnes,30-01-2026
Maharashtra,Ahilyanagar,Ahilyanagar APMC,Cereals,Bajra(Pearl Millet/Cumbu),Other,Non-FAQ,"1,900.00","1,900.00","1,900.00",Rs./Quintal,0.10,Metric Tonnes,29-06-2026
Maharashtra,Ahilyanagar,Ahilyanagar APMC,Cereals,Bajra(Pearl Millet/Cumbu),Other,Non-FAQ,"2,000.00","2,500.00","2,250.00",Rs./Quintal,2.00,Metric Tonnes,29-05-2026
Maharashtra,Ahilyanagar,Ahilyanagar APMC,Cereals,Bajra(Pearl Millet/Cumbu),Other,Non-FAQ,"1,800.00","2,700.00","2,250.00",Rs./Quintal,0.60,Metric Tonnes,28-11-2025
Maharashtra,Ahilyanagar,Ahilyanagar APMC,Cereals,Bajra(Pearl Millet/Cumbu),Other,Non-FAQ,"1,700.00","2,100.00","1,900.00",Rs./Quintal,4.20,Metric Tonnes,28-05-2026
Maharashtra,Ahilyanagar,Ahilyanagar APMC,Cereals,Bajra(Pearl Millet/Cumbu),Other,Non-FAQ,"1,700.00","2,000.00","1,850.00",Rs./Quintal,5.60,Metric Tonnes,28-01-2026
Maharashtra,Ahilyanagar,Ahilyanagar APMC,Cereals,Bajra(Pearl Millet/Cumbu),Other,Non-FAQ,"1,600.00","2,100.00","1,850.00",Rs./Quintal,3.00,Metric Tonnes,27-12-2025
Maharashtra,Ahilyanagar,Ahilyanagar APMC,Cereals,Bajra(Pearl Millet/Cumbu),Other,Non-FAQ,"1,600.00","2,100.00","1,850.00",Rs./Quintal,3.00,Metric Tonnes,27-11-2025
Maharashtra,Ahilyanagar,Ahilyanagar APMC,Cereals,Bajra(Pearl Millet/Cumbu),Other,Non-FAQ,"1,600.00","1,600.00","1,600.00",Rs./Quintal,0.70,Metric Tonnes,27-03-2026
Maharashtra,Ahilyanagar,Ahilyanagar APMC,Cereals,Bajra(Pearl Millet/Cumbu),Other,Non-FAQ,"1,700.00","2,700.00","2,200.00",Rs./Quintal,3.20,Metric Tonnes,27-02-2026
Maharashtra,Ahilyanagar,Ahilyanagar APMC,Cereals,Bajra(Pearl Millet/Cumbu),Other,Non-FAQ,"1,600.00","1,800.00","1,700.00",Rs./Quintal,11.40,Metric Tonnes,27-01-2026
Maharashtra,Ahilyanagar,Ahilyanagar APMC,Cereals,Bajra(Pearl Millet/Cumbu),Other,Non-FAQ,"1,650.00","2,500.00","2,075.00",Rs./Quintal,5.40,Metric Tonnes,26-12-2025
Maharashtra,Ahilyanagar,Ahilyanagar APMC,Cereals,Bajra(Pearl Millet/Cumbu),Other,Non-FAQ,"1,650.00","2,100.00","1,875.00",Rs./Quintal,4.60,Metric Tonnes,25-11-2025
Maharashtra,Ahilyanagar,Ahilyanagar APMC,Cereals,Bajra(Pearl Millet/Cumbu),Other,Non-FAQ,"1,600.00","1,700.00","1,650.00",Rs./Quintal,0.80,Metric Tonnes,25-02-2026
Maharashtra,Ahilyanagar,Ahilyanagar APMC,Cereals,Bajra(Pearl Millet/Cumbu),Other,Non-FAQ,"1,800.00","2,100.00","1,950.00",Rs./Quintal,1.40,Metric Tonnes,24-06-2026
Maharashtra,Ahilyanagar,Ahilyanagar APMC,Cereals,Bajra(Pearl Millet/Cumbu),Other,Non-FAQ,"2,100.00","2,100.00","2,100.00",Rs./Quintal,0.30,Metric Tonnes,24-03-2026
Maharashtra,Ahilyanagar,Ahilyanagar APMC,Cereals,Bajra(Pearl Millet/Cumbu),Other,FAQ,"3,100.00","3,300.00","3,200.00",Rs./Quintal,0.60,Metric Tonnes,23-12-2025
Maharashtra,Ahilyanagar,Ahilyanagar APMC,Cereals,Bajra(Pearl Millet/Cumbu),Other,Non-FAQ,"1,900.00","2,700.00","2,300.00",Rs./Quintal,3.40,Metric Tonnes,23-12-2025
Maharashtra,Ahilyanagar,Ahilyanagar APMC,Cereals,Bajra(Pearl Millet/Cumbu),Other,FAQ,"2,850.00","2,850.00","2,850.00",Rs./Quintal,0.70,Metric Tonnes,23-07-2026
Maharashtra,Ahilyanagar,Ahilyanagar APMC,Cereals,Bajra(Pearl Millet/Cumbu),Other,Non-FAQ,"1,700.00","2,100.00","1,900.00",Rs./Quintal,4.20,Metric Tonnes,23-01-2026
Maharashtra,Ahilyanagar,Ahilyanagar APMC,Cereals,Bajra(Pearl Millet/Cumbu),Other,Non-FAQ,"2,000.00","2,550.00","2,275.00",Rs./Quintal,0.80,Metric Tonnes,22-07-2026
Maharashtra,Ahilyanagar,Ahilyanagar APMC,Cereals,Bajra(Pearl Millet/Cumbu),Other,Non-FAQ,"1,850.00","2,300.00","2,075.00",Rs./Quintal,3.20,Metric Tonnes,22-06-2026
Maharashtra,Ahilyanagar,Ahilyanagar APMC,Cereals,Bajra(Pearl Millet/Cumbu),Other,Non-FAQ,"1,800.00","2,300.00","2,050.00",Rs./Quintal,1.80,Metric Tonnes,22-01-2026
Maharashtra,Ahilyanagar,Ahilyanagar APMC,Cereals,Bajra(Pearl Millet/Cumbu),Other,Non-FAQ,"2,000.00","2,400.00","2,200.00",Rs./Quintal,2.20,Metric Tonnes,21-07-2026
Maharashtra,Ahilyanagar,Ahilyanagar APMC,Cereals,Bajra(Pearl Millet/Cumbu),Other,Non-FAQ,"1,700.00","2,100.00","1,900.00",Rs./Quintal,1.40,Metric Tonnes,21-02-2026
Maharashtra,Ahilyanagar,Ahilyanagar APMC,Cereals,Bajra(Pearl Millet/Cumbu),Other,FAQ,"3,300.00","3,300.00","3,300.00",Rs./Quintal,0.20,Metric Tonnes,21-01-2026
Maharashtra,Ahilyanagar,Ahilyanagar APMC,Cereals,Bajra(Pearl Millet/Cumbu),Other,Non-FAQ,"1,650.00","2,500.00","2,075.00",Rs./Quintal,6.00,Metric Tonnes,21-01-2026
Maharashtra,Ahilyanagar,Ahilyanagar APMC,Cereals,Bajra(Pearl Millet/Cumbu),Other,Non-FAQ,"2,050.00","2,200.00","2,125.00",Rs./Quintal,4.20,Metric Tonnes,20-08-2026
Maharashtra,Ahilyanagar,Ahilyanagar APMC,Cereals,Bajra(Pearl Millet/Cumbu),Other,Non-FAQ,"1,750.00","2,100.00","1,925.00",Rs./Quintal,1.40,Metric Tonnes,20-05-2026
Maharashtra,Ahilyanagar,Ahilyanagar APMC,Cereals,Bajra(Pearl Millet/Cumbu),Other,Non-FAQ,"1,600.00","1,750.00","1,675.00",Rs./Quintal,0.40,Metric Tonnes,20-02-2026
Maharashtra,Ahilyanagar,Ahilyanagar APMC,Cereals,Bajra(Pearl Millet/Cumbu),Other,Non-FAQ,"2,475.00","2,475.00","2,475.00",Rs./Quintal,3.80,Metric Tonnes,19-08-2026
Maharashtra,Ahilyanagar,Ahilyanagar APMC,Cereals,Bajra(Pearl Millet/Cumbu),Other,Non-FAQ,"1,800.00","2,500.00","2,150.00",Rs./Quintal,6.00,Metric Tonnes,19-06-2026
Maharashtra,Ahilyanagar,Ahilyanagar APMC,Cereals,Bajra(Pearl Millet/Cumbu),Other,Non-FAQ,"1,800.00","2,100.00","1,950.00",Rs./Quintal,3.40,Metric Tonnes,19-05-2026
Maharashtra,Ahilyanagar,Ahilyanagar APMC,Cereals,Bajra(Pearl Millet/Cumbu),Other,FAQ,"2,800.00","3,000.00","2,900.00",Rs./Quintal,0.40,Metric Tonnes,18-11-2025
Maharashtra,Ahilyanagar,Ahilyanagar APMC,Cereals,Bajra(Pearl Millet/Cumbu),Other,Non-FAQ,"1,600.00","2,600.00","2,100.00",Rs./Quintal,6.40,Metric Tonnes,18-11-2025
Maharashtra,Ahilyanagar,Ahilyanagar APMC,Cereals,Bajra(Pearl Millet/Cumbu),Other,Non-FAQ,"2,100.00","2,500.00","2,300.00",Rs./Quintal,6.60,Metric Tonnes,18-08-2026
Maharashtra,Ahilyanagar,Ahilyanagar APMC,Cereals,Bajra(Pearl Millet/Cumbu),Other,Non-FAQ,"1,700.00","2,500.00","2,100.00",Rs./Quintal,2.00,Metric Tonnes,17-11-2025
Maharashtra,Ahilyanagar,Ahilyanagar APMC,Cereals,Bajra(Pearl Millet/Cumbu),Other,Non-FAQ,"2,400.00","2,400.00","2,400.00",Rs./Quintal,1.60,Metric Tonnes,17-08-2026
Maharashtra,Ahilyanagar,Ahilyanagar APMC,Cereals,Bajra(Pearl Millet/Cumbu),Other,FAQ,"5,500.00","5,500.00","5,500.00",Rs./Quintal,0.40,Metric Tonnes,17-07-2026
Maharashtra,Ahilyanagar,Ahilyanagar APMC,Cereals,Bajra(Pearl Millet/Cumbu),Other,Non-FAQ,"2,000.00","2,450.00","2,225.00",Rs./Quintal,1.00,Metric Tonnes,17-06-2026
Maharashtra,Ahilyanagar,Ahilyanagar APMC,Cereals,Bajra(Pearl Millet/Cumbu),Other,Non-FAQ,"1,650.00","2,500.00","2,075.00",Rs./Quintal,5.20,Metric Tonnes,16-12-2025
Maharashtra,Ahilyanagar,Ahilyanagar APMC,Cereals,Bajra(Pearl Millet/Cumbu),Other,Non-FAQ,"2,000.00","2,000.00","2,000.00",Rs./Quintal,1.80,Metric Tonnes,16-07-2026
Maharashtra,Ahilyanagar,Ahilyanagar APMC,Cereals,Bajra(Pearl Millet/Cumbu),Other,Non-FAQ,"1,800.00","2,400.00","2,100.00",Rs./Quintal,4.60,Metric Tonnes,16-06-2026
Maharashtra,Ahilyanagar,Ahilyanagar APMC,Cereals,Bajra(Pearl Millet/Cumbu),Other,Non-FAQ,"1,700.00","1,900.00","1,800.00",Rs./Quintal,2.40,Metric Tonnes,16-04-2026
Maharashtra,Ahilyanagar,Ahilyanagar APMC,Cereals,Bajra(Pearl Millet/Cumbu),Other,FAQ,"3,100.00","3,100.00","3,100.00",Rs./Quintal,0.20,Metric Tonnes,16-02-2026
Maharashtra,Ahilyanagar,Ahilyanagar APMC,Cereals,Bajra(Pearl Millet/Cumbu),Other,Non-FAQ,"1,650.00","2,000.00","1,825.00",Rs./Quintal,7.00,Metric Tonnes,16-02-2026
Maharashtra,Ahilyanagar,Ahilyanagar APMC,Cereals,Bajra(Pearl Millet/Cumbu),Other,Non-FAQ,"1,650.00","1,650.00","1,650.00",Rs./Quintal,0.20,Metric Tonnes,16-01-2026
Maharashtra,Ahilyanagar,Ahilyanagar APMC,Cereals,Bajra(Pearl Millet/Cumbu),Other,FAQ,"3,050.00","3,050.00","3,050.00",Rs./Quintal,1.60,Metric Tonnes,15-12-2025
Maharashtra,Ahilyanagar,Ahilyanagar APMC,Cereals,Bajra(Pearl Millet/Cumbu),Other,Non-FAQ,"1,600.00","2,100.00","1,850.00",Rs./Quintal,4.80,Metric Tonnes,15-12-2025
Maharashtra,Ahilyanagar,Ahilyanagar APMC,Cereals,Bajra(Pearl Millet/Cumbu),Other,Non-FAQ,"1,900.00","2,500.00","2,200.00",Rs./Quintal,0.60,Metric Tonnes,15-07-2026
Maharashtra,Ahilyanagar,Ahilyanagar APMC,Cereals,Bajra(Pearl Millet/Cumbu),Other,Non-FAQ,"1,800.00","2,700.00","2,250.00",Rs./Quintal,2.60,Metric Tonnes,15-06-2026
Maharashtra,Ahilyanagar,Ahilyanagar APMC,Cereals,Bajra(Pearl Millet/Cumbu),Other,Non-FAQ,"2,000.00","2,750.00","2,375.00",Rs./Quintal,2.00,Metric Tonnes,15-05-2026
Maharashtra,Ahilyanagar,Ahilyanagar APMC,Cereals,Bajra(Pearl Millet/Cumbu),Other,Non-FAQ,"2,350.00","2,350.00","2,350.00",Rs./Quintal,8.40,Metric Tonnes,14-07-2026
Maharashtra,Ahilyanagar,Ahilyanagar APMC,Cereals,Bajra(Pearl Millet/Cumbu),Other,Non-FAQ,"1,700.00","1,800.00","1,750.00",Rs./Quintal,3.60,Metric Tonnes,14-05-2026
Maharashtra,Ahilyanagar,Ahilyanagar APMC,Cereals,Bajra(Pearl Millet/Cumbu),Other,Non-FAQ,"1,600.00","2,000.00","1,800.00",Rs./Quintal,1.00,Metric Tonnes,14-03-2026
Maharashtra,Ahilyanagar,Ahilyanagar APMC,Cereals,Bajra(Pearl Millet/Cumbu),Other,Non-FAQ,"1,800.00","2,300.00","2,050.00",Rs./Quintal,0.40,Metric Tonnes,14-02-2026
Maharashtra,Ahilyanagar,Ahilyanagar APMC,Cereals,Bajra(Pearl Millet/Cumbu),Other,Non-FAQ,"2,000.00","2,500.00","2,250.00",Rs./Quintal,1.40,Metric Tonnes,13-08-2026
Maharashtra,Ahilyanagar,Ahilyanagar APMC,Cereals,Bajra(Pearl Millet/Cumbu),Other,Non-FAQ,"2,750.00","2,750.00","2,750.00",Rs./Quintal,1.60,Metric Tonnes,13-07-2026
Maharashtra,Ahilyanagar,Ahilyanagar APMC,Cereals,Bajra(Pearl Millet/Cumbu),Other,FAQ,"2,800.00","2,800.00","2,800.00",Rs./Quintal,0.20,Metric Tonnes,13-03-2026
Maharashtra,Ahilyanagar,Ahilyanagar APMC,Cereals,Bajra(Pearl Millet/Cumbu),Other,Non-FAQ,"1,700.00","2,200.00","1,950.00",Rs./Quintal,2.80,Metric Tonnes,13-03-2026
Maharashtra,Ahilyanagar,Ahilyanagar APMC,Cereals,Bajra(Pearl Millet/Cumbu),Other,Non-FAQ,"1,650.00","2,500.00","2,075.00",Rs./Quintal,1.60,Metric Tonnes,13-02-2026
Maharashtra,Ahilyanagar,Ahilyanagar APMC,Cereals,Bajra(Pearl Millet/Cumbu),Other,Non-FAQ,"1,600.00","2,500.00","2,050.00",Rs./Quintal,5.60,Metric Tonnes,12-12-2025
Maharashtra,Ahilyanagar,Ahilyanagar APMC,Cereals,Bajra(Pearl Millet/Cumbu),Other,Non-FAQ,"2,000.00","2,000.00","2,000.00",Rs./Quintal,0.80,Metric Tonnes,12-08-2026
Maharashtra,Ahilyanagar,Ahilyanagar APMC,Cereals,Bajra(Pearl Millet/Cumbu),Other,Non-FAQ,"2,750.00","2,750.00","2,750.00",Rs./Quintal,0.50,Metric Tonnes,12-05-2026
Maharashtra,Ahilyanagar,Ahilyanagar APMC,Cereals,Bajra(Pearl Millet/Cumbu),Other,Non-FAQ,"1,650.00","2,300.00","1,975.00",Rs./Quintal,3.20,Metric Tonnes,12-01-2026
Maharashtra,Ahilyanagar,Ahilyanagar APMC,Cereals,Bajra(Pearl Millet/Cumbu),Other,Non-FAQ,"1,800.00","2,300.00","2,050.00",Rs./Quintal,3.40,Metric Tonnes,11-12-2025
Maharashtra,Ahilyanagar,Ahilyanagar APMC,Cereals,Bajra(Pearl Millet/Cumbu),Other,Non-FAQ,"2,000.00","2,500.00","2,250.00",Rs./Quintal,1.60,Metric Tonnes,11-08-2026
Maharashtra,Ahilyanagar,Ahilyanagar APMC,Cereals,Bajra(Pearl Millet/Cumbu),Other,Non-FAQ,"1,700.00","2,600.00","2,150.00",Rs./Quintal,7.00,Metric Tonnes,11-05-2026
Maharashtra,Ahilyanagar,Ahilyanagar APMC,Cereals,Bajra(Pearl Millet/Cumbu),Other,Non-FAQ,"1,700.00","1,700.00","1,700.00",Rs./Quintal,0.50,Metric Tonnes,11-03-2026
Maharashtra,Ahilyanagar,Ahilyanagar APMC,Cereals,Bajra(Pearl Millet/Cumbu),Other,Non-FAQ,"1,600.00","1,900.00","1,750.00",Rs./Quintal,2.00,Metric Tonnes,11-02-2026
Maharashtra,Ahilyanagar,Ahilyanagar APMC,Cereals,Bajra(Pearl Millet/Cumbu),Other,Non-FAQ,"1,800.00","2,500.00","2,150.00",Rs./Quintal,2.50,Metric Tonnes,10-06-2026
Maharashtra,Ahilyanagar,Ahilyanagar APMC,Cereals,Bajra(Pearl Millet/Cumbu),Other,FAQ,"2,900.00","2,900.00","2,900.00",Rs./Quintal,0.80,Metric Tonnes,10-03-2026
Maharashtra,Ahilyanagar,Ahilyanagar APMC,Cereals,Bajra(Pearl Millet/Cumbu),Other,Non-FAQ,"1,600.00","2,500.00","2,050.00",Rs./Quintal,4.20,Metric Tonnes,10-03-2026
Maharashtra,Ahilyanagar,Ahilyanagar APMC,Cereals,Bajra(Pearl Millet/Cumbu),Other,Non-FAQ,"1,700.00","2,100.00","1,900.00",Rs./Quintal,1.20,Metric Tonnes,09-12-2025
Maharashtra,Ahilyanagar,Ahilyanagar APMC,Cereals,Bajra(Pearl Millet/Cumbu),Other,Non-FAQ,"1,900.00","2,600.00","2,375.00",Rs./Quintal,5.20,Metric Tonnes,09-07-2026
Maharashtra,Ahilyanagar,Ahilyanagar APMC,Cereals,Bajra(Pearl Millet/Cumbu),Other,Non-FAQ,"1,500.00","1,700.00","1,600.00",Rs./Quintal,4.20,Metric Tonnes,09-04-2026
Maharashtra,Ahilyanagar,Ahilyanagar APMC,Cereals,Bajra(Pearl Millet/Cumbu),Other,Non-FAQ,"1,600.00","2,700.00","2,150.00",Rs./Quintal,1.20,Metric Tonnes,09-01-2026
Maharashtra,Ahilyanagar,Ahilyanagar APMC,Cereals,Bajra(Pearl Millet/Cumbu),Other,Non-FAQ,"1,900.00","2,600.00","2,250.00",Rs./Quintal,1.80,Metric Tonnes,08-07-2026
Maharashtra,Ahilyanagar,Ahilyanagar APMC,Cereals,Bajra(Pearl Millet/Cumbu),Other,Non-FAQ,"1,850.00","1,850.00","1,850.00",Rs./Quintal,0.20,Metric Tonnes,08-06-2026
Maharashtra,Ahilyanagar,Ahilyanagar APMC,Cereals,Bajra(Pearl Millet/Cumbu),Other,Non-FAQ,"1,600.00","1,800.00","1,700.00",Rs./Quintal,4.00,Metric Tonnes,08-04-2026
Maharashtra,Ahilyanagar,Ahilyanagar APMC,Cereals,Bajra(Pearl Millet/Cumbu),Other,Non-FAQ,"2,000.00","2,700.00","2,350.00",Rs./Quintal,1.00,Metric Tonnes,07-08-2026
Maharashtra,Ahilyanagar,Ahilyanagar APMC,Cereals,Bajra(Pearl Millet/Cumbu),Other,Non-FAQ,"1,900.00","1,900.00","1,900.00",Rs./Quintal,0.20,Metric Tonnes,07-07-2026
Maharashtra,Ahilyanagar,Ahilyanagar APMC,Cereals,Bajra(Pearl Millet/Cumbu),Other,Non-FAQ,"1,600.00","2,100.00","1,850.00",Rs./Quintal,3.40,Metric Tonnes,07-04-2026
Maharashtra,Ahilyanagar,Ahilyanagar APMC,Cereals,Bajra(Pearl Millet/Cumbu),Other,Non-FAQ,"1,700.00","1,900.00","1,800.00",Rs./Quintal,2.20,Metric Tonnes,07-02-2026
Maharashtra,Ahilyanagar,Ahilyanagar APMC,Cereals,Bajra(Pearl Millet/Cumbu),Other,Non-FAQ,"2,000.00","2,700.00","2,350.00",Rs./Quintal,1.20,Metric Tonnes,06-08-2026
Maharashtra,Ahilyanagar,Ahilyanagar APMC,Cereals,Bajra(Pearl Millet/Cumbu),Other,Non-FAQ,"1,800.00","2,500.00","2,150.00",Rs./Quintal,0.60,Metric Tonnes,06-07-2026
Maharashtra,Ahilyanagar,Ahilyanagar APMC,Cereals,Bajra(Pearl Millet/Cumbu),Other,FAQ,"2,800.00","2,800.00","2,800.00",Rs./Quintal,0.10,Metric Tonnes,06-04-2026
Maharashtra,Ahilyanagar,Ahilyanagar APMC,Cereals,Bajra(Pearl Millet/Cumbu),Other,Non-FAQ,"1,600.00","2,700.00","2,150.00",Rs./Quintal,9.20,Metric Tonnes,06-04-2026
Maharashtra,Ahilyanagar,Ahilyanagar APMC,Cereals,Bajra(Pearl Millet/Cumbu),Other,Non-FAQ,"1,650.00","2,400.00","2,025.00",Rs./Quintal,10.40,Metric Tonnes,06-02-2026
Maharashtra,Ahilyanagar,Ahilyanagar APMC,Cereals,Bajra(Pearl Millet/Cumbu),Other,Non-FAQ,"1,850.00","2,500.00","2,175.00",Rs./Quintal,1.40,Metric Tonnes,05-08-2026
Maharashtra,Ahilyanagar,Ahilyanagar APMC,Cereals,Bajra(Pearl Millet/Cumbu),Other,FAQ,"2,800.00","2,800.00","2,800.00",Rs./Quintal,0.60,Metric Tonnes,05-03-2026
Maharashtra,Ahilyanagar,Ahilyanagar APMC,Cereals,Bajra(Pearl Millet/Cumbu),Other,Non-FAQ,"2,400.00","2,650.00","2,525.00",Rs./Quintal,3.60,Metric Tonnes,05-03-2026
Maharashtra,Ahilyanagar,Ahilyanagar APMC,Cereals,Bajra(Pearl Millet/Cumbu),Other,Non-FAQ,"1,750.00","2,100.00","1,925.00",Rs./Quintal,4.80,Metric Tonnes,05-01-2026
Maharashtra,Ahilyanagar,Ahilyanagar APMC,Cereals,Bajra(Pearl Millet/Cumbu),Other,Non-FAQ,"2,000.00","2,000.00","2,000.00",Rs./Quintal,0.60,Metric Tonnes,04-08-2026
Maharashtra,Ahilyanagar,Ahilyanagar APMC,Cereals,Bajra(Pearl Millet/Cumbu),Other,Non-FAQ,"2,000.00","2,600.00","2,300.00",Rs./Quintal,1.60,Metric Tonnes,04-05-2026
Maharashtra,Ahilyanagar,Ahilyanagar APMC,Cereals,Bajra(Pearl Millet/Cumbu),Other,Non-FAQ,"1,600.00","2,000.00","1,800.00",Rs./Quintal,1.00,Metric Tonnes,04-03-2026
Maharashtra,Ahilyanagar,Ahilyanagar APMC,Cereals,Bajra(Pearl Millet/Cumbu),Other,Non-FAQ,"1,800.00","2,500.00","2,150.00",Rs./Quintal,6.40,Metric Tonnes,03-12-2025
Maharashtra,Ahilyanagar,Ahilyanagar APMC,Cereals,Bajra(Pearl Millet/Cumbu),Other,Non-FAQ,"1,900.00","2,400.00","2,150.00",Rs./Quintal,1.00,Metric Tonnes,03-07-2026
Maharashtra,Ahilyanagar,Ahilyanagar APMC,Cereals,Bajra(Pearl Millet/Cumbu),Other,Non-FAQ,"2,100.00","2,300.00","2,200.00",Rs./Quintal,2.60,Metric Tonnes,03-06-2026
Maharashtra,Ahilyanagar,Ahilyanagar APMC,Cereals,Bajra(Pearl Millet/Cumbu),Other,Non-FAQ,"1,600.00","1,700.00","1,650.00",Rs./Quintal,5.60,Metric Tonnes,03-04-2026
Maharashtra,Ahilyanagar,Ahilyanagar APMC,Cereals,Bajra(Pearl Millet/Cumbu),Other,Non-FAQ,"1,600.00","2,100.00","1,850.00",Rs./Quintal,1.60,Metric Tonnes,03-03-2026
Maharashtra,Ahilyanagar,Ahilyanagar APMC,Cereals,Bajra(Pearl Millet/Cumbu),Other,Non-FAQ,"1,900.00","2,650.00","2,275.00",Rs./Quintal,1.40,Metric Tonnes,02-07-2026
Maharashtra,Ahilyanagar,Ahilyanagar APMC,Cereals,Bajra(Pearl Millet/Cumbu),Other,Non-FAQ,"1,800.00","2,400.00","2,100.00",Rs./Quintal,3.20,Metric Tonnes,02-06-2026
Maharashtra,Ahilyanagar,Ahilyanagar APMC,Cereals,Bajra(Pearl Millet/Cumbu),Other,Non-FAQ,"1,600.00","1,800.00","1,700.00",Rs./Quintal,4.40,Metric Tonnes,02-03-2026
Maharashtra,Ahilyanagar,Ahilyanagar APMC,Cereals,Bajra(Pearl Millet/Cumbu),Other,Non-FAQ,"1,650.00","1,650.00","1,650.00",Rs./Quintal,0.40,Metric Tonnes,01-04-2026
Maharashtra,Ahilyanagar,Jamkhed APMC,Cereals,Bajra(Pearl Millet/Cumbu),Other,Non-FAQ,"2,400.00","2,700.00","2,550.00",Rs./Quintal,0.80,Metric Tonnes,31-01-2026
Maharashtra,Ahilyanagar,Jamkhed APMC,Cereals,Bajra(Pearl Millet/Cumbu),Other,Non-FAQ,"2,500.00","2,700.00","2,600.00",Rs./Quintal,0.30,Metric Tonnes,30-07-2026
Maharashtra,Ahilyanagar,Jamkhed APMC,Cereals,Bajra(Pearl Millet/Cumbu),Other,Non-FAQ,"2,300.00","2,500.00","2,400.00",Rs./Quintal,0.30,Metric Tonnes,30-05-2026
Maharashtra,Ahilyanagar,Jamkhed APMC,Cereals,Bajra(Pearl Millet/Cumbu),Other,Non-FAQ,"2,400.00","2,650.00","2,525.00",Rs./Quintal,0.60,Metric Tonnes,30-04-2026
Maharashtra,Ahilyanagar,Jamkhed APMC,Cereals,Bajra(Pearl Millet/Cumbu),Other,FAQ,"2,800.00","2,850.00","2,825.00",Rs./Quintal,0.20,Metric Tonnes,29-05-2026
Maharashtra,Ahilyanagar,Jamkhed APMC,Cereals,Bajra(Pearl Millet/Cumbu),Other,Non-FAQ,"2,000.00","2,300.00","2,150.00",Rs./Quintal,0.80,Metric Tonnes,28-05-2026
Maharashtra,Ahilyanagar,Jamkhed APMC,Cereals,Bajra(Pearl Millet/Cumbu),Other,Non-FAQ,"2,500.00","2,700.00","2,600.00",Rs./Quintal,0.80,Metric Tonnes,28-04-2026
Maharashtra,Ahilyanagar,Jamkhed APMC,Cereals,Bajra(Pearl Millet/Cumbu),Other,Non-FAQ,"2,000.00","2,400.00","2,200.00",Rs./Quintal,1.00,Metric Tonnes,27-12-2025
Maharashtra,Ahilyanagar,Jamkhed APMC,Cereals,Bajra(Pearl Millet/Cumbu),Other,Non-FAQ,"2,500.00","2,700.00","2,600.00",Rs./Quintal,0.40,Metric Tonnes,27-06-2026
Maharashtra,Ahilyanagar,Jamkhed APMC,Cereals,Bajra(Pearl Millet/Cumbu),Other,Non-FAQ,"2,000.00","2,700.00","2,350.00",Rs./Quintal,0.20,Metric Tonnes,27-04-2026
Maharashtra,Ahilyanagar,Jamkhed APMC,Cereals,Bajra(Pearl Millet/Cumbu),Other,FAQ,"2,800.00","3,000.00","2,900.00",Rs./Quintal,0.40,Metric Tonnes,27-03-2026
Maharashtra,Ahilyanagar,Jamkhed APMC,Cereals,Bajra(Pearl Millet/Cumbu),Other,Non-FAQ,"2,000.00","2,400.00","2,200.00",Rs./Quintal,0.80,Metric Tonnes,27-01-2026
Maharashtra,Ahilyanagar,Jamkhed APMC,Cereals,Bajra(Pearl Millet/Cumbu),Other,Non-FAQ,"2,400.00","2,600.00","2,500.00",Rs./Quintal,0.50,Metric Tonnes,26-05-2026
Maharashtra,Ahilyanagar,Jamkhed APMC,Cereals,Bajra(Pearl Millet/Cumbu),Other,Non-FAQ,"2,500.00","2,750.00","2,625.00",Rs./Quintal,1.70,Metric Tonnes,25-06-2026
Maharashtra,Ahilyanagar,Jamkhed APMC,Cereals,Bajra(Pearl Millet/Cumbu),Other,Non-FAQ,"2,400.00","2,600.00","2,500.00",Rs./Quintal,0.60,Metric Tonnes,25-05-2026
Maharashtra,Ahilyanagar,Jamkhed APMC,Cereals,Bajra(Pearl Millet/Cumbu),Other,Non-FAQ,"2,000.00","2,400.00","2,200.00",Rs./Quintal,0.20,Metric Tonnes,25-04-2026
Maharashtra,Ahilyanagar,Jamkhed APMC,Cereals,Bajra(Pearl Millet/Cumbu),Other,Non-FAQ,"2,300.00","2,600.00","2,450.00",Rs./Quintal,1.40,Metric Tonnes,24-04-2026
Maharashtra,Ahilyanagar,Jamkhed APMC,Cereals,Bajra(Pearl Millet/Cumbu),Other,FAQ,"2,800.00","2,900.00","2,850.00",Rs./Quintal,0.20,Metric Tonnes,24-03-2026
Maharashtra,Ahilyanagar,Jamkhed APMC,Cereals,Bajra(Pearl Millet/Cumbu),Other,Non-FAQ,"2,500.00","2,700.00","2,600.00",Rs./Quintal,0.40,Metric Tonnes,23-06-2026
Maharashtra,Ahilyanagar,Jamkhed APMC,Cereals,Bajra(Pearl Millet/Cumbu),Other,Non-FAQ,"2,500.00","2,750.00","2,625.00",Rs./Quintal,2.00,Metric Tonnes,23-04-2026
Maharashtra,Ahilyanagar,Jamkhed APMC,Cereals,Bajra(Pearl Millet/Cumbu),Other,Non-FAQ,"2,100.00","2,600.00","2,350.00",Rs./Quintal,2.00,Metric Tonnes,22-05-2026
Maharashtra,Ahilyanagar,Jamkhed APMC,Cereals,Bajra(Pearl Millet/Cumbu),Other,Non-FAQ,"2,500.00","2,700.00","2,600.00",Rs./Quintal,0.20,Metric Tonnes,21-08-2026
Maharashtra,Ahilyanagar,Jamkhed APMC,Cereals,Bajra(Pearl Millet/Cumbu),Other,Non-FAQ,"2,500.00","2,700.00","2,600.00",Rs./Quintal,0.90,Metric Tonnes,21-04-2026
Maharashtra,Ahilyanagar,Jamkhed APMC,Cereals,Bajra(Pearl Millet/Cumbu),Other,FAQ,"2,800.00","2,900.00","2,850.00",Rs./Quintal,2.50,Metric Tonnes,20-04-2026
Maharashtra,Ahilyanagar,Jamkhed APMC,Cereals,Bajra(Pearl Millet/Cumbu),Other,Non-FAQ,"2,000.00","2,300.00","2,150.00",Rs./Quintal,0.80,Metric Tonnes,20-02-2026
Maharashtra,Ahilyanagar,Jamkhed APMC,Cereals,Bajra(Pearl Millet/Cumbu),Other,Non-FAQ,"2,000.00","2,500.00","2,250.00",Rs./Quintal,1.20,Metric Tonnes,19-05-2026
Maharashtra,Ahilyanagar,Jamkhed APMC,Cereals,Bajra(Pearl Millet/Cumbu),Other,FAQ,"3,000.00","3,200.00","3,100.00",Rs./Quintal,0.60,Metric Tonnes,19-03-2026
Maharashtra,Ahilyanagar,Jamkhed APMC,Cereals,Bajra(Pearl Millet/Cumbu),Other,FAQ,"2,800.00","3,000.00","2,900.00",Rs./Quintal,0.50,Metric Tonnes,18-11-2025
Maharashtra,Ahilyanagar,Jamkhed APMC,Cereals,Bajra(Pearl Millet/Cumbu),Other,Non-FAQ,"2,000.00","2,200.00","2,100.00",Rs./Quintal,1.80,Metric Tonnes,18-06-2026
Maharashtra,Ahilyanagar,Jamkhed APMC,Cereals,Bajra(Pearl Millet/Cumbu),Other,Non-FAQ,"2,400.00","2,600.00","2,500.00",Rs./Quintal,0.60,Metric Tonnes,18-05-2026
Maharashtra,Ahilyanagar,Jamkhed APMC,Cereals,Bajra(Pearl Millet/Cumbu),Other,FAQ,"2,850.00","3,000.00","2,925.00",Rs./Quintal,0.50,Metric Tonnes,18-04-2026
Maharashtra,Ahilyanagar,Jamkhed APMC,Cereals,Bajra(Pearl Millet/Cumbu),Other,FAQ,"2,800.00","3,000.00","2,900.00",Rs./Quintal,0.40,Metric Tonnes,17-04-2026
Maharashtra,Ahilyanagar,Jamkhed APMC,Cereals,Bajra(Pearl Millet/Cumbu),Other,Non-FAQ,"2,400.00","2,600.00","2,500.00",Rs./Quintal,2.30,Metric Tonnes,16-07-2026
Maharashtra,Ahilyanagar,Jamkhed APMC,Cereals,Bajra(Pearl Millet/Cumbu),Other,Non-FAQ,"2,400.00","2,600.00","2,500.00",Rs./Quintal,0.60,Metric Tonnes,16-05-2026
Maharashtra,Ahilyanagar,Jamkhed APMC,Cereals,Bajra(Pearl Millet/Cumbu),Other,FAQ,"2,800.00","2,950.00","2,875.00",Rs./Quintal,1.40,Metric Tonnes,16-04-2026
Maharashtra,Ahilyanagar,Jamkhed APMC,Cereals,Bajra(Pearl Millet/Cumbu),Other,Non-FAQ,"2,400.00","2,600.00","2,500.00",Rs./Quintal,1.50,Metric Tonnes,15-06-2026
Maharashtra,Ahilyanagar,Jamkhed APMC,Cereals,Bajra(Pearl Millet/Cumbu),Other,Non-FAQ,"2,300.00","2,500.00","2,400.00",Rs./Quintal,0.50,Metric Tonnes,15-05-2026
Maharashtra,Ahilyanagar,Jamkhed APMC,Cereals,Bajra(Pearl Millet/Cumbu),Other,Non-FAQ,"2,400.00","2,600.00","2,500.00",Rs./Quintal,0.20,Metric Tonnes,14-08-2026
Maharashtra,Ahilyanagar,Jamkhed APMC,Cereals,Bajra(Pearl Millet/Cumbu),Other,Non-FAQ,"2,400.00","2,700.00","2,550.00",Rs./Quintal,3.40,Metric Tonnes,14-07-2026
Maharashtra,Ahilyanagar,Jamkhed APMC,Cereals,Bajra(Pearl Millet/Cumbu),Other,Non-FAQ,"2,400.00","2,700.00","2,550.00",Rs./Quintal,0.20,Metric Tonnes,13-12-2025
Maharashtra,Ahilyanagar,Jamkhed APMC,Cereals,Bajra(Pearl Millet/Cumbu),Other,Non-FAQ,"2,500.00","2,700.00","2,600.00",Rs./Quintal,0.20,Metric Tonnes,13-11-2025
Maharashtra,Ahilyanagar,Jamkhed APMC,Cereals,Bajra(Pearl Millet/Cumbu),Other,Non-FAQ,"2,200.00","2,600.00","2,400.00",Rs./Quintal,1.60,Metric Tonnes,13-07-2026
Maharashtra,Ahilyanagar,Jamkhed APMC,Cereals,Bajra(Pearl Millet/Cumbu),Other,Non-FAQ,"2,000.00","2,400.00","2,200.00",Rs./Quintal,0.60,Metric Tonnes,13-06-2026
Maharashtra,Ahilyanagar,Jamkhed APMC,Cereals,Bajra(Pearl Millet/Cumbu),Other,FAQ,"2,800.00","3,000.00","2,900.00",Rs./Quintal,0.20,Metric Tonnes,13-04-2026
Maharashtra,Ahilyanagar,Jamkhed APMC,Cereals,Bajra(Pearl Millet/Cumbu),Other,Non-FAQ,"1,400.00","1,600.00","1,500.00",Rs./Quintal,1.00,Metric Tonnes,13-03-2026
Maharashtra,Ahilyanagar,Jamkhed APMC,Cereals,Bajra(Pearl Millet/Cumbu),Other,Non-FAQ,"2,500.00","2,700.00","2,600.00",Rs./Quintal,0.60,Metric Tonnes,12-05-2026
Maharashtra,Ahilyanagar,Jamkhed APMC,Cereals,Bajra(Pearl Millet/Cumbu),Other,Non-FAQ,"2,100.00","2,300.00","2,200.00",Rs./Quintal,0.20,Metric Tonnes,12-01-2026
Maharashtra,Ahilyanagar,Jamkhed APMC,Cereals,Bajra(Pearl Millet/Cumbu),Other,Non-FAQ,"2,000.00","2,400.00","2,200.00",Rs./Quintal,0.20,Metric Tonnes,11-12-2025
Maharashtra,Ahilyanagar,Jamkhed APMC,Cereals,Bajra(Pearl Millet/Cumbu),Other,Non-FAQ,"1,900.00","2,100.00","2,000.00",Rs./Quintal,2.50,Metric Tonnes,11-11-2025
Maharashtra,Ahilyanagar,Jamkhed APMC,Cereals,Bajra(Pearl Millet/Cumbu),Other,Non-FAQ,"2,500.00","2,700.00","2,600.00",Rs./Quintal,0.50,Metric Tonnes,11-07-2026
Maharashtra,Ahilyanagar,Jamkhed APMC,Cereals,Bajra(Pearl Millet/Cumbu),Other,Non-FAQ,"2,300.00","2,500.00","2,400.00",Rs./Quintal,0.40,Metric Tonnes,11-06-2026
Maharashtra,Ahilyanagar,Jamkhed APMC,Cereals,Bajra(Pearl Millet/Cumbu),Other,Non-FAQ,"1,800.00","2,000.00","1,900.00",Rs./Quintal,0.20,Metric Tonnes,11-05-2026
Maharashtra,Ahilyanagar,Jamkhed APMC,Cereals,Bajra(Pearl Millet/Cumbu),Other,Non-FAQ,"2,500.00","2,700.00","2,600.00",Rs./Quintal,0.30,Metric Tonnes,09-07-2026
Maharashtra,Ahilyanagar,Jamkhed APMC,Cereals,Bajra(Pearl Millet/Cumbu),Other,Non-FAQ,"2,200.00","2,600.00","2,400.00",Rs./Quintal,1.00,Metric Tonnes,09-06-2026
Maharashtra,Ahilyanagar,Jamkhed APMC,Cereals,Bajra(Pearl Millet/Cumbu),Other,FAQ,"2,800.00","3,000.00","2,900.00",Rs./Quintal,0.40,Metric Tonnes,08-11-2025
Maharashtra,Ahilyanagar,Jamkhed APMC,Cereals,Bajra(Pearl Millet/Cumbu),Other,Non-FAQ,"2,300.00","2,500.00","2,400.00",Rs./Quintal,0.30,Metric Tonnes,08-06-2026
Maharashtra,Ahilyanagar,Jamkhed APMC,Cereals,Bajra(Pearl Millet/Cumbu),Other,Non-FAQ,"1,400.00","1,600.00","1,500.00",Rs./Quintal,0.20,Metric Tonnes,08-05-2026
Maharashtra,Ahilyanagar,Jamkhed APMC,Cereals,Bajra(Pearl Millet/Cumbu),Other,Non-FAQ,"2,200.00","2,400.00","2,300.00",Rs./Quintal,0.90,Metric Tonnes,07-08-2026
Maharashtra,Ahilyanagar,Jamkhed APMC,Cereals,Bajra(Pearl Millet/Cumbu),Other,Non-FAQ,"2,500.00","2,700.00","2,600.00",Rs./Quintal,0.20,Metric Tonnes,07-05-2026
Maharashtra,Ahilyanagar,Jamkhed APMC,Cereals,Bajra(Pearl Millet/Cumbu),Other,Non-FAQ,"2,000.00","2,500.00","2,350.00",Rs./Quintal,0.40,Metric Tonnes,06-06-2026
Maharashtra,Ahilyanagar,Jamkhed APMC,Cereals,Bajra(Pearl Millet/Cumbu),Other,Non-FAQ,"2,000.00","2,400.00","2,200.00",Rs./Quintal,0.20,Metric Tonnes,05-06-2026
Maharashtra,Ahilyanagar,Jamkhed APMC,Cereals,Bajra(Pearl Millet/Cumbu),Other,Non-FAQ,"2,300.00","2,500.00","2,400.00",Rs./Quintal,0.60,Metric Tonnes,05-05-2026
Maharashtra,Ahilyanagar,Jamkhed APMC,Cereals,Bajra(Pearl Millet/Cumbu),Other,Non-FAQ,"2,400.00","2,700.00","2,550.00",Rs./Quintal,0.30,Metric Tonnes,04-07-2026
Maharashtra,Ahilyanagar,Jamkhed APMC,Cereals,Bajra(Pearl Millet/Cumbu),Other,Non-FAQ,"2,200.00","2,500.00","2,350.00",Rs./Quintal,0.50,Metric Tonnes,04-06-2026
Maharashtra,Ahilyanagar,Jamkhed APMC,Cereals,Bajra(Pearl Millet/Cumbu),Other,Non-FAQ,"2,400.00","2,700.00","2,550.00",Rs./Quintal,1.20,Metric Tonnes,04-05-2026
Maharashtra,Ahilyanagar,Jamkhed APMC,Cereals,Bajra(Pearl Millet/Cumbu),Other,Non-FAQ,"2,100.00","2,500.00","2,300.00",Rs./Quintal,0.50,Metric Tonnes,03-07-2026
Maharashtra,Ahilyanagar,Jamkhed APMC,Cereals,Bajra(Pearl Millet/Cumbu),Other,Non-FAQ,"2,100.00","2,500.00","2,300.00",Rs./Quintal,0.20,Metric Tonnes,02-07-2026
Maharashtra,Ahilyanagar,Jamkhed APMC,Cereals,Bajra(Pearl Millet/Cumbu),Other,Non-FAQ,"2,500.00","2,700.00","2,600.00",Rs./Quintal,0.40,Metric Tonnes,02-05-2026
Maharashtra,Ahilyanagar,Jamkhed APMC,Cereals,Bajra(Pearl Millet/Cumbu),Other,FAQ,"2,800.00","3,200.00","3,000.00",Rs./Quintal,0.40,Metric Tonnes,02-03-2026
Maharashtra,Ahilyanagar,Jamkhed APMC,Cereals,Bajra(Pearl Millet/Cumbu),Other,Non-FAQ,"2,400.00","2,600.00","2,500.00",Rs./Quintal,1.40,Metric Tonnes,01-06-2026
Maharashtra,Ahilyanagar,Karjat APMC,Cereals,Bajra(Pearl Millet/Cumbu),Other,Non-FAQ,"2,500.00","2,700.00","2,500.00",Rs./Quintal,0.60,Metric Tonnes,30-12-2025
Maharashtra,Ahilyanagar,Karjat APMC,Cereals,Bajra(Pearl Millet/Cumbu),Other,Non-FAQ,"2,400.00","2,400.00","2,400.00",Rs./Quintal,0.10,Metric Tonnes,28-07-2026
Maharashtra,Ahilyanagar,Karjat APMC,Cereals,Bajra(Pearl Millet/Cumbu),Other,Non-FAQ,"2,600.00","2,600.00","2,600.00",Rs./Quintal,0.20,Metric Tonnes,22-12-2025
Maharashtra,Ahilyanagar,Karjat APMC,Cereals,Bajra(Pearl Millet/Cumbu),Other,Non-FAQ,"2,200.00","2,600.00","2,200.00",Rs./Quintal,0.20,Metric Tonnes,20-11-2025
Maharashtra,Ahilyanagar,Karjat APMC,Cereals,Bajra(Pearl Millet/Cumbu),Other,Non-FAQ,"2,000.00","2,500.00","2,350.00",Rs./Quintal,1.00,Metric Tonnes,20-05-2026
Maharashtra,Ahilyanagar,Karjat APMC,Cereals,Bajra(Pearl Millet/Cumbu),Other,Non-FAQ,"2,200.00","2,200.00","2,200.00",Rs./Quintal,0.30,Metric Tonnes,19-03-2026
Maharashtra,Ahilyanagar,Karjat APMC,Cereals,Bajra(Pearl Millet/Cumbu),Other,Non-FAQ,"2,600.00","2,600.00","2,600.00",Rs./Quintal,0.20,Metric Tonnes,15-05-2026
Maharashtra,Ahilyanagar,Karjat APMC,Cereals,Bajra(Pearl Millet/Cumbu),Other,Non-FAQ,"2,600.00","2,600.00","2,600.00",Rs./Quintal,0.20,Metric Tonnes,15-01-2026
Maharashtra,Ahilyanagar,Karjat APMC,Cereals,Bajra(Pearl Millet/Cumbu),Other,Non-FAQ,"2,600.00","2,600.00","2,600.00",Rs./Quintal,0.10,Metric Tonnes,13-02-2026
Maharashtra,Ahilyanagar,Karjat APMC,Cereals,Bajra(Pearl Millet/Cumbu),Other,Non-FAQ,"2,200.00","2,600.00","2,200.00",Rs./Quintal,0.30,Metric Tonnes,09-01-2026
Maharashtra,Ahilyanagar,Karjat APMC,Cereals,Bajra(Pearl Millet/Cumbu),Other,Non-FAQ,"2,600.00","2,600.00","2,600.00",Rs./Quintal,0.10,Metric Tonnes,05-05-2026
Maharashtra,Ahilyanagar,Karjat APMC,Cereals,Bajra(Pearl Millet/Cumbu),Other,Non-FAQ,"2,500.00","2,500.00","2,500.00",Rs./Quintal,0.20,Metric Tonnes,03-06-2026
Maharashtra,Ahilyanagar,Karjat APMC,Cereals,Bajra(Pearl Millet/Cumbu),Other,Non-FAQ,"2,200.00","2,600.00","2,200.00",Rs./Quintal,0.50,Metric Tonnes,02-12-2025
Maharashtra,Ahilyanagar,Karjat APMC,Cereals,Bajra(Pearl Millet/Cumbu),Other,Non-FAQ,"2,200.00","2,600.00","2,200.00",Rs./Quintal,0.20,Metric Tonnes,02-01-2026
Maharashtra,Ahilyanagar,Karjat(Rashin) APMC,Cereals,Bajra(Pearl Millet/Cumbu),Other,FAQ,"3,000.00","3,000.00","3,000.00",Rs./Quintal,0.30,Metric Tonnes,31-12-2025
Maharashtra,Ahilyanagar,Karjat(Rashin) APMC,Cereals,Bajra(Pearl Millet/Cumbu),Other,Non-FAQ,"2,500.00","2,500.00","2,500.00",Rs./Quintal,0.10,Metric Tonnes,31-12-2025
Maharashtra,Ahilyanagar,Karjat(Rashin) APMC,Cereals,Bajra(Pearl Millet/Cumbu),Other,Non-FAQ,"2,200.00","2,700.00","2,500.00",Rs./Quintal,1.00,Metric Tonnes,28-12-2025
Maharashtra,Ahilyanagar,Karjat(Rashin) APMC,Cereals,Bajra(Pearl Millet/Cumbu),Other,Non-FAQ,"2,400.00","2,700.00","2,600.00",Rs./Quintal,3.30,Metric Tonnes,28-06-2026
Maharashtra,Ahilyanagar,Karjat(Rashin) APMC,Cereals,Bajra(Pearl Millet/Cumbu),Other,Non-FAQ,"2,500.00","2,500.00","2,500.00",Rs./Quintal,0.10,Metric Tonnes,26-05-2026
Maharashtra,Ahilyanagar,Karjat(Rashin) APMC,Cereals,Bajra(Pearl Millet/Cumbu),Other,FAQ,"3,000.00","3,000.00","3,000.00",Rs./Quintal,0.80,Metric Tonnes,25-11-2025
Maharashtra,Ahilyanagar,Karjat(Rashin) APMC,Cereals,Bajra(Pearl Millet/Cumbu),Other,Non-FAQ,"2,500.00","2,500.00","2,500.00",Rs./Quintal,0.30,Metric Tonnes,25-11-2025
Maharashtra,Ahilyanagar,Karjat(Rashin) APMC,Cereals,Bajra(Pearl Millet/Cumbu),Other,Non-FAQ,"2,500.00","2,500.00","2,500.00",Rs./Quintal,0.40,Metric Tonnes,18-12-2025
Maharashtra,Ahilyanagar,Karjat(Rashin) APMC,Cereals,Bajra(Pearl Millet/Cumbu),Other,FAQ,"2,900.00","2,900.00","2,900.00",Rs./Quintal,0.20,Metric Tonnes,18-08-2026
Maharashtra,Ahilyanagar,Karjat(Rashin) APMC,Cereals,Bajra(Pearl Millet/Cumbu),Other,Non-FAQ,"2,500.00","2,500.00","2,500.00",Rs./Quintal,0.40,Metric Tonnes,12-12-2025
Maharashtra,Ahilyanagar,Karjat(Rashin) APMC,Cereals,Bajra(Pearl Millet/Cumbu),Other,Non-FAQ,"2,500.00","2,500.00","2,500.00",Rs./Quintal,0.10,Metric Tonnes,12-04-2026
Maharashtra,Ahilyanagar,Karjat(Rashin) APMC,Cereals,Bajra(Pearl Millet/Cumbu),Other,Non-FAQ,"2,500.00","2,500.00","2,500.00",Rs./Quintal,0.90,Metric Tonnes,11-12-2025
Maharashtra,Ahilyanagar,Karjat(Rashin) APMC,Cereals,Bajra(Pearl Millet/Cumbu),Other,Non-FAQ,"2,500.00","2,500.00","2,500.00",Rs./Quintal,0.60,Metric Tonnes,11-01-2026
Maharashtra,Ahilyanagar,Karjat(Rashin) APMC,Cereals,Bajra(Pearl Millet/Cumbu),Other,Non-FAQ,"2,500.00","2,500.00","2,500.00",Rs./Quintal,0.10,Metric Tonnes,09-12-2025
Maharashtra,Ahilyanagar,Karjat(Rashin) APMC,Cereals,Bajra(Pearl Millet/Cumbu),Other,Non-FAQ,"2,400.00","2,650.00","2,400.00",Rs./Quintal,0.80,Metric Tonnes,02-12-2025
Maharashtra,Ahilyanagar,Kopargaon APMC,Cereals,Bajra(Pearl Millet/Cumbu),Other,Non-FAQ,"2,424.00","2,700.00","2,424.00",Rs./Quintal,1.00,Metric Tonnes,30-07-2026
Maharashtra,Ahilyanagar,Kopargaon APMC,Cereals,Bajra(Pearl Millet/Cumbu),Other,Non-FAQ,"1,651.00","1,651.00","1,651.00",Rs./Quintal,0.20,Metric Tonnes,29-12-2025
Maharashtra,Ahilyanagar,Kopargaon APMC,Cereals,Bajra(Pearl Millet/Cumbu),Other,Non-FAQ,"1,701.00","2,000.00","2,000.00",Rs./Quintal,0.30,Metric Tonnes,29-05-2026
Maharashtra,Ahilyanagar,Kopargaon APMC,Cereals,Bajra(Pearl Millet/Cumbu),Other,Non-FAQ,"2,000.00","2,000.00","2,000.00",Rs./Quintal,0.20,Metric Tonnes,29-01-2026
Maharashtra,Ahilyanagar,Kopargaon APMC,Cereals,Bajra(Pearl Millet/Cumbu),Other,Non-FAQ,"1,950.00","2,400.00","2,175.00",Rs./Quintal,1.50,Metric Tonnes,28-11-2025
Maharashtra,Ahilyanagar,Kopargaon APMC,Cereals,Bajra(Pearl Millet/Cumbu),Other,Non-FAQ,"1,691.00","1,691.00","1,691.00",Rs./Quintal,0.30,Metric Tonnes,27-12-2025
Maharashtra,Ahilyanagar,Kopargaon APMC,Cereals,Bajra(Pearl Millet/Cumbu),Other,Non-FAQ,"2,050.00","2,050.00","2,050.00",Rs./Quintal,0.30,Metric Tonnes,27-07-2026
Maharashtra,Ahilyanagar,Kopargaon APMC,Cereals,Bajra(Pearl Millet/Cumbu),Other,Non-FAQ,"1,899.00","2,770.00","2,575.00",Rs./Quintal,1.70,Metric Tonnes,26-11-2025
Maharashtra,Ahilyanagar,Kopargaon APMC,Cereals,Bajra(Pearl Millet/Cumbu),Other,Non-FAQ,"1,600.00","2,500.00","1,600.00",Rs./Quintal,0.50,Metric Tonnes,26-02-2026
Maharashtra,Ahilyanagar,Kopargaon APMC,Cereals,Bajra(Pearl Millet/Cumbu),Other,Non-FAQ,"1,700.00","2,002.00","1,800.00",Rs./Quintal,1.40,Metric Tonnes,25-05-2026
Maharashtra,Ahilyanagar,Kopargaon APMC,Cereals,Bajra(Pearl Millet/Cumbu),Other,Non-FAQ,"2,532.00","2,532.00","2,532.00",Rs./Quintal,0.30,Metric Tonnes,24-04-2026
Maharashtra,Ahilyanagar,Kopargaon APMC,Cereals,Bajra(Pearl Millet/Cumbu),Other,Non-FAQ,"1,600.00","1,600.00","1,600.00",Rs./Quintal,1.60,Metric Tonnes,24-03-2026
Maharashtra,Ahilyanagar,Kopargaon APMC,Cereals,Bajra(Pearl Millet/Cumbu),Other,Non-FAQ,"2,261.00","2,261.00","2,261.00",Rs./Quintal,0.10,Metric Tonnes,24-01-2026
Maharashtra,Ahilyanagar,Kopargaon APMC,Cereals,Bajra(Pearl Millet/Cumbu),Other,Non-FAQ,"1,950.00","2,081.00","2,000.00",Rs./Quintal,0.70,Metric Tonnes,21-08-2026
Maharashtra,Ahilyanagar,Kopargaon APMC,Cereals,Bajra(Pearl Millet/Cumbu),Other,Non-FAQ,"1,690.00","1,690.00","1,690.00",Rs./Quintal,0.20,Metric Tonnes,21-05-2026
Maharashtra,Ahilyanagar,Kopargaon APMC,Cereals,Bajra(Pearl Millet/Cumbu),Other,Non-FAQ,"2,212.00","2,212.00","2,212.00",Rs./Quintal,0.30,Metric Tonnes,20-07-2026
Maharashtra,Ahilyanagar,Kopargaon APMC,Cereals,Bajra(Pearl Millet/Cumbu),Other,Non-FAQ,"1,700.00","1,700.00","1,700.00",Rs./Quintal,0.50,Metric Tonnes,20-03-2026
Maharashtra,Ahilyanagar,Kopargaon APMC,Cereals,Bajra(Pearl Millet/Cumbu),Other,Non-FAQ,"2,400.00","2,400.00","2,400.00",Rs./Quintal,0.30,Metric Tonnes,20-01-2026
Maharashtra,Ahilyanagar,Kopargaon APMC,Cereals,Bajra(Pearl Millet/Cumbu),Other,Non-FAQ,"1,550.00","2,000.00","1,650.00",Rs./Quintal,2.50,Metric Tonnes,19-12-2025
Maharashtra,Ahilyanagar,Kopargaon APMC,Cereals,Bajra(Pearl Millet/Cumbu),Other,Non-FAQ,"1,940.00","2,500.00","2,000.00",Rs./Quintal,219.90,Metric Tonnes,19-08-2026
Maharashtra,Ahilyanagar,Kopargaon APMC,Cereals,Bajra(Pearl Millet/Cumbu),Other,Non-FAQ,"1,700.00","1,700.00","1,700.00",Rs./Quintal,0.30,Metric Tonnes,19-05-2026
Maharashtra,Ahilyanagar,Kopargaon APMC,Cereals,Bajra(Pearl Millet/Cumbu),Other,Non-FAQ,"1,501.00","1,501.00","1,501.00",Rs./Quintal,0.10,Metric Tonnes,19-01-2026
Maharashtra,Ahilyanagar,Kopargaon APMC,Cereals,Bajra(Pearl Millet/Cumbu),Other,Non-FAQ,"1,651.00","1,700.00","1,681.00",Rs./Quintal,0.50,Metric Tonnes,18-12-2025
Maharashtra,Ahilyanagar,Kopargaon APMC,Cereals,Bajra(Pearl Millet/Cumbu),Other,Non-FAQ,"1,800.00","2,000.00","1,900.00",Rs./Quintal,0.10,Metric Tonnes,18-08-2026
Maharashtra,Ahilyanagar,Kopargaon APMC,Cereals,Bajra(Pearl Millet/Cumbu),Other,Non-FAQ,"1,600.00","1,600.00","1,600.00",Rs./Quintal,0.40,Metric Tonnes,18-04-2026
Maharashtra,Ahilyanagar,Kopargaon APMC,Cereals,Bajra(Pearl Millet/Cumbu),Other,Non-FAQ,"2,401.00","2,401.00","2,401.00",Rs./Quintal,0.10,Metric Tonnes,17-12-2025
Maharashtra,Ahilyanagar,Kopargaon APMC,Cereals,Bajra(Pearl Millet/Cumbu),Other,Non-FAQ,"2,541.00","2,541.00","2,541.00",Rs./Quintal,1.20,Metric Tonnes,17-08-2026
Maharashtra,Ahilyanagar,Kopargaon APMC,Cereals,Bajra(Pearl Millet/Cumbu),Other,Non-FAQ,"1,600.00","1,600.00","1,600.00",Rs./Quintal,0.30,Metric Tonnes,17-04-2026
Maharashtra,Ahilyanagar,Kopargaon APMC,Cereals,Bajra(Pearl Millet/Cumbu),Other,Non-FAQ,"1,600.00","1,600.00","1,600.00",Rs./Quintal,0.30,Metric Tonnes,17-03-2026
Maharashtra,Ahilyanagar,Kopargaon APMC,Cereals,Bajra(Pearl Millet/Cumbu),Other,Non-FAQ,"1,561.00","2,020.00","2,000.00",Rs./Quintal,0.40,Metric Tonnes,16-12-2025
Maharashtra,Ahilyanagar,Kopargaon APMC,Cereals,Bajra(Pearl Millet/Cumbu),Other,Non-FAQ,"1,698.00","1,698.00","1,698.00",Rs./Quintal,1.40,Metric Tonnes,16-01-2026
Maharashtra,Ahilyanagar,Kopargaon APMC,Cereals,Bajra(Pearl Millet/Cumbu),Other,Non-FAQ,"1,800.00","2,061.00","2,000.00",Rs./Quintal,0.30,Metric Tonnes,15-06-2026
Maharashtra,Ahilyanagar,Kopargaon APMC,Cereals,Bajra(Pearl Millet/Cumbu),Other,Non-FAQ,"2,200.00","2,312.00","2,200.00",Rs./Quintal,2.50,Metric Tonnes,15-05-2026
Maharashtra,Ahilyanagar,Kopargaon APMC,Cereals,Bajra(Pearl Millet/Cumbu),Other,Non-FAQ,"1,600.00","1,600.00","1,600.00",Rs./Quintal,0.20,Metric Tonnes,15-04-2026
Maharashtra,Ahilyanagar,Kopargaon APMC,Cereals,Bajra(Pearl Millet/Cumbu),Other,Non-FAQ,"1,700.00","1,700.00","1,700.00",Rs./Quintal,0.80,Metric Tonnes,13-11-2025
Maharashtra,Ahilyanagar,Kopargaon APMC,Cereals,Bajra(Pearl Millet/Cumbu),Other,Non-FAQ,"2,150.00","2,150.00","2,150.00",Rs./Quintal,0.10,Metric Tonnes,13-08-2026
Maharashtra,Ahilyanagar,Kopargaon APMC,Cereals,Bajra(Pearl Millet/Cumbu),Other,Non-FAQ,"1,900.00","1,900.00","1,900.00",Rs./Quintal,0.40,Metric Tonnes,13-07-2026
Maharashtra,Ahilyanagar,Kopargaon APMC,Cereals,Bajra(Pearl Millet/Cumbu),Other,Non-FAQ,"1,581.00","1,581.00","1,581.00",Rs./Quintal,2.00,Metric Tonnes,12-12-2025
Maharashtra,Ahilyanagar,Kopargaon APMC,Cereals,Bajra(Pearl Millet/Cumbu),Other,Non-FAQ,"1,600.00","1,600.00","1,600.00",Rs./Quintal,0.50,Metric Tonnes,12-05-2026
Maharashtra,Ahilyanagar,Kopargaon APMC,Cereals,Bajra(Pearl Millet/Cumbu),Other,FAQ,"3,031.00","3,031.00","3,031.00",Rs./Quintal,0.10,Metric Tonnes,11-12-2025
Maharashtra,Ahilyanagar,Kopargaon APMC,Cereals,Bajra(Pearl Millet/Cumbu),Other,Non-FAQ,"1,641.00","1,641.00","1,641.00",Rs./Quintal,0.90,Metric Tonnes,10-04-2026
Maharashtra,Ahilyanagar,Kopargaon APMC,Cereals,Bajra(Pearl Millet/Cumbu),Other,Non-FAQ,"1,500.00","1,608.00","1,575.00",Rs./Quintal,1.10,Metric Tonnes,08-12-2025
Maharashtra,Ahilyanagar,Kopargaon APMC,Cereals,Bajra(Pearl Millet/Cumbu),Other,Non-FAQ,"1,617.00","1,617.00","1,617.00",Rs./Quintal,0.40,Metric Tonnes,08-04-2026
Maharashtra,Ahilyanagar,Kopargaon APMC,Cereals,Bajra(Pearl Millet/Cumbu),Other,FAQ,"2,811.00","2,811.00","2,811.00",Rs./Quintal,0.40,Metric Tonnes,07-11-2025
Maharashtra,Ahilyanagar,Kopargaon APMC,Cereals,Bajra(Pearl Millet/Cumbu),Other,Non-FAQ,"1,600.00","1,616.00","1,600.00",Rs./Quintal,1.10,Metric Tonnes,07-04-2026
Maharashtra,Ahilyanagar,Kopargaon APMC,Cereals,Bajra(Pearl Millet/Cumbu),Other,Non-FAQ,"2,574.00","2,574.00","2,574.00",Rs./Quintal,0.50,Metric Tonnes,07-01-2026
Maharashtra,Ahilyanagar,Kopargaon APMC,Cereals,Bajra(Pearl Millet/Cumbu),Other,Non-FAQ,"2,600.00","2,600.00","2,600.00",Rs./Quintal,0.10,Metric Tonnes,06-07-2026
Maharashtra,Ahilyanagar,Kopargaon APMC,Cereals,Bajra(Pearl Millet/Cumbu),Other,Non-FAQ,"1,850.00","2,375.00","2,375.00",Rs./Quintal,3.50,Metric Tonnes,06-05-2026
Maharashtra,Ahilyanagar,Kopargaon APMC,Cereals,Bajra(Pearl Millet/Cumbu),Other,Non-FAQ,"2,000.00","2,000.00","2,000.00",Rs./Quintal,0.20,Metric Tonnes,06-04-2026
Maharashtra,Ahilyanagar,Kopargaon APMC,Cereals,Bajra(Pearl Millet/Cumbu),Other,Non-FAQ,"2,550.00","2,550.00","2,550.00",Rs./Quintal,1.00,Metric Tonnes,05-05-2026
Maharashtra,Ahilyanagar,Kopargaon APMC,Cereals,Bajra(Pearl Millet/Cumbu),Other,Non-FAQ,"2,300.00","2,431.00","2,375.00",Rs./Quintal,4.00,Metric Tonnes,04-05-2026
Maharashtra,Ahilyanagar,Kopargaon APMC,Cereals,Bajra(Pearl Millet/Cumbu),Other,Non-FAQ,"1,758.00","1,758.00","1,758.00",Rs./Quintal,0.80,Metric Tonnes,04-04-2026
Maharashtra,Ahilyanagar,Kopargaon APMC,Cereals,Bajra(Pearl Millet/Cumbu),Other,Non-FAQ,"1,800.00","1,800.00","1,800.00",Rs./Quintal,0.30,Metric Tonnes,02-07-2026
Maharashtra,Ahilyanagar,Kopargaon APMC,Cereals,Bajra(Pearl Millet/Cumbu),Other,Non-FAQ,"1,590.00","1,590.00","1,590.00",Rs./Quintal,0.20,Metric Tonnes,02-02-2026
Maharashtra,Ahilyanagar,Kopargaon APMC,Cereals,Bajra(Pearl Millet/Cumbu),Other,Non-FAQ,"2,170.00","2,399.00","2,170.00",Rs./Quintal,0.90,Metric Tonnes,01-07-2026
Maharashtra,Ahilyanagar,"Omchatinya Multi State Agro Purpose Co-Op Society, Dist Ahilyanagar",Cereals,Bajra(Pearl Millet/Cumbu),Other,Local,"2,500.00","2,500.00","2,500.00",Rs./Quintal,0.24,Metric Tonnes,31-12-2025
Maharashtra,Ahilyanagar,"Omchatinya Multi State Agro Purpose Co-Op Society, Dist Ahilyanagar",Cereals,Bajra(Pearl Millet/Cumbu),Other,Local,"2,500.00","2,600.00","2,500.00",Rs./Quintal,0.57,Metric Tonnes,30-12-2025
Maharashtra,Ahilyanagar,"Omchatinya Multi State Agro Purpose Co-Op Society, Dist Ahilyanagar",Cereals,Bajra(Pearl Millet/Cumbu),Other,Local,"1,500.00","2,200.00","1,500.00",Rs./Quintal,0.10,Metric Tonnes,29-05-2026
Maharashtra,Ahilyanagar,"Omchatinya Multi State Agro Purpose Co-Op Society, Dist Ahilyanagar",Cereals,Bajra(Pearl Millet/Cumbu),Other,Local,"2,200.00","2,200.00","2,200.00",Rs./Quintal,0.05,Metric Tonnes,29-03-2026
Maharashtra,Ahilyanagar,"Omchatinya Multi State Agro Purpose Co-Op Society, Dist Ahilyanagar",Cereals,Bajra(Pearl Millet/Cumbu),Other,Local,"2,700.00","2,700.00","2,700.00",Rs./Quintal,1.77,Metric Tonnes,27-05-2026
Maharashtra,Ahilyanagar,"Omchatinya Multi State Agro Purpose Co-Op Society, Dist Ahilyanagar",Cereals,Bajra(Pearl Millet/Cumbu),Other,Local,"2,400.00","2,400.00","2,400.00",Rs./Quintal,0.06,Metric Tonnes,27-03-2026
Maharashtra,Ahilyanagar,"Omchatinya Multi State Agro Purpose Co-Op Society, Dist Ahilyanagar",Cereals,Bajra(Pearl Millet/Cumbu),Other,Local,"1,800.00","1,800.00","1,800.00",Rs./Quintal,0.40,Metric Tonnes,27-01-2026
Maharashtra,Ahilyanagar,"Omchatinya Multi State Agro Purpose Co-Op Society, Dist Ahilyanagar",Cereals,Bajra(Pearl Millet/Cumbu),Other,Local,"2,600.00","2,600.00","2,600.00",Rs./Quintal,0.07,Metric Tonnes,26-12-2025
Maharashtra,Ahilyanagar,"Omchatinya Multi State Agro Purpose Co-Op Society, Dist Ahilyanagar",Cereals,Bajra(Pearl Millet/Cumbu),Other,Local,"2,800.00","2,800.00","2,800.00",Rs./Quintal,0.92,Metric Tonnes,26-06-2026
Maharashtra,Ahilyanagar,"Omchatinya Multi State Agro Purpose Co-Op Society, Dist Ahilyanagar",Cereals,Bajra(Pearl Millet/Cumbu),Other,Local,"2,000.00","2,000.00","2,000.00",Rs./Quintal,0.17,Metric Tonnes,26-05-2026
Maharashtra,Ahilyanagar,"Omchatinya Multi State Agro Purpose Co-Op Society, Dist Ahilyanagar",Cereals,Bajra(Pearl Millet/Cumbu),Other,Local,"2,300.00","2,600.00","2,300.00",Rs./Quintal,0.87,Metric Tonnes,26-04-2026
Maharashtra,Ahilyanagar,"Omchatinya Multi State Agro Purpose Co-Op Society, Dist Ahilyanagar",Cereals,Bajra(Pearl Millet/Cumbu),Other,Local,"1,800.00","1,800.00","1,800.00",Rs./Quintal,0.06,Metric Tonnes,25-05-2026
Maharashtra,Ahilyanagar,"Omchatinya Multi State Agro Purpose Co-Op Society, Dist Ahilyanagar",Cereals,Bajra(Pearl Millet/Cumbu),Other,Local,"2,500.00","2,500.00","2,500.00",Rs./Quintal,0.18,Metric Tonnes,25-04-2026
Maharashtra,Ahilyanagar,"Omchatinya Multi State Agro Purpose Co-Op Society, Dist Ahilyanagar",Cereals,Bajra(Pearl Millet/Cumbu),Other,Local,"2,500.00","2,500.00","2,500.00",Rs./Quintal,0.33,Metric Tonnes,25-01-2026
Maharashtra,Ahilyanagar,"Omchatinya Multi State Agro Purpose Co-Op Society, Dist Ahilyanagar",Cereals,Bajra(Pearl Millet/Cumbu),Other,Local,"2,400.00","2,400.00","2,400.00",Rs./Quintal,0.03,Metric Tonnes,24-02-2026
Maharashtra,Ahilyanagar,"Omchatinya Multi State Agro Purpose Co-Op Society, Dist Ahilyanagar",Cereals,Bajra(Pearl Millet/Cumbu),Other,Local,"2,000.00","2,500.00","2,400.00",Rs./Quintal,0.71,Metric Tonnes,23-12-2025
Maharashtra,Ahilyanagar,"Omchatinya Multi State Agro Purpose Co-Op Society, Dist Ahilyanagar",Cereals,Bajra(Pearl Millet/Cumbu),Other,Local,"2,300.00","2,300.00","2,300.00",Rs./Quintal,0.06,Metric Tonnes,23-06-2026
Maharashtra,Ahilyanagar,"Omchatinya Multi State Agro Purpose Co-Op Society, Dist Ahilyanagar",Cereals,Bajra(Pearl Millet/Cumbu),Other,Local,"2,300.00","2,300.00","2,300.00",Rs./Quintal,0.12,Metric Tonnes,22-03-2026
Maharashtra,Ahilyanagar,"Omchatinya Multi State Agro Purpose Co-Op Society, Dist Ahilyanagar",Cereals,Bajra(Pearl Millet/Cumbu),Other,Local,"2,000.00","2,000.00","2,000.00",Rs./Quintal,0.11,Metric Tonnes,21-03-2026
Maharashtra,Ahilyanagar,"Omchatinya Multi State Agro Purpose Co-Op Society, Dist Ahilyanagar",Cereals,Bajra(Pearl Millet/Cumbu),Other,Local,"2,200.00","2,300.00","2,200.00",Rs./Quintal,0.14,Metric Tonnes,21-02-2026
Maharashtra,Ahilyanagar,"Omchatinya Multi State Agro Purpose Co-Op Society, Dist Ahilyanagar",Cereals,Bajra(Pearl Millet/Cumbu),Other,Local,"2,550.00","2,550.00","2,550.00",Rs./Quintal,0.37,Metric Tonnes,21-01-2026
Maharashtra,Ahilyanagar,"Omchatinya Multi State Agro Purpose Co-Op Society, Dist Ahilyanagar",Cereals,Bajra(Pearl Millet/Cumbu),Other,Local,"2,400.00","2,400.00","2,400.00",Rs./Quintal,0.28,Metric Tonnes,20-03-2026
Maharashtra,Ahilyanagar,"Omchatinya Multi State Agro Purpose Co-Op Society, Dist Ahilyanagar",Cereals,Bajra(Pearl Millet/Cumbu),Other,Local,"2,100.00","2,500.00","2,300.00",Rs./Quintal,0.40,Metric Tonnes,19-12-2025
Maharashtra,Ahilyanagar,"Omchatinya Multi State Agro Purpose Co-Op Society, Dist Ahilyanagar",Cereals,Bajra(Pearl Millet/Cumbu),Other,Local,"2,700.00","2,700.00","2,700.00",Rs./Quintal,0.13,Metric Tonnes,19-06-2026
Maharashtra,Ahilyanagar,"Omchatinya Multi State Agro Purpose Co-Op Society, Dist Ahilyanagar",Cereals,Bajra(Pearl Millet/Cumbu),Other,Local,"2,200.00","2,200.00","2,200.00",Rs./Quintal,0.22,Metric Tonnes,19-05-2026
Maharashtra,Ahilyanagar,"Omchatinya Multi State Agro Purpose Co-Op Society, Dist Ahilyanagar",Cereals,Bajra(Pearl Millet/Cumbu),Other,Local,"2,350.00","2,350.00","2,350.00",Rs./Quintal,0.06,Metric Tonnes,18-11-2025
Maharashtra,Ahilyanagar,"Omchatinya Multi State Agro Purpose Co-Op Society, Dist Ahilyanagar",Cereals,Bajra(Pearl Millet/Cumbu),Other,Local,"2,450.00","2,450.00","2,450.00",Rs./Quintal,0.25,Metric Tonnes,18-01-2026
Maharashtra,Ahilyanagar,"Omchatinya Multi State Agro Purpose Co-Op Society, Dist Ahilyanagar",Cereals,Bajra(Pearl Millet/Cumbu),Other,Local,"2,400.00","2,400.00","2,400.00",Rs./Quintal,0.25,Metric Tonnes,17-11-2025
Maharashtra,Ahilyanagar,"Omchatinya Multi State Agro Purpose Co-Op Society, Dist Ahilyanagar",Cereals,Bajra(Pearl Millet/Cumbu),Other,Local,"2,300.00","2,300.00","2,300.00",Rs./Quintal,0.06,Metric Tonnes,17-08-2026
Maharashtra,Ahilyanagar,"Omchatinya Multi State Agro Purpose Co-Op Society, Dist Ahilyanagar",Cereals,Bajra(Pearl Millet/Cumbu),Other,Local,"1,700.00","1,700.00","1,700.00",Rs./Quintal,0.07,Metric Tonnes,17-06-2026
Maharashtra,Ahilyanagar,"Omchatinya Multi State Agro Purpose Co-Op Society, Dist Ahilyanagar",Cereals,Bajra(Pearl Millet/Cumbu),Other,Local,"1,600.00","1,600.00","1,600.00",Rs./Quintal,0.10,Metric Tonnes,17-04-2026
Maharashtra,Ahilyanagar,"Omchatinya Multi State Agro Purpose Co-Op Society, Dist Ahilyanagar",Cereals,Bajra(Pearl Millet/Cumbu),Other,Local,"2,000.00","2,000.00","2,000.00",Rs./Quintal,0.35,Metric Tonnes,17-03-2026
Maharashtra,Ahilyanagar,"Omchatinya Multi State Agro Purpose Co-Op Society, Dist Ahilyanagar",Cereals,Bajra(Pearl Millet/Cumbu),Other,Local,"2,500.00","2,500.00","2,500.00",Rs./Quintal,0.09,Metric Tonnes,17-02-2026
Maharashtra,Ahilyanagar,"Omchatinya Multi State Agro Purpose Co-Op Society, Dist Ahilyanagar",Cereals,Bajra(Pearl Millet/Cumbu),Other,Local,"2,200.00","2,200.00","2,200.00",Rs./Quintal,0.42,Metric Tonnes,16-12-2025
Maharashtra,Ahilyanagar,"Omchatinya Multi State Agro Purpose Co-Op Society, Dist Ahilyanagar",Cereals,Bajra(Pearl Millet/Cumbu),Other,Local,"2,700.00","2,700.00","2,700.00",Rs./Quintal,0.31,Metric Tonnes,16-11-2025
Maharashtra,Ahilyanagar,"Omchatinya Multi State Agro Purpose Co-Op Society, Dist Ahilyanagar",Cereals,Bajra(Pearl Millet/Cumbu),Other,Local,"2,625.00","2,625.00","2,625.00",Rs./Quintal,0.07,Metric Tonnes,16-08-2026
Maharashtra,Ahilyanagar,"Omchatinya Multi State Agro Purpose Co-Op Society, Dist Ahilyanagar",Cereals,Bajra(Pearl Millet/Cumbu),Other,Local,"2,300.00","2,300.00","2,300.00",Rs./Quintal,0.06,Metric Tonnes,16-03-2026
Maharashtra,Ahilyanagar,"Omchatinya Multi State Agro Purpose Co-Op Society, Dist Ahilyanagar",Cereals,Bajra(Pearl Millet/Cumbu),Other,Local,"2,200.00","2,550.00","2,200.00",Rs./Quintal,0.17,Metric Tonnes,14-12-2025
Maharashtra,Ahilyanagar,"Omchatinya Multi State Agro Purpose Co-Op Society, Dist Ahilyanagar",Cereals,Bajra(Pearl Millet/Cumbu),Other,Local,"2,350.00","2,600.00","2,500.00",Rs./Quintal,0.67,Metric Tonnes,14-07-2026
Maharashtra,Ahilyanagar,"Omchatinya Multi State Agro Purpose Co-Op Society, Dist Ahilyanagar",Cereals,Bajra(Pearl Millet/Cumbu),Other,Local,"2,300.00","2,600.00","2,300.00",Rs./Quintal,0.17,Metric Tonnes,13-04-2026
Maharashtra,Ahilyanagar,"Omchatinya Multi State Agro Purpose Co-Op Society, Dist Ahilyanagar",Cereals,Bajra(Pearl Millet/Cumbu),Other,Local,"2,600.00","2,600.00","2,600.00",Rs./Quintal,0.10,Metric Tonnes,13-01-2026
Maharashtra,Ahilyanagar,"Omchatinya Multi State Agro Purpose Co-Op Society, Dist Ahilyanagar",Cereals,Bajra(Pearl Millet/Cumbu),Other,Local,"2,500.00","2,500.00","2,500.00",Rs./Quintal,0.03,Metric Tonnes,12-08-2026
Maharashtra,Ahilyanagar,"Omchatinya Multi State Agro Purpose Co-Op Society, Dist Ahilyanagar",Cereals,Bajra(Pearl Millet/Cumbu),Other,Local,"1,500.00","1,500.00","1,500.00",Rs./Quintal,0.05,Metric Tonnes,12-04-2026
Maharashtra,Ahilyanagar,"Omchatinya Multi State Agro Purpose Co-Op Society, Dist Ahilyanagar",Cereals,Bajra(Pearl Millet/Cumbu),Other,Local,"2,000.00","2,000.00","2,000.00",Rs./Quintal,0.05,Metric Tonnes,11-04-2026
Maharashtra,Ahilyanagar,"Omchatinya Multi State Agro Purpose Co-Op Society, Dist Ahilyanagar",Cereals,Bajra(Pearl Millet/Cumbu),Other,Local,"2,000.00","2,000.00","2,000.00",Rs./Quintal,0.06,Metric Tonnes,10-06-2026
Maharashtra,Ahilyanagar,"Omchatinya Multi State Agro Purpose Co-Op Society, Dist Ahilyanagar",Cereals,Bajra(Pearl Millet/Cumbu),Other,Local,"2,400.00","2,400.00","2,400.00",Rs./Quintal,0.06,Metric Tonnes,10-05-2026
Maharashtra,Ahilyanagar,"Omchatinya Multi State Agro Purpose Co-Op Society, Dist Ahilyanagar",Cereals,Bajra(Pearl Millet/Cumbu),Other,Local,"1,700.00","1,700.00","1,700.00",Rs./Quintal,1.11,Metric Tonnes,10-04-2026
Maharashtra,Ahilyanagar,"Omchatinya Multi State Agro Purpose Co-Op Society, Dist Ahilyanagar",Cereals,Bajra(Pearl Millet/Cumbu),Other,Local,"1,800.00","2,300.00","2,200.00",Rs./Quintal,1.58,Metric Tonnes,10-03-2026
Maharashtra,Ahilyanagar,"Omchatinya Multi State Agro Purpose Co-Op Society, Dist Ahilyanagar",Cereals,Bajra(Pearl Millet/Cumbu),Other,Local,"2,000.00","2,600.00","2,000.00",Rs./Quintal,0.55,Metric Tonnes,10-01-2026
Maharashtra,Ahilyanagar,"Omchatinya Multi State Agro Purpose Co-Op Society, Dist Ahilyanagar",Cereals,Bajra(Pearl Millet/Cumbu),Other,Local,"2,800.00","2,800.00","2,800.00",Rs./Quintal,0.26,Metric Tonnes,09-06-2026
Maharashtra,Ahilyanagar,"Omchatinya Multi State Agro Purpose Co-Op Society, Dist Ahilyanagar",Cereals,Bajra(Pearl Millet/Cumbu),Other,Local,"2,000.00","2,000.00","2,000.00",Rs./Quintal,0.06,Metric Tonnes,09-05-2026
Maharashtra,Ahilyanagar,"Omchatinya Multi State Agro Purpose Co-Op Society, Dist Ahilyanagar",Cereals,Bajra(Pearl Millet/Cumbu),Other,Local,"2,200.00","2,450.00","2,200.00",Rs./Quintal,0.25,Metric Tonnes,09-03-2026
Maharashtra,Ahilyanagar,"Omchatinya Multi State Agro Purpose Co-Op Society, Dist Ahilyanagar",Cereals,Bajra(Pearl Millet/Cumbu),Other,Local,"2,500.00","2,500.00","2,500.00",Rs./Quintal,0.02,Metric Tonnes,09-02-2026
Maharashtra,Ahilyanagar,"Omchatinya Multi State Agro Purpose Co-Op Society, Dist Ahilyanagar",Cereals,Bajra(Pearl Millet/Cumbu),Other,Local,"2,300.00","2,550.00","2,300.00",Rs./Quintal,0.17,Metric Tonnes,09-01-2026
Maharashtra,Ahilyanagar,"Omchatinya Multi State Agro Purpose Co-Op Society, Dist Ahilyanagar",Cereals,Bajra(Pearl Millet/Cumbu),Other,Local,"2,100.00","2,100.00","2,100.00",Rs./Quintal,0.63,Metric Tonnes,08-03-2026
Maharashtra,Ahilyanagar,"Omchatinya Multi State Agro Purpose Co-Op Society, Dist Ahilyanagar",Cereals,Bajra(Pearl Millet/Cumbu),Other,Local,"1,600.00","1,600.00","1,600.00",Rs./Quintal,0.21,Metric Tonnes,08-02-2026
Maharashtra,Ahilyanagar,"Omchatinya Multi State Agro Purpose Co-Op Society, Dist Ahilyanagar",Cereals,Bajra(Pearl Millet/Cumbu),Other,Local,"2,600.00","2,600.00","2,600.00",Rs./Quintal,0.25,Metric Tonnes,07-12-2025
Maharashtra,Ahilyanagar,"Omchatinya Multi State Agro Purpose Co-Op Society, Dist Ahilyanagar",Cereals,Bajra(Pearl Millet/Cumbu),Other,Local,"2,600.00","2,600.00","2,600.00",Rs./Quintal,0.06,Metric Tonnes,07-08-2026
Maharashtra,Ahilyanagar,"Omchatinya Multi State Agro Purpose Co-Op Society, Dist Ahilyanagar",Cereals,Bajra(Pearl Millet/Cumbu),Other,Local,"2,500.00","2,500.00","2,500.00",Rs./Quintal,0.16,Metric Tonnes,07-06-2026
Maharashtra,Ahilyanagar,"Omchatinya Multi State Agro Purpose Co-Op Society, Dist Ahilyanagar",Cereals,Bajra(Pearl Millet/Cumbu),Other,Local,"1,700.00","1,800.00","1,700.00",Rs./Quintal,0.64,Metric Tonnes,07-04-2026
Maharashtra,Ahilyanagar,"Omchatinya Multi State Agro Purpose Co-Op Society, Dist Ahilyanagar",Cereals,Bajra(Pearl Millet/Cumbu),Other,Local,"2,000.00","2,300.00","2,000.00",Rs./Quintal,0.28,Metric Tonnes,07-02-2026
Maharashtra,Ahilyanagar,"Omchatinya Multi State Agro Purpose Co-Op Society, Dist Ahilyanagar",Cereals,Bajra(Pearl Millet/Cumbu),Other,Local,"2,500.00","2,500.00","2,500.00",Rs./Quintal,0.12,Metric Tonnes,07-01-2026
Maharashtra,Ahilyanagar,"Omchatinya Multi State Agro Purpose Co-Op Society, Dist Ahilyanagar",Cereals,Bajra(Pearl Millet/Cumbu),Other,Local,"2,200.00","2,200.00","2,200.00",Rs./Quintal,0.06,Metric Tonnes,06-04-2026
Maharashtra,Ahilyanagar,"Omchatinya Multi State Agro Purpose Co-Op Society, Dist Ahilyanagar",Cereals,Bajra(Pearl Millet/Cumbu),Other,Local,"2,000.00","2,300.00","2,000.00",Rs./Quintal,0.80,Metric Tonnes,06-03-2026
Maharashtra,Ahilyanagar,"Omchatinya Multi State Agro Purpose Co-Op Society, Dist Ahilyanagar",Cereals,Bajra(Pearl Millet/Cumbu),Other,Local,"2,200.00","2,200.00","2,200.00",Rs./Quintal,0.06,Metric Tonnes,06-02-2026
Maharashtra,Ahilyanagar,"Omchatinya Multi State Agro Purpose Co-Op Society, Dist Ahilyanagar",Cereals,Bajra(Pearl Millet/Cumbu),Other,Local,"2,700.00","2,700.00","2,700.00",Rs./Quintal,1.97,Metric Tonnes,05-06-2026
Maharashtra,Ahilyanagar,"Omchatinya Multi State Agro Purpose Co-Op Society, Dist Ahilyanagar",Cereals,Bajra(Pearl Millet/Cumbu),Other,Local,"2,300.00","2,300.00","2,300.00",Rs./Quintal,0.05,Metric Tonnes,05-04-2026
Maharashtra,Ahilyanagar,"Omchatinya Multi State Agro Purpose Co-Op Society, Dist Ahilyanagar",Cereals,Bajra(Pearl Millet/Cumbu),Other,Local,"2,400.00","2,400.00","2,400.00",Rs./Quintal,0.06,Metric Tonnes,05-01-2026
Maharashtra,Ahilyanagar,"Omchatinya Multi State Agro Purpose Co-Op Society, Dist Ahilyanagar",Cereals,Bajra(Pearl Millet/Cumbu),Other,Local,"2,000.00","2,500.00","2,000.00",Rs./Quintal,2.50,Metric Tonnes,04-05-2026
Maharashtra,Ahilyanagar,"Omchatinya Multi State Agro Purpose Co-Op Society, Dist Ahilyanagar",Cereals,Bajra(Pearl Millet/Cumbu),Other,Local,"2,400.00","2,400.00","2,400.00",Rs./Quintal,0.19,Metric Tonnes,04-03-2026
Maharashtra,Ahilyanagar,"Omchatinya Multi State Agro Purpose Co-Op Society, Dist Ahilyanagar",Cereals,Bajra(Pearl Millet/Cumbu),Other,Local,"2,200.00","2,650.00","2,200.00",Rs./Quintal,1.20,Metric Tonnes,04-01-2026
Maharashtra,Ahilyanagar,"Omchatinya Multi State Agro Purpose Co-Op Society, Dist Ahilyanagar",Cereals,Bajra(Pearl Millet/Cumbu),Other,Local,"2,500.00","2,500.00","2,500.00",Rs./Quintal,0.03,Metric Tonnes,03-05-2026
Maharashtra,Ahilyanagar,"Omchatinya Multi State Agro Purpose Co-Op Society, Dist Ahilyanagar",Cereals,Bajra(Pearl Millet/Cumbu),Other,Local,"2,400.00","2,400.00","2,400.00",Rs./Quintal,0.29,Metric Tonnes,03-02-2026
Maharashtra,Ahilyanagar,"Omchatinya Multi State Agro Purpose Co-Op Society, Dist Ahilyanagar",Cereals,Bajra(Pearl Millet/Cumbu),Other,Local,"2,200.00","2,500.00","2,200.00",Rs./Quintal,0.19,Metric Tonnes,02-12-2025
Maharashtra,Ahilyanagar,"Omchatinya Multi State Agro Purpose Co-Op Society, Dist Ahilyanagar",Cereals,Bajra(Pearl Millet/Cumbu),Other,Local,"2,500.00","2,500.00","2,500.00",Rs./Quintal,0.14,Metric Tonnes,02-08-2026
Maharashtra,Ahilyanagar,"Omchatinya Multi State Agro Purpose Co-Op Society, Dist Ahilyanagar",Cereals,Bajra(Pearl Millet/Cumbu),Other,Local,"2,500.00","2,500.00","2,500.00",Rs./Quintal,0.54,Metric Tonnes,02-02-2026
Maharashtra,Ahilyanagar,"Omchatinya Multi State Agro Purpose Co-Op Society, Dist Ahilyanagar",Cereals,Bajra(Pearl Millet/Cumbu),Other,Local,"2,100.00","2,300.00","2,100.00",Rs./Quintal,1.48,Metric Tonnes,01-12-2025
Maharashtra,Ahilyanagar,"Omchatinya Multi State Agro Purpose Co-Op Society, Dist Ahilyanagar",Cereals,Bajra(Pearl Millet/Cumbu),Other,Local,"2,000.00","2,000.00","2,000.00",Rs./Quintal,0.05,Metric Tonnes,01-07-2026
Maharashtra,Ahilyanagar,"Omchatinya Multi State Agro Purpose Co-Op Society, Dist Ahilyanagar",Cereals,Bajra(Pearl Millet/Cumbu),Other,Local,"2,000.00","2,000.00","2,000.00",Rs./Quintal,0.09,Metric Tonnes,01-05-2026
Maharashtra,Ahilyanagar,Pathardi APMC,Cereals,Bajra(Pearl Millet/Cumbu),Other,FAQ,"2,850.00","3,000.00","2,950.00",Rs./Quintal,2.50,Metric Tonnes,31-12-2025
Maharashtra,Ahilyanagar,Pathardi APMC,Cereals,Bajra(Pearl Millet/Cumbu),Other,Non-FAQ,"2,200.00","2,770.00","2,500.00",Rs./Quintal,6.50,Metric Tonnes,31-05-2026
Maharashtra,Ahilyanagar,Pathardi APMC,Cereals,Bajra(Pearl Millet/Cumbu),Other,FAQ,"2,850.00","3,200.00","3,050.00",Rs./Quintal,6.50,Metric Tonnes,30-12-2025
Maharashtra,Ahilyanagar,Pathardi APMC,Cereals,Bajra(Pearl Millet/Cumbu),Other,FAQ,"2,800.00","3,000.00","2,900.00",Rs./Quintal,5.50,Metric Tonnes,29-11-2025
Maharashtra,Ahilyanagar,Pathardi APMC,Cereals,Bajra(Pearl Millet/Cumbu),Other,Non-FAQ,"2,200.00","2,770.00","2,500.00",Rs./Quintal,9.50,Metric Tonnes,29-04-2026
Maharashtra,Ahilyanagar,Pathardi APMC,Cereals,Bajra(Pearl Millet/Cumbu),Other,FAQ,"2,800.00","3,100.00","3,000.00",Rs./Quintal,3.00,Metric Tonnes,28-01-2026
Maharashtra,Ahilyanagar,Pathardi APMC,Cereals,Bajra(Pearl Millet/Cumbu),Other,Non-FAQ,"2,000.00","2,750.00","2,400.00",Rs./Quintal,6.50,Metric Tonnes,27-06-2026
Maharashtra,Ahilyanagar,Pathardi APMC,Cereals,Bajra(Pearl Millet/Cumbu),Other,Non-FAQ,"2,400.00","2,750.00","2,500.00",Rs./Quintal,4.00,Metric Tonnes,27-05-2026
Maharashtra,Ahilyanagar,Pathardi APMC,Cereals,Bajra(Pearl Millet/Cumbu),Other,FAQ,"2,800.00","3,050.00","2,900.00",Rs./Quintal,3.00,Metric Tonnes,26-12-2025
Maharashtra,Ahilyanagar,Pathardi APMC,Cereals,Bajra(Pearl Millet/Cumbu),Other,FAQ,"2,800.00","3,000.00","2,900.00",Rs./Quintal,5.50,Metric Tonnes,26-11-2025
Maharashtra,Ahilyanagar,Pathardi APMC,Cereals,Bajra(Pearl Millet/Cumbu),Other,Non-FAQ,"2,000.00","2,750.00","2,550.00",Rs./Quintal,6.00,Metric Tonnes,24-06-2026
Maharashtra,Ahilyanagar,Pathardi APMC,Cereals,Bajra(Pearl Millet/Cumbu),Other,FAQ,"2,850.00","3,150.00","2,900.00",Rs./Quintal,4.10,Metric Tonnes,23-12-2025
Maharashtra,Ahilyanagar,Pathardi APMC,Cereals,Bajra(Pearl Millet/Cumbu),Other,Non-FAQ,"2,000.00","2,770.00","2,500.00",Rs./Quintal,6.00,Metric Tonnes,23-05-2026
Maharashtra,Ahilyanagar,Pathardi APMC,Cereals,Bajra(Pearl Millet/Cumbu),Other,FAQ,"2,800.00","3,200.00","2,900.00",Rs./Quintal,8.00,Metric Tonnes,22-11-2025
Maharashtra,Ahilyanagar,Pathardi APMC,Cereals,Bajra(Pearl Millet/Cumbu),Other,Non-FAQ,"2,000.00","2,770.00","2,300.00",Rs./Quintal,6.10,Metric Tonnes,22-07-2026
Maharashtra,Ahilyanagar,Pathardi APMC,Cereals,Bajra(Pearl Millet/Cumbu),Other,Non-FAQ,"2,200.00","2,700.00","2,500.00",Rs./Quintal,6.00,Metric Tonnes,22-04-2026
Maharashtra,Ahilyanagar,Pathardi APMC,Cereals,Bajra(Pearl Millet/Cumbu),Other,FAQ,"2,800.00","3,100.00","2,950.00",Rs./Quintal,7.00,Metric Tonnes,20-12-2025
Maharashtra,Ahilyanagar,Pathardi APMC,Cereals,Bajra(Pearl Millet/Cumbu),Other,Non-FAQ,"2,000.00","2,500.00","2,250.00",Rs./Quintal,6.00,Metric Tonnes,20-05-2026
Maharashtra,Ahilyanagar,Pathardi APMC,Cereals,Bajra(Pearl Millet/Cumbu),Other,FAQ,"2,800.00","3,000.00","2,900.00",Rs./Quintal,4.00,Metric Tonnes,19-11-2025
Maharashtra,Ahilyanagar,Pathardi APMC,Cereals,Bajra(Pearl Millet/Cumbu),Other,Non-FAQ,"2,000.00","2,770.00","2,500.00",Rs./Quintal,1.40,Metric Tonnes,19-08-2026
Maharashtra,Ahilyanagar,Pathardi APMC,Cereals,Bajra(Pearl Millet/Cumbu),Other,FAQ,"2,800.00","3,000.00","2,900.00",Rs./Quintal,5.50,Metric Tonnes,18-02-2026
Maharashtra,Ahilyanagar,Pathardi APMC,Cereals,Bajra(Pearl Millet/Cumbu),Other,Non-FAQ,"2,150.00","2,700.00","2,450.00",Rs./Quintal,6.00,Metric Tonnes,17-06-2026
Maharashtra,Ahilyanagar,Pathardi APMC,Cereals,Bajra(Pearl Millet/Cumbu),Other,FAQ,"2,850.00","3,050.00","2,900.00",Rs./Quintal,3.50,Metric Tonnes,17-01-2026
Maharashtra,Ahilyanagar,Pathardi APMC,Cereals,Bajra(Pearl Millet/Cumbu),Other,Non-FAQ,"2,000.00","2,750.00","2,450.00",Rs./Quintal,9.00,Metric Tonnes,15-07-2026
Maharashtra,Ahilyanagar,Pathardi APMC,Cereals,Bajra(Pearl Millet/Cumbu),Other,Non-FAQ,"2,200.00","2,500.00","2,350.00",Rs./Quintal,6.60,Metric Tonnes,15-04-2026
Maharashtra,Ahilyanagar,Pathardi APMC,Cereals,Bajra(Pearl Millet/Cumbu),Other,FAQ,"2,800.00","3,000.00","2,900.00",Rs./Quintal,8.00,Metric Tonnes,14-01-2026
Maharashtra,Ahilyanagar,Pathardi APMC,Cereals,Bajra(Pearl Millet/Cumbu),Other,Non-FAQ,"2,000.00","2,770.00","2,450.00",Rs./Quintal,3.50,Metric Tonnes,13-06-2026
Maharashtra,Ahilyanagar,Pathardi APMC,Cereals,Bajra(Pearl Millet/Cumbu),Other,Non-FAQ,"2,500.00","2,770.00","2,600.00",Rs./Quintal,8.00,Metric Tonnes,13-05-2026
Maharashtra,Ahilyanagar,Pathardi APMC,Cereals,Bajra(Pearl Millet/Cumbu),Other,Non-FAQ,"2,500.00","2,700.00","2,600.00",Rs./Quintal,2.90,Metric Tonnes,13-02-2026
Maharashtra,Ahilyanagar,Pathardi APMC,Cereals,Bajra(Pearl Millet/Cumbu),Other,FAQ,"2,800.00","3,000.00","2,900.00",Rs./Quintal,4.50,Metric Tonnes,13-01-2026
Maharashtra,Ahilyanagar,Pathardi APMC,Cereals,Bajra(Pearl Millet/Cumbu),Other,FAQ,"2,800.00","3,050.00","2,900.00",Rs./Quintal,4.50,Metric Tonnes,12-12-2025
Maharashtra,Ahilyanagar,Pathardi APMC,Cereals,Bajra(Pearl Millet/Cumbu),Other,Non-FAQ,"2,000.00","2,770.00","2,560.00",Rs./Quintal,6.50,Metric Tonnes,12-08-2026
Maharashtra,Ahilyanagar,Pathardi APMC,Cereals,Bajra(Pearl Millet/Cumbu),Other,Non-FAQ,"2,000.00","2,750.00","2,550.00",Rs./Quintal,7.00,Metric Tonnes,11-07-2026
Maharashtra,Ahilyanagar,Pathardi APMC,Cereals,Bajra(Pearl Millet/Cumbu),Other,Non-FAQ,"2,100.00","2,770.00","2,600.00",Rs./Quintal,6.60,Metric Tonnes,10-06-2026
Maharashtra,Ahilyanagar,Pathardi APMC,Cereals,Bajra(Pearl Millet/Cumbu),Other,FAQ,"2,800.00","3,000.00","2,900.00",Rs./Quintal,3.50,Metric Tonnes,10-02-2026
Maharashtra,Ahilyanagar,Pathardi APMC,Cereals,Bajra(Pearl Millet/Cumbu),Other,FAQ,"2,800.00","3,200.00","2,950.00",Rs./Quintal,4.00,Metric Tonnes,10-01-2026
Maharashtra,Ahilyanagar,Pathardi APMC,Cereals,Bajra(Pearl Millet/Cumbu),Other,FAQ,"2,850.00","3,000.00","2,950.00",Rs./Quintal,4.00,Metric Tonnes,09-01-2026
Maharashtra,Ahilyanagar,Pathardi APMC,Cereals,Bajra(Pearl Millet/Cumbu),Other,Non-FAQ,"2,000.00","2,770.00","2,500.00",Rs./Quintal,5.90,Metric Tonnes,08-08-2026
Maharashtra,Ahilyanagar,Pathardi APMC,Cereals,Bajra(Pearl Millet/Cumbu),Other,Non-FAQ,"2,100.00","2,750.00","2,450.00",Rs./Quintal,5.80,Metric Tonnes,08-07-2026
Maharashtra,Ahilyanagar,Pathardi APMC,Cereals,Bajra(Pearl Millet/Cumbu),Other,Non-FAQ,"2,200.00","2,760.00","2,400.00",Rs./Quintal,1.90,Metric Tonnes,08-04-2026
Maharashtra,Ahilyanagar,Pathardi APMC,Cereals,Bajra(Pearl Millet/Cumbu),Other,FAQ,"2,850.00","3,100.00","3,000.00",Rs./Quintal,4.50,Metric Tonnes,07-02-2026
Maharashtra,Ahilyanagar,Pathardi APMC,Cereals,Bajra(Pearl Millet/Cumbu),Other,FAQ,"2,800.00","3,100.00","2,950.00",Rs./Quintal,4.50,Metric Tonnes,06-12-2025
Maharashtra,Ahilyanagar,Pathardi APMC,Cereals,Bajra(Pearl Millet/Cumbu),Other,Non-FAQ,"2,000.00","2,770.00","2,500.00",Rs./Quintal,5.00,Metric Tonnes,06-05-2026
Maharashtra,Ahilyanagar,Pathardi APMC,Cereals,Bajra(Pearl Millet/Cumbu),Other,FAQ,"2,800.00","3,000.00","2,900.00",Rs./Quintal,3.00,Metric Tonnes,06-02-2026
Maharashtra,Ahilyanagar,Pathardi APMC,Cereals,Bajra(Pearl Millet/Cumbu),Other,FAQ,"2,800.00","3,000.00","2,900.00",Rs./Quintal,3.00,Metric Tonnes,06-01-2026
Maharashtra,Ahilyanagar,Pathardi APMC,Cereals,Bajra(Pearl Millet/Cumbu),Other,Non-FAQ,"2,000.00","2,770.00","2,500.00",Rs./Quintal,5.50,Metric Tonnes,05-08-2026
Maharashtra,Ahilyanagar,Pathardi APMC,Cereals,Bajra(Pearl Millet/Cumbu),Other,Non-FAQ,"2,000.00","2,770.00","2,550.00",Rs./Quintal,7.00,Metric Tonnes,04-07-2026
Maharashtra,Ahilyanagar,Pathardi APMC,Cereals,Bajra(Pearl Millet/Cumbu),Other,Non-FAQ,"2,100.00","2,770.00","2,500.00",Rs./Quintal,6.00,Metric Tonnes,03-06-2026
Maharashtra,Ahilyanagar,Pathardi APMC,Cereals,Bajra(Pearl Millet/Cumbu),Other,FAQ,"2,800.00","3,100.00","2,900.00",Rs./Quintal,3.00,Metric Tonnes,02-01-2026
Maharashtra,Ahilyanagar,Pathardi APMC,Cereals,Bajra(Pearl Millet/Cumbu),Other,Non-FAQ,"2,000.00","2,750.00","2,350.00",Rs./Quintal,5.80,Metric Tonnes,01-08-2026
Maharashtra,Ahilyanagar,Pathardi APMC,Cereals,Bajra(Pearl Millet/Cumbu),Other,Non-FAQ,"2,000.00","2,750.00","2,500.00",Rs./Quintal,6.40,Metric Tonnes,01-07-2026
Maharashtra,Ahilyanagar,Rahata APMC,Cereals,Bajra(Pearl Millet/Cumbu),Other,Non-FAQ,"2,100.00","2,100.00","2,100.00",Rs./Quintal,0.70,Metric Tonnes,30-01-2026
Maharashtra,Ahilyanagar,Rahata APMC,Cereals,Bajra(Pearl Millet/Cumbu),Other,Non-FAQ,"2,250.00","2,250.00","2,250.00",Rs./Quintal,1.20,Metric Tonnes,25-05-2026
Maharashtra,Ahilyanagar,Rahata APMC,Cereals,Bajra(Pearl Millet/Cumbu),Other,Non-FAQ,"1,800.00","1,800.00","1,800.00",Rs./Quintal,0.10,Metric Tonnes,24-04-2026
Maharashtra,Ahilyanagar,Rahata APMC,Cereals,Bajra(Pearl Millet/Cumbu),Other,FAQ,"2,900.00","2,900.00","2,900.00",Rs./Quintal,0.10,Metric Tonnes,19-08-2026
Maharashtra,Ahilyanagar,Rahata APMC,Cereals,Bajra(Pearl Millet/Cumbu),Other,Non-FAQ,"1,900.00","1,900.00","1,900.00",Rs./Quintal,0.20,Metric Tonnes,19-06-2026
Maharashtra,Ahilyanagar,Rahata APMC,Cereals,Bajra(Pearl Millet/Cumbu),Other,Non-FAQ,"2,450.00","2,450.00","2,450.00",Rs./Quintal,0.50,Metric Tonnes,18-08-2026
Maharashtra,Ahilyanagar,Rahata APMC,Cereals,Bajra(Pearl Millet/Cumbu),Other,Non-FAQ,"1,900.00","1,900.00","1,900.00",Rs./Quintal,0.30,Metric Tonnes,12-08-2026
Maharashtra,Ahilyanagar,Rahata APMC,Cereals,Bajra(Pearl Millet/Cumbu),Other,Non-FAQ,"1,841.00","1,841.00","1,841.00",Rs./Quintal,0.30,Metric Tonnes,11-04-2026
Maharashtra,Ahilyanagar,Rahata APMC,Cereals,Bajra(Pearl Millet/Cumbu),Other,Non-FAQ,"2,060.00","2,060.00","2,060.00",Rs./Quintal,0.30,Metric Tonnes,10-08-2026
Maharashtra,Ahilyanagar,Rahata APMC,Cereals,Bajra(Pearl Millet/Cumbu),Other,Non-FAQ,"1,901.00","1,901.00","1,901.00",Rs./Quintal,0.40,Metric Tonnes,09-02-2026
Maharashtra,Ahilyanagar,Rahata APMC,Cereals,Bajra(Pearl Millet/Cumbu),Other,Non-FAQ,"1,800.00","1,800.00","1,800.00",Rs./Quintal,0.20,Metric Tonnes,08-05-2026
Maharashtra,Ahilyanagar,Rahata APMC,Cereals,Bajra(Pearl Millet/Cumbu),Other,Non-FAQ,"2,000.00","2,000.00","2,000.00",Rs./Quintal,0.10,Metric Tonnes,06-02-2026
Maharashtra,Ahilyanagar,Rahata APMC,Cereals,Bajra(Pearl Millet/Cumbu),Other,Non-FAQ,"1,700.00","1,700.00","1,700.00",Rs./Quintal,0.20,Metric Tonnes,05-06-2026
Maharashtra,Ahilyanagar,Rahata APMC,Cereals,Bajra(Pearl Millet/Cumbu),Other,Non-FAQ,"1,827.00","1,827.00","1,827.00",Rs./Quintal,0.40,Metric Tonnes,04-06-2026
Maharashtra,Ahilyanagar,Rahuri APMC,Cereals,Bajra(Pearl Millet/Cumbu),Other,Non-FAQ,"1,500.00","1,500.00","1,500.00",Rs./Quintal,0.50,Metric Tonnes,30-05-2026
Maharashtra,Ahilyanagar,Rahuri APMC,Cereals,Bajra(Pearl Millet/Cumbu),Other,Non-FAQ,"1,500.00","2,500.00","2,000.00",Rs./Quintal,0.70,Metric Tonnes,29-05-2026
Maharashtra,Ahilyanagar,Rahuri APMC,Cereals,Bajra(Pearl Millet/Cumbu),Other,Non-FAQ,"1,600.00","1,600.00","1,600.00",Rs./Quintal,0.40,Metric Tonnes,29-03-2026
Maharashtra,Ahilyanagar,Rahuri APMC,Cereals,Bajra(Pearl Millet/Cumbu),Other,Non-FAQ,"2,300.00","2,450.00","2,375.00",Rs./Quintal,0.50,Metric Tonnes,27-11-2025
Maharashtra,Ahilyanagar,Rahuri APMC,Cereals,Bajra(Pearl Millet/Cumbu),Other,Non-FAQ,"2,200.00","2,500.00","2,350.00",Rs./Quintal,0.30,Metric Tonnes,27-03-2026
Maharashtra,Ahilyanagar,Rahuri APMC,Cereals,Bajra(Pearl Millet/Cumbu),Other,Non-FAQ,"2,300.00","2,300.00","2,300.00",Rs./Quintal,0.20,Metric Tonnes,25-11-2025
Maharashtra,Ahilyanagar,Rahuri APMC,Cereals,Bajra(Pearl Millet/Cumbu),Other,Non-FAQ,"1,650.00","1,650.00","1,650.00",Rs./Quintal,0.40,Metric Tonnes,25-04-2026
Maharashtra,Ahilyanagar,Rahuri APMC,Cereals,Bajra(Pearl Millet/Cumbu),Other,Non-FAQ,"1,550.00","1,550.00","1,550.00",Rs./Quintal,0.30,Metric Tonnes,24-05-2026
Maharashtra,Ahilyanagar,Rahuri APMC,Cereals,Bajra(Pearl Millet/Cumbu),Other,Non-FAQ,"1,450.00","2,000.00","1,725.00",Rs./Quintal,0.80,Metric Tonnes,23-11-2025
Maharashtra,Ahilyanagar,Rahuri APMC,Cereals,Bajra(Pearl Millet/Cumbu),Other,Non-FAQ,"1,500.00","1,500.00","1,500.00",Rs./Quintal,0.20,Metric Tonnes,23-03-2026
Maharashtra,Ahilyanagar,Rahuri APMC,Cereals,Bajra(Pearl Millet/Cumbu),Other,Non-FAQ,"1,600.00","1,600.00","1,600.00",Rs./Quintal,0.70,Metric Tonnes,22-12-2025
Maharashtra,Ahilyanagar,Rahuri APMC,Cereals,Bajra(Pearl Millet/Cumbu),Other,Non-FAQ,"1,500.00","1,500.00","1,500.00",Rs./Quintal,0.70,Metric Tonnes,22-02-2026
Maharashtra,Ahilyanagar,Rahuri APMC,Cereals,Bajra(Pearl Millet/Cumbu),Other,Non-FAQ,"1,800.00","2,500.00","2,150.00",Rs./Quintal,1.20,Metric Tonnes,22-01-2026
Maharashtra,Ahilyanagar,Rahuri APMC,Cereals,Bajra(Pearl Millet/Cumbu),Other,Non-FAQ,"1,500.00","1,700.00","1,600.00",Rs./Quintal,1.80,Metric Tonnes,20-11-2025
Maharashtra,Ahilyanagar,Rahuri APMC,Cereals,Bajra(Pearl Millet/Cumbu),Other,Non-FAQ,"1,800.00","2,000.00","1,900.00",Rs./Quintal,0.40,Metric Tonnes,20-08-2026
Maharashtra,Ahilyanagar,Rahuri APMC,Cereals,Bajra(Pearl Millet/Cumbu),Other,Non-FAQ,"2,500.00","2,500.00","2,500.00",Rs./Quintal,0.30,Metric Tonnes,19-08-2026
Maharashtra,Ahilyanagar,Rahuri APMC,Cereals,Bajra(Pearl Millet/Cumbu),Other,Non-FAQ,"1,500.00","1,550.00","1,525.00",Rs./Quintal,0.60,Metric Tonnes,17-11-2025
Maharashtra,Ahilyanagar,Rahuri APMC,Cereals,Bajra(Pearl Millet/Cumbu),Other,Non-FAQ,"1,850.00","1,850.00","1,850.00",Rs./Quintal,0.20,Metric Tonnes,17-02-2026
Maharashtra,Ahilyanagar,Rahuri APMC,Cereals,Bajra(Pearl Millet/Cumbu),Other,Non-FAQ,"1,600.00","1,600.00","1,600.00",Rs./Quintal,0.30,Metric Tonnes,17-01-2026
Maharashtra,Ahilyanagar,Rahuri APMC,Cereals,Bajra(Pearl Millet/Cumbu),Other,Non-FAQ,"1,600.00","1,600.00","1,600.00",Rs./Quintal,0.70,Metric Tonnes,16-02-2026
Maharashtra,Ahilyanagar,Rahuri APMC,Cereals,Bajra(Pearl Millet/Cumbu),Other,Non-FAQ,"1,850.00","1,850.00","1,850.00",Rs./Quintal,0.20,Metric Tonnes,15-08-2026
Maharashtra,Ahilyanagar,Rahuri APMC,Cereals,Bajra(Pearl Millet/Cumbu),Other,Non-FAQ,"1,500.00","2,250.00","1,875.00",Rs./Quintal,1.90,Metric Tonnes,15-05-2026
Maharashtra,Ahilyanagar,Rahuri APMC,Cereals,Bajra(Pearl Millet/Cumbu),Other,Non-FAQ,"1,600.00","1,900.00","1,750.00",Rs./Quintal,1.20,Metric Tonnes,13-12-2025
Maharashtra,Ahilyanagar,Rahuri APMC,Cereals,Bajra(Pearl Millet/Cumbu),Other,Non-FAQ,"2,300.00","2,300.00","2,300.00",Rs./Quintal,0.40,Metric Tonnes,12-12-2025
Maharashtra,Ahilyanagar,Rahuri APMC,Cereals,Bajra(Pearl Millet/Cumbu),Other,Non-FAQ,"2,500.00","2,500.00","2,500.00",Rs./Quintal,1.00,Metric Tonnes,11-12-2025
Maharashtra,Ahilyanagar,Rahuri APMC,Cereals,Bajra(Pearl Millet/Cumbu),Other,Non-FAQ,"1,500.00","1,500.00","1,500.00",Rs./Quintal,0.80,Metric Tonnes,11-04-2026
Maharashtra,Ahilyanagar,Rahuri APMC,Cereals,Bajra(Pearl Millet/Cumbu),Other,Non-FAQ,"1,600.00","2,400.00","2,000.00",Rs./Quintal,0.20,Metric Tonnes,10-03-2026
Maharashtra,Ahilyanagar,Rahuri APMC,Cereals,Bajra(Pearl Millet/Cumbu),Other,Non-FAQ,"1,950.00","1,950.00","1,950.00",Rs./Quintal,0.40,Metric Tonnes,09-06-2026
Maharashtra,Ahilyanagar,Rahuri APMC,Cereals,Bajra(Pearl Millet/Cumbu),Other,Non-FAQ,"1,600.00","2,200.00","1,900.00",Rs./Quintal,1.40,Metric Tonnes,09-01-2026
Maharashtra,Ahilyanagar,Rahuri APMC,Cereals,Bajra(Pearl Millet/Cumbu),Other,Non-FAQ,"1,500.00","1,500.00","1,500.00",Rs./Quintal,1.00,Metric Tonnes,07-06-2026
Maharashtra,Ahilyanagar,Rahuri APMC,Cereals,Bajra(Pearl Millet/Cumbu),Other,Non-FAQ,"1,600.00","1,600.00","1,600.00",Rs./Quintal,0.20,Metric Tonnes,06-07-2026
Maharashtra,Ahilyanagar,Rahuri APMC,Cereals,Bajra(Pearl Millet/Cumbu),Other,Non-FAQ,"2,200.00","2,200.00","2,200.00",Rs./Quintal,0.20,Metric Tonnes,06-06-2026
Maharashtra,Ahilyanagar,Rahuri APMC,Cereals,Bajra(Pearl Millet/Cumbu),Other,FAQ,"2,775.00","3,000.00","2,825.00",Rs./Quintal,1.40,Metric Tonnes,05-12-2025
Maharashtra,Ahilyanagar,Rahuri APMC,Cereals,Bajra(Pearl Millet/Cumbu),Other,Non-FAQ,"1,700.00","1,700.00","1,700.00",Rs./Quintal,0.50,Metric Tonnes,04-12-2025
Maharashtra,Ahilyanagar,Rahuri APMC,Cereals,Bajra(Pearl Millet/Cumbu),Other,Non-FAQ,"1,600.00","1,600.00","1,600.00",Rs./Quintal,0.20,Metric Tonnes,03-03-2026
Maharashtra,Ahilyanagar,Rahuri(Vambori) APMC,Cereals,Bajra(Pearl Millet/Cumbu),Other,Non-FAQ,"2,200.00","2,401.00","2,269.00",Rs./Quintal,0.90,Metric Tonnes,31-12-2025
Maharashtra,Ahilyanagar,Rahuri(Vambori) APMC,Cereals,Bajra(Pearl Millet/Cumbu),Other,Non-FAQ,"2,376.00","2,440.00","2,413.00",Rs./Quintal,0.20,Metric Tonnes,30-07-2026
Maharashtra,Ahilyanagar,Rahuri(Vambori) APMC,Cereals,Bajra(Pearl Millet/Cumbu),Other,FAQ,"2,900.00","2,900.00","2,900.00",Rs./Quintal,0.10,Metric Tonnes,30-01-2026
Maharashtra,Ahilyanagar,Rahuri(Vambori) APMC,Cereals,Bajra(Pearl Millet/Cumbu),Other,Non-FAQ,"1,716.00","1,716.00","1,716.00",Rs./Quintal,0.20,Metric Tonnes,30-01-2026
Maharashtra,Ahilyanagar,Rahuri(Vambori) APMC,Cereals,Bajra(Pearl Millet/Cumbu),Other,FAQ,"2,780.00","3,000.00","2,890.00",Rs./Quintal,0.90,Metric Tonnes,29-11-2025
Maharashtra,Ahilyanagar,Rahuri(Vambori) APMC,Cereals,Bajra(Pearl Millet/Cumbu),Other,Non-FAQ,"1,700.00","1,700.00","1,700.00",Rs./Quintal,0.40,Metric Tonnes,29-11-2025
Maharashtra,Ahilyanagar,Rahuri(Vambori) APMC,Cereals,Bajra(Pearl Millet/Cumbu),Other,Non-FAQ,"1,700.00","1,700.00","1,700.00",Rs./Quintal,0.10,Metric Tonnes,29-05-2026
Maharashtra,Ahilyanagar,Rahuri(Vambori) APMC,Cereals,Bajra(Pearl Millet/Cumbu),Other,Non-FAQ,"1,750.00","1,750.00","1,750.00",Rs./Quintal,0.10,Metric Tonnes,29-01-2026
Maharashtra,Ahilyanagar,Rahuri(Vambori) APMC,Cereals,Bajra(Pearl Millet/Cumbu),Other,FAQ,"2,799.00","2,950.00","2,888.00",Rs./Quintal,0.60,Metric Tonnes,28-11-2025
Maharashtra,Ahilyanagar,Rahuri(Vambori) APMC,Cereals,Bajra(Pearl Millet/Cumbu),Other,Non-FAQ,"1,850.00","1,876.00","1,855.00",Rs./Quintal,1.00,Metric Tonnes,28-07-2026
Maharashtra,Ahilyanagar,Rahuri(Vambori) APMC,Cereals,Bajra(Pearl Millet/Cumbu),Other,Non-FAQ,"1,630.00","1,630.00","1,630.00",Rs./Quintal,0.10,Metric Tonnes,28-04-2026
Maharashtra,Ahilyanagar,Rahuri(Vambori) APMC,Cereals,Bajra(Pearl Millet/Cumbu),Other,Non-FAQ,"1,700.00","2,600.00","2,373.00",Rs./Quintal,1.60,Metric Tonnes,28-02-2026
Maharashtra,Ahilyanagar,Rahuri(Vambori) APMC,Cereals,Bajra(Pearl Millet/Cumbu),Other,Non-FAQ,"1,690.00","1,700.00","1,693.00",Rs./Quintal,2.20,Metric Tonnes,28-01-2026
Maharashtra,Ahilyanagar,Rahuri(Vambori) APMC,Cereals,Bajra(Pearl Millet/Cumbu),Other,Non-FAQ,"2,500.00","2,500.00","2,500.00",Rs./Quintal,0.10,Metric Tonnes,27-12-2025
Maharashtra,Ahilyanagar,Rahuri(Vambori) APMC,Cereals,Bajra(Pearl Millet/Cumbu),Other,Non-FAQ,"2,000.00","2,000.00","2,000.00",Rs./Quintal,0.20,Metric Tonnes,27-11-2025
Maharashtra,Ahilyanagar,Rahuri(Vambori) APMC,Cereals,Bajra(Pearl Millet/Cumbu),Other,Non-FAQ,"1,660.00","1,660.00","1,660.00",Rs./Quintal,0.10,Metric Tonnes,27-05-2026
Maharashtra,Ahilyanagar,Rahuri(Vambori) APMC,Cereals,Bajra(Pearl Millet/Cumbu),Other,FAQ,"2,880.00","2,880.00","2,880.00",Rs./Quintal,0.20,Metric Tonnes,27-01-2026
Maharashtra,Ahilyanagar,Rahuri(Vambori) APMC,Cereals,Bajra(Pearl Millet/Cumbu),Other,FAQ,"2,800.00","2,800.00","2,800.00",Rs./Quintal,0.10,Metric Tonnes,26-11-2025
Maharashtra,Ahilyanagar,Rahuri(Vambori) APMC,Cereals,Bajra(Pearl Millet/Cumbu),Other,Non-FAQ,"1,700.00","1,700.00","1,700.00",Rs./Quintal,0.20,Metric Tonnes,26-05-2026
Maharashtra,Ahilyanagar,Rahuri(Vambori) APMC,Cereals,Bajra(Pearl Millet/Cumbu),Other,Non-FAQ,"1,700.00","1,700.00","1,700.00",Rs./Quintal,0.20,Metric Tonnes,25-12-2025
Maharashtra,Ahilyanagar,Rahuri(Vambori) APMC,Cereals,Bajra(Pearl Millet/Cumbu),Other,Non-FAQ,"1,751.00","2,550.00","2,200.00",Rs./Quintal,1.60,Metric Tonnes,25-11-2025
Maharashtra,Ahilyanagar,Rahuri(Vambori) APMC,Cereals,Bajra(Pearl Millet/Cumbu),Other,Non-FAQ,"2,525.00","2,525.00","2,525.00",Rs./Quintal,0.10,Metric Tonnes,25-06-2026
Maharashtra,Ahilyanagar,Rahuri(Vambori) APMC,Cereals,Bajra(Pearl Millet/Cumbu),Other,Non-FAQ,"1,800.00","1,800.00","1,800.00",Rs./Quintal,0.10,Metric Tonnes,25-03-2026
Maharashtra,Ahilyanagar,Rahuri(Vambori) APMC,Cereals,Bajra(Pearl Millet/Cumbu),Other,Non-FAQ,"2,600.00","2,600.00","2,600.00",Rs./Quintal,0.40,Metric Tonnes,24-12-2025
Maharashtra,Ahilyanagar,Rahuri(Vambori) APMC,Cereals,Bajra(Pearl Millet/Cumbu),Other,Non-FAQ,"2,176.00","2,176.00","2,176.00",Rs./Quintal,0.20,Metric Tonnes,24-04-2026
Maharashtra,Ahilyanagar,Rahuri(Vambori) APMC,Cereals,Bajra(Pearl Millet/Cumbu),Other,Non-FAQ,"1,400.00","1,900.00","1,541.00",Rs./Quintal,0.30,Metric Tonnes,24-03-2026
Maharashtra,Ahilyanagar,Rahuri(Vambori) APMC,Cereals,Bajra(Pearl Millet/Cumbu),Other,Non-FAQ,"1,700.00","1,700.00","1,700.00",Rs./Quintal,0.10,Metric Tonnes,23-12-2025
Maharashtra,Ahilyanagar,Rahuri(Vambori) APMC,Cereals,Bajra(Pearl Millet/Cumbu),Other,Non-FAQ,"1,675.00","1,675.00","1,675.00",Rs./Quintal,0.10,Metric Tonnes,23-06-2026
Maharashtra,Ahilyanagar,Rahuri(Vambori) APMC,Cereals,Bajra(Pearl Millet/Cumbu),Other,FAQ,"3,106.00","3,106.00","3,106.00",Rs./Quintal,0.50,Metric Tonnes,22-11-2025
Maharashtra,Ahilyanagar,Rahuri(Vambori) APMC,Cereals,Bajra(Pearl Millet/Cumbu),Other,Non-FAQ,"1,800.00","1,900.00","1,850.00",Rs./Quintal,0.60,Metric Tonnes,22-11-2025
Maharashtra,Ahilyanagar,Rahuri(Vambori) APMC,Cereals,Bajra(Pearl Millet/Cumbu),Other,Non-FAQ,"2,351.00","2,351.00","2,351.00",Rs./Quintal,0.30,Metric Tonnes,21-11-2025
Maharashtra,Ahilyanagar,Rahuri(Vambori) APMC,Cereals,Bajra(Pearl Millet/Cumbu),Other,Non-FAQ,"2,225.00","2,225.00","2,225.00",Rs./Quintal,0.20,Metric Tonnes,21-07-2026
Maharashtra,Ahilyanagar,Rahuri(Vambori) APMC,Cereals,Bajra(Pearl Millet/Cumbu),Other,Non-FAQ,"2,465.00","2,465.00","2,465.00",Rs./Quintal,0.40,Metric Tonnes,21-05-2026
Maharashtra,Ahilyanagar,Rahuri(Vambori) APMC,Cereals,Bajra(Pearl Millet/Cumbu),Other,Non-FAQ,"1,600.00","2,100.00","1,850.00",Rs./Quintal,0.20,Metric Tonnes,21-04-2026
Maharashtra,Ahilyanagar,Rahuri(Vambori) APMC,Cereals,Bajra(Pearl Millet/Cumbu),Other,FAQ,"2,800.00","3,100.00","2,950.00",Rs./Quintal,0.50,Metric Tonnes,21-01-2026
Maharashtra,Ahilyanagar,Rahuri(Vambori) APMC,Cereals,Bajra(Pearl Millet/Cumbu),Other,Non-FAQ,"1,650.00","2,700.00","2,175.00",Rs./Quintal,0.60,Metric Tonnes,21-01-2026
Maharashtra,Ahilyanagar,Rahuri(Vambori) APMC,Cereals,Bajra(Pearl Millet/Cumbu),Other,FAQ,"3,400.00","3,400.00","3,400.00",Rs./Quintal,0.30,Metric Tonnes,20-12-2025
Maharashtra,Ahilyanagar,Rahuri(Vambori) APMC,Cereals,Bajra(Pearl Millet/Cumbu),Other,Non-FAQ,"1,701.00","1,701.00","1,701.00",Rs./Quintal,0.70,Metric Tonnes,20-12-2025
Maharashtra,Ahilyanagar,Rahuri(Vambori) APMC,Cereals,Bajra(Pearl Millet/Cumbu),Other,FAQ,"2,800.00","2,800.00","2,800.00",Rs./Quintal,0.90,Metric Tonnes,20-11-2025
Maharashtra,Ahilyanagar,Rahuri(Vambori) APMC,Cereals,Bajra(Pearl Millet/Cumbu),Other,Non-FAQ,"1,900.00","2,600.00","2,250.00",Rs./Quintal,0.20,Metric Tonnes,20-11-2025
Maharashtra,Ahilyanagar,Rahuri(Vambori) APMC,Cereals,Bajra(Pearl Millet/Cumbu),Other,Non-FAQ,"2,550.00","2,550.00","2,550.00",Rs./Quintal,0.10,Metric Tonnes,20-06-2026
Maharashtra,Ahilyanagar,Rahuri(Vambori) APMC,Cereals,Bajra(Pearl Millet/Cumbu),Other,Non-FAQ,"2,400.00","2,400.00","2,400.00",Rs./Quintal,0.10,Metric Tonnes,20-02-2026
Maharashtra,Ahilyanagar,Rahuri(Vambori) APMC,Cereals,Bajra(Pearl Millet/Cumbu),Other,FAQ,"2,876.00","2,876.00","2,876.00",Rs./Quintal,0.40,Metric Tonnes,20-01-2026
Maharashtra,Ahilyanagar,Rahuri(Vambori) APMC,Cereals,Bajra(Pearl Millet/Cumbu),Other,FAQ,"2,930.00","2,930.00","2,930.00",Rs./Quintal,0.50,Metric Tonnes,19-11-2025
Maharashtra,Ahilyanagar,Rahuri(Vambori) APMC,Cereals,Bajra(Pearl Millet/Cumbu),Other,Non-FAQ,"2,452.00","2,650.00","2,551.00",Rs./Quintal,0.20,Metric Tonnes,19-11-2025
Maharashtra,Ahilyanagar,Rahuri(Vambori) APMC,Cereals,Bajra(Pearl Millet/Cumbu),Other,Non-FAQ,"1,600.00","2,300.00","1,773.00",Rs./Quintal,0.50,Metric Tonnes,19-05-2026
Maharashtra,Ahilyanagar,Rahuri(Vambori) APMC,Cereals,Bajra(Pearl Millet/Cumbu),Other,Non-FAQ,"2,400.00","2,400.00","2,400.00",Rs./Quintal,0.60,Metric Tonnes,19-03-2026
Maharashtra,Ahilyanagar,Rahuri(Vambori) APMC,Cereals,Bajra(Pearl Millet/Cumbu),Other,Non-FAQ,"1,800.00","1,800.00","1,800.00",Rs./Quintal,0.10,Metric Tonnes,19-02-2026
Maharashtra,Ahilyanagar,Rahuri(Vambori) APMC,Cereals,Bajra(Pearl Millet/Cumbu),Other,Non-FAQ,"2,500.00","2,500.00","2,500.00",Rs./Quintal,0.10,Metric Tonnes,18-08-2026
Maharashtra,Ahilyanagar,Rahuri(Vambori) APMC,Cereals,Bajra(Pearl Millet/Cumbu),Other,Non-FAQ,"2,200.00","2,400.00","2,234.00",Rs./Quintal,0.90,Metric Tonnes,18-06-2026
Maharashtra,Ahilyanagar,Rahuri(Vambori) APMC,Cereals,Bajra(Pearl Millet/Cumbu),Other,Non-FAQ,"2,300.00","2,450.00","2,344.00",Rs./Quintal,0.20,Metric Tonnes,18-04-2026
Maharashtra,Ahilyanagar,Rahuri(Vambori) APMC,Cereals,Bajra(Pearl Millet/Cumbu),Other,Non-FAQ,"1,919.00","1,919.00","1,919.00",Rs./Quintal,0.20,Metric Tonnes,18-02-2026
Maharashtra,Ahilyanagar,Rahuri(Vambori) APMC,Cereals,Bajra(Pearl Millet/Cumbu),Other,Non-FAQ,"1,675.00","2,000.00","1,962.00",Rs./Quintal,0.60,Metric Tonnes,17-12-2025
Maharashtra,Ahilyanagar,Rahuri(Vambori) APMC,Cereals,Bajra(Pearl Millet/Cumbu),Other,Non-FAQ,"2,100.00","2,100.00","2,100.00",Rs./Quintal,0.20,Metric Tonnes,17-01-2026
Maharashtra,Ahilyanagar,Rahuri(Vambori) APMC,Cereals,Bajra(Pearl Millet/Cumbu),Other,Non-FAQ,"2,700.00","2,700.00","2,700.00",Rs./Quintal,0.20,Metric Tonnes,16-12-2025
Maharashtra,Ahilyanagar,Rahuri(Vambori) APMC,Cereals,Bajra(Pearl Millet/Cumbu),Other,Non-FAQ,"1,700.00","1,700.00","1,700.00",Rs./Quintal,0.10,Metric Tonnes,16-01-2026
Maharashtra,Ahilyanagar,Rahuri(Vambori) APMC,Cereals,Bajra(Pearl Millet/Cumbu),Other,Non-FAQ,"1,900.00","2,600.00","2,250.00",Rs./Quintal,0.90,Metric Tonnes,15-11-2025
Maharashtra,Ahilyanagar,Rahuri(Vambori) APMC,Cereals,Bajra(Pearl Millet/Cumbu),Other,Non-FAQ,"2,552.00","2,552.00","2,552.00",Rs./Quintal,0.10,Metric Tonnes,15-01-2026
Maharashtra,Ahilyanagar,Rahuri(Vambori) APMC,Cereals,Bajra(Pearl Millet/Cumbu),Other,Non-FAQ,"2,150.00","2,150.00","2,150.00",Rs./Quintal,0.10,Metric Tonnes,14-08-2026
Maharashtra,Ahilyanagar,Rahuri(Vambori) APMC,Cereals,Bajra(Pearl Millet/Cumbu),Other,Non-FAQ,"2,601.00","2,751.00","2,675.00",Rs./Quintal,0.50,Metric Tonnes,13-12-2025
Maharashtra,Ahilyanagar,Rahuri(Vambori) APMC,Cereals,Bajra(Pearl Millet/Cumbu),Other,FAQ,"2,851.00","2,851.00","2,851.00",Rs./Quintal,0.20,Metric Tonnes,13-11-2025
Maharashtra,Ahilyanagar,Rahuri(Vambori) APMC,Cereals,Bajra(Pearl Millet/Cumbu),Other,Non-FAQ,"1,900.00","1,900.00","1,900.00",Rs./Quintal,0.20,Metric Tonnes,13-11-2025
Maharashtra,Ahilyanagar,Rahuri(Vambori) APMC,Cereals,Bajra(Pearl Millet/Cumbu),Other,Non-FAQ,"1,600.00","1,600.00","1,600.00",Rs./Quintal,0.10,Metric Tonnes,13-03-2026
Maharashtra,Ahilyanagar,Rahuri(Vambori) APMC,Cereals,Bajra(Pearl Millet/Cumbu),Other,Non-FAQ,"2,325.00","2,501.00","2,378.00",Rs./Quintal,1.00,Metric Tonnes,13-02-2026
Maharashtra,Ahilyanagar,Rahuri(Vambori) APMC,Cereals,Bajra(Pearl Millet/Cumbu),Other,FAQ,"2,850.00","2,850.00","2,850.00",Rs./Quintal,0.10,Metric Tonnes,12-11-2025
Maharashtra,Ahilyanagar,Rahuri(Vambori) APMC,Cereals,Bajra(Pearl Millet/Cumbu),Other,Non-FAQ,"1,700.00","1,700.00","1,700.00",Rs./Quintal,0.10,Metric Tonnes,12-11-2025
Maharashtra,Ahilyanagar,Rahuri(Vambori) APMC,Cereals,Bajra(Pearl Millet/Cumbu),Other,Non-FAQ,"2,700.00","2,700.00","2,700.00",Rs./Quintal,0.20,Metric Tonnes,12-03-2026
Maharashtra,Ahilyanagar,Rahuri(Vambori) APMC,Cereals,Bajra(Pearl Millet/Cumbu),Other,Non-FAQ,"2,323.00","2,700.00","2,643.00",Rs./Quintal,0.50,Metric Tonnes,11-12-2025
Maharashtra,Ahilyanagar,Rahuri(Vambori) APMC,Cereals,Bajra(Pearl Millet/Cumbu),Other,FAQ,"3,255.00","3,255.00","3,255.00",Rs./Quintal,0.10,Metric Tonnes,11-11-2025
Maharashtra,Ahilyanagar,Rahuri(Vambori) APMC,Cereals,Bajra(Pearl Millet/Cumbu),Other,Non-FAQ,"2,052.00","2,052.00","2,052.00",Rs./Quintal,0.20,Metric Tonnes,11-08-2026
Maharashtra,Ahilyanagar,Rahuri(Vambori) APMC,Cereals,Bajra(Pearl Millet/Cumbu),Other,Non-FAQ,"1,600.00","1,700.00","1,672.00",Rs./Quintal,0.40,Metric Tonnes,11-07-2026
Maharashtra,Ahilyanagar,Rahuri(Vambori) APMC,Cereals,Bajra(Pearl Millet/Cumbu),Other,Non-FAQ,"2,525.00","2,525.00","2,525.00",Rs./Quintal,0.20,Metric Tonnes,11-02-2026
Maharashtra,Ahilyanagar,Rahuri(Vambori) APMC,Cereals,Bajra(Pearl Millet/Cumbu),Other,Non-FAQ,"1,700.00","1,700.00","1,700.00",Rs./Quintal,0.20,Metric Tonnes,10-12-2025
Maharashtra,Ahilyanagar,Rahuri(Vambori) APMC,Cereals,Bajra(Pearl Millet/Cumbu),Other,Non-FAQ,"2,450.00","2,450.00","2,450.00",Rs./Quintal,0.20,Metric Tonnes,10-02-2026
Maharashtra,Ahilyanagar,Rahuri(Vambori) APMC,Cereals,Bajra(Pearl Millet/Cumbu),Other,Non-FAQ,"1,700.00","2,300.00","2,000.00",Rs./Quintal,0.90,Metric Tonnes,09-12-2025
Maharashtra,Ahilyanagar,Rahuri(Vambori) APMC,Cereals,Bajra(Pearl Millet/Cumbu),Other,Non-FAQ,"2,300.00","2,300.00","2,300.00",Rs./Quintal,0.10,Metric Tonnes,09-06-2026
Maharashtra,Ahilyanagar,Rahuri(Vambori) APMC,Cereals,Bajra(Pearl Millet/Cumbu),Other,Non-FAQ,"1,700.00","1,700.00","1,700.00",Rs./Quintal,0.30,Metric Tonnes,08-11-2025
Maharashtra,Ahilyanagar,Rahuri(Vambori) APMC,Cereals,Bajra(Pearl Millet/Cumbu),Other,Non-FAQ,"1,800.00","2,001.00","1,900.00",Rs./Quintal,0.40,Metric Tonnes,08-08-2026
Maharashtra,Ahilyanagar,Rahuri(Vambori) APMC,Cereals,Bajra(Pearl Millet/Cumbu),Other,Non-FAQ,"2,000.00","2,000.00","2,000.00",Rs./Quintal,1.10,Metric Tonnes,08-05-2026
Maharashtra,Ahilyanagar,Rahuri(Vambori) APMC,Cereals,Bajra(Pearl Millet/Cumbu),Other,Non-FAQ,"2,675.00","2,675.00","2,675.00",Rs./Quintal,0.30,Metric Tonnes,08-01-2026
Maharashtra,Ahilyanagar,Rahuri(Vambori) APMC,Cereals,Bajra(Pearl Millet/Cumbu),Other,Non-FAQ,"1,900.00","1,900.00","1,900.00",Rs./Quintal,1.80,Metric Tonnes,07-11-2025
Maharashtra,Ahilyanagar,Rahuri(Vambori) APMC,Cereals,Bajra(Pearl Millet/Cumbu),Other,Non-FAQ,"2,600.00","2,600.00","2,600.00",Rs./Quintal,0.10,Metric Tonnes,07-07-2026
Maharashtra,Ahilyanagar,Rahuri(Vambori) APMC,Cereals,Bajra(Pearl Millet/Cumbu),Other,Non-FAQ,"2,100.00","2,100.00","2,100.00",Rs./Quintal,0.10,Metric Tonnes,07-05-2026
Maharashtra,Ahilyanagar,Rahuri(Vambori) APMC,Cereals,Bajra(Pearl Millet/Cumbu),Other,Non-FAQ,"1,825.00","2,200.00","2,012.00",Rs./Quintal,0.20,Metric Tonnes,07-04-2026
Maharashtra,Ahilyanagar,Rahuri(Vambori) APMC,Cereals,Bajra(Pearl Millet/Cumbu),Other,FAQ,"2,851.00","2,851.00","2,851.00",Rs./Quintal,0.60,Metric Tonnes,07-03-2026
Maharashtra,Ahilyanagar,Rahuri(Vambori) APMC,Cereals,Bajra(Pearl Millet/Cumbu),Other,Non-FAQ,"1,700.00","2,000.00","1,779.00",Rs./Quintal,1.50,Metric Tonnes,07-01-2026
Maharashtra,Ahilyanagar,Rahuri(Vambori) APMC,Cereals,Bajra(Pearl Millet/Cumbu),Other,Non-FAQ,"1,726.00","1,726.00","1,726.00",Rs./Quintal,0.10,Metric Tonnes,06-12-2025
Maharashtra,Ahilyanagar,Rahuri(Vambori) APMC,Cereals,Bajra(Pearl Millet/Cumbu),Other,Non-FAQ,"1,900.00","2,500.00","2,015.00",Rs./Quintal,0.30,Metric Tonnes,06-08-2026
Maharashtra,Ahilyanagar,Rahuri(Vambori) APMC,Cereals,Bajra(Pearl Millet/Cumbu),Other,Non-FAQ,"2,365.00","2,365.00","2,365.00",Rs./Quintal,1.20,Metric Tonnes,06-06-2026
Maharashtra,Ahilyanagar,Rahuri(Vambori) APMC,Cereals,Bajra(Pearl Millet/Cumbu),Other,Non-FAQ,"2,600.00","2,600.00","2,600.00",Rs./Quintal,0.10,Metric Tonnes,06-03-2026
Maharashtra,Ahilyanagar,Rahuri(Vambori) APMC,Cereals,Bajra(Pearl Millet/Cumbu),Other,Non-FAQ,"1,900.00","1,900.00","1,900.00",Rs./Quintal,0.10,Metric Tonnes,05-12-2025
Maharashtra,Ahilyanagar,Rahuri(Vambori) APMC,Cereals,Bajra(Pearl Millet/Cumbu),Other,Non-FAQ,"2,450.00","2,450.00","2,450.00",Rs./Quintal,1.30,Metric Tonnes,05-06-2026
Maharashtra,Ahilyanagar,Rahuri(Vambori) APMC,Cereals,Bajra(Pearl Millet/Cumbu),Other,Non-FAQ,"1,600.00","1,600.00","1,600.00",Rs./Quintal,0.20,Metric Tonnes,05-05-2026
Maharashtra,Ahilyanagar,Rahuri(Vambori) APMC,Cereals,Bajra(Pearl Millet/Cumbu),Other,Non-FAQ,"1,800.00","1,800.00","1,800.00",Rs./Quintal,0.10,Metric Tonnes,05-02-2026
Maharashtra,Ahilyanagar,Rahuri(Vambori) APMC,Cereals,Bajra(Pearl Millet/Cumbu),Other,Non-FAQ,"1,795.00","1,795.00","1,795.00",Rs./Quintal,0.60,Metric Tonnes,04-12-2025
Maharashtra,Ahilyanagar,Rahuri(Vambori) APMC,Cereals,Bajra(Pearl Millet/Cumbu),Other,Non-FAQ,"1,700.00","1,700.00","1,700.00",Rs./Quintal,0.10,Metric Tonnes,04-06-2026
Maharashtra,Ahilyanagar,Rahuri(Vambori) APMC,Cereals,Bajra(Pearl Millet/Cumbu),Other,Non-FAQ,"1,621.00","1,621.00","1,621.00",Rs./Quintal,0.20,Metric Tonnes,04-04-2026
Maharashtra,Ahilyanagar,Rahuri(Vambori) APMC,Cereals,Bajra(Pearl Millet/Cumbu),Other,Non-FAQ,"1,650.00","1,650.00","1,650.00",Rs./Quintal,0.30,Metric Tonnes,04-02-2026
Maharashtra,Ahilyanagar,Rahuri(Vambori) APMC,Cereals,Bajra(Pearl Millet/Cumbu),Other,Non-FAQ,"2,542.00","2,542.00","2,542.00",Rs./Quintal,0.10,Metric Tonnes,03-06-2026
Maharashtra,Ahilyanagar,Rahuri(Vambori) APMC,Cereals,Bajra(Pearl Millet/Cumbu),Other,Non-FAQ,"1,780.00","1,780.00","1,780.00",Rs./Quintal,0.10,Metric Tonnes,03-02-2026
Maharashtra,Ahilyanagar,Rahuri(Vambori) APMC,Cereals,Bajra(Pearl Millet/Cumbu),Other,Non-FAQ,"2,750.00","2,750.00","2,750.00",Rs./Quintal,0.10,Metric Tonnes,02-12-2025
Maharashtra,Ahilyanagar,Rahuri(Vambori) APMC,Cereals,Bajra(Pearl Millet/Cumbu),Other,Non-FAQ,"2,151.00","2,425.00","2,322.00",Rs./Quintal,4.20,Metric Tonnes,02-06-2026
Maharashtra,Ahilyanagar,Rahuri(Vambori) APMC,Cereals,Bajra(Pearl Millet/Cumbu),Other,Non-FAQ,"1,625.00","1,625.00","1,625.00",Rs./Quintal,0.10,Metric Tonnes,02-05-2026
Maharashtra,Ahilyanagar,Rahuri(Vambori) APMC,Cereals,Bajra(Pearl Millet/Cumbu),Other,Non-FAQ,"2,390.00","2,390.00","2,390.00",Rs./Quintal,0.20,Metric Tonnes,01-07-2026
Maharashtra,Ahilyanagar,Sangamner APMC,Cereals,Bajra(Pearl Millet/Cumbu),Other,Non-FAQ,"1,500.00","1,500.00","1,500.00",Rs./Quintal,0.30,Metric Tonnes,06-05-2026
Maharashtra,Ahilyanagar,Sangamner APMC,Cereals,Bajra(Pearl Millet/Cumbu),Other,Non-FAQ,"2,375.00","2,375.00","2,375.00",Rs./Quintal,1.20,Metric Tonnes,01-12-2025
Maharashtra,Ahilyanagar,Shevgaon APMC,Cereals,Bajra(Pearl Millet/Cumbu),Other,Non-FAQ,"1,700.00","2,500.00","2,500.00",Rs./Quintal,1.00,Metric Tonnes,31-07-2026
Maharashtra,Ahilyanagar,Shevgaon APMC,Cereals,Bajra(Pearl Millet/Cumbu),Other,Non-FAQ,"2,350.00","2,350.00","2,350.00",Rs./Quintal,1.00,Metric Tonnes,30-06-2026
Maharashtra,Ahilyanagar,Shevgaon APMC,Cereals,Bajra(Pearl Millet/Cumbu),Other,Non-FAQ,"2,400.00","2,400.00","2,400.00",Rs./Quintal,2.50,Metric Tonnes,30-05-2026
Maharashtra,Ahilyanagar,Shevgaon APMC,Cereals,Bajra(Pearl Millet/Cumbu),Other,Non-FAQ,"2,400.00","2,400.00","2,400.00",Rs./Quintal,0.70,Metric Tonnes,30-03-2026
Maharashtra,Ahilyanagar,Shevgaon APMC,Cereals,Bajra(Pearl Millet/Cumbu),Other,Non-FAQ,"1,600.00","2,300.00","1,600.00",Rs./Quintal,1.50,Metric Tonnes,30-01-2026
Maharashtra,Ahilyanagar,Shevgaon APMC,Cereals,Bajra(Pearl Millet/Cumbu),Other,Non-FAQ,"2,350.00","2,350.00","2,350.00",Rs./Quintal,0.50,Metric Tonnes,29-06-2026
Maharashtra,Ahilyanagar,Shevgaon APMC,Cereals,Bajra(Pearl Millet/Cumbu),Other,Non-FAQ,"2,400.00","2,400.00","2,400.00",Rs./Quintal,1.00,Metric Tonnes,29-05-2026
Maharashtra,Ahilyanagar,Shevgaon APMC,Cereals,Bajra(Pearl Millet/Cumbu),Other,Non-FAQ,"2,200.00","2,500.00","2,500.00",Rs./Quintal,2.20,Metric Tonnes,29-04-2026
Maharashtra,Ahilyanagar,Shevgaon APMC,Cereals,Bajra(Pearl Millet/Cumbu),Other,Non-FAQ,"2,400.00","2,500.00","2,500.00",Rs./Quintal,2.50,Metric Tonnes,28-07-2026
Maharashtra,Ahilyanagar,Shevgaon APMC,Cereals,Bajra(Pearl Millet/Cumbu),Other,Non-FAQ,"2,300.00","2,400.00","2,400.00",Rs./Quintal,1.90,Metric Tonnes,28-06-2026
Maharashtra,Ahilyanagar,Shevgaon APMC,Cereals,Bajra(Pearl Millet/Cumbu),Other,Non-FAQ,"2,500.00","2,500.00","2,500.00",Rs./Quintal,1.50,Metric Tonnes,27-07-2026
Maharashtra,Ahilyanagar,Shevgaon APMC,Cereals,Bajra(Pearl Millet/Cumbu),Other,Non-FAQ,"2,250.00","2,350.00","2,350.00",Rs./Quintal,1.70,Metric Tonnes,27-06-2026
Maharashtra,Ahilyanagar,Shevgaon APMC,Cereals,Bajra(Pearl Millet/Cumbu),Other,Non-FAQ,"2,200.00","2,500.00","2,500.00",Rs./Quintal,3.00,Metric Tonnes,27-04-2026
Maharashtra,Ahilyanagar,Shevgaon APMC,Cereals,Bajra(Pearl Millet/Cumbu),Other,Non-FAQ,"2,000.00","2,500.00","2,500.00",Rs./Quintal,0.30,Metric Tonnes,27-02-2026
Maharashtra,Ahilyanagar,Shevgaon APMC,Cereals,Bajra(Pearl Millet/Cumbu),Other,Non-FAQ,"2,300.00","2,400.00","2,400.00",Rs./Quintal,2.20,Metric Tonnes,26-05-2026
Maharashtra,Ahilyanagar,Shevgaon APMC,Cereals,Bajra(Pearl Millet/Cumbu),Other,Non-FAQ,"2,500.00","2,500.00","2,500.00",Rs./Quintal,2.30,Metric Tonnes,26-04-2026
Maharashtra,Ahilyanagar,Shevgaon APMC,Cereals,Bajra(Pearl Millet/Cumbu),Other,Non-FAQ,"2,200.00","2,400.00","2,400.00",Rs./Quintal,3.50,Metric Tonnes,25-05-2026
Maharashtra,Ahilyanagar,Shevgaon APMC,Cereals,Bajra(Pearl Millet/Cumbu),Other,Non-FAQ,"2,500.00","2,500.00","2,500.00",Rs./Quintal,1.50,Metric Tonnes,25-04-2026
Maharashtra,Ahilyanagar,Shevgaon APMC,Cereals,Bajra(Pearl Millet/Cumbu),Other,Non-FAQ,"1,500.00","1,500.00","1,500.00",Rs./Quintal,1.50,Metric Tonnes,25-02-2026
Maharashtra,Ahilyanagar,Shevgaon APMC,Cereals,Bajra(Pearl Millet/Cumbu),Other,Non-FAQ,"2,300.00","2,350.00","2,350.00",Rs./Quintal,0.90,Metric Tonnes,24-06-2026
Maharashtra,Ahilyanagar,Shevgaon APMC,Cereals,Bajra(Pearl Millet/Cumbu),Other,Non-FAQ,"2,300.00","2,500.00","2,500.00",Rs./Quintal,7.00,Metric Tonnes,24-05-2026
Maharashtra,Ahilyanagar,Shevgaon APMC,Cereals,Bajra(Pearl Millet/Cumbu),Other,Non-FAQ,"1,500.00","2,400.00","2,400.00",Rs./Quintal,0.90,Metric Tonnes,24-03-2026
Maharashtra,Ahilyanagar,Shevgaon APMC,Cereals,Bajra(Pearl Millet/Cumbu),Other,Non-FAQ,"1,600.00","2,600.00","2,600.00",Rs./Quintal,1.00,Metric Tonnes,24-01-2026
Maharashtra,Ahilyanagar,Shevgaon APMC,Cereals,Bajra(Pearl Millet/Cumbu),Other,Non-FAQ,"2,300.00","2,350.00","2,350.00",Rs./Quintal,0.80,Metric Tonnes,23-06-2026
Maharashtra,Ahilyanagar,Shevgaon APMC,Cereals,Bajra(Pearl Millet/Cumbu),Other,Non-FAQ,"2,300.00","2,400.00","2,400.00",Rs./Quintal,4.00,Metric Tonnes,23-05-2026
Maharashtra,Ahilyanagar,Shevgaon APMC,Cereals,Bajra(Pearl Millet/Cumbu),Other,Non-FAQ,"2,000.00","2,300.00","2,000.00",Rs./Quintal,2.00,Metric Tonnes,23-01-2026
Maharashtra,Ahilyanagar,Shevgaon APMC,Cereals,Bajra(Pearl Millet/Cumbu),Other,Non-FAQ,"2,500.00","2,500.00","2,500.00",Rs./Quintal,0.50,Metric Tonnes,22-07-2026
Maharashtra,Ahilyanagar,Shevgaon APMC,Cereals,Bajra(Pearl Millet/Cumbu),Other,Non-FAQ,"2,300.00","2,400.00","2,400.00",Rs./Quintal,3.50,Metric Tonnes,22-06-2026
Maharashtra,Ahilyanagar,Shevgaon APMC,Cereals,Bajra(Pearl Millet/Cumbu),Other,Non-FAQ,"2,000.00","2,400.00","2,400.00",Rs./Quintal,4.80,Metric Tonnes,22-05-2026
Maharashtra,Ahilyanagar,Shevgaon APMC,Cereals,Bajra(Pearl Millet/Cumbu),Other,Non-FAQ,"1,800.00","2,300.00","2,300.00",Rs./Quintal,1.30,Metric Tonnes,22-04-2026
Maharashtra,Ahilyanagar,Shevgaon APMC,Cereals,Bajra(Pearl Millet/Cumbu),Other,Non-FAQ,"1,500.00","2,500.00","2,500.00",Rs./Quintal,0.70,Metric Tonnes,22-03-2026
Maharashtra,Ahilyanagar,Shevgaon APMC,Cereals,Bajra(Pearl Millet/Cumbu),Other,Non-FAQ,"1,500.00","2,000.00","2,000.00",Rs./Quintal,7.00,Metric Tonnes,22-02-2026
Maharashtra,Ahilyanagar,Shevgaon APMC,Cereals,Bajra(Pearl Millet/Cumbu),Other,Non-FAQ,"2,400.00","2,400.00","2,400.00",Rs./Quintal,1.00,Metric Tonnes,21-08-2026
Maharashtra,Ahilyanagar,Shevgaon APMC,Cereals,Bajra(Pearl Millet/Cumbu),Other,Non-FAQ,"2,500.00","2,500.00","2,500.00",Rs./Quintal,0.70,Metric Tonnes,21-07-2026
Maharashtra,Ahilyanagar,Shevgaon APMC,Cereals,Bajra(Pearl Millet/Cumbu),Other,Non-FAQ,"2,350.00","2,400.00","2,400.00",Rs./Quintal,2.20,Metric Tonnes,21-06-2026
Maharashtra,Ahilyanagar,Shevgaon APMC,Cereals,Bajra(Pearl Millet/Cumbu),Other,Non-FAQ,"1,500.00","2,400.00","1,500.00",Rs./Quintal,1.90,Metric Tonnes,21-04-2026
Maharashtra,Ahilyanagar,Shevgaon APMC,Cereals,Bajra(Pearl Millet/Cumbu),Other,Non-FAQ,"2,000.00","2,000.00","2,000.00",Rs./Quintal,0.50,Metric Tonnes,21-02-2026
Maharashtra,Ahilyanagar,Shevgaon APMC,Cereals,Bajra(Pearl Millet/Cumbu),Other,Non-FAQ,"2,000.00","2,000.00","2,000.00",Rs./Quintal,0.30,Metric Tonnes,21-01-2026
Maharashtra,Ahilyanagar,Shevgaon APMC,Cereals,Bajra(Pearl Millet/Cumbu),Other,Non-FAQ,"1,800.00","2,500.00","2,500.00",Rs./Quintal,1.30,Metric Tonnes,20-07-2026
Maharashtra,Ahilyanagar,Shevgaon APMC,Cereals,Bajra(Pearl Millet/Cumbu),Other,Non-FAQ,"2,300.00","2,300.00","2,300.00",Rs./Quintal,0.60,Metric Tonnes,20-06-2026
Maharashtra,Ahilyanagar,Shevgaon APMC,Cereals,Bajra(Pearl Millet/Cumbu),Other,Non-FAQ,"2,000.00","2,400.00","2,400.00",Rs./Quintal,3.80,Metric Tonnes,20-05-2026
Maharashtra,Ahilyanagar,Shevgaon APMC,Cereals,Bajra(Pearl Millet/Cumbu),Other,Non-FAQ,"2,100.00","2,200.00","2,100.00",Rs./Quintal,2.00,Metric Tonnes,20-04-2026
Maharashtra,Ahilyanagar,Shevgaon APMC,Cereals,Bajra(Pearl Millet/Cumbu),Other,Non-FAQ,"2,400.00","2,400.00","2,400.00",Rs./Quintal,1.00,Metric Tonnes,19-08-2026
Maharashtra,Ahilyanagar,Shevgaon APMC,Cereals,Bajra(Pearl Millet/Cumbu),Other,Non-FAQ,"2,500.00","2,600.00","2,600.00",Rs./Quintal,2.50,Metric Tonnes,19-07-2026
Maharashtra,Ahilyanagar,Shevgaon APMC,Cereals,Bajra(Pearl Millet/Cumbu),Other,Non-FAQ,"2,250.00","2,300.00","2,300.00",Rs./Quintal,5.10,Metric Tonnes,19-06-2026
Maharashtra,Ahilyanagar,Shevgaon APMC,Cereals,Bajra(Pearl Millet/Cumbu),Other,Non-FAQ,"2,400.00","2,400.00","2,400.00",Rs./Quintal,0.20,Metric Tonnes,19-04-2026
Maharashtra,Ahilyanagar,Shevgaon APMC,Cereals,Bajra(Pearl Millet/Cumbu),Other,Non-FAQ,"2,400.00","2,400.00","2,400.00",Rs./Quintal,1.00,Metric Tonnes,18-08-2026
Maharashtra,Ahilyanagar,Shevgaon APMC,Cereals,Bajra(Pearl Millet/Cumbu),Other,Non-FAQ,"2,300.00","2,500.00","2,500.00",Rs./Quintal,7.50,Metric Tonnes,18-07-2026
Maharashtra,Ahilyanagar,Shevgaon APMC,Cereals,Bajra(Pearl Millet/Cumbu),Other,Non-FAQ,"2,200.00","2,300.00","2,300.00",Rs./Quintal,2.90,Metric Tonnes,18-05-2026
Maharashtra,Ahilyanagar,Shevgaon APMC,Cereals,Bajra(Pearl Millet/Cumbu),Other,Non-FAQ,"1,500.00","2,600.00","1,500.00",Rs./Quintal,2.40,Metric Tonnes,18-04-2026
Maharashtra,Ahilyanagar,Shevgaon APMC,Cereals,Bajra(Pearl Millet/Cumbu),Other,Non-FAQ,"2,400.00","2,400.00","2,400.00",Rs./Quintal,1.00,Metric Tonnes,17-08-2026
Maharashtra,Ahilyanagar,Shevgaon APMC,Cereals,Bajra(Pearl Millet/Cumbu),Other,Non-FAQ,"2,500.00","2,500.00","2,500.00",Rs./Quintal,2.20,Metric Tonnes,17-07-2026
Maharashtra,Ahilyanagar,Shevgaon APMC,Cereals,Bajra(Pearl Millet/Cumbu),Other,Non-FAQ,"2,350.00","2,350.00","2,350.00",Rs./Quintal,2.20,Metric Tonnes,17-06-2026
Maharashtra,Ahilyanagar,Shevgaon APMC,Cereals,Bajra(Pearl Millet/Cumbu),Other,Non-FAQ,"2,500.00","2,500.00","2,500.00",Rs./Quintal,0.50,Metric Tonnes,17-04-2026
Maharashtra,Ahilyanagar,Shevgaon APMC,Cereals,Bajra(Pearl Millet/Cumbu),Other,Non-FAQ,"2,400.00","2,400.00","2,400.00",Rs./Quintal,5.30,Metric Tonnes,16-08-2026
Maharashtra,Ahilyanagar,Shevgaon APMC,Cereals,Bajra(Pearl Millet/Cumbu),Other,Non-FAQ,"2,300.00","2,400.00","2,400.00",Rs./Quintal,1.50,Metric Tonnes,16-06-2026
Maharashtra,Ahilyanagar,Shevgaon APMC,Cereals,Bajra(Pearl Millet/Cumbu),Other,Non-FAQ,"2,000.00","2,400.00","2,000.00",Rs./Quintal,0.70,Metric Tonnes,15-11-2025
Maharashtra,Ahilyanagar,Shevgaon APMC,Cereals,Bajra(Pearl Millet/Cumbu),Other,Non-FAQ,"2,300.00","2,500.00","2,500.00",Rs./Quintal,0.80,Metric Tonnes,15-07-2026
Maharashtra,Ahilyanagar,Shevgaon APMC,Cereals,Bajra(Pearl Millet/Cumbu),Other,Non-FAQ,"2,000.00","2,300.00","2,300.00",Rs./Quintal,1.50,Metric Tonnes,15-05-2026
Maharashtra,Ahilyanagar,Shevgaon APMC,Cereals,Bajra(Pearl Millet/Cumbu),Other,Non-FAQ,"2,400.00","2,400.00","2,400.00",Rs./Quintal,4.00,Metric Tonnes,15-04-2026
Maharashtra,Ahilyanagar,Shevgaon APMC,Cereals,Bajra(Pearl Millet/Cumbu),Other,Non-FAQ,"2,000.00","2,000.00","2,000.00",Rs./Quintal,2.10,Metric Tonnes,15-03-2026
Maharashtra,Ahilyanagar,Shevgaon APMC,Cereals,Bajra(Pearl Millet/Cumbu),Other,Non-FAQ,"1,900.00","1,900.00","1,900.00",Rs./Quintal,1.00,Metric Tonnes,14-11-2025
Maharashtra,Ahilyanagar,Shevgaon APMC,Cereals,Bajra(Pearl Millet/Cumbu),Other,Non-FAQ,"1,700.00","2,600.00","2,600.00",Rs./Quintal,3.50,Metric Tonnes,14-08-2026
Maharashtra,Ahilyanagar,Shevgaon APMC,Cereals,Bajra(Pearl Millet/Cumbu),Other,Non-FAQ,"2,200.00","2,400.00","2,400.00",Rs./Quintal,0.50,Metric Tonnes,14-07-2026
Maharashtra,Ahilyanagar,Shevgaon APMC,Cereals,Bajra(Pearl Millet/Cumbu),Other,Non-FAQ,"1,500.00","2,000.00","2,000.00",Rs./Quintal,1.20,Metric Tonnes,14-02-2026
Maharashtra,Ahilyanagar,Shevgaon APMC,Cereals,Bajra(Pearl Millet/Cumbu),Other,Non-FAQ,"2,600.00","2,600.00","2,600.00",Rs./Quintal,0.40,Metric Tonnes,13-07-2026
Maharashtra,Ahilyanagar,Shevgaon APMC,Cereals,Bajra(Pearl Millet/Cumbu),Other,Non-FAQ,"2,300.00","2,400.00","2,400.00",Rs./Quintal,0.40,Metric Tonnes,13-06-2026
Maharashtra,Ahilyanagar,Shevgaon APMC,Cereals,Bajra(Pearl Millet/Cumbu),Other,Non-FAQ,"2,400.00","2,500.00","2,500.00",Rs./Quintal,3.50,Metric Tonnes,13-05-2026
Maharashtra,Ahilyanagar,Shevgaon APMC,Cereals,Bajra(Pearl Millet/Cumbu),Other,Non-FAQ,"2,600.00","2,600.00","2,600.00",Rs./Quintal,4.00,Metric Tonnes,13-04-2026
Maharashtra,Ahilyanagar,Shevgaon APMC,Cereals,Bajra(Pearl Millet/Cumbu),Other,Non-FAQ,"1,500.00","2,000.00","2,000.00",Rs./Quintal,1.20,Metric Tonnes,13-02-2026
Maharashtra,Ahilyanagar,Shevgaon APMC,Cereals,Bajra(Pearl Millet/Cumbu),Other,Non-FAQ,"1,900.00","1,900.00","1,900.00",Rs./Quintal,1.00,Metric Tonnes,12-11-2025
Maharashtra,Ahilyanagar,Shevgaon APMC,Cereals,Bajra(Pearl Millet/Cumbu),Other,Non-FAQ,"2,400.00","2,700.00","2,700.00",Rs./Quintal,3.30,Metric Tonnes,12-08-2026
Maharashtra,Ahilyanagar,Shevgaon APMC,Cereals,Bajra(Pearl Millet/Cumbu),Other,Non-FAQ,"2,300.00","2,300.00","2,300.00",Rs./Quintal,0.60,Metric Tonnes,12-07-2026
Maharashtra,Ahilyanagar,Shevgaon APMC,Cereals,Bajra(Pearl Millet/Cumbu),Other,Non-FAQ,"2,300.00","2,400.00","2,400.00",Rs./Quintal,2.70,Metric Tonnes,12-06-2026
Maharashtra,Ahilyanagar,Shevgaon APMC,Cereals,Bajra(Pearl Millet/Cumbu),Other,Non-FAQ,"2,200.00","2,400.00","2,400.00",Rs./Quintal,7.50,Metric Tonnes,12-05-2026
Maharashtra,Ahilyanagar,Shevgaon APMC,Cereals,Bajra(Pearl Millet/Cumbu),Other,Non-FAQ,"1,500.00","2,000.00","1,500.00",Rs./Quintal,1.00,Metric Tonnes,12-04-2026
Maharashtra,Ahilyanagar,Shevgaon APMC,Cereals,Bajra(Pearl Millet/Cumbu),Other,Non-FAQ,"2,500.00","2,600.00","2,600.00",Rs./Quintal,1.70,Metric Tonnes,11-08-2026
Maharashtra,Ahilyanagar,Shevgaon APMC,Cereals,Bajra(Pearl Millet/Cumbu),Other,Non-FAQ,"2,300.00","2,300.00","2,300.00",Rs./Quintal,1.10,Metric Tonnes,11-07-2026
Maharashtra,Ahilyanagar,Shevgaon APMC,Cereals,Bajra(Pearl Millet/Cumbu),Other,Non-FAQ,"2,200.00","2,500.00","2,500.00",Rs./Quintal,2.50,Metric Tonnes,11-05-2026
Maharashtra,Ahilyanagar,Shevgaon APMC,Cereals,Bajra(Pearl Millet/Cumbu),Other,Non-FAQ,"2,200.00","2,600.00","2,600.00",Rs./Quintal,4.00,Metric Tonnes,10-11-2025
Maharashtra,Ahilyanagar,Shevgaon APMC,Cereals,Bajra(Pearl Millet/Cumbu),Other,Non-FAQ,"2,400.00","2,500.00","2,500.00",Rs./Quintal,0.30,Metric Tonnes,10-08-2026
Maharashtra,Ahilyanagar,Shevgaon APMC,Cereals,Bajra(Pearl Millet/Cumbu),Other,Non-FAQ,"2,300.00","2,400.00","2,400.00",Rs./Quintal,2.40,Metric Tonnes,10-07-2026
Maharashtra,Ahilyanagar,Shevgaon APMC,Cereals,Bajra(Pearl Millet/Cumbu),Other,Non-FAQ,"2,300.00","2,400.00","2,400.00",Rs./Quintal,3.50,Metric Tonnes,10-06-2026
Maharashtra,Ahilyanagar,Shevgaon APMC,Cereals,Bajra(Pearl Millet/Cumbu),Other,Non-FAQ,"2,200.00","2,500.00","2,500.00",Rs./Quintal,2.50,Metric Tonnes,10-05-2026
Maharashtra,Ahilyanagar,Shevgaon APMC,Cereals,Bajra(Pearl Millet/Cumbu),Other,Non-FAQ,"2,000.00","2,500.00","2,000.00",Rs./Quintal,0.80,Metric Tonnes,10-04-2026
Maharashtra,Ahilyanagar,Shevgaon APMC,Cereals,Bajra(Pearl Millet/Cumbu),Other,Non-FAQ,"2,500.00","2,600.00","2,600.00",Rs./Quintal,1.50,Metric Tonnes,09-08-2026
Maharashtra,Ahilyanagar,Shevgaon APMC,Cereals,Bajra(Pearl Millet/Cumbu),Other,Non-FAQ,"1,500.00","2,300.00","2,300.00",Rs./Quintal,4.00,Metric Tonnes,09-05-2026
Maharashtra,Ahilyanagar,Shevgaon APMC,Cereals,Bajra(Pearl Millet/Cumbu),Other,Non-FAQ,"2,200.00","2,500.00","2,500.00",Rs./Quintal,4.00,Metric Tonnes,08-11-2025
Maharashtra,Ahilyanagar,Shevgaon APMC,Cereals,Bajra(Pearl Millet/Cumbu),Other,Non-FAQ,"2,300.00","2,600.00","2,600.00",Rs./Quintal,0.80,Metric Tonnes,08-08-2026
Maharashtra,Ahilyanagar,Shevgaon APMC,Cereals,Bajra(Pearl Millet/Cumbu),Other,Non-FAQ,"2,350.00","2,350.00","2,350.00",Rs./Quintal,1.10,Metric Tonnes,08-07-2026
Maharashtra,Ahilyanagar,Shevgaon APMC,Cereals,Bajra(Pearl Millet/Cumbu),Other,Non-FAQ,"2,300.00","2,500.00","2,500.00",Rs./Quintal,5.50,Metric Tonnes,08-05-2026
Maharashtra,Ahilyanagar,Shevgaon APMC,Cereals,Bajra(Pearl Millet/Cumbu),Other,Non-FAQ,"2,400.00","2,500.00","2,400.00",Rs./Quintal,1.60,Metric Tonnes,08-04-2026
Maharashtra,Ahilyanagar,Shevgaon APMC,Cereals,Bajra(Pearl Millet/Cumbu),Other,Non-FAQ,"2,100.00","2,600.00","2,600.00",Rs./Quintal,1.70,Metric Tonnes,07-08-2026
Maharashtra,Ahilyanagar,Shevgaon APMC,Cereals,Bajra(Pearl Millet/Cumbu),Other,Non-FAQ,"2,300.00","2,350.00","2,350.00",Rs./Quintal,1.30,Metric Tonnes,07-07-2026
Maharashtra,Ahilyanagar,Shevgaon APMC,Cereals,Bajra(Pearl Millet/Cumbu),Other,Non-FAQ,"2,300.00","2,400.00","2,400.00",Rs./Quintal,1.50,Metric Tonnes,07-06-2026
Maharashtra,Ahilyanagar,Shevgaon APMC,Cereals,Bajra(Pearl Millet/Cumbu),Other,Non-FAQ,"2,200.00","2,200.00","2,200.00",Rs./Quintal,0.60,Metric Tonnes,07-04-2026
Maharashtra,Ahilyanagar,Shevgaon APMC,Cereals,Bajra(Pearl Millet/Cumbu),Other,Non-FAQ,"2,200.00","2,400.00","2,400.00",Rs./Quintal,1.10,Metric Tonnes,06-06-2026
Maharashtra,Ahilyanagar,Shevgaon APMC,Cereals,Bajra(Pearl Millet/Cumbu),Other,Non-FAQ,"2,300.00","2,400.00","2,300.00",Rs./Quintal,1.90,Metric Tonnes,06-05-2026
Maharashtra,Ahilyanagar,Shevgaon APMC,Cereals,Bajra(Pearl Millet/Cumbu),Other,Non-FAQ,"2,400.00","2,400.00","2,400.00",Rs./Quintal,0.40,Metric Tonnes,06-02-2026
Maharashtra,Ahilyanagar,Shevgaon APMC,Cereals,Bajra(Pearl Millet/Cumbu),Other,Non-FAQ,"2,300.00","2,400.00","2,400.00",Rs./Quintal,3.30,Metric Tonnes,05-08-2026
Maharashtra,Ahilyanagar,Shevgaon APMC,Cereals,Bajra(Pearl Millet/Cumbu),Other,Non-FAQ,"2,300.00","2,400.00","2,400.00",Rs./Quintal,1.20,Metric Tonnes,05-07-2026
Maharashtra,Ahilyanagar,Shevgaon APMC,Cereals,Bajra(Pearl Millet/Cumbu),Other,Non-FAQ,"2,300.00","2,300.00","2,300.00",Rs./Quintal,4.10,Metric Tonnes,05-06-2026
Maharashtra,Ahilyanagar,Shevgaon APMC,Cereals,Bajra(Pearl Millet/Cumbu),Other,Non-FAQ,"2,400.00","2,500.00","2,500.00",Rs./Quintal,1.70,Metric Tonnes,05-05-2026
Maharashtra,Ahilyanagar,Shevgaon APMC,Cereals,Bajra(Pearl Millet/Cumbu),Other,Non-FAQ,"2,100.00","2,100.00","2,100.00",Rs./Quintal,0.30,Metric Tonnes,05-04-2026
Maharashtra,Ahilyanagar,Shevgaon APMC,Cereals,Bajra(Pearl Millet/Cumbu),Other,Non-FAQ,"2,100.00","2,400.00","2,400.00",Rs./Quintal,3.10,Metric Tonnes,04-05-2026
Maharashtra,Ahilyanagar,Shevgaon APMC,Cereals,Bajra(Pearl Millet/Cumbu),Other,Non-FAQ,"2,300.00","2,400.00","2,400.00",Rs./Quintal,0.80,Metric Tonnes,04-04-2026
Maharashtra,Ahilyanagar,Shevgaon APMC,Cereals,Bajra(Pearl Millet/Cumbu),Other,Non-FAQ,"2,000.00","2,500.00","2,500.00",Rs./Quintal,1.00,Metric Tonnes,03-08-2026
Maharashtra,Ahilyanagar,Shevgaon APMC,Cereals,Bajra(Pearl Millet/Cumbu),Other,Non-FAQ,"2,100.00","2,400.00","2,400.00",Rs./Quintal,2.40,Metric Tonnes,03-07-2026
Maharashtra,Ahilyanagar,Shevgaon APMC,Cereals,Bajra(Pearl Millet/Cumbu),Other,Non-FAQ,"2,200.00","2,400.00","2,400.00",Rs./Quintal,4.50,Metric Tonnes,03-06-2026
Maharashtra,Ahilyanagar,Shevgaon APMC,Cereals,Bajra(Pearl Millet/Cumbu),Other,Non-FAQ,"2,400.00","2,500.00","2,500.00",Rs./Quintal,2.20,Metric Tonnes,03-05-2026
Maharashtra,Ahilyanagar,Shevgaon APMC,Cereals,Bajra(Pearl Millet/Cumbu),Other,Non-FAQ,"2,000.00","2,600.00","2,600.00",Rs./Quintal,1.00,Metric Tonnes,02-08-2026
Maharashtra,Ahilyanagar,Shevgaon APMC,Cereals,Bajra(Pearl Millet/Cumbu),Other,Non-FAQ,"1,500.00","2,300.00","2,300.00",Rs./Quintal,3.00,Metric Tonnes,02-05-2026
Maharashtra,Ahilyanagar,Shevgaon APMC,Cereals,Bajra(Pearl Millet/Cumbu),Other,Non-FAQ,"2,500.00","2,600.00","2,600.00",Rs./Quintal,3.80,Metric Tonnes,01-08-2026
Maharashtra,Ahilyanagar,Shevgaon APMC,Cereals,Bajra(Pearl Millet/Cumbu),Other,Non-FAQ,"2,250.00","2,400.00","2,400.00",Rs./Quintal,2.50,Metric Tonnes,01-07-2026
Maharashtra,Ahilyanagar,Shevgaon APMC,Cereals,Bajra(Pearl Millet/Cumbu),Other,Non-FAQ,"2,400.00","2,500.00","2,500.00",Rs./Quintal,2.50,Metric Tonnes,01-06-2026
Maharashtra,Ahilyanagar,Shevgaon(Bodhegaon) APMC,Cereals,Bajra(Pearl Millet/Cumbu),Other,Non-FAQ,"2,500.00","2,500.00","2,500.00",Rs./Quintal,0.50,Metric Tonnes,31-12-2025
Maharashtra,Ahilyanagar,Shevgaon(Bodhegaon) APMC,Cereals,Bajra(Pearl Millet/Cumbu),Other,Non-FAQ,"2,400.00","2,600.00","2,600.00",Rs./Quintal,2.10,Metric Tonnes,31-07-2026
Maharashtra,Ahilyanagar,Shevgaon(Bodhegaon) APMC,Cereals,Bajra(Pearl Millet/Cumbu),Other,Non-FAQ,"2,400.00","2,500.00","2,500.00",Rs./Quintal,0.80,Metric Tonnes,31-03-2026
Maharashtra,Ahilyanagar,Shevgaon(Bodhegaon) APMC,Cereals,Bajra(Pearl Millet/Cumbu),Other,Non-FAQ,"2,500.00","2,600.00","2,600.00",Rs./Quintal,0.90,Metric Tonnes,31-01-2026
Maharashtra,Ahilyanagar,Shevgaon(Bodhegaon) APMC,Cereals,Bajra(Pearl Millet/Cumbu),Other,Non-FAQ,"2,500.00","2,500.00","2,500.00",Rs./Quintal,1.20,Metric Tonnes,30-12-2025
Maharashtra,Ahilyanagar,Shevgaon(Bodhegaon) APMC,Cereals,Bajra(Pearl Millet/Cumbu),Other,Non-FAQ,"2,400.00","2,500.00","2,400.00",Rs./Quintal,1.10,Metric Tonnes,30-07-2026
Maharashtra,Ahilyanagar,Shevgaon(Bodhegaon) APMC,Cereals,Bajra(Pearl Millet/Cumbu),Other,Non-FAQ,"2,200.00","2,300.00","2,200.00",Rs./Quintal,2.20,Metric Tonnes,30-06-2026
Maharashtra,Ahilyanagar,Shevgaon(Bodhegaon) APMC,Cereals,Bajra(Pearl Millet/Cumbu),Other,Non-FAQ,"2,000.00","2,200.00","2,200.00",Rs./Quintal,1.10,Metric Tonnes,30-05-2026
Maharashtra,Ahilyanagar,Shevgaon(Bodhegaon) APMC,Cereals,Bajra(Pearl Millet/Cumbu),Other,Non-FAQ,"2,100.00","2,250.00","2,250.00",Rs./Quintal,0.90,Metric Tonnes,30-04-2026
Maharashtra,Ahilyanagar,Shevgaon(Bodhegaon) APMC,Cereals,Bajra(Pearl Millet/Cumbu),Other,Non-FAQ,"2,300.00","2,400.00","2,300.00",Rs./Quintal,1.00,Metric Tonnes,30-03-2026
Maharashtra,Ahilyanagar,Shevgaon(Bodhegaon) APMC,Cereals,Bajra(Pearl Millet/Cumbu),Other,Non-FAQ,"2,400.00","2,400.00","2,400.00",Rs./Quintal,0.30,Metric Tonnes,30-01-2026
Maharashtra,Ahilyanagar,Shevgaon(Bodhegaon) APMC,Cereals,Bajra(Pearl Millet/Cumbu),Other,Non-FAQ,"2,400.00","2,500.00","2,400.00",Rs./Quintal,1.00,Metric Tonnes,29-12-2025
Maharashtra,Ahilyanagar,Shevgaon(Bodhegaon) APMC,Cereals,Bajra(Pearl Millet/Cumbu),Other,Non-FAQ,"2,400.00","2,500.00","2,500.00",Rs./Quintal,0.70,Metric Tonnes,29-11-2025
Maharashtra,Ahilyanagar,Shevgaon(Bodhegaon) APMC,Cereals,Bajra(Pearl Millet/Cumbu),Other,Non-FAQ,"2,300.00","2,400.00","2,300.00",Rs./Quintal,1.50,Metric Tonnes,29-06-2026
Maharashtra,Ahilyanagar,Shevgaon(Bodhegaon) APMC,Cereals,Bajra(Pearl Millet/Cumbu),Other,Non-FAQ,"2,100.00","2,300.00","2,100.00",Rs./Quintal,4.80,Metric Tonnes,29-05-2026
Maharashtra,Ahilyanagar,Shevgaon(Bodhegaon) APMC,Cereals,Bajra(Pearl Millet/Cumbu),Other,Non-FAQ,"2,300.00","2,300.00","2,300.00",Rs./Quintal,0.60,Metric Tonnes,29-04-2026
Maharashtra,Ahilyanagar,Shevgaon(Bodhegaon) APMC,Cereals,Bajra(Pearl Millet/Cumbu),Other,Non-FAQ,"2,600.00","2,600.00","2,600.00",Rs./Quintal,0.30,Metric Tonnes,29-01-2026
Maharashtra,Ahilyanagar,Shevgaon(Bodhegaon) APMC,Cereals,Bajra(Pearl Millet/Cumbu),Other,Non-FAQ,"2,400.00","2,500.00","2,400.00",Rs./Quintal,0.70,Metric Tonnes,28-11-2025
Maharashtra,Ahilyanagar,Shevgaon(Bodhegaon) APMC,Cereals,Bajra(Pearl Millet/Cumbu),Other,Non-FAQ,"2,400.00","2,500.00","2,400.00",Rs./Quintal,1.00,Metric Tonnes,28-07-2026
Maharashtra,Ahilyanagar,Shevgaon(Bodhegaon) APMC,Cereals,Bajra(Pearl Millet/Cumbu),Other,Non-FAQ,"2,200.00","2,300.00","2,200.00",Rs./Quintal,2.40,Metric Tonnes,28-05-2026
Maharashtra,Ahilyanagar,Shevgaon(Bodhegaon) APMC,Cereals,Bajra(Pearl Millet/Cumbu),Other,Non-FAQ,"2,100.00","2,300.00","2,300.00",Rs./Quintal,1.00,Metric Tonnes,28-04-2026
Maharashtra,Ahilyanagar,Shevgaon(Bodhegaon) APMC,Cereals,Bajra(Pearl Millet/Cumbu),Other,Non-FAQ,"2,400.00","2,500.00","2,500.00",Rs./Quintal,0.60,Metric Tonnes,28-03-2026
Maharashtra,Ahilyanagar,Shevgaon(Bodhegaon) APMC,Cereals,Bajra(Pearl Millet/Cumbu),Other,Non-FAQ,"2,400.00","2,400.00","2,400.00",Rs./Quintal,0.60,Metric Tonnes,28-02-2026
Maharashtra,Ahilyanagar,Shevgaon(Bodhegaon) APMC,Cereals,Bajra(Pearl Millet/Cumbu),Other,Non-FAQ,"2,500.00","2,500.00","2,500.00",Rs./Quintal,0.20,Metric Tonnes,27-12-2025
Maharashtra,Ahilyanagar,Shevgaon(Bodhegaon) APMC,Cereals,Bajra(Pearl Millet/Cumbu),Other,Non-FAQ,"2,400.00","2,500.00","2,400.00",Rs./Quintal,1.00,Metric Tonnes,27-11-2025
Maharashtra,Ahilyanagar,Shevgaon(Bodhegaon) APMC,Cereals,Bajra(Pearl Millet/Cumbu),Other,Non-FAQ,"2,300.00","2,500.00","2,500.00",Rs./Quintal,1.50,Metric Tonnes,27-07-2026
Maharashtra,Ahilyanagar,Shevgaon(Bodhegaon) APMC,Cereals,Bajra(Pearl Millet/Cumbu),Other,Non-FAQ,"2,200.00","2,300.00","2,300.00",Rs./Quintal,0.90,Metric Tonnes,27-06-2026
Maharashtra,Ahilyanagar,Shevgaon(Bodhegaon) APMC,Cereals,Bajra(Pearl Millet/Cumbu),Other,Non-FAQ,"2,200.00","2,300.00","2,200.00",Rs./Quintal,1.50,Metric Tonnes,27-05-2026
Maharashtra,Ahilyanagar,Shevgaon(Bodhegaon) APMC,Cereals,Bajra(Pearl Millet/Cumbu),Other,Non-FAQ,"2,200.00","2,300.00","2,200.00",Rs./Quintal,1.60,Metric Tonnes,27-04-2026
Maharashtra,Ahilyanagar,Shevgaon(Bodhegaon) APMC,Cereals,Bajra(Pearl Millet/Cumbu),Other,Non-FAQ,"2,400.00","2,500.00","2,500.00",Rs./Quintal,1.20,Metric Tonnes,27-03-2026
Maharashtra,Ahilyanagar,Shevgaon(Bodhegaon) APMC,Cereals,Bajra(Pearl Millet/Cumbu),Other,Non-FAQ,"2,600.00","2,600.00","2,600.00",Rs./Quintal,0.40,Metric Tonnes,27-01-2026
Maharashtra,Ahilyanagar,Shevgaon(Bodhegaon) APMC,Cereals,Bajra(Pearl Millet/Cumbu),Other,Non-FAQ,"2,300.00","2,500.00","2,500.00",Rs./Quintal,0.70,Metric Tonnes,26-12-2025
Maharashtra,Ahilyanagar,Shevgaon(Bodhegaon) APMC,Cereals,Bajra(Pearl Millet/Cumbu),Other,Non-FAQ,"2,500.00","2,600.00","2,600.00",Rs./Quintal,0.70,Metric Tonnes,26-11-2025
Maharashtra,Ahilyanagar,Shevgaon(Bodhegaon) APMC,Cereals,Bajra(Pearl Millet/Cumbu),Other,Non-FAQ,"2,200.00","2,400.00","2,200.00",Rs./Quintal,1.00,Metric Tonnes,26-05-2026
Maharashtra,Ahilyanagar,Shevgaon(Bodhegaon) APMC,Cereals,Bajra(Pearl Millet/Cumbu),Other,Non-FAQ,"2,400.00","2,400.00","2,400.00",Rs./Quintal,0.50,Metric Tonnes,26-03-2026
Maharashtra,Ahilyanagar,Shevgaon(Bodhegaon) APMC,Cereals,Bajra(Pearl Millet/Cumbu),Other,Non-FAQ,"2,400.00","2,400.00","2,400.00",Rs./Quintal,0.30,Metric Tonnes,26-02-2026
Maharashtra,Ahilyanagar,Shevgaon(Bodhegaon) APMC,Cereals,Bajra(Pearl Millet/Cumbu),Other,Non-FAQ,"2,400.00","2,500.00","2,400.00",Rs./Quintal,0.70,Metric Tonnes,25-12-2025
Maharashtra,Ahilyanagar,Shevgaon(Bodhegaon) APMC,Cereals,Bajra(Pearl Millet/Cumbu),Other,Non-FAQ,"2,400.00","2,500.00","2,400.00",Rs./Quintal,1.20,Metric Tonnes,25-11-2025
Maharashtra,Ahilyanagar,Shevgaon(Bodhegaon) APMC,Cereals,Bajra(Pearl Millet/Cumbu),Other,Non-FAQ,"2,350.00","2,350.00","2,350.00",Rs./Quintal,0.50,Metric Tonnes,25-06-2026
Maharashtra,Ahilyanagar,Shevgaon(Bodhegaon) APMC,Cereals,Bajra(Pearl Millet/Cumbu),Other,Non-FAQ,"2,200.00","2,300.00","2,200.00",Rs./Quintal,7.00,Metric Tonnes,25-05-2026
Maharashtra,Ahilyanagar,Shevgaon(Bodhegaon) APMC,Cereals,Bajra(Pearl Millet/Cumbu),Other,Non-FAQ,"2,200.00","2,300.00","2,200.00",Rs./Quintal,1.90,Metric Tonnes,25-04-2026
Maharashtra,Ahilyanagar,Shevgaon(Bodhegaon) APMC,Cereals,Bajra(Pearl Millet/Cumbu),Other,Non-FAQ,"2,500.00","2,500.00","2,500.00",Rs./Quintal,0.50,Metric Tonnes,25-03-2026
Maharashtra,Ahilyanagar,Shevgaon(Bodhegaon) APMC,Cereals,Bajra(Pearl Millet/Cumbu),Other,Non-FAQ,"2,100.00","2,300.00","2,100.00",Rs./Quintal,1.20,Metric Tonnes,25-02-2026
Maharashtra,Ahilyanagar,Shevgaon(Bodhegaon) APMC,Cereals,Bajra(Pearl Millet/Cumbu),Other,Non-FAQ,"2,400.00","2,500.00","2,500.00",Rs./Quintal,1.10,Metric Tonnes,24-11-2025
Maharashtra,Ahilyanagar,Shevgaon(Bodhegaon) APMC,Cereals,Bajra(Pearl Millet/Cumbu),Other,Non-FAQ,"2,200.00","2,200.00","2,200.00",Rs./Quintal,0.40,Metric Tonnes,24-06-2026
Maharashtra,Ahilyanagar,Shevgaon(Bodhegaon) APMC,Cereals,Bajra(Pearl Millet/Cumbu),Other,Non-FAQ,"2,200.00","2,300.00","2,200.00",Rs./Quintal,1.30,Metric Tonnes,24-04-2026
Maharashtra,Ahilyanagar,Shevgaon(Bodhegaon) APMC,Cereals,Bajra(Pearl Millet/Cumbu),Other,Non-FAQ,"2,400.00","2,400.00","2,400.00",Rs./Quintal,0.30,Metric Tonnes,24-02-2026
Maharashtra,Ahilyanagar,Shevgaon(Bodhegaon) APMC,Cereals,Bajra(Pearl Millet/Cumbu),Other,Non-FAQ,"2,500.00","2,600.00","2,500.00",Rs./Quintal,1.00,Metric Tonnes,24-01-2026
Maharashtra,Ahilyanagar,Shevgaon(Bodhegaon) APMC,Cereals,Bajra(Pearl Millet/Cumbu),Other,Non-FAQ,"2,500.00","2,600.00","2,600.00",Rs./Quintal,1.10,Metric Tonnes,23-12-2025
Maharashtra,Ahilyanagar,Shevgaon(Bodhegaon) APMC,Cereals,Bajra(Pearl Millet/Cumbu),Other,Non-FAQ,"2,400.00","2,500.00","2,400.00",Rs./Quintal,0.60,Metric Tonnes,23-07-2026
Maharashtra,Ahilyanagar,Shevgaon(Bodhegaon) APMC,Cereals,Bajra(Pearl Millet/Cumbu),Other,Non-FAQ,"2,200.00","2,300.00","2,300.00",Rs./Quintal,1.90,Metric Tonnes,23-06-2026
Maharashtra,Ahilyanagar,Shevgaon(Bodhegaon) APMC,Cereals,Bajra(Pearl Millet/Cumbu),Other,Non-FAQ,"2,200.00","2,300.00","2,200.00",Rs./Quintal,2.90,Metric Tonnes,23-05-2026
Maharashtra,Ahilyanagar,Shevgaon(Bodhegaon) APMC,Cereals,Bajra(Pearl Millet/Cumbu),Other,Non-FAQ,"2,200.00","2,400.00","2,200.00",Rs./Quintal,2.00,Metric Tonnes,23-04-2026
Maharashtra,Ahilyanagar,Shevgaon(Bodhegaon) APMC,Cereals,Bajra(Pearl Millet/Cumbu),Other,Non-FAQ,"2,300.00","2,500.00","2,300.00",Rs./Quintal,0.90,Metric Tonnes,23-02-2026
Maharashtra,Ahilyanagar,Shevgaon(Bodhegaon) APMC,Cereals,Bajra(Pearl Millet/Cumbu),Other,Non-FAQ,"2,500.00","2,600.00","2,600.00",Rs./Quintal,0.60,Metric Tonnes,23-01-2026
Maharashtra,Ahilyanagar,Shevgaon(Bodhegaon) APMC,Cereals,Bajra(Pearl Millet/Cumbu),Other,Non-FAQ,"2,400.00","2,500.00","2,500.00",Rs./Quintal,1.00,Metric Tonnes,22-12-2025
Maharashtra,Ahilyanagar,Shevgaon(Bodhegaon) APMC,Cereals,Bajra(Pearl Millet/Cumbu),Other,Non-FAQ,"2,400.00","2,500.00","2,500.00",Rs./Quintal,1.30,Metric Tonnes,22-11-2025
Maharashtra,Ahilyanagar,Shevgaon(Bodhegaon) APMC,Cereals,Bajra(Pearl Millet/Cumbu),Other,Non-FAQ,"2,300.00","2,400.00","2,300.00",Rs./Quintal,0.90,Metric Tonnes,22-07-2026
Maharashtra,Ahilyanagar,Shevgaon(Bodhegaon) APMC,Cereals,Bajra(Pearl Millet/Cumbu),Other,Non-FAQ,"2,200.00","2,300.00","2,300.00",Rs./Quintal,2.20,Metric Tonnes,22-06-2026
Maharashtra,Ahilyanagar,Shevgaon(Bodhegaon) APMC,Cereals,Bajra(Pearl Millet/Cumbu),Other,Non-FAQ,"2,200.00","2,300.00","2,200.00",Rs./Quintal,3.70,Metric Tonnes,22-05-2026
Maharashtra,Ahilyanagar,Shevgaon(Bodhegaon) APMC,Cereals,Bajra(Pearl Millet/Cumbu),Other,Non-FAQ,"2,250.00","2,400.00","2,250.00",Rs./Quintal,0.70,Metric Tonnes,22-04-2026
Maharashtra,Ahilyanagar,Shevgaon(Bodhegaon) APMC,Cereals,Bajra(Pearl Millet/Cumbu),Other,Non-FAQ,"2,500.00","2,600.00","2,500.00",Rs./Quintal,0.90,Metric Tonnes,22-01-2026
Maharashtra,Ahilyanagar,Shevgaon(Bodhegaon) APMC,Cereals,Bajra(Pearl Millet/Cumbu),Other,Non-FAQ,"2,500.00","2,500.00","2,500.00",Rs./Quintal,0.30,Metric Tonnes,21-11-2025
Maharashtra,Ahilyanagar,Shevgaon(Bodhegaon) APMC,Cereals,Bajra(Pearl Millet/Cumbu),Other,Non-FAQ,"2,350.00","2,500.00","2,500.00",Rs./Quintal,0.70,Metric Tonnes,21-08-2026
Maharashtra,Ahilyanagar,Shevgaon(Bodhegaon) APMC,Cereals,Bajra(Pearl Millet/Cumbu),Other,Non-FAQ,"2,300.00","2,400.00","2,300.00",Rs./Quintal,0.60,Metric Tonnes,21-07-2026
Maharashtra,Ahilyanagar,Shevgaon(Bodhegaon) APMC,Cereals,Bajra(Pearl Millet/Cumbu),Other,Non-FAQ,"2,200.00","2,300.00","2,300.00",Rs./Quintal,1.00,Metric Tonnes,21-05-2026
Maharashtra,Ahilyanagar,Shevgaon(Bodhegaon) APMC,Cereals,Bajra(Pearl Millet/Cumbu),Other,Non-FAQ,"2,100.00","2,300.00","2,100.00",Rs./Quintal,2.10,Metric Tonnes,21-04-2026
Maharashtra,Ahilyanagar,Shevgaon(Bodhegaon) APMC,Cereals,Bajra(Pearl Millet/Cumbu),Other,Non-FAQ,"2,500.00","2,600.00","2,600.00",Rs./Quintal,0.90,Metric Tonnes,21-01-2026
Maharashtra,Ahilyanagar,Shevgaon(Bodhegaon) APMC,Cereals,Bajra(Pearl Millet/Cumbu),Other,Non-FAQ,"2,400.00","2,500.00","2,400.00",Rs./Quintal,1.20,Metric Tonnes,20-12-2025
Maharashtra,Ahilyanagar,Shevgaon(Bodhegaon) APMC,Cereals,Bajra(Pearl Millet/Cumbu),Other,Non-FAQ,"2,400.00","2,500.00","2,500.00",Rs./Quintal,1.30,Metric Tonnes,20-11-2025
Maharashtra,Ahilyanagar,Shevgaon(Bodhegaon) APMC,Cereals,Bajra(Pearl Millet/Cumbu),Other,Non-FAQ,"2,400.00","2,500.00","2,400.00",Rs./Quintal,1.90,Metric Tonnes,20-08-2026
Maharashtra,Ahilyanagar,Shevgaon(Bodhegaon) APMC,Cereals,Bajra(Pearl Millet/Cumbu),Other,Non-FAQ,"2,400.00","2,500.00","2,400.00",Rs./Quintal,0.90,Metric Tonnes,20-07-2026
Maharashtra,Ahilyanagar,Shevgaon(Bodhegaon) APMC,Cereals,Bajra(Pearl Millet/Cumbu),Other,Non-FAQ,"2,300.00","2,400.00","2,300.00",Rs./Quintal,0.90,Metric Tonnes,20-06-2026
Maharashtra,Ahilyanagar,Shevgaon(Bodhegaon) APMC,Cereals,Bajra(Pearl Millet/Cumbu),Other,Non-FAQ,"2,100.00","2,300.00","2,100.00",Rs./Quintal,1.50,Metric Tonnes,20-05-2026
Maharashtra,Ahilyanagar,Shevgaon(Bodhegaon) APMC,Cereals,Bajra(Pearl Millet/Cumbu),Other,Non-FAQ,"2,300.00","2,300.00","2,300.00",Rs./Quintal,0.30,Metric Tonnes,20-04-2026
Maharashtra,Ahilyanagar,Shevgaon(Bodhegaon) APMC,Cereals,Bajra(Pearl Millet/Cumbu),Other,Non-FAQ,"2,500.00","2,500.00","2,500.00",Rs./Quintal,0.30,Metric Tonnes,20-02-2026
Maharashtra,Ahilyanagar,Shevgaon(Bodhegaon) APMC,Cereals,Bajra(Pearl Millet/Cumbu),Other,Non-FAQ,"2,500.00","2,600.00","2,500.00",Rs./Quintal,0.50,Metric Tonnes,20-01-2026
Maharashtra,Ahilyanagar,Shevgaon(Bodhegaon) APMC,Cereals,Bajra(Pearl Millet/Cumbu),Other,Non-FAQ,"2,500.00","2,500.00","2,500.00",Rs./Quintal,0.70,Metric Tonnes,19-12-2025
Maharashtra,Ahilyanagar,Shevgaon(Bodhegaon) APMC,Cereals,Bajra(Pearl Millet/Cumbu),Other,Non-FAQ,"2,400.00","2,500.00","2,500.00",Rs./Quintal,0.70,Metric Tonnes,19-11-2025
Maharashtra,Ahilyanagar,Shevgaon(Bodhegaon) APMC,Cereals,Bajra(Pearl Millet/Cumbu),Other,Non-FAQ,"2,400.00","2,500.00","2,400.00",Rs./Quintal,2.40,Metric Tonnes,19-08-2026
Maharashtra,Ahilyanagar,Shevgaon(Bodhegaon) APMC,Cereals,Bajra(Pearl Millet/Cumbu),Other,Non-FAQ,"2,200.00","2,300.00","2,200.00",Rs./Quintal,0.90,Metric Tonnes,19-05-2026
Maharashtra,Ahilyanagar,Shevgaon(Bodhegaon) APMC,Cereals,Bajra(Pearl Millet/Cumbu),Other,Non-FAQ,"2,500.00","2,600.00","2,600.00",Rs./Quintal,0.70,Metric Tonnes,19-01-2026
Maharashtra,Ahilyanagar,Shevgaon(Bodhegaon) APMC,Cereals,Bajra(Pearl Millet/Cumbu),Other,Non-FAQ,"2,550.00","2,550.00","2,550.00",Rs./Quintal,0.60,Metric Tonnes,18-12-2025
Maharashtra,Ahilyanagar,Shevgaon(Bodhegaon) APMC,Cereals,Bajra(Pearl Millet/Cumbu),Other,Non-FAQ,"2,000.00","2,500.00","2,000.00",Rs./Quintal,2.40,Metric Tonnes,18-11-2025
Maharashtra,Ahilyanagar,Shevgaon(Bodhegaon) APMC,Cereals,Bajra(Pearl Millet/Cumbu),Other,Non-FAQ,"2,400.00","2,500.00","2,400.00",Rs./Quintal,1.90,Metric Tonnes,18-08-2026
Maharashtra,Ahilyanagar,Shevgaon(Bodhegaon) APMC,Cereals,Bajra(Pearl Millet/Cumbu),Other,Non-FAQ,"2,200.00","2,300.00","2,300.00",Rs./Quintal,1.50,Metric Tonnes,18-06-2026
Maharashtra,Ahilyanagar,Shevgaon(Bodhegaon) APMC,Cereals,Bajra(Pearl Millet/Cumbu),Other,Non-FAQ,"2,150.00","2,250.00","2,150.00",Rs./Quintal,2.70,Metric Tonnes,18-05-2026
Maharashtra,Ahilyanagar,Shevgaon(Bodhegaon) APMC,Cereals,Bajra(Pearl Millet/Cumbu),Other,Non-FAQ,"2,300.00","2,400.00","2,400.00",Rs./Quintal,1.60,Metric Tonnes,18-04-2026
Maharashtra,Ahilyanagar,Shevgaon(Bodhegaon) APMC,Cereals,Bajra(Pearl Millet/Cumbu),Other,Non-FAQ,"2,600.00","2,600.00","2,600.00",Rs./Quintal,0.40,Metric Tonnes,17-12-2025
Maharashtra,Ahilyanagar,Shevgaon(Bodhegaon) APMC,Cereals,Bajra(Pearl Millet/Cumbu),Other,Non-FAQ,"2,400.00","2,500.00","2,400.00",Rs./Quintal,1.00,Metric Tonnes,17-11-2025
Maharashtra,Ahilyanagar,Shevgaon(Bodhegaon) APMC,Cereals,Bajra(Pearl Millet/Cumbu),Other,Non-FAQ,"2,400.00","2,500.00","2,500.00",Rs./Quintal,1.60,Metric Tonnes,17-08-2026
Maharashtra,Ahilyanagar,Shevgaon(Bodhegaon) APMC,Cereals,Bajra(Pearl Millet/Cumbu),Other,Non-FAQ,"2,400.00","2,500.00","2,400.00",Rs./Quintal,0.70,Metric Tonnes,17-07-2026
Maharashtra,Ahilyanagar,Shevgaon(Bodhegaon) APMC,Cereals,Bajra(Pearl Millet/Cumbu),Other,Non-FAQ,"2,200.00","2,300.00","2,300.00",Rs./Quintal,2.30,Metric Tonnes,17-06-2026
Maharashtra,Ahilyanagar,Shevgaon(Bodhegaon) APMC,Cereals,Bajra(Pearl Millet/Cumbu),Other,Non-FAQ,"2,300.00","2,400.00","2,300.00",Rs./Quintal,1.80,Metric Tonnes,17-04-2026
Maharashtra,Ahilyanagar,Shevgaon(Bodhegaon) APMC,Cereals,Bajra(Pearl Millet/Cumbu),Other,Non-FAQ,"2,600.00","2,700.00","2,600.00",Rs./Quintal,0.50,Metric Tonnes,17-01-2026
Maharashtra,Ahilyanagar,Shevgaon(Bodhegaon) APMC,Cereals,Bajra(Pearl Millet/Cumbu),Other,Non-FAQ,"2,400.00","2,500.00","2,500.00",Rs./Quintal,1.40,Metric Tonnes,16-12-2025
Maharashtra,Ahilyanagar,Shevgaon(Bodhegaon) APMC,Cereals,Bajra(Pearl Millet/Cumbu),Other,Non-FAQ,"2,300.00","2,450.00","2,300.00",Rs./Quintal,0.50,Metric Tonnes,16-07-2026
Maharashtra,Ahilyanagar,Shevgaon(Bodhegaon) APMC,Cereals,Bajra(Pearl Millet/Cumbu),Other,Non-FAQ,"2,300.00","2,400.00","2,300.00",Rs./Quintal,1.10,Metric Tonnes,16-06-2026
Maharashtra,Ahilyanagar,Shevgaon(Bodhegaon) APMC,Cereals,Bajra(Pearl Millet/Cumbu),Other,Non-FAQ,"2,300.00","2,400.00","2,300.00",Rs./Quintal,1.80,Metric Tonnes,16-05-2026
Maharashtra,Ahilyanagar,Shevgaon(Bodhegaon) APMC,Cereals,Bajra(Pearl Millet/Cumbu),Other,Non-FAQ,"2,200.00","2,200.00","2,200.00",Rs./Quintal,0.50,Metric Tonnes,16-04-2026
Maharashtra,Ahilyanagar,Shevgaon(Bodhegaon) APMC,Cereals,Bajra(Pearl Millet/Cumbu),Other,Non-FAQ,"2,500.00","2,700.00","2,700.00",Rs./Quintal,0.50,Metric Tonnes,16-03-2026
Maharashtra,Ahilyanagar,Shevgaon(Bodhegaon) APMC,Cereals,Bajra(Pearl Millet/Cumbu),Other,Non-FAQ,"2,500.00","2,600.00","2,500.00",Rs./Quintal,2.80,Metric Tonnes,16-01-2026
Maharashtra,Ahilyanagar,Shevgaon(Bodhegaon) APMC,Cereals,Bajra(Pearl Millet/Cumbu),Other,Non-FAQ,"2,400.00","2,500.00","2,400.00",Rs./Quintal,0.50,Metric Tonnes,15-12-2025
Maharashtra,Ahilyanagar,Shevgaon(Bodhegaon) APMC,Cereals,Bajra(Pearl Millet/Cumbu),Other,Non-FAQ,"2,400.00","2,500.00","2,400.00",Rs./Quintal,1.00,Metric Tonnes,15-11-2025
Maharashtra,Ahilyanagar,Shevgaon(Bodhegaon) APMC,Cereals,Bajra(Pearl Millet/Cumbu),Other,Non-FAQ,"2,450.00","2,450.00","2,450.00",Rs./Quintal,0.20,Metric Tonnes,15-07-2026
Maharashtra,Ahilyanagar,Shevgaon(Bodhegaon) APMC,Cereals,Bajra(Pearl Millet/Cumbu),Other,Non-FAQ,"2,200.00","2,300.00","2,300.00",Rs./Quintal,1.50,Metric Tonnes,15-06-2026
Maharashtra,Ahilyanagar,Shevgaon(Bodhegaon) APMC,Cereals,Bajra(Pearl Millet/Cumbu),Other,Non-FAQ,"2,200.00","2,350.00","2,200.00",Rs./Quintal,2.20,Metric Tonnes,15-05-2026
Maharashtra,Ahilyanagar,Shevgaon(Bodhegaon) APMC,Cereals,Bajra(Pearl Millet/Cumbu),Other,Non-FAQ,"2,300.00","2,400.00","2,300.00",Rs./Quintal,2.60,Metric Tonnes,15-04-2026
Maharashtra,Ahilyanagar,Shevgaon(Bodhegaon) APMC,Cereals,Bajra(Pearl Millet/Cumbu),Other,Non-FAQ,"2,500.00","2,500.00","2,500.00",Rs./Quintal,0.30,Metric Tonnes,14-11-2025
Maharashtra,Ahilyanagar,Shevgaon(Bodhegaon) APMC,Cereals,Bajra(Pearl Millet/Cumbu),Other,Non-FAQ,"2,400.00","2,500.00","2,500.00",Rs./Quintal,2.40,Metric Tonnes,14-08-2026
Maharashtra,Ahilyanagar,Shevgaon(Bodhegaon) APMC,Cereals,Bajra(Pearl Millet/Cumbu),Other,Non-FAQ,"2,000.00","2,400.00","2,400.00",Rs./Quintal,1.20,Metric Tonnes,14-07-2026
Maharashtra,Ahilyanagar,Shevgaon(Bodhegaon) APMC,Cereals,Bajra(Pearl Millet/Cumbu),Other,Non-FAQ,"2,100.00","2,300.00","2,100.00",Rs./Quintal,2.80,Metric Tonnes,14-05-2026
Maharashtra,Ahilyanagar,Shevgaon(Bodhegaon) APMC,Cereals,Bajra(Pearl Millet/Cumbu),Other,Non-FAQ,"2,400.00","2,500.00","2,400.00",Rs./Quintal,1.40,Metric Tonnes,13-12-2025
Maharashtra,Ahilyanagar,Shevgaon(Bodhegaon) APMC,Cereals,Bajra(Pearl Millet/Cumbu),Other,Non-FAQ,"2,400.00","2,500.00","2,500.00",Rs./Quintal,1.00,Metric Tonnes,13-11-2025
Maharashtra,Ahilyanagar,Shevgaon(Bodhegaon) APMC,Cereals,Bajra(Pearl Millet/Cumbu),Other,Non-FAQ,"2,400.00","2,500.00","2,400.00",Rs./Quintal,1.90,Metric Tonnes,13-08-2026
Maharashtra,Ahilyanagar,Shevgaon(Bodhegaon) APMC,Cereals,Bajra(Pearl Millet/Cumbu),Other,Non-FAQ,"2,300.00","2,400.00","2,400.00",Rs./Quintal,0.50,Metric Tonnes,13-07-2026
Maharashtra,Ahilyanagar,Shevgaon(Bodhegaon) APMC,Cereals,Bajra(Pearl Millet/Cumbu),Other,Non-FAQ,"2,300.00","2,400.00","2,300.00",Rs./Quintal,0.70,Metric Tonnes,13-06-2026
Maharashtra,Ahilyanagar,Shevgaon(Bodhegaon) APMC,Cereals,Bajra(Pearl Millet/Cumbu),Other,Non-FAQ,"2,200.00","2,300.00","2,200.00",Rs./Quintal,1.80,Metric Tonnes,13-05-2026
Maharashtra,Ahilyanagar,Shevgaon(Bodhegaon) APMC,Cereals,Bajra(Pearl Millet/Cumbu),Other,Non-FAQ,"2,200.00","2,500.00","2,200.00",Rs./Quintal,0.70,Metric Tonnes,13-04-2026
Maharashtra,Ahilyanagar,Shevgaon(Bodhegaon) APMC,Cereals,Bajra(Pearl Millet/Cumbu),Other,Non-FAQ,"2,500.00","2,500.00","2,500.00",Rs./Quintal,0.20,Metric Tonnes,13-02-2026
Maharashtra,Ahilyanagar,Shevgaon(Bodhegaon) APMC,Cereals,Bajra(Pearl Millet/Cumbu),Other,Non-FAQ,"2,500.00","2,500.00","2,500.00",Rs./Quintal,0.20,Metric Tonnes,12-12-2025
Maharashtra,Ahilyanagar,Shevgaon(Bodhegaon) APMC,Cereals,Bajra(Pearl Millet/Cumbu),Other,Non-FAQ,"2,400.00","2,500.00","2,400.00",Rs./Quintal,0.80,Metric Tonnes,12-11-2025
Maharashtra,Ahilyanagar,Shevgaon(Bodhegaon) APMC,Cereals,Bajra(Pearl Millet/Cumbu),Other,Non-FAQ,"2,200.00","2,300.00","2,200.00",Rs./Quintal,1.00,Metric Tonnes,12-06-2026
Maharashtra,Ahilyanagar,Shevgaon(Bodhegaon) APMC,Cereals,Bajra(Pearl Millet/Cumbu),Other,Non-FAQ,"2,200.00","2,400.00","2,200.00",Rs./Quintal,2.20,Metric Tonnes,12-05-2026
Maharashtra,Ahilyanagar,Shevgaon(Bodhegaon) APMC,Cereals,Bajra(Pearl Millet/Cumbu),Other,Non-FAQ,"2,400.00","2,500.00","2,500.00",Rs./Quintal,1.40,Metric Tonnes,11-12-2025
Maharashtra,Ahilyanagar,Shevgaon(Bodhegaon) APMC,Cereals,Bajra(Pearl Millet/Cumbu),Other,Non-FAQ,"2,400.00","2,500.00","2,500.00",Rs./Quintal,1.00,Metric Tonnes,11-11-2025
Maharashtra,Ahilyanagar,Shevgaon(Bodhegaon) APMC,Cereals,Bajra(Pearl Millet/Cumbu),Other,Non-FAQ,"2,400.00","2,500.00","2,500.00",Rs./Quintal,1.30,Metric Tonnes,11-08-2026
Maharashtra,Ahilyanagar,Shevgaon(Bodhegaon) APMC,Cereals,Bajra(Pearl Millet/Cumbu),Other,Non-FAQ,"2,350.00","2,350.00","2,350.00",Rs./Quintal,0.60,Metric Tonnes,11-06-2026
Maharashtra,Ahilyanagar,Shevgaon(Bodhegaon) APMC,Cereals,Bajra(Pearl Millet/Cumbu),Other,Non-FAQ,"2,100.00","2,300.00","2,100.00",Rs./Quintal,3.40,Metric Tonnes,11-05-2026
Maharashtra,Ahilyanagar,Shevgaon(Bodhegaon) APMC,Cereals,Bajra(Pearl Millet/Cumbu),Other,Non-FAQ,"2,300.00","2,400.00","2,400.00",Rs./Quintal,1.50,Metric Tonnes,11-04-2026
Maharashtra,Ahilyanagar,Shevgaon(Bodhegaon) APMC,Cereals,Bajra(Pearl Millet/Cumbu),Other,Non-FAQ,"2,400.00","2,400.00","2,400.00",Rs./Quintal,0.40,Metric Tonnes,11-03-2026
Maharashtra,Ahilyanagar,Shevgaon(Bodhegaon) APMC,Cereals,Bajra(Pearl Millet/Cumbu),Other,Non-FAQ,"2,400.00","2,500.00","2,400.00",Rs./Quintal,1.30,Metric Tonnes,10-12-2025
Maharashtra,Ahilyanagar,Shevgaon(Bodhegaon) APMC,Cereals,Bajra(Pearl Millet/Cumbu),Other,Non-FAQ,"2,400.00","2,500.00","2,400.00",Rs./Quintal,1.30,Metric Tonnes,10-11-2025
Maharashtra,Ahilyanagar,Shevgaon(Bodhegaon) APMC,Cereals,Bajra(Pearl Millet/Cumbu),Other,Non-FAQ,"2,500.00","2,500.00","2,500.00",Rs./Quintal,0.50,Metric Tonnes,10-08-2026
Maharashtra,Ahilyanagar,Shevgaon(Bodhegaon) APMC,Cereals,Bajra(Pearl Millet/Cumbu),Other,Non-FAQ,"2,300.00","2,400.00","2,400.00",Rs./Quintal,2.00,Metric Tonnes,10-07-2026
Maharashtra,Ahilyanagar,Shevgaon(Bodhegaon) APMC,Cereals,Bajra(Pearl Millet/Cumbu),Other,Non-FAQ,"2,200.00","2,300.00","2,300.00",Rs./Quintal,1.10,Metric Tonnes,10-06-2026
Maharashtra,Ahilyanagar,Shevgaon(Bodhegaon) APMC,Cereals,Bajra(Pearl Millet/Cumbu),Other,Non-FAQ,"2,500.00","2,500.00","2,500.00",Rs./Quintal,0.50,Metric Tonnes,10-04-2026
Maharashtra,Ahilyanagar,Shevgaon(Bodhegaon) APMC,Cereals,Bajra(Pearl Millet/Cumbu),Other,Non-FAQ,"2,700.00","2,700.00","2,700.00",Rs./Quintal,0.90,Metric Tonnes,10-01-2026
Maharashtra,Ahilyanagar,Shevgaon(Bodhegaon) APMC,Cereals,Bajra(Pearl Millet/Cumbu),Other,Non-FAQ,"2,500.00","2,500.00","2,500.00",Rs./Quintal,0.80,Metric Tonnes,09-12-2025
Maharashtra,Ahilyanagar,Shevgaon(Bodhegaon) APMC,Cereals,Bajra(Pearl Millet/Cumbu),Other,Non-FAQ,"2,300.00","2,400.00","2,400.00",Rs./Quintal,1.40,Metric Tonnes,09-07-2026
Maharashtra,Ahilyanagar,Shevgaon(Bodhegaon) APMC,Cereals,Bajra(Pearl Millet/Cumbu),Other,Non-FAQ,"2,200.00","2,200.00","2,200.00",Rs./Quintal,0.50,Metric Tonnes,09-06-2026
Maharashtra,Ahilyanagar,Shevgaon(Bodhegaon) APMC,Cereals,Bajra(Pearl Millet/Cumbu),Other,Non-FAQ,"2,200.00","2,300.00","2,200.00",Rs./Quintal,2.60,Metric Tonnes,09-05-2026
Maharashtra,Ahilyanagar,Shevgaon(Bodhegaon) APMC,Cereals,Bajra(Pearl Millet/Cumbu),Other,Non-FAQ,"2,200.00","2,400.00","2,400.00",Rs./Quintal,2.50,Metric Tonnes,09-04-2026
Maharashtra,Ahilyanagar,Shevgaon(Bodhegaon) APMC,Cereals,Bajra(Pearl Millet/Cumbu),Other,Non-FAQ,"2,600.00","2,600.00","2,600.00",Rs./Quintal,1.00,Metric Tonnes,09-01-2026
Maharashtra,Ahilyanagar,Shevgaon(Bodhegaon) APMC,Cereals,Bajra(Pearl Millet/Cumbu),Other,Non-FAQ,"2,400.00","2,400.00","2,400.00",Rs./Quintal,0.60,Metric Tonnes,08-11-2025
Maharashtra,Ahilyanagar,Shevgaon(Bodhegaon) APMC,Cereals,Bajra(Pearl Millet/Cumbu),Other,Non-FAQ,"2,400.00","2,600.00","2,400.00",Rs./Quintal,0.50,Metric Tonnes,08-08-2026
Maharashtra,Ahilyanagar,Shevgaon(Bodhegaon) APMC,Cereals,Bajra(Pearl Millet/Cumbu),Other,Non-FAQ,"2,300.00","2,300.00","2,300.00",Rs./Quintal,0.50,Metric Tonnes,08-07-2026
Maharashtra,Ahilyanagar,Shevgaon(Bodhegaon) APMC,Cereals,Bajra(Pearl Millet/Cumbu),Other,Non-FAQ,"2,200.00","2,300.00","2,200.00",Rs./Quintal,1.50,Metric Tonnes,08-06-2026
Maharashtra,Ahilyanagar,Shevgaon(Bodhegaon) APMC,Cereals,Bajra(Pearl Millet/Cumbu),Other,Non-FAQ,"2,000.00","2,300.00","2,300.00",Rs./Quintal,1.00,Metric Tonnes,08-05-2026
Maharashtra,Ahilyanagar,Shevgaon(Bodhegaon) APMC,Cereals,Bajra(Pearl Millet/Cumbu),Other,Non-FAQ,"2,600.00","2,600.00","2,600.00",Rs./Quintal,0.30,Metric Tonnes,08-01-2026
Maharashtra,Ahilyanagar,Shevgaon(Bodhegaon) APMC,Cereals,Bajra(Pearl Millet/Cumbu),Other,Non-FAQ,"2,400.00","2,600.00","2,400.00",Rs./Quintal,0.70,Metric Tonnes,07-11-2025
Maharashtra,Ahilyanagar,Shevgaon(Bodhegaon) APMC,Cereals,Bajra(Pearl Millet/Cumbu),Other,Non-FAQ,"2,000.00","2,500.00","2,500.00",Rs./Quintal,0.70,Metric Tonnes,07-07-2026
Maharashtra,Ahilyanagar,Shevgaon(Bodhegaon) APMC,Cereals,Bajra(Pearl Millet/Cumbu),Other,Non-FAQ,"2,000.00","2,200.00","2,200.00",Rs./Quintal,1.80,Metric Tonnes,07-05-2026
Maharashtra,Ahilyanagar,Shevgaon(Bodhegaon) APMC,Cereals,Bajra(Pearl Millet/Cumbu),Other,Non-FAQ,"2,400.00","2,500.00","2,400.00",Rs./Quintal,1.90,Metric Tonnes,07-04-2026
Maharashtra,Ahilyanagar,Shevgaon(Bodhegaon) APMC,Cereals,Bajra(Pearl Millet/Cumbu),Other,Non-FAQ,"2,500.00","2,500.00","2,500.00",Rs./Quintal,0.40,Metric Tonnes,06-12-2025
Maharashtra,Ahilyanagar,Shevgaon(Bodhegaon) APMC,Cereals,Bajra(Pearl Millet/Cumbu),Other,Non-FAQ,"2,300.00","2,500.00","2,300.00",Rs./Quintal,1.20,Metric Tonnes,06-08-2026
Maharashtra,Ahilyanagar,Shevgaon(Bodhegaon) APMC,Cereals,Bajra(Pearl Millet/Cumbu),Other,Non-FAQ,"2,400.00","2,400.00","2,400.00",Rs./Quintal,0.30,Metric Tonnes,06-07-2026
Maharashtra,Ahilyanagar,Shevgaon(Bodhegaon) APMC,Cereals,Bajra(Pearl Millet/Cumbu),Other,Non-FAQ,"2,400.00","2,400.00","2,400.00",Rs./Quintal,0.60,Metric Tonnes,06-06-2026
Maharashtra,Ahilyanagar,Shevgaon(Bodhegaon) APMC,Cereals,Bajra(Pearl Millet/Cumbu),Other,Non-FAQ,"2,200.00","2,200.00","2,200.00",Rs./Quintal,0.30,Metric Tonnes,06-05-2026
Maharashtra,Ahilyanagar,Shevgaon(Bodhegaon) APMC,Cereals,Bajra(Pearl Millet/Cumbu),Other,Non-FAQ,"2,400.00","2,400.00","2,400.00",Rs./Quintal,0.20,Metric Tonnes,06-01-2026
Maharashtra,Ahilyanagar,Shevgaon(Bodhegaon) APMC,Cereals,Bajra(Pearl Millet/Cumbu),Other,Non-FAQ,"2,500.00","2,600.00","2,500.00",Rs./Quintal,1.60,Metric Tonnes,05-12-2025
Maharashtra,Ahilyanagar,Shevgaon(Bodhegaon) APMC,Cereals,Bajra(Pearl Millet/Cumbu),Other,Non-FAQ,"2,400.00","2,500.00","2,400.00",Rs./Quintal,0.60,Metric Tonnes,05-08-2026
Maharashtra,Ahilyanagar,Shevgaon(Bodhegaon) APMC,Cereals,Bajra(Pearl Millet/Cumbu),Other,Non-FAQ,"2,200.00","2,300.00","2,300.00",Rs./Quintal,2.10,Metric Tonnes,05-06-2026
Maharashtra,Ahilyanagar,Shevgaon(Bodhegaon) APMC,Cereals,Bajra(Pearl Millet/Cumbu),Other,Non-FAQ,"2,100.00","2,200.00","2,200.00",Rs./Quintal,1.40,Metric Tonnes,05-05-2026
Maharashtra,Ahilyanagar,Shevgaon(Bodhegaon) APMC,Cereals,Bajra(Pearl Millet/Cumbu),Other,Non-FAQ,"2,400.00","2,500.00","2,500.00",Rs./Quintal,0.70,Metric Tonnes,05-01-2026
Maharashtra,Ahilyanagar,Shevgaon(Bodhegaon) APMC,Cereals,Bajra(Pearl Millet/Cumbu),Other,Non-FAQ,"2,400.00","2,500.00","2,400.00",Rs./Quintal,1.00,Metric Tonnes,04-12-2025
Maharashtra,Ahilyanagar,Shevgaon(Bodhegaon) APMC,Cereals,Bajra(Pearl Millet/Cumbu),Other,Non-FAQ,"2,500.00","2,600.00","2,500.00",Rs./Quintal,0.60,Metric Tonnes,04-08-2026
Maharashtra,Ahilyanagar,Shevgaon(Bodhegaon) APMC,Cereals,Bajra(Pearl Millet/Cumbu),Other,Non-FAQ,"2,300.00","2,400.00","2,400.00",Rs./Quintal,0.90,Metric Tonnes,04-07-2026
Maharashtra,Ahilyanagar,Shevgaon(Bodhegaon) APMC,Cereals,Bajra(Pearl Millet/Cumbu),Other,Non-FAQ,"2,200.00","2,300.00","2,200.00",Rs./Quintal,1.00,Metric Tonnes,04-06-2026
Maharashtra,Ahilyanagar,Shevgaon(Bodhegaon) APMC,Cereals,Bajra(Pearl Millet/Cumbu),Other,Non-FAQ,"2,200.00","2,300.00","2,200.00",Rs./Quintal,0.90,Metric Tonnes,04-05-2026
Maharashtra,Ahilyanagar,Shevgaon(Bodhegaon) APMC,Cereals,Bajra(Pearl Millet/Cumbu),Other,Non-FAQ,"2,500.00","2,600.00","2,500.00",Rs./Quintal,0.60,Metric Tonnes,04-04-2026
Maharashtra,Ahilyanagar,Shevgaon(Bodhegaon) APMC,Cereals,Bajra(Pearl Millet/Cumbu),Other,Non-FAQ,"2,400.00","2,400.00","2,400.00",Rs./Quintal,0.30,Metric Tonnes,04-02-2026
Maharashtra,Ahilyanagar,Shevgaon(Bodhegaon) APMC,Cereals,Bajra(Pearl Millet/Cumbu),Other,Non-FAQ,"2,400.00","2,500.00","2,400.00",Rs./Quintal,1.00,Metric Tonnes,03-12-2025
Maharashtra,Ahilyanagar,Shevgaon(Bodhegaon) APMC,Cereals,Bajra(Pearl Millet/Cumbu),Other,Non-FAQ,"2,300.00","2,500.00","2,500.00",Rs./Quintal,2.20,Metric Tonnes,03-08-2026
Maharashtra,Ahilyanagar,Shevgaon(Bodhegaon) APMC,Cereals,Bajra(Pearl Millet/Cumbu),Other,Non-FAQ,"2,300.00","2,400.00","2,300.00",Rs./Quintal,1.20,Metric Tonnes,03-07-2026
Maharashtra,Ahilyanagar,Shevgaon(Bodhegaon) APMC,Cereals,Bajra(Pearl Millet/Cumbu),Other,Non-FAQ,"2,200.00","2,400.00","2,200.00",Rs./Quintal,2.90,Metric Tonnes,03-06-2026
Maharashtra,Ahilyanagar,Shevgaon(Bodhegaon) APMC,Cereals,Bajra(Pearl Millet/Cumbu),Other,Non-FAQ,"2,400.00","2,400.00","2,400.00",Rs./Quintal,0.50,Metric Tonnes,03-04-2026
Maharashtra,Ahilyanagar,Shevgaon(Bodhegaon) APMC,Cereals,Bajra(Pearl Millet/Cumbu),Other,Non-FAQ,"2,500.00","2,500.00","2,500.00",Rs./Quintal,0.40,Metric Tonnes,03-01-2026
Maharashtra,Ahilyanagar,Shevgaon(Bodhegaon) APMC,Cereals,Bajra(Pearl Millet/Cumbu),Other,Non-FAQ,"2,400.00","2,500.00","2,400.00",Rs./Quintal,0.80,Metric Tonnes,02-12-2025
Maharashtra,Ahilyanagar,Shevgaon(Bodhegaon) APMC,Cereals,Bajra(Pearl Millet/Cumbu),Other,Non-FAQ,"2,200.00","2,300.00","2,200.00",Rs./Quintal,1.10,Metric Tonnes,02-07-2026
Maharashtra,Ahilyanagar,Shevgaon(Bodhegaon) APMC,Cereals,Bajra(Pearl Millet/Cumbu),Other,Non-FAQ,"2,300.00","2,400.00","2,300.00",Rs./Quintal,1.60,Metric Tonnes,02-06-2026
Maharashtra,Ahilyanagar,Shevgaon(Bodhegaon) APMC,Cereals,Bajra(Pearl Millet/Cumbu),Other,Non-FAQ,"2,100.00","2,100.00","2,100.00",Rs./Quintal,0.50,Metric Tonnes,02-05-2026
Maharashtra,Ahilyanagar,Shevgaon(Bodhegaon) APMC,Cereals,Bajra(Pearl Millet/Cumbu),Other,Non-FAQ,"2,400.00","2,400.00","2,400.00",Rs./Quintal,0.30,Metric Tonnes,02-03-2026
Maharashtra,Ahilyanagar,Shevgaon(Bodhegaon) APMC,Cereals,Bajra(Pearl Millet/Cumbu),Other,Non-FAQ,"2,500.00","2,500.00","2,500.00",Rs./Quintal,0.30,Metric Tonnes,02-01-2026
Maharashtra,Ahilyanagar,Shevgaon(Bodhegaon) APMC,Cereals,Bajra(Pearl Millet/Cumbu),Other,Non-FAQ,"2,500.00","2,600.00","2,500.00",Rs./Quintal,2.30,Metric Tonnes,01-12-2025
Maharashtra,Ahilyanagar,Shevgaon(Bodhegaon) APMC,Cereals,Bajra(Pearl Millet/Cumbu),Other,Non-FAQ,"2,300.00","2,500.00","2,500.00",Rs./Quintal,2.30,Metric Tonnes,01-08-2026
Maharashtra,Ahilyanagar,Shevgaon(Bodhegaon) APMC,Cereals,Bajra(Pearl Millet/Cumbu),Other,Non-FAQ,"2,300.00","2,400.00","2,300.00",Rs./Quintal,1.90,Metric Tonnes,01-07-2026
Maharashtra,Ahilyanagar,Shevgaon(Bodhegaon) APMC,Cereals,Bajra(Pearl Millet/Cumbu),Other,Non-FAQ,"2,300.00","2,400.00","2,400.00",Rs./Quintal,2.60,Metric Tonnes,01-06-2026
Maharashtra,Ahilyanagar,Shevgaon(Bodhegaon) APMC,Cereals,Bajra(Pearl Millet/Cumbu),Other,Non-FAQ,"2,500.00","2,500.00","2,500.00",Rs./Quintal,0.30,Metric Tonnes,01-01-2026
Maharashtra,Ahilyanagar,Shrigonda APMC,Cereals,Bajra(Pearl Millet/Cumbu),Other,FAQ,"2,800.00","2,900.00","2,850.00",Rs./Quintal,0.60,Metric Tonnes,23-04-2026
Maharashtra,Ahilyanagar,Shrigonda APMC,Cereals,Bajra(Pearl Millet/Cumbu),Other,Non-FAQ,"2,400.00","2,700.00","2,500.00",Rs./Quintal,0.80,Metric Tonnes,20-08-2026
Maharashtra,Ahilyanagar,Shrigonda APMC,Cereals,Bajra(Pearl Millet/Cumbu),Other,FAQ,"2,800.00","3,000.00","2,900.00",Rs./Quintal,1.80,Metric Tonnes,18-12-2025
Maharashtra,Ahilyanagar,Shrirampur APMC,Cereals,Bajra(Pearl Millet/Cumbu),Other,Non-FAQ,"1,700.00","1,750.00","1,725.00",Rs./Quintal,0.20,Metric Tonnes,29-06-2026
Maharashtra,Ahilyanagar,Shrirampur APMC,Cereals,Bajra(Pearl Millet/Cumbu),Other,Non-FAQ,"2,400.00","2,600.00","2,500.00",Rs./Quintal,0.50,Metric Tonnes,28-04-2026
Maharashtra,Ahilyanagar,Shrirampur APMC,Cereals,Bajra(Pearl Millet/Cumbu),Other,FAQ,"3,000.00","3,000.00","3,000.00",Rs./Quintal,0.10,Metric Tonnes,27-01-2026
Maharashtra,Ahilyanagar,Shrirampur APMC,Cereals,Bajra(Pearl Millet/Cumbu),Other,Non-FAQ,"2,300.00","2,450.00","2,425.00",Rs./Quintal,1.10,Metric Tonnes,25-05-2026
Maharashtra,Ahilyanagar,Shrirampur APMC,Cereals,Bajra(Pearl Millet/Cumbu),Other,Non-FAQ,"2,100.00","2,200.00","2,150.00",Rs./Quintal,0.40,Metric Tonnes,23-04-2026
Maharashtra,Ahilyanagar,Shrirampur APMC,Cereals,Bajra(Pearl Millet/Cumbu),Other,Non-FAQ,"2,100.00","2,200.00","2,150.00",Rs./Quintal,0.20,Metric Tonnes,22-12-2025
Maharashtra,Ahilyanagar,Shrirampur APMC,Cereals,Bajra(Pearl Millet/Cumbu),Other,Non-FAQ,"2,411.00","2,450.00","2,425.00",Rs./Quintal,0.90,Metric Tonnes,22-05-2026
Maharashtra,Ahilyanagar,Shrirampur APMC,Cereals,Bajra(Pearl Millet/Cumbu),Other,FAQ,"2,775.00","2,800.00","2,785.00",Rs./Quintal,0.20,Metric Tonnes,21-11-2025
Maharashtra,Ahilyanagar,Shrirampur APMC,Cereals,Bajra(Pearl Millet/Cumbu),Other,Non-FAQ,"2,000.00","2,700.00","2,500.00",Rs./Quintal,3.70,Metric Tonnes,20-04-2026
Maharashtra,Ahilyanagar,Shrirampur APMC,Cereals,Bajra(Pearl Millet/Cumbu),Other,Non-FAQ,"2,200.00","2,200.00","2,200.00",Rs./Quintal,0.10,Metric Tonnes,20-02-2026
Maharashtra,Ahilyanagar,Shrirampur APMC,Cereals,Bajra(Pearl Millet/Cumbu),Other,Non-FAQ,"2,300.00","2,500.00","2,400.00",Rs./Quintal,1.40,Metric Tonnes,19-08-2026
Maharashtra,Ahilyanagar,Shrirampur APMC,Cereals,Bajra(Pearl Millet/Cumbu),Other,Non-FAQ,"2,300.00","2,500.00","2,400.00",Rs./Quintal,1.40,Metric Tonnes,19-05-2026
Maharashtra,Ahilyanagar,Shrirampur APMC,Cereals,Bajra(Pearl Millet/Cumbu),Other,Non-FAQ,"2,300.00","2,400.00","2,350.00",Rs./Quintal,0.20,Metric Tonnes,18-06-2026
Maharashtra,Ahilyanagar,Shrirampur APMC,Cereals,Bajra(Pearl Millet/Cumbu),Other,Non-FAQ,"2,400.00","2,400.00","2,400.00",Rs./Quintal,0.20,Metric Tonnes,17-03-2026
Maharashtra,Ahilyanagar,Shrirampur APMC,Cereals,Bajra(Pearl Millet/Cumbu),Other,Non-FAQ,"2,300.00","2,400.00","2,350.00",Rs./Quintal,0.50,Metric Tonnes,15-12-2025
Maharashtra,Ahilyanagar,Shrirampur APMC,Cereals,Bajra(Pearl Millet/Cumbu),Other,Non-FAQ,"2,500.00","2,600.00","2,550.00",Rs./Quintal,2.70,Metric Tonnes,13-05-2026
Maharashtra,Ahilyanagar,Shrirampur APMC,Cereals,Bajra(Pearl Millet/Cumbu),Other,Non-FAQ,"2,700.00","2,700.00","2,700.00",Rs./Quintal,0.70,Metric Tonnes,09-02-2026
Maharashtra,Ahilyanagar,Shrirampur APMC,Cereals,Bajra(Pearl Millet/Cumbu),Other,Non-FAQ,"2,300.00","2,400.00","2,350.00",Rs./Quintal,0.90,Metric Tonnes,08-06-2026
Maharashtra,Ahilyanagar,Shrirampur APMC,Cereals,Bajra(Pearl Millet/Cumbu),Other,Non-FAQ,"2,250.00","2,550.00","2,400.00",Rs./Quintal,0.40,Metric Tonnes,08-05-2026
Maharashtra,Ahilyanagar,Shrirampur APMC,Cereals,Bajra(Pearl Millet/Cumbu),Other,Non-FAQ,"2,600.00","2,700.00","2,650.00",Rs./Quintal,0.60,Metric Tonnes,08-01-2026
Maharashtra,Ahilyanagar,Shrirampur APMC,Cereals,Bajra(Pearl Millet/Cumbu),Other,Non-FAQ,"2,200.00","2,200.00","2,200.00",Rs./Quintal,0.90,Metric Tonnes,07-11-2025
Maharashtra,Ahilyanagar,Shrirampur APMC,Cereals,Bajra(Pearl Millet/Cumbu),Other,Non-FAQ,"2,500.00","2,700.00","2,600.00",Rs./Quintal,1.80,Metric Tonnes,05-08-2026
Maharashtra,Ahilyanagar,Shrirampur APMC,Cereals,Bajra(Pearl Millet/Cumbu),Other,Non-FAQ,"2,300.00","2,500.00","2,400.00",Rs./Quintal,0.50,Metric Tonnes,04-12-2025
Maharashtra,Ahilyanagar,Shrirampur APMC,Cereals,Bajra(Pearl Millet/Cumbu),Other,Non-FAQ,"2,400.00","2,500.00","2,450.00",Rs./Quintal,2.10,Metric Tonnes,04-06-2026
Maharashtra,Ahilyanagar,Shrirampur APMC,Cereals,Bajra(Pearl Millet/Cumbu),Other,Non-FAQ,"2,400.00","2,400.00","2,400.00",Rs./Quintal,0.10,Metric Tonnes,04-02-2026
Maharashtra,Ahilyanagar,Shrirampur APMC,Cereals,Bajra(Pearl Millet/Cumbu),Other,Non-FAQ,"2,400.00","2,500.00","2,450.00",Rs./Quintal,1.10,Metric Tonnes,03-08-2026
Maharashtra,Ahilyanagar,Shrirampur APMC,Cereals,Bajra(Pearl Millet/Cumbu),Other,Non-FAQ,"2,300.00","2,400.00","2,350.00",Rs./Quintal,1.20,Metric Tonnes,03-06-2026
Maharashtra,Ahilyanagar,Shrirampur APMC,Cereals,Bajra(Pearl Millet/Cumbu),Other,Non-FAQ,"2,200.00","2,350.00","2,300.00",Rs./Quintal,0.40,Metric Tonnes,02-06-2026
Maharashtra,Ahilyanagar,Shrirampur APMC,Cereals,Bajra(Pearl Millet/Cumbu),Other,Non-FAQ,"2,000.00","2,100.00","2,050.00",Rs./Quintal,0.20,Metric Tonnes,01-07-2026
Maharashtra,Nashik,Devala APMC,Cereals,Bajra(Pearl Millet/Cumbu),Other,Non-FAQ,"2,185.00","2,290.00","2,290.00",Rs./Quintal,0.20,Metric Tonnes,30-07-2026
Maharashtra,Nashik,Devala APMC,Cereals,Bajra(Pearl Millet/Cumbu),Other,FAQ,"2,850.00","2,850.00","2,850.00",Rs./Quintal,0.10,Metric Tonnes,30-06-2026
Maharashtra,Nashik,Devala APMC,Cereals,Bajra(Pearl Millet/Cumbu),Other,Non-FAQ,"2,170.00","2,170.00","2,170.00",Rs./Quintal,0.20,Metric Tonnes,29-07-2026
Maharashtra,Nashik,Devala APMC,Cereals,Bajra(Pearl Millet/Cumbu),Other,FAQ,"3,005.00","3,005.00","3,005.00",Rs./Quintal,0.10,Metric Tonnes,29-06-2026
Maharashtra,Nashik,Devala APMC,Cereals,Bajra(Pearl Millet/Cumbu),Other,FAQ,"3,000.00","3,000.00","3,000.00",Rs./Quintal,0.20,Metric Tonnes,29-05-2026
Maharashtra,Nashik,Devala APMC,Cereals,Bajra(Pearl Millet/Cumbu),Other,Non-FAQ,"2,455.00","2,770.00","2,505.00",Rs./Quintal,0.30,Metric Tonnes,29-04-2026
Maharashtra,Nashik,Devala APMC,Cereals,Bajra(Pearl Millet/Cumbu),Other,Non-FAQ,"2,510.00","2,510.00","2,510.00",Rs./Quintal,0.10,Metric Tonnes,28-07-2026
Maharashtra,Nashik,Devala APMC,Cereals,Bajra(Pearl Millet/Cumbu),Other,FAQ,"2,905.00","2,905.00","2,905.00",Rs./Quintal,0.10,Metric Tonnes,28-04-2026
Maharashtra,Nashik,Devala APMC,Cereals,Bajra(Pearl Millet/Cumbu),Other,FAQ,"2,905.00","2,905.00","2,905.00",Rs./Quintal,0.10,Metric Tonnes,27-07-2026
Maharashtra,Nashik,Devala APMC,Cereals,Bajra(Pearl Millet/Cumbu),Other,FAQ,"3,100.00","3,100.00","3,100.00",Rs./Quintal,0.10,Metric Tonnes,27-05-2026
Maharashtra,Nashik,Devala APMC,Cereals,Bajra(Pearl Millet/Cumbu),Other,Non-FAQ,"2,475.00","2,475.00","2,475.00",Rs./Quintal,0.10,Metric Tonnes,27-04-2026
Maharashtra,Nashik,Devala APMC,Cereals,Bajra(Pearl Millet/Cumbu),Other,Non-FAQ,"2,670.00","2,670.00","2,670.00",Rs./Quintal,0.10,Metric Tonnes,27-03-2026
Maharashtra,Nashik,Devala APMC,Cereals,Bajra(Pearl Millet/Cumbu),Other,Non-FAQ,"2,595.00","2,605.00","2,605.00",Rs./Quintal,0.30,Metric Tonnes,27-02-2026
Maharashtra,Nashik,Devala APMC,Cereals,Bajra(Pearl Millet/Cumbu),Other,FAQ,"2,905.00","2,905.00","2,905.00",Rs./Quintal,0.10,Metric Tonnes,26-12-2025
Maharashtra,Nashik,Devala APMC,Cereals,Bajra(Pearl Millet/Cumbu),Other,FAQ,"3,040.00","3,040.00","3,040.00",Rs./Quintal,0.10,Metric Tonnes,26-05-2026
Maharashtra,Nashik,Devala APMC,Cereals,Bajra(Pearl Millet/Cumbu),Other,FAQ,"2,780.00","2,780.00","2,780.00",Rs./Quintal,0.10,Metric Tonnes,26-02-2026
Maharashtra,Nashik,Devala APMC,Cereals,Bajra(Pearl Millet/Cumbu),Other,Non-FAQ,"2,200.00","2,200.00","2,200.00",Rs./Quintal,0.50,Metric Tonnes,25-05-2026
Maharashtra,Nashik,Devala APMC,Cereals,Bajra(Pearl Millet/Cumbu),Other,Non-FAQ,"2,505.00","2,505.00","2,505.00",Rs./Quintal,0.10,Metric Tonnes,25-03-2026
Maharashtra,Nashik,Devala APMC,Cereals,Bajra(Pearl Millet/Cumbu),Other,Non-FAQ,"2,305.00","2,305.00","2,305.00",Rs./Quintal,0.10,Metric Tonnes,25-02-2026
Maharashtra,Nashik,Devala APMC,Cereals,Bajra(Pearl Millet/Cumbu),Other,Non-FAQ,"2,155.00","2,160.00","2,160.00",Rs./Quintal,0.10,Metric Tonnes,24-07-2026
Maharashtra,Nashik,Devala APMC,Cereals,Bajra(Pearl Millet/Cumbu),Other,FAQ,"2,800.00","2,800.00","2,800.00",Rs./Quintal,0.10,Metric Tonnes,24-06-2026
Maharashtra,Nashik,Devala APMC,Cereals,Bajra(Pearl Millet/Cumbu),Other,Non-FAQ,"1,600.00","2,000.00","2,000.00",Rs./Quintal,0.20,Metric Tonnes,24-03-2026
Maharashtra,Nashik,Devala APMC,Cereals,Bajra(Pearl Millet/Cumbu),Other,Non-FAQ,"2,305.00","2,765.00","2,580.00",Rs./Quintal,0.30,Metric Tonnes,24-02-2026
Maharashtra,Nashik,Devala APMC,Cereals,Bajra(Pearl Millet/Cumbu),Other,Non-FAQ,"2,605.00","2,610.00","2,610.00",Rs./Quintal,0.20,Metric Tonnes,23-06-2026
Maharashtra,Nashik,Devala APMC,Cereals,Bajra(Pearl Millet/Cumbu),Other,Non-FAQ,"2,600.00","2,600.00","2,600.00",Rs./Quintal,0.10,Metric Tonnes,23-04-2026
Maharashtra,Nashik,Devala APMC,Cereals,Bajra(Pearl Millet/Cumbu),Other,FAQ,"2,930.00","2,930.00","2,930.00",Rs./Quintal,0.10,Metric Tonnes,23-01-2026
Maharashtra,Nashik,Devala APMC,Cereals,Bajra(Pearl Millet/Cumbu),Other,FAQ,"2,805.00","3,230.00","3,000.00",Rs./Quintal,0.70,Metric Tonnes,22-12-2025
Maharashtra,Nashik,Devala APMC,Cereals,Bajra(Pearl Millet/Cumbu),Other,Non-FAQ,"2,305.00","2,430.00","2,430.00",Rs./Quintal,0.10,Metric Tonnes,22-05-2026
Maharashtra,Nashik,Devala APMC,Cereals,Bajra(Pearl Millet/Cumbu),Other,Non-FAQ,"2,250.00","2,600.00","2,300.00",Rs./Quintal,0.20,Metric Tonnes,21-08-2026
Maharashtra,Nashik,Devala APMC,Cereals,Bajra(Pearl Millet/Cumbu),Other,Non-FAQ,"2,635.00","2,635.00","2,635.00",Rs./Quintal,0.10,Metric Tonnes,21-07-2026
Maharashtra,Nashik,Devala APMC,Cereals,Bajra(Pearl Millet/Cumbu),Other,Non-FAQ,"2,165.00","2,225.00","2,195.00",Rs./Quintal,0.10,Metric Tonnes,20-08-2026
Maharashtra,Nashik,Devala APMC,Cereals,Bajra(Pearl Millet/Cumbu),Other,Non-FAQ,"2,140.00","2,400.00","2,175.00",Rs./Quintal,0.10,Metric Tonnes,20-07-2026
Maharashtra,Nashik,Devala APMC,Cereals,Bajra(Pearl Millet/Cumbu),Other,Non-FAQ,"2,300.00","2,300.00","2,300.00",Rs./Quintal,0.10,Metric Tonnes,20-05-2026
Maharashtra,Nashik,Devala APMC,Cereals,Bajra(Pearl Millet/Cumbu),Other,FAQ,"3,035.00","3,035.00","3,035.00",Rs./Quintal,0.20,Metric Tonnes,20-03-2026
Maharashtra,Nashik,Devala APMC,Cereals,Bajra(Pearl Millet/Cumbu),Other,Non-FAQ,"2,765.00","2,765.00","2,765.00",Rs./Quintal,0.10,Metric Tonnes,20-02-2026
Maharashtra,Nashik,Devala APMC,Cereals,Bajra(Pearl Millet/Cumbu),Other,FAQ,"2,985.00","2,985.00","2,985.00",Rs./Quintal,0.10,Metric Tonnes,19-12-2025
Maharashtra,Nashik,Devala APMC,Cereals,Bajra(Pearl Millet/Cumbu),Other,Non-FAQ,"2,305.00","2,305.00","2,305.00",Rs./Quintal,0.10,Metric Tonnes,19-08-2026
Maharashtra,Nashik,Devala APMC,Cereals,Bajra(Pearl Millet/Cumbu),Other,Non-FAQ,"2,105.00","2,700.00","2,700.00",Rs./Quintal,0.20,Metric Tonnes,19-06-2026
Maharashtra,Nashik,Devala APMC,Cereals,Bajra(Pearl Millet/Cumbu),Other,FAQ,"2,860.00","2,860.00","2,860.00",Rs./Quintal,0.10,Metric Tonnes,19-05-2026
Maharashtra,Nashik,Devala APMC,Cereals,Bajra(Pearl Millet/Cumbu),Other,FAQ,"2,805.00","2,950.00","2,950.00",Rs./Quintal,0.20,Metric Tonnes,18-12-2025
Maharashtra,Nashik,Devala APMC,Cereals,Bajra(Pearl Millet/Cumbu),Other,FAQ,"2,945.00","2,945.00","2,945.00",Rs./Quintal,0.60,Metric Tonnes,18-08-2026
Maharashtra,Nashik,Devala APMC,Cereals,Bajra(Pearl Millet/Cumbu),Other,FAQ,"2,900.00","3,000.00","3,000.00",Rs./Quintal,0.50,Metric Tonnes,18-06-2026
Maharashtra,Nashik,Devala APMC,Cereals,Bajra(Pearl Millet/Cumbu),Other,FAQ,"2,955.00","2,955.00","2,955.00",Rs./Quintal,0.20,Metric Tonnes,18-05-2026
Maharashtra,Nashik,Devala APMC,Cereals,Bajra(Pearl Millet/Cumbu),Other,Non-FAQ,"2,135.00","2,150.00","2,145.00",Rs./Quintal,0.10,Metric Tonnes,17-08-2026
Maharashtra,Nashik,Devala APMC,Cereals,Bajra(Pearl Millet/Cumbu),Other,FAQ,"2,960.00","2,960.00","2,960.00",Rs./Quintal,0.10,Metric Tonnes,17-07-2026
Maharashtra,Nashik,Devala APMC,Cereals,Bajra(Pearl Millet/Cumbu),Other,Non-FAQ,"1,930.00","2,470.00","2,470.00",Rs./Quintal,0.30,Metric Tonnes,17-06-2026
Maharashtra,Nashik,Devala APMC,Cereals,Bajra(Pearl Millet/Cumbu),Other,Non-FAQ,"2,545.00","2,545.00","2,545.00",Rs./Quintal,0.10,Metric Tonnes,17-04-2026
Maharashtra,Nashik,Devala APMC,Cereals,Bajra(Pearl Millet/Cumbu),Other,Non-FAQ,"2,185.00","2,195.00","2,195.00",Rs./Quintal,0.20,Metric Tonnes,16-07-2026
Maharashtra,Nashik,Devala APMC,Cereals,Bajra(Pearl Millet/Cumbu),Other,Non-FAQ,"1,950.00","1,950.00","1,950.00",Rs./Quintal,0.10,Metric Tonnes,16-06-2026
Maharashtra,Nashik,Devala APMC,Cereals,Bajra(Pearl Millet/Cumbu),Other,FAQ,"2,875.00","2,900.00","2,900.00",Rs./Quintal,0.40,Metric Tonnes,16-04-2026
Maharashtra,Nashik,Devala APMC,Cereals,Bajra(Pearl Millet/Cumbu),Other,Non-FAQ,"1,665.00","2,205.00","1,670.00",Rs./Quintal,0.30,Metric Tonnes,16-03-2026
Maharashtra,Nashik,Devala APMC,Cereals,Bajra(Pearl Millet/Cumbu),Other,FAQ,"2,805.00","2,950.00","2,950.00",Rs./Quintal,0.20,Metric Tonnes,16-02-2026
Maharashtra,Nashik,Devala APMC,Cereals,Bajra(Pearl Millet/Cumbu),Other,FAQ,"2,775.00","3,110.00","2,905.00",Rs./Quintal,0.70,Metric Tonnes,15-12-2025
Maharashtra,Nashik,Devala APMC,Cereals,Bajra(Pearl Millet/Cumbu),Other,Non-FAQ,"2,150.00","2,150.00","2,150.00",Rs./Quintal,0.10,Metric Tonnes,15-06-2026
Maharashtra,Nashik,Devala APMC,Cereals,Bajra(Pearl Millet/Cumbu),Other,FAQ,"2,800.00","2,800.00","2,800.00",Rs./Quintal,0.10,Metric Tonnes,15-05-2026
Maharashtra,Nashik,Devala APMC,Cereals,Bajra(Pearl Millet/Cumbu),Other,FAQ,"2,995.00","3,160.00","3,090.00",Rs./Quintal,0.30,Metric Tonnes,15-04-2026
Maharashtra,Nashik,Devala APMC,Cereals,Bajra(Pearl Millet/Cumbu),Other,Non-FAQ,"2,755.00","2,755.00","2,755.00",Rs./Quintal,0.10,Metric Tonnes,14-08-2026
Maharashtra,Nashik,Devala APMC,Cereals,Bajra(Pearl Millet/Cumbu),Other,FAQ,"2,840.00","2,840.00","2,840.00",Rs./Quintal,0.10,Metric Tonnes,14-07-2026
Maharashtra,Nashik,Devala APMC,Cereals,Bajra(Pearl Millet/Cumbu),Other,FAQ,"2,800.00","2,800.00","2,800.00",Rs./Quintal,0.10,Metric Tonnes,14-05-2026
Maharashtra,Nashik,Devala APMC,Cereals,Bajra(Pearl Millet/Cumbu),Other,Non-FAQ,"2,140.00","2,295.00","2,285.00",Rs./Quintal,0.20,Metric Tonnes,13-08-2026
Maharashtra,Nashik,Devala APMC,Cereals,Bajra(Pearl Millet/Cumbu),Other,FAQ,"2,905.00","2,905.00","2,905.00",Rs./Quintal,0.10,Metric Tonnes,13-07-2026
Maharashtra,Nashik,Devala APMC,Cereals,Bajra(Pearl Millet/Cumbu),Other,Non-FAQ,"2,500.00","2,565.00","2,565.00",Rs./Quintal,0.50,Metric Tonnes,13-05-2026
Maharashtra,Nashik,Devala APMC,Cereals,Bajra(Pearl Millet/Cumbu),Other,FAQ,"2,955.00","2,955.00","2,955.00",Rs./Quintal,0.20,Metric Tonnes,13-04-2026
Maharashtra,Nashik,Devala APMC,Cereals,Bajra(Pearl Millet/Cumbu),Other,Non-FAQ,"1,870.00","1,875.00","1,875.00",Rs./Quintal,0.10,Metric Tonnes,12-06-2026
Maharashtra,Nashik,Devala APMC,Cereals,Bajra(Pearl Millet/Cumbu),Other,Non-FAQ,"2,710.00","2,710.00","2,710.00",Rs./Quintal,0.10,Metric Tonnes,12-05-2026
Maharashtra,Nashik,Devala APMC,Cereals,Bajra(Pearl Millet/Cumbu),Other,FAQ,"2,890.00","2,890.00","2,890.00",Rs./Quintal,0.10,Metric Tonnes,12-03-2026
Maharashtra,Nashik,Devala APMC,Cereals,Bajra(Pearl Millet/Cumbu),Other,FAQ,"2,920.00","3,065.00","3,065.00",Rs./Quintal,0.20,Metric Tonnes,12-02-2026
Maharashtra,Nashik,Devala APMC,Cereals,Bajra(Pearl Millet/Cumbu),Other,FAQ,"3,000.00","3,000.00","3,000.00",Rs./Quintal,0.10,Metric Tonnes,11-12-2025
Maharashtra,Nashik,Devala APMC,Cereals,Bajra(Pearl Millet/Cumbu),Other,Non-FAQ,"2,145.00","2,465.00","2,195.00",Rs./Quintal,0.20,Metric Tonnes,11-08-2026
Maharashtra,Nashik,Devala APMC,Cereals,Bajra(Pearl Millet/Cumbu),Other,FAQ,"3,000.00","3,000.00","3,000.00",Rs./Quintal,0.10,Metric Tonnes,11-06-2026
Maharashtra,Nashik,Devala APMC,Cereals,Bajra(Pearl Millet/Cumbu),Other,FAQ,"3,000.00","3,000.00","3,000.00",Rs./Quintal,0.10,Metric Tonnes,11-05-2026
Maharashtra,Nashik,Devala APMC,Cereals,Bajra(Pearl Millet/Cumbu),Other,FAQ,"3,105.00","3,105.00","3,105.00",Rs./Quintal,0.20,Metric Tonnes,11-03-2026
Maharashtra,Nashik,Devala APMC,Cereals,Bajra(Pearl Millet/Cumbu),Other,Non-FAQ,"1,785.00","2,710.00","2,600.00",Rs./Quintal,1.00,Metric Tonnes,11-02-2026
Maharashtra,Nashik,Devala APMC,Cereals,Bajra(Pearl Millet/Cumbu),Other,FAQ,"2,800.00","3,065.00","3,065.00",Rs./Quintal,0.30,Metric Tonnes,10-11-2025
Maharashtra,Nashik,Devala APMC,Cereals,Bajra(Pearl Millet/Cumbu),Other,Non-FAQ,"2,335.00","2,500.00","2,490.00",Rs./Quintal,0.30,Metric Tonnes,10-08-2026
Maharashtra,Nashik,Devala APMC,Cereals,Bajra(Pearl Millet/Cumbu),Other,Non-FAQ,"2,100.00","2,600.00","2,600.00",Rs./Quintal,0.10,Metric Tonnes,10-07-2026
Maharashtra,Nashik,Devala APMC,Cereals,Bajra(Pearl Millet/Cumbu),Other,FAQ,"2,820.00","2,820.00","2,820.00",Rs./Quintal,0.20,Metric Tonnes,10-06-2026
Maharashtra,Nashik,Devala APMC,Cereals,Bajra(Pearl Millet/Cumbu),Other,FAQ,"2,775.00","3,100.00","3,100.00",Rs./Quintal,0.20,Metric Tonnes,10-04-2026
Maharashtra,Nashik,Devala APMC,Cereals,Bajra(Pearl Millet/Cumbu),Other,FAQ,"2,835.00","2,835.00","2,835.00",Rs./Quintal,0.10,Metric Tonnes,10-03-2026
Maharashtra,Nashik,Devala APMC,Cereals,Bajra(Pearl Millet/Cumbu),Other,Non-FAQ,"1,750.00","2,595.00","2,500.00",Rs./Quintal,1.00,Metric Tonnes,09-12-2025
Maharashtra,Nashik,Devala APMC,Cereals,Bajra(Pearl Millet/Cumbu),Other,FAQ,"3,015.00","3,015.00","3,015.00",Rs./Quintal,0.10,Metric Tonnes,09-07-2026
Maharashtra,Nashik,Devala APMC,Cereals,Bajra(Pearl Millet/Cumbu),Other,FAQ,"2,800.00","2,800.00","2,800.00",Rs./Quintal,0.20,Metric Tonnes,09-06-2026
Maharashtra,Nashik,Devala APMC,Cereals,Bajra(Pearl Millet/Cumbu),Other,Non-FAQ,"2,600.00","2,600.00","2,600.00",Rs./Quintal,0.10,Metric Tonnes,09-04-2026
Maharashtra,Nashik,Devala APMC,Cereals,Bajra(Pearl Millet/Cumbu),Other,FAQ,"3,015.00","3,015.00","3,015.00",Rs./Quintal,0.10,Metric Tonnes,09-03-2026
Maharashtra,Nashik,Devala APMC,Cereals,Bajra(Pearl Millet/Cumbu),Other,Non-FAQ,"2,400.00","2,400.00","2,400.00",Rs./Quintal,0.10,Metric Tonnes,08-07-2026
Maharashtra,Nashik,Devala APMC,Cereals,Bajra(Pearl Millet/Cumbu),Other,Non-FAQ,"1,800.00","2,490.00","2,045.00",Rs./Quintal,1.00,Metric Tonnes,08-06-2026
Maharashtra,Nashik,Devala APMC,Cereals,Bajra(Pearl Millet/Cumbu),Other,FAQ,"3,100.00","3,100.00","3,100.00",Rs./Quintal,0.20,Metric Tonnes,08-04-2026
Maharashtra,Nashik,Devala APMC,Cereals,Bajra(Pearl Millet/Cumbu),Other,FAQ,"2,800.00","3,005.00","3,005.00",Rs./Quintal,0.20,Metric Tonnes,07-11-2025
Maharashtra,Nashik,Devala APMC,Cereals,Bajra(Pearl Millet/Cumbu),Other,Non-FAQ,"2,150.00","2,590.00","2,165.00",Rs./Quintal,0.10,Metric Tonnes,07-08-2026
Maharashtra,Nashik,Devala APMC,Cereals,Bajra(Pearl Millet/Cumbu),Other,Non-FAQ,"1,625.00","2,725.00","2,700.00",Rs./Quintal,0.20,Metric Tonnes,07-05-2026
Maharashtra,Nashik,Devala APMC,Cereals,Bajra(Pearl Millet/Cumbu),Other,FAQ,"3,190.00","3,190.00","3,190.00",Rs./Quintal,0.10,Metric Tonnes,07-04-2026
Maharashtra,Nashik,Devala APMC,Cereals,Bajra(Pearl Millet/Cumbu),Other,FAQ,"2,905.00","2,905.00","2,905.00",Rs./Quintal,0.20,Metric Tonnes,06-08-2026
Maharashtra,Nashik,Devala APMC,Cereals,Bajra(Pearl Millet/Cumbu),Other,Non-FAQ,"2,255.00","2,555.00","2,555.00",Rs./Quintal,0.20,Metric Tonnes,06-05-2026
Maharashtra,Nashik,Devala APMC,Cereals,Bajra(Pearl Millet/Cumbu),Other,Non-FAQ,"1,800.00","2,200.00","2,100.00",Rs./Quintal,0.30,Metric Tonnes,06-02-2026
Maharashtra,Nashik,Devala APMC,Cereals,Bajra(Pearl Millet/Cumbu),Other,Non-FAQ,"2,150.00","2,170.00","2,155.00",Rs./Quintal,0.20,Metric Tonnes,05-08-2026
Maharashtra,Nashik,Devala APMC,Cereals,Bajra(Pearl Millet/Cumbu),Other,Non-FAQ,"2,025.00","2,525.00","2,525.00",Rs./Quintal,0.20,Metric Tonnes,05-06-2026
Maharashtra,Nashik,Devala APMC,Cereals,Bajra(Pearl Millet/Cumbu),Other,FAQ,"3,005.00","3,005.00","3,005.00",Rs./Quintal,0.20,Metric Tonnes,05-05-2026
Maharashtra,Nashik,Devala APMC,Cereals,Bajra(Pearl Millet/Cumbu),Other,FAQ,"3,100.00","3,200.00","3,200.00",Rs./Quintal,0.20,Metric Tonnes,05-02-2026
Maharashtra,Nashik,Devala APMC,Cereals,Bajra(Pearl Millet/Cumbu),Other,FAQ,"2,775.00","2,925.00","2,925.00",Rs./Quintal,0.40,Metric Tonnes,04-12-2025
Maharashtra,Nashik,Devala APMC,Cereals,Bajra(Pearl Millet/Cumbu),Other,Non-FAQ,"2,405.00","2,405.00","2,405.00",Rs./Quintal,0.10,Metric Tonnes,04-08-2026
Maharashtra,Nashik,Devala APMC,Cereals,Bajra(Pearl Millet/Cumbu),Other,Non-FAQ,"1,830.00","2,755.00","2,410.00",Rs./Quintal,0.20,Metric Tonnes,04-06-2026
Maharashtra,Nashik,Devala APMC,Cereals,Bajra(Pearl Millet/Cumbu),Other,FAQ,"2,895.00","2,900.00","2,900.00",Rs./Quintal,0.40,Metric Tonnes,04-05-2026
Maharashtra,Nashik,Devala APMC,Cereals,Bajra(Pearl Millet/Cumbu),Other,FAQ,"2,810.00","2,810.00","2,810.00",Rs./Quintal,0.20,Metric Tonnes,03-12-2025
Maharashtra,Nashik,Devala APMC,Cereals,Bajra(Pearl Millet/Cumbu),Other,FAQ,"2,895.00","2,895.00","2,895.00",Rs./Quintal,0.10,Metric Tonnes,03-08-2026
Maharashtra,Nashik,Devala APMC,Cereals,Bajra(Pearl Millet/Cumbu),Other,FAQ,"2,800.00","2,800.00","2,800.00",Rs./Quintal,0.20,Metric Tonnes,03-06-2026
Maharashtra,Nashik,Devala APMC,Cereals,Bajra(Pearl Millet/Cumbu),Other,Non-FAQ,"1,825.00","2,540.00","2,120.00",Rs./Quintal,0.30,Metric Tonnes,02-06-2026
Maharashtra,Nashik,Devala APMC,Cereals,Bajra(Pearl Millet/Cumbu),Other,FAQ,"2,995.00","3,095.00","3,095.00",Rs./Quintal,0.50,Metric Tonnes,02-02-2026
Maharashtra,Nashik,Devala APMC,Cereals,Bajra(Pearl Millet/Cumbu),Other,FAQ,"2,960.00","2,960.00","2,960.00",Rs./Quintal,0.20,Metric Tonnes,02-01-2026
Maharashtra,Nashik,Devala APMC,Cereals,Bajra(Pearl Millet/Cumbu),Other,FAQ,"2,800.00","3,035.00","2,800.00",Rs./Quintal,0.70,Metric Tonnes,01-12-2025
Maharashtra,Nashik,Devala APMC,Cereals,Bajra(Pearl Millet/Cumbu),Other,Non-FAQ,"2,115.00","2,470.00","2,470.00",Rs./Quintal,0.10,Metric Tonnes,01-07-2026
Maharashtra,Nashik,Devala APMC,Cereals,Bajra(Pearl Millet/Cumbu),Other,Non-FAQ,"1,675.00","2,415.00","1,835.00",Rs./Quintal,0.40,Metric Tonnes,01-06-2026
Maharashtra,Nashik,Kalvan APMC,Cereals,Bajra(Pearl Millet/Cumbu),Other,Non-FAQ,"1,900.00","1,900.00","1,900.00",Rs./Quintal,1.90,Metric Tonnes,30-12-2025
Maharashtra,Nashik,Kalvan APMC,Cereals,Bajra(Pearl Millet/Cumbu),Other,Non-FAQ,"1,800.00","2,601.00","2,441.00",Rs./Quintal,4.00,Metric Tonnes,28-05-2026
Maharashtra,Nashik,Kalvan APMC,Cereals,Bajra(Pearl Millet/Cumbu),Other,Non-FAQ,"2,656.00","2,656.00","2,656.00",Rs./Quintal,2.00,Metric Tonnes,11-05-2026
Maharashtra,Nashik,Kalvan APMC,Cereals,Bajra(Pearl Millet/Cumbu),Other,Non-FAQ,"2,450.00","2,450.00","2,450.00",Rs./Quintal,2.00,Metric Tonnes,09-06-2026
Maharashtra,Nashik,Kalvan APMC,Cereals,Bajra(Pearl Millet/Cumbu),Other,Non-FAQ,"1,700.00","2,752.00","2,261.00",Rs./Quintal,4.00,Metric Tonnes,07-05-2026
Maharashtra,Nashik,Lasalgaon APMC,Cereals,Bajra(Pearl Millet/Cumbu),Other,Non-FAQ,"1,741.00","1,741.00","1,741.00",Rs./Quintal,0.70,Metric Tonnes,31-12-2025
Maharashtra,Nashik,Lasalgaon APMC,Cereals,Bajra(Pearl Millet/Cumbu),Other,Non-FAQ,"1,651.00","1,800.00","1,726.00",Rs./Quintal,1.90,Metric Tonnes,29-12-2025
Maharashtra,Nashik,Lasalgaon APMC,Cereals,Bajra(Pearl Millet/Cumbu),Other,Non-FAQ,"2,052.00","2,746.00","2,430.00",Rs./Quintal,5.30,Metric Tonnes,29-05-2026
Maharashtra,Nashik,Lasalgaon APMC,Cereals,Bajra(Pearl Millet/Cumbu),Other,Non-FAQ,"1,700.00","1,751.00","1,725.00",Rs./Quintal,1.30,Metric Tonnes,29-01-2026
Maharashtra,Nashik,Lasalgaon APMC,Cereals,Bajra(Pearl Millet/Cumbu),Other,Non-FAQ,"1,600.00","2,700.00","1,951.00",Rs./Quintal,2.10,Metric Tonnes,28-04-2026
Maharashtra,Nashik,Lasalgaon APMC,Cereals,Bajra(Pearl Millet/Cumbu),Other,Non-FAQ,"1,600.00","2,685.00","1,701.00",Rs./Quintal,3.20,Metric Tonnes,27-11-2025
Maharashtra,Nashik,Lasalgaon APMC,Cereals,Bajra(Pearl Millet/Cumbu),Other,Non-FAQ,"1,780.00","2,201.00","1,800.00",Rs./Quintal,2.00,Metric Tonnes,27-05-2026
Maharashtra,Nashik,Lasalgaon APMC,Cereals,Bajra(Pearl Millet/Cumbu),Other,Non-FAQ,"1,700.00","1,771.00","1,721.00",Rs./Quintal,2.00,Metric Tonnes,26-12-2025
Maharashtra,Nashik,Lasalgaon APMC,Cereals,Bajra(Pearl Millet/Cumbu),Other,Non-FAQ,"1,650.00","2,666.00","2,309.00",Rs./Quintal,3.30,Metric Tonnes,26-05-2026
Maharashtra,Nashik,Lasalgaon APMC,Cereals,Bajra(Pearl Millet/Cumbu),Other,Non-FAQ,"1,651.00","2,581.00","2,300.00",Rs./Quintal,3.30,Metric Tonnes,25-05-2026
Maharashtra,Nashik,Lasalgaon APMC,Cereals,Bajra(Pearl Millet/Cumbu),Other,FAQ,"2,775.00","3,501.00","2,802.00",Rs./Quintal,1.20,Metric Tonnes,24-11-2025
Maharashtra,Nashik,Lasalgaon APMC,Cereals,Bajra(Pearl Millet/Cumbu),Other,Non-FAQ,"1,500.00","2,752.00","1,551.00",Rs./Quintal,2.80,Metric Tonnes,23-03-2026
Maharashtra,Nashik,Lasalgaon APMC,Cereals,Bajra(Pearl Millet/Cumbu),Other,Non-FAQ,"1,700.00","2,380.00","2,200.00",Rs./Quintal,5.10,Metric Tonnes,22-05-2026
Maharashtra,Nashik,Lasalgaon APMC,Cereals,Bajra(Pearl Millet/Cumbu),Other,Non-FAQ,"1,700.00","2,536.00","2,000.00",Rs./Quintal,2.20,Metric Tonnes,21-05-2026
Maharashtra,Nashik,Lasalgaon APMC,Cereals,Bajra(Pearl Millet/Cumbu),Other,Non-FAQ,"1,675.00","2,701.00","2,228.00",Rs./Quintal,8.20,Metric Tonnes,20-05-2026
Maharashtra,Nashik,Lasalgaon APMC,Cereals,Bajra(Pearl Millet/Cumbu),Other,Non-FAQ,"1,500.00","2,425.00","1,800.00",Rs./Quintal,3.00,Metric Tonnes,20-04-2026
Maharashtra,Nashik,Lasalgaon APMC,Cereals,Bajra(Pearl Millet/Cumbu),Other,Non-FAQ,"1,700.00","2,500.00","2,326.00",Rs./Quintal,2.30,Metric Tonnes,19-05-2026
Maharashtra,Nashik,Lasalgaon APMC,Cereals,Bajra(Pearl Millet/Cumbu),Other,Non-FAQ,"1,800.00","2,601.00","2,399.00",Rs./Quintal,2.20,Metric Tonnes,18-06-2026
Maharashtra,Nashik,Lasalgaon APMC,Cereals,Bajra(Pearl Millet/Cumbu),Other,Non-FAQ,"1,600.00","2,580.00","1,811.00",Rs./Quintal,7.60,Metric Tonnes,18-05-2026
Maharashtra,Nashik,Lasalgaon APMC,Cereals,Bajra(Pearl Millet/Cumbu),Other,Non-FAQ,"1,600.00","2,301.00","1,701.00",Rs./Quintal,3.00,Metric Tonnes,17-12-2025
Maharashtra,Nashik,Lasalgaon APMC,Cereals,Bajra(Pearl Millet/Cumbu),Other,Non-FAQ,"1,700.00","2,250.00","1,876.00",Rs./Quintal,2.40,Metric Tonnes,17-11-2025
Maharashtra,Nashik,Lasalgaon APMC,Cereals,Bajra(Pearl Millet/Cumbu),Other,Non-FAQ,"2,101.00","2,701.00","2,370.00",Rs./Quintal,1.60,Metric Tonnes,17-06-2026
Maharashtra,Nashik,Lasalgaon APMC,Cereals,Bajra(Pearl Millet/Cumbu),Other,FAQ,"2,901.00","2,901.00","2,901.00",Rs./Quintal,13.10,Metric Tonnes,16-12-2025
Maharashtra,Nashik,Lasalgaon APMC,Cereals,Bajra(Pearl Millet/Cumbu),Other,Non-FAQ,"2,515.00","2,770.00","2,600.00",Rs./Quintal,12.90,Metric Tonnes,16-12-2025
Maharashtra,Nashik,Lasalgaon APMC,Cereals,Bajra(Pearl Millet/Cumbu),Other,Non-FAQ,"1,900.00","2,511.00","2,400.00",Rs./Quintal,1.20,Metric Tonnes,16-06-2026
Maharashtra,Nashik,Lasalgaon APMC,Cereals,Bajra(Pearl Millet/Cumbu),Other,Non-FAQ,"1,851.00","2,391.00","2,371.00",Rs./Quintal,1.00,Metric Tonnes,15-06-2026
Maharashtra,Nashik,Lasalgaon APMC,Cereals,Bajra(Pearl Millet/Cumbu),Other,Non-FAQ,"1,651.00","2,041.00","2,000.00",Rs./Quintal,3.70,Metric Tonnes,15-05-2026
Maharashtra,Nashik,Lasalgaon APMC,Cereals,Bajra(Pearl Millet/Cumbu),Other,Non-FAQ,"1,600.00","2,000.00","1,601.00",Rs./Quintal,1.90,Metric Tonnes,14-05-2026
Maharashtra,Nashik,Lasalgaon APMC,Cereals,Bajra(Pearl Millet/Cumbu),Other,Non-FAQ,"1,700.00","2,196.00","2,196.00",Rs./Quintal,1.70,Metric Tonnes,13-05-2026
Maharashtra,Nashik,Lasalgaon APMC,Cereals,Bajra(Pearl Millet/Cumbu),Other,Non-FAQ,"1,500.00","1,600.00","1,600.00",Rs./Quintal,0.70,Metric Tonnes,13-03-2026
Maharashtra,Nashik,Lasalgaon APMC,Cereals,Bajra(Pearl Millet/Cumbu),Other,Non-FAQ,"1,800.00","2,452.00","2,373.00",Rs./Quintal,3.60,Metric Tonnes,12-06-2026
Maharashtra,Nashik,Lasalgaon APMC,Cereals,Bajra(Pearl Millet/Cumbu),Other,Non-FAQ,"1,600.00","2,371.00","2,000.00",Rs./Quintal,0.50,Metric Tonnes,12-05-2026
Maharashtra,Nashik,Lasalgaon APMC,Cereals,Bajra(Pearl Millet/Cumbu),Other,Non-FAQ,"1,800.00","2,544.00","2,416.00",Rs./Quintal,7.00,Metric Tonnes,11-06-2026
Maharashtra,Nashik,Lasalgaon APMC,Cereals,Bajra(Pearl Millet/Cumbu),Other,Non-FAQ,"1,600.00","2,652.00","2,000.00",Rs./Quintal,2.40,Metric Tonnes,11-05-2026
Maharashtra,Nashik,Lasalgaon APMC,Cereals,Bajra(Pearl Millet/Cumbu),Other,Non-FAQ,"1,800.00","1,853.00","1,851.00",Rs./Quintal,1.00,Metric Tonnes,10-06-2026
Maharashtra,Nashik,Lasalgaon APMC,Cereals,Bajra(Pearl Millet/Cumbu),Other,Non-FAQ,"1,700.00","1,700.00","1,700.00",Rs./Quintal,0.30,Metric Tonnes,10-02-2026
Maharashtra,Nashik,Lasalgaon APMC,Cereals,Bajra(Pearl Millet/Cumbu),Other,Non-FAQ,"1,811.00","2,770.00","2,001.00",Rs./Quintal,1.20,Metric Tonnes,09-06-2026
Maharashtra,Nashik,Lasalgaon APMC,Cereals,Bajra(Pearl Millet/Cumbu),Other,Non-FAQ,"1,551.00","1,700.00","1,700.00",Rs./Quintal,0.50,Metric Tonnes,09-02-2026
Maharashtra,Nashik,Lasalgaon APMC,Cereals,Bajra(Pearl Millet/Cumbu),Other,Non-FAQ,"1,800.00","2,551.00","2,326.00",Rs./Quintal,4.30,Metric Tonnes,08-06-2026
Maharashtra,Nashik,Lasalgaon APMC,Cereals,Bajra(Pearl Millet/Cumbu),Other,Non-FAQ,"1,500.00","2,200.00","2,151.00",Rs./Quintal,1.80,Metric Tonnes,08-05-2026
Maharashtra,Nashik,Lasalgaon APMC,Cereals,Bajra(Pearl Millet/Cumbu),Other,FAQ,"2,775.00","2,801.00","2,800.00",Rs./Quintal,5.90,Metric Tonnes,08-04-2026
Maharashtra,Nashik,Lasalgaon APMC,Cereals,Bajra(Pearl Millet/Cumbu),Other,FAQ,"3,300.00","3,300.00","3,300.00",Rs./Quintal,0.10,Metric Tonnes,07-11-2025
Maharashtra,Nashik,Lasalgaon APMC,Cereals,Bajra(Pearl Millet/Cumbu),Other,Non-FAQ,"1,700.00","2,750.00","2,700.00",Rs./Quintal,2.00,Metric Tonnes,07-11-2025
Maharashtra,Nashik,Lasalgaon APMC,Cereals,Bajra(Pearl Millet/Cumbu),Other,Non-FAQ,"1,700.00","2,251.00","2,200.00",Rs./Quintal,2.10,Metric Tonnes,07-05-2026
Maharashtra,Nashik,Lasalgaon APMC,Cereals,Bajra(Pearl Millet/Cumbu),Other,Non-FAQ,"1,500.00","2,000.00","1,700.00",Rs./Quintal,1.20,Metric Tonnes,06-05-2026
Maharashtra,Nashik,Lasalgaon APMC,Cereals,Bajra(Pearl Millet/Cumbu),Other,FAQ,"2,775.00","2,970.00","2,900.00",Rs./Quintal,0.50,Metric Tonnes,06-04-2026
Maharashtra,Nashik,Lasalgaon APMC,Cereals,Bajra(Pearl Millet/Cumbu),Other,Non-FAQ,"1,500.00","2,770.00","2,445.00",Rs./Quintal,4.50,Metric Tonnes,06-04-2026
Maharashtra,Nashik,Lasalgaon APMC,Cereals,Bajra(Pearl Millet/Cumbu),Other,Non-FAQ,"1,750.00","2,570.00","2,485.00",Rs./Quintal,4.20,Metric Tonnes,05-06-2026
Maharashtra,Nashik,Lasalgaon APMC,Cereals,Bajra(Pearl Millet/Cumbu),Other,Non-FAQ,"1,700.00","2,221.00","1,800.00",Rs./Quintal,2.20,Metric Tonnes,05-05-2026
Maharashtra,Nashik,Lasalgaon APMC,Cereals,Bajra(Pearl Millet/Cumbu),Other,Non-FAQ,"1,751.00","2,762.00","2,200.00",Rs./Quintal,3.00,Metric Tonnes,04-06-2026
Maharashtra,Nashik,Lasalgaon APMC,Cereals,Bajra(Pearl Millet/Cumbu),Other,Non-FAQ,"2,000.00","2,436.00","2,436.00",Rs./Quintal,1.50,Metric Tonnes,04-05-2026
Maharashtra,Nashik,Lasalgaon APMC,Cereals,Bajra(Pearl Millet/Cumbu),Other,Non-FAQ,"1,700.00","2,000.00","2,000.00",Rs./Quintal,2.40,Metric Tonnes,04-02-2026
Maharashtra,Nashik,Lasalgaon APMC,Cereals,Bajra(Pearl Millet/Cumbu),Other,FAQ,"3,001.00","3,001.00","3,001.00",Rs./Quintal,"1,102.00",Metric Tonnes,03-12-2025
Maharashtra,Nashik,Lasalgaon APMC,Cereals,Bajra(Pearl Millet/Cumbu),Other,Non-FAQ,"1,600.00","2,700.00","1,752.00",Rs./Quintal,0.90,Metric Tonnes,03-12-2025
Maharashtra,Nashik,Lasalgaon APMC,Cereals,Bajra(Pearl Millet/Cumbu),Other,Non-FAQ,"1,851.00","2,601.00","1,961.00",Rs./Quintal,1.70,Metric Tonnes,03-06-2026
Maharashtra,Nashik,Lasalgaon APMC,Cereals,Bajra(Pearl Millet/Cumbu),Other,Non-FAQ,"1,726.00","1,750.00","1,750.00",Rs./Quintal,1.20,Metric Tonnes,03-02-2026
Maharashtra,Nashik,Lasalgaon APMC,Cereals,Bajra(Pearl Millet/Cumbu),Other,Non-FAQ,"1,651.00","2,516.00","2,242.00",Rs./Quintal,2.10,Metric Tonnes,03-01-2026
Maharashtra,Nashik,Lasalgaon APMC,Cereals,Bajra(Pearl Millet/Cumbu),Other,Non-FAQ,"1,600.00","2,590.00","1,731.00",Rs./Quintal,1.60,Metric Tonnes,02-12-2025
Maharashtra,Nashik,Lasalgaon APMC,Cereals,Bajra(Pearl Millet/Cumbu),Other,Non-FAQ,"1,811.00","2,502.00","2,341.00",Rs./Quintal,3.80,Metric Tonnes,02-06-2026
Maharashtra,Nashik,Lasalgaon APMC,Cereals,Bajra(Pearl Millet/Cumbu),Other,Non-FAQ,"1,800.00","2,700.00","2,480.00",Rs./Quintal,3.70,Metric Tonnes,01-06-2026
Maharashtra,Nashik,Lasalgaon(Niphad) APMC,Cereals,Bajra(Pearl Millet/Cumbu),Other,Non-FAQ,"1,771.00","1,771.00","1,771.00",Rs./Quintal,0.40,Metric Tonnes,31-12-2025
Maharashtra,Nashik,Lasalgaon(Niphad) APMC,Cereals,Bajra(Pearl Millet/Cumbu),Other,Non-FAQ,"1,800.00","1,800.00","1,800.00",Rs./Quintal,0.10,Metric Tonnes,30-05-2026
Maharashtra,Nashik,Lasalgaon(Niphad) APMC,Cereals,Bajra(Pearl Millet/Cumbu),Other,Non-FAQ,"2,100.00","2,100.00","2,100.00",Rs./Quintal,0.10,Metric Tonnes,30-04-2026
Maharashtra,Nashik,Lasalgaon(Niphad) APMC,Cereals,Bajra(Pearl Millet/Cumbu),Other,Non-FAQ,"2,302.00","2,302.00","2,302.00",Rs./Quintal,0.10,Metric Tonnes,30-01-2026
Maharashtra,Nashik,Lasalgaon(Niphad) APMC,Cereals,Bajra(Pearl Millet/Cumbu),Other,Non-FAQ,"1,800.00","1,800.00","1,800.00",Rs./Quintal,0.50,Metric Tonnes,29-12-2025
Maharashtra,Nashik,Lasalgaon(Niphad) APMC,Cereals,Bajra(Pearl Millet/Cumbu),Other,Non-FAQ,"2,283.00","2,283.00","2,283.00",Rs./Quintal,0.20,Metric Tonnes,29-11-2025
Maharashtra,Nashik,Lasalgaon(Niphad) APMC,Cereals,Bajra(Pearl Millet/Cumbu),Other,Non-FAQ,"2,307.00","2,307.00","2,307.00",Rs./Quintal,1.00,Metric Tonnes,29-04-2026
Maharashtra,Nashik,Lasalgaon(Niphad) APMC,Cereals,Bajra(Pearl Millet/Cumbu),Other,Non-FAQ,"2,596.00","2,596.00","2,596.00",Rs./Quintal,0.70,Metric Tonnes,27-07-2026
Maharashtra,Nashik,Lasalgaon(Niphad) APMC,Cereals,Bajra(Pearl Millet/Cumbu),Other,Non-FAQ,"1,776.00","1,776.00","1,776.00",Rs./Quintal,0.10,Metric Tonnes,27-05-2026
Maharashtra,Nashik,Lasalgaon(Niphad) APMC,Cereals,Bajra(Pearl Millet/Cumbu),Other,Non-FAQ,"1,701.00","1,701.00","1,701.00",Rs./Quintal,0.10,Metric Tonnes,26-12-2025
Maharashtra,Nashik,Lasalgaon(Niphad) APMC,Cereals,Bajra(Pearl Millet/Cumbu),Other,Non-FAQ,"1,911.00","1,911.00","1,911.00",Rs./Quintal,0.10,Metric Tonnes,26-06-2026
Maharashtra,Nashik,Lasalgaon(Niphad) APMC,Cereals,Bajra(Pearl Millet/Cumbu),Other,Non-FAQ,"2,151.00","2,151.00","2,151.00",Rs./Quintal,0.10,Metric Tonnes,26-05-2026
Maharashtra,Nashik,Lasalgaon(Niphad) APMC,Cereals,Bajra(Pearl Millet/Cumbu),Other,Non-FAQ,"2,400.00","2,400.00","2,400.00",Rs./Quintal,1.00,Metric Tonnes,25-05-2026
Maharashtra,Nashik,Lasalgaon(Niphad) APMC,Cereals,Bajra(Pearl Millet/Cumbu),Other,Non-FAQ,"2,501.00","2,501.00","2,501.00",Rs./Quintal,0.10,Metric Tonnes,25-04-2026
Maharashtra,Nashik,Lasalgaon(Niphad) APMC,Cereals,Bajra(Pearl Millet/Cumbu),Other,Non-FAQ,"1,500.00","1,500.00","1,500.00",Rs./Quintal,0.30,Metric Tonnes,25-03-2026
Maharashtra,Nashik,Lasalgaon(Niphad) APMC,Cereals,Bajra(Pearl Millet/Cumbu),Other,Non-FAQ,"1,500.00","2,433.00","2,433.00",Rs./Quintal,0.40,Metric Tonnes,24-03-2026
Maharashtra,Nashik,Lasalgaon(Niphad) APMC,Cereals,Bajra(Pearl Millet/Cumbu),Other,Non-FAQ,"1,612.00","1,612.00","1,612.00",Rs./Quintal,0.10,Metric Tonnes,23-03-2026
Maharashtra,Nashik,Lasalgaon(Niphad) APMC,Cereals,Bajra(Pearl Millet/Cumbu),Other,Non-FAQ,"1,751.00","1,751.00","1,751.00",Rs./Quintal,0.10,Metric Tonnes,22-07-2026
Maharashtra,Nashik,Lasalgaon(Niphad) APMC,Cereals,Bajra(Pearl Millet/Cumbu),Other,Non-FAQ,"2,100.00","2,300.00","2,199.00",Rs./Quintal,1.10,Metric Tonnes,22-06-2026
Maharashtra,Nashik,Lasalgaon(Niphad) APMC,Cereals,Bajra(Pearl Millet/Cumbu),Other,Non-FAQ,"2,000.00","2,000.00","2,000.00",Rs./Quintal,0.20,Metric Tonnes,22-05-2026
Maharashtra,Nashik,Lasalgaon(Niphad) APMC,Cereals,Bajra(Pearl Millet/Cumbu),Other,FAQ,"3,000.00","3,000.00","3,000.00",Rs./Quintal,0.40,Metric Tonnes,22-01-2026
Maharashtra,Nashik,Lasalgaon(Niphad) APMC,Cereals,Bajra(Pearl Millet/Cumbu),Other,Non-FAQ,"1,925.00","1,925.00","1,925.00",Rs./Quintal,0.10,Metric Tonnes,22-01-2026
Maharashtra,Nashik,Lasalgaon(Niphad) APMC,Cereals,Bajra(Pearl Millet/Cumbu),Other,Non-FAQ,"1,600.00","1,600.00","1,600.00",Rs./Quintal,0.60,Metric Tonnes,21-11-2025
Maharashtra,Nashik,Lasalgaon(Niphad) APMC,Cereals,Bajra(Pearl Millet/Cumbu),Other,Non-FAQ,"1,751.00","1,751.00","1,751.00",Rs./Quintal,0.10,Metric Tonnes,21-05-2026
Maharashtra,Nashik,Lasalgaon(Niphad) APMC,Cereals,Bajra(Pearl Millet/Cumbu),Other,Non-FAQ,"2,090.00","2,090.00","2,090.00",Rs./Quintal,0.10,Metric Tonnes,20-06-2026
Maharashtra,Nashik,Lasalgaon(Niphad) APMC,Cereals,Bajra(Pearl Millet/Cumbu),Other,Non-FAQ,"1,801.00","1,801.00","1,801.00",Rs./Quintal,0.50,Metric Tonnes,20-05-2026
Maharashtra,Nashik,Lasalgaon(Niphad) APMC,Cereals,Bajra(Pearl Millet/Cumbu),Other,Non-FAQ,"1,691.00","1,691.00","1,691.00",Rs./Quintal,0.20,Metric Tonnes,20-04-2026
Maharashtra,Nashik,Lasalgaon(Niphad) APMC,Cereals,Bajra(Pearl Millet/Cumbu),Other,Non-FAQ,"1,676.00","1,676.00","1,676.00",Rs./Quintal,0.10,Metric Tonnes,20-03-2026
Maharashtra,Nashik,Lasalgaon(Niphad) APMC,Cereals,Bajra(Pearl Millet/Cumbu),Other,Non-FAQ,"1,400.00","1,400.00","1,400.00",Rs./Quintal,0.10,Metric Tonnes,19-11-2025
Maharashtra,Nashik,Lasalgaon(Niphad) APMC,Cereals,Bajra(Pearl Millet/Cumbu),Other,Non-FAQ,"1,800.00","2,391.00","2,391.00",Rs./Quintal,1.80,Metric Tonnes,19-05-2026
Maharashtra,Nashik,Lasalgaon(Niphad) APMC,Cereals,Bajra(Pearl Millet/Cumbu),Other,Non-FAQ,"1,700.00","2,361.00","1,700.00",Rs./Quintal,0.30,Metric Tonnes,18-12-2025
Maharashtra,Nashik,Lasalgaon(Niphad) APMC,Cereals,Bajra(Pearl Millet/Cumbu),Other,Non-FAQ,"2,126.00","2,126.00","2,126.00",Rs./Quintal,0.20,Metric Tonnes,18-08-2026
Maharashtra,Nashik,Lasalgaon(Niphad) APMC,Cereals,Bajra(Pearl Millet/Cumbu),Other,Non-FAQ,"1,851.00","2,251.00","1,918.00",Rs./Quintal,2.10,Metric Tonnes,18-05-2026
Maharashtra,Nashik,Lasalgaon(Niphad) APMC,Cereals,Bajra(Pearl Millet/Cumbu),Other,Non-FAQ,"2,105.00","2,105.00","2,105.00",Rs./Quintal,0.30,Metric Tonnes,18-03-2026
Maharashtra,Nashik,Lasalgaon(Niphad) APMC,Cereals,Bajra(Pearl Millet/Cumbu),Other,Non-FAQ,"2,151.00","2,151.00","2,151.00",Rs./Quintal,0.40,Metric Tonnes,17-07-2026
Maharashtra,Nashik,Lasalgaon(Niphad) APMC,Cereals,Bajra(Pearl Millet/Cumbu),Other,Non-FAQ,"2,151.00","2,151.00","2,151.00",Rs./Quintal,1.00,Metric Tonnes,17-06-2026
Maharashtra,Nashik,Lasalgaon(Niphad) APMC,Cereals,Bajra(Pearl Millet/Cumbu),Other,Non-FAQ,"1,600.00","1,600.00","1,600.00",Rs./Quintal,0.10,Metric Tonnes,17-03-2026
Maharashtra,Nashik,Lasalgaon(Niphad) APMC,Cereals,Bajra(Pearl Millet/Cumbu),Other,Non-FAQ,"2,101.00","2,101.00","2,101.00",Rs./Quintal,0.10,Metric Tonnes,16-12-2025
Maharashtra,Nashik,Lasalgaon(Niphad) APMC,Cereals,Bajra(Pearl Millet/Cumbu),Other,Non-FAQ,"2,100.00","2,100.00","2,100.00",Rs./Quintal,0.40,Metric Tonnes,16-06-2026
Maharashtra,Nashik,Lasalgaon(Niphad) APMC,Cereals,Bajra(Pearl Millet/Cumbu),Other,Non-FAQ,"1,616.00","2,300.00","1,900.00",Rs./Quintal,0.80,Metric Tonnes,16-03-2026
Maharashtra,Nashik,Lasalgaon(Niphad) APMC,Cereals,Bajra(Pearl Millet/Cumbu),Other,Non-FAQ,"2,341.00","2,341.00","2,341.00",Rs./Quintal,1.00,Metric Tonnes,15-05-2026
Maharashtra,Nashik,Lasalgaon(Niphad) APMC,Cereals,Bajra(Pearl Millet/Cumbu),Other,Non-FAQ,"1,400.00","1,400.00","1,400.00",Rs./Quintal,0.10,Metric Tonnes,15-04-2026
Maharashtra,Nashik,Lasalgaon(Niphad) APMC,Cereals,Bajra(Pearl Millet/Cumbu),Other,Non-FAQ,"1,811.00","1,811.00","1,811.00",Rs./Quintal,0.10,Metric Tonnes,14-11-2025
Maharashtra,Nashik,Lasalgaon(Niphad) APMC,Cereals,Bajra(Pearl Millet/Cumbu),Other,Non-FAQ,"2,099.00","2,099.00","2,099.00",Rs./Quintal,0.10,Metric Tonnes,14-08-2026
Maharashtra,Nashik,Lasalgaon(Niphad) APMC,Cereals,Bajra(Pearl Millet/Cumbu),Other,Non-FAQ,"1,600.00","1,600.00","1,600.00",Rs./Quintal,0.10,Metric Tonnes,14-03-2026
Maharashtra,Nashik,Lasalgaon(Niphad) APMC,Cereals,Bajra(Pearl Millet/Cumbu),Other,Non-FAQ,"1,800.00","1,800.00","1,800.00",Rs./Quintal,0.80,Metric Tonnes,13-12-2025
Maharashtra,Nashik,Lasalgaon(Niphad) APMC,Cereals,Bajra(Pearl Millet/Cumbu),Other,Non-FAQ,"1,531.00","1,531.00","1,531.00",Rs./Quintal,0.50,Metric Tonnes,13-11-2025
Maharashtra,Nashik,Lasalgaon(Niphad) APMC,Cereals,Bajra(Pearl Millet/Cumbu),Other,Non-FAQ,"2,576.00","2,576.00","2,576.00",Rs./Quintal,0.40,Metric Tonnes,13-07-2026
Maharashtra,Nashik,Lasalgaon(Niphad) APMC,Cereals,Bajra(Pearl Millet/Cumbu),Other,Non-FAQ,"1,900.00","1,900.00","1,900.00",Rs./Quintal,0.20,Metric Tonnes,13-06-2026
Maharashtra,Nashik,Lasalgaon(Niphad) APMC,Cereals,Bajra(Pearl Millet/Cumbu),Other,Non-FAQ,"1,700.00","2,400.00","1,751.00",Rs./Quintal,0.30,Metric Tonnes,13-04-2026
Maharashtra,Nashik,Lasalgaon(Niphad) APMC,Cereals,Bajra(Pearl Millet/Cumbu),Other,Non-FAQ,"1,400.00","1,400.00","1,400.00",Rs./Quintal,0.80,Metric Tonnes,13-03-2026
Maharashtra,Nashik,Lasalgaon(Niphad) APMC,Cereals,Bajra(Pearl Millet/Cumbu),Other,Non-FAQ,"1,671.00","1,671.00","1,671.00",Rs./Quintal,0.30,Metric Tonnes,13-02-2026
Maharashtra,Nashik,Lasalgaon(Niphad) APMC,Cereals,Bajra(Pearl Millet/Cumbu),Other,Non-FAQ,"1,775.00","1,775.00","1,775.00",Rs./Quintal,1.50,Metric Tonnes,12-11-2025
Maharashtra,Nashik,Lasalgaon(Niphad) APMC,Cereals,Bajra(Pearl Millet/Cumbu),Other,Non-FAQ,"2,400.00","2,400.00","2,400.00",Rs./Quintal,0.50,Metric Tonnes,12-08-2026
Maharashtra,Nashik,Lasalgaon(Niphad) APMC,Cereals,Bajra(Pearl Millet/Cumbu),Other,Non-FAQ,"2,000.00","2,000.00","2,000.00",Rs./Quintal,0.80,Metric Tonnes,12-02-2026
Maharashtra,Nashik,Lasalgaon(Niphad) APMC,Cereals,Bajra(Pearl Millet/Cumbu),Other,Non-FAQ,"2,651.00","2,651.00","2,651.00",Rs./Quintal,0.10,Metric Tonnes,11-08-2026
Maharashtra,Nashik,Lasalgaon(Niphad) APMC,Cereals,Bajra(Pearl Millet/Cumbu),Other,Non-FAQ,"2,000.00","2,000.00","2,000.00",Rs./Quintal,0.10,Metric Tonnes,11-05-2026
Maharashtra,Nashik,Lasalgaon(Niphad) APMC,Cereals,Bajra(Pearl Millet/Cumbu),Other,Non-FAQ,"1,700.00","1,700.00","1,700.00",Rs./Quintal,0.10,Metric Tonnes,11-04-2026
Maharashtra,Nashik,Lasalgaon(Niphad) APMC,Cereals,Bajra(Pearl Millet/Cumbu),Other,Non-FAQ,"1,652.00","2,099.00","1,751.00",Rs./Quintal,1.80,Metric Tonnes,10-12-2025
Maharashtra,Nashik,Lasalgaon(Niphad) APMC,Cereals,Bajra(Pearl Millet/Cumbu),Other,Non-FAQ,"1,735.00","1,735.00","1,735.00",Rs./Quintal,0.10,Metric Tonnes,10-11-2025
Maharashtra,Nashik,Lasalgaon(Niphad) APMC,Cereals,Bajra(Pearl Millet/Cumbu),Other,Non-FAQ,"2,670.00","2,670.00","2,670.00",Rs./Quintal,1.50,Metric Tonnes,10-08-2026
Maharashtra,Nashik,Lasalgaon(Niphad) APMC,Cereals,Bajra(Pearl Millet/Cumbu),Other,Non-FAQ,"1,682.00","1,682.00","1,682.00",Rs./Quintal,0.40,Metric Tonnes,10-02-2026
Maharashtra,Nashik,Lasalgaon(Niphad) APMC,Cereals,Bajra(Pearl Millet/Cumbu),Other,FAQ,"3,200.00","3,200.00","3,200.00",Rs./Quintal,0.40,Metric Tonnes,10-01-2026
Maharashtra,Nashik,Lasalgaon(Niphad) APMC,Cereals,Bajra(Pearl Millet/Cumbu),Other,Non-FAQ,"1,811.00","1,811.00","1,811.00",Rs./Quintal,0.60,Metric Tonnes,09-06-2026
Maharashtra,Nashik,Lasalgaon(Niphad) APMC,Cereals,Bajra(Pearl Millet/Cumbu),Other,Non-FAQ,"1,726.00","1,726.00","1,726.00",Rs./Quintal,0.30,Metric Tonnes,09-02-2026
Maharashtra,Nashik,Lasalgaon(Niphad) APMC,Cereals,Bajra(Pearl Millet/Cumbu),Other,Non-FAQ,"2,100.00","2,106.00","2,100.00",Rs./Quintal,0.40,Metric Tonnes,08-12-2025
Maharashtra,Nashik,Lasalgaon(Niphad) APMC,Cereals,Bajra(Pearl Millet/Cumbu),Other,Non-FAQ,"2,101.00","2,101.00","2,101.00",Rs./Quintal,0.10,Metric Tonnes,07-11-2025
Maharashtra,Nashik,Lasalgaon(Niphad) APMC,Cereals,Bajra(Pearl Millet/Cumbu),Other,Non-FAQ,"1,728.00","1,728.00","1,728.00",Rs./Quintal,0.10,Metric Tonnes,07-01-2026
Maharashtra,Nashik,Lasalgaon(Niphad) APMC,Cereals,Bajra(Pearl Millet/Cumbu),Other,Non-FAQ,"1,901.00","1,901.00","1,901.00",Rs./Quintal,0.60,Metric Tonnes,06-12-2025
Maharashtra,Nashik,Lasalgaon(Niphad) APMC,Cereals,Bajra(Pearl Millet/Cumbu),Other,Non-FAQ,"1,900.00","1,900.00","1,900.00",Rs./Quintal,0.10,Metric Tonnes,06-05-2026
Maharashtra,Nashik,Lasalgaon(Niphad) APMC,Cereals,Bajra(Pearl Millet/Cumbu),Other,Non-FAQ,"2,451.00","2,451.00","2,451.00",Rs./Quintal,0.60,Metric Tonnes,05-06-2026
Maharashtra,Nashik,Lasalgaon(Niphad) APMC,Cereals,Bajra(Pearl Millet/Cumbu),Other,Non-FAQ,"2,412.00","2,412.00","2,412.00",Rs./Quintal,0.60,Metric Tonnes,05-03-2026
Maharashtra,Nashik,Lasalgaon(Niphad) APMC,Cereals,Bajra(Pearl Millet/Cumbu),Other,Non-FAQ,"1,700.00","1,781.00","1,700.00",Rs./Quintal,1.80,Metric Tonnes,05-01-2026
Maharashtra,Nashik,Lasalgaon(Niphad) APMC,Cereals,Bajra(Pearl Millet/Cumbu),Other,Non-FAQ,"1,900.00","1,900.00","1,900.00",Rs./Quintal,0.10,Metric Tonnes,04-06-2026
Maharashtra,Nashik,Lasalgaon(Niphad) APMC,Cereals,Bajra(Pearl Millet/Cumbu),Other,FAQ,"3,051.00","3,051.00","3,051.00",Rs./Quintal,0.10,Metric Tonnes,04-02-2026
Maharashtra,Nashik,Lasalgaon(Niphad) APMC,Cereals,Bajra(Pearl Millet/Cumbu),Other,Non-FAQ,"2,106.00","2,500.00","2,106.00",Rs./Quintal,0.60,Metric Tonnes,03-08-2026
Maharashtra,Nashik,Lasalgaon(Niphad) APMC,Cereals,Bajra(Pearl Millet/Cumbu),Other,Non-FAQ,"1,725.00","1,725.00","1,725.00",Rs./Quintal,1.00,Metric Tonnes,03-02-2026
Maharashtra,Nashik,Lasalgaon(Niphad) APMC,Cereals,Bajra(Pearl Millet/Cumbu),Other,Non-FAQ,"1,750.00","1,750.00","1,750.00",Rs./Quintal,0.40,Metric Tonnes,02-12-2025
Maharashtra,Nashik,Lasalgaon(Niphad) APMC,Cereals,Bajra(Pearl Millet/Cumbu),Other,Non-FAQ,"2,480.00","2,480.00","2,480.00",Rs./Quintal,0.40,Metric Tonnes,02-05-2026
Maharashtra,Nashik,Lasalgaon(Niphad) APMC,Cereals,Bajra(Pearl Millet/Cumbu),Other,Non-FAQ,"1,652.00","1,652.00","1,652.00",Rs./Quintal,0.30,Metric Tonnes,02-03-2026
Maharashtra,Nashik,Lasalgaon(Niphad) APMC,Cereals,Bajra(Pearl Millet/Cumbu),Other,Non-FAQ,"1,755.00","1,755.00","1,755.00",Rs./Quintal,0.60,Metric Tonnes,02-01-2026
Maharashtra,Nashik,Lasalgaon(Niphad) APMC,Cereals,Bajra(Pearl Millet/Cumbu),Other,Non-FAQ,"2,151.00","2,151.00","2,151.00",Rs./Quintal,0.40,Metric Tonnes,01-06-2026
Maharashtra,Nashik,Lasalgaon(Niphad) APMC,Cereals,Bajra(Pearl Millet/Cumbu),Other,Non-FAQ,"1,741.00","2,391.00","2,391.00",Rs./Quintal,1.30,Metric Tonnes,01-01-2026
Maharashtra,Nashik,Malegaon APMC,Cereals,Bajra(Pearl Millet/Cumbu),Other,Non-FAQ,"1,100.00","2,760.00","2,366.00",Rs./Quintal,5.80,Metric Tonnes,31-12-2025
Maharashtra,Nashik,Malegaon APMC,Cereals,Bajra(Pearl Millet/Cumbu),Other,Non-FAQ,"1,600.00","2,770.00","2,201.00",Rs./Quintal,9.20,Metric Tonnes,31-01-2026
Maharashtra,Nashik,Malegaon APMC,Cereals,Bajra(Pearl Millet/Cumbu),Other,Non-FAQ,"1,822.00","2,700.00","2,312.00",Rs./Quintal,4.40,Metric Tonnes,30-12-2025
Maharashtra,Nashik,Malegaon APMC,Cereals,Bajra(Pearl Millet/Cumbu),Other,Non-FAQ,"1,926.00","2,731.00","2,435.00",Rs./Quintal,3.40,Metric Tonnes,30-07-2026
Maharashtra,Nashik,Malegaon APMC,Cereals,Bajra(Pearl Millet/Cumbu),Other,Non-FAQ,"1,901.00","2,641.00","2,501.00",Rs./Quintal,2.80,Metric Tonnes,30-06-2026
Maharashtra,Nashik,Malegaon APMC,Cereals,Bajra(Pearl Millet/Cumbu),Other,Non-FAQ,"1,500.00","2,424.00","2,233.00",Rs./Quintal,14.20,Metric Tonnes,30-05-2026
Maharashtra,Nashik,Malegaon APMC,Cereals,Bajra(Pearl Millet/Cumbu),Other,Non-FAQ,"1,800.00","2,426.00","2,051.00",Rs./Quintal,4.00,Metric Tonnes,30-04-2026
Maharashtra,Nashik,Malegaon APMC,Cereals,Bajra(Pearl Millet/Cumbu),Other,Non-FAQ,"1,851.00","2,770.00","2,324.00",Rs./Quintal,5.40,Metric Tonnes,29-12-2025
Maharashtra,Nashik,Malegaon APMC,Cereals,Bajra(Pearl Millet/Cumbu),Other,Non-FAQ,"1,801.00","2,765.00","2,400.00",Rs./Quintal,15.10,Metric Tonnes,29-11-2025
Maharashtra,Nashik,Malegaon APMC,Cereals,Bajra(Pearl Millet/Cumbu),Other,Non-FAQ,"2,525.00","2,591.00","2,571.00",Rs./Quintal,4.30,Metric Tonnes,29-07-2026
Maharashtra,Nashik,Malegaon APMC,Cereals,Bajra(Pearl Millet/Cumbu),Other,Non-FAQ,"1,897.00","2,630.00","2,400.00",Rs./Quintal,8.30,Metric Tonnes,29-06-2026
Maharashtra,Nashik,Malegaon APMC,Cereals,Bajra(Pearl Millet/Cumbu),Other,Non-FAQ,"2,061.00","2,759.00","2,485.00",Rs./Quintal,9.00,Metric Tonnes,28-07-2026
Maharashtra,Nashik,Malegaon APMC,Cereals,Bajra(Pearl Millet/Cumbu),Other,Non-FAQ,"1,601.00","2,340.00","2,299.00",Rs./Quintal,2.50,Metric Tonnes,28-04-2026
Maharashtra,Nashik,Malegaon APMC,Cereals,Bajra(Pearl Millet/Cumbu),Other,Non-FAQ,"1,500.00","2,773.00","2,275.00",Rs./Quintal,5.00,Metric Tonnes,28-03-2026
Maharashtra,Nashik,Malegaon APMC,Cereals,Bajra(Pearl Millet/Cumbu),Other,Non-FAQ,"1,450.00","2,770.00","2,280.00",Rs./Quintal,5.30,Metric Tonnes,28-02-2026
Maharashtra,Nashik,Malegaon APMC,Cereals,Bajra(Pearl Millet/Cumbu),Other,Non-FAQ,"1,600.00","2,770.00","2,300.00",Rs./Quintal,5.30,Metric Tonnes,28-01-2026
Maharashtra,Nashik,Malegaon APMC,Cereals,Bajra(Pearl Millet/Cumbu),Other,Non-FAQ,"1,800.00","2,770.00","2,416.00",Rs./Quintal,15.40,Metric Tonnes,27-12-2025
Maharashtra,Nashik,Malegaon APMC,Cereals,Bajra(Pearl Millet/Cumbu),Other,Non-FAQ,"1,926.00","2,770.00","2,580.00",Rs./Quintal,7.50,Metric Tonnes,27-11-2025
Maharashtra,Nashik,Malegaon APMC,Cereals,Bajra(Pearl Millet/Cumbu),Other,Non-FAQ,"1,900.00","2,774.00","2,401.00",Rs./Quintal,8.80,Metric Tonnes,27-07-2026
Maharashtra,Nashik,Malegaon APMC,Cereals,Bajra(Pearl Millet/Cumbu),Other,Non-FAQ,"1,930.00","2,772.00","2,376.00",Rs./Quintal,4.20,Metric Tonnes,27-06-2026
Maharashtra,Nashik,Malegaon APMC,Cereals,Bajra(Pearl Millet/Cumbu),Other,Non-FAQ,"1,580.00","2,620.00","2,286.00",Rs./Quintal,9.80,Metric Tonnes,27-05-2026
Maharashtra,Nashik,Malegaon APMC,Cereals,Bajra(Pearl Millet/Cumbu),Other,Non-FAQ,"1,501.00","2,770.00","2,361.00",Rs./Quintal,12.50,Metric Tonnes,27-04-2026
Maharashtra,Nashik,Malegaon APMC,Cereals,Bajra(Pearl Millet/Cumbu),Other,Non-FAQ,"1,601.00","2,770.00","2,200.00",Rs./Quintal,5.60,Metric Tonnes,27-01-2026
Maharashtra,Nashik,Malegaon APMC,Cereals,Bajra(Pearl Millet/Cumbu),Other,Non-FAQ,"1,881.00","2,770.00","2,495.00",Rs./Quintal,10.30,Metric Tonnes,26-11-2025
Maharashtra,Nashik,Malegaon APMC,Cereals,Bajra(Pearl Millet/Cumbu),Other,Non-FAQ,"1,451.00","2,560.00","2,299.00",Rs./Quintal,10.10,Metric Tonnes,26-05-2026
Maharashtra,Nashik,Malegaon APMC,Cereals,Bajra(Pearl Millet/Cumbu),Other,Non-FAQ,"1,460.00","2,773.00","2,308.00",Rs./Quintal,5.70,Metric Tonnes,26-02-2026
Maharashtra,Nashik,Malegaon APMC,Cereals,Bajra(Pearl Millet/Cumbu),Other,Non-FAQ,"1,851.00","2,773.00","2,301.00",Rs./Quintal,8.70,Metric Tonnes,25-11-2025
Maharashtra,Nashik,Malegaon APMC,Cereals,Bajra(Pearl Millet/Cumbu),Other,Non-FAQ,"1,860.00","2,770.00","2,300.00",Rs./Quintal,1.90,Metric Tonnes,25-06-2026
Maharashtra,Nashik,Malegaon APMC,Cereals,Bajra(Pearl Millet/Cumbu),Other,Non-FAQ,"1,400.00","2,570.00","2,251.00",Rs./Quintal,12.60,Metric Tonnes,25-05-2026
Maharashtra,Nashik,Malegaon APMC,Cereals,Bajra(Pearl Millet/Cumbu),Other,Non-FAQ,"1,800.00","2,525.00","2,300.00",Rs./Quintal,12.00,Metric Tonnes,25-04-2026
Maharashtra,Nashik,Malegaon APMC,Cereals,Bajra(Pearl Millet/Cumbu),Other,Non-FAQ,"1,460.00","2,475.00","2,191.00",Rs./Quintal,9.10,Metric Tonnes,25-03-2026
Maharashtra,Nashik,Malegaon APMC,Cereals,Bajra(Pearl Millet/Cumbu),Other,Non-FAQ,"1,400.00","1,951.00","1,600.00",Rs./Quintal,5.20,Metric Tonnes,25-02-2026
Maharashtra,Nashik,Malegaon APMC,Cereals,Bajra(Pearl Millet/Cumbu),Other,Non-FAQ,"1,760.00","2,770.00","2,401.00",Rs./Quintal,13.10,Metric Tonnes,24-12-2025
Maharashtra,Nashik,Malegaon APMC,Cereals,Bajra(Pearl Millet/Cumbu),Other,Non-FAQ,"1,800.00","2,770.00","2,366.00",Rs./Quintal,13.20,Metric Tonnes,24-11-2025
Maharashtra,Nashik,Malegaon APMC,Cereals,Bajra(Pearl Millet/Cumbu),Other,Non-FAQ,"2,151.00","2,660.00","2,325.00",Rs./Quintal,3.00,Metric Tonnes,24-06-2026
Maharashtra,Nashik,Malegaon APMC,Cereals,Bajra(Pearl Millet/Cumbu),Other,Non-FAQ,"1,500.00","2,712.00","2,251.00",Rs./Quintal,5.80,Metric Tonnes,24-03-2026
Maharashtra,Nashik,Malegaon APMC,Cereals,Bajra(Pearl Millet/Cumbu),Other,Non-FAQ,"1,361.00","2,773.00","2,222.00",Rs./Quintal,5.00,Metric Tonnes,24-02-2026
Maharashtra,Nashik,Malegaon APMC,Cereals,Bajra(Pearl Millet/Cumbu),Other,Non-FAQ,"1,600.00","2,773.00","2,400.00",Rs./Quintal,8.70,Metric Tonnes,24-01-2026
Maharashtra,Nashik,Malegaon APMC,Cereals,Bajra(Pearl Millet/Cumbu),Other,Non-FAQ,"1,751.00","2,626.00","2,262.00",Rs./Quintal,4.30,Metric Tonnes,23-12-2025
Maharashtra,Nashik,Malegaon APMC,Cereals,Bajra(Pearl Millet/Cumbu),Other,Non-FAQ,"1,861.00","2,703.00","2,425.00",Rs./Quintal,9.90,Metric Tonnes,23-07-2026
Maharashtra,Nashik,Malegaon APMC,Cereals,Bajra(Pearl Millet/Cumbu),Other,Non-FAQ,"1,840.00","2,701.00","2,277.00",Rs./Quintal,7.50,Metric Tonnes,23-06-2026
Maharashtra,Nashik,Malegaon APMC,Cereals,Bajra(Pearl Millet/Cumbu),Other,Non-FAQ,"1,500.00","2,501.00","2,276.00",Rs./Quintal,21.70,Metric Tonnes,23-05-2026
Maharashtra,Nashik,Malegaon APMC,Cereals,Bajra(Pearl Millet/Cumbu),Other,Non-FAQ,"1,600.00","2,526.00","2,100.00",Rs./Quintal,6.10,Metric Tonnes,23-04-2026
Maharashtra,Nashik,Malegaon APMC,Cereals,Bajra(Pearl Millet/Cumbu),Other,Non-FAQ,"1,501.00","2,602.00","2,125.00",Rs./Quintal,5.40,Metric Tonnes,23-03-2026
Maharashtra,Nashik,Malegaon APMC,Cereals,Bajra(Pearl Millet/Cumbu),Other,Non-FAQ,"1,551.00","2,770.00","2,201.00",Rs./Quintal,6.60,Metric Tonnes,23-02-2026
Maharashtra,Nashik,Malegaon APMC,Cereals,Bajra(Pearl Millet/Cumbu),Other,Non-FAQ,"1,711.00","2,590.00","2,201.00",Rs./Quintal,3.60,Metric Tonnes,22-12-2025
Maharashtra,Nashik,Malegaon APMC,Cereals,Bajra(Pearl Millet/Cumbu),Other,Non-FAQ,"1,700.00","2,770.00","2,476.00",Rs./Quintal,14.70,Metric Tonnes,22-11-2025
Maharashtra,Nashik,Malegaon APMC,Cereals,Bajra(Pearl Millet/Cumbu),Other,Non-FAQ,"1,651.00","2,774.00","2,400.00",Rs./Quintal,4.70,Metric Tonnes,22-07-2026
Maharashtra,Nashik,Malegaon APMC,Cereals,Bajra(Pearl Millet/Cumbu),Other,Non-FAQ,"1,700.00","2,601.00","2,270.00",Rs./Quintal,6.70,Metric Tonnes,22-06-2026
Maharashtra,Nashik,Malegaon APMC,Cereals,Bajra(Pearl Millet/Cumbu),Other,Non-FAQ,"1,550.00","2,381.00","2,100.00",Rs./Quintal,4.60,Metric Tonnes,22-04-2026
Maharashtra,Nashik,Malegaon APMC,Cereals,Bajra(Pearl Millet/Cumbu),Other,Non-FAQ,"1,625.00","2,770.00","2,331.00",Rs./Quintal,6.50,Metric Tonnes,22-01-2026
Maharashtra,Nashik,Malegaon APMC,Cereals,Bajra(Pearl Millet/Cumbu),Other,Non-FAQ,"2,000.00","2,728.00","2,453.00",Rs./Quintal,5.80,Metric Tonnes,21-07-2026
Maharashtra,Nashik,Malegaon APMC,Cereals,Bajra(Pearl Millet/Cumbu),Other,Non-FAQ,"1,700.00","2,500.00","2,223.00",Rs./Quintal,9.10,Metric Tonnes,21-05-2026
Maharashtra,Nashik,Malegaon APMC,Cereals,Bajra(Pearl Millet/Cumbu),Other,Non-FAQ,"1,620.00","2,331.00","2,000.00",Rs./Quintal,4.20,Metric Tonnes,21-04-2026
Maharashtra,Nashik,Malegaon APMC,Cereals,Bajra(Pearl Millet/Cumbu),Other,Non-FAQ,"1,501.00","2,770.00","2,331.00",Rs./Quintal,11.20,Metric Tonnes,21-02-2026
Maharashtra,Nashik,Malegaon APMC,Cereals,Bajra(Pearl Millet/Cumbu),Other,Non-FAQ,"1,625.00","2,773.00","2,451.00",Rs./Quintal,7.60,Metric Tonnes,21-01-2026
Maharashtra,Nashik,Malegaon APMC,Cereals,Bajra(Pearl Millet/Cumbu),Other,Non-FAQ,"1,800.00","2,762.00","2,411.00",Rs./Quintal,9.00,Metric Tonnes,20-12-2025
Maharashtra,Nashik,Malegaon APMC,Cereals,Bajra(Pearl Millet/Cumbu),Other,Non-FAQ,"2,000.00","2,774.00","2,509.00",Rs./Quintal,6.70,Metric Tonnes,20-08-2026
Maharashtra,Nashik,Malegaon APMC,Cereals,Bajra(Pearl Millet/Cumbu),Other,Non-FAQ,"2,000.00","2,774.00","2,360.00",Rs./Quintal,5.30,Metric Tonnes,20-07-2026
Maharashtra,Nashik,Malegaon APMC,Cereals,Bajra(Pearl Millet/Cumbu),Other,Non-FAQ,"1,601.00","2,590.00","2,391.00",Rs./Quintal,7.30,Metric Tonnes,20-06-2026
Maharashtra,Nashik,Malegaon APMC,Cereals,Bajra(Pearl Millet/Cumbu),Other,Non-FAQ,"1,425.00","2,500.00","2,175.00",Rs./Quintal,9.70,Metric Tonnes,20-05-2026
Maharashtra,Nashik,Malegaon APMC,Cereals,Bajra(Pearl Millet/Cumbu),Other,Non-FAQ,"1,571.00","2,300.00","2,100.00",Rs./Quintal,3.60,Metric Tonnes,20-04-2026
Maharashtra,Nashik,Malegaon APMC,Cereals,Bajra(Pearl Millet/Cumbu),Other,Non-FAQ,"1,605.00","2,773.00","2,325.00",Rs./Quintal,6.80,Metric Tonnes,20-01-2026
Maharashtra,Nashik,Malegaon APMC,Cereals,Bajra(Pearl Millet/Cumbu),Other,Non-FAQ,"1,751.00","2,773.00","2,401.00",Rs./Quintal,16.70,Metric Tonnes,19-11-2025
Maharashtra,Nashik,Malegaon APMC,Cereals,Bajra(Pearl Millet/Cumbu),Other,Non-FAQ,"1,925.00","2,691.00","2,430.00",Rs./Quintal,14.60,Metric Tonnes,19-08-2026
Maharashtra,Nashik,Malegaon APMC,Cereals,Bajra(Pearl Millet/Cumbu),Other,Non-FAQ,"1,400.00","2,470.00","2,051.00",Rs./Quintal,8.70,Metric Tonnes,19-05-2026
Maharashtra,Nashik,Malegaon APMC,Cereals,Bajra(Pearl Millet/Cumbu),Other,Non-FAQ,"1,640.00","2,773.00","2,331.00",Rs./Quintal,6.60,Metric Tonnes,19-01-2026
Maharashtra,Nashik,Malegaon APMC,Cereals,Bajra(Pearl Millet/Cumbu),Other,Non-FAQ,"1,775.00","2,770.00","2,400.00",Rs./Quintal,8.70,Metric Tonnes,18-12-2025
Maharashtra,Nashik,Malegaon APMC,Cereals,Bajra(Pearl Millet/Cumbu),Other,Non-FAQ,"1,800.00","2,772.00","2,300.00",Rs./Quintal,11.30,Metric Tonnes,18-11-2025
Maharashtra,Nashik,Malegaon APMC,Cereals,Bajra(Pearl Millet/Cumbu),Other,Non-FAQ,"1,900.00","2,751.00","2,551.00",Rs./Quintal,6.60,Metric Tonnes,18-08-2026
Maharashtra,Nashik,Malegaon APMC,Cereals,Bajra(Pearl Millet/Cumbu),Other,Non-FAQ,"1,750.00","2,774.00","2,301.00",Rs./Quintal,6.00,Metric Tonnes,18-07-2026
Maharashtra,Nashik,Malegaon APMC,Cereals,Bajra(Pearl Millet/Cumbu),Other,Non-FAQ,"1,600.00","2,594.00","2,275.00",Rs./Quintal,3.90,Metric Tonnes,18-06-2026
Maharashtra,Nashik,Malegaon APMC,Cereals,Bajra(Pearl Millet/Cumbu),Other,Non-FAQ,"1,655.00","2,773.00","2,316.00",Rs./Quintal,6.60,Metric Tonnes,18-05-2026
Maharashtra,Nashik,Malegaon APMC,Cereals,Bajra(Pearl Millet/Cumbu),Other,Non-FAQ,"1,600.00","2,773.00","2,125.00",Rs./Quintal,10.10,Metric Tonnes,18-04-2026
Maharashtra,Nashik,Malegaon APMC,Cereals,Bajra(Pearl Millet/Cumbu),Other,Non-FAQ,"1,351.00","2,770.00","2,401.00",Rs./Quintal,9.30,Metric Tonnes,18-02-2026
Maharashtra,Nashik,Malegaon APMC,Cereals,Bajra(Pearl Millet/Cumbu),Other,Non-FAQ,"1,751.00","2,755.00","2,400.00",Rs./Quintal,6.70,Metric Tonnes,17-12-2025
Maharashtra,Nashik,Malegaon APMC,Cereals,Bajra(Pearl Millet/Cumbu),Other,Non-FAQ,"1,851.00","2,770.00","2,350.00",Rs./Quintal,12.30,Metric Tonnes,17-11-2025
Maharashtra,Nashik,Malegaon APMC,Cereals,Bajra(Pearl Millet/Cumbu),Other,Non-FAQ,"2,078.00","2,697.00","2,500.00",Rs./Quintal,5.60,Metric Tonnes,17-08-2026
Maharashtra,Nashik,Malegaon APMC,Cereals,Bajra(Pearl Millet/Cumbu),Other,Non-FAQ,"1,851.00","2,770.00","2,276.00",Rs./Quintal,5.80,Metric Tonnes,17-06-2026
Maharashtra,Nashik,Malegaon APMC,Cereals,Bajra(Pearl Millet/Cumbu),Other,Non-FAQ,"1,451.00","2,440.00","2,026.00",Rs./Quintal,4.40,Metric Tonnes,17-03-2026
Maharashtra,Nashik,Malegaon APMC,Cereals,Bajra(Pearl Millet/Cumbu),Other,Non-FAQ,"1,600.00","2,770.00","2,351.00",Rs./Quintal,5.70,Metric Tonnes,17-01-2026
Maharashtra,Nashik,Malegaon APMC,Cereals,Bajra(Pearl Millet/Cumbu),Other,Non-FAQ,"1,751.00","2,755.00","2,381.00",Rs./Quintal,3.70,Metric Tonnes,16-12-2025
Maharashtra,Nashik,Malegaon APMC,Cereals,Bajra(Pearl Millet/Cumbu),Other,Non-FAQ,"1,852.00","2,660.00","2,352.00",Rs./Quintal,9.10,Metric Tonnes,16-07-2026
Maharashtra,Nashik,Malegaon APMC,Cereals,Bajra(Pearl Millet/Cumbu),Other,Non-FAQ,"1,725.00","2,736.00","2,280.00",Rs./Quintal,10.80,Metric Tonnes,16-06-2026
Maharashtra,Nashik,Malegaon APMC,Cereals,Bajra(Pearl Millet/Cumbu),Other,Non-FAQ,"1,511.00","2,452.00","2,112.00",Rs./Quintal,10.40,Metric Tonnes,16-04-2026
Maharashtra,Nashik,Malegaon APMC,Cereals,Bajra(Pearl Millet/Cumbu),Other,Non-FAQ,"1,451.00","1,800.00","1,601.00",Rs./Quintal,1.30,Metric Tonnes,16-03-2026
Maharashtra,Nashik,Malegaon APMC,Cereals,Bajra(Pearl Millet/Cumbu),Other,Non-FAQ,"1,500.00","2,770.00","2,452.00",Rs./Quintal,3.00,Metric Tonnes,16-02-2026
Maharashtra,Nashik,Malegaon APMC,Cereals,Bajra(Pearl Millet/Cumbu),Other,Non-FAQ,"1,851.00","2,770.00","2,360.00",Rs./Quintal,7.60,Metric Tonnes,15-12-2025
Maharashtra,Nashik,Malegaon APMC,Cereals,Bajra(Pearl Millet/Cumbu),Other,Non-FAQ,"1,881.00","2,752.00","2,402.00",Rs./Quintal,16.30,Metric Tonnes,15-11-2025
Maharashtra,Nashik,Malegaon APMC,Cereals,Bajra(Pearl Millet/Cumbu),Other,Non-FAQ,"2,001.00","2,601.00","2,391.00",Rs./Quintal,7.70,Metric Tonnes,15-07-2026
Maharashtra,Nashik,Malegaon APMC,Cereals,Bajra(Pearl Millet/Cumbu),Other,Non-FAQ,"1,525.00","2,491.00","2,164.00",Rs./Quintal,17.00,Metric Tonnes,15-04-2026
Maharashtra,Nashik,Malegaon APMC,Cereals,Bajra(Pearl Millet/Cumbu),Other,Non-FAQ,"1,400.00","2,501.00","2,151.00",Rs./Quintal,4.70,Metric Tonnes,14-05-2026
Maharashtra,Nashik,Malegaon APMC,Cereals,Bajra(Pearl Millet/Cumbu),Other,Non-FAQ,"1,500.00","2,597.00","2,200.00",Rs./Quintal,3.00,Metric Tonnes,14-03-2026
Maharashtra,Nashik,Malegaon APMC,Cereals,Bajra(Pearl Millet/Cumbu),Other,Non-FAQ,"1,617.00","2,772.00","2,200.00",Rs./Quintal,10.70,Metric Tonnes,14-02-2026
Maharashtra,Nashik,Malegaon APMC,Cereals,Bajra(Pearl Millet/Cumbu),Other,Non-FAQ,"1,721.00","2,770.00","2,420.00",Rs./Quintal,8.20,Metric Tonnes,13-12-2025
Maharashtra,Nashik,Malegaon APMC,Cereals,Bajra(Pearl Millet/Cumbu),Other,Non-FAQ,"1,812.00","2,770.00","2,312.00",Rs./Quintal,14.80,Metric Tonnes,13-11-2025
Maharashtra,Nashik,Malegaon APMC,Cereals,Bajra(Pearl Millet/Cumbu),Other,Non-FAQ,"2,000.00","2,695.00","2,466.00",Rs./Quintal,12.90,Metric Tonnes,13-08-2026
Maharashtra,Nashik,Malegaon APMC,Cereals,Bajra(Pearl Millet/Cumbu),Other,Non-FAQ,"1,936.00","2,611.00","2,351.00",Rs./Quintal,6.80,Metric Tonnes,13-07-2026
Maharashtra,Nashik,Malegaon APMC,Cereals,Bajra(Pearl Millet/Cumbu),Other,Non-FAQ,"1,851.00","2,772.00","2,300.00",Rs./Quintal,9.90,Metric Tonnes,13-06-2026
Maharashtra,Nashik,Malegaon APMC,Cereals,Bajra(Pearl Millet/Cumbu),Other,Non-FAQ,"1,551.00","2,321.00","2,100.00",Rs./Quintal,5.00,Metric Tonnes,13-05-2026
Maharashtra,Nashik,Malegaon APMC,Cereals,Bajra(Pearl Millet/Cumbu),Other,Non-FAQ,"1,500.00","2,611.00","2,270.00",Rs./Quintal,4.30,Metric Tonnes,13-04-2026
Maharashtra,Nashik,Malegaon APMC,Cereals,Bajra(Pearl Millet/Cumbu),Other,Non-FAQ,"1,700.00","2,771.00","2,301.00",Rs./Quintal,4.80,Metric Tonnes,13-01-2026
Maharashtra,Nashik,Malegaon APMC,Cereals,Bajra(Pearl Millet/Cumbu),Other,Non-FAQ,"1,626.00","2,551.00","2,360.00",Rs./Quintal,6.50,Metric Tonnes,12-05-2026
Maharashtra,Nashik,Malegaon APMC,Cereals,Bajra(Pearl Millet/Cumbu),Other,Non-FAQ,"1,475.00","2,773.00","2,375.00",Rs./Quintal,6.10,Metric Tonnes,12-03-2026
Maharashtra,Nashik,Malegaon APMC,Cereals,Bajra(Pearl Millet/Cumbu),Other,Non-FAQ,"1,700.00","2,773.00","2,411.00",Rs./Quintal,3.80,Metric Tonnes,12-02-2026
Maharashtra,Nashik,Malegaon APMC,Cereals,Bajra(Pearl Millet/Cumbu),Other,Non-FAQ,"1,701.00","2,773.00","2,400.00",Rs./Quintal,2.80,Metric Tonnes,12-01-2026
Maharashtra,Nashik,Malegaon APMC,Cereals,Bajra(Pearl Millet/Cumbu),Other,Non-FAQ,"1,801.00","2,575.00","2,331.00",Rs./Quintal,6.60,Metric Tonnes,11-12-2025
Maharashtra,Nashik,Malegaon APMC,Cereals,Bajra(Pearl Millet/Cumbu),Other,Non-FAQ,"1,500.00","2,772.00","2,401.00",Rs./Quintal,14.60,Metric Tonnes,11-11-2025
Maharashtra,Nashik,Malegaon APMC,Cereals,Bajra(Pearl Millet/Cumbu),Other,Non-FAQ,"1,952.00","2,774.00","2,496.00",Rs./Quintal,3.70,Metric Tonnes,11-08-2026
Maharashtra,Nashik,Malegaon APMC,Cereals,Bajra(Pearl Millet/Cumbu),Other,Non-FAQ,"1,851.00","2,725.00","2,352.00",Rs./Quintal,8.40,Metric Tonnes,11-07-2026
Maharashtra,Nashik,Malegaon APMC,Cereals,Bajra(Pearl Millet/Cumbu),Other,Non-FAQ,"1,840.00","2,631.00","2,270.00",Rs./Quintal,6.90,Metric Tonnes,11-06-2026
Maharashtra,Nashik,Malegaon APMC,Cereals,Bajra(Pearl Millet/Cumbu),Other,Non-FAQ,"1,652.00","2,600.00","2,391.00",Rs./Quintal,4.50,Metric Tonnes,11-05-2026
Maharashtra,Nashik,Malegaon APMC,Cereals,Bajra(Pearl Millet/Cumbu),Other,Non-FAQ,"1,471.00","2,475.00","2,100.00",Rs./Quintal,7.10,Metric Tonnes,11-04-2026
Maharashtra,Nashik,Malegaon APMC,Cereals,Bajra(Pearl Millet/Cumbu),Other,Non-FAQ,"1,480.00","2,751.00","2,101.00",Rs./Quintal,3.20,Metric Tonnes,11-03-2026
Maharashtra,Nashik,Malegaon APMC,Cereals,Bajra(Pearl Millet/Cumbu),Other,Non-FAQ,"1,700.00","2,769.00","2,395.00",Rs./Quintal,9.40,Metric Tonnes,10-12-2025
Maharashtra,Nashik,Malegaon APMC,Cereals,Bajra(Pearl Millet/Cumbu),Other,Non-FAQ,"1,900.00","2,630.00","2,441.00",Rs./Quintal,5.40,Metric Tonnes,10-08-2026
Maharashtra,Nashik,Malegaon APMC,Cereals,Bajra(Pearl Millet/Cumbu),Other,Non-FAQ,"1,700.00","2,452.00","2,316.00",Rs./Quintal,3.40,Metric Tonnes,10-06-2026
Maharashtra,Nashik,Malegaon APMC,Cereals,Bajra(Pearl Millet/Cumbu),Other,Non-FAQ,"1,500.00","2,751.00","2,125.00",Rs./Quintal,3.00,Metric Tonnes,10-03-2026
Maharashtra,Nashik,Malegaon APMC,Cereals,Bajra(Pearl Millet/Cumbu),Other,Non-FAQ,"1,500.00","2,772.00","2,401.00",Rs./Quintal,6.10,Metric Tonnes,10-02-2026
Maharashtra,Nashik,Malegaon APMC,Cereals,Bajra(Pearl Millet/Cumbu),Other,Non-FAQ,"1,700.00","2,770.00","2,491.00",Rs./Quintal,9.70,Metric Tonnes,10-01-2026
Maharashtra,Nashik,Malegaon APMC,Cereals,Bajra(Pearl Millet/Cumbu),Other,Non-FAQ,"1,870.00","2,773.00","2,352.00",Rs./Quintal,7.30,Metric Tonnes,09-12-2025
Maharashtra,Nashik,Malegaon APMC,Cereals,Bajra(Pearl Millet/Cumbu),Other,Non-FAQ,"1,901.00","2,701.00","2,401.00",Rs./Quintal,6.30,Metric Tonnes,09-07-2026
Maharashtra,Nashik,Malegaon APMC,Cereals,Bajra(Pearl Millet/Cumbu),Other,Non-FAQ,"1,851.00","2,770.00","2,200.00",Rs./Quintal,5.30,Metric Tonnes,09-06-2026
Maharashtra,Nashik,Malegaon APMC,Cereals,Bajra(Pearl Millet/Cumbu),Other,Non-FAQ,"1,620.00","2,773.00","2,400.00",Rs./Quintal,9.00,Metric Tonnes,09-05-2026
Maharashtra,Nashik,Malegaon APMC,Cereals,Bajra(Pearl Millet/Cumbu),Other,Non-FAQ,"1,400.00","2,690.00","2,142.00",Rs./Quintal,12.80,Metric Tonnes,09-04-2026
Maharashtra,Nashik,Malegaon APMC,Cereals,Bajra(Pearl Millet/Cumbu),Other,Non-FAQ,"1,501.00","2,770.00","2,140.00",Rs./Quintal,8.50,Metric Tonnes,09-03-2026
Maharashtra,Nashik,Malegaon APMC,Cereals,Bajra(Pearl Millet/Cumbu),Other,Non-FAQ,"1,500.00","2,770.00","2,396.00",Rs./Quintal,3.70,Metric Tonnes,09-02-2026
Maharashtra,Nashik,Malegaon APMC,Cereals,Bajra(Pearl Millet/Cumbu),Other,Non-FAQ,"1,901.00","2,770.00","2,400.00",Rs./Quintal,14.70,Metric Tonnes,08-12-2025
Maharashtra,Nashik,Malegaon APMC,Cereals,Bajra(Pearl Millet/Cumbu),Other,Non-FAQ,"1,911.00","2,640.00","2,451.00",Rs./Quintal,10.20,Metric Tonnes,08-08-2026
Maharashtra,Nashik,Malegaon APMC,Cereals,Bajra(Pearl Millet/Cumbu),Other,Non-FAQ,"2,391.00","2,686.00","2,431.00",Rs./Quintal,3.90,Metric Tonnes,08-07-2026
Maharashtra,Nashik,Malegaon APMC,Cereals,Bajra(Pearl Millet/Cumbu),Other,Non-FAQ,"1,801.00","2,752.00","2,193.00",Rs./Quintal,11.80,Metric Tonnes,08-06-2026
Maharashtra,Nashik,Malegaon APMC,Cereals,Bajra(Pearl Millet/Cumbu),Other,Non-FAQ,"1,456.00","2,475.00","2,201.00",Rs./Quintal,5.10,Metric Tonnes,08-04-2026
Maharashtra,Nashik,Malegaon APMC,Cereals,Bajra(Pearl Millet/Cumbu),Other,Non-FAQ,"1,700.00","2,772.00","2,425.00",Rs./Quintal,6.30,Metric Tonnes,08-01-2026
Maharashtra,Nashik,Malegaon APMC,Cereals,Bajra(Pearl Millet/Cumbu),Other,Non-FAQ,"2,200.00","2,586.00","2,341.00",Rs./Quintal,8.30,Metric Tonnes,07-07-2026
Maharashtra,Nashik,Malegaon APMC,Cereals,Bajra(Pearl Millet/Cumbu),Other,Non-FAQ,"1,575.00","2,428.00","2,292.00",Rs./Quintal,11.00,Metric Tonnes,07-05-2026
Maharashtra,Nashik,Malegaon APMC,Cereals,Bajra(Pearl Millet/Cumbu),Other,Non-FAQ,"1,475.00","2,700.00","2,200.00",Rs./Quintal,9.60,Metric Tonnes,07-04-2026
Maharashtra,Nashik,Malegaon APMC,Cereals,Bajra(Pearl Millet/Cumbu),Other,Non-FAQ,"1,500.00","2,771.00","2,300.00",Rs./Quintal,7.60,Metric Tonnes,07-03-2026
Maharashtra,Nashik,Malegaon APMC,Cereals,Bajra(Pearl Millet/Cumbu),Other,Non-FAQ,"1,651.00","2,505.00","2,450.00",Rs./Quintal,3.90,Metric Tonnes,07-02-2026
Maharashtra,Nashik,Malegaon APMC,Cereals,Bajra(Pearl Millet/Cumbu),Other,Non-FAQ,"1,600.00","2,727.00","2,302.00",Rs./Quintal,3.60,Metric Tonnes,07-01-2026
Maharashtra,Nashik,Malegaon APMC,Cereals,Bajra(Pearl Millet/Cumbu),Other,Non-FAQ,"1,951.00","2,615.00","2,451.00",Rs./Quintal,16.80,Metric Tonnes,06-08-2026
Maharashtra,Nashik,Malegaon APMC,Cereals,Bajra(Pearl Millet/Cumbu),Other,Non-FAQ,"2,020.00","2,645.00","2,301.00",Rs./Quintal,6.40,Metric Tonnes,06-07-2026
Maharashtra,Nashik,Malegaon APMC,Cereals,Bajra(Pearl Millet/Cumbu),Other,Non-FAQ,"1,300.00","2,772.00","2,381.00",Rs./Quintal,8.00,Metric Tonnes,06-06-2026
Maharashtra,Nashik,Malegaon APMC,Cereals,Bajra(Pearl Millet/Cumbu),Other,Non-FAQ,"1,576.00","2,620.00","2,325.00",Rs./Quintal,3.80,Metric Tonnes,06-05-2026
Maharashtra,Nashik,Malegaon APMC,Cereals,Bajra(Pearl Millet/Cumbu),Other,Non-FAQ,"1,452.00","2,527.00","2,100.00",Rs./Quintal,5.50,Metric Tonnes,06-04-2026
Maharashtra,Nashik,Malegaon APMC,Cereals,Bajra(Pearl Millet/Cumbu),Other,Non-FAQ,"2,591.00","2,772.00","2,616.00",Rs./Quintal,4.10,Metric Tonnes,06-01-2026
Maharashtra,Nashik,Malegaon APMC,Cereals,Bajra(Pearl Millet/Cumbu),Other,Non-FAQ,"2,001.00","2,701.00","2,485.00",Rs./Quintal,10.20,Metric Tonnes,05-08-2026
Maharashtra,Nashik,Malegaon APMC,Cereals,Bajra(Pearl Millet/Cumbu),Other,Non-FAQ,"1,670.00","2,727.00","2,151.00",Rs./Quintal,14.80,Metric Tonnes,05-05-2026
Maharashtra,Nashik,Malegaon APMC,Cereals,Bajra(Pearl Millet/Cumbu),Other,Non-FAQ,"1,500.00","2,701.00","2,051.00",Rs./Quintal,3.30,Metric Tonnes,05-03-2026
Maharashtra,Nashik,Malegaon APMC,Cereals,Bajra(Pearl Millet/Cumbu),Other,Non-FAQ,"1,525.00","2,751.00","2,261.00",Rs./Quintal,7.80,Metric Tonnes,05-02-2026
Maharashtra,Nashik,Malegaon APMC,Cereals,Bajra(Pearl Millet/Cumbu),Other,Non-FAQ,"1,622.00","2,772.00","2,486.00",Rs./Quintal,4.30,Metric Tonnes,05-01-2026
Maharashtra,Nashik,Malegaon APMC,Cereals,Bajra(Pearl Millet/Cumbu),Other,Non-FAQ,"1,881.00","2,770.00","2,419.00",Rs./Quintal,6.40,Metric Tonnes,04-12-2025
Maharashtra,Nashik,Malegaon APMC,Cereals,Bajra(Pearl Millet/Cumbu),Other,Non-FAQ,"2,032.00","2,772.00","2,525.00",Rs./Quintal,6.80,Metric Tonnes,04-08-2026
Maharashtra,Nashik,Malegaon APMC,Cereals,Bajra(Pearl Millet/Cumbu),Other,Non-FAQ,"1,851.00","2,595.00","2,425.00",Rs./Quintal,4.50,Metric Tonnes,04-07-2026
Maharashtra,Nashik,Malegaon APMC,Cereals,Bajra(Pearl Millet/Cumbu),Other,Non-FAQ,"1,771.00","2,605.00","2,304.00",Rs./Quintal,8.30,Metric Tonnes,04-06-2026
Maharashtra,Nashik,Malegaon APMC,Cereals,Bajra(Pearl Millet/Cumbu),Other,Non-FAQ,"1,946.00","2,502.00","2,351.00",Rs./Quintal,13.00,Metric Tonnes,04-05-2026
Maharashtra,Nashik,Malegaon APMC,Cereals,Bajra(Pearl Millet/Cumbu),Other,Non-FAQ,"1,450.00","2,647.00","2,167.00",Rs./Quintal,5.50,Metric Tonnes,04-04-2026
Maharashtra,Nashik,Malegaon APMC,Cereals,Bajra(Pearl Millet/Cumbu),Other,Non-FAQ,"1,400.00","2,580.00","2,380.00",Rs./Quintal,4.40,Metric Tonnes,04-03-2026
Maharashtra,Nashik,Malegaon APMC,Cereals,Bajra(Pearl Millet/Cumbu),Other,Non-FAQ,"1,550.00","2,770.00","2,409.00",Rs./Quintal,4.90,Metric Tonnes,04-02-2026
Maharashtra,Nashik,Malegaon APMC,Cereals,Bajra(Pearl Millet/Cumbu),Other,Non-FAQ,"1,730.00","2,769.00","2,460.00",Rs./Quintal,11.70,Metric Tonnes,03-12-2025
Maharashtra,Nashik,Malegaon APMC,Cereals,Bajra(Pearl Millet/Cumbu),Other,Non-FAQ,"1,800.00","2,643.00","2,500.00",Rs./Quintal,7.20,Metric Tonnes,03-08-2026
Maharashtra,Nashik,Malegaon APMC,Cereals,Bajra(Pearl Millet/Cumbu),Other,Non-FAQ,"1,600.00","2,470.00","2,181.00",Rs./Quintal,13.10,Metric Tonnes,03-06-2026
Maharashtra,Nashik,Malegaon APMC,Cereals,Bajra(Pearl Millet/Cumbu),Other,Non-FAQ,"1,551.00","2,636.00","2,253.00",Rs./Quintal,3.20,Metric Tonnes,03-02-2026
Maharashtra,Nashik,Malegaon APMC,Cereals,Bajra(Pearl Millet/Cumbu),Other,Non-FAQ,"1,700.00","2,774.00","2,452.00",Rs./Quintal,5.30,Metric Tonnes,03-01-2026
Maharashtra,Nashik,Malegaon APMC,Cereals,Bajra(Pearl Millet/Cumbu),Other,Non-FAQ,"1,852.00","2,773.00","2,560.00",Rs./Quintal,5.20,Metric Tonnes,02-12-2025
Maharashtra,Nashik,Malegaon APMC,Cereals,Bajra(Pearl Millet/Cumbu),Other,Non-FAQ,"2,000.00","2,635.00","2,408.00",Rs./Quintal,3.00,Metric Tonnes,02-07-2026
Maharashtra,Nashik,Malegaon APMC,Cereals,Bajra(Pearl Millet/Cumbu),Other,Non-FAQ,"1,501.00","2,375.00","2,135.00",Rs./Quintal,9.90,Metric Tonnes,02-06-2026
Maharashtra,Nashik,Malegaon APMC,Cereals,Bajra(Pearl Millet/Cumbu),Other,Non-FAQ,"1,500.00","2,501.00","2,385.00",Rs./Quintal,11.50,Metric Tonnes,02-05-2026
Maharashtra,Nashik,Malegaon APMC,Cereals,Bajra(Pearl Millet/Cumbu),Other,Non-FAQ,"1,500.00","2,415.00","2,200.00",Rs./Quintal,5.80,Metric Tonnes,02-04-2026
Maharashtra,Nashik,Malegaon APMC,Cereals,Bajra(Pearl Millet/Cumbu),Other,Non-FAQ,"1,400.00","2,773.00","2,101.00",Rs./Quintal,3.20,Metric Tonnes,02-03-2026
Maharashtra,Nashik,Malegaon APMC,Cereals,Bajra(Pearl Millet/Cumbu),Other,Non-FAQ,"1,615.00","2,770.00","2,225.00",Rs./Quintal,3.20,Metric Tonnes,02-02-2026
Maharashtra,Nashik,Malegaon APMC,Cereals,Bajra(Pearl Millet/Cumbu),Other,Non-FAQ,"1,961.00","2,680.00","2,471.00",Rs./Quintal,5.10,Metric Tonnes,01-08-2026
Maharashtra,Nashik,Malegaon APMC,Cereals,Bajra(Pearl Millet/Cumbu),Other,Non-FAQ,"1,825.00","2,666.00","2,435.00",Rs./Quintal,9.00,Metric Tonnes,01-07-2026
Maharashtra,Nashik,Malegaon APMC,Cereals,Bajra(Pearl Millet/Cumbu),Other,Non-FAQ,"1,500.00","2,770.00","2,371.00",Rs./Quintal,10.30,Metric Tonnes,01-06-2026
Maharashtra,Nashik,Malegaon APMC,Cereals,Bajra(Pearl Millet/Cumbu),Other,Non-FAQ,"1,711.00","2,772.00","2,495.00",Rs./Quintal,7.10,Metric Tonnes,01-01-2026
Maharashtra,Nashik,Manmad APMC,Cereals,Bajra(Pearl Millet/Cumbu),Other,Non-FAQ,"2,251.00","2,636.00","2,636.00",Rs./Quintal,0.60,Metric Tonnes,30-07-2026
Maharashtra,Nashik,Manmad APMC,Cereals,Bajra(Pearl Millet/Cumbu),Other,Non-FAQ,"1,876.00","2,511.00","2,200.00",Rs./Quintal,1.60,Metric Tonnes,30-06-2026
Maharashtra,Nashik,Manmad APMC,Cereals,Bajra(Pearl Millet/Cumbu),Other,Non-FAQ,"1,760.00","2,774.00","1,941.00",Rs./Quintal,0.90,Metric Tonnes,30-01-2026
Maharashtra,Nashik,Manmad APMC,Cereals,Bajra(Pearl Millet/Cumbu),Other,Non-FAQ,"1,876.00","2,511.00","2,200.00",Rs./Quintal,0.60,Metric Tonnes,29-06-2026
Maharashtra,Nashik,Manmad APMC,Cereals,Bajra(Pearl Millet/Cumbu),Other,Non-FAQ,"1,600.00","2,000.00","2,000.00",Rs./Quintal,1.60,Metric Tonnes,29-05-2026
Maharashtra,Nashik,Manmad APMC,Cereals,Bajra(Pearl Millet/Cumbu),Other,Non-FAQ,"2,550.00","2,600.00","2,580.00",Rs./Quintal,0.30,Metric Tonnes,29-04-2026
Maharashtra,Nashik,Manmad APMC,Cereals,Bajra(Pearl Millet/Cumbu),Other,Non-FAQ,"1,600.00","2,770.00","2,421.00",Rs./Quintal,1.90,Metric Tonnes,28-11-2025
Maharashtra,Nashik,Manmad APMC,Cereals,Bajra(Pearl Millet/Cumbu),Other,Non-FAQ,"1,660.00","1,710.00","1,710.00",Rs./Quintal,0.80,Metric Tonnes,28-03-2026
Maharashtra,Nashik,Manmad APMC,Cereals,Bajra(Pearl Millet/Cumbu),Other,Non-FAQ,"1,840.00","2,774.00","2,536.00",Rs./Quintal,1.40,Metric Tonnes,28-01-2026
Maharashtra,Nashik,Manmad APMC,Cereals,Bajra(Pearl Millet/Cumbu),Other,Non-FAQ,"1,500.00","2,774.00","2,491.00",Rs./Quintal,1.00,Metric Tonnes,27-11-2025
Maharashtra,Nashik,Manmad APMC,Cereals,Bajra(Pearl Millet/Cumbu),Other,Non-FAQ,"1,650.00","2,475.00","1,825.00",Rs./Quintal,0.30,Metric Tonnes,27-04-2026
Maharashtra,Nashik,Manmad APMC,Cereals,Bajra(Pearl Millet/Cumbu),Other,Non-FAQ,"2,400.00","2,499.00","2,499.00",Rs./Quintal,0.30,Metric Tonnes,27-02-2026
Maharashtra,Nashik,Manmad APMC,Cereals,Bajra(Pearl Millet/Cumbu),Other,Non-FAQ,"1,771.00","2,774.00","1,802.00",Rs./Quintal,1.20,Metric Tonnes,26-12-2025
Maharashtra,Nashik,Manmad APMC,Cereals,Bajra(Pearl Millet/Cumbu),Other,Non-FAQ,"1,600.00","2,550.00","1,972.00",Rs./Quintal,1.50,Metric Tonnes,26-11-2025
Maharashtra,Nashik,Manmad APMC,Cereals,Bajra(Pearl Millet/Cumbu),Other,Non-FAQ,"1,181.00","2,451.00","2,241.00",Rs./Quintal,3.50,Metric Tonnes,26-05-2026
Maharashtra,Nashik,Manmad APMC,Cereals,Bajra(Pearl Millet/Cumbu),Other,Non-FAQ,"2,000.00","2,636.00","2,318.00",Rs./Quintal,1.50,Metric Tonnes,25-06-2026
Maharashtra,Nashik,Manmad APMC,Cereals,Bajra(Pearl Millet/Cumbu),Other,Non-FAQ,"1,552.00","2,667.00","2,590.00",Rs./Quintal,1.10,Metric Tonnes,24-11-2025
Maharashtra,Nashik,Manmad APMC,Cereals,Bajra(Pearl Millet/Cumbu),Other,Non-FAQ,"1,599.00","2,600.00","1,860.00",Rs./Quintal,0.70,Metric Tonnes,24-04-2026
Maharashtra,Nashik,Manmad APMC,Cereals,Bajra(Pearl Millet/Cumbu),Other,Non-FAQ,"1,561.00","1,967.00","1,967.00",Rs./Quintal,0.90,Metric Tonnes,24-03-2026
Maharashtra,Nashik,Manmad APMC,Cereals,Bajra(Pearl Millet/Cumbu),Other,Non-FAQ,"1,740.00","2,600.00","1,882.00",Rs./Quintal,0.90,Metric Tonnes,23-12-2025
Maharashtra,Nashik,Manmad APMC,Cereals,Bajra(Pearl Millet/Cumbu),Other,Non-FAQ,"2,075.00","2,200.00","2,075.00",Rs./Quintal,1.30,Metric Tonnes,23-07-2026
Maharashtra,Nashik,Manmad APMC,Cereals,Bajra(Pearl Millet/Cumbu),Other,Non-FAQ,"1,798.00","1,990.00","1,990.00",Rs./Quintal,0.30,Metric Tonnes,23-06-2026
Maharashtra,Nashik,Manmad APMC,Cereals,Bajra(Pearl Millet/Cumbu),Other,Non-FAQ,"1,301.00","1,741.00","1,585.00",Rs./Quintal,65.10,Metric Tonnes,23-03-2026
Maharashtra,Nashik,Manmad APMC,Cereals,Bajra(Pearl Millet/Cumbu),Other,Non-FAQ,"1,670.00","2,774.00","2,425.00",Rs./Quintal,1.20,Metric Tonnes,23-02-2026
Maharashtra,Nashik,Manmad APMC,Cereals,Bajra(Pearl Millet/Cumbu),Other,Non-FAQ,"1,700.00","2,581.00","1,978.00",Rs./Quintal,1.70,Metric Tonnes,23-01-2026
Maharashtra,Nashik,Manmad APMC,Cereals,Bajra(Pearl Millet/Cumbu),Other,Non-FAQ,"2,000.00","2,526.00","2,000.00",Rs./Quintal,1.20,Metric Tonnes,22-12-2025
Maharashtra,Nashik,Manmad APMC,Cereals,Bajra(Pearl Millet/Cumbu),Other,Non-FAQ,"1,300.00","1,880.00","1,779.00",Rs./Quintal,0.50,Metric Tonnes,22-05-2026
Maharashtra,Nashik,Manmad APMC,Cereals,Bajra(Pearl Millet/Cumbu),Other,Non-FAQ,"1,699.00","2,160.00","1,723.00",Rs./Quintal,0.80,Metric Tonnes,22-04-2026
Maharashtra,Nashik,Manmad APMC,Cereals,Bajra(Pearl Millet/Cumbu),Other,FAQ,"2,775.00","3,100.00","2,775.00",Rs./Quintal,0.40,Metric Tonnes,22-01-2026
Maharashtra,Nashik,Manmad APMC,Cereals,Bajra(Pearl Millet/Cumbu),Other,FAQ,"2,775.00","3,098.00","2,801.00",Rs./Quintal,2.00,Metric Tonnes,21-11-2025
Maharashtra,Nashik,Manmad APMC,Cereals,Bajra(Pearl Millet/Cumbu),Other,Non-FAQ,"1,761.00","2,551.00","2,100.00",Rs./Quintal,2.00,Metric Tonnes,21-05-2026
Maharashtra,Nashik,Manmad APMC,Cereals,Bajra(Pearl Millet/Cumbu),Other,FAQ,"2,775.00","3,211.00","2,921.00",Rs./Quintal,0.40,Metric Tonnes,21-01-2026
Maharashtra,Nashik,Manmad APMC,Cereals,Bajra(Pearl Millet/Cumbu),Other,Non-FAQ,"2,221.00","2,261.00","2,221.00",Rs./Quintal,0.40,Metric Tonnes,20-08-2026
Maharashtra,Nashik,Manmad APMC,Cereals,Bajra(Pearl Millet/Cumbu),Other,Non-FAQ,"1,300.00","1,892.00","1,761.00",Rs./Quintal,0.50,Metric Tonnes,20-05-2026
Maharashtra,Nashik,Manmad APMC,Cereals,Bajra(Pearl Millet/Cumbu),Other,Non-FAQ,"1,600.00","2,601.00","2,581.00",Rs./Quintal,4.00,Metric Tonnes,20-04-2026
Maharashtra,Nashik,Manmad APMC,Cereals,Bajra(Pearl Millet/Cumbu),Other,Non-FAQ,"1,652.00","2,415.00","2,415.00",Rs./Quintal,0.60,Metric Tonnes,20-02-2026
Maharashtra,Nashik,Manmad APMC,Cereals,Bajra(Pearl Millet/Cumbu),Other,Non-FAQ,"1,751.00","2,575.00","2,367.00",Rs./Quintal,0.30,Metric Tonnes,19-12-2025
Maharashtra,Nashik,Manmad APMC,Cereals,Bajra(Pearl Millet/Cumbu),Other,Non-FAQ,"2,135.00","2,733.00","2,590.00",Rs./Quintal,2.20,Metric Tonnes,19-08-2026
Maharashtra,Nashik,Manmad APMC,Cereals,Bajra(Pearl Millet/Cumbu),Other,Non-FAQ,"2,551.00","2,770.00","2,660.00",Rs./Quintal,1.00,Metric Tonnes,18-12-2025
Maharashtra,Nashik,Manmad APMC,Cereals,Bajra(Pearl Millet/Cumbu),Other,Non-FAQ,"2,132.00","2,700.00","2,351.00",Rs./Quintal,0.80,Metric Tonnes,18-08-2026
Maharashtra,Nashik,Manmad APMC,Cereals,Bajra(Pearl Millet/Cumbu),Other,Non-FAQ,"1,800.00","2,123.00","1,900.00",Rs./Quintal,1.90,Metric Tonnes,18-06-2026
Maharashtra,Nashik,Manmad APMC,Cereals,Bajra(Pearl Millet/Cumbu),Other,Non-FAQ,"1,650.00","2,652.00","2,475.00",Rs./Quintal,1.00,Metric Tonnes,17-12-2025
Maharashtra,Nashik,Manmad APMC,Cereals,Bajra(Pearl Millet/Cumbu),Other,Non-FAQ,"2,100.00","2,617.00","2,280.00",Rs./Quintal,1.60,Metric Tonnes,17-08-2026
Maharashtra,Nashik,Manmad APMC,Cereals,Bajra(Pearl Millet/Cumbu),Other,Non-FAQ,"2,090.00","2,761.00","2,761.00",Rs./Quintal,1.20,Metric Tonnes,17-07-2026
Maharashtra,Nashik,Manmad APMC,Cereals,Bajra(Pearl Millet/Cumbu),Other,Non-FAQ,"2,681.00","2,770.00","2,681.00",Rs./Quintal,1.20,Metric Tonnes,17-06-2026
Maharashtra,Nashik,Manmad APMC,Cereals,Bajra(Pearl Millet/Cumbu),Other,FAQ,"2,775.00","2,950.00","2,950.00",Rs./Quintal,0.80,Metric Tonnes,17-02-2026
Maharashtra,Nashik,Manmad APMC,Cereals,Bajra(Pearl Millet/Cumbu),Other,Non-FAQ,"1,700.00","2,774.00","2,507.00",Rs./Quintal,0.50,Metric Tonnes,16-12-2025
Maharashtra,Nashik,Manmad APMC,Cereals,Bajra(Pearl Millet/Cumbu),Other,Non-FAQ,"2,080.00","2,751.00","2,251.00",Rs./Quintal,1.30,Metric Tonnes,16-07-2026
Maharashtra,Nashik,Manmad APMC,Cereals,Bajra(Pearl Millet/Cumbu),Other,Non-FAQ,"1,742.00","2,571.00","2,571.00",Rs./Quintal,3.70,Metric Tonnes,16-04-2026
Maharashtra,Nashik,Manmad APMC,Cereals,Bajra(Pearl Millet/Cumbu),Other,Non-FAQ,"1,700.00","1,751.00","1,700.00",Rs./Quintal,0.40,Metric Tonnes,15-12-2025
Maharashtra,Nashik,Manmad APMC,Cereals,Bajra(Pearl Millet/Cumbu),Other,Non-FAQ,"1,999.00","2,615.00","2,100.00",Rs./Quintal,0.30,Metric Tonnes,15-07-2026
Maharashtra,Nashik,Manmad APMC,Cereals,Bajra(Pearl Millet/Cumbu),Other,Non-FAQ,"1,520.00","2,371.00","2,371.00",Rs./Quintal,0.80,Metric Tonnes,15-04-2026
Maharashtra,Nashik,Manmad APMC,Cereals,Bajra(Pearl Millet/Cumbu),Other,Non-FAQ,"1,950.00","2,170.00","2,033.00",Rs./Quintal,0.50,Metric Tonnes,14-07-2026
Maharashtra,Nashik,Manmad APMC,Cereals,Bajra(Pearl Millet/Cumbu),Other,Non-FAQ,"1,942.00","2,655.00","2,500.00",Rs./Quintal,0.90,Metric Tonnes,14-05-2026
Maharashtra,Nashik,Manmad APMC,Cereals,Bajra(Pearl Millet/Cumbu),Other,Non-FAQ,"2,400.00","2,550.00","2,471.00",Rs./Quintal,0.70,Metric Tonnes,13-08-2026
Maharashtra,Nashik,Manmad APMC,Cereals,Bajra(Pearl Millet/Cumbu),Other,Non-FAQ,"2,568.00","2,770.00","2,599.00",Rs./Quintal,1.40,Metric Tonnes,13-07-2026
Maharashtra,Nashik,Manmad APMC,Cereals,Bajra(Pearl Millet/Cumbu),Other,Non-FAQ,"2,301.00","2,491.00","2,301.00",Rs./Quintal,0.50,Metric Tonnes,13-05-2026
Maharashtra,Nashik,Manmad APMC,Cereals,Bajra(Pearl Millet/Cumbu),Other,Non-FAQ,"1,600.00","2,399.00","2,399.00",Rs./Quintal,0.50,Metric Tonnes,13-03-2026
Maharashtra,Nashik,Manmad APMC,Cereals,Bajra(Pearl Millet/Cumbu),Other,Non-FAQ,"1,720.00","2,616.00","2,616.00",Rs./Quintal,1.70,Metric Tonnes,13-02-2026
Maharashtra,Nashik,Manmad APMC,Cereals,Bajra(Pearl Millet/Cumbu),Other,Non-FAQ,"1,551.00","2,774.00","1,690.00",Rs./Quintal,1.40,Metric Tonnes,12-12-2025
Maharashtra,Nashik,Manmad APMC,Cereals,Bajra(Pearl Millet/Cumbu),Other,Non-FAQ,"1,881.00","2,770.00","2,700.00",Rs./Quintal,2.50,Metric Tonnes,12-06-2026
Maharashtra,Nashik,Manmad APMC,Cereals,Bajra(Pearl Millet/Cumbu),Other,Non-FAQ,"1,661.00","2,124.00","2,124.00",Rs./Quintal,0.30,Metric Tonnes,12-03-2026
Maharashtra,Nashik,Manmad APMC,Cereals,Bajra(Pearl Millet/Cumbu),Other,Non-FAQ,"1,721.00","2,500.00","2,500.00",Rs./Quintal,0.50,Metric Tonnes,12-02-2026
Maharashtra,Nashik,Manmad APMC,Cereals,Bajra(Pearl Millet/Cumbu),Other,Non-FAQ,"1,950.00","2,251.00","2,251.00",Rs./Quintal,0.30,Metric Tonnes,11-06-2026
Maharashtra,Nashik,Manmad APMC,Cereals,Bajra(Pearl Millet/Cumbu),Other,Non-FAQ,"1,711.00","2,300.00","2,075.00",Rs./Quintal,0.80,Metric Tonnes,11-05-2026
Maharashtra,Nashik,Manmad APMC,Cereals,Bajra(Pearl Millet/Cumbu),Other,Non-FAQ,"1,651.00","2,675.00","2,301.00",Rs./Quintal,1.90,Metric Tonnes,11-03-2026
Maharashtra,Nashik,Manmad APMC,Cereals,Bajra(Pearl Millet/Cumbu),Other,Non-FAQ,"2,105.00","2,531.00","2,200.00",Rs./Quintal,0.60,Metric Tonnes,10-08-2026
Maharashtra,Nashik,Manmad APMC,Cereals,Bajra(Pearl Millet/Cumbu),Other,Non-FAQ,"1,660.00","1,710.00","1,710.00",Rs./Quintal,0.80,Metric Tonnes,10-04-2026
Maharashtra,Nashik,Manmad APMC,Cereals,Bajra(Pearl Millet/Cumbu),Other,Non-FAQ,"2,081.00","2,501.00","2,170.00",Rs./Quintal,0.30,Metric Tonnes,10-03-2026
Maharashtra,Nashik,Manmad APMC,Cereals,Bajra(Pearl Millet/Cumbu),Other,Non-FAQ,"2,000.00","2,770.00","2,520.00",Rs./Quintal,0.70,Metric Tonnes,10-02-2026
Maharashtra,Nashik,Manmad APMC,Cereals,Bajra(Pearl Millet/Cumbu),Other,Non-FAQ,"1,450.00","1,900.00","1,790.00",Rs./Quintal,2.90,Metric Tonnes,09-12-2025
Maharashtra,Nashik,Manmad APMC,Cereals,Bajra(Pearl Millet/Cumbu),Other,Non-FAQ,"2,315.00","2,315.00","2,315.00",Rs./Quintal,0.30,Metric Tonnes,09-07-2026
Maharashtra,Nashik,Manmad APMC,Cereals,Bajra(Pearl Millet/Cumbu),Other,Non-FAQ,"1,500.00","2,751.00","2,751.00",Rs./Quintal,0.40,Metric Tonnes,09-04-2026
Maharashtra,Nashik,Manmad APMC,Cereals,Bajra(Pearl Millet/Cumbu),Other,Non-FAQ,"1,591.00","2,181.00","2,181.00",Rs./Quintal,0.80,Metric Tonnes,09-03-2026
Maharashtra,Nashik,Manmad APMC,Cereals,Bajra(Pearl Millet/Cumbu),Other,Non-FAQ,"1,801.00","2,721.00","1,801.00",Rs./Quintal,0.60,Metric Tonnes,09-01-2026
Maharashtra,Nashik,Manmad APMC,Cereals,Bajra(Pearl Millet/Cumbu),Other,Non-FAQ,"1,891.00","2,352.00","1,991.00",Rs./Quintal,0.50,Metric Tonnes,08-07-2026
Maharashtra,Nashik,Manmad APMC,Cereals,Bajra(Pearl Millet/Cumbu),Other,Non-FAQ,"1,800.00","2,751.00","2,399.00",Rs./Quintal,2.60,Metric Tonnes,08-06-2026
Maharashtra,Nashik,Manmad APMC,Cereals,Bajra(Pearl Millet/Cumbu),Other,Non-FAQ,"1,651.00","1,802.00","1,700.00",Rs./Quintal,0.50,Metric Tonnes,08-05-2026
Maharashtra,Nashik,Manmad APMC,Cereals,Bajra(Pearl Millet/Cumbu),Other,Non-FAQ,"2,112.00","2,770.00","2,676.00",Rs./Quintal,1.00,Metric Tonnes,07-08-2026
Maharashtra,Nashik,Manmad APMC,Cereals,Bajra(Pearl Millet/Cumbu),Other,Non-FAQ,"1,601.00","2,412.00","2,091.00",Rs./Quintal,2.20,Metric Tonnes,07-05-2026
Maharashtra,Nashik,Manmad APMC,Cereals,Bajra(Pearl Millet/Cumbu),Other,Non-FAQ,"1,500.00","2,081.00","1,500.00",Rs./Quintal,0.70,Metric Tonnes,07-04-2026
Maharashtra,Nashik,Manmad APMC,Cereals,Bajra(Pearl Millet/Cumbu),Other,Non-FAQ,"1,715.00","2,573.00","1,815.00",Rs./Quintal,2.40,Metric Tonnes,07-01-2026
Maharashtra,Nashik,Manmad APMC,Cereals,Bajra(Pearl Millet/Cumbu),Other,Non-FAQ,"2,221.00","2,600.00","2,250.00",Rs./Quintal,0.40,Metric Tonnes,06-08-2026
Maharashtra,Nashik,Manmad APMC,Cereals,Bajra(Pearl Millet/Cumbu),Other,Non-FAQ,"1,699.00","2,421.00","2,200.00",Rs./Quintal,1.00,Metric Tonnes,06-05-2026
Maharashtra,Nashik,Manmad APMC,Cereals,Bajra(Pearl Millet/Cumbu),Other,Non-FAQ,"1,690.00","2,762.00","2,762.00",Rs./Quintal,0.80,Metric Tonnes,06-03-2026
Maharashtra,Nashik,Manmad APMC,Cereals,Bajra(Pearl Millet/Cumbu),Other,Non-FAQ,"1,500.00","2,700.00","1,641.00",Rs./Quintal,1.20,Metric Tonnes,05-12-2025
Maharashtra,Nashik,Manmad APMC,Cereals,Bajra(Pearl Millet/Cumbu),Other,Non-FAQ,"2,200.00","2,700.00","2,700.00",Rs./Quintal,3.00,Metric Tonnes,05-08-2026
Maharashtra,Nashik,Manmad APMC,Cereals,Bajra(Pearl Millet/Cumbu),Other,Non-FAQ,"1,790.00","2,774.00","2,774.00",Rs./Quintal,0.30,Metric Tonnes,05-06-2026
Maharashtra,Nashik,Manmad APMC,Cereals,Bajra(Pearl Millet/Cumbu),Other,Non-FAQ,"1,731.00","2,716.00","2,716.00",Rs./Quintal,0.70,Metric Tonnes,05-02-2026
Maharashtra,Nashik,Manmad APMC,Cereals,Bajra(Pearl Millet/Cumbu),Other,Non-FAQ,"1,806.00","1,820.00","1,806.00",Rs./Quintal,0.50,Metric Tonnes,05-01-2026
Maharashtra,Nashik,Manmad APMC,Cereals,Bajra(Pearl Millet/Cumbu),Other,Non-FAQ,"1,629.00","2,755.00","2,000.00",Rs./Quintal,0.80,Metric Tonnes,04-12-2025
Maharashtra,Nashik,Manmad APMC,Cereals,Bajra(Pearl Millet/Cumbu),Other,Non-FAQ,"1,790.00","2,600.00","2,451.00",Rs./Quintal,1.50,Metric Tonnes,04-06-2026
Maharashtra,Nashik,Manmad APMC,Cereals,Bajra(Pearl Millet/Cumbu),Other,Non-FAQ,"1,661.00","2,570.00","2,125.00",Rs./Quintal,1.60,Metric Tonnes,04-05-2026
Maharashtra,Nashik,Manmad APMC,Cereals,Bajra(Pearl Millet/Cumbu),Other,Non-FAQ,"1,671.00","2,774.00","1,700.00",Rs./Quintal,0.40,Metric Tonnes,04-03-2026
Maharashtra,Nashik,Manmad APMC,Cereals,Bajra(Pearl Millet/Cumbu),Other,Non-FAQ,"2,110.00","2,110.00","2,110.00",Rs./Quintal,0.40,Metric Tonnes,03-08-2026
Maharashtra,Nashik,Manmad APMC,Cereals,Bajra(Pearl Millet/Cumbu),Other,Non-FAQ,"1,700.00","2,770.00","1,718.00",Rs./Quintal,0.30,Metric Tonnes,03-02-2026
Maharashtra,Nashik,Manmad APMC,Cereals,Bajra(Pearl Millet/Cumbu),Other,Non-FAQ,"2,077.00","2,301.00","2,301.00",Rs./Quintal,0.30,Metric Tonnes,02-07-2026
Maharashtra,Nashik,Manmad APMC,Cereals,Bajra(Pearl Millet/Cumbu),Other,Non-FAQ,"1,660.00","2,774.00","1,800.00",Rs./Quintal,1.90,Metric Tonnes,02-02-2026
Maharashtra,Nashik,Manmad APMC,Cereals,Bajra(Pearl Millet/Cumbu),Other,Non-FAQ,"1,834.00","2,700.00","2,399.00",Rs./Quintal,1.20,Metric Tonnes,02-01-2026
Maharashtra,Nashik,Nandgaon APMC,Cereals,Bajra(Pearl Millet/Cumbu),Other,Non-FAQ,"1,900.00","2,624.00","2,350.00",Rs./Quintal,2.40,Metric Tonnes,31-12-2025
Maharashtra,Nashik,Nandgaon APMC,Cereals,Bajra(Pearl Millet/Cumbu),Other,Non-FAQ,"2,306.00","2,350.00","2,350.00",Rs./Quintal,0.60,Metric Tonnes,31-07-2026
Maharashtra,Nashik,Nandgaon APMC,Cereals,Bajra(Pearl Millet/Cumbu),Other,Non-FAQ,"1,841.00","2,774.00","1,850.00",Rs./Quintal,2.80,Metric Tonnes,30-12-2025
Maharashtra,Nashik,Nandgaon APMC,Cereals,Bajra(Pearl Millet/Cumbu),Other,Non-FAQ,"2,300.00","2,650.00","2,450.00",Rs./Quintal,5.90,Metric Tonnes,30-07-2026
Maharashtra,Nashik,Nandgaon APMC,Cereals,Bajra(Pearl Millet/Cumbu),Other,Non-FAQ,"2,240.00","2,567.00","2,550.00",Rs./Quintal,4.10,Metric Tonnes,30-06-2026
Maharashtra,Nashik,Nandgaon APMC,Cereals,Bajra(Pearl Millet/Cumbu),Other,Non-FAQ,"1,724.00","2,230.00","2,150.00",Rs./Quintal,4.80,Metric Tonnes,30-04-2026
Maharashtra,Nashik,Nandgaon APMC,Cereals,Bajra(Pearl Millet/Cumbu),Other,Non-FAQ,"1,620.00","2,774.00","2,750.00",Rs./Quintal,0.90,Metric Tonnes,30-03-2026
Maharashtra,Nashik,Nandgaon APMC,Cereals,Bajra(Pearl Millet/Cumbu),Other,FAQ,"2,775.00","2,881.00","2,850.00",Rs./Quintal,1.10,Metric Tonnes,30-01-2026
Maharashtra,Nashik,Nandgaon APMC,Cereals,Bajra(Pearl Millet/Cumbu),Other,Non-FAQ,"1,640.00","2,774.00","2,450.00",Rs./Quintal,4.90,Metric Tonnes,29-12-2025
Maharashtra,Nashik,Nandgaon APMC,Cereals,Bajra(Pearl Millet/Cumbu),Other,Non-FAQ,"2,270.00","2,670.00","2,450.00",Rs./Quintal,4.10,Metric Tonnes,29-07-2026
Maharashtra,Nashik,Nandgaon APMC,Cereals,Bajra(Pearl Millet/Cumbu),Other,Non-FAQ,"2,050.00","2,730.00","2,250.00",Rs./Quintal,3.10,Metric Tonnes,29-06-2026
Maharashtra,Nashik,Nandgaon APMC,Cereals,Bajra(Pearl Millet/Cumbu),Other,Non-FAQ,"1,751.00","2,411.00","2,150.00",Rs./Quintal,14.50,Metric Tonnes,29-05-2026
Maharashtra,Nashik,Nandgaon APMC,Cereals,Bajra(Pearl Millet/Cumbu),Other,Non-FAQ,"1,986.00","2,330.00","2,150.00",Rs./Quintal,4.00,Metric Tonnes,29-04-2026
Maharashtra,Nashik,Nandgaon APMC,Cereals,Bajra(Pearl Millet/Cumbu),Other,Non-FAQ,"1,800.00","2,774.00","2,450.00",Rs./Quintal,2.50,Metric Tonnes,29-01-2026
Maharashtra,Nashik,Nandgaon APMC,Cereals,Bajra(Pearl Millet/Cumbu),Other,Non-FAQ,"1,799.00","2,774.00","2,350.00",Rs./Quintal,4.10,Metric Tonnes,28-11-2025
Maharashtra,Nashik,Nandgaon APMC,Cereals,Bajra(Pearl Millet/Cumbu),Other,Non-FAQ,"2,300.00","2,740.00","2,450.00",Rs./Quintal,7.40,Metric Tonnes,28-07-2026
Maharashtra,Nashik,Nandgaon APMC,Cereals,Bajra(Pearl Millet/Cumbu),Other,Non-FAQ,"1,821.00","2,190.00","2,050.00",Rs./Quintal,1.80,Metric Tonnes,28-05-2026
Maharashtra,Nashik,Nandgaon APMC,Cereals,Bajra(Pearl Millet/Cumbu),Other,Non-FAQ,"1,690.00","2,200.00","2,150.00",Rs./Quintal,4.40,Metric Tonnes,28-04-2026
Maharashtra,Nashik,Nandgaon APMC,Cereals,Bajra(Pearl Millet/Cumbu),Other,Non-FAQ,"1,800.00","2,599.00","2,550.00",Rs./Quintal,1.10,Metric Tonnes,28-01-2026
Maharashtra,Nashik,Nandgaon APMC,Cereals,Bajra(Pearl Millet/Cumbu),Other,Non-FAQ,"1,781.00","2,774.00","2,150.00",Rs./Quintal,12.20,Metric Tonnes,27-11-2025
Maharashtra,Nashik,Nandgaon APMC,Cereals,Bajra(Pearl Millet/Cumbu),Other,FAQ,"2,775.00","2,920.00","2,775.00",Rs./Quintal,0.60,Metric Tonnes,27-07-2026
Maharashtra,Nashik,Nandgaon APMC,Cereals,Bajra(Pearl Millet/Cumbu),Other,Non-FAQ,"2,200.00","2,774.00","2,550.00",Rs./Quintal,5.00,Metric Tonnes,27-07-2026
Maharashtra,Nashik,Nandgaon APMC,Cereals,Bajra(Pearl Millet/Cumbu),Other,Non-FAQ,"1,660.00","2,443.00","2,350.00",Rs./Quintal,11.60,Metric Tonnes,27-04-2026
Maharashtra,Nashik,Nandgaon APMC,Cereals,Bajra(Pearl Millet/Cumbu),Other,Non-FAQ,"1,570.00","2,665.00","2,550.00",Rs./Quintal,3.20,Metric Tonnes,27-02-2026
Maharashtra,Nashik,Nandgaon APMC,Cereals,Bajra(Pearl Millet/Cumbu),Other,FAQ,"2,775.00","2,876.00","2,850.00",Rs./Quintal,4.10,Metric Tonnes,27-01-2026
Maharashtra,Nashik,Nandgaon APMC,Cereals,Bajra(Pearl Millet/Cumbu),Other,Non-FAQ,"1,815.00","2,774.00","2,350.00",Rs./Quintal,5.90,Metric Tonnes,26-12-2025
Maharashtra,Nashik,Nandgaon APMC,Cereals,Bajra(Pearl Millet/Cumbu),Other,Non-FAQ,"1,800.00","2,774.00","2,350.00",Rs./Quintal,6.50,Metric Tonnes,26-11-2025
Maharashtra,Nashik,Nandgaon APMC,Cereals,Bajra(Pearl Millet/Cumbu),Other,Non-FAQ,"2,271.00","2,501.00","2,350.00",Rs./Quintal,1.00,Metric Tonnes,26-02-2026
Maharashtra,Nashik,Nandgaon APMC,Cereals,Bajra(Pearl Millet/Cumbu),Other,Non-FAQ,"1,791.00","2,774.00","2,250.00",Rs./Quintal,5.80,Metric Tonnes,25-11-2025
Maharashtra,Nashik,Nandgaon APMC,Cereals,Bajra(Pearl Millet/Cumbu),Other,Non-FAQ,"2,151.00","2,599.00","2,250.00",Rs./Quintal,1.60,Metric Tonnes,25-06-2026
Maharashtra,Nashik,Nandgaon APMC,Cereals,Bajra(Pearl Millet/Cumbu),Other,Non-FAQ,"1,664.00","2,610.00","1,850.00",Rs./Quintal,3.10,Metric Tonnes,25-02-2026
Maharashtra,Nashik,Nandgaon APMC,Cereals,Bajra(Pearl Millet/Cumbu),Other,Non-FAQ,"1,810.00","2,774.00","2,050.00",Rs./Quintal,3.70,Metric Tonnes,24-12-2025
Maharashtra,Nashik,Nandgaon APMC,Cereals,Bajra(Pearl Millet/Cumbu),Other,Non-FAQ,"1,550.00","2,774.00","2,250.00",Rs./Quintal,9.70,Metric Tonnes,24-11-2025
Maharashtra,Nashik,Nandgaon APMC,Cereals,Bajra(Pearl Millet/Cumbu),Other,Non-FAQ,"2,060.00","2,745.00","2,350.00",Rs./Quintal,1.50,Metric Tonnes,24-06-2026
Maharashtra,Nashik,Nandgaon APMC,Cereals,Bajra(Pearl Millet/Cumbu),Other,Non-FAQ,"1,675.00","2,620.00","2,150.00",Rs./Quintal,17.60,Metric Tonnes,24-04-2026
Maharashtra,Nashik,Nandgaon APMC,Cereals,Bajra(Pearl Millet/Cumbu),Other,Non-FAQ,"1,595.00","2,751.00","2,450.00",Rs./Quintal,3.40,Metric Tonnes,24-03-2026
Maharashtra,Nashik,Nandgaon APMC,Cereals,Bajra(Pearl Millet/Cumbu),Other,Non-FAQ,"1,800.00","2,539.00","2,539.00",Rs./Quintal,1.80,Metric Tonnes,24-02-2026
Maharashtra,Nashik,Nandgaon APMC,Cereals,Bajra(Pearl Millet/Cumbu),Other,Non-FAQ,"1,825.00","2,624.00","1,850.00",Rs./Quintal,0.80,Metric Tonnes,23-12-2025
Maharashtra,Nashik,Nandgaon APMC,Cereals,Bajra(Pearl Millet/Cumbu),Other,Non-FAQ,"2,200.00","2,602.00","2,550.00",Rs./Quintal,1.50,Metric Tonnes,23-07-2026
Maharashtra,Nashik,Nandgaon APMC,Cereals,Bajra(Pearl Millet/Cumbu),Other,Non-FAQ,"1,940.00","2,530.00","2,350.00",Rs./Quintal,0.70,Metric Tonnes,23-06-2026
Maharashtra,Nashik,Nandgaon APMC,Cereals,Bajra(Pearl Millet/Cumbu),Other,Non-FAQ,"1,680.00","2,460.00","1,750.00",Rs./Quintal,13.70,Metric Tonnes,23-04-2026
Maharashtra,Nashik,Nandgaon APMC,Cereals,Bajra(Pearl Millet/Cumbu),Other,Non-FAQ,"1,590.00","2,540.00","1,650.00",Rs./Quintal,3.60,Metric Tonnes,23-03-2026
Maharashtra,Nashik,Nandgaon APMC,Cereals,Bajra(Pearl Millet/Cumbu),Other,Non-FAQ,"1,600.00","2,199.00","2,050.00",Rs./Quintal,0.50,Metric Tonnes,23-02-2026
Maharashtra,Nashik,Nandgaon APMC,Cereals,Bajra(Pearl Millet/Cumbu),Other,FAQ,"2,775.00","3,011.00","2,950.00",Rs./Quintal,3.40,Metric Tonnes,23-01-2026
Maharashtra,Nashik,Nandgaon APMC,Cereals,Bajra(Pearl Millet/Cumbu),Other,FAQ,"2,775.00","2,935.00","2,775.00",Rs./Quintal,5.10,Metric Tonnes,22-12-2025
Maharashtra,Nashik,Nandgaon APMC,Cereals,Bajra(Pearl Millet/Cumbu),Other,Non-FAQ,"2,399.00","2,651.00","2,550.00",Rs./Quintal,1.40,Metric Tonnes,22-07-2026
Maharashtra,Nashik,Nandgaon APMC,Cereals,Bajra(Pearl Millet/Cumbu),Other,Non-FAQ,"1,780.00","2,774.00","2,350.00",Rs./Quintal,3.00,Metric Tonnes,22-06-2026
Maharashtra,Nashik,Nandgaon APMC,Cereals,Bajra(Pearl Millet/Cumbu),Other,Non-FAQ,"1,670.00","2,774.00","2,150.00",Rs./Quintal,11.30,Metric Tonnes,22-05-2026
Maharashtra,Nashik,Nandgaon APMC,Cereals,Bajra(Pearl Millet/Cumbu),Other,Non-FAQ,"1,645.00","2,620.00","2,250.00",Rs./Quintal,5.30,Metric Tonnes,22-04-2026
Maharashtra,Nashik,Nandgaon APMC,Cereals,Bajra(Pearl Millet/Cumbu),Other,Non-FAQ,"1,800.00","2,774.00","2,774.00",Rs./Quintal,3.10,Metric Tonnes,22-01-2026
Maharashtra,Nashik,Nandgaon APMC,Cereals,Bajra(Pearl Millet/Cumbu),Other,Non-FAQ,"1,741.00","2,774.00","2,350.00",Rs./Quintal,10.00,Metric Tonnes,21-11-2025
Maharashtra,Nashik,Nandgaon APMC,Cereals,Bajra(Pearl Millet/Cumbu),Other,Non-FAQ,"2,180.00","2,774.00","2,450.00",Rs./Quintal,7.20,Metric Tonnes,21-08-2026
Maharashtra,Nashik,Nandgaon APMC,Cereals,Bajra(Pearl Millet/Cumbu),Other,FAQ,"2,871.00","2,871.00","2,871.00",Rs./Quintal,0.40,Metric Tonnes,21-07-2026
Maharashtra,Nashik,Nandgaon APMC,Cereals,Bajra(Pearl Millet/Cumbu),Other,Non-FAQ,"2,200.00","2,774.00","2,550.00",Rs./Quintal,3.90,Metric Tonnes,21-07-2026
Maharashtra,Nashik,Nandgaon APMC,Cereals,Bajra(Pearl Millet/Cumbu),Other,Non-FAQ,"1,826.00","2,525.00","2,150.00",Rs./Quintal,6.90,Metric Tonnes,21-05-2026
Maharashtra,Nashik,Nandgaon APMC,Cereals,Bajra(Pearl Millet/Cumbu),Other,Non-FAQ,"1,690.00","2,578.00","2,150.00",Rs./Quintal,2.00,Metric Tonnes,21-04-2026
Maharashtra,Nashik,Nandgaon APMC,Cereals,Bajra(Pearl Millet/Cumbu),Other,Non-FAQ,"1,671.00","2,576.00","2,050.00",Rs./Quintal,3.00,Metric Tonnes,21-01-2026
Maharashtra,Nashik,Nandgaon APMC,Cereals,Bajra(Pearl Millet/Cumbu),Other,Non-FAQ,"1,800.00","2,686.00","2,250.00",Rs./Quintal,8.70,Metric Tonnes,20-11-2025
Maharashtra,Nashik,Nandgaon APMC,Cereals,Bajra(Pearl Millet/Cumbu),Other,Non-FAQ,"2,190.00","2,581.00","2,450.00",Rs./Quintal,3.20,Metric Tonnes,20-08-2026
Maharashtra,Nashik,Nandgaon APMC,Cereals,Bajra(Pearl Millet/Cumbu),Other,FAQ,"2,775.00","2,900.00","2,775.00",Rs./Quintal,0.50,Metric Tonnes,20-07-2026
Maharashtra,Nashik,Nandgaon APMC,Cereals,Bajra(Pearl Millet/Cumbu),Other,Non-FAQ,"2,190.00","2,774.00","2,550.00",Rs./Quintal,2.50,Metric Tonnes,20-07-2026
Maharashtra,Nashik,Nandgaon APMC,Cereals,Bajra(Pearl Millet/Cumbu),Other,Non-FAQ,"1,750.00","2,701.00","2,150.00",Rs./Quintal,7.40,Metric Tonnes,20-05-2026
Maharashtra,Nashik,Nandgaon APMC,Cereals,Bajra(Pearl Millet/Cumbu),Other,Non-FAQ,"1,680.00","2,587.00","2,150.00",Rs./Quintal,20.80,Metric Tonnes,20-04-2026
Maharashtra,Nashik,Nandgaon APMC,Cereals,Bajra(Pearl Millet/Cumbu),Other,Non-FAQ,"1,700.00","2,603.00","2,350.00",Rs./Quintal,4.20,Metric Tonnes,20-02-2026
Maharashtra,Nashik,Nandgaon APMC,Cereals,Bajra(Pearl Millet/Cumbu),Other,Non-FAQ,"2,251.00","2,774.00","2,350.00",Rs./Quintal,1.80,Metric Tonnes,20-01-2026
Maharashtra,Nashik,Nandgaon APMC,Cereals,Bajra(Pearl Millet/Cumbu),Other,Non-FAQ,"1,825.00","2,774.00","2,250.00",Rs./Quintal,9.10,Metric Tonnes,19-12-2025
Maharashtra,Nashik,Nandgaon APMC,Cereals,Bajra(Pearl Millet/Cumbu),Other,Non-FAQ,"1,716.00","2,710.00","2,350.00",Rs./Quintal,4.50,Metric Tonnes,19-11-2025
Maharashtra,Nashik,Nandgaon APMC,Cereals,Bajra(Pearl Millet/Cumbu),Other,Non-FAQ,"2,190.00","2,580.00","2,450.00",Rs./Quintal,5.60,Metric Tonnes,19-08-2026
Maharashtra,Nashik,Nandgaon APMC,Cereals,Bajra(Pearl Millet/Cumbu),Other,Non-FAQ,"1,771.00","2,531.00","2,150.00",Rs./Quintal,16.80,Metric Tonnes,19-05-2026
Maharashtra,Nashik,Nandgaon APMC,Cereals,Bajra(Pearl Millet/Cumbu),Other,Non-FAQ,"1,812.00","2,774.00","2,050.00",Rs./Quintal,3.70,Metric Tonnes,19-01-2026
Maharashtra,Nashik,Nandgaon APMC,Cereals,Bajra(Pearl Millet/Cumbu),Other,Non-FAQ,"2,350.00","2,774.00","2,350.00",Rs./Quintal,2.60,Metric Tonnes,18-12-2025
Maharashtra,Nashik,Nandgaon APMC,Cereals,Bajra(Pearl Millet/Cumbu),Other,Non-FAQ,"1,695.00","2,729.00","2,250.00",Rs./Quintal,3.80,Metric Tonnes,18-11-2025
Maharashtra,Nashik,Nandgaon APMC,Cereals,Bajra(Pearl Millet/Cumbu),Other,Non-FAQ,"2,100.00","2,648.00","2,550.00",Rs./Quintal,5.60,Metric Tonnes,18-08-2026
Maharashtra,Nashik,Nandgaon APMC,Cereals,Bajra(Pearl Millet/Cumbu),Other,Non-FAQ,"1,400.00","2,774.00","2,250.00",Rs./Quintal,3.80,Metric Tonnes,18-06-2026
Maharashtra,Nashik,Nandgaon APMC,Cereals,Bajra(Pearl Millet/Cumbu),Other,Non-FAQ,"1,786.00","2,600.00","2,150.00",Rs./Quintal,20.50,Metric Tonnes,18-05-2026
Maharashtra,Nashik,Nandgaon APMC,Cereals,Bajra(Pearl Millet/Cumbu),Other,Non-FAQ,"1,699.00","2,774.00","2,050.00",Rs./Quintal,2.80,Metric Tonnes,18-02-2026
Maharashtra,Nashik,Nandgaon APMC,Cereals,Bajra(Pearl Millet/Cumbu),Other,Non-FAQ,"1,750.00","2,774.00","2,550.00",Rs./Quintal,5.00,Metric Tonnes,17-12-2025
Maharashtra,Nashik,Nandgaon APMC,Cereals,Bajra(Pearl Millet/Cumbu),Other,Non-FAQ,"1,711.00","2,725.00","2,350.00",Rs./Quintal,7.30,Metric Tonnes,17-11-2025
Maharashtra,Nashik,Nandgaon APMC,Cereals,Bajra(Pearl Millet/Cumbu),Other,Non-FAQ,"2,199.00","2,700.00","2,350.00",Rs./Quintal,3.00,Metric Tonnes,17-08-2026
Maharashtra,Nashik,Nandgaon APMC,Cereals,Bajra(Pearl Millet/Cumbu),Other,Non-FAQ,"2,200.00","2,774.00","2,550.00",Rs./Quintal,2.10,Metric Tonnes,17-07-2026
Maharashtra,Nashik,Nandgaon APMC,Cereals,Bajra(Pearl Millet/Cumbu),Other,Non-FAQ,"1,750.00","2,575.00","2,150.00",Rs./Quintal,1.20,Metric Tonnes,17-06-2026
Maharashtra,Nashik,Nandgaon APMC,Cereals,Bajra(Pearl Millet/Cumbu),Other,Non-FAQ,"1,651.00","2,751.00","2,250.00",Rs./Quintal,9.20,Metric Tonnes,17-04-2026
Maharashtra,Nashik,Nandgaon APMC,Cereals,Bajra(Pearl Millet/Cumbu),Other,Non-FAQ,"1,570.00","2,351.00","1,650.00",Rs./Quintal,1.40,Metric Tonnes,17-03-2026
Maharashtra,Nashik,Nandgaon APMC,Cereals,Bajra(Pearl Millet/Cumbu),Other,Non-FAQ,"2,015.00","2,526.00","2,350.00",Rs./Quintal,2.80,Metric Tonnes,17-02-2026
Maharashtra,Nashik,Nandgaon APMC,Cereals,Bajra(Pearl Millet/Cumbu),Other,Non-FAQ,"1,799.00","2,700.00","1,850.00",Rs./Quintal,6.70,Metric Tonnes,16-12-2025
Maharashtra,Nashik,Nandgaon APMC,Cereals,Bajra(Pearl Millet/Cumbu),Other,Non-FAQ,"1,900.00","2,496.00","2,250.00",Rs./Quintal,2.20,Metric Tonnes,16-07-2026
Maharashtra,Nashik,Nandgaon APMC,Cereals,Bajra(Pearl Millet/Cumbu),Other,Non-FAQ,"1,999.00","2,550.00","2,150.00",Rs./Quintal,3.70,Metric Tonnes,16-06-2026
Maharashtra,Nashik,Nandgaon APMC,Cereals,Bajra(Pearl Millet/Cumbu),Other,Non-FAQ,"1,663.00","2,315.00","2,250.00",Rs./Quintal,6.20,Metric Tonnes,16-04-2026
Maharashtra,Nashik,Nandgaon APMC,Cereals,Bajra(Pearl Millet/Cumbu),Other,Non-FAQ,"1,580.00","2,460.00","1,650.00",Rs./Quintal,5.20,Metric Tonnes,16-03-2026
Maharashtra,Nashik,Nandgaon APMC,Cereals,Bajra(Pearl Millet/Cumbu),Other,Non-FAQ,"1,700.00","2,774.00","2,550.00",Rs./Quintal,4.40,Metric Tonnes,16-02-2026
Maharashtra,Nashik,Nandgaon APMC,Cereals,Bajra(Pearl Millet/Cumbu),Other,FAQ,"2,775.00","3,000.00","2,950.00",Rs./Quintal,2.30,Metric Tonnes,16-01-2026
Maharashtra,Nashik,Nandgaon APMC,Cereals,Bajra(Pearl Millet/Cumbu),Other,Non-FAQ,"1,799.00","2,774.00","2,150.00",Rs./Quintal,8.80,Metric Tonnes,15-12-2025
Maharashtra,Nashik,Nandgaon APMC,Cereals,Bajra(Pearl Millet/Cumbu),Other,Non-FAQ,"1,800.00","2,590.00","2,350.00",Rs./Quintal,8.00,Metric Tonnes,15-07-2026
Maharashtra,Nashik,Nandgaon APMC,Cereals,Bajra(Pearl Millet/Cumbu),Other,Non-FAQ,"1,680.00","2,300.00","2,150.00",Rs./Quintal,5.60,Metric Tonnes,15-06-2026
Maharashtra,Nashik,Nandgaon APMC,Cereals,Bajra(Pearl Millet/Cumbu),Other,Non-FAQ,"1,800.00","2,640.00","2,150.00",Rs./Quintal,11.00,Metric Tonnes,15-05-2026
Maharashtra,Nashik,Nandgaon APMC,Cereals,Bajra(Pearl Millet/Cumbu),Other,Non-FAQ,"1,661.00","2,572.00","2,250.00",Rs./Quintal,23.20,Metric Tonnes,15-04-2026
Maharashtra,Nashik,Nandgaon APMC,Cereals,Bajra(Pearl Millet/Cumbu),Other,Non-FAQ,"1,500.00","2,691.00","2,350.00",Rs./Quintal,5.10,Metric Tonnes,14-11-2025
Maharashtra,Nashik,Nandgaon APMC,Cereals,Bajra(Pearl Millet/Cumbu),Other,Non-FAQ,"2,091.00","2,575.00","2,350.00",Rs./Quintal,7.20,Metric Tonnes,14-08-2026
Maharashtra,Nashik,Nandgaon APMC,Cereals,Bajra(Pearl Millet/Cumbu),Other,Non-FAQ,"2,015.00","2,575.00","2,350.00",Rs./Quintal,5.90,Metric Tonnes,14-07-2026
Maharashtra,Nashik,Nandgaon APMC,Cereals,Bajra(Pearl Millet/Cumbu),Other,Non-FAQ,"1,799.00","2,606.00","2,150.00",Rs./Quintal,6.30,Metric Tonnes,14-05-2026
Maharashtra,Nashik,Nandgaon APMC,Cereals,Bajra(Pearl Millet/Cumbu),Other,Non-FAQ,"1,810.00","2,602.00","1,850.00",Rs./Quintal,0.70,Metric Tonnes,14-01-2026
Maharashtra,Nashik,Nandgaon APMC,Cereals,Bajra(Pearl Millet/Cumbu),Other,Non-FAQ,"1,692.00","2,676.00","2,150.00",Rs./Quintal,6.80,Metric Tonnes,13-11-2025
Maharashtra,Nashik,Nandgaon APMC,Cereals,Bajra(Pearl Millet/Cumbu),Other,Non-FAQ,"2,140.00","2,774.00","2,350.00",Rs./Quintal,7.40,Metric Tonnes,13-08-2026
Maharashtra,Nashik,Nandgaon APMC,Cereals,Bajra(Pearl Millet/Cumbu),Other,Non-FAQ,"2,100.00","2,522.00","2,120.00",Rs./Quintal,4.60,Metric Tonnes,13-07-2026
Maharashtra,Nashik,Nandgaon APMC,Cereals,Bajra(Pearl Millet/Cumbu),Other,Non-FAQ,"1,699.00","2,560.00","2,150.00",Rs./Quintal,13.10,Metric Tonnes,13-05-2026
Maharashtra,Nashik,Nandgaon APMC,Cereals,Bajra(Pearl Millet/Cumbu),Other,FAQ,"2,775.00","2,897.00","2,775.00",Rs./Quintal,3.10,Metric Tonnes,13-02-2026
Maharashtra,Nashik,Nandgaon APMC,Cereals,Bajra(Pearl Millet/Cumbu),Other,Non-FAQ,"1,821.00","2,774.00","2,250.00",Rs./Quintal,2.40,Metric Tonnes,13-01-2026
Maharashtra,Nashik,Nandgaon APMC,Cereals,Bajra(Pearl Millet/Cumbu),Other,Non-FAQ,"1,776.00","2,774.00","2,050.00",Rs./Quintal,5.10,Metric Tonnes,12-12-2025
Maharashtra,Nashik,Nandgaon APMC,Cereals,Bajra(Pearl Millet/Cumbu),Other,Non-FAQ,"1,670.00","2,774.00","2,050.00",Rs./Quintal,5.30,Metric Tonnes,12-11-2025
Maharashtra,Nashik,Nandgaon APMC,Cereals,Bajra(Pearl Millet/Cumbu),Other,Non-FAQ,"2,320.00","2,555.00","2,450.00",Rs./Quintal,3.60,Metric Tonnes,12-08-2026
Maharashtra,Nashik,Nandgaon APMC,Cereals,Bajra(Pearl Millet/Cumbu),Other,Non-FAQ,"1,811.00","2,735.00","2,150.00",Rs./Quintal,2.60,Metric Tonnes,12-06-2026
Maharashtra,Nashik,Nandgaon APMC,Cereals,Bajra(Pearl Millet/Cumbu),Other,Non-FAQ,"1,785.00","2,728.00","2,150.00",Rs./Quintal,13.70,Metric Tonnes,12-05-2026
Maharashtra,Nashik,Nandgaon APMC,Cereals,Bajra(Pearl Millet/Cumbu),Other,Non-FAQ,"2,199.00","2,240.00","2,240.00",Rs./Quintal,0.50,Metric Tonnes,12-03-2026
Maharashtra,Nashik,Nandgaon APMC,Cereals,Bajra(Pearl Millet/Cumbu),Other,FAQ,"2,775.00","2,926.00","2,775.00",Rs./Quintal,2.30,Metric Tonnes,12-02-2026
Maharashtra,Nashik,Nandgaon APMC,Cereals,Bajra(Pearl Millet/Cumbu),Other,Non-FAQ,"1,841.00","2,561.00","2,350.00",Rs./Quintal,7.80,Metric Tonnes,12-01-2026
Maharashtra,Nashik,Nandgaon APMC,Cereals,Bajra(Pearl Millet/Cumbu),Other,Non-FAQ,"1,775.00","2,774.00","2,050.00",Rs./Quintal,7.80,Metric Tonnes,11-12-2025
Maharashtra,Nashik,Nandgaon APMC,Cereals,Bajra(Pearl Millet/Cumbu),Other,Non-FAQ,"1,676.00","2,770.00","2,250.00",Rs./Quintal,8.70,Metric Tonnes,11-11-2025
Maharashtra,Nashik,Nandgaon APMC,Cereals,Bajra(Pearl Millet/Cumbu),Other,Non-FAQ,"2,140.00","2,669.00","2,450.00",Rs./Quintal,11.80,Metric Tonnes,11-08-2026
Maharashtra,Nashik,Nandgaon APMC,Cereals,Bajra(Pearl Millet/Cumbu),Other,Non-FAQ,"1,780.00","2,332.00","2,250.00",Rs./Quintal,5.00,Metric Tonnes,11-06-2026
Maharashtra,Nashik,Nandgaon APMC,Cereals,Bajra(Pearl Millet/Cumbu),Other,Non-FAQ,"2,051.00","2,700.00","2,150.00",Rs./Quintal,16.80,Metric Tonnes,11-05-2026
Maharashtra,Nashik,Nandgaon APMC,Cereals,Bajra(Pearl Millet/Cumbu),Other,Non-FAQ,"1,630.00","2,602.00","2,450.00",Rs./Quintal,1.70,Metric Tonnes,11-03-2026
Maharashtra,Nashik,Nandgaon APMC,Cereals,Bajra(Pearl Millet/Cumbu),Other,FAQ,"2,775.00","2,850.00","2,850.00",Rs./Quintal,2.30,Metric Tonnes,11-02-2026
Maharashtra,Nashik,Nandgaon APMC,Cereals,Bajra(Pearl Millet/Cumbu),Other,Non-FAQ,"1,799.00","2,774.00","2,250.00",Rs./Quintal,4.00,Metric Tonnes,10-12-2025
Maharashtra,Nashik,Nandgaon APMC,Cereals,Bajra(Pearl Millet/Cumbu),Other,Non-FAQ,"1,740.00","2,750.00","2,250.00",Rs./Quintal,7.70,Metric Tonnes,10-11-2025
Maharashtra,Nashik,Nandgaon APMC,Cereals,Bajra(Pearl Millet/Cumbu),Other,Non-FAQ,"2,150.00","2,575.00","2,450.00",Rs./Quintal,9.30,Metric Tonnes,10-08-2026
Maharashtra,Nashik,Nandgaon APMC,Cereals,Bajra(Pearl Millet/Cumbu),Other,Non-FAQ,"1,800.00","2,600.00","2,150.00",Rs./Quintal,13.90,Metric Tonnes,10-06-2026
Maharashtra,Nashik,Nandgaon APMC,Cereals,Bajra(Pearl Millet/Cumbu),Other,FAQ,"2,775.00","2,916.00","2,775.00",Rs./Quintal,2.40,Metric Tonnes,10-02-2026
Maharashtra,Nashik,Nandgaon APMC,Cereals,Bajra(Pearl Millet/Cumbu),Other,Non-FAQ,"1,814.00","2,774.00","2,250.00",Rs./Quintal,7.30,Metric Tonnes,09-12-2025
Maharashtra,Nashik,Nandgaon APMC,Cereals,Bajra(Pearl Millet/Cumbu),Other,Non-FAQ,"1,951.00","2,689.00","2,450.00",Rs./Quintal,4.40,Metric Tonnes,09-07-2026
Maharashtra,Nashik,Nandgaon APMC,Cereals,Bajra(Pearl Millet/Cumbu),Other,Non-FAQ,"1,785.00","2,727.00","2,250.00",Rs./Quintal,8.90,Metric Tonnes,09-06-2026
Maharashtra,Nashik,Nandgaon APMC,Cereals,Bajra(Pearl Millet/Cumbu),Other,Non-FAQ,"1,616.00","2,551.00","2,350.00",Rs./Quintal,9.30,Metric Tonnes,09-04-2026
Maharashtra,Nashik,Nandgaon APMC,Cereals,Bajra(Pearl Millet/Cumbu),Other,Non-FAQ,"1,613.00","2,550.00","1,650.00",Rs./Quintal,2.20,Metric Tonnes,09-03-2026
Maharashtra,Nashik,Nandgaon APMC,Cereals,Bajra(Pearl Millet/Cumbu),Other,Non-FAQ,"1,770.00","2,552.00","2,350.00",Rs./Quintal,2.10,Metric Tonnes,09-02-2026
Maharashtra,Nashik,Nandgaon APMC,Cereals,Bajra(Pearl Millet/Cumbu),Other,Non-FAQ,"1,831.00","2,774.00","2,650.00",Rs./Quintal,4.60,Metric Tonnes,09-01-2026
Maharashtra,Nashik,Nandgaon APMC,Cereals,Bajra(Pearl Millet/Cumbu),Other,Non-FAQ,"1,790.00","2,621.00","2,050.00",Rs./Quintal,15.60,Metric Tonnes,08-12-2025
Maharashtra,Nashik,Nandgaon APMC,Cereals,Bajra(Pearl Millet/Cumbu),Other,Non-FAQ,"2,295.00","2,470.00","2,450.00",Rs./Quintal,1.90,Metric Tonnes,08-07-2026
Maharashtra,Nashik,Nandgaon APMC,Cereals,Bajra(Pearl Millet/Cumbu),Other,Non-FAQ,"2,100.00","2,674.00","2,150.00",Rs./Quintal,8.00,Metric Tonnes,08-06-2026
Maharashtra,Nashik,Nandgaon APMC,Cereals,Bajra(Pearl Millet/Cumbu),Other,Non-FAQ,"1,640.00","2,700.00","2,350.00",Rs./Quintal,4.40,Metric Tonnes,08-04-2026
Maharashtra,Nashik,Nandgaon APMC,Cereals,Bajra(Pearl Millet/Cumbu),Other,FAQ,"2,775.00","2,921.00","2,775.00",Rs./Quintal,4.00,Metric Tonnes,08-01-2026
Maharashtra,Nashik,Nandgaon APMC,Cereals,Bajra(Pearl Millet/Cumbu),Other,Non-FAQ,"1,703.00","2,736.00","2,350.00",Rs./Quintal,11.30,Metric Tonnes,07-11-2025
Maharashtra,Nashik,Nandgaon APMC,Cereals,Bajra(Pearl Millet/Cumbu),Other,Non-FAQ,"2,170.00","2,669.00","2,450.00",Rs./Quintal,14.40,Metric Tonnes,07-08-2026
Maharashtra,Nashik,Nandgaon APMC,Cereals,Bajra(Pearl Millet/Cumbu),Other,Non-FAQ,"1,940.00","2,530.00","2,450.00",Rs./Quintal,2.00,Metric Tonnes,07-07-2026
Maharashtra,Nashik,Nandgaon APMC,Cereals,Bajra(Pearl Millet/Cumbu),Other,Non-FAQ,"1,750.00","2,240.00","2,150.00",Rs./Quintal,16.50,Metric Tonnes,07-05-2026
Maharashtra,Nashik,Nandgaon APMC,Cereals,Bajra(Pearl Millet/Cumbu),Other,Non-FAQ,"1,551.00","2,774.00","2,250.00",Rs./Quintal,10.50,Metric Tonnes,07-04-2026
Maharashtra,Nashik,Nandgaon APMC,Cereals,Bajra(Pearl Millet/Cumbu),Other,Non-FAQ,"1,850.00","2,771.00","2,450.00",Rs./Quintal,2.00,Metric Tonnes,07-01-2026
Maharashtra,Nashik,Nandgaon APMC,Cereals,Bajra(Pearl Millet/Cumbu),Other,FAQ,"2,775.00","2,830.00","2,775.00",Rs./Quintal,1.40,Metric Tonnes,06-08-2026
Maharashtra,Nashik,Nandgaon APMC,Cereals,Bajra(Pearl Millet/Cumbu),Other,Non-FAQ,"2,200.00","2,774.00","2,450.00",Rs./Quintal,4.90,Metric Tonnes,06-08-2026
Maharashtra,Nashik,Nandgaon APMC,Cereals,Bajra(Pearl Millet/Cumbu),Other,Non-FAQ,"1,981.00","2,540.00","2,450.00",Rs./Quintal,5.50,Metric Tonnes,06-07-2026
Maharashtra,Nashik,Nandgaon APMC,Cereals,Bajra(Pearl Millet/Cumbu),Other,Non-FAQ,"1,775.00","2,391.00","2,150.00",Rs./Quintal,10.50,Metric Tonnes,06-05-2026
Maharashtra,Nashik,Nandgaon APMC,Cereals,Bajra(Pearl Millet/Cumbu),Other,Non-FAQ,"1,575.00","2,690.00","2,450.00",Rs./Quintal,9.10,Metric Tonnes,06-04-2026
Maharashtra,Nashik,Nandgaon APMC,Cereals,Bajra(Pearl Millet/Cumbu),Other,Non-FAQ,"1,600.00","2,605.00","1,850.00",Rs./Quintal,3.70,Metric Tonnes,06-03-2026
Maharashtra,Nashik,Nandgaon APMC,Cereals,Bajra(Pearl Millet/Cumbu),Other,Non-FAQ,"1,750.00","2,774.00","2,550.00",Rs./Quintal,3.20,Metric Tonnes,06-02-2026
Maharashtra,Nashik,Nandgaon APMC,Cereals,Bajra(Pearl Millet/Cumbu),Other,Non-FAQ,"1,940.00","2,556.00","2,350.00",Rs./Quintal,4.60,Metric Tonnes,06-01-2026
Maharashtra,Nashik,Nandgaon APMC,Cereals,Bajra(Pearl Millet/Cumbu),Other,Non-FAQ,"1,797.00","2,774.00","2,250.00",Rs./Quintal,10.80,Metric Tonnes,05-12-2025
Maharashtra,Nashik,Nandgaon APMC,Cereals,Bajra(Pearl Millet/Cumbu),Other,FAQ,"2,775.00","2,851.00","2,775.00",Rs./Quintal,3.00,Metric Tonnes,05-08-2026
Maharashtra,Nashik,Nandgaon APMC,Cereals,Bajra(Pearl Millet/Cumbu),Other,Non-FAQ,"2,211.00","2,774.00","2,550.00",Rs./Quintal,2.00,Metric Tonnes,05-08-2026
Maharashtra,Nashik,Nandgaon APMC,Cereals,Bajra(Pearl Millet/Cumbu),Other,Non-FAQ,"1,830.00","2,400.00","2,150.00",Rs./Quintal,5.50,Metric Tonnes,05-06-2026
Maharashtra,Nashik,Nandgaon APMC,Cereals,Bajra(Pearl Millet/Cumbu),Other,Non-FAQ,"1,712.00","2,602.00","2,150.00",Rs./Quintal,11.00,Metric Tonnes,05-05-2026
Maharashtra,Nashik,Nandgaon APMC,Cereals,Bajra(Pearl Millet/Cumbu),Other,Non-FAQ,"1,600.00","2,600.00","2,550.00",Rs./Quintal,1.20,Metric Tonnes,05-03-2026
Maharashtra,Nashik,Nandgaon APMC,Cereals,Bajra(Pearl Millet/Cumbu),Other,Non-FAQ,"1,790.00","2,655.00","2,350.00",Rs./Quintal,3.50,Metric Tonnes,05-02-2026
Maharashtra,Nashik,Nandgaon APMC,Cereals,Bajra(Pearl Millet/Cumbu),Other,Non-FAQ,"1,821.00","2,774.00","2,350.00",Rs./Quintal,5.70,Metric Tonnes,05-01-2026
Maharashtra,Nashik,Nandgaon APMC,Cereals,Bajra(Pearl Millet/Cumbu),Other,FAQ,"2,775.00","2,971.00","2,775.00",Rs./Quintal,1.00,Metric Tonnes,04-08-2026
Maharashtra,Nashik,Nandgaon APMC,Cereals,Bajra(Pearl Millet/Cumbu),Other,Non-FAQ,"2,180.00","2,774.00","2,550.00",Rs./Quintal,2.00,Metric Tonnes,04-08-2026
Maharashtra,Nashik,Nandgaon APMC,Cereals,Bajra(Pearl Millet/Cumbu),Other,Non-FAQ,"1,600.00","2,499.00","2,150.00",Rs./Quintal,5.60,Metric Tonnes,04-06-2026
Maharashtra,Nashik,Nandgaon APMC,Cereals,Bajra(Pearl Millet/Cumbu),Other,Non-FAQ,"1,699.00","2,701.00","2,250.00",Rs./Quintal,9.40,Metric Tonnes,04-05-2026
Maharashtra,Nashik,Nandgaon APMC,Cereals,Bajra(Pearl Millet/Cumbu),Other,Non-FAQ,"1,500.00","2,535.00","2,350.00",Rs./Quintal,4.90,Metric Tonnes,04-03-2026
Maharashtra,Nashik,Nandgaon APMC,Cereals,Bajra(Pearl Millet/Cumbu),Other,Non-FAQ,"1,700.00","2,774.00","2,350.00",Rs./Quintal,5.70,Metric Tonnes,04-02-2026
Maharashtra,Nashik,Nandgaon APMC,Cereals,Bajra(Pearl Millet/Cumbu),Other,Non-FAQ,"1,800.00","2,550.00","2,350.00",Rs./Quintal,10.90,Metric Tonnes,03-12-2025
Maharashtra,Nashik,Nandgaon APMC,Cereals,Bajra(Pearl Millet/Cumbu),Other,Non-FAQ,"2,200.00","2,578.00","2,450.00",Rs./Quintal,4.50,Metric Tonnes,03-08-2026
Maharashtra,Nashik,Nandgaon APMC,Cereals,Bajra(Pearl Millet/Cumbu),Other,Non-FAQ,"1,799.00","2,696.00","2,250.00",Rs./Quintal,3.70,Metric Tonnes,03-07-2026
Maharashtra,Nashik,Nandgaon APMC,Cereals,Bajra(Pearl Millet/Cumbu),Other,Non-FAQ,"1,820.00","2,746.00","2,250.00",Rs./Quintal,8.10,Metric Tonnes,03-06-2026
Maharashtra,Nashik,Nandgaon APMC,Cereals,Bajra(Pearl Millet/Cumbu),Other,FAQ,"2,775.00","3,000.00","2,775.00",Rs./Quintal,1.20,Metric Tonnes,03-02-2026
Maharashtra,Nashik,Nandgaon APMC,Cereals,Bajra(Pearl Millet/Cumbu),Other,Non-FAQ,"2,021.00","2,774.00","2,250.00",Rs./Quintal,4.20,Metric Tonnes,02-07-2026
Maharashtra,Nashik,Nandgaon APMC,Cereals,Bajra(Pearl Millet/Cumbu),Other,Non-FAQ,"1,775.00","2,681.00","2,250.00",Rs./Quintal,6.80,Metric Tonnes,02-06-2026
Maharashtra,Nashik,Nandgaon APMC,Cereals,Bajra(Pearl Millet/Cumbu),Other,Non-FAQ,"1,700.00","2,774.00","2,650.00",Rs./Quintal,2.50,Metric Tonnes,02-02-2026
Maharashtra,Nashik,Nandgaon APMC,Cereals,Bajra(Pearl Millet/Cumbu),Other,Non-FAQ,"2,000.00","2,647.00","2,350.00",Rs./Quintal,2.70,Metric Tonnes,02-01-2026
Maharashtra,Nashik,Nandgaon APMC,Cereals,Bajra(Pearl Millet/Cumbu),Other,Non-FAQ,"1,990.00","2,586.00","2,450.00",Rs./Quintal,3.80,Metric Tonnes,01-07-2026
Maharashtra,Nashik,Nandgaon APMC,Cereals,Bajra(Pearl Millet/Cumbu),Other,Non-FAQ,"1,800.00","2,674.00","2,350.00",Rs./Quintal,3.70,Metric Tonnes,01-06-2026
Maharashtra,Nashik,Nandgaon APMC,Cereals,Bajra(Pearl Millet/Cumbu),Other,Non-FAQ,"1,890.00","2,774.00","2,550.00",Rs./Quintal,1.50,Metric Tonnes,01-01-2026
Maharashtra,Nashik,Satana APMC,Cereals,Bajra(Pearl Millet/Cumbu),Other,Non-FAQ,"1,880.00","2,450.00","2,116.00",Rs./Quintal,2.20,Metric Tonnes,31-12-2025
Maharashtra,Nashik,Satana APMC,Cereals,Bajra(Pearl Millet/Cumbu),Other,Non-FAQ,"1,885.00","2,601.00","2,256.00",Rs./Quintal,2.80,Metric Tonnes,30-12-2025
Maharashtra,Nashik,Satana APMC,Cereals,Bajra(Pearl Millet/Cumbu),Other,Non-FAQ,"2,000.00","2,699.00","2,431.00",Rs./Quintal,1.40,Metric Tonnes,30-07-2026
Maharashtra,Nashik,Satana APMC,Cereals,Bajra(Pearl Millet/Cumbu),Other,Non-FAQ,"1,900.00","2,250.00","1,925.00",Rs./Quintal,1.30,Metric Tonnes,30-06-2026
Maharashtra,Nashik,Satana APMC,Cereals,Bajra(Pearl Millet/Cumbu),Other,Non-FAQ,"2,040.00","2,625.00","2,291.00",Rs./Quintal,3.00,Metric Tonnes,29-12-2025
Maharashtra,Nashik,Satana APMC,Cereals,Bajra(Pearl Millet/Cumbu),Other,FAQ,"2,800.00","2,800.00","2,800.00",Rs./Quintal,0.40,Metric Tonnes,29-07-2026
Maharashtra,Nashik,Satana APMC,Cereals,Bajra(Pearl Millet/Cumbu),Other,Non-FAQ,"1,800.00","2,571.00","2,325.00",Rs./Quintal,1.10,Metric Tonnes,29-07-2026
Maharashtra,Nashik,Satana APMC,Cereals,Bajra(Pearl Millet/Cumbu),Other,Non-FAQ,"1,800.00","2,501.00","2,212.00",Rs./Quintal,1.40,Metric Tonnes,29-06-2026
Maharashtra,Nashik,Satana APMC,Cereals,Bajra(Pearl Millet/Cumbu),Other,Non-FAQ,"1,800.00","2,225.00","1,957.00",Rs./Quintal,0.60,Metric Tonnes,29-01-2026
Maharashtra,Nashik,Satana APMC,Cereals,Bajra(Pearl Millet/Cumbu),Other,Non-FAQ,"2,275.00","2,650.00","2,413.00",Rs./Quintal,1.30,Metric Tonnes,28-07-2026
Maharashtra,Nashik,Satana APMC,Cereals,Bajra(Pearl Millet/Cumbu),Other,FAQ,"2,801.00","2,801.00","2,801.00",Rs./Quintal,0.30,Metric Tonnes,28-01-2026
Maharashtra,Nashik,Satana APMC,Cereals,Bajra(Pearl Millet/Cumbu),Other,Non-FAQ,"1,800.00","2,650.00","2,451.00",Rs./Quintal,0.90,Metric Tonnes,28-01-2026
Maharashtra,Nashik,Satana APMC,Cereals,Bajra(Pearl Millet/Cumbu),Other,Non-FAQ,"2,451.00","2,451.00","2,451.00",Rs./Quintal,0.50,Metric Tonnes,27-07-2026
Maharashtra,Nashik,Satana APMC,Cereals,Bajra(Pearl Millet/Cumbu),Other,Non-FAQ,"1,781.00","2,410.00","2,250.00",Rs./Quintal,1.80,Metric Tonnes,27-05-2026
Maharashtra,Nashik,Satana APMC,Cereals,Bajra(Pearl Millet/Cumbu),Other,Non-FAQ,"1,550.00","2,327.00","1,970.00",Rs./Quintal,2.70,Metric Tonnes,27-04-2026
Maharashtra,Nashik,Satana APMC,Cereals,Bajra(Pearl Millet/Cumbu),Other,FAQ,"3,285.00","3,285.00","3,285.00",Rs./Quintal,0.50,Metric Tonnes,27-03-2026
Maharashtra,Nashik,Satana APMC,Cereals,Bajra(Pearl Millet/Cumbu),Other,Non-FAQ,"1,640.00","2,550.00","2,200.00",Rs./Quintal,1.10,Metric Tonnes,27-03-2026
Maharashtra,Nashik,Satana APMC,Cereals,Bajra(Pearl Millet/Cumbu),Other,Non-FAQ,"1,551.00","2,326.00","1,950.00",Rs./Quintal,1.50,Metric Tonnes,27-02-2026
Maharashtra,Nashik,Satana APMC,Cereals,Bajra(Pearl Millet/Cumbu),Other,FAQ,"2,800.00","2,800.00","2,800.00",Rs./Quintal,0.70,Metric Tonnes,27-01-2026
Maharashtra,Nashik,Satana APMC,Cereals,Bajra(Pearl Millet/Cumbu),Other,Non-FAQ,"1,750.00","2,650.00","2,531.00",Rs./Quintal,1.10,Metric Tonnes,27-01-2026
Maharashtra,Nashik,Satana APMC,Cereals,Bajra(Pearl Millet/Cumbu),Other,Non-FAQ,"2,225.00","2,600.00","2,476.00",Rs./Quintal,1.50,Metric Tonnes,26-11-2025
Maharashtra,Nashik,Satana APMC,Cereals,Bajra(Pearl Millet/Cumbu),Other,Non-FAQ,"1,700.00","2,475.00","2,278.00",Rs./Quintal,2.50,Metric Tonnes,26-05-2026
Maharashtra,Nashik,Satana APMC,Cereals,Bajra(Pearl Millet/Cumbu),Other,Non-FAQ,"1,400.00","2,501.00","2,111.00",Rs./Quintal,0.80,Metric Tonnes,26-02-2026
Maharashtra,Nashik,Satana APMC,Cereals,Bajra(Pearl Millet/Cumbu),Other,Non-FAQ,"1,855.00","2,500.00","2,331.00",Rs./Quintal,2.70,Metric Tonnes,25-11-2025
Maharashtra,Nashik,Satana APMC,Cereals,Bajra(Pearl Millet/Cumbu),Other,FAQ,"3,050.00","3,050.00","3,050.00",Rs./Quintal,1.20,Metric Tonnes,25-05-2026
Maharashtra,Nashik,Satana APMC,Cereals,Bajra(Pearl Millet/Cumbu),Other,Non-FAQ,"1,600.00","2,510.00","2,391.00",Rs./Quintal,1.40,Metric Tonnes,25-05-2026
Maharashtra,Nashik,Satana APMC,Cereals,Bajra(Pearl Millet/Cumbu),Other,Non-FAQ,"2,050.00","2,591.00","2,350.00",Rs./Quintal,0.80,Metric Tonnes,25-02-2026
Maharashtra,Nashik,Satana APMC,Cereals,Bajra(Pearl Millet/Cumbu),Other,Non-FAQ,"1,857.00","2,550.00","2,360.00",Rs./Quintal,2.70,Metric Tonnes,24-12-2025
Maharashtra,Nashik,Satana APMC,Cereals,Bajra(Pearl Millet/Cumbu),Other,FAQ,"3,170.00","3,170.00","3,170.00",Rs./Quintal,0.90,Metric Tonnes,24-11-2025
Maharashtra,Nashik,Satana APMC,Cereals,Bajra(Pearl Millet/Cumbu),Other,Non-FAQ,"1,650.00","2,500.00","2,450.00",Rs./Quintal,2.60,Metric Tonnes,24-11-2025
Maharashtra,Nashik,Satana APMC,Cereals,Bajra(Pearl Millet/Cumbu),Other,Non-FAQ,"2,412.00","2,412.00","2,412.00",Rs./Quintal,0.40,Metric Tonnes,24-07-2026
Maharashtra,Nashik,Satana APMC,Cereals,Bajra(Pearl Millet/Cumbu),Other,Non-FAQ,"2,301.00","2,301.00","2,301.00",Rs./Quintal,0.50,Metric Tonnes,24-06-2026
Maharashtra,Nashik,Satana APMC,Cereals,Bajra(Pearl Millet/Cumbu),Other,Non-FAQ,"1,699.00","2,411.00","1,941.00",Rs./Quintal,1.10,Metric Tonnes,24-04-2026
Maharashtra,Nashik,Satana APMC,Cereals,Bajra(Pearl Millet/Cumbu),Other,Non-FAQ,"1,575.00","2,485.00","2,163.00",Rs./Quintal,1.40,Metric Tonnes,24-03-2026
Maharashtra,Nashik,Satana APMC,Cereals,Bajra(Pearl Millet/Cumbu),Other,Non-FAQ,"1,600.00","2,600.00","2,250.00",Rs./Quintal,1.50,Metric Tonnes,24-02-2026
Maharashtra,Nashik,Satana APMC,Cereals,Bajra(Pearl Millet/Cumbu),Other,Non-FAQ,"1,875.00","2,612.00","2,381.00",Rs./Quintal,3.60,Metric Tonnes,23-12-2025
Maharashtra,Nashik,Satana APMC,Cereals,Bajra(Pearl Millet/Cumbu),Other,FAQ,"2,800.00","2,800.00","2,800.00",Rs./Quintal,0.50,Metric Tonnes,23-06-2026
Maharashtra,Nashik,Satana APMC,Cereals,Bajra(Pearl Millet/Cumbu),Other,Non-FAQ,"1,950.00","2,750.00","2,355.00",Rs./Quintal,1.90,Metric Tonnes,23-06-2026
Maharashtra,Nashik,Satana APMC,Cereals,Bajra(Pearl Millet/Cumbu),Other,Non-FAQ,"1,685.00","2,500.00","2,100.00",Rs./Quintal,1.40,Metric Tonnes,23-04-2026
Maharashtra,Nashik,Satana APMC,Cereals,Bajra(Pearl Millet/Cumbu),Other,FAQ,"2,900.00","2,900.00","2,900.00",Rs./Quintal,0.50,Metric Tonnes,23-03-2026
Maharashtra,Nashik,Satana APMC,Cereals,Bajra(Pearl Millet/Cumbu),Other,Non-FAQ,"1,600.00","2,550.00","2,100.00",Rs./Quintal,1.40,Metric Tonnes,23-03-2026
Maharashtra,Nashik,Satana APMC,Cereals,Bajra(Pearl Millet/Cumbu),Other,Non-FAQ,"1,500.00","2,540.00","2,160.00",Rs./Quintal,1.00,Metric Tonnes,23-02-2026
Maharashtra,Nashik,Satana APMC,Cereals,Bajra(Pearl Millet/Cumbu),Other,Non-FAQ,"1,750.00","2,701.00","2,471.00",Rs./Quintal,2.20,Metric Tonnes,23-01-2026
Maharashtra,Nashik,Satana APMC,Cereals,Bajra(Pearl Millet/Cumbu),Other,FAQ,"3,050.00","3,050.00","3,050.00",Rs./Quintal,1.00,Metric Tonnes,22-12-2025
Maharashtra,Nashik,Satana APMC,Cereals,Bajra(Pearl Millet/Cumbu),Other,Non-FAQ,"1,700.00","2,650.00","2,425.00",Rs./Quintal,2.50,Metric Tonnes,22-12-2025
Maharashtra,Nashik,Satana APMC,Cereals,Bajra(Pearl Millet/Cumbu),Other,Non-FAQ,"2,200.00","2,705.00","2,500.00",Rs./Quintal,1.20,Metric Tonnes,22-07-2026
Maharashtra,Nashik,Satana APMC,Cereals,Bajra(Pearl Millet/Cumbu),Other,Non-FAQ,"1,701.00","2,475.00","2,296.00",Rs./Quintal,1.60,Metric Tonnes,22-05-2026
Maharashtra,Nashik,Satana APMC,Cereals,Bajra(Pearl Millet/Cumbu),Other,Non-FAQ,"1,851.00","2,400.00","2,006.00",Rs./Quintal,4.70,Metric Tonnes,22-01-2026
Maharashtra,Nashik,Satana APMC,Cereals,Bajra(Pearl Millet/Cumbu),Other,FAQ,"2,800.00","3,150.00","2,905.00",Rs./Quintal,0.90,Metric Tonnes,21-08-2026
Maharashtra,Nashik,Satana APMC,Cereals,Bajra(Pearl Millet/Cumbu),Other,Non-FAQ,"2,026.00","2,026.00","2,026.00",Rs./Quintal,0.30,Metric Tonnes,21-08-2026
Maharashtra,Nashik,Satana APMC,Cereals,Bajra(Pearl Millet/Cumbu),Other,Non-FAQ,"2,031.00","2,530.00","2,395.00",Rs./Quintal,1.30,Metric Tonnes,21-07-2026
Maharashtra,Nashik,Satana APMC,Cereals,Bajra(Pearl Millet/Cumbu),Other,Non-FAQ,"1,445.00","2,771.00","2,325.00",Rs./Quintal,1.50,Metric Tonnes,21-05-2026
Maharashtra,Nashik,Satana APMC,Cereals,Bajra(Pearl Millet/Cumbu),Other,FAQ,"3,090.00","3,090.00","3,090.00",Rs./Quintal,0.50,Metric Tonnes,21-01-2026
Maharashtra,Nashik,Satana APMC,Cereals,Bajra(Pearl Millet/Cumbu),Other,Non-FAQ,"1,700.00","2,670.00","2,550.00",Rs./Quintal,1.60,Metric Tonnes,21-01-2026
Maharashtra,Nashik,Satana APMC,Cereals,Bajra(Pearl Millet/Cumbu),Other,FAQ,"3,257.00","3,257.00","3,257.00",Rs./Quintal,0.60,Metric Tonnes,20-11-2025
Maharashtra,Nashik,Satana APMC,Cereals,Bajra(Pearl Millet/Cumbu),Other,Non-FAQ,"1,857.00","2,580.00","2,430.00",Rs./Quintal,2.40,Metric Tonnes,20-11-2025
Maharashtra,Nashik,Satana APMC,Cereals,Bajra(Pearl Millet/Cumbu),Other,Non-FAQ,"2,287.00","2,700.00","2,486.00",Rs./Quintal,1.50,Metric Tonnes,20-08-2026
Maharashtra,Nashik,Satana APMC,Cereals,Bajra(Pearl Millet/Cumbu),Other,Non-FAQ,"2,113.00","2,600.00","2,425.00",Rs./Quintal,1.30,Metric Tonnes,20-07-2026
Maharashtra,Nashik,Satana APMC,Cereals,Bajra(Pearl Millet/Cumbu),Other,Non-FAQ,"1,780.00","2,500.00","2,012.00",Rs./Quintal,1.70,Metric Tonnes,20-05-2026
Maharashtra,Nashik,Satana APMC,Cereals,Bajra(Pearl Millet/Cumbu),Other,Non-FAQ,"1,581.00","2,600.00","2,200.00",Rs./Quintal,1.50,Metric Tonnes,20-03-2026
Maharashtra,Nashik,Satana APMC,Cereals,Bajra(Pearl Millet/Cumbu),Other,Non-FAQ,"1,600.00","2,711.00","2,251.00",Rs./Quintal,1.20,Metric Tonnes,20-02-2026
Maharashtra,Nashik,Satana APMC,Cereals,Bajra(Pearl Millet/Cumbu),Other,Non-FAQ,"1,770.00","2,612.00","2,400.00",Rs./Quintal,1.70,Metric Tonnes,20-01-2026
Maharashtra,Nashik,Satana APMC,Cereals,Bajra(Pearl Millet/Cumbu),Other,FAQ,"2,941.00","2,941.00","2,941.00",Rs./Quintal,1.20,Metric Tonnes,19-12-2025
Maharashtra,Nashik,Satana APMC,Cereals,Bajra(Pearl Millet/Cumbu),Other,Non-FAQ,"1,851.00","2,650.00","2,503.00",Rs./Quintal,2.00,Metric Tonnes,19-12-2025
Maharashtra,Nashik,Satana APMC,Cereals,Bajra(Pearl Millet/Cumbu),Other,FAQ,"3,026.00","3,026.00","3,026.00",Rs./Quintal,0.50,Metric Tonnes,19-11-2025
Maharashtra,Nashik,Satana APMC,Cereals,Bajra(Pearl Millet/Cumbu),Other,Non-FAQ,"1,750.00","2,626.00","2,452.00",Rs./Quintal,3.10,Metric Tonnes,19-11-2025
Maharashtra,Nashik,Satana APMC,Cereals,Bajra(Pearl Millet/Cumbu),Other,FAQ,"2,880.00","2,880.00","2,880.00",Rs./Quintal,0.50,Metric Tonnes,19-08-2026
Maharashtra,Nashik,Satana APMC,Cereals,Bajra(Pearl Millet/Cumbu),Other,Non-FAQ,"2,301.00","2,625.00","2,500.00",Rs./Quintal,0.90,Metric Tonnes,19-08-2026
Maharashtra,Nashik,Satana APMC,Cereals,Bajra(Pearl Millet/Cumbu),Other,Non-FAQ,"1,800.00","2,612.00","2,045.00",Rs./Quintal,1.10,Metric Tonnes,19-06-2026
Maharashtra,Nashik,Satana APMC,Cereals,Bajra(Pearl Millet/Cumbu),Other,Non-FAQ,"1,670.00","2,390.00","2,088.00",Rs./Quintal,1.70,Metric Tonnes,19-05-2026
Maharashtra,Nashik,Satana APMC,Cereals,Bajra(Pearl Millet/Cumbu),Other,FAQ,"2,978.00","2,978.00","2,978.00",Rs./Quintal,0.50,Metric Tonnes,19-01-2026
Maharashtra,Nashik,Satana APMC,Cereals,Bajra(Pearl Millet/Cumbu),Other,Non-FAQ,"1,800.00","2,550.00","2,312.00",Rs./Quintal,1.00,Metric Tonnes,19-01-2026
Maharashtra,Nashik,Satana APMC,Cereals,Bajra(Pearl Millet/Cumbu),Other,Non-FAQ,"1,900.00","2,480.00","2,026.00",Rs./Quintal,2.10,Metric Tonnes,18-12-2025
Maharashtra,Nashik,Satana APMC,Cereals,Bajra(Pearl Millet/Cumbu),Other,Non-FAQ,"1,900.00","2,650.00","2,300.00",Rs./Quintal,2.80,Metric Tonnes,18-11-2025
Maharashtra,Nashik,Satana APMC,Cereals,Bajra(Pearl Millet/Cumbu),Other,FAQ,"2,809.00","2,809.00","2,809.00",Rs./Quintal,0.30,Metric Tonnes,18-08-2026
Maharashtra,Nashik,Satana APMC,Cereals,Bajra(Pearl Millet/Cumbu),Other,Non-FAQ,"2,250.00","2,416.00","2,328.00",Rs./Quintal,0.80,Metric Tonnes,18-08-2026
Maharashtra,Nashik,Satana APMC,Cereals,Bajra(Pearl Millet/Cumbu),Other,Non-FAQ,"1,851.00","2,725.00","2,303.00",Rs./Quintal,2.00,Metric Tonnes,18-06-2026
Maharashtra,Nashik,Satana APMC,Cereals,Bajra(Pearl Millet/Cumbu),Other,Non-FAQ,"1,501.00","2,600.00","2,181.00",Rs./Quintal,1.50,Metric Tonnes,18-05-2026
Maharashtra,Nashik,Satana APMC,Cereals,Bajra(Pearl Millet/Cumbu),Other,FAQ,"2,901.00","2,901.00","2,901.00",Rs./Quintal,0.50,Metric Tonnes,18-03-2026
Maharashtra,Nashik,Satana APMC,Cereals,Bajra(Pearl Millet/Cumbu),Other,Non-FAQ,"1,626.00","2,560.00","2,400.00",Rs./Quintal,1.20,Metric Tonnes,18-03-2026
Maharashtra,Nashik,Satana APMC,Cereals,Bajra(Pearl Millet/Cumbu),Other,FAQ,"3,012.00","3,012.00","3,012.00",Rs./Quintal,0.50,Metric Tonnes,17-12-2025
Maharashtra,Nashik,Satana APMC,Cereals,Bajra(Pearl Millet/Cumbu),Other,Non-FAQ,"1,800.00","2,499.00","2,256.00",Rs./Quintal,1.90,Metric Tonnes,17-12-2025
Maharashtra,Nashik,Satana APMC,Cereals,Bajra(Pearl Millet/Cumbu),Other,FAQ,"3,081.00","3,081.00","3,081.00",Rs./Quintal,0.50,Metric Tonnes,17-11-2025
Maharashtra,Nashik,Satana APMC,Cereals,Bajra(Pearl Millet/Cumbu),Other,Non-FAQ,"1,981.00","2,770.00","2,425.00",Rs./Quintal,2.50,Metric Tonnes,17-11-2025
Maharashtra,Nashik,Satana APMC,Cereals,Bajra(Pearl Millet/Cumbu),Other,Non-FAQ,"2,061.00","2,660.00","2,526.00",Rs./Quintal,0.80,Metric Tonnes,17-08-2026
Maharashtra,Nashik,Satana APMC,Cereals,Bajra(Pearl Millet/Cumbu),Other,Non-FAQ,"2,125.00","2,551.00","2,425.00",Rs./Quintal,1.20,Metric Tonnes,17-07-2026
Maharashtra,Nashik,Satana APMC,Cereals,Bajra(Pearl Millet/Cumbu),Other,Non-FAQ,"1,751.00","2,581.00","2,181.00",Rs./Quintal,1.90,Metric Tonnes,17-06-2026
Maharashtra,Nashik,Satana APMC,Cereals,Bajra(Pearl Millet/Cumbu),Other,FAQ,"3,000.00","3,000.00","3,000.00",Rs./Quintal,0.50,Metric Tonnes,17-03-2026
Maharashtra,Nashik,Satana APMC,Cereals,Bajra(Pearl Millet/Cumbu),Other,Non-FAQ,"1,550.00","2,550.00","2,250.00",Rs./Quintal,1.00,Metric Tonnes,17-03-2026
Maharashtra,Nashik,Satana APMC,Cereals,Bajra(Pearl Millet/Cumbu),Other,Non-FAQ,"2,350.00","2,700.00","2,650.00",Rs./Quintal,1.10,Metric Tonnes,17-02-2026
Maharashtra,Nashik,Satana APMC,Cereals,Bajra(Pearl Millet/Cumbu),Other,Non-FAQ,"1,900.00","2,515.00","2,325.00",Rs./Quintal,1.40,Metric Tonnes,16-07-2026
Maharashtra,Nashik,Satana APMC,Cereals,Bajra(Pearl Millet/Cumbu),Other,FAQ,"3,057.00","3,057.00","3,057.00",Rs./Quintal,0.50,Metric Tonnes,16-06-2026
Maharashtra,Nashik,Satana APMC,Cereals,Bajra(Pearl Millet/Cumbu),Other,Non-FAQ,"1,860.00","2,650.00","2,320.00",Rs./Quintal,1.40,Metric Tonnes,16-06-2026
Maharashtra,Nashik,Satana APMC,Cereals,Bajra(Pearl Millet/Cumbu),Other,Non-FAQ,"1,525.00","2,030.00","2,005.00",Rs./Quintal,0.50,Metric Tonnes,16-03-2026
Maharashtra,Nashik,Satana APMC,Cereals,Bajra(Pearl Millet/Cumbu),Other,Non-FAQ,"1,600.00","2,501.00","1,825.00",Rs./Quintal,0.60,Metric Tonnes,16-02-2026
Maharashtra,Nashik,Satana APMC,Cereals,Bajra(Pearl Millet/Cumbu),Other,Non-FAQ,"1,881.00","2,505.00","2,400.00",Rs./Quintal,2.50,Metric Tonnes,16-01-2026
Maharashtra,Nashik,Satana APMC,Cereals,Bajra(Pearl Millet/Cumbu),Other,Non-FAQ,"2,001.00","2,500.00","2,325.00",Rs./Quintal,1.20,Metric Tonnes,15-07-2026
Maharashtra,Nashik,Satana APMC,Cereals,Bajra(Pearl Millet/Cumbu),Other,Non-FAQ,"1,871.00","2,281.00","2,112.00",Rs./Quintal,1.90,Metric Tonnes,15-06-2026
Maharashtra,Nashik,Satana APMC,Cereals,Bajra(Pearl Millet/Cumbu),Other,FAQ,"2,950.00","2,950.00","2,950.00",Rs./Quintal,0.60,Metric Tonnes,15-05-2026
Maharashtra,Nashik,Satana APMC,Cereals,Bajra(Pearl Millet/Cumbu),Other,Non-FAQ,"1,601.00","2,715.00","2,258.00",Rs./Quintal,1.60,Metric Tonnes,15-05-2026
Maharashtra,Nashik,Satana APMC,Cereals,Bajra(Pearl Millet/Cumbu),Other,FAQ,"2,780.00","2,780.00","2,780.00",Rs./Quintal,0.20,Metric Tonnes,14-08-2026
Maharashtra,Nashik,Satana APMC,Cereals,Bajra(Pearl Millet/Cumbu),Other,Non-FAQ,"2,181.00","2,181.00","2,181.00",Rs./Quintal,0.30,Metric Tonnes,14-08-2026
Maharashtra,Nashik,Satana APMC,Cereals,Bajra(Pearl Millet/Cumbu),Other,Non-FAQ,"1,925.00","2,561.00","2,300.00",Rs./Quintal,1.30,Metric Tonnes,14-07-2026
Maharashtra,Nashik,Satana APMC,Cereals,Bajra(Pearl Millet/Cumbu),Other,Non-FAQ,"1,700.00","2,644.00","2,215.00",Rs./Quintal,3.50,Metric Tonnes,13-11-2025
Maharashtra,Nashik,Satana APMC,Cereals,Bajra(Pearl Millet/Cumbu),Other,Non-FAQ,"2,126.00","2,536.00","2,430.00",Rs./Quintal,0.90,Metric Tonnes,13-08-2026
Maharashtra,Nashik,Satana APMC,Cereals,Bajra(Pearl Millet/Cumbu),Other,Non-FAQ,"2,300.00","2,500.00","2,450.00",Rs./Quintal,1.20,Metric Tonnes,13-07-2026
Maharashtra,Nashik,Satana APMC,Cereals,Bajra(Pearl Millet/Cumbu),Other,FAQ,"2,875.00","2,875.00","2,875.00",Rs./Quintal,0.40,Metric Tonnes,13-05-2026
Maharashtra,Nashik,Satana APMC,Cereals,Bajra(Pearl Millet/Cumbu),Other,Non-FAQ,"1,650.00","2,725.00","2,231.00",Rs./Quintal,1.10,Metric Tonnes,13-05-2026
Maharashtra,Nashik,Satana APMC,Cereals,Bajra(Pearl Millet/Cumbu),Other,FAQ,"2,800.00","3,200.00","2,950.00",Rs./Quintal,1.50,Metric Tonnes,13-02-2026
Maharashtra,Nashik,Satana APMC,Cereals,Bajra(Pearl Millet/Cumbu),Other,Non-FAQ,"2,350.00","2,350.00","2,350.00",Rs./Quintal,0.40,Metric Tonnes,13-02-2026
Maharashtra,Nashik,Satana APMC,Cereals,Bajra(Pearl Millet/Cumbu),Other,FAQ,"3,212.00","3,212.00","3,212.00",Rs./Quintal,0.50,Metric Tonnes,13-01-2026
Maharashtra,Nashik,Satana APMC,Cereals,Bajra(Pearl Millet/Cumbu),Other,Non-FAQ,"2,151.00","2,650.00","2,325.00",Rs./Quintal,2.80,Metric Tonnes,13-01-2026
Maharashtra,Nashik,Satana APMC,Cereals,Bajra(Pearl Millet/Cumbu),Other,Non-FAQ,"1,800.00","2,481.00","2,000.00",Rs./Quintal,1.80,Metric Tonnes,12-11-2025
Maharashtra,Nashik,Satana APMC,Cereals,Bajra(Pearl Millet/Cumbu),Other,Non-FAQ,"2,600.00","2,600.00","2,600.00",Rs./Quintal,0.30,Metric Tonnes,12-08-2026
Maharashtra,Nashik,Satana APMC,Cereals,Bajra(Pearl Millet/Cumbu),Other,Non-FAQ,"1,612.00","2,314.00","2,080.00",Rs./Quintal,1.80,Metric Tonnes,12-05-2026
Maharashtra,Nashik,Satana APMC,Cereals,Bajra(Pearl Millet/Cumbu),Other,FAQ,"2,810.00","3,140.00","2,900.00",Rs./Quintal,0.60,Metric Tonnes,12-02-2026
Maharashtra,Nashik,Satana APMC,Cereals,Bajra(Pearl Millet/Cumbu),Other,Non-FAQ,"1,900.00","1,900.00","1,900.00",Rs./Quintal,0.10,Metric Tonnes,12-02-2026
Maharashtra,Nashik,Satana APMC,Cereals,Bajra(Pearl Millet/Cumbu),Other,Non-FAQ,"1,888.00","2,520.00","2,101.00",Rs./Quintal,1.60,Metric Tonnes,12-01-2026
Maharashtra,Nashik,Satana APMC,Cereals,Bajra(Pearl Millet/Cumbu),Other,Non-FAQ,"1,881.00","2,300.00","2,001.00",Rs./Quintal,1.60,Metric Tonnes,11-12-2025
Maharashtra,Nashik,Satana APMC,Cereals,Bajra(Pearl Millet/Cumbu),Other,FAQ,"2,851.00","2,851.00","2,851.00",Rs./Quintal,0.50,Metric Tonnes,11-11-2025
Maharashtra,Nashik,Satana APMC,Cereals,Bajra(Pearl Millet/Cumbu),Other,Non-FAQ,"1,931.00","2,650.00","2,200.00",Rs./Quintal,1.90,Metric Tonnes,11-11-2025
Maharashtra,Nashik,Satana APMC,Cereals,Bajra(Pearl Millet/Cumbu),Other,Non-FAQ,"1,671.00","2,699.00","2,350.00",Rs./Quintal,1.80,Metric Tonnes,11-06-2026
Maharashtra,Nashik,Satana APMC,Cereals,Bajra(Pearl Millet/Cumbu),Other,Non-FAQ,"1,550.00","2,480.00","2,015.00",Rs./Quintal,2.20,Metric Tonnes,11-05-2026
Maharashtra,Nashik,Satana APMC,Cereals,Bajra(Pearl Millet/Cumbu),Other,Non-FAQ,"1,690.00","2,335.00","2,100.00",Rs./Quintal,1.20,Metric Tonnes,11-03-2026
Maharashtra,Nashik,Satana APMC,Cereals,Bajra(Pearl Millet/Cumbu),Other,FAQ,"3,156.00","3,156.00","3,156.00",Rs./Quintal,0.30,Metric Tonnes,11-02-2026
Maharashtra,Nashik,Satana APMC,Cereals,Bajra(Pearl Millet/Cumbu),Other,Non-FAQ,"1,726.00","2,650.00","2,301.00",Rs./Quintal,0.60,Metric Tonnes,11-02-2026
Maharashtra,Nashik,Satana APMC,Cereals,Bajra(Pearl Millet/Cumbu),Other,Non-FAQ,"1,856.00","2,650.00","2,160.00",Rs./Quintal,2.50,Metric Tonnes,10-12-2025
Maharashtra,Nashik,Satana APMC,Cereals,Bajra(Pearl Millet/Cumbu),Other,FAQ,"3,000.00","3,000.00","3,000.00",Rs./Quintal,0.50,Metric Tonnes,10-11-2025
Maharashtra,Nashik,Satana APMC,Cereals,Bajra(Pearl Millet/Cumbu),Other,Non-FAQ,"1,900.00","2,650.00","2,400.00",Rs./Quintal,2.70,Metric Tonnes,10-11-2025
Maharashtra,Nashik,Satana APMC,Cereals,Bajra(Pearl Millet/Cumbu),Other,Non-FAQ,"2,000.00","2,551.00","2,351.00",Rs./Quintal,1.20,Metric Tonnes,10-08-2026
Maharashtra,Nashik,Satana APMC,Cereals,Bajra(Pearl Millet/Cumbu),Other,FAQ,"2,800.00","2,800.00","2,800.00",Rs./Quintal,0.40,Metric Tonnes,10-07-2026
Maharashtra,Nashik,Satana APMC,Cereals,Bajra(Pearl Millet/Cumbu),Other,Non-FAQ,"2,000.00","2,550.00","2,326.00",Rs./Quintal,0.80,Metric Tonnes,10-07-2026
Maharashtra,Nashik,Satana APMC,Cereals,Bajra(Pearl Millet/Cumbu),Other,FAQ,"2,826.00","2,826.00","2,826.00",Rs./Quintal,0.60,Metric Tonnes,10-06-2026
Maharashtra,Nashik,Satana APMC,Cereals,Bajra(Pearl Millet/Cumbu),Other,Non-FAQ,"1,935.00","2,650.00","2,301.00",Rs./Quintal,1.90,Metric Tonnes,10-06-2026
Maharashtra,Nashik,Satana APMC,Cereals,Bajra(Pearl Millet/Cumbu),Other,Non-FAQ,"1,601.00","2,600.00","2,301.00",Rs./Quintal,1.00,Metric Tonnes,10-03-2026
Maharashtra,Nashik,Satana APMC,Cereals,Bajra(Pearl Millet/Cumbu),Other,Non-FAQ,"1,700.00","2,501.00","1,900.00",Rs./Quintal,0.90,Metric Tonnes,10-02-2026
Maharashtra,Nashik,Satana APMC,Cereals,Bajra(Pearl Millet/Cumbu),Other,Non-FAQ,"1,813.00","2,730.00","2,425.00",Rs./Quintal,2.50,Metric Tonnes,09-12-2025
Maharashtra,Nashik,Satana APMC,Cereals,Bajra(Pearl Millet/Cumbu),Other,FAQ,"3,075.00","3,075.00","3,075.00",Rs./Quintal,0.40,Metric Tonnes,09-07-2026
Maharashtra,Nashik,Satana APMC,Cereals,Bajra(Pearl Millet/Cumbu),Other,Non-FAQ,"1,951.00","2,650.00","2,456.00",Rs./Quintal,0.90,Metric Tonnes,09-07-2026
Maharashtra,Nashik,Satana APMC,Cereals,Bajra(Pearl Millet/Cumbu),Other,Non-FAQ,"1,900.00","2,350.00","2,281.00",Rs./Quintal,2.30,Metric Tonnes,09-06-2026
Maharashtra,Nashik,Satana APMC,Cereals,Bajra(Pearl Millet/Cumbu),Other,Non-FAQ,"1,575.00","2,360.00","2,200.00",Rs./Quintal,0.90,Metric Tonnes,09-03-2026
Maharashtra,Nashik,Satana APMC,Cereals,Bajra(Pearl Millet/Cumbu),Other,FAQ,"2,931.00","2,931.00","2,931.00",Rs./Quintal,0.20,Metric Tonnes,09-02-2026
Maharashtra,Nashik,Satana APMC,Cereals,Bajra(Pearl Millet/Cumbu),Other,Non-FAQ,"1,625.00","2,650.00","2,456.00",Rs./Quintal,0.60,Metric Tonnes,09-02-2026
Maharashtra,Nashik,Satana APMC,Cereals,Bajra(Pearl Millet/Cumbu),Other,FAQ,"2,800.00","2,800.00","2,800.00",Rs./Quintal,0.50,Metric Tonnes,09-01-2026
Maharashtra,Nashik,Satana APMC,Cereals,Bajra(Pearl Millet/Cumbu),Other,Non-FAQ,"1,851.00","2,650.00","2,480.00",Rs./Quintal,1.10,Metric Tonnes,09-01-2026
Maharashtra,Nashik,Satana APMC,Cereals,Bajra(Pearl Millet/Cumbu),Other,FAQ,"2,800.00","3,136.00","2,912.00",Rs./Quintal,2.40,Metric Tonnes,08-12-2025
Maharashtra,Nashik,Satana APMC,Cereals,Bajra(Pearl Millet/Cumbu),Other,Non-FAQ,"1,800.00","2,610.00","2,550.00",Rs./Quintal,1.40,Metric Tonnes,08-12-2025
Maharashtra,Nashik,Satana APMC,Cereals,Bajra(Pearl Millet/Cumbu),Other,Non-FAQ,"2,590.00","2,590.00","2,590.00",Rs./Quintal,0.40,Metric Tonnes,08-07-2026
Maharashtra,Nashik,Satana APMC,Cereals,Bajra(Pearl Millet/Cumbu),Other,Non-FAQ,"1,805.00","2,412.00","2,150.00",Rs./Quintal,1.70,Metric Tonnes,08-06-2026
Maharashtra,Nashik,Satana APMC,Cereals,Bajra(Pearl Millet/Cumbu),Other,Non-FAQ,"1,420.00","2,465.00","2,272.00",Rs./Quintal,2.00,Metric Tonnes,08-05-2026
Maharashtra,Nashik,Satana APMC,Cereals,Bajra(Pearl Millet/Cumbu),Other,FAQ,"2,800.00","2,800.00","2,800.00",Rs./Quintal,0.50,Metric Tonnes,08-01-2026
Maharashtra,Nashik,Satana APMC,Cereals,Bajra(Pearl Millet/Cumbu),Other,Non-FAQ,"1,850.00","2,650.00","2,411.00",Rs./Quintal,1.10,Metric Tonnes,08-01-2026
Maharashtra,Nashik,Satana APMC,Cereals,Bajra(Pearl Millet/Cumbu),Other,FAQ,"2,800.00","2,800.00","2,800.00",Rs./Quintal,0.50,Metric Tonnes,07-11-2025
Maharashtra,Nashik,Satana APMC,Cereals,Bajra(Pearl Millet/Cumbu),Other,Non-FAQ,"1,900.00","2,557.00","2,275.00",Rs./Quintal,2.80,Metric Tonnes,07-11-2025
Maharashtra,Nashik,Satana APMC,Cereals,Bajra(Pearl Millet/Cumbu),Other,FAQ,"2,879.00","2,879.00","2,879.00",Rs./Quintal,0.30,Metric Tonnes,07-08-2026
Maharashtra,Nashik,Satana APMC,Cereals,Bajra(Pearl Millet/Cumbu),Other,Non-FAQ,"1,900.00","2,405.00","2,280.00",Rs./Quintal,0.90,Metric Tonnes,07-08-2026
Maharashtra,Nashik,Satana APMC,Cereals,Bajra(Pearl Millet/Cumbu),Other,Non-FAQ,"2,460.00","2,460.00","2,460.00",Rs./Quintal,0.50,Metric Tonnes,07-07-2026
Maharashtra,Nashik,Satana APMC,Cereals,Bajra(Pearl Millet/Cumbu),Other,FAQ,"3,003.00","3,003.00","3,003.00",Rs./Quintal,0.50,Metric Tonnes,07-05-2026
Maharashtra,Nashik,Satana APMC,Cereals,Bajra(Pearl Millet/Cumbu),Other,Non-FAQ,"1,650.00","2,550.00","2,270.00",Rs./Quintal,1.70,Metric Tonnes,07-05-2026
Maharashtra,Nashik,Satana APMC,Cereals,Bajra(Pearl Millet/Cumbu),Other,Non-FAQ,"1,866.00","2,750.00","2,269.00",Rs./Quintal,1.40,Metric Tonnes,07-01-2026
Maharashtra,Nashik,Satana APMC,Cereals,Bajra(Pearl Millet/Cumbu),Other,FAQ,"2,815.00","2,815.00","2,815.00",Rs./Quintal,0.30,Metric Tonnes,06-08-2026
Maharashtra,Nashik,Satana APMC,Cereals,Bajra(Pearl Millet/Cumbu),Other,Non-FAQ,"2,076.00","2,399.00","2,235.00",Rs./Quintal,1.00,Metric Tonnes,06-08-2026
Maharashtra,Nashik,Satana APMC,Cereals,Bajra(Pearl Millet/Cumbu),Other,Non-FAQ,"2,025.00","2,401.00","2,350.00",Rs./Quintal,1.00,Metric Tonnes,06-07-2026
Maharashtra,Nashik,Satana APMC,Cereals,Bajra(Pearl Millet/Cumbu),Other,Non-FAQ,"1,660.00","2,450.00","1,850.00",Rs./Quintal,1.70,Metric Tonnes,06-05-2026
Maharashtra,Nashik,Satana APMC,Cereals,Bajra(Pearl Millet/Cumbu),Other,Non-FAQ,"1,635.00","2,300.00","2,191.00",Rs./Quintal,1.70,Metric Tonnes,06-03-2026
Maharashtra,Nashik,Satana APMC,Cereals,Bajra(Pearl Millet/Cumbu),Other,Non-FAQ,"1,851.00","2,686.00","2,275.00",Rs./Quintal,1.70,Metric Tonnes,06-01-2026
Maharashtra,Nashik,Satana APMC,Cereals,Bajra(Pearl Millet/Cumbu),Other,FAQ,"2,820.00","2,820.00","2,820.00",Rs./Quintal,1.00,Metric Tonnes,05-12-2025
Maharashtra,Nashik,Satana APMC,Cereals,Bajra(Pearl Millet/Cumbu),Other,Non-FAQ,"1,861.00","2,700.00","2,400.00",Rs./Quintal,2.30,Metric Tonnes,05-12-2025
Maharashtra,Nashik,Satana APMC,Cereals,Bajra(Pearl Millet/Cumbu),Other,Non-FAQ,"2,000.00","2,499.00","2,399.00",Rs./Quintal,1.00,Metric Tonnes,05-08-2026
Maharashtra,Nashik,Satana APMC,Cereals,Bajra(Pearl Millet/Cumbu),Other,Non-FAQ,"1,871.00","2,717.00","2,300.00",Rs./Quintal,2.30,Metric Tonnes,05-06-2026
Maharashtra,Nashik,Satana APMC,Cereals,Bajra(Pearl Millet/Cumbu),Other,Non-FAQ,"1,712.00","2,404.00","2,013.00",Rs./Quintal,1.30,Metric Tonnes,05-05-2026
Maharashtra,Nashik,Satana APMC,Cereals,Bajra(Pearl Millet/Cumbu),Other,FAQ,"2,905.00","2,905.00","2,905.00",Rs./Quintal,0.80,Metric Tonnes,05-03-2026
Maharashtra,Nashik,Satana APMC,Cereals,Bajra(Pearl Millet/Cumbu),Other,Non-FAQ,"1,625.00","2,650.00","2,351.00",Rs./Quintal,0.90,Metric Tonnes,05-03-2026
Maharashtra,Nashik,Satana APMC,Cereals,Bajra(Pearl Millet/Cumbu),Other,Non-FAQ,"1,500.00","2,450.00","2,252.00",Rs./Quintal,0.60,Metric Tonnes,05-02-2026
Maharashtra,Nashik,Satana APMC,Cereals,Bajra(Pearl Millet/Cumbu),Other,FAQ,"2,968.00","2,968.00","2,968.00",Rs./Quintal,0.70,Metric Tonnes,05-01-2026
Maharashtra,Nashik,Satana APMC,Cereals,Bajra(Pearl Millet/Cumbu),Other,Non-FAQ,"1,880.00","2,650.00","2,281.00",Rs./Quintal,1.40,Metric Tonnes,05-01-2026
Maharashtra,Nashik,Satana APMC,Cereals,Bajra(Pearl Millet/Cumbu),Other,FAQ,"3,360.00","3,360.00","3,360.00",Rs./Quintal,0.30,Metric Tonnes,04-08-2026
Maharashtra,Nashik,Satana APMC,Cereals,Bajra(Pearl Millet/Cumbu),Other,Non-FAQ,"1,950.00","2,600.00","2,400.00",Rs./Quintal,0.90,Metric Tonnes,04-08-2026
Maharashtra,Nashik,Satana APMC,Cereals,Bajra(Pearl Millet/Cumbu),Other,Non-FAQ,"1,799.00","2,421.00","2,225.00",Rs./Quintal,2.30,Metric Tonnes,04-06-2026
Maharashtra,Nashik,Satana APMC,Cereals,Bajra(Pearl Millet/Cumbu),Other,FAQ,"2,800.00","2,800.00","2,800.00",Rs./Quintal,0.50,Metric Tonnes,04-05-2026
Maharashtra,Nashik,Satana APMC,Cereals,Bajra(Pearl Millet/Cumbu),Other,Non-FAQ,"1,799.00","2,700.00","2,113.00",Rs./Quintal,1.60,Metric Tonnes,04-05-2026
Maharashtra,Nashik,Satana APMC,Cereals,Bajra(Pearl Millet/Cumbu),Other,FAQ,"2,900.00","2,900.00","2,900.00",Rs./Quintal,1.00,Metric Tonnes,04-03-2026
Maharashtra,Nashik,Satana APMC,Cereals,Bajra(Pearl Millet/Cumbu),Other,Non-FAQ,"1,550.00","2,550.00","2,350.00",Rs./Quintal,0.70,Metric Tonnes,04-03-2026
Maharashtra,Nashik,Satana APMC,Cereals,Bajra(Pearl Millet/Cumbu),Other,Non-FAQ,"1,845.00","2,651.00","2,275.00",Rs./Quintal,0.90,Metric Tonnes,04-02-2026
Maharashtra,Nashik,Satana APMC,Cereals,Bajra(Pearl Millet/Cumbu),Other,FAQ,"3,100.00","3,100.00","3,100.00",Rs./Quintal,0.50,Metric Tonnes,03-12-2025
Maharashtra,Nashik,Satana APMC,Cereals,Bajra(Pearl Millet/Cumbu),Other,Non-FAQ,"1,780.00","2,650.00","2,013.00",Rs./Quintal,1.20,Metric Tonnes,03-12-2025
Maharashtra,Nashik,Satana APMC,Cereals,Bajra(Pearl Millet/Cumbu),Other,FAQ,"3,000.00","3,000.00","3,000.00",Rs./Quintal,0.40,Metric Tonnes,03-08-2026
Maharashtra,Nashik,Satana APMC,Cereals,Bajra(Pearl Millet/Cumbu),Other,Non-FAQ,"2,400.00","2,670.00","2,590.00",Rs./Quintal,0.90,Metric Tonnes,03-08-2026
Maharashtra,Nashik,Satana APMC,Cereals,Bajra(Pearl Millet/Cumbu),Other,FAQ,"2,900.00","2,900.00","2,900.00",Rs./Quintal,0.40,Metric Tonnes,03-07-2026
Maharashtra,Nashik,Satana APMC,Cereals,Bajra(Pearl Millet/Cumbu),Other,Non-FAQ,"1,861.00","2,650.00","2,300.00",Rs./Quintal,1.20,Metric Tonnes,03-07-2026
Maharashtra,Nashik,Satana APMC,Cereals,Bajra(Pearl Millet/Cumbu),Other,FAQ,"2,935.00","2,935.00","2,935.00",Rs./Quintal,0.80,Metric Tonnes,03-06-2026
Maharashtra,Nashik,Satana APMC,Cereals,Bajra(Pearl Millet/Cumbu),Other,Non-FAQ,"1,851.00","2,650.00","2,255.00",Rs./Quintal,2.00,Metric Tonnes,03-06-2026
Maharashtra,Nashik,Satana APMC,Cereals,Bajra(Pearl Millet/Cumbu),Other,Non-FAQ,"1,800.00","2,156.00","1,830.00",Rs./Quintal,0.40,Metric Tonnes,03-02-2026
Maharashtra,Nashik,Satana APMC,Cereals,Bajra(Pearl Millet/Cumbu),Other,Non-FAQ,"1,960.00","2,262.00","2,000.00",Rs./Quintal,1.10,Metric Tonnes,02-07-2026
Maharashtra,Nashik,Satana APMC,Cereals,Bajra(Pearl Millet/Cumbu),Other,FAQ,"2,900.00","2,900.00","2,900.00",Rs./Quintal,1.20,Metric Tonnes,02-06-2026
Maharashtra,Nashik,Satana APMC,Cereals,Bajra(Pearl Millet/Cumbu),Other,Non-FAQ,"1,625.00","2,570.00","2,300.00",Rs./Quintal,2.40,Metric Tonnes,02-06-2026
Maharashtra,Nashik,Satana APMC,Cereals,Bajra(Pearl Millet/Cumbu),Other,Non-FAQ,"1,746.00","2,420.00","2,240.00",Rs./Quintal,1.90,Metric Tonnes,02-02-2026
Maharashtra,Nashik,Satana APMC,Cereals,Bajra(Pearl Millet/Cumbu),Other,FAQ,"2,846.00","2,846.00","2,846.00",Rs./Quintal,1.00,Metric Tonnes,02-01-2026
Maharashtra,Nashik,Satana APMC,Cereals,Bajra(Pearl Millet/Cumbu),Other,Non-FAQ,"1,896.00","2,701.00","2,350.00",Rs./Quintal,1.70,Metric Tonnes,02-01-2026
Maharashtra,Nashik,Satana APMC,Cereals,Bajra(Pearl Millet/Cumbu),Other,FAQ,"3,000.00","3,000.00","3,000.00",Rs./Quintal,1.00,Metric Tonnes,01-12-2025
Maharashtra,Nashik,Satana APMC,Cereals,Bajra(Pearl Millet/Cumbu),Other,Non-FAQ,"1,800.00","2,650.00","2,499.00",Rs./Quintal,2.20,Metric Tonnes,01-12-2025
Maharashtra,Nashik,Satana APMC,Cereals,Bajra(Pearl Millet/Cumbu),Other,Non-FAQ,"2,050.00","2,430.00","2,050.00",Rs./Quintal,1.00,Metric Tonnes,01-07-2026
Maharashtra,Nashik,Satana APMC,Cereals,Bajra(Pearl Millet/Cumbu),Other,Non-FAQ,"1,605.00","2,671.00","2,212.00",Rs./Quintal,9.30,Metric Tonnes,01-06-2026
Maharashtra,Nashik,Satana APMC,Cereals,Bajra(Pearl Millet/Cumbu),Other,Non-FAQ,"1,870.00","2,400.00","2,277.00",Rs./Quintal,1.60,Metric Tonnes,01-01-2026
Maharashtra,Nashik,Shivsiddha Govind Producer Company Ltd Sanchalit Khajgi Krushi Utpann Bajar Samati-Abhona-Kalwan,Cereals,Bajra(Pearl Millet/Cumbu),Other,Local,"2,000.00","2,000.00","2,000.00",Rs./Quintal,0.21,Metric Tonnes,25-02-2026
Maharashtra,Nashik,Shivsiddha Govind Producer Company Ltd Sanchalit Khajgi Krushi Utpann Bajar Samati-Abhona-Kalwan,Cereals,Bajra(Pearl Millet/Cumbu),Other,Local,"1,650.00","1,650.00","1,650.00",Rs./Quintal,0.05,Metric Tonnes,04-02-2026
Maharashtra,Nashik,Sinner APMC,Cereals,Bajra(Pearl Millet/Cumbu),Other,FAQ,"2,850.00","3,155.00","3,100.00",Rs./Quintal,0.90,Metric Tonnes,31-12-2025
Maharashtra,Nashik,Sinner APMC,Cereals,Bajra(Pearl Millet/Cumbu),Other,FAQ,"2,855.00","2,855.00","2,855.00",Rs./Quintal,0.10,Metric Tonnes,29-07-2026
Maharashtra,Nashik,Sinner APMC,Cereals,Bajra(Pearl Millet/Cumbu),Other,FAQ,"2,795.00","2,795.00","2,795.00",Rs./Quintal,0.20,Metric Tonnes,29-06-2026
Maharashtra,Nashik,Sinner APMC,Cereals,Bajra(Pearl Millet/Cumbu),Other,FAQ,"3,100.00","3,100.00","3,100.00",Rs./Quintal,0.30,Metric Tonnes,28-11-2025
Maharashtra,Nashik,Sinner APMC,Cereals,Bajra(Pearl Millet/Cumbu),Other,Non-FAQ,"1,740.00","2,000.00","1,800.00",Rs./Quintal,0.20,Metric Tonnes,28-11-2025
Maharashtra,Nashik,Sinner APMC,Cereals,Bajra(Pearl Millet/Cumbu),Other,FAQ,"2,935.00","2,935.00","2,935.00",Rs./Quintal,0.20,Metric Tonnes,28-01-2026
Maharashtra,Nashik,Sinner APMC,Cereals,Bajra(Pearl Millet/Cumbu),Other,Non-FAQ,"2,740.00","2,740.00","2,740.00",Rs./Quintal,0.40,Metric Tonnes,27-07-2026
Maharashtra,Nashik,Sinner APMC,Cereals,Bajra(Pearl Millet/Cumbu),Other,FAQ,"2,780.00","2,900.00","2,800.00",Rs./Quintal,0.20,Metric Tonnes,25-11-2025
Maharashtra,Nashik,Sinner APMC,Cereals,Bajra(Pearl Millet/Cumbu),Other,Non-FAQ,"2,150.00","2,680.00","2,500.00",Rs./Quintal,0.80,Metric Tonnes,25-06-2026
Maharashtra,Nashik,Sinner APMC,Cereals,Bajra(Pearl Millet/Cumbu),Other,FAQ,"2,800.00","2,800.00","2,800.00",Rs./Quintal,0.30,Metric Tonnes,25-02-2026
Maharashtra,Nashik,Sinner APMC,Cereals,Bajra(Pearl Millet/Cumbu),Other,Non-FAQ,"1,605.00","2,000.00","1,900.00",Rs./Quintal,0.80,Metric Tonnes,24-11-2025
Maharashtra,Nashik,Sinner APMC,Cereals,Bajra(Pearl Millet/Cumbu),Other,Non-FAQ,"2,090.00","2,300.00","2,200.00",Rs./Quintal,0.30,Metric Tonnes,23-07-2026
Maharashtra,Nashik,Sinner APMC,Cereals,Bajra(Pearl Millet/Cumbu),Other,Non-FAQ,"2,600.00","2,600.00","2,600.00",Rs./Quintal,0.50,Metric Tonnes,22-07-2026
Maharashtra,Nashik,Sinner APMC,Cereals,Bajra(Pearl Millet/Cumbu),Other,FAQ,"2,895.00","2,895.00","2,895.00",Rs./Quintal,0.50,Metric Tonnes,21-08-2026
Maharashtra,Nashik,Sinner APMC,Cereals,Bajra(Pearl Millet/Cumbu),Other,FAQ,"2,830.00","2,830.00","2,830.00",Rs./Quintal,0.60,Metric Tonnes,20-08-2026
Maharashtra,Nashik,Sinner APMC,Cereals,Bajra(Pearl Millet/Cumbu),Other,FAQ,"3,050.00","3,175.00","3,100.00",Rs./Quintal,0.20,Metric Tonnes,19-12-2025
Maharashtra,Nashik,Sinner APMC,Cereals,Bajra(Pearl Millet/Cumbu),Other,FAQ,"3,000.00","3,300.00","3,200.00",Rs./Quintal,0.20,Metric Tonnes,18-12-2025
Maharashtra,Nashik,Sinner APMC,Cereals,Bajra(Pearl Millet/Cumbu),Other,Non-FAQ,"2,005.00","2,005.00","2,005.00",Rs./Quintal,0.10,Metric Tonnes,18-11-2025
Maharashtra,Nashik,Sinner APMC,Cereals,Bajra(Pearl Millet/Cumbu),Other,Non-FAQ,"2,200.00","2,200.00","2,200.00",Rs./Quintal,0.20,Metric Tonnes,18-08-2026
Maharashtra,Nashik,Sinner APMC,Cereals,Bajra(Pearl Millet/Cumbu),Other,FAQ,"2,825.00","2,825.00","2,825.00",Rs./Quintal,0.60,Metric Tonnes,16-07-2026
Maharashtra,Nashik,Sinner APMC,Cereals,Bajra(Pearl Millet/Cumbu),Other,FAQ,"2,800.00","3,465.00","3,300.00",Rs./Quintal,2.00,Metric Tonnes,15-12-2025
Maharashtra,Nashik,Sinner APMC,Cereals,Bajra(Pearl Millet/Cumbu),Other,Non-FAQ,"2,500.00","2,500.00","2,500.00",Rs./Quintal,0.40,Metric Tonnes,15-07-2026
Maharashtra,Nashik,Sinner APMC,Cereals,Bajra(Pearl Millet/Cumbu),Other,Non-FAQ,"2,500.00","2,600.00","2,550.00",Rs./Quintal,1.70,Metric Tonnes,14-07-2026
Maharashtra,Nashik,Sinner APMC,Cereals,Bajra(Pearl Millet/Cumbu),Other,Non-FAQ,"1,655.00","2,325.00","2,250.00",Rs./Quintal,0.20,Metric Tonnes,13-08-2026
Maharashtra,Nashik,Sinner APMC,Cereals,Bajra(Pearl Millet/Cumbu),Other,Non-FAQ,"2,095.00","2,700.00","2,650.00",Rs./Quintal,1.40,Metric Tonnes,13-07-2026
Maharashtra,Nashik,Sinner APMC,Cereals,Bajra(Pearl Millet/Cumbu),Other,Non-FAQ,"1,915.00","1,915.00","1,915.00",Rs./Quintal,0.10,Metric Tonnes,12-03-2026
Maharashtra,Nashik,Sinner APMC,Cereals,Bajra(Pearl Millet/Cumbu),Other,Non-FAQ,"1,645.00","2,405.00","2,350.00",Rs./Quintal,0.80,Metric Tonnes,11-11-2025
Maharashtra,Nashik,Sinner APMC,Cereals,Bajra(Pearl Millet/Cumbu),Other,Non-FAQ,"2,195.00","2,555.00","2,500.00",Rs./Quintal,0.30,Metric Tonnes,11-03-2026
Maharashtra,Nashik,Sinner APMC,Cereals,Bajra(Pearl Millet/Cumbu),Other,FAQ,"2,775.00","2,865.00","2,800.00",Rs./Quintal,2.60,Metric Tonnes,10-08-2026
Maharashtra,Nashik,Sinner APMC,Cereals,Bajra(Pearl Millet/Cumbu),Other,FAQ,"2,895.00","2,895.00","2,895.00",Rs./Quintal,0.60,Metric Tonnes,10-07-2026
Maharashtra,Nashik,Sinner APMC,Cereals,Bajra(Pearl Millet/Cumbu),Other,FAQ,"2,775.00","2,880.00","2,800.00",Rs./Quintal,0.90,Metric Tonnes,09-04-2026
Maharashtra,Nashik,Sinner APMC,Cereals,Bajra(Pearl Millet/Cumbu),Other,FAQ,"2,780.00","2,975.00","2,800.00",Rs./Quintal,2.50,Metric Tonnes,08-04-2026
Maharashtra,Nashik,Sinner APMC,Cereals,Bajra(Pearl Millet/Cumbu),Other,FAQ,"2,850.00","2,850.00","2,850.00",Rs./Quintal,0.60,Metric Tonnes,04-08-2026
Maharashtra,Nashik,Sinner APMC,Cereals,Bajra(Pearl Millet/Cumbu),Other,FAQ,"3,600.00","3,600.00","3,600.00",Rs./Quintal,0.30,Metric Tonnes,03-12-2025
Maharashtra,Nashik,Sinner APMC,Cereals,Bajra(Pearl Millet/Cumbu),Other,FAQ,"2,855.00","2,855.00","2,855.00",Rs./Quintal,0.50,Metric Tonnes,03-08-2026
Maharashtra,Nashik,Sinner APMC,Cereals,Bajra(Pearl Millet/Cumbu),Other,Non-FAQ,"1,505.00","2,575.00","2,500.00",Rs./Quintal,0.50,Metric Tonnes,01-12-2025
Maharashtra,Nashik,Sinner APMC,Cereals,Bajra(Pearl Millet/Cumbu),Other,Non-FAQ,"2,305.00","2,305.00","2,305.00",Rs./Quintal,0.10,Metric Tonnes,01-07-2026
Maharashtra,Nashik,Yeola APMC,Cereals,Bajra(Pearl Millet/Cumbu),Other,Non-FAQ,"1,699.00","2,000.00","1,701.00",Rs./Quintal,1.10,Metric Tonnes,31-12-2025
Maharashtra,Nashik,Yeola APMC,Cereals,Bajra(Pearl Millet/Cumbu),Other,Non-FAQ,"2,100.00","2,125.00","2,100.00",Rs./Quintal,0.10,Metric Tonnes,30-07-2026
Maharashtra,Nashik,Yeola APMC,Cereals,Bajra(Pearl Millet/Cumbu),Other,Non-FAQ,"1,701.00","2,155.00","1,886.00",Rs./Quintal,0.30,Metric Tonnes,30-01-2026
Maharashtra,Nashik,Yeola APMC,Cereals,Bajra(Pearl Millet/Cumbu),Other,Non-FAQ,"1,699.00","2,175.00","1,700.00",Rs./Quintal,1.00,Metric Tonnes,29-12-2025
Maharashtra,Nashik,Yeola APMC,Cereals,Bajra(Pearl Millet/Cumbu),Other,Non-FAQ,"1,953.00","2,050.00","1,960.00",Rs./Quintal,0.10,Metric Tonnes,29-06-2026
Maharashtra,Nashik,Yeola APMC,Cereals,Bajra(Pearl Millet/Cumbu),Other,Non-FAQ,"1,752.00","2,119.00","1,825.00",Rs./Quintal,2.20,Metric Tonnes,29-05-2026
Maharashtra,Nashik,Yeola APMC,Cereals,Bajra(Pearl Millet/Cumbu),Other,Non-FAQ,"1,600.00","2,204.00","1,661.00",Rs./Quintal,0.10,Metric Tonnes,29-04-2026
Maharashtra,Nashik,Yeola APMC,Cereals,Bajra(Pearl Millet/Cumbu),Other,Non-FAQ,"1,500.00","1,600.00","1,600.00",Rs./Quintal,1.00,Metric Tonnes,28-11-2025
Maharashtra,Nashik,Yeola APMC,Cereals,Bajra(Pearl Millet/Cumbu),Other,Non-FAQ,"1,665.00","1,701.00","1,694.00",Rs./Quintal,0.80,Metric Tonnes,28-01-2026
Maharashtra,Nashik,Yeola APMC,Cereals,Bajra(Pearl Millet/Cumbu),Other,Non-FAQ,"1,650.00","1,851.00","1,650.00",Rs./Quintal,0.60,Metric Tonnes,27-11-2025
Maharashtra,Nashik,Yeola APMC,Cereals,Bajra(Pearl Millet/Cumbu),Other,Non-FAQ,"2,112.00","2,120.00","2,116.00",Rs./Quintal,1.10,Metric Tonnes,27-07-2026
Maharashtra,Nashik,Yeola APMC,Cereals,Bajra(Pearl Millet/Cumbu),Other,Non-FAQ,"1,582.00","1,625.00","1,623.00",Rs./Quintal,2.30,Metric Tonnes,27-02-2026
Maharashtra,Nashik,Yeola APMC,Cereals,Bajra(Pearl Millet/Cumbu),Other,Non-FAQ,"1,675.00","2,000.00","1,700.00",Rs./Quintal,2.50,Metric Tonnes,26-12-2025
Maharashtra,Nashik,Yeola APMC,Cereals,Bajra(Pearl Millet/Cumbu),Other,Non-FAQ,"1,600.00","1,650.00","1,600.00",Rs./Quintal,0.30,Metric Tonnes,26-11-2025
Maharashtra,Nashik,Yeola APMC,Cereals,Bajra(Pearl Millet/Cumbu),Other,Non-FAQ,"1,450.00","1,500.00","1,450.00",Rs./Quintal,0.70,Metric Tonnes,26-02-2026
Maharashtra,Nashik,Yeola APMC,Cereals,Bajra(Pearl Millet/Cumbu),Other,Non-FAQ,"1,725.00","1,730.00","1,725.00",Rs./Quintal,1.00,Metric Tonnes,25-05-2026
Maharashtra,Nashik,Yeola APMC,Cereals,Bajra(Pearl Millet/Cumbu),Other,Non-FAQ,"1,500.00","1,900.00","1,591.00",Rs./Quintal,0.30,Metric Tonnes,25-02-2026
Maharashtra,Nashik,Yeola APMC,Cereals,Bajra(Pearl Millet/Cumbu),Other,Non-FAQ,"1,700.00","2,753.00","1,801.00",Rs./Quintal,1.00,Metric Tonnes,24-12-2025
Maharashtra,Nashik,Yeola APMC,Cereals,Bajra(Pearl Millet/Cumbu),Other,Non-FAQ,"1,500.00","2,501.00","1,650.00",Rs./Quintal,3.00,Metric Tonnes,24-11-2025
Maharashtra,Nashik,Yeola APMC,Cereals,Bajra(Pearl Millet/Cumbu),Other,Non-FAQ,"1,950.00","1,999.00","1,981.00",Rs./Quintal,0.10,Metric Tonnes,24-06-2026
Maharashtra,Nashik,Yeola APMC,Cereals,Bajra(Pearl Millet/Cumbu),Other,Non-FAQ,"1,721.00","1,721.00","1,721.00",Rs./Quintal,0.50,Metric Tonnes,24-04-2026
Maharashtra,Nashik,Yeola APMC,Cereals,Bajra(Pearl Millet/Cumbu),Other,Non-FAQ,"2,000.00","2,177.00","2,125.00",Rs./Quintal,0.50,Metric Tonnes,23-07-2026
Maharashtra,Nashik,Yeola APMC,Cereals,Bajra(Pearl Millet/Cumbu),Other,Non-FAQ,"1,622.00","1,690.00","1,622.00",Rs./Quintal,0.30,Metric Tonnes,23-04-2026
Maharashtra,Nashik,Yeola APMC,Cereals,Bajra(Pearl Millet/Cumbu),Other,Non-FAQ,"1,504.00","2,101.00","1,566.00",Rs./Quintal,0.80,Metric Tonnes,23-03-2026
Maharashtra,Nashik,Yeola APMC,Cereals,Bajra(Pearl Millet/Cumbu),Other,Non-FAQ,"1,535.00","1,832.00","1,550.00",Rs./Quintal,0.80,Metric Tonnes,23-02-2026
Maharashtra,Nashik,Yeola APMC,Cereals,Bajra(Pearl Millet/Cumbu),Other,Non-FAQ,"1,754.00","1,826.00","1,754.00",Rs./Quintal,0.40,Metric Tonnes,23-01-2026
Maharashtra,Nashik,Yeola APMC,Cereals,Bajra(Pearl Millet/Cumbu),Other,Non-FAQ,"1,650.00","1,900.00","1,670.00",Rs./Quintal,0.20,Metric Tonnes,22-12-2025
Maharashtra,Nashik,Yeola APMC,Cereals,Bajra(Pearl Millet/Cumbu),Other,Non-FAQ,"2,050.00","2,726.00","2,050.00",Rs./Quintal,0.60,Metric Tonnes,22-07-2026
Maharashtra,Nashik,Yeola APMC,Cereals,Bajra(Pearl Millet/Cumbu),Other,Non-FAQ,"1,701.00","1,751.00","1,701.00",Rs./Quintal,1.10,Metric Tonnes,22-05-2026
Maharashtra,Nashik,Yeola APMC,Cereals,Bajra(Pearl Millet/Cumbu),Other,Non-FAQ,"1,600.00","1,645.00","1,600.00",Rs./Quintal,0.40,Metric Tonnes,22-04-2026
Maharashtra,Nashik,Yeola APMC,Cereals,Bajra(Pearl Millet/Cumbu),Other,Non-FAQ,"1,625.00","1,640.00","1,625.00",Rs./Quintal,1.00,Metric Tonnes,21-11-2025
Maharashtra,Nashik,Yeola APMC,Cereals,Bajra(Pearl Millet/Cumbu),Other,Non-FAQ,"1,736.00","2,000.00","1,750.00",Rs./Quintal,0.70,Metric Tonnes,21-05-2026
Maharashtra,Nashik,Yeola APMC,Cereals,Bajra(Pearl Millet/Cumbu),Other,Non-FAQ,"1,641.00","1,801.00","1,641.00",Rs./Quintal,0.30,Metric Tonnes,21-01-2026
Maharashtra,Nashik,Yeola APMC,Cereals,Bajra(Pearl Millet/Cumbu),Other,Non-FAQ,"1,650.00","2,700.00","1,699.00",Rs./Quintal,0.50,Metric Tonnes,20-11-2025
Maharashtra,Nashik,Yeola APMC,Cereals,Bajra(Pearl Millet/Cumbu),Other,Non-FAQ,"2,130.00","2,144.00","2,130.00",Rs./Quintal,0.30,Metric Tonnes,20-08-2026
Maharashtra,Nashik,Yeola APMC,Cereals,Bajra(Pearl Millet/Cumbu),Other,Non-FAQ,"2,111.00","2,116.00","2,111.00",Rs./Quintal,0.50,Metric Tonnes,20-07-2026
Maharashtra,Nashik,Yeola APMC,Cereals,Bajra(Pearl Millet/Cumbu),Other,Non-FAQ,"1,601.00","1,856.00","1,750.00",Rs./Quintal,1.70,Metric Tonnes,20-05-2026
Maharashtra,Nashik,Yeola APMC,Cereals,Bajra(Pearl Millet/Cumbu),Other,Non-FAQ,"1,650.00","1,650.00","1,650.00",Rs./Quintal,0.80,Metric Tonnes,20-02-2026
Maharashtra,Nashik,Yeola APMC,Cereals,Bajra(Pearl Millet/Cumbu),Other,Non-FAQ,"1,625.00","1,926.00","1,650.00",Rs./Quintal,0.90,Metric Tonnes,19-12-2025
Maharashtra,Nashik,Yeola APMC,Cereals,Bajra(Pearl Millet/Cumbu),Other,Non-FAQ,"1,626.00","2,201.00","1,650.00",Rs./Quintal,0.30,Metric Tonnes,19-11-2025
Maharashtra,Nashik,Yeola APMC,Cereals,Bajra(Pearl Millet/Cumbu),Other,Non-FAQ,"2,102.00","2,134.00","2,134.00",Rs./Quintal,0.20,Metric Tonnes,19-08-2026
Maharashtra,Nashik,Yeola APMC,Cereals,Bajra(Pearl Millet/Cumbu),Other,Non-FAQ,"1,985.00","1,986.00","1,985.00",Rs./Quintal,0.80,Metric Tonnes,19-06-2026
Maharashtra,Nashik,Yeola APMC,Cereals,Bajra(Pearl Millet/Cumbu),Other,Non-FAQ,"1,630.00","1,825.00","1,651.00",Rs./Quintal,1.30,Metric Tonnes,18-12-2025
Maharashtra,Nashik,Yeola APMC,Cereals,Bajra(Pearl Millet/Cumbu),Other,Non-FAQ,"1,964.00","1,964.00","1,964.00",Rs./Quintal,1.20,Metric Tonnes,18-06-2026
Maharashtra,Nashik,Yeola APMC,Cereals,Bajra(Pearl Millet/Cumbu),Other,Non-FAQ,"2,002.00","2,002.00","2,002.00",Rs./Quintal,0.20,Metric Tonnes,18-05-2026
Maharashtra,Nashik,Yeola APMC,Cereals,Bajra(Pearl Millet/Cumbu),Other,Non-FAQ,"1,574.00","2,200.00","1,625.00",Rs./Quintal,0.20,Metric Tonnes,17-12-2025
Maharashtra,Nashik,Yeola APMC,Cereals,Bajra(Pearl Millet/Cumbu),Other,Non-FAQ,"2,075.00","2,075.00","2,075.00",Rs./Quintal,0.10,Metric Tonnes,17-08-2026
Maharashtra,Nashik,Yeola APMC,Cereals,Bajra(Pearl Millet/Cumbu),Other,Non-FAQ,"2,049.00","2,066.00","2,049.00",Rs./Quintal,0.30,Metric Tonnes,17-07-2026
Maharashtra,Nashik,Yeola APMC,Cereals,Bajra(Pearl Millet/Cumbu),Other,Non-FAQ,"1,800.00","1,936.00","1,931.00",Rs./Quintal,1.30,Metric Tonnes,17-06-2026
Maharashtra,Nashik,Yeola APMC,Cereals,Bajra(Pearl Millet/Cumbu),Other,Non-FAQ,"2,051.00","2,701.00","2,096.00",Rs./Quintal,0.40,Metric Tonnes,16-07-2026
Maharashtra,Nashik,Yeola APMC,Cereals,Bajra(Pearl Millet/Cumbu),Other,Non-FAQ,"1,550.00","1,600.00","1,600.00",Rs./Quintal,1.20,Metric Tonnes,16-04-2026
Maharashtra,Nashik,Yeola APMC,Cereals,Bajra(Pearl Millet/Cumbu),Other,Non-FAQ,"1,500.00","2,701.00","1,616.00",Rs./Quintal,0.40,Metric Tonnes,16-03-2026
Maharashtra,Nashik,Yeola APMC,Cereals,Bajra(Pearl Millet/Cumbu),Other,Non-FAQ,"1,676.00","2,601.00","2,500.00",Rs./Quintal,0.20,Metric Tonnes,16-02-2026
Maharashtra,Nashik,Yeola APMC,Cereals,Bajra(Pearl Millet/Cumbu),Other,Non-FAQ,"1,711.00","1,767.00","1,711.00",Rs./Quintal,1.10,Metric Tonnes,16-01-2026
Maharashtra,Nashik,Yeola APMC,Cereals,Bajra(Pearl Millet/Cumbu),Other,FAQ,"3,100.00","3,100.00","3,100.00",Rs./Quintal,0.60,Metric Tonnes,15-12-2025
Maharashtra,Nashik,Yeola APMC,Cereals,Bajra(Pearl Millet/Cumbu),Other,Non-FAQ,"1,639.00","2,000.00","1,700.00",Rs./Quintal,1.00,Metric Tonnes,15-12-2025
Maharashtra,Nashik,Yeola APMC,Cereals,Bajra(Pearl Millet/Cumbu),Other,Non-FAQ,"2,034.00","2,056.00","2,034.00",Rs./Quintal,2.20,Metric Tonnes,15-07-2026
Maharashtra,Nashik,Yeola APMC,Cereals,Bajra(Pearl Millet/Cumbu),Other,Non-FAQ,"1,861.00","1,948.00","1,936.00",Rs./Quintal,0.90,Metric Tonnes,15-06-2026
Maharashtra,Nashik,Yeola APMC,Cereals,Bajra(Pearl Millet/Cumbu),Other,Non-FAQ,"1,720.00","2,381.00","1,730.00",Rs./Quintal,0.50,Metric Tonnes,15-05-2026
Maharashtra,Nashik,Yeola APMC,Cereals,Bajra(Pearl Millet/Cumbu),Other,Non-FAQ,"1,540.00","1,651.00","1,600.00",Rs./Quintal,1.00,Metric Tonnes,15-04-2026
Maharashtra,Nashik,Yeola APMC,Cereals,Bajra(Pearl Millet/Cumbu),Other,Non-FAQ,"2,100.00","2,150.00","2,121.00",Rs./Quintal,0.10,Metric Tonnes,14-08-2026
Maharashtra,Nashik,Yeola APMC,Cereals,Bajra(Pearl Millet/Cumbu),Other,Non-FAQ,"1,725.00","1,730.00","1,725.00",Rs./Quintal,0.60,Metric Tonnes,14-05-2026
Maharashtra,Nashik,Yeola APMC,Cereals,Bajra(Pearl Millet/Cumbu),Other,Non-FAQ,"2,100.00","2,599.00","2,111.00",Rs./Quintal,1.10,Metric Tonnes,13-08-2026
Maharashtra,Nashik,Yeola APMC,Cereals,Bajra(Pearl Millet/Cumbu),Other,Non-FAQ,"2,033.00","2,101.00","2,038.00",Rs./Quintal,1.80,Metric Tonnes,13-07-2026
Maharashtra,Nashik,Yeola APMC,Cereals,Bajra(Pearl Millet/Cumbu),Other,Non-FAQ,"1,650.00","1,951.00","1,700.00",Rs./Quintal,0.20,Metric Tonnes,13-05-2026
Maharashtra,Nashik,Yeola APMC,Cereals,Bajra(Pearl Millet/Cumbu),Other,Non-FAQ,"1,692.00","1,709.00","1,700.00",Rs./Quintal,1.10,Metric Tonnes,13-02-2026
Maharashtra,Nashik,Yeola APMC,Cereals,Bajra(Pearl Millet/Cumbu),Other,Non-FAQ,"1,625.00","1,800.00","1,626.00",Rs./Quintal,0.10,Metric Tonnes,12-12-2025
Maharashtra,Nashik,Yeola APMC,Cereals,Bajra(Pearl Millet/Cumbu),Other,Non-FAQ,"2,088.00","2,141.00","2,127.00",Rs./Quintal,1.00,Metric Tonnes,12-08-2026
Maharashtra,Nashik,Yeola APMC,Cereals,Bajra(Pearl Millet/Cumbu),Other,Non-FAQ,"1,851.00","1,900.00","1,860.00",Rs./Quintal,0.50,Metric Tonnes,12-06-2026
Maharashtra,Nashik,Yeola APMC,Cereals,Bajra(Pearl Millet/Cumbu),Other,Non-FAQ,"1,500.00","1,500.00","1,500.00",Rs./Quintal,0.50,Metric Tonnes,12-03-2026
Maharashtra,Nashik,Yeola APMC,Cereals,Bajra(Pearl Millet/Cumbu),Other,Non-FAQ,"1,684.00","1,690.00","1,686.00",Rs./Quintal,0.20,Metric Tonnes,12-02-2026
Maharashtra,Nashik,Yeola APMC,Cereals,Bajra(Pearl Millet/Cumbu),Other,Non-FAQ,"1,730.00","1,736.00","1,730.00",Rs./Quintal,0.30,Metric Tonnes,12-01-2026
Maharashtra,Nashik,Yeola APMC,Cereals,Bajra(Pearl Millet/Cumbu),Other,Non-FAQ,"1,620.00","1,699.00","1,625.00",Rs./Quintal,0.40,Metric Tonnes,11-12-2025
Maharashtra,Nashik,Yeola APMC,Cereals,Bajra(Pearl Millet/Cumbu),Other,Non-FAQ,"1,831.00","1,862.00","1,847.00",Rs./Quintal,1.30,Metric Tonnes,11-06-2026
Maharashtra,Nashik,Yeola APMC,Cereals,Bajra(Pearl Millet/Cumbu),Other,Non-FAQ,"1,701.00","2,252.00","1,725.00",Rs./Quintal,0.60,Metric Tonnes,11-05-2026
Maharashtra,Nashik,Yeola APMC,Cereals,Bajra(Pearl Millet/Cumbu),Other,Non-FAQ,"1,500.00","1,800.00","1,500.00",Rs./Quintal,3.20,Metric Tonnes,11-03-2026
Maharashtra,Nashik,Yeola APMC,Cereals,Bajra(Pearl Millet/Cumbu),Other,Non-FAQ,"1,600.00","2,500.00","2,000.00",Rs./Quintal,2.50,Metric Tonnes,10-12-2025
Maharashtra,Nashik,Yeola APMC,Cereals,Bajra(Pearl Millet/Cumbu),Other,Non-FAQ,"2,085.00","2,126.00","2,085.00",Rs./Quintal,0.30,Metric Tonnes,10-08-2026
Maharashtra,Nashik,Yeola APMC,Cereals,Bajra(Pearl Millet/Cumbu),Other,Non-FAQ,"1,350.00","2,300.00","1,350.00",Rs./Quintal,0.30,Metric Tonnes,10-04-2026
Maharashtra,Nashik,Yeola APMC,Cereals,Bajra(Pearl Millet/Cumbu),Other,Non-FAQ,"2,000.00","2,157.00","2,051.00",Rs./Quintal,1.90,Metric Tonnes,09-07-2026
Maharashtra,Nashik,Yeola APMC,Cereals,Bajra(Pearl Millet/Cumbu),Other,Non-FAQ,"1,301.00","1,639.00","1,600.00",Rs./Quintal,0.70,Metric Tonnes,09-04-2026
Maharashtra,Nashik,Yeola APMC,Cereals,Bajra(Pearl Millet/Cumbu),Other,Non-FAQ,"1,525.00","1,571.00","1,526.00",Rs./Quintal,0.20,Metric Tonnes,09-03-2026
Maharashtra,Nashik,Yeola APMC,Cereals,Bajra(Pearl Millet/Cumbu),Other,Non-FAQ,"1,676.00","1,800.00","1,680.00",Rs./Quintal,0.70,Metric Tonnes,09-02-2026
Maharashtra,Nashik,Yeola APMC,Cereals,Bajra(Pearl Millet/Cumbu),Other,Non-FAQ,"2,100.00","2,200.00","2,100.00",Rs./Quintal,0.30,Metric Tonnes,09-01-2026
Maharashtra,Nashik,Yeola APMC,Cereals,Bajra(Pearl Millet/Cumbu),Other,Non-FAQ,"1,500.00","2,601.00","1,641.00",Rs./Quintal,0.40,Metric Tonnes,08-12-2025
Maharashtra,Nashik,Yeola APMC,Cereals,Bajra(Pearl Millet/Cumbu),Other,Non-FAQ,"1,833.00","2,700.00","1,912.00",Rs./Quintal,0.90,Metric Tonnes,08-06-2026
Maharashtra,Nashik,Yeola APMC,Cereals,Bajra(Pearl Millet/Cumbu),Other,Non-FAQ,"1,700.00","1,800.00","1,735.00",Rs./Quintal,0.30,Metric Tonnes,08-05-2026
Maharashtra,Nashik,Yeola APMC,Cereals,Bajra(Pearl Millet/Cumbu),Other,Non-FAQ,"1,550.00","1,630.00","1,600.00",Rs./Quintal,0.40,Metric Tonnes,08-04-2026
Maharashtra,Nashik,Yeola APMC,Cereals,Bajra(Pearl Millet/Cumbu),Other,Non-FAQ,"1,650.00","1,700.00","1,661.00",Rs./Quintal,1.20,Metric Tonnes,07-11-2025
Maharashtra,Nashik,Yeola APMC,Cereals,Bajra(Pearl Millet/Cumbu),Other,Non-FAQ,"2,075.00","2,133.00","2,112.00",Rs./Quintal,0.10,Metric Tonnes,07-08-2026
Maharashtra,Nashik,Yeola APMC,Cereals,Bajra(Pearl Millet/Cumbu),Other,Non-FAQ,"1,730.00","1,750.00","1,743.00",Rs./Quintal,0.50,Metric Tonnes,07-01-2026
Maharashtra,Nashik,Yeola APMC,Cereals,Bajra(Pearl Millet/Cumbu),Other,Non-FAQ,"2,111.00","2,200.00","2,116.00",Rs./Quintal,0.90,Metric Tonnes,06-08-2026
Maharashtra,Nashik,Yeola APMC,Cereals,Bajra(Pearl Millet/Cumbu),Other,Non-FAQ,"1,700.00","2,400.00","1,705.00",Rs./Quintal,0.80,Metric Tonnes,06-05-2026
Maharashtra,Nashik,Yeola APMC,Cereals,Bajra(Pearl Millet/Cumbu),Other,Non-FAQ,"1,500.00","1,600.00","1,585.00",Rs./Quintal,0.50,Metric Tonnes,06-04-2026
Maharashtra,Nashik,Yeola APMC,Cereals,Bajra(Pearl Millet/Cumbu),Other,Non-FAQ,"1,500.00","1,752.00","1,550.00",Rs./Quintal,0.50,Metric Tonnes,06-03-2026
Maharashtra,Nashik,Yeola APMC,Cereals,Bajra(Pearl Millet/Cumbu),Other,Non-FAQ,"1,702.00","1,703.00","1,702.00",Rs./Quintal,0.70,Metric Tonnes,06-02-2026
Maharashtra,Nashik,Yeola APMC,Cereals,Bajra(Pearl Millet/Cumbu),Other,Non-FAQ,"1,500.00","2,400.00","1,620.00",Rs./Quintal,1.00,Metric Tonnes,05-12-2025
Maharashtra,Nashik,Yeola APMC,Cereals,Bajra(Pearl Millet/Cumbu),Other,Non-FAQ,"1,508.00","1,570.00","1,550.00",Rs./Quintal,0.40,Metric Tonnes,05-03-2026
Maharashtra,Nashik,Yeola APMC,Cereals,Bajra(Pearl Millet/Cumbu),Other,Non-FAQ,"2,140.00","2,465.00","2,140.00",Rs./Quintal,1.40,Metric Tonnes,05-02-2026
Maharashtra,Nashik,Yeola APMC,Cereals,Bajra(Pearl Millet/Cumbu),Other,Non-FAQ,"1,730.00","1,851.00","1,750.00",Rs./Quintal,0.40,Metric Tonnes,05-01-2026
Maharashtra,Nashik,Yeola APMC,Cereals,Bajra(Pearl Millet/Cumbu),Other,Non-FAQ,"1,850.00","1,850.00","1,850.00",Rs./Quintal,0.20,Metric Tonnes,04-06-2026
Maharashtra,Nashik,Yeola APMC,Cereals,Bajra(Pearl Millet/Cumbu),Other,Non-FAQ,"1,678.00","2,500.00","1,720.00",Rs./Quintal,2.00,Metric Tonnes,04-05-2026
Maharashtra,Nashik,Yeola APMC,Cereals,Bajra(Pearl Millet/Cumbu),Other,Non-FAQ,"1,476.00","1,900.00","1,556.00",Rs./Quintal,0.30,Metric Tonnes,04-03-2026
Maharashtra,Nashik,Yeola APMC,Cereals,Bajra(Pearl Millet/Cumbu),Other,Non-FAQ,"1,601.00","1,662.00","1,652.00",Rs./Quintal,0.20,Metric Tonnes,04-02-2026
Maharashtra,Nashik,Yeola APMC,Cereals,Bajra(Pearl Millet/Cumbu),Other,Non-FAQ,"2,100.00","2,381.00","2,112.00",Rs./Quintal,0.20,Metric Tonnes,03-08-2026
Maharashtra,Nashik,Yeola APMC,Cereals,Bajra(Pearl Millet/Cumbu),Other,Non-FAQ,"1,776.00","2,104.00","1,851.00",Rs./Quintal,1.20,Metric Tonnes,03-06-2026
Maharashtra,Nashik,Yeola APMC,Cereals,Bajra(Pearl Millet/Cumbu),Other,Non-FAQ,"1,550.00","1,566.00","1,551.00",Rs./Quintal,0.50,Metric Tonnes,03-04-2026
Maharashtra,Nashik,Yeola APMC,Cereals,Bajra(Pearl Millet/Cumbu),Other,Non-FAQ,"2,037.00","2,600.00","2,037.00",Rs./Quintal,0.20,Metric Tonnes,02-07-2026
Maharashtra,Nashik,Yeola APMC,Cereals,Bajra(Pearl Millet/Cumbu),Other,Non-FAQ,"1,950.00","2,061.00","2,000.00",Rs./Quintal,0.50,Metric Tonnes,01-07-2026
Maharashtra,Nashik,Yeola APMC,Cereals,Bajra(Pearl Millet/Cumbu),Other,Non-FAQ,"1,789.00","2,026.00","1,851.00",Rs./Quintal,3.50,Metric Tonnes,01-06-2026
Maharashtra,Pune,Baramati APMC,Cereals,Bajra(Pearl Millet/Cumbu),Other,FAQ,"2,780.00","3,500.00","3,000.00",Rs./Quintal,1.00,Metric Tonnes,30-07-2026
Maharashtra,Pune,Baramati APMC,Cereals,Bajra(Pearl Millet/Cumbu),Other,Non-FAQ,"2,400.00","2,770.00","2,700.00",Rs./Quintal,1.40,Metric Tonnes,30-07-2026
Maharashtra,Pune,Baramati APMC,Cereals,Bajra(Pearl Millet/Cumbu),Other,FAQ,"2,780.00","3,096.00","2,851.00",Rs./Quintal,5.00,Metric Tonnes,29-12-2025
Maharashtra,Pune,Baramati APMC,Cereals,Bajra(Pearl Millet/Cumbu),Other,Non-FAQ,"2,000.00","2,750.00","2,700.00",Rs./Quintal,6.00,Metric Tonnes,29-12-2025
Maharashtra,Pune,Baramati APMC,Cereals,Bajra(Pearl Millet/Cumbu),Other,FAQ,"2,780.00","3,400.00","3,151.00",Rs./Quintal,1.50,Metric Tonnes,29-06-2026
Maharashtra,Pune,Baramati APMC,Cereals,Bajra(Pearl Millet/Cumbu),Other,Non-FAQ,"2,500.00","2,770.00","2,700.00",Rs./Quintal,4.00,Metric Tonnes,29-06-2026
Maharashtra,Pune,Baramati APMC,Cereals,Bajra(Pearl Millet/Cumbu),Other,FAQ,"2,790.00","2,850.00","2,800.00",Rs./Quintal,0.60,Metric Tonnes,28-05-2026
Maharashtra,Pune,Baramati APMC,Cereals,Bajra(Pearl Millet/Cumbu),Other,Non-FAQ,"1,800.00","2,400.00","2,300.00",Rs./Quintal,3.90,Metric Tonnes,28-05-2026
Maharashtra,Pune,Baramati APMC,Cereals,Bajra(Pearl Millet/Cumbu),Other,FAQ,"2,775.00","3,151.00","3,000.00",Rs./Quintal,0.40,Metric Tonnes,27-07-2026
Maharashtra,Pune,Baramati APMC,Cereals,Bajra(Pearl Millet/Cumbu),Other,Non-FAQ,"2,211.00","2,770.00","2,400.00",Rs./Quintal,0.80,Metric Tonnes,27-07-2026
Maharashtra,Pune,Baramati APMC,Cereals,Bajra(Pearl Millet/Cumbu),Other,FAQ,"2,780.00","3,400.00","3,000.00",Rs./Quintal,3.70,Metric Tonnes,27-04-2026
Maharashtra,Pune,Baramati APMC,Cereals,Bajra(Pearl Millet/Cumbu),Other,Non-FAQ,"2,550.00","2,770.00","2,700.00",Rs./Quintal,0.80,Metric Tonnes,27-04-2026
Maharashtra,Pune,Baramati APMC,Cereals,Bajra(Pearl Millet/Cumbu),Other,FAQ,"2,775.00","3,611.00","3,200.00",Rs./Quintal,8.20,Metric Tonnes,26-02-2026
Maharashtra,Pune,Baramati APMC,Cereals,Bajra(Pearl Millet/Cumbu),Other,Non-FAQ,"2,000.00","2,750.00","2,700.00",Rs./Quintal,7.30,Metric Tonnes,26-02-2026
Maharashtra,Pune,Baramati APMC,Cereals,Bajra(Pearl Millet/Cumbu),Other,FAQ,"2,780.00","3,251.00","3,100.00",Rs./Quintal,2.80,Metric Tonnes,25-06-2026
Maharashtra,Pune,Baramati APMC,Cereals,Bajra(Pearl Millet/Cumbu),Other,Non-FAQ,"2,400.00","2,770.00","2,700.00",Rs./Quintal,0.50,Metric Tonnes,25-06-2026
Maharashtra,Pune,Baramati APMC,Cereals,Bajra(Pearl Millet/Cumbu),Other,FAQ,"2,780.00","3,711.00","3,000.00",Rs./Quintal,1.90,Metric Tonnes,25-05-2026
Maharashtra,Pune,Baramati APMC,Cereals,Bajra(Pearl Millet/Cumbu),Other,Non-FAQ,"1,800.00","2,600.00","2,550.00",Rs./Quintal,7.50,Metric Tonnes,25-05-2026
Maharashtra,Pune,Baramati APMC,Cereals,Bajra(Pearl Millet/Cumbu),Other,FAQ,"2,775.00","3,500.00","3,200.00",Rs./Quintal,22.50,Metric Tonnes,24-11-2025
Maharashtra,Pune,Baramati APMC,Cereals,Bajra(Pearl Millet/Cumbu),Other,Non-FAQ,"2,200.00","2,751.00","2,600.00",Rs./Quintal,33.70,Metric Tonnes,24-11-2025
Maharashtra,Pune,Baramati APMC,Cereals,Bajra(Pearl Millet/Cumbu),Other,FAQ,"2,775.00","3,300.00","2,900.00",Rs./Quintal,0.60,Metric Tonnes,23-07-2026
Maharashtra,Pune,Baramati APMC,Cereals,Bajra(Pearl Millet/Cumbu),Other,Non-FAQ,"1,850.00","2,600.00","2,500.00",Rs./Quintal,1.80,Metric Tonnes,23-07-2026
Maharashtra,Pune,Baramati APMC,Cereals,Bajra(Pearl Millet/Cumbu),Other,FAQ,"2,780.00","3,851.00","3,101.00",Rs./Quintal,1.60,Metric Tonnes,23-02-2026
Maharashtra,Pune,Baramati APMC,Cereals,Bajra(Pearl Millet/Cumbu),Other,Non-FAQ,"2,100.00","2,700.00","2,500.00",Rs./Quintal,2.50,Metric Tonnes,23-02-2026
Maharashtra,Pune,Baramati APMC,Cereals,Bajra(Pearl Millet/Cumbu),Other,FAQ,"2,780.00","3,200.00","3,020.00",Rs./Quintal,1.50,Metric Tonnes,22-06-2026
Maharashtra,Pune,Baramati APMC,Cereals,Bajra(Pearl Millet/Cumbu),Other,Non-FAQ,"2,050.00","2,721.00","2,500.00",Rs./Quintal,3.20,Metric Tonnes,22-06-2026
Maharashtra,Pune,Baramati APMC,Cereals,Bajra(Pearl Millet/Cumbu),Other,FAQ,"2,775.00","3,800.00","2,800.00",Rs./Quintal,0.90,Metric Tonnes,22-01-2026
Maharashtra,Pune,Baramati APMC,Cereals,Bajra(Pearl Millet/Cumbu),Other,Non-FAQ,"2,200.00","2,750.00","2,700.00",Rs./Quintal,3.60,Metric Tonnes,22-01-2026
Maharashtra,Pune,Baramati APMC,Cereals,Bajra(Pearl Millet/Cumbu),Other,FAQ,"2,780.00","3,600.00","3,000.00",Rs./Quintal,1.70,Metric Tonnes,21-05-2026
Maharashtra,Pune,Baramati APMC,Cereals,Bajra(Pearl Millet/Cumbu),Other,Non-FAQ,"2,000.00","2,750.00","2,700.00",Rs./Quintal,2.60,Metric Tonnes,21-05-2026
Maharashtra,Pune,Baramati APMC,Cereals,Bajra(Pearl Millet/Cumbu),Other,FAQ,"2,775.00","2,800.00","2,790.00",Rs./Quintal,4.10,Metric Tonnes,20-08-2026
Maharashtra,Pune,Baramati APMC,Cereals,Bajra(Pearl Millet/Cumbu),Other,Non-FAQ,"1,985.00","2,770.00","2,600.00",Rs./Quintal,10.00,Metric Tonnes,20-08-2026
Maharashtra,Pune,Baramati APMC,Cereals,Bajra(Pearl Millet/Cumbu),Other,FAQ,"2,780.00","3,300.00","3,000.00",Rs./Quintal,1.20,Metric Tonnes,20-07-2026
Maharashtra,Pune,Baramati APMC,Cereals,Bajra(Pearl Millet/Cumbu),Other,Non-FAQ,"2,600.00","2,770.00","2,700.00",Rs./Quintal,1.60,Metric Tonnes,20-07-2026
Maharashtra,Pune,Baramati APMC,Cereals,Bajra(Pearl Millet/Cumbu),Other,FAQ,"2,775.00","3,200.00","2,800.00",Rs./Quintal,3.00,Metric Tonnes,19-03-2026
Maharashtra,Pune,Baramati APMC,Cereals,Bajra(Pearl Millet/Cumbu),Other,Non-FAQ,"2,400.00","2,770.00","2,700.00",Rs./Quintal,4.60,Metric Tonnes,19-03-2026
Maharashtra,Pune,Baramati APMC,Cereals,Bajra(Pearl Millet/Cumbu),Other,FAQ,"2,800.00","3,511.00","2,850.00",Rs./Quintal,2.50,Metric Tonnes,19-02-2026
Maharashtra,Pune,Baramati APMC,Cereals,Bajra(Pearl Millet/Cumbu),Other,Non-FAQ,"2,551.00","2,770.00","2,700.00",Rs./Quintal,1.10,Metric Tonnes,19-02-2026
Maharashtra,Pune,Baramati APMC,Cereals,Bajra(Pearl Millet/Cumbu),Other,FAQ,"2,775.00","3,301.00","3,000.00",Rs./Quintal,9.30,Metric Tonnes,18-12-2025
Maharashtra,Pune,Baramati APMC,Cereals,Bajra(Pearl Millet/Cumbu),Other,Non-FAQ,"2,000.00","2,770.00","2,700.00",Rs./Quintal,13.90,Metric Tonnes,18-12-2025
Maharashtra,Pune,Baramati APMC,Cereals,Bajra(Pearl Millet/Cumbu),Other,FAQ,"2,780.00","3,300.00","3,000.00",Rs./Quintal,2.00,Metric Tonnes,18-06-2026
Maharashtra,Pune,Baramati APMC,Cereals,Bajra(Pearl Millet/Cumbu),Other,Non-FAQ,"2,100.00","2,700.00","2,500.00",Rs./Quintal,6.90,Metric Tonnes,18-06-2026
Maharashtra,Pune,Baramati APMC,Cereals,Bajra(Pearl Millet/Cumbu),Other,FAQ,"2,780.00","3,051.00","2,800.00",Rs./Quintal,1.60,Metric Tonnes,18-05-2026
Maharashtra,Pune,Baramati APMC,Cereals,Bajra(Pearl Millet/Cumbu),Other,Non-FAQ,"2,500.00","2,750.00","2,700.00",Rs./Quintal,0.70,Metric Tonnes,18-05-2026
Maharashtra,Pune,Baramati APMC,Cereals,Bajra(Pearl Millet/Cumbu),Other,FAQ,"2,780.00","2,800.00","2,800.00",Rs./Quintal,1.00,Metric Tonnes,17-08-2026
Maharashtra,Pune,Baramati APMC,Cereals,Bajra(Pearl Millet/Cumbu),Other,Non-FAQ,"2,400.00","2,770.00","2,760.00",Rs./Quintal,4.10,Metric Tonnes,17-08-2026
Maharashtra,Pune,Baramati APMC,Cereals,Bajra(Pearl Millet/Cumbu),Other,FAQ,"2,800.00","3,800.00","3,000.00",Rs./Quintal,2.70,Metric Tonnes,16-04-2026
Maharashtra,Pune,Baramati APMC,Cereals,Bajra(Pearl Millet/Cumbu),Other,Non-FAQ,"1,800.00","2,700.00","2,500.00",Rs./Quintal,5.40,Metric Tonnes,16-04-2026
Maharashtra,Pune,Baramati APMC,Cereals,Bajra(Pearl Millet/Cumbu),Other,FAQ,"2,780.00","3,700.00","3,200.00",Rs./Quintal,4.50,Metric Tonnes,16-03-2026
Maharashtra,Pune,Baramati APMC,Cereals,Bajra(Pearl Millet/Cumbu),Other,Non-FAQ,"2,100.00","2,750.00","2,700.00",Rs./Quintal,2.80,Metric Tonnes,16-03-2026
Maharashtra,Pune,Baramati APMC,Cereals,Bajra(Pearl Millet/Cumbu),Other,FAQ,"2,775.00","3,401.00","3,000.00",Rs./Quintal,8.30,Metric Tonnes,16-02-2026
Maharashtra,Pune,Baramati APMC,Cereals,Bajra(Pearl Millet/Cumbu),Other,Non-FAQ,"2,200.00","2,770.00","2,700.00",Rs./Quintal,12.40,Metric Tonnes,16-02-2026
Maharashtra,Pune,Baramati APMC,Cereals,Bajra(Pearl Millet/Cumbu),Other,FAQ,"2,775.00","3,400.00","3,000.00",Rs./Quintal,12.60,Metric Tonnes,15-12-2025
Maharashtra,Pune,Baramati APMC,Cereals,Bajra(Pearl Millet/Cumbu),Other,Non-FAQ,"2,000.00","2,760.00","2,700.00",Rs./Quintal,18.80,Metric Tonnes,15-12-2025
Maharashtra,Pune,Baramati APMC,Cereals,Bajra(Pearl Millet/Cumbu),Other,Non-FAQ,"2,551.00","2,770.00","2,700.00",Rs./Quintal,1.00,Metric Tonnes,15-06-2026
Maharashtra,Pune,Baramati APMC,Cereals,Bajra(Pearl Millet/Cumbu),Other,FAQ,"2,780.00","3,400.00","3,000.00",Rs./Quintal,12.60,Metric Tonnes,15-01-2026
Maharashtra,Pune,Baramati APMC,Cereals,Bajra(Pearl Millet/Cumbu),Other,Non-FAQ,"2,151.00","2,774.00","2,700.00",Rs./Quintal,18.90,Metric Tonnes,15-01-2026
Maharashtra,Pune,Baramati APMC,Cereals,Bajra(Pearl Millet/Cumbu),Other,FAQ,"2,775.00","3,000.00","2,800.00",Rs./Quintal,0.30,Metric Tonnes,14-05-2026
Maharashtra,Pune,Baramati APMC,Cereals,Bajra(Pearl Millet/Cumbu),Other,Non-FAQ,"2,200.00","2,770.00","2,751.00",Rs./Quintal,0.60,Metric Tonnes,14-05-2026
Maharashtra,Pune,Baramati APMC,Cereals,Bajra(Pearl Millet/Cumbu),Other,FAQ,"2,780.00","3,551.00","3,000.00",Rs./Quintal,1.10,Metric Tonnes,13-08-2026
Maharashtra,Pune,Baramati APMC,Cereals,Bajra(Pearl Millet/Cumbu),Other,Non-FAQ,"2,500.00","2,770.00","2,600.00",Rs./Quintal,1.00,Metric Tonnes,13-08-2026
Maharashtra,Pune,Baramati APMC,Cereals,Bajra(Pearl Millet/Cumbu),Other,FAQ,"2,780.00","3,451.00","3,000.00",Rs./Quintal,3.80,Metric Tonnes,13-07-2026
Maharashtra,Pune,Baramati APMC,Cereals,Bajra(Pearl Millet/Cumbu),Other,Non-FAQ,"2,500.00","2,760.00","2,700.00",Rs./Quintal,0.80,Metric Tonnes,13-07-2026
Maharashtra,Pune,Baramati APMC,Cereals,Bajra(Pearl Millet/Cumbu),Other,FAQ,"2,800.00","3,001.00","2,900.00",Rs./Quintal,3.00,Metric Tonnes,13-04-2026
Maharashtra,Pune,Baramati APMC,Cereals,Bajra(Pearl Millet/Cumbu),Other,Non-FAQ,"2,311.00","2,700.00","2,650.00",Rs./Quintal,1.20,Metric Tonnes,13-04-2026
Maharashtra,Pune,Baramati APMC,Cereals,Bajra(Pearl Millet/Cumbu),Other,FAQ,"2,775.00","2,800.00","2,780.00",Rs./Quintal,3.20,Metric Tonnes,12-02-2026
Maharashtra,Pune,Baramati APMC,Cereals,Bajra(Pearl Millet/Cumbu),Other,Non-FAQ,"2,100.00","2,750.00","2,700.00",Rs./Quintal,3.00,Metric Tonnes,12-02-2026
Maharashtra,Pune,Baramati APMC,Cereals,Bajra(Pearl Millet/Cumbu),Other,FAQ,"2,775.00","3,000.00","2,800.00",Rs./Quintal,7.50,Metric Tonnes,12-01-2026
Maharashtra,Pune,Baramati APMC,Cereals,Bajra(Pearl Millet/Cumbu),Other,Non-FAQ,"2,200.00","2,750.00","2,650.00",Rs./Quintal,6.50,Metric Tonnes,12-01-2026
Maharashtra,Pune,Baramati APMC,Cereals,Bajra(Pearl Millet/Cumbu),Other,FAQ,"2,780.00","3,400.00","2,800.00",Rs./Quintal,13.10,Metric Tonnes,11-12-2025
Maharashtra,Pune,Baramati APMC,Cereals,Bajra(Pearl Millet/Cumbu),Other,Non-FAQ,"1,800.00","2,700.00","2,650.00",Rs./Quintal,19.70,Metric Tonnes,11-12-2025
Maharashtra,Pune,Baramati APMC,Cereals,Bajra(Pearl Millet/Cumbu),Other,FAQ,"2,780.00","3,451.00","2,800.00",Rs./Quintal,1.60,Metric Tonnes,11-06-2026
Maharashtra,Pune,Baramati APMC,Cereals,Bajra(Pearl Millet/Cumbu),Other,Non-FAQ,"2,475.00","2,760.00","2,700.00",Rs./Quintal,1.20,Metric Tonnes,11-06-2026
Maharashtra,Pune,Baramati APMC,Cereals,Bajra(Pearl Millet/Cumbu),Other,FAQ,"2,780.00","3,300.00","3,070.00",Rs./Quintal,1.50,Metric Tonnes,11-05-2026
Maharashtra,Pune,Baramati APMC,Cereals,Bajra(Pearl Millet/Cumbu),Other,Non-FAQ,"2,311.00","2,770.00","2,700.00",Rs./Quintal,1.00,Metric Tonnes,11-05-2026
Maharashtra,Pune,Baramati APMC,Cereals,Bajra(Pearl Millet/Cumbu),Other,FAQ,"2,780.00","3,500.00","3,300.00",Rs./Quintal,3.00,Metric Tonnes,10-08-2026
Maharashtra,Pune,Baramati APMC,Cereals,Bajra(Pearl Millet/Cumbu),Other,Non-FAQ,"2,400.00","2,770.00","2,700.00",Rs./Quintal,2.00,Metric Tonnes,10-08-2026
Maharashtra,Pune,Baramati APMC,Cereals,Bajra(Pearl Millet/Cumbu),Other,FAQ,"2,780.00","3,300.00","2,800.00",Rs./Quintal,1.50,Metric Tonnes,09-07-2026
Maharashtra,Pune,Baramati APMC,Cereals,Bajra(Pearl Millet/Cumbu),Other,Non-FAQ,"2,560.00","2,770.00","2,650.00",Rs./Quintal,1.00,Metric Tonnes,09-07-2026
Maharashtra,Pune,Baramati APMC,Cereals,Bajra(Pearl Millet/Cumbu),Other,FAQ,"2,780.00","2,851.00","2,800.00",Rs./Quintal,1.00,Metric Tonnes,09-04-2026
Maharashtra,Pune,Baramati APMC,Cereals,Bajra(Pearl Millet/Cumbu),Other,Non-FAQ,"2,100.00","2,700.00","2,600.00",Rs./Quintal,2.90,Metric Tonnes,09-04-2026
Maharashtra,Pune,Baramati APMC,Cereals,Bajra(Pearl Millet/Cumbu),Other,FAQ,"2,780.00","3,301.00","3,001.00",Rs./Quintal,1.00,Metric Tonnes,09-02-2026
Maharashtra,Pune,Baramati APMC,Cereals,Bajra(Pearl Millet/Cumbu),Other,Non-FAQ,"2,500.00","2,770.00","2,700.00",Rs./Quintal,1.50,Metric Tonnes,09-02-2026
Maharashtra,Pune,Baramati APMC,Cereals,Bajra(Pearl Millet/Cumbu),Other,FAQ,"2,780.00","3,400.00","2,901.00",Rs./Quintal,9.10,Metric Tonnes,08-12-2025
Maharashtra,Pune,Baramati APMC,Cereals,Bajra(Pearl Millet/Cumbu),Other,Non-FAQ,"2,252.00","2,770.00","2,751.00",Rs./Quintal,7.30,Metric Tonnes,08-12-2025
Maharashtra,Pune,Baramati APMC,Cereals,Bajra(Pearl Millet/Cumbu),Other,FAQ,"2,775.00","3,000.00","2,800.00",Rs./Quintal,0.30,Metric Tonnes,08-06-2026
Maharashtra,Pune,Baramati APMC,Cereals,Bajra(Pearl Millet/Cumbu),Other,Non-FAQ,"2,301.00","2,770.00","2,601.00",Rs./Quintal,0.60,Metric Tonnes,08-06-2026
Maharashtra,Pune,Baramati APMC,Cereals,Bajra(Pearl Millet/Cumbu),Other,Non-FAQ,"1,785.00","2,390.00","2,250.00",Rs./Quintal,5.10,Metric Tonnes,07-05-2026
Maharashtra,Pune,Baramati APMC,Cereals,Bajra(Pearl Millet/Cumbu),Other,FAQ,"2,900.00","2,900.00","2,900.00",Rs./Quintal,0.20,Metric Tonnes,06-07-2026
Maharashtra,Pune,Baramati APMC,Cereals,Bajra(Pearl Millet/Cumbu),Other,Non-FAQ,"2,200.00","2,650.00","2,400.00",Rs./Quintal,1.80,Metric Tonnes,06-07-2026
Maharashtra,Pune,Baramati APMC,Cereals,Bajra(Pearl Millet/Cumbu),Other,FAQ,"2,775.00","3,551.00","3,000.00",Rs./Quintal,6.10,Metric Tonnes,06-04-2026
Maharashtra,Pune,Baramati APMC,Cereals,Bajra(Pearl Millet/Cumbu),Other,Non-FAQ,"2,000.00","2,770.00","2,700.00",Rs./Quintal,9.20,Metric Tonnes,06-04-2026
Maharashtra,Pune,Baramati APMC,Cereals,Bajra(Pearl Millet/Cumbu),Other,FAQ,"2,780.00","3,400.00","3,000.00",Rs./Quintal,4.40,Metric Tonnes,05-03-2026
Maharashtra,Pune,Baramati APMC,Cereals,Bajra(Pearl Millet/Cumbu),Other,Non-FAQ,"2,200.00","2,750.00","2,700.00",Rs./Quintal,6.70,Metric Tonnes,05-03-2026
Maharashtra,Pune,Baramati APMC,Cereals,Bajra(Pearl Millet/Cumbu),Other,FAQ,"2,780.00","3,500.00","3,000.00",Rs./Quintal,3.10,Metric Tonnes,04-06-2026
Maharashtra,Pune,Baramati APMC,Cereals,Bajra(Pearl Millet/Cumbu),Other,Non-FAQ,"2,500.00","2,770.00","2,700.00",Rs./Quintal,1.00,Metric Tonnes,04-06-2026
Maharashtra,Pune,Baramati APMC,Cereals,Bajra(Pearl Millet/Cumbu),Other,FAQ,"2,800.00","3,300.00","3,000.00",Rs./Quintal,1.20,Metric Tonnes,04-05-2026
Maharashtra,Pune,Baramati APMC,Cereals,Bajra(Pearl Millet/Cumbu),Other,Non-FAQ,"1,950.00","2,700.00","2,651.00",Rs./Quintal,3.40,Metric Tonnes,04-05-2026
Maharashtra,Pune,Baramati APMC,Cereals,Bajra(Pearl Millet/Cumbu),Other,FAQ,"2,780.00","3,301.00","3,000.00",Rs./Quintal,0.70,Metric Tonnes,03-08-2026
Maharashtra,Pune,Baramati APMC,Cereals,Bajra(Pearl Millet/Cumbu),Other,Non-FAQ,"2,500.00","2,770.00","2,700.00",Rs./Quintal,1.00,Metric Tonnes,03-08-2026
Maharashtra,Pune,Baramati APMC,Cereals,Bajra(Pearl Millet/Cumbu),Other,FAQ,"2,780.00","3,600.00","3,021.00",Rs./Quintal,3.00,Metric Tonnes,02-07-2026
Maharashtra,Pune,Baramati APMC,Cereals,Bajra(Pearl Millet/Cumbu),Other,Non-FAQ,"2,500.00","2,770.00","2,700.00",Rs./Quintal,1.50,Metric Tonnes,02-07-2026
Maharashtra,Pune,Baramati APMC,Cereals,Bajra(Pearl Millet/Cumbu),Other,FAQ,"2,780.00","3,400.00","2,900.00",Rs./Quintal,1.60,Metric Tonnes,02-04-2026
Maharashtra,Pune,Baramati APMC,Cereals,Bajra(Pearl Millet/Cumbu),Other,Non-FAQ,"2,100.00","2,770.00","2,600.00",Rs./Quintal,5.00,Metric Tonnes,02-04-2026
Maharashtra,Pune,Baramati APMC,Cereals,Bajra(Pearl Millet/Cumbu),Other,FAQ,"2,780.00","3,200.00","2,800.00",Rs./Quintal,1.00,Metric Tonnes,02-03-2026
Maharashtra,Pune,Baramati APMC,Cereals,Bajra(Pearl Millet/Cumbu),Other,Non-FAQ,"2,500.00","2,750.00","2,700.00",Rs./Quintal,2.70,Metric Tonnes,02-03-2026
Maharashtra,Pune,Baramati APMC,Cereals,Bajra(Pearl Millet/Cumbu),Other,FAQ,"2,800.00","3,000.00","2,900.00",Rs./Quintal,5.50,Metric Tonnes,01-06-2026
Maharashtra,Pune,Baramati APMC,Cereals,Bajra(Pearl Millet/Cumbu),Other,Non-FAQ,"2,480.00","2,770.00","2,700.00",Rs./Quintal,3.00,Metric Tonnes,01-06-2026
Maharashtra,Pune,Baramati APMC,Cereals,Bajra(Pearl Millet/Cumbu),Other,FAQ,"2,780.00","3,400.00","3,000.00",Rs./Quintal,12.80,Metric Tonnes,01-01-2026
Maharashtra,Pune,Baramati APMC,Cereals,Bajra(Pearl Millet/Cumbu),Other,Non-FAQ,"2,200.00","2,770.00","2,700.00",Rs./Quintal,19.20,Metric Tonnes,01-01-2026
Maharashtra,Pune,Dound APMC,Cereals,Bajra(Pearl Millet/Cumbu),Other,Non-FAQ,"2,001.00","2,001.00","2,001.00",Rs./Quintal,0.10,Metric Tonnes,30-07-2026
Maharashtra,Pune,Dound APMC,Cereals,Bajra(Pearl Millet/Cumbu),Other,Non-FAQ,"2,000.00","2,150.00","2,150.00",Rs./Quintal,0.50,Metric Tonnes,27-11-2025
Maharashtra,Pune,Dound APMC,Cereals,Bajra(Pearl Millet/Cumbu),Other,Non-FAQ,"2,700.00","2,700.00","2,700.00",Rs./Quintal,0.10,Metric Tonnes,26-07-2026
Maharashtra,Pune,Dound APMC,Cereals,Bajra(Pearl Millet/Cumbu),Other,Non-FAQ,"2,400.00","2,700.00","2,600.00",Rs./Quintal,0.40,Metric Tonnes,25-12-2025
Maharashtra,Pune,Dound APMC,Cereals,Bajra(Pearl Millet/Cumbu),Other,FAQ,"3,000.00","3,000.00","3,000.00",Rs./Quintal,0.10,Metric Tonnes,23-11-2025
Maharashtra,Pune,Dound APMC,Cereals,Bajra(Pearl Millet/Cumbu),Other,Non-FAQ,"2,000.00","2,600.00","2,400.00",Rs./Quintal,1.50,Metric Tonnes,22-02-2026
Maharashtra,Pune,Dound APMC,Cereals,Bajra(Pearl Millet/Cumbu),Other,Non-FAQ,"2,300.00","2,300.00","2,300.00",Rs./Quintal,0.10,Metric Tonnes,21-06-2026
Maharashtra,Pune,Dound APMC,Cereals,Bajra(Pearl Millet/Cumbu),Other,Non-FAQ,"1,900.00","1,900.00","1,900.00",Rs./Quintal,0.10,Metric Tonnes,18-06-2026
Maharashtra,Pune,Dound APMC,Cereals,Bajra(Pearl Millet/Cumbu),Other,Non-FAQ,"2,000.00","2,552.00","2,500.00",Rs./Quintal,0.90,Metric Tonnes,18-01-2026
Maharashtra,Pune,Dound APMC,Cereals,Bajra(Pearl Millet/Cumbu),Other,Non-FAQ,"1,800.00","2,425.00","2,350.00",Rs./Quintal,1.00,Metric Tonnes,16-11-2025
Maharashtra,Pune,Dound APMC,Cereals,Bajra(Pearl Millet/Cumbu),Other,FAQ,"2,800.00","2,800.00","2,800.00",Rs./Quintal,0.10,Metric Tonnes,15-01-2026
Maharashtra,Pune,Dound APMC,Cereals,Bajra(Pearl Millet/Cumbu),Other,Non-FAQ,"2,000.00","2,700.00","2,600.00",Rs./Quintal,0.60,Metric Tonnes,15-01-2026
Maharashtra,Pune,Dound APMC,Cereals,Bajra(Pearl Millet/Cumbu),Other,Non-FAQ,"2,000.00","2,000.00","2,000.00",Rs./Quintal,0.10,Metric Tonnes,14-06-2026
Maharashtra,Pune,Dound APMC,Cereals,Bajra(Pearl Millet/Cumbu),Other,Non-FAQ,"2,000.00","2,700.00","2,500.00",Rs./Quintal,4.30,Metric Tonnes,13-11-2025
Maharashtra,Pune,Dound APMC,Cereals,Bajra(Pearl Millet/Cumbu),Other,Non-FAQ,"2,000.00","2,000.00","2,000.00",Rs./Quintal,1.00,Metric Tonnes,11-06-2026
Maharashtra,Pune,Dound APMC,Cereals,Bajra(Pearl Millet/Cumbu),Other,Non-FAQ,"2,100.00","2,100.00","2,100.00",Rs./Quintal,0.10,Metric Tonnes,11-01-2026
Maharashtra,Pune,Dound APMC,Cereals,Bajra(Pearl Millet/Cumbu),Other,FAQ,"2,800.00","3,500.00","3,100.00",Rs./Quintal,6.60,Metric Tonnes,10-03-2026
Maharashtra,Pune,Dound APMC,Cereals,Bajra(Pearl Millet/Cumbu),Other,Non-FAQ,"1,900.00","2,750.00","2,550.00",Rs./Quintal,6.20,Metric Tonnes,10-03-2026
Maharashtra,Pune,Dound APMC,Cereals,Bajra(Pearl Millet/Cumbu),Other,Non-FAQ,"2,010.00","2,010.00","2,010.00",Rs./Quintal,0.30,Metric Tonnes,07-06-2026
Maharashtra,Pune,Dound APMC,Cereals,Bajra(Pearl Millet/Cumbu),Other,FAQ,"2,800.00","2,800.00","2,800.00",Rs./Quintal,0.20,Metric Tonnes,04-12-2025
Maharashtra,Pune,Dound APMC,Cereals,Bajra(Pearl Millet/Cumbu),Other,Non-FAQ,"2,200.00","2,351.00","2,351.00",Rs./Quintal,0.50,Metric Tonnes,02-08-2026
Maharashtra,Pune,Indapur APMC,Cereals,Bajra(Pearl Millet/Cumbu),Other,Non-FAQ,"1,800.00","1,800.00","1,800.00",Rs./Quintal,0.10,Metric Tonnes,11-05-2026
Maharashtra,Pune,Indapur(Bhigwan) APMC,Cereals,Bajra(Pearl Millet/Cumbu),Other,FAQ,"2,900.00","2,900.00","2,900.00",Rs./Quintal,0.10,Metric Tonnes,21-06-2026
Maharashtra,Pune,Indapur(Bhigwan) APMC,Cereals,Bajra(Pearl Millet/Cumbu),Other,Non-FAQ,"1,800.00","2,700.00","2,200.00",Rs./Quintal,0.80,Metric Tonnes,21-06-2026
Maharashtra,Pune,Indapur(Bhigwan) APMC,Cereals,Bajra(Pearl Millet/Cumbu),Other,FAQ,"2,775.00","3,000.00","2,800.00",Rs./Quintal,0.20,Metric Tonnes,03-05-2026
Maharashtra,Pune,Indapur(Bhigwan) APMC,Cereals,Bajra(Pearl Millet/Cumbu),Other,Non-FAQ,"1,600.00","2,770.00","2,200.00",Rs./Quintal,1.50,Metric Tonnes,03-05-2026
Maharashtra,Pune,Indapur(Nimgaon Ketki) APMC,Cereals,Bajra(Pearl Millet/Cumbu),Other,Non-FAQ,"1,600.00","2,500.00","2,200.00",Rs./Quintal,2.00,Metric Tonnes,30-05-2026
Maharashtra,Pune,Indapur(Nimgaon Ketki) APMC,Cereals,Bajra(Pearl Millet/Cumbu),Other,Non-FAQ,"2,651.00","2,651.00","2,651.00",Rs./Quintal,1.00,Metric Tonnes,03-01-2026
Maharashtra,Pune,Nira(Saswad) APMC,Cereals,Bajra(Pearl Millet/Cumbu),Other,FAQ,"2,780.00","3,200.00","2,900.00",Rs./Quintal,6.50,Metric Tonnes,29-07-2026
Maharashtra,Pune,Nira(Saswad) APMC,Cereals,Bajra(Pearl Millet/Cumbu),Other,FAQ,"2,780.00","3,000.00","2,900.00",Rs./Quintal,1.00,Metric Tonnes,24-06-2026
Maharashtra,Pune,Nira(Saswad) APMC,Cereals,Bajra(Pearl Millet/Cumbu),Other,FAQ,"2,780.00","3,300.00","2,900.00",Rs./Quintal,7.20,Metric Tonnes,22-07-2026
Maharashtra,Pune,Nira(Saswad) APMC,Cereals,Bajra(Pearl Millet/Cumbu),Other,FAQ,"2,800.00","3,300.00","3,000.00",Rs./Quintal,6.70,Metric Tonnes,19-08-2026
Maharashtra,Pune,Nira(Saswad) APMC,Cereals,Bajra(Pearl Millet/Cumbu),Other,FAQ,"2,800.00","3,200.00","3,000.00",Rs./Quintal,9.00,Metric Tonnes,15-07-2026
Maharashtra,Pune,Nira(Saswad) APMC,Cereals,Bajra(Pearl Millet/Cumbu),Other,FAQ,"2,800.00","3,100.00","2,900.00",Rs./Quintal,8.70,Metric Tonnes,12-08-2026
Maharashtra,Pune,Nira(Saswad) APMC,Cereals,Bajra(Pearl Millet/Cumbu),Other,FAQ,"2,775.00","3,100.00","2,800.00",Rs./Quintal,8.00,Metric Tonnes,11-03-2026
Maharashtra,Pune,Nira(Saswad) APMC,Cereals,Bajra(Pearl Millet/Cumbu),Other,FAQ,"2,800.00","3,200.00","2,900.00",Rs./Quintal,6.70,Metric Tonnes,08-07-2026
Maharashtra,Pune,Nira(Saswad) APMC,Cereals,Bajra(Pearl Millet/Cumbu),Other,FAQ,"2,780.00","3,100.00","2,850.00",Rs./Quintal,6.20,Metric Tonnes,05-08-2026
Maharashtra,Pune,Nira(Saswad) APMC,Cereals,Bajra(Pearl Millet/Cumbu),Other,FAQ,"2,780.00","3,200.00","2,800.00",Rs./Quintal,8.20,Metric Tonnes,01-07-2026
Maharashtra,Pune,Pune APMC,Cereals,Bajra(Pearl Millet/Cumbu),Other,FAQ,"3,400.00","4,200.00","3,800.00",Rs./Quintal,45.70,Metric Tonnes,31-12-2025
Maharashtra,Pune,Pune APMC,Cereals,Bajra(Pearl Millet/Cumbu),Other,FAQ,"3,400.00","3,900.00","3,650.00",Rs./Quintal,57.60,Metric Tonnes,31-07-2026
Maharashtra,Pune,Pune APMC,Cereals,Bajra(Pearl Millet/Cumbu),Other,FAQ,"3,400.00","4,200.00","3,800.00",Rs./Quintal,48.60,Metric Tonnes,31-03-2026
Maharashtra,Pune,Pune APMC,Cereals,Bajra(Pearl Millet/Cumbu),Other,FAQ,"3,700.00","4,000.00","3,850.00",Rs./Quintal,46.40,Metric Tonnes,31-01-2026
Maharashtra,Pune,Pune APMC,Cereals,Bajra(Pearl Millet/Cumbu),Other,FAQ,"3,400.00","4,200.00","3,800.00",Rs./Quintal,45.10,Metric Tonnes,30-12-2025
Maharashtra,Pune,Pune APMC,Cereals,Bajra(Pearl Millet/Cumbu),Other,FAQ,"3,500.00","3,900.00","3,700.00",Rs./Quintal,57.30,Metric Tonnes,30-07-2026
Maharashtra,Pune,Pune APMC,Cereals,Bajra(Pearl Millet/Cumbu),Other,FAQ,"3,400.00","3,600.00","3,500.00",Rs./Quintal,56.20,Metric Tonnes,30-06-2026
Maharashtra,Pune,Pune APMC,Cereals,Bajra(Pearl Millet/Cumbu),Other,FAQ,"3,300.00","3,700.00","3,500.00",Rs./Quintal,53.10,Metric Tonnes,30-05-2026
Maharashtra,Pune,Pune APMC,Cereals,Bajra(Pearl Millet/Cumbu),Other,FAQ,"3,200.00","3,600.00","3,400.00",Rs./Quintal,50.70,Metric Tonnes,30-04-2026
Maharashtra,Pune,Pune APMC,Cereals,Bajra(Pearl Millet/Cumbu),Other,FAQ,"3,400.00","4,000.00","3,700.00",Rs./Quintal,48.40,Metric Tonnes,30-03-2026
Maharashtra,Pune,Pune APMC,Cereals,Bajra(Pearl Millet/Cumbu),Other,FAQ,"3,500.00","4,200.00","3,850.00",Rs./Quintal,46.00,Metric Tonnes,30-01-2026
Maharashtra,Pune,Pune APMC,Cereals,Bajra(Pearl Millet/Cumbu),Other,FAQ,"3,500.00","4,200.00","3,850.00",Rs./Quintal,45.40,Metric Tonnes,29-12-2025
Maharashtra,Pune,Pune APMC,Cereals,Bajra(Pearl Millet/Cumbu),Other,FAQ,"3,800.00","4,400.00","4,100.00",Rs./Quintal,43.50,Metric Tonnes,29-11-2025
Maharashtra,Pune,Pune APMC,Cereals,Bajra(Pearl Millet/Cumbu),Other,FAQ,"3,500.00","3,800.00","3,650.00",Rs./Quintal,57.40,Metric Tonnes,29-07-2026
Maharashtra,Pune,Pune APMC,Cereals,Bajra(Pearl Millet/Cumbu),Other,FAQ,"3,500.00","3,600.00","3,550.00",Rs./Quintal,55.40,Metric Tonnes,29-06-2026
Maharashtra,Pune,Pune APMC,Cereals,Bajra(Pearl Millet/Cumbu),Other,FAQ,"3,400.00","3,700.00","3,550.00",Rs./Quintal,53.30,Metric Tonnes,29-05-2026
Maharashtra,Pune,Pune APMC,Cereals,Bajra(Pearl Millet/Cumbu),Other,FAQ,"3,400.00","3,700.00","3,550.00",Rs./Quintal,50.30,Metric Tonnes,29-04-2026
Maharashtra,Pune,Pune APMC,Cereals,Bajra(Pearl Millet/Cumbu),Other,FAQ,"3,800.00","4,400.00","4,100.00",Rs./Quintal,43.20,Metric Tonnes,28-11-2025
Maharashtra,Pune,Pune APMC,Cereals,Bajra(Pearl Millet/Cumbu),Other,FAQ,"3,400.00","3,900.00","3,650.00",Rs./Quintal,57.70,Metric Tonnes,28-07-2026
Maharashtra,Pune,Pune APMC,Cereals,Bajra(Pearl Millet/Cumbu),Other,FAQ,"3,400.00","3,700.00","3,550.00",Rs./Quintal,52.60,Metric Tonnes,28-05-2026
Maharashtra,Pune,Pune APMC,Cereals,Bajra(Pearl Millet/Cumbu),Other,FAQ,"3,500.00","3,700.00","3,600.00",Rs./Quintal,49.80,Metric Tonnes,28-04-2026
Maharashtra,Pune,Pune APMC,Cereals,Bajra(Pearl Millet/Cumbu),Other,FAQ,"3,500.00","4,200.00","3,850.00",Rs./Quintal,48.40,Metric Tonnes,28-03-2026
Maharashtra,Pune,Pune APMC,Cereals,Bajra(Pearl Millet/Cumbu),Other,FAQ,"3,800.00","4,000.00","3,900.00",Rs./Quintal,47.70,Metric Tonnes,28-02-2026
Maharashtra,Pune,Pune APMC,Cereals,Bajra(Pearl Millet/Cumbu),Other,FAQ,"3,700.00","4,000.00","3,850.00",Rs./Quintal,46.20,Metric Tonnes,28-01-2026
Maharashtra,Pune,Pune APMC,Cereals,Bajra(Pearl Millet/Cumbu),Other,FAQ,"3,400.00","4,000.00","3,700.00",Rs./Quintal,44.80,Metric Tonnes,27-12-2025
Maharashtra,Pune,Pune APMC,Cereals,Bajra(Pearl Millet/Cumbu),Other,FAQ,"3,700.00","4,200.00","3,950.00",Rs./Quintal,42.90,Metric Tonnes,27-11-2025
Maharashtra,Pune,Pune APMC,Cereals,Bajra(Pearl Millet/Cumbu),Other,FAQ,"3,400.00","4,000.00","3,700.00",Rs./Quintal,57.50,Metric Tonnes,27-07-2026
Maharashtra,Pune,Pune APMC,Cereals,Bajra(Pearl Millet/Cumbu),Other,FAQ,"3,300.00","3,600.00","3,450.00",Rs./Quintal,55.90,Metric Tonnes,27-06-2026
Maharashtra,Pune,Pune APMC,Cereals,Bajra(Pearl Millet/Cumbu),Other,FAQ,"3,400.00","3,700.00","3,550.00",Rs./Quintal,52.20,Metric Tonnes,27-05-2026
Maharashtra,Pune,Pune APMC,Cereals,Bajra(Pearl Millet/Cumbu),Other,FAQ,"3,600.00","3,800.00","3,700.00",Rs./Quintal,49.80,Metric Tonnes,27-04-2026
Maharashtra,Pune,Pune APMC,Cereals,Bajra(Pearl Millet/Cumbu),Other,FAQ,"3,400.00","4,200.00","3,800.00",Rs./Quintal,48.30,Metric Tonnes,27-03-2026
Maharashtra,Pune,Pune APMC,Cereals,Bajra(Pearl Millet/Cumbu),Other,FAQ,"3,500.00","4,200.00","3,850.00",Rs./Quintal,45.80,Metric Tonnes,27-01-2026
Maharashtra,Pune,Pune APMC,Cereals,Bajra(Pearl Millet/Cumbu),Other,FAQ,"3,400.00","4,200.00","3,800.00",Rs./Quintal,45.10,Metric Tonnes,26-12-2025
Maharashtra,Pune,Pune APMC,Cereals,Bajra(Pearl Millet/Cumbu),Other,FAQ,"3,800.00","4,400.00","4,100.00",Rs./Quintal,42.60,Metric Tonnes,26-11-2025
Maharashtra,Pune,Pune APMC,Cereals,Bajra(Pearl Millet/Cumbu),Other,FAQ,"3,400.00","3,600.00","3,500.00",Rs./Quintal,55.10,Metric Tonnes,26-06-2026
Maharashtra,Pune,Pune APMC,Cereals,Bajra(Pearl Millet/Cumbu),Other,FAQ,"3,300.00","3,700.00","3,500.00",Rs./Quintal,52.80,Metric Tonnes,26-05-2026
Maharashtra,Pune,Pune APMC,Cereals,Bajra(Pearl Millet/Cumbu),Other,FAQ,"3,400.00","4,100.00","3,750.00",Rs./Quintal,48.20,Metric Tonnes,26-03-2026
Maharashtra,Pune,Pune APMC,Cereals,Bajra(Pearl Millet/Cumbu),Other,FAQ,"4,000.00","4,200.00","4,100.00",Rs./Quintal,48.00,Metric Tonnes,26-02-2026
Maharashtra,Pune,Pune APMC,Cereals,Bajra(Pearl Millet/Cumbu),Other,FAQ,"3,500.00","4,200.00","3,850.00",Rs./Quintal,43.60,Metric Tonnes,25-12-2025
Maharashtra,Pune,Pune APMC,Cereals,Bajra(Pearl Millet/Cumbu),Other,FAQ,"3,800.00","4,400.00","4,100.00",Rs./Quintal,42.90,Metric Tonnes,25-11-2025
Maharashtra,Pune,Pune APMC,Cereals,Bajra(Pearl Millet/Cumbu),Other,FAQ,"3,500.00","3,800.00","3,650.00",Rs./Quintal,57.70,Metric Tonnes,25-07-2026
Maharashtra,Pune,Pune APMC,Cereals,Bajra(Pearl Millet/Cumbu),Other,FAQ,"3,400.00","3,700.00","3,550.00",Rs./Quintal,55.20,Metric Tonnes,25-06-2026
Maharashtra,Pune,Pune APMC,Cereals,Bajra(Pearl Millet/Cumbu),Other,FAQ,"3,400.00","3,700.00","3,550.00",Rs./Quintal,52.50,Metric Tonnes,25-05-2026
Maharashtra,Pune,Pune APMC,Cereals,Bajra(Pearl Millet/Cumbu),Other,FAQ,"3,500.00","4,200.00","3,850.00",Rs./Quintal,48.70,Metric Tonnes,25-03-2026
Maharashtra,Pune,Pune APMC,Cereals,Bajra(Pearl Millet/Cumbu),Other,FAQ,"3,800.00","4,000.00","3,900.00",Rs./Quintal,47.40,Metric Tonnes,25-02-2026
Maharashtra,Pune,Pune APMC,Cereals,Bajra(Pearl Millet/Cumbu),Other,FAQ,"3,400.00","4,000.00","3,700.00",Rs./Quintal,44.00,Metric Tonnes,24-12-2025
Maharashtra,Pune,Pune APMC,Cereals,Bajra(Pearl Millet/Cumbu),Other,FAQ,"3,800.00","4,400.00","4,100.00",Rs./Quintal,43.00,Metric Tonnes,24-11-2025
Maharashtra,Pune,Pune APMC,Cereals,Bajra(Pearl Millet/Cumbu),Other,FAQ,"3,400.00","4,000.00","3,700.00",Rs./Quintal,57.40,Metric Tonnes,24-07-2026
Maharashtra,Pune,Pune APMC,Cereals,Bajra(Pearl Millet/Cumbu),Other,FAQ,"3,400.00","3,600.00","3,500.00",Rs./Quintal,55.20,Metric Tonnes,24-06-2026
Maharashtra,Pune,Pune APMC,Cereals,Bajra(Pearl Millet/Cumbu),Other,FAQ,"3,600.00","3,800.00","3,700.00",Rs./Quintal,49.20,Metric Tonnes,24-04-2026
Maharashtra,Pune,Pune APMC,Cereals,Bajra(Pearl Millet/Cumbu),Other,FAQ,"3,400.00","4,000.00","3,700.00",Rs./Quintal,48.60,Metric Tonnes,24-03-2026
Maharashtra,Pune,Pune APMC,Cereals,Bajra(Pearl Millet/Cumbu),Other,FAQ,"3,800.00","4,000.00","3,900.00",Rs./Quintal,47.50,Metric Tonnes,24-02-2026
Maharashtra,Pune,Pune APMC,Cereals,Bajra(Pearl Millet/Cumbu),Other,FAQ,"3,500.00","4,200.00","3,850.00",Rs./Quintal,44.80,Metric Tonnes,24-01-2026
Maharashtra,Pune,Pune APMC,Cereals,Bajra(Pearl Millet/Cumbu),Other,FAQ,"3,400.00","4,200.00","3,800.00",Rs./Quintal,43.90,Metric Tonnes,23-12-2025
Maharashtra,Pune,Pune APMC,Cereals,Bajra(Pearl Millet/Cumbu),Other,FAQ,"3,200.00","3,400.00","3,300.00",Rs./Quintal,71.40,Metric Tonnes,23-07-2026
Maharashtra,Pune,Pune APMC,Cereals,Bajra(Pearl Millet/Cumbu),Other,FAQ,"3,300.00","3,600.00","3,450.00",Rs./Quintal,55.60,Metric Tonnes,23-06-2026
Maharashtra,Pune,Pune APMC,Cereals,Bajra(Pearl Millet/Cumbu),Other,FAQ,"3,300.00","3,600.00","3,450.00",Rs./Quintal,52.40,Metric Tonnes,23-05-2026
Maharashtra,Pune,Pune APMC,Cereals,Bajra(Pearl Millet/Cumbu),Other,FAQ,"3,500.00","3,800.00","3,650.00",Rs./Quintal,49.60,Metric Tonnes,23-04-2026
Maharashtra,Pune,Pune APMC,Cereals,Bajra(Pearl Millet/Cumbu),Other,FAQ,"3,400.00","4,100.00","3,750.00",Rs./Quintal,48.50,Metric Tonnes,23-03-2026
Maharashtra,Pune,Pune APMC,Cereals,Bajra(Pearl Millet/Cumbu),Other,FAQ,"3,600.00","4,000.00","3,800.00",Rs./Quintal,47.70,Metric Tonnes,23-02-2026
Maharashtra,Pune,Pune APMC,Cereals,Bajra(Pearl Millet/Cumbu),Other,FAQ,"3,400.00","4,400.00","3,900.00",Rs./Quintal,45.10,Metric Tonnes,23-01-2026
Maharashtra,Pune,Pune APMC,Cereals,Bajra(Pearl Millet/Cumbu),Other,FAQ,"3,500.00","4,200.00","3,850.00",Rs./Quintal,43.20,Metric Tonnes,22-12-2025
Maharashtra,Pune,Pune APMC,Cereals,Bajra(Pearl Millet/Cumbu),Other,FAQ,"3,600.00","4,200.00","3,800.00",Rs./Quintal,42.60,Metric Tonnes,22-11-2025
Maharashtra,Pune,Pune APMC,Cereals,Bajra(Pearl Millet/Cumbu),Other,FAQ,"3,500.00","4,000.00","3,750.00",Rs./Quintal,57.60,Metric Tonnes,22-07-2026
Maharashtra,Pune,Pune APMC,Cereals,Bajra(Pearl Millet/Cumbu),Other,FAQ,"3,300.00","3,800.00","3,550.00",Rs./Quintal,55.40,Metric Tonnes,22-06-2026
Maharashtra,Pune,Pune APMC,Cereals,Bajra(Pearl Millet/Cumbu),Other,FAQ,"3,400.00","3,700.00","3,550.00",Rs./Quintal,52.40,Metric Tonnes,22-05-2026
Maharashtra,Pune,Pune APMC,Cereals,Bajra(Pearl Millet/Cumbu),Other,FAQ,"3,600.00","3,800.00","3,700.00",Rs./Quintal,49.50,Metric Tonnes,22-04-2026
Maharashtra,Pune,Pune APMC,Cereals,Bajra(Pearl Millet/Cumbu),Other,FAQ,"3,600.00","4,200.00","3,900.00",Rs./Quintal,44.30,Metric Tonnes,22-01-2026
Maharashtra,Pune,Pune APMC,Cereals,Bajra(Pearl Millet/Cumbu),Other,FAQ,"3,200.00","3,500.00","3,350.00",Rs./Quintal,57.20,Metric Tonnes,21-11-2025
Maharashtra,Pune,Pune APMC,Cereals,Bajra(Pearl Millet/Cumbu),Other,FAQ,"3,400.00","3,900.00","3,650.00",Rs./Quintal,57.30,Metric Tonnes,21-08-2026
Maharashtra,Pune,Pune APMC,Cereals,Bajra(Pearl Millet/Cumbu),Other,FAQ,"3,500.00","3,800.00","3,650.00",Rs./Quintal,57.00,Metric Tonnes,21-07-2026
Maharashtra,Pune,Pune APMC,Cereals,Bajra(Pearl Millet/Cumbu),Other,FAQ,"3,300.00","3,700.00","3,500.00",Rs./Quintal,42.50,Metric Tonnes,21-05-2026
Maharashtra,Pune,Pune APMC,Cereals,Bajra(Pearl Millet/Cumbu),Other,FAQ,"3,600.00","3,800.00","3,700.00",Rs./Quintal,49.40,Metric Tonnes,21-04-2026
Maharashtra,Pune,Pune APMC,Cereals,Bajra(Pearl Millet/Cumbu),Other,FAQ,"3,500.00","4,000.00","3,750.00",Rs./Quintal,48.50,Metric Tonnes,21-03-2026
Maharashtra,Pune,Pune APMC,Cereals,Bajra(Pearl Millet/Cumbu),Other,FAQ,"3,600.00","4,000.00","3,800.00",Rs./Quintal,47.50,Metric Tonnes,21-02-2026
Maharashtra,Pune,Pune APMC,Cereals,Bajra(Pearl Millet/Cumbu),Other,FAQ,"3,300.00","4,400.00","3,850.00",Rs./Quintal,45.40,Metric Tonnes,21-01-2026
Maharashtra,Pune,Pune APMC,Cereals,Bajra(Pearl Millet/Cumbu),Other,FAQ,"3,600.00","4,200.00","3,900.00",Rs./Quintal,42.90,Metric Tonnes,20-12-2025
Maharashtra,Pune,Pune APMC,Cereals,Bajra(Pearl Millet/Cumbu),Other,FAQ,"3,600.00","4,200.00","3,800.00",Rs./Quintal,42.80,Metric Tonnes,20-11-2025
Maharashtra,Pune,Pune APMC,Cereals,Bajra(Pearl Millet/Cumbu),Other,FAQ,"3,600.00","3,900.00","3,750.00",Rs./Quintal,57.60,Metric Tonnes,20-08-2026
Maharashtra,Pune,Pune APMC,Cereals,Bajra(Pearl Millet/Cumbu),Other,FAQ,"3,500.00","3,800.00","3,650.00",Rs./Quintal,57.30,Metric Tonnes,20-07-2026
Maharashtra,Pune,Pune APMC,Cereals,Bajra(Pearl Millet/Cumbu),Other,FAQ,"3,300.00","3,800.00","3,550.00",Rs./Quintal,55.10,Metric Tonnes,20-06-2026
Maharashtra,Pune,Pune APMC,Cereals,Bajra(Pearl Millet/Cumbu),Other,FAQ,"3,400.00","3,800.00","3,600.00",Rs./Quintal,42.10,Metric Tonnes,20-05-2026
Maharashtra,Pune,Pune APMC,Cereals,Bajra(Pearl Millet/Cumbu),Other,FAQ,"3,500.00","4,000.00","3,750.00",Rs./Quintal,49.50,Metric Tonnes,20-04-2026
Maharashtra,Pune,Pune APMC,Cereals,Bajra(Pearl Millet/Cumbu),Other,FAQ,"3,400.00","4,000.00","3,700.00",Rs./Quintal,48.80,Metric Tonnes,20-03-2026
Maharashtra,Pune,Pune APMC,Cereals,Bajra(Pearl Millet/Cumbu),Other,FAQ,"3,600.00","4,000.00","3,800.00",Rs./Quintal,47.30,Metric Tonnes,20-02-2026
Maharashtra,Pune,Pune APMC,Cereals,Bajra(Pearl Millet/Cumbu),Other,FAQ,"3,600.00","4,200.00","3,900.00",Rs./Quintal,44.70,Metric Tonnes,20-01-2026
Maharashtra,Pune,Pune APMC,Cereals,Bajra(Pearl Millet/Cumbu),Other,FAQ,"3,600.00","4,200.00","3,900.00",Rs./Quintal,42.50,Metric Tonnes,19-12-2025
Maharashtra,Pune,Pune APMC,Cereals,Bajra(Pearl Millet/Cumbu),Other,FAQ,"3,600.00","4,000.00","3,750.00",Rs./Quintal,42.40,Metric Tonnes,19-11-2025
Maharashtra,Pune,Pune APMC,Cereals,Bajra(Pearl Millet/Cumbu),Other,FAQ,"3,600.00","4,000.00","3,800.00",Rs./Quintal,57.00,Metric Tonnes,19-08-2026
Maharashtra,Pune,Pune APMC,Cereals,Bajra(Pearl Millet/Cumbu),Other,FAQ,"3,400.00","3,700.00","3,550.00",Rs./Quintal,55.70,Metric Tonnes,19-06-2026
Maharashtra,Pune,Pune APMC,Cereals,Bajra(Pearl Millet/Cumbu),Other,FAQ,"3,300.00","3,500.00","3,400.00",Rs./Quintal,52.40,Metric Tonnes,19-05-2026
Maharashtra,Pune,Pune APMC,Cereals,Bajra(Pearl Millet/Cumbu),Other,FAQ,"3,600.00","4,000.00","3,800.00",Rs./Quintal,48.50,Metric Tonnes,19-03-2026
Maharashtra,Pune,Pune APMC,Cereals,Bajra(Pearl Millet/Cumbu),Other,FAQ,"3,500.00","4,200.00","3,850.00",Rs./Quintal,45.10,Metric Tonnes,19-01-2026
Maharashtra,Pune,Pune APMC,Cereals,Bajra(Pearl Millet/Cumbu),Other,FAQ,"3,100.00","3,400.00","3,250.00",Rs./Quintal,63.50,Metric Tonnes,18-12-2025
Maharashtra,Pune,Pune APMC,Cereals,Bajra(Pearl Millet/Cumbu),Other,FAQ,"3,500.00","3,900.00","3,700.00",Rs./Quintal,42.60,Metric Tonnes,18-11-2025
Maharashtra,Pune,Pune APMC,Cereals,Bajra(Pearl Millet/Cumbu),Other,FAQ,"3,400.00","3,900.00","3,650.00",Rs./Quintal,57.40,Metric Tonnes,18-08-2026
Maharashtra,Pune,Pune APMC,Cereals,Bajra(Pearl Millet/Cumbu),Other,FAQ,"3,500.00","3,800.00","3,650.00",Rs./Quintal,56.80,Metric Tonnes,18-07-2026
Maharashtra,Pune,Pune APMC,Cereals,Bajra(Pearl Millet/Cumbu),Other,FAQ,"3,400.00","3,900.00","3,650.00",Rs./Quintal,54.00,Metric Tonnes,18-06-2026
Maharashtra,Pune,Pune APMC,Cereals,Bajra(Pearl Millet/Cumbu),Other,FAQ,"3,300.00","3,600.00","3,450.00",Rs./Quintal,52.60,Metric Tonnes,18-05-2026
Maharashtra,Pune,Pune APMC,Cereals,Bajra(Pearl Millet/Cumbu),Other,FAQ,"3,400.00","4,000.00","3,700.00",Rs./Quintal,49.50,Metric Tonnes,18-04-2026
Maharashtra,Pune,Pune APMC,Cereals,Bajra(Pearl Millet/Cumbu),Other,FAQ,"3,500.00","4,000.00","3,750.00",Rs./Quintal,48.20,Metric Tonnes,18-03-2026
Maharashtra,Pune,Pune APMC,Cereals,Bajra(Pearl Millet/Cumbu),Other,FAQ,"3,600.00","3,900.00","3,750.00",Rs./Quintal,47.20,Metric Tonnes,18-02-2026
Maharashtra,Pune,Pune APMC,Cereals,Bajra(Pearl Millet/Cumbu),Other,FAQ,"3,600.00","4,300.00","3,950.00",Rs./Quintal,42.50,Metric Tonnes,17-12-2025
Maharashtra,Pune,Pune APMC,Cereals,Bajra(Pearl Millet/Cumbu),Other,FAQ,"3,500.00","4,000.00","3,750.00",Rs./Quintal,42.30,Metric Tonnes,17-11-2025
Maharashtra,Pune,Pune APMC,Cereals,Bajra(Pearl Millet/Cumbu),Other,FAQ,"3,600.00","3,900.00","3,750.00",Rs./Quintal,72.00,Metric Tonnes,17-08-2026
Maharashtra,Pune,Pune APMC,Cereals,Bajra(Pearl Millet/Cumbu),Other,FAQ,"3,400.00","3,800.00","3,600.00",Rs./Quintal,56.40,Metric Tonnes,17-07-2026
Maharashtra,Pune,Pune APMC,Cereals,Bajra(Pearl Millet/Cumbu),Other,FAQ,"3,300.00","3,800.00","3,550.00",Rs./Quintal,54.90,Metric Tonnes,17-06-2026
Maharashtra,Pune,Pune APMC,Cereals,Bajra(Pearl Millet/Cumbu),Other,FAQ,"3,300.00","4,000.00","3,650.00",Rs./Quintal,49.30,Metric Tonnes,17-04-2026
Maharashtra,Pune,Pune APMC,Cereals,Bajra(Pearl Millet/Cumbu),Other,FAQ,"3,600.00","4,000.00","3,800.00",Rs./Quintal,48.70,Metric Tonnes,17-03-2026
Maharashtra,Pune,Pune APMC,Cereals,Bajra(Pearl Millet/Cumbu),Other,FAQ,"3,600.00","4,000.00","3,800.00",Rs./Quintal,47.30,Metric Tonnes,17-02-2026
Maharashtra,Pune,Pune APMC,Cereals,Bajra(Pearl Millet/Cumbu),Other,FAQ,"3,500.00","4,200.00","3,800.00",Rs./Quintal,45.70,Metric Tonnes,17-01-2026
Maharashtra,Pune,Pune APMC,Cereals,Bajra(Pearl Millet/Cumbu),Other,FAQ,"3,600.00","4,200.00","3,900.00",Rs./Quintal,42.30,Metric Tonnes,16-12-2025
Maharashtra,Pune,Pune APMC,Cereals,Bajra(Pearl Millet/Cumbu),Other,FAQ,"3,400.00","3,900.00","3,650.00",Rs./Quintal,56.40,Metric Tonnes,16-07-2026
Maharashtra,Pune,Pune APMC,Cereals,Bajra(Pearl Millet/Cumbu),Other,FAQ,"3,400.00","3,800.00","3,600.00",Rs./Quintal,54.50,Metric Tonnes,16-06-2026
Maharashtra,Pune,Pune APMC,Cereals,Bajra(Pearl Millet/Cumbu),Other,FAQ,"3,300.00","3,500.00","3,400.00",Rs./Quintal,52.10,Metric Tonnes,16-05-2026
Maharashtra,Pune,Pune APMC,Cereals,Bajra(Pearl Millet/Cumbu),Other,FAQ,"3,500.00","4,000.00","3,750.00",Rs./Quintal,49.30,Metric Tonnes,16-04-2026
Maharashtra,Pune,Pune APMC,Cereals,Bajra(Pearl Millet/Cumbu),Other,FAQ,"3,800.00","4,200.00","4,000.00",Rs./Quintal,48.40,Metric Tonnes,16-03-2026
Maharashtra,Pune,Pune APMC,Cereals,Bajra(Pearl Millet/Cumbu),Other,FAQ,"3,700.00","4,000.00","3,850.00",Rs./Quintal,47.20,Metric Tonnes,16-02-2026
Maharashtra,Pune,Pune APMC,Cereals,Bajra(Pearl Millet/Cumbu),Other,FAQ,"3,800.00","4,200.00","4,000.00",Rs./Quintal,42.10,Metric Tonnes,15-12-2025
Maharashtra,Pune,Pune APMC,Cereals,Bajra(Pearl Millet/Cumbu),Other,FAQ,"3,500.00","4,000.00","3,750.00",Rs./Quintal,42.10,Metric Tonnes,15-11-2025
Maharashtra,Pune,Pune APMC,Cereals,Bajra(Pearl Millet/Cumbu),Other,FAQ,"3,500.00","3,800.00","3,650.00",Rs./Quintal,56.60,Metric Tonnes,15-07-2026
Maharashtra,Pune,Pune APMC,Cereals,Bajra(Pearl Millet/Cumbu),Other,FAQ,"3,400.00","3,900.00","3,650.00",Rs./Quintal,54.30,Metric Tonnes,15-06-2026
Maharashtra,Pune,Pune APMC,Cereals,Bajra(Pearl Millet/Cumbu),Other,FAQ,"3,200.00","3,500.00","3,350.00",Rs./Quintal,52.10,Metric Tonnes,15-05-2026
Maharashtra,Pune,Pune APMC,Cereals,Bajra(Pearl Millet/Cumbu),Other,FAQ,"3,400.00","4,000.00","3,700.00",Rs./Quintal,49.80,Metric Tonnes,15-04-2026
Maharashtra,Pune,Pune APMC,Cereals,Bajra(Pearl Millet/Cumbu),Other,FAQ,"3,500.00","3,900.00","3,700.00",Rs./Quintal,41.90,Metric Tonnes,14-11-2025
Maharashtra,Pune,Pune APMC,Cereals,Bajra(Pearl Millet/Cumbu),Other,FAQ,"3,600.00","4,000.00","3,800.00",Rs./Quintal,57.70,Metric Tonnes,14-08-2026
Maharashtra,Pune,Pune APMC,Cereals,Bajra(Pearl Millet/Cumbu),Other,FAQ,"3,400.00","3,800.00","3,600.00",Rs./Quintal,56.20,Metric Tonnes,14-07-2026
Maharashtra,Pune,Pune APMC,Cereals,Bajra(Pearl Millet/Cumbu),Other,FAQ,"3,300.00","3,600.00","3,450.00",Rs./Quintal,52.40,Metric Tonnes,14-05-2026
Maharashtra,Pune,Pune APMC,Cereals,Bajra(Pearl Millet/Cumbu),Other,FAQ,"3,300.00","4,000.00","3,650.00",Rs./Quintal,49.60,Metric Tonnes,14-04-2026
Maharashtra,Pune,Pune APMC,Cereals,Bajra(Pearl Millet/Cumbu),Other,FAQ,"3,800.00","4,200.00","4,000.00",Rs./Quintal,48.70,Metric Tonnes,14-03-2026
Maharashtra,Pune,Pune APMC,Cereals,Bajra(Pearl Millet/Cumbu),Other,FAQ,"3,700.00","4,000.00","3,850.00",Rs./Quintal,47.10,Metric Tonnes,14-02-2026
Maharashtra,Pune,Pune APMC,Cereals,Bajra(Pearl Millet/Cumbu),Other,FAQ,"4,000.00","4,600.00","4,300.00",Rs./Quintal,42.20,Metric Tonnes,13-12-2025
Maharashtra,Pune,Pune APMC,Cereals,Bajra(Pearl Millet/Cumbu),Other,FAQ,"3,500.00","3,800.00","3,650.00",Rs./Quintal,41.50,Metric Tonnes,13-11-2025
Maharashtra,Pune,Pune APMC,Cereals,Bajra(Pearl Millet/Cumbu),Other,FAQ,"3,600.00","3,900.00","3,750.00",Rs./Quintal,57.50,Metric Tonnes,13-08-2026
Maharashtra,Pune,Pune APMC,Cereals,Bajra(Pearl Millet/Cumbu),Other,FAQ,"3,400.00","3,900.00","3,650.00",Rs./Quintal,56.60,Metric Tonnes,13-07-2026
Maharashtra,Pune,Pune APMC,Cereals,Bajra(Pearl Millet/Cumbu),Other,FAQ,"3,500.00","4,000.00","3,750.00",Rs./Quintal,53.80,Metric Tonnes,13-06-2026
Maharashtra,Pune,Pune APMC,Cereals,Bajra(Pearl Millet/Cumbu),Other,FAQ,"3,300.00","3,500.00","3,400.00",Rs./Quintal,51.40,Metric Tonnes,13-05-2026
Maharashtra,Pune,Pune APMC,Cereals,Bajra(Pearl Millet/Cumbu),Other,FAQ,"3,300.00","4,000.00","3,650.00",Rs./Quintal,49.10,Metric Tonnes,13-04-2026
Maharashtra,Pune,Pune APMC,Cereals,Bajra(Pearl Millet/Cumbu),Other,FAQ,"3,800.00","4,200.00","4,000.00",Rs./Quintal,48.50,Metric Tonnes,13-03-2026
Maharashtra,Pune,Pune APMC,Cereals,Bajra(Pearl Millet/Cumbu),Other,FAQ,"3,600.00","3,900.00","3,750.00",Rs./Quintal,46.90,Metric Tonnes,13-02-2026
Maharashtra,Pune,Pune APMC,Cereals,Bajra(Pearl Millet/Cumbu),Other,FAQ,"3,500.00","4,400.00","3,950.00",Rs./Quintal,45.50,Metric Tonnes,13-01-2026
Maharashtra,Pune,Pune APMC,Cereals,Bajra(Pearl Millet/Cumbu),Other,FAQ,"4,000.00","4,200.00","4,100.00",Rs./Quintal,42.20,Metric Tonnes,12-12-2025
Maharashtra,Pune,Pune APMC,Cereals,Bajra(Pearl Millet/Cumbu),Other,FAQ,"3,000.00","3,300.00","3,150.00",Rs./Quintal,57.70,Metric Tonnes,12-11-2025
Maharashtra,Pune,Pune APMC,Cereals,Bajra(Pearl Millet/Cumbu),Other,FAQ,"3,600.00","4,000.00","3,800.00",Rs./Quintal,57.70,Metric Tonnes,12-08-2026
Maharashtra,Pune,Pune APMC,Cereals,Bajra(Pearl Millet/Cumbu),Other,FAQ,"3,400.00","4,000.00","3,700.00",Rs./Quintal,54.10,Metric Tonnes,12-06-2026
Maharashtra,Pune,Pune APMC,Cereals,Bajra(Pearl Millet/Cumbu),Other,FAQ,"3,200.00","3,500.00","3,350.00",Rs./Quintal,51.80,Metric Tonnes,12-05-2026
Maharashtra,Pune,Pune APMC,Cereals,Bajra(Pearl Millet/Cumbu),Other,FAQ,"3,800.00","4,200.00","4,000.00",Rs./Quintal,48.30,Metric Tonnes,12-03-2026
Maharashtra,Pune,Pune APMC,Cereals,Bajra(Pearl Millet/Cumbu),Other,FAQ,"3,700.00","4,000.00","3,850.00",Rs./Quintal,47.10,Metric Tonnes,12-02-2026
Maharashtra,Pune,Pune APMC,Cereals,Bajra(Pearl Millet/Cumbu),Other,FAQ,"3,400.00","4,400.00","3,900.00",Rs./Quintal,45.30,Metric Tonnes,12-01-2026
Maharashtra,Pune,Pune APMC,Cereals,Bajra(Pearl Millet/Cumbu),Other,FAQ,"4,000.00","4,200.00","4,100.00",Rs./Quintal,42.40,Metric Tonnes,11-12-2025
Maharashtra,Pune,Pune APMC,Cereals,Bajra(Pearl Millet/Cumbu),Other,FAQ,"3,300.00","3,700.00","3,500.00",Rs./Quintal,40.40,Metric Tonnes,11-11-2025
Maharashtra,Pune,Pune APMC,Cereals,Bajra(Pearl Millet/Cumbu),Other,FAQ,"3,500.00","4,000.00","3,750.00",Rs./Quintal,58.00,Metric Tonnes,11-08-2026
Maharashtra,Pune,Pune APMC,Cereals,Bajra(Pearl Millet/Cumbu),Other,FAQ,"3,300.00","3,700.00","3,500.00",Rs./Quintal,55.70,Metric Tonnes,11-07-2026
Maharashtra,Pune,Pune APMC,Cereals,Bajra(Pearl Millet/Cumbu),Other,FAQ,"3,500.00","4,000.00","3,750.00",Rs./Quintal,54.10,Metric Tonnes,11-06-2026
Maharashtra,Pune,Pune APMC,Cereals,Bajra(Pearl Millet/Cumbu),Other,FAQ,"2,900.00","3,100.00","3,000.00",Rs./Quintal,68.50,Metric Tonnes,11-05-2026
Maharashtra,Pune,Pune APMC,Cereals,Bajra(Pearl Millet/Cumbu),Other,FAQ,"3,400.00","3,800.00","3,600.00",Rs./Quintal,68.40,Metric Tonnes,11-04-2026
Maharashtra,Pune,Pune APMC,Cereals,Bajra(Pearl Millet/Cumbu),Other,FAQ,"3,800.00","4,200.00","4,000.00",Rs./Quintal,48.40,Metric Tonnes,11-03-2026
Maharashtra,Pune,Pune APMC,Cereals,Bajra(Pearl Millet/Cumbu),Other,FAQ,"3,800.00","4,000.00","3,900.00",Rs./Quintal,47.10,Metric Tonnes,11-02-2026
Maharashtra,Pune,Pune APMC,Cereals,Bajra(Pearl Millet/Cumbu),Other,FAQ,"4,000.00","4,400.00","4,200.00",Rs./Quintal,42.20,Metric Tonnes,10-12-2025
Maharashtra,Pune,Pune APMC,Cereals,Bajra(Pearl Millet/Cumbu),Other,FAQ,"3,000.00","3,300.00","3,150.00",Rs./Quintal,57.50,Metric Tonnes,10-11-2025
Maharashtra,Pune,Pune APMC,Cereals,Bajra(Pearl Millet/Cumbu),Other,FAQ,"3,600.00","4,000.00","3,800.00",Rs./Quintal,57.90,Metric Tonnes,10-08-2026
Maharashtra,Pune,Pune APMC,Cereals,Bajra(Pearl Millet/Cumbu),Other,FAQ,"3,400.00","3,800.00","3,600.00",Rs./Quintal,56.50,Metric Tonnes,10-07-2026
Maharashtra,Pune,Pune APMC,Cereals,Bajra(Pearl Millet/Cumbu),Other,FAQ,"3,400.00","4,000.00","3,700.00",Rs./Quintal,54.40,Metric Tonnes,10-06-2026
Maharashtra,Pune,Pune APMC,Cereals,Bajra(Pearl Millet/Cumbu),Other,FAQ,"3,400.00","4,000.00","3,700.00",Rs./Quintal,49.40,Metric Tonnes,10-04-2026
Maharashtra,Pune,Pune APMC,Cereals,Bajra(Pearl Millet/Cumbu),Other,FAQ,"3,800.00","4,200.00","4,000.00",Rs./Quintal,48.60,Metric Tonnes,10-03-2026
Maharashtra,Pune,Pune APMC,Cereals,Bajra(Pearl Millet/Cumbu),Other,FAQ,"3,700.00","4,000.00","3,850.00",Rs./Quintal,46.90,Metric Tonnes,10-02-2026
Maharashtra,Pune,Pune APMC,Cereals,Bajra(Pearl Millet/Cumbu),Other,FAQ,"3,400.00","4,200.00","3,800.00",Rs./Quintal,45.20,Metric Tonnes,10-01-2026
Maharashtra,Pune,Pune APMC,Cereals,Bajra(Pearl Millet/Cumbu),Other,FAQ,"3,400.00","3,800.00","3,600.00",Rs./Quintal,55.90,Metric Tonnes,09-07-2026
Maharashtra,Pune,Pune APMC,Cereals,Bajra(Pearl Millet/Cumbu),Other,FAQ,"3,300.00","3,800.00","3,550.00",Rs./Quintal,53.70,Metric Tonnes,09-06-2026
Maharashtra,Pune,Pune APMC,Cereals,Bajra(Pearl Millet/Cumbu),Other,FAQ,"3,200.00","3,600.00","3,400.00",Rs./Quintal,51.10,Metric Tonnes,09-05-2026
Maharashtra,Pune,Pune APMC,Cereals,Bajra(Pearl Millet/Cumbu),Other,FAQ,"3,400.00","3,800.00","3,600.00",Rs./Quintal,49.10,Metric Tonnes,09-04-2026
Maharashtra,Pune,Pune APMC,Cereals,Bajra(Pearl Millet/Cumbu),Other,FAQ,"3,900.00","4,200.00","4,050.00",Rs./Quintal,48.60,Metric Tonnes,09-03-2026
Maharashtra,Pune,Pune APMC,Cereals,Bajra(Pearl Millet/Cumbu),Other,FAQ,"3,500.00","4,000.00","3,750.00",Rs./Quintal,46.60,Metric Tonnes,09-02-2026
Maharashtra,Pune,Pune APMC,Cereals,Bajra(Pearl Millet/Cumbu),Other,FAQ,"3,400.00","4,200.00","3,800.00",Rs./Quintal,45.70,Metric Tonnes,09-01-2026
Maharashtra,Pune,Pune APMC,Cereals,Bajra(Pearl Millet/Cumbu),Other,FAQ,"4,000.00","4,600.00","4,300.00",Rs./Quintal,42.40,Metric Tonnes,08-12-2025
Maharashtra,Pune,Pune APMC,Cereals,Bajra(Pearl Millet/Cumbu),Other,FAQ,"3,400.00","3,600.00","3,500.00",Rs./Quintal,40.90,Metric Tonnes,08-11-2025
Maharashtra,Pune,Pune APMC,Cereals,Bajra(Pearl Millet/Cumbu),Other,FAQ,"3,500.00","4,000.00","3,750.00",Rs./Quintal,57.30,Metric Tonnes,08-08-2026
Maharashtra,Pune,Pune APMC,Cereals,Bajra(Pearl Millet/Cumbu),Other,FAQ,"3,100.00","3,300.00","3,200.00",Rs./Quintal,71.60,Metric Tonnes,08-07-2026
Maharashtra,Pune,Pune APMC,Cereals,Bajra(Pearl Millet/Cumbu),Other,FAQ,"3,500.00","4,000.00","3,750.00",Rs./Quintal,53.40,Metric Tonnes,08-06-2026
Maharashtra,Pune,Pune APMC,Cereals,Bajra(Pearl Millet/Cumbu),Other,FAQ,"3,200.00","3,500.00","3,350.00",Rs./Quintal,51.40,Metric Tonnes,08-05-2026
Maharashtra,Pune,Pune APMC,Cereals,Bajra(Pearl Millet/Cumbu),Other,FAQ,"3,400.00","4,000.00","3,700.00",Rs./Quintal,49.10,Metric Tonnes,08-04-2026
Maharashtra,Pune,Pune APMC,Cereals,Bajra(Pearl Millet/Cumbu),Other,FAQ,"3,500.00","4,200.00","3,850.00",Rs./Quintal,45.40,Metric Tonnes,08-01-2026
Maharashtra,Pune,Pune APMC,Cereals,Bajra(Pearl Millet/Cumbu),Other,FAQ,"3,200.00","3,500.00","3,350.00",Rs./Quintal,40.40,Metric Tonnes,07-11-2025
Maharashtra,Pune,Pune APMC,Cereals,Bajra(Pearl Millet/Cumbu),Other,FAQ,"3,600.00","4,000.00","3,800.00",Rs./Quintal,57.60,Metric Tonnes,07-08-2026
Maharashtra,Pune,Pune APMC,Cereals,Bajra(Pearl Millet/Cumbu),Other,FAQ,"3,400.00","3,800.00","3,600.00",Rs./Quintal,56.00,Metric Tonnes,07-07-2026
Maharashtra,Pune,Pune APMC,Cereals,Bajra(Pearl Millet/Cumbu),Other,FAQ,"3,300.00","3,500.00","3,400.00",Rs./Quintal,51.60,Metric Tonnes,07-05-2026
Maharashtra,Pune,Pune APMC,Cereals,Bajra(Pearl Millet/Cumbu),Other,FAQ,"3,400.00","3,900.00","3,650.00",Rs./Quintal,48.80,Metric Tonnes,07-04-2026
Maharashtra,Pune,Pune APMC,Cereals,Bajra(Pearl Millet/Cumbu),Other,FAQ,"4,000.00","4,200.00","4,100.00",Rs./Quintal,48.30,Metric Tonnes,07-03-2026
Maharashtra,Pune,Pune APMC,Cereals,Bajra(Pearl Millet/Cumbu),Other,FAQ,"3,700.00","4,000.00","3,850.00",Rs./Quintal,46.60,Metric Tonnes,07-02-2026
Maharashtra,Pune,Pune APMC,Cereals,Bajra(Pearl Millet/Cumbu),Other,FAQ,"3,400.00","4,200.00","3,800.00",Rs./Quintal,45.90,Metric Tonnes,07-01-2026
Maharashtra,Pune,Pune APMC,Cereals,Bajra(Pearl Millet/Cumbu),Other,FAQ,"3,800.00","4,500.00","4,150.00",Rs./Quintal,42.30,Metric Tonnes,06-12-2025
Maharashtra,Pune,Pune APMC,Cereals,Bajra(Pearl Millet/Cumbu),Other,FAQ,"3,500.00","3,800.00","3,650.00",Rs./Quintal,57.30,Metric Tonnes,06-08-2026
Maharashtra,Pune,Pune APMC,Cereals,Bajra(Pearl Millet/Cumbu),Other,FAQ,"3,300.00","3,700.00","3,500.00",Rs./Quintal,55.80,Metric Tonnes,06-07-2026
Maharashtra,Pune,Pune APMC,Cereals,Bajra(Pearl Millet/Cumbu),Other,FAQ,"3,300.00","3,800.00","3,550.00",Rs./Quintal,53.20,Metric Tonnes,06-06-2026
Maharashtra,Pune,Pune APMC,Cereals,Bajra(Pearl Millet/Cumbu),Other,FAQ,"2,900.00","3,100.00","3,000.00",Rs./Quintal,68.40,Metric Tonnes,06-05-2026
Maharashtra,Pune,Pune APMC,Cereals,Bajra(Pearl Millet/Cumbu),Other,FAQ,"3,400.00","3,800.00","3,600.00",Rs./Quintal,49.30,Metric Tonnes,06-04-2026
Maharashtra,Pune,Pune APMC,Cereals,Bajra(Pearl Millet/Cumbu),Other,FAQ,"4,000.00","4,200.00","4,100.00",Rs./Quintal,47.70,Metric Tonnes,06-03-2026
Maharashtra,Pune,Pune APMC,Cereals,Bajra(Pearl Millet/Cumbu),Other,FAQ,"3,500.00","4,000.00","3,750.00",Rs./Quintal,46.80,Metric Tonnes,06-02-2026
Maharashtra,Pune,Pune APMC,Cereals,Bajra(Pearl Millet/Cumbu),Other,FAQ,"3,500.00","4,200.00","3,800.00",Rs./Quintal,45.50,Metric Tonnes,06-01-2026
Maharashtra,Pune,Pune APMC,Cereals,Bajra(Pearl Millet/Cumbu),Other,FAQ,"3,500.00","4,000.00","3,750.00",Rs./Quintal,57.00,Metric Tonnes,05-08-2026
Maharashtra,Pune,Pune APMC,Cereals,Bajra(Pearl Millet/Cumbu),Other,FAQ,"3,300.00","3,700.00","3,500.00",Rs./Quintal,53.40,Metric Tonnes,05-06-2026
Maharashtra,Pune,Pune APMC,Cereals,Bajra(Pearl Millet/Cumbu),Other,FAQ,"3,200.00","3,600.00","3,400.00",Rs./Quintal,50.90,Metric Tonnes,05-05-2026
Maharashtra,Pune,Pune APMC,Cereals,Bajra(Pearl Millet/Cumbu),Other,FAQ,"3,900.00","4,200.00","4,050.00",Rs./Quintal,68.40,Metric Tonnes,05-03-2026
Maharashtra,Pune,Pune APMC,Cereals,Bajra(Pearl Millet/Cumbu),Other,FAQ,"3,600.00","4,000.00","3,800.00",Rs./Quintal,46.40,Metric Tonnes,05-02-2026
Maharashtra,Pune,Pune APMC,Cereals,Bajra(Pearl Millet/Cumbu),Other,FAQ,"3,400.00","4,200.00","3,800.00",Rs./Quintal,45.20,Metric Tonnes,05-01-2026
Maharashtra,Pune,Pune APMC,Cereals,Bajra(Pearl Millet/Cumbu),Other,FAQ,"4,000.00","4,600.00","4,300.00",Rs./Quintal,43.00,Metric Tonnes,04-12-2025
Maharashtra,Pune,Pune APMC,Cereals,Bajra(Pearl Millet/Cumbu),Other,FAQ,"3,500.00","3,800.00","3,650.00",Rs./Quintal,57.70,Metric Tonnes,04-08-2026
Maharashtra,Pune,Pune APMC,Cereals,Bajra(Pearl Millet/Cumbu),Other,FAQ,"3,200.00","3,500.00","3,350.00",Rs./Quintal,56.00,Metric Tonnes,04-07-2026
Maharashtra,Pune,Pune APMC,Cereals,Bajra(Pearl Millet/Cumbu),Other,FAQ,"3,400.00","3,700.00","3,550.00",Rs./Quintal,53.20,Metric Tonnes,04-06-2026
Maharashtra,Pune,Pune APMC,Cereals,Bajra(Pearl Millet/Cumbu),Other,FAQ,"3,400.00","3,700.00","3,550.00",Rs./Quintal,50.50,Metric Tonnes,04-05-2026
Maharashtra,Pune,Pune APMC,Cereals,Bajra(Pearl Millet/Cumbu),Other,FAQ,"3,400.00","3,900.00","3,650.00",Rs./Quintal,49.00,Metric Tonnes,04-04-2026
Maharashtra,Pune,Pune APMC,Cereals,Bajra(Pearl Millet/Cumbu),Other,FAQ,"4,000.00","4,200.00","4,100.00",Rs./Quintal,48.00,Metric Tonnes,04-03-2026
Maharashtra,Pune,Pune APMC,Cereals,Bajra(Pearl Millet/Cumbu),Other,FAQ,"3,700.00","4,000.00","3,850.00",Rs./Quintal,46.30,Metric Tonnes,04-02-2026
Maharashtra,Pune,Pune APMC,Cereals,Bajra(Pearl Millet/Cumbu),Other,FAQ,"4,000.00","4,500.00","4,250.00",Rs./Quintal,42.70,Metric Tonnes,03-12-2025
Maharashtra,Pune,Pune APMC,Cereals,Bajra(Pearl Millet/Cumbu),Other,FAQ,"3,500.00","3,900.00","3,700.00",Rs./Quintal,57.50,Metric Tonnes,03-08-2026
Maharashtra,Pune,Pune APMC,Cereals,Bajra(Pearl Millet/Cumbu),Other,FAQ,"3,400.00","3,600.00","3,500.00",Rs./Quintal,56.40,Metric Tonnes,03-07-2026
Maharashtra,Pune,Pune APMC,Cereals,Bajra(Pearl Millet/Cumbu),Other,FAQ,"3,300.00","3,800.00","3,550.00",Rs./Quintal,53.50,Metric Tonnes,03-06-2026
Maharashtra,Pune,Pune APMC,Cereals,Bajra(Pearl Millet/Cumbu),Other,FAQ,"3,400.00","3,800.00","3,600.00",Rs./Quintal,48.30,Metric Tonnes,03-04-2026
Maharashtra,Pune,Pune APMC,Cereals,Bajra(Pearl Millet/Cumbu),Other,FAQ,"3,800.00","4,000.00","3,900.00",Rs./Quintal,48.00,Metric Tonnes,03-03-2026
Maharashtra,Pune,Pune APMC,Cereals,Bajra(Pearl Millet/Cumbu),Other,FAQ,"3,800.00","4,000.00","3,900.00",Rs./Quintal,46.50,Metric Tonnes,03-02-2026
Maharashtra,Pune,Pune APMC,Cereals,Bajra(Pearl Millet/Cumbu),Other,FAQ,"3,400.00","4,200.00","3,800.00",Rs./Quintal,45.60,Metric Tonnes,03-01-2026
Maharashtra,Pune,Pune APMC,Cereals,Bajra(Pearl Millet/Cumbu),Other,FAQ,"3,800.00","4,500.00","4,150.00",Rs./Quintal,43.10,Metric Tonnes,02-12-2025
Maharashtra,Pune,Pune APMC,Cereals,Bajra(Pearl Millet/Cumbu),Other,FAQ,"3,500.00","3,600.00","3,550.00",Rs./Quintal,55.80,Metric Tonnes,02-07-2026
Maharashtra,Pune,Pune APMC,Cereals,Bajra(Pearl Millet/Cumbu),Other,FAQ,"3,300.00","3,700.00","3,500.00",Rs./Quintal,53.50,Metric Tonnes,02-06-2026
Maharashtra,Pune,Pune APMC,Cereals,Bajra(Pearl Millet/Cumbu),Other,FAQ,"3,500.00","3,700.00","3,600.00",Rs./Quintal,50.00,Metric Tonnes,02-05-2026
Maharashtra,Pune,Pune APMC,Cereals,Bajra(Pearl Millet/Cumbu),Other,FAQ,"3,400.00","3,800.00","3,600.00",Rs./Quintal,48.50,Metric Tonnes,02-04-2026
Maharashtra,Pune,Pune APMC,Cereals,Bajra(Pearl Millet/Cumbu),Other,FAQ,"4,000.00","4,200.00","4,100.00",Rs./Quintal,47.50,Metric Tonnes,02-03-2026
Maharashtra,Pune,Pune APMC,Cereals,Bajra(Pearl Millet/Cumbu),Other,FAQ,"3,800.00","4,000.00","3,900.00",Rs./Quintal,46.20,Metric Tonnes,02-02-2026
Maharashtra,Pune,Pune APMC,Cereals,Bajra(Pearl Millet/Cumbu),Other,FAQ,"3,400.00","4,200.00","3,800.00",Rs./Quintal,45.40,Metric Tonnes,02-01-2026
Maharashtra,Pune,Pune APMC,Cereals,Bajra(Pearl Millet/Cumbu),Other,FAQ,"3,800.00","4,600.00","4,200.00",Rs./Quintal,43.80,Metric Tonnes,01-12-2025
Maharashtra,Pune,Pune APMC,Cereals,Bajra(Pearl Millet/Cumbu),Other,FAQ,"3,500.00","3,800.00","3,650.00",Rs./Quintal,57.60,Metric Tonnes,01-08-2026
Maharashtra,Pune,Pune APMC,Cereals,Bajra(Pearl Millet/Cumbu),Other,FAQ,"3,200.00","3,500.00","3,350.00",Rs./Quintal,56.20,Metric Tonnes,01-07-2026
Maharashtra,Pune,Pune APMC,Cereals,Bajra(Pearl Millet/Cumbu),Other,FAQ,"3,400.00","3,700.00","3,550.00",Rs./Quintal,53.10,Metric Tonnes,01-06-2026
Maharashtra,Pune,Pune APMC,Cereals,Bajra(Pearl Millet/Cumbu),Other,FAQ,"3,400.00","3,800.00","3,600.00",Rs./Quintal,48.10,Metric Tonnes,01-04-2026
Maharashtra,Pune,Pune APMC,Cereals,Bajra(Pearl Millet/Cumbu),Other,FAQ,"3,500.00","4,200.00","3,850.00",Rs./Quintal,45.30,Metric Tonnes,01-01-2026
Maharashtra,Pune,Shirur APMC,Cereals,Bajra(Pearl Millet/Cumbu),Other,Non-FAQ,"2,500.00","2,500.00","2,500.00",Rs./Quintal,0.10,Metric Tonnes,31-03-2026
Maharashtra,Pune,Shirur APMC,Cereals,Bajra(Pearl Millet/Cumbu),Other,FAQ,"2,800.00","2,800.00","2,800.00",Rs./Quintal,0.20,Metric Tonnes,30-12-2025
Maharashtra,Pune,Shirur APMC,Cereals,Bajra(Pearl Millet/Cumbu),Other,Non-FAQ,"2,200.00","2,750.00","2,500.00",Rs./Quintal,0.90,Metric Tonnes,30-12-2025
Maharashtra,Pune,Shirur APMC,Cereals,Bajra(Pearl Millet/Cumbu),Other,Non-FAQ,"2,300.00","2,300.00","2,300.00",Rs./Quintal,0.10,Metric Tonnes,30-07-2026
Maharashtra,Pune,Shirur APMC,Cereals,Bajra(Pearl Millet/Cumbu),Other,Non-FAQ,"2,500.00","2,500.00","2,500.00",Rs./Quintal,0.40,Metric Tonnes,30-06-2026
Maharashtra,Pune,Shirur APMC,Cereals,Bajra(Pearl Millet/Cumbu),Other,Non-FAQ,"2,400.00","2,400.00","2,400.00",Rs./Quintal,0.10,Metric Tonnes,29-06-2026
Maharashtra,Pune,Shirur APMC,Cereals,Bajra(Pearl Millet/Cumbu),Other,Non-FAQ,"2,500.00","2,500.00","2,500.00",Rs./Quintal,0.10,Metric Tonnes,28-05-2026
Maharashtra,Pune,Shirur APMC,Cereals,Bajra(Pearl Millet/Cumbu),Other,Non-FAQ,"2,300.00","2,500.00","2,400.00",Rs./Quintal,0.70,Metric Tonnes,26-12-2025
Maharashtra,Pune,Shirur APMC,Cereals,Bajra(Pearl Millet/Cumbu),Other,Non-FAQ,"2,200.00","2,200.00","2,200.00",Rs./Quintal,0.20,Metric Tonnes,26-05-2026
Maharashtra,Pune,Shirur APMC,Cereals,Bajra(Pearl Millet/Cumbu),Other,Non-FAQ,"1,800.00","2,200.00","2,200.00",Rs./Quintal,3.30,Metric Tonnes,25-12-2025
Maharashtra,Pune,Shirur APMC,Cereals,Bajra(Pearl Millet/Cumbu),Other,Non-FAQ,"1,900.00","1,900.00","1,900.00",Rs./Quintal,0.50,Metric Tonnes,25-05-2026
Maharashtra,Pune,Shirur APMC,Cereals,Bajra(Pearl Millet/Cumbu),Other,Non-FAQ,"2,400.00","2,500.00","2,500.00",Rs./Quintal,0.40,Metric Tonnes,24-12-2025
Maharashtra,Pune,Shirur APMC,Cereals,Bajra(Pearl Millet/Cumbu),Other,Non-FAQ,"2,500.00","2,500.00","2,500.00",Rs./Quintal,0.10,Metric Tonnes,24-06-2026
Maharashtra,Pune,Shirur APMC,Cereals,Bajra(Pearl Millet/Cumbu),Other,Non-FAQ,"2,200.00","2,600.00","2,500.00",Rs./Quintal,1.90,Metric Tonnes,23-12-2025
Maharashtra,Pune,Shirur APMC,Cereals,Bajra(Pearl Millet/Cumbu),Other,Non-FAQ,"1,700.00","2,500.00","2,400.00",Rs./Quintal,0.70,Metric Tonnes,23-11-2025
Maharashtra,Pune,Shirur APMC,Cereals,Bajra(Pearl Millet/Cumbu),Other,Non-FAQ,"2,600.00","2,600.00","2,600.00",Rs./Quintal,0.60,Metric Tonnes,23-06-2026
Maharashtra,Pune,Shirur APMC,Cereals,Bajra(Pearl Millet/Cumbu),Other,Non-FAQ,"2,525.00","2,525.00","2,525.00",Rs./Quintal,0.30,Metric Tonnes,23-04-2026
Maharashtra,Pune,Shirur APMC,Cereals,Bajra(Pearl Millet/Cumbu),Other,Non-FAQ,"1,800.00","2,600.00","2,500.00",Rs./Quintal,2.20,Metric Tonnes,22-12-2025
Maharashtra,Pune,Shirur APMC,Cereals,Bajra(Pearl Millet/Cumbu),Other,Non-FAQ,"2,500.00","2,500.00","2,500.00",Rs./Quintal,0.10,Metric Tonnes,22-06-2026
Maharashtra,Pune,Shirur APMC,Cereals,Bajra(Pearl Millet/Cumbu),Other,FAQ,"2,800.00","2,800.00","2,800.00",Rs./Quintal,0.50,Metric Tonnes,21-12-2025
Maharashtra,Pune,Shirur APMC,Cereals,Bajra(Pearl Millet/Cumbu),Other,Non-FAQ,"2,200.00","2,750.00","2,600.00",Rs./Quintal,0.90,Metric Tonnes,21-12-2025
Maharashtra,Pune,Shirur APMC,Cereals,Bajra(Pearl Millet/Cumbu),Other,FAQ,"2,900.00","2,900.00","2,900.00",Rs./Quintal,0.60,Metric Tonnes,21-07-2026
Maharashtra,Pune,Shirur APMC,Cereals,Bajra(Pearl Millet/Cumbu),Other,Non-FAQ,"2,200.00","2,200.00","2,200.00",Rs./Quintal,0.30,Metric Tonnes,21-07-2026
Maharashtra,Pune,Shirur APMC,Cereals,Bajra(Pearl Millet/Cumbu),Other,Non-FAQ,"2,000.00","2,300.00","2,200.00",Rs./Quintal,0.50,Metric Tonnes,21-05-2026
Maharashtra,Pune,Shirur APMC,Cereals,Bajra(Pearl Millet/Cumbu),Other,Non-FAQ,"2,300.00","2,300.00","2,300.00",Rs./Quintal,0.30,Metric Tonnes,21-04-2026
Maharashtra,Pune,Shirur APMC,Cereals,Bajra(Pearl Millet/Cumbu),Other,Non-FAQ,"2,500.00","2,500.00","2,500.00",Rs./Quintal,0.10,Metric Tonnes,20-08-2026
Maharashtra,Pune,Shirur APMC,Cereals,Bajra(Pearl Millet/Cumbu),Other,Non-FAQ,"1,800.00","2,150.00","2,150.00",Rs./Quintal,0.90,Metric Tonnes,20-05-2026
Maharashtra,Pune,Shirur APMC,Cereals,Bajra(Pearl Millet/Cumbu),Other,Non-FAQ,"2,100.00","2,450.00","2,100.00",Rs./Quintal,0.70,Metric Tonnes,18-08-2026
Maharashtra,Pune,Shirur APMC,Cereals,Bajra(Pearl Millet/Cumbu),Other,Non-FAQ,"2,100.00","2,100.00","2,100.00",Rs./Quintal,0.20,Metric Tonnes,18-06-2026
Maharashtra,Pune,Shirur APMC,Cereals,Bajra(Pearl Millet/Cumbu),Other,Non-FAQ,"2,300.00","2,600.00","2,300.00",Rs./Quintal,0.50,Metric Tonnes,18-02-2026
Maharashtra,Pune,Shirur APMC,Cereals,Bajra(Pearl Millet/Cumbu),Other,Non-FAQ,"2,325.00","2,325.00","2,325.00",Rs./Quintal,0.20,Metric Tonnes,17-08-2026
Maharashtra,Pune,Shirur APMC,Cereals,Bajra(Pearl Millet/Cumbu),Other,Non-FAQ,"1,800.00","1,800.00","1,800.00",Rs./Quintal,0.40,Metric Tonnes,16-04-2026
Maharashtra,Pune,Shirur APMC,Cereals,Bajra(Pearl Millet/Cumbu),Other,Non-FAQ,"2,500.00","2,500.00","2,500.00",Rs./Quintal,0.40,Metric Tonnes,15-07-2026
Maharashtra,Pune,Shirur APMC,Cereals,Bajra(Pearl Millet/Cumbu),Other,Non-FAQ,"1,700.00","2,250.00","1,700.00",Rs./Quintal,0.80,Metric Tonnes,15-06-2026
Maharashtra,Pune,Shirur APMC,Cereals,Bajra(Pearl Millet/Cumbu),Other,Non-FAQ,"2,200.00","2,350.00","2,200.00",Rs./Quintal,0.50,Metric Tonnes,15-01-2026
Maharashtra,Pune,Shirur APMC,Cereals,Bajra(Pearl Millet/Cumbu),Other,Non-FAQ,"2,300.00","2,500.00","2,400.00",Rs./Quintal,0.60,Metric Tonnes,14-08-2026
Maharashtra,Pune,Shirur APMC,Cereals,Bajra(Pearl Millet/Cumbu),Other,Non-FAQ,"2,500.00","2,500.00","2,500.00",Rs./Quintal,0.10,Metric Tonnes,14-07-2026
Maharashtra,Pune,Shirur APMC,Cereals,Bajra(Pearl Millet/Cumbu),Other,Non-FAQ,"2,050.00","2,200.00","2,050.00",Rs./Quintal,0.30,Metric Tonnes,14-04-2026
Maharashtra,Pune,Shirur APMC,Cereals,Bajra(Pearl Millet/Cumbu),Other,Non-FAQ,"2,200.00","2,200.00","2,200.00",Rs./Quintal,0.20,Metric Tonnes,13-08-2026
Maharashtra,Pune,Shirur APMC,Cereals,Bajra(Pearl Millet/Cumbu),Other,Non-FAQ,"2,400.00","2,500.00","2,500.00",Rs./Quintal,0.50,Metric Tonnes,13-07-2026
Maharashtra,Pune,Shirur APMC,Cereals,Bajra(Pearl Millet/Cumbu),Other,Non-FAQ,"2,250.00","2,300.00","2,250.00",Rs./Quintal,0.20,Metric Tonnes,13-04-2026
Maharashtra,Pune,Shirur APMC,Cereals,Bajra(Pearl Millet/Cumbu),Other,Non-FAQ,"2,000.00","2,700.00","2,600.00",Rs./Quintal,1.60,Metric Tonnes,13-01-2026
Maharashtra,Pune,Shirur APMC,Cereals,Bajra(Pearl Millet/Cumbu),Other,Non-FAQ,"2,000.00","2,700.00","2,500.00",Rs./Quintal,1.20,Metric Tonnes,12-11-2025
Maharashtra,Pune,Shirur APMC,Cereals,Bajra(Pearl Millet/Cumbu),Other,Non-FAQ,"2,300.00","2,300.00","2,300.00",Rs./Quintal,0.10,Metric Tonnes,12-08-2026
Maharashtra,Pune,Shirur APMC,Cereals,Bajra(Pearl Millet/Cumbu),Other,Non-FAQ,"1,700.00","2,500.00","2,500.00",Rs./Quintal,0.70,Metric Tonnes,11-12-2025
Maharashtra,Pune,Shirur APMC,Cereals,Bajra(Pearl Millet/Cumbu),Other,Non-FAQ,"2,600.00","2,600.00","2,600.00",Rs./Quintal,0.40,Metric Tonnes,11-08-2026
Maharashtra,Pune,Shirur APMC,Cereals,Bajra(Pearl Millet/Cumbu),Other,Non-FAQ,"1,900.00","2,300.00","1,900.00",Rs./Quintal,1.20,Metric Tonnes,11-06-2026
Maharashtra,Pune,Shirur APMC,Cereals,Bajra(Pearl Millet/Cumbu),Other,Non-FAQ,"1,600.00","2,500.00","2,500.00",Rs./Quintal,0.70,Metric Tonnes,10-11-2025
Maharashtra,Pune,Shirur APMC,Cereals,Bajra(Pearl Millet/Cumbu),Other,Non-FAQ,"2,300.00","2,500.00","2,500.00",Rs./Quintal,0.60,Metric Tonnes,10-08-2026
Maharashtra,Pune,Shirur APMC,Cereals,Bajra(Pearl Millet/Cumbu),Other,Non-FAQ,"1,750.00","2,400.00","2,200.00",Rs./Quintal,0.50,Metric Tonnes,09-12-2025
Maharashtra,Pune,Shirur APMC,Cereals,Bajra(Pearl Millet/Cumbu),Other,Non-FAQ,"2,500.00","2,500.00","2,500.00",Rs./Quintal,0.10,Metric Tonnes,09-04-2026
Maharashtra,Pune,Shirur APMC,Cereals,Bajra(Pearl Millet/Cumbu),Other,Non-FAQ,"2,000.00","2,700.00","2,500.00",Rs./Quintal,1.40,Metric Tonnes,09-02-2026
Maharashtra,Pune,Shirur APMC,Cereals,Bajra(Pearl Millet/Cumbu),Other,Non-FAQ,"2,000.00","2,500.00","2,000.00",Rs./Quintal,0.50,Metric Tonnes,07-07-2026
Maharashtra,Pune,Shirur APMC,Cereals,Bajra(Pearl Millet/Cumbu),Other,Non-FAQ,"2,050.00","2,050.00","2,050.00",Rs./Quintal,2.50,Metric Tonnes,07-06-2026
Maharashtra,Pune,Shirur APMC,Cereals,Bajra(Pearl Millet/Cumbu),Other,Non-FAQ,"2,200.00","2,400.00","2,200.00",Rs./Quintal,0.30,Metric Tonnes,06-04-2026
Maharashtra,Pune,Shirur APMC,Cereals,Bajra(Pearl Millet/Cumbu),Other,Non-FAQ,"1,900.00","2,100.00","2,100.00",Rs./Quintal,0.80,Metric Tonnes,05-04-2026
Maharashtra,Pune,Shirur APMC,Cereals,Bajra(Pearl Millet/Cumbu),Other,Non-FAQ,"2,300.00","2,400.00","2,350.00",Rs./Quintal,0.80,Metric Tonnes,03-08-2026
Maharashtra,Pune,Shirur APMC,Cereals,Bajra(Pearl Millet/Cumbu),Other,Non-FAQ,"2,500.00","2,500.00","2,500.00",Rs./Quintal,0.60,Metric Tonnes,03-07-2026
Maharashtra,Pune,Shirur APMC,Cereals,Bajra(Pearl Millet/Cumbu),Other,FAQ,"2,800.00","2,800.00","2,800.00",Rs./Quintal,0.20,Metric Tonnes,02-08-2026
Maharashtra,Pune,Shirur APMC,Cereals,Bajra(Pearl Millet/Cumbu),Other,Non-FAQ,"2,300.00","2,500.00","2,300.00",Rs./Quintal,0.40,Metric Tonnes,02-08-2026
Maharashtra,Pune,Shirur APMC,Cereals,Bajra(Pearl Millet/Cumbu),Other,Non-FAQ,"2,300.00","2,650.00","2,650.00",Rs./Quintal,0.30,Metric Tonnes,01-07-2026

