,,,,,,,Daily Price Arrival Report-07-11-2025 to 21-08-2026 for Maharashtra,,,,,,
State/UT,District,Market,Commodity Group,Commodity,Variety,Grade,Min Price,Max Price,Modal Price,Price Unit,Arrival Quantity,Arrival Unit,Arrival Date
Maharashtra,Ahilyanagar,Ahilyanagar APMC,Vegetables,Tomato,Other,Local,500.00,"2,500.00","1,500.00",Rs./Quintal,32.60,Metric Tonnes,31-07-2026
Maharashtra,Ahilyanagar,Ahilyanagar APMC,Vegetables,Tomato,Other,Local,400.00,"1,500.00",950.00,Rs./Quintal,17.60,Metric Tonnes,31-03-2026
Maharashtra,Ahilyanagar,Ahilyanagar APMC,Vegetables,Tomato,Other,Local,500.00,"1,300.00",900.00,Rs./Quintal,27.70,Metric Tonnes,31-01-2026
Maharashtra,Ahilyanagar,Ahilyanagar APMC,Vegetables,Tomato,Other,Local,500.00,"3,000.00","1,750.00",Rs./Quintal,27.10,Metric Tonnes,30-11-2025
Maharashtra,Ahilyanagar,Ahilyanagar APMC,Vegetables,Tomato,Other,Local,500.00,"2,200.00","1,350.00",Rs./Quintal,32.90,Metric Tonnes,30-05-2026
Maharashtra,Ahilyanagar,Ahilyanagar APMC,Vegetables,Tomato,Other,Local,800.00,"3,500.00","2,150.00",Rs./Quintal,18.10,Metric Tonnes,29-12-2025
Maharashtra,Ahilyanagar,Ahilyanagar APMC,Vegetables,Tomato,Other,Local,500.00,"3,500.00","2,000.00",Rs./Quintal,24.70,Metric Tonnes,29-11-2025
Maharashtra,Ahilyanagar,Ahilyanagar APMC,Vegetables,Tomato,Other,Local,500.00,"4,000.00","2,250.00",Rs./Quintal,15.00,Metric Tonnes,28-12-2025
Maharashtra,Ahilyanagar,Ahilyanagar APMC,Vegetables,Tomato,Other,Local,400.00,"2,500.00","1,450.00",Rs./Quintal,34.70,Metric Tonnes,28-07-2026
Maharashtra,Ahilyanagar,Ahilyanagar APMC,Vegetables,Tomato,Other,Local,300.00,"1,300.00",800.00,Rs./Quintal,22.50,Metric Tonnes,28-03-2026
Maharashtra,Ahilyanagar,Ahilyanagar APMC,Vegetables,Tomato,Other,Local,300.00,"1,300.00",800.00,Rs./Quintal,25.30,Metric Tonnes,28-02-2026
Maharashtra,Ahilyanagar,Ahilyanagar APMC,Vegetables,Tomato,Other,Local,500.00,"2,500.00","1,500.00",Rs./Quintal,34.50,Metric Tonnes,27-07-2026
Maharashtra,Ahilyanagar,Ahilyanagar APMC,Vegetables,Tomato,Other,Local,300.00,"2,000.00","1,150.00",Rs./Quintal,21.70,Metric Tonnes,27-04-2026
Maharashtra,Ahilyanagar,Ahilyanagar APMC,Vegetables,Tomato,Other,Local,500.00,"3,500.00","2,000.00",Rs./Quintal,23.30,Metric Tonnes,26-12-2025
Maharashtra,Ahilyanagar,Ahilyanagar APMC,Vegetables,Tomato,Other,Local,500.00,"2,500.00","1,500.00",Rs./Quintal,17.80,Metric Tonnes,26-07-2026
Maharashtra,Ahilyanagar,Ahilyanagar APMC,Vegetables,Tomato,Other,Local,400.00,"1,700.00","1,050.00",Rs./Quintal,21.50,Metric Tonnes,26-04-2026
Maharashtra,Ahilyanagar,Ahilyanagar APMC,Vegetables,Tomato,Other,Local,300.00,"1,300.00",800.00,Rs./Quintal,27.20,Metric Tonnes,26-03-2026
Maharashtra,Ahilyanagar,Ahilyanagar APMC,Vegetables,Tomato,Other,Local,500.00,"1,400.00",950.00,Rs./Quintal,28.40,Metric Tonnes,26-02-2026
Maharashtra,Ahilyanagar,Ahilyanagar APMC,Vegetables,Tomato,Other,Local,"1,200.00","4,800.00","2,500.00",Rs./Quintal,24.90,Metric Tonnes,24-11-2025
Maharashtra,Ahilyanagar,Ahilyanagar APMC,Vegetables,Tomato,Other,Local,500.00,"3,000.00","1,750.00",Rs./Quintal,34.30,Metric Tonnes,24-07-2026
Maharashtra,Ahilyanagar,Ahilyanagar APMC,Vegetables,Tomato,Other,Local,400.00,"2,000.00","1,200.00",Rs./Quintal,29.10,Metric Tonnes,24-05-2026
Maharashtra,Ahilyanagar,Ahilyanagar APMC,Vegetables,Tomato,Other,Local,300.00,"1,500.00",900.00,Rs./Quintal,16.10,Metric Tonnes,24-03-2026
Maharashtra,Ahilyanagar,Ahilyanagar APMC,Vegetables,Tomato,Other,Local,500.00,"3,000.00","1,750.00",Rs./Quintal,31.80,Metric Tonnes,23-07-2026
Maharashtra,Ahilyanagar,Ahilyanagar APMC,Vegetables,Tomato,Other,Local,500.00,"3,800.00","2,150.00",Rs./Quintal,23.70,Metric Tonnes,23-06-2026
Maharashtra,Ahilyanagar,Ahilyanagar APMC,Vegetables,Tomato,Other,Local,400.00,"1,300.00",850.00,Rs./Quintal,15.30,Metric Tonnes,22-03-2026
Maharashtra,Ahilyanagar,Ahilyanagar APMC,Vegetables,Tomato,Other,Local,600.00,"4,000.00","2,400.00",Rs./Quintal,23.50,Metric Tonnes,21-11-2025
Maharashtra,Ahilyanagar,Ahilyanagar APMC,Vegetables,Tomato,Other,Local,200.00,"1,800.00","1,000.00",Rs./Quintal,28.20,Metric Tonnes,21-08-2026
Maharashtra,Ahilyanagar,Ahilyanagar APMC,Vegetables,Tomato,Other,Local,500.00,"2,500.00","1,500.00",Rs./Quintal,28.60,Metric Tonnes,21-07-2026
Maharashtra,Ahilyanagar,Ahilyanagar APMC,Vegetables,Tomato,Other,Local,400.00,"3,500.00","1,950.00",Rs./Quintal,28.00,Metric Tonnes,21-06-2026
Maharashtra,Ahilyanagar,Ahilyanagar APMC,Vegetables,Tomato,Other,Local,400.00,"2,500.00","1,450.00",Rs./Quintal,34.70,Metric Tonnes,21-05-2026
Maharashtra,Ahilyanagar,Ahilyanagar APMC,Vegetables,Tomato,Other,Local,500.00,"2,300.00","1,400.00",Rs./Quintal,38.10,Metric Tonnes,20-07-2026
Maharashtra,Ahilyanagar,Ahilyanagar APMC,Vegetables,Tomato,Other,Local,400.00,"1,600.00","1,000.00",Rs./Quintal,21.90,Metric Tonnes,20-03-2026
Maharashtra,Ahilyanagar,Ahilyanagar APMC,Vegetables,Tomato,Other,Local,500.00,"1,400.00",950.00,Rs./Quintal,20.90,Metric Tonnes,20-02-2026
Maharashtra,Ahilyanagar,Ahilyanagar APMC,Vegetables,Tomato,Other,Local,700.00,"4,000.00","2,350.00",Rs./Quintal,28.30,Metric Tonnes,19-12-2025
Maharashtra,Ahilyanagar,Ahilyanagar APMC,Vegetables,Tomato,Other,Local,500.00,"3,000.00","1,750.00",Rs./Quintal,47.00,Metric Tonnes,19-07-2026
Maharashtra,Ahilyanagar,Ahilyanagar APMC,Vegetables,Tomato,Other,Local,400.00,"2,500.00","2,500.00",Rs./Quintal,19.80,Metric Tonnes,19-05-2026
Maharashtra,Ahilyanagar,Ahilyanagar APMC,Vegetables,Tomato,Other,Local,500.00,"1,300.00",900.00,Rs./Quintal,37.20,Metric Tonnes,19-02-2026
Maharashtra,Ahilyanagar,Ahilyanagar APMC,Vegetables,Tomato,Other,Local,800.00,"3,500.00","2,150.00",Rs./Quintal,20.00,Metric Tonnes,18-11-2025
Maharashtra,Ahilyanagar,Ahilyanagar APMC,Vegetables,Tomato,Other,Local,500.00,"2,500.00","1,500.00",Rs./Quintal,34.60,Metric Tonnes,18-07-2026
Maharashtra,Ahilyanagar,Ahilyanagar APMC,Vegetables,Tomato,Other,Local,800.00,"4,000.00","2,400.00",Rs./Quintal,21.40,Metric Tonnes,18-06-2026
Maharashtra,Ahilyanagar,Ahilyanagar APMC,Vegetables,Tomato,Other,Local,"1,200.00","1,500.00","1,350.00",Rs./Quintal,10.00,Metric Tonnes,18-04-2026
Maharashtra,Ahilyanagar,Ahilyanagar APMC,Vegetables,Tomato,Other,Local,800.00,"4,000.00","2,400.00",Rs./Quintal,22.70,Metric Tonnes,17-11-2025
Maharashtra,Ahilyanagar,Ahilyanagar APMC,Vegetables,Tomato,Other,Local,200.00,"1,900.00","1,050.00",Rs./Quintal,25.40,Metric Tonnes,17-08-2026
Maharashtra,Ahilyanagar,Ahilyanagar APMC,Vegetables,Tomato,Other,Local,400.00,"2,800.00","1,600.00",Rs./Quintal,32.70,Metric Tonnes,17-07-2026
Maharashtra,Ahilyanagar,Ahilyanagar APMC,Vegetables,Tomato,Other,Local,500.00,"2,500.00","1,500.00",Rs./Quintal,36.70,Metric Tonnes,17-05-2026
Maharashtra,Ahilyanagar,Ahilyanagar APMC,Vegetables,Tomato,Other,Local,400.00,"1,600.00","1,000.00",Rs./Quintal,21.30,Metric Tonnes,17-03-2026
Maharashtra,Ahilyanagar,Ahilyanagar APMC,Vegetables,Tomato,Other,Local,500.00,"3,000.00","1,750.00",Rs./Quintal,23.30,Metric Tonnes,17-01-2026
Maharashtra,Ahilyanagar,Ahilyanagar APMC,Vegetables,Tomato,Other,Local,800.00,"4,000.00","2,400.00",Rs./Quintal,22.20,Metric Tonnes,16-11-2025
Maharashtra,Ahilyanagar,Ahilyanagar APMC,Vegetables,Tomato,Other,Local,300.00,"2,000.00","1,150.00",Rs./Quintal,26.80,Metric Tonnes,16-08-2026
Maharashtra,Ahilyanagar,Ahilyanagar APMC,Vegetables,Tomato,Other,Local,400.00,"2,500.00","1,450.00",Rs./Quintal,74.50,Metric Tonnes,16-07-2026
Maharashtra,Ahilyanagar,Ahilyanagar APMC,Vegetables,Tomato,Other,Local,500.00,"2,500.00","1,500.00",Rs./Quintal,27.20,Metric Tonnes,16-05-2026
Maharashtra,Ahilyanagar,Ahilyanagar APMC,Vegetables,Tomato,Other,Local,400.00,"1,600.00","1,000.00",Rs./Quintal,24.00,Metric Tonnes,16-03-2026
Maharashtra,Ahilyanagar,Ahilyanagar APMC,Vegetables,Tomato,Other,Local,500.00,"1,700.00","1,100.00",Rs./Quintal,16.70,Metric Tonnes,16-02-2026
Maharashtra,Ahilyanagar,Ahilyanagar APMC,Vegetables,Tomato,Other,Local,500.00,"2,500.00","1,500.00",Rs./Quintal,33.70,Metric Tonnes,14-08-2026
Maharashtra,Ahilyanagar,Ahilyanagar APMC,Vegetables,Tomato,Other,Local,"1,000.00","1,200.00","1,100.00",Rs./Quintal,9.40,Metric Tonnes,14-04-2026
Maharashtra,Ahilyanagar,Ahilyanagar APMC,Vegetables,Tomato,Other,Local,400.00,"1,500.00",950.00,Rs./Quintal,22.60,Metric Tonnes,14-02-2026
Maharashtra,Ahilyanagar,Ahilyanagar APMC,Vegetables,Tomato,Other,Local,"1,000.00","3,000.00","2,000.00",Rs./Quintal,23.20,Metric Tonnes,13-11-2025
Maharashtra,Ahilyanagar,Ahilyanagar APMC,Vegetables,Tomato,Other,Local,300.00,"2,000.00","1,150.00",Rs./Quintal,54.30,Metric Tonnes,13-08-2026
Maharashtra,Ahilyanagar,Ahilyanagar APMC,Vegetables,Tomato,Other,Local,800.00,"2,500.00","1,650.00",Rs./Quintal,17.70,Metric Tonnes,13-01-2026
Maharashtra,Ahilyanagar,Ahilyanagar APMC,Vegetables,Tomato,Other,Local,"1,000.00","1,200.00","1,100.00",Rs./Quintal,11.90,Metric Tonnes,12-04-2026
Maharashtra,Ahilyanagar,Ahilyanagar APMC,Vegetables,Tomato,Other,Local,500.00,"1,500.00","1,000.00",Rs./Quintal,44.00,Metric Tonnes,12-02-2026
Maharashtra,Ahilyanagar,Ahilyanagar APMC,Vegetables,Tomato,Other,Local,800.00,"2,200.00","1,500.00",Rs./Quintal,25.30,Metric Tonnes,11-05-2026
Maharashtra,Ahilyanagar,Ahilyanagar APMC,Vegetables,Tomato,Other,Local,300.00,"2,000.00","1,150.00",Rs./Quintal,40.80,Metric Tonnes,10-08-2026
Maharashtra,Ahilyanagar,Ahilyanagar APMC,Vegetables,Tomato,Other,Local,500.00,"2,200.00","1,350.00",Rs./Quintal,19.70,Metric Tonnes,10-05-2026
Maharashtra,Ahilyanagar,Ahilyanagar APMC,Vegetables,Tomato,Other,Local,500.00,"1,300.00",900.00,Rs./Quintal,13.00,Metric Tonnes,10-04-2026
Maharashtra,Ahilyanagar,Ahilyanagar APMC,Vegetables,Tomato,Other,Local,500.00,"2,200.00","1,350.00",Rs./Quintal,36.60,Metric Tonnes,10-01-2026
Maharashtra,Ahilyanagar,Ahilyanagar APMC,Vegetables,Tomato,Other,Local,500.00,"2,000.00","1,250.00",Rs./Quintal,30.90,Metric Tonnes,09-08-2026
Maharashtra,Ahilyanagar,Ahilyanagar APMC,Vegetables,Tomato,Other,Local,600.00,"4,000.00","2,300.00",Rs./Quintal,29.40,Metric Tonnes,09-07-2026
Maharashtra,Ahilyanagar,Ahilyanagar APMC,Vegetables,Tomato,Other,Local,600.00,"2,800.00","1,700.00",Rs./Quintal,25.30,Metric Tonnes,09-06-2026
Maharashtra,Ahilyanagar,Ahilyanagar APMC,Vegetables,Tomato,Other,Local,500.00,"1,200.00",850.00,Rs./Quintal,15.00,Metric Tonnes,09-04-2026
Maharashtra,Ahilyanagar,Ahilyanagar APMC,Vegetables,Tomato,Other,Local,500.00,"2,200.00","1,350.00",Rs./Quintal,24.80,Metric Tonnes,09-02-2026
Maharashtra,Ahilyanagar,Ahilyanagar APMC,Vegetables,Tomato,Other,Local,500.00,"2,500.00","1,500.00",Rs./Quintal,32.90,Metric Tonnes,08-08-2026
Maharashtra,Ahilyanagar,Ahilyanagar APMC,Vegetables,Tomato,Other,Local,400.00,"1,600.00","1,000.00",Rs./Quintal,25.50,Metric Tonnes,08-03-2026
Maharashtra,Ahilyanagar,Ahilyanagar APMC,Vegetables,Tomato,Other,Local,300.00,"1,300.00",800.00,Rs./Quintal,27.20,Metric Tonnes,08-02-2026
Maharashtra,Ahilyanagar,Ahilyanagar APMC,Vegetables,Tomato,Other,Local,500.00,"2,000.00","1,250.00",Rs./Quintal,27.60,Metric Tonnes,07-11-2025
Maharashtra,Ahilyanagar,Ahilyanagar APMC,Vegetables,Tomato,Other,Local,500.00,"1,200.00",850.00,Rs./Quintal,17.60,Metric Tonnes,07-04-2026
Maharashtra,Ahilyanagar,Ahilyanagar APMC,Vegetables,Tomato,Other,Local,300.00,"1,300.00",800.00,Rs./Quintal,25.00,Metric Tonnes,07-02-2026
Maharashtra,Ahilyanagar,Ahilyanagar APMC,Vegetables,Tomato,Other,Local,500.00,"4,000.00","2,750.00",Rs./Quintal,45.10,Metric Tonnes,06-12-2025
Maharashtra,Ahilyanagar,Ahilyanagar APMC,Vegetables,Tomato,Other,Local,500.00,"3,000.00","1,750.00",Rs./Quintal,29.30,Metric Tonnes,06-07-2026
Maharashtra,Ahilyanagar,Ahilyanagar APMC,Vegetables,Tomato,Other,Local,400.00,"1,300.00",850.00,Rs./Quintal,21.60,Metric Tonnes,06-03-2026
Maharashtra,Ahilyanagar,Ahilyanagar APMC,Vegetables,Tomato,Other,Local,500.00,"3,000.00","1,750.00",Rs./Quintal,18.50,Metric Tonnes,06-01-2026
Maharashtra,Ahilyanagar,Ahilyanagar APMC,Vegetables,Tomato,Other,Local,500.00,"4,200.00","2,350.00",Rs./Quintal,20.80,Metric Tonnes,05-12-2025
Maharashtra,Ahilyanagar,Ahilyanagar APMC,Vegetables,Tomato,Other,Local,500.00,"2,600.00","1,550.00",Rs./Quintal,34.90,Metric Tonnes,05-07-2026
Maharashtra,Ahilyanagar,Ahilyanagar APMC,Vegetables,Tomato,Other,Local,800.00,"1,000.00",900.00,Rs./Quintal,16.00,Metric Tonnes,05-04-2026
Maharashtra,Ahilyanagar,Ahilyanagar APMC,Vegetables,Tomato,Other,Local,300.00,"1,400.00",850.00,Rs./Quintal,23.60,Metric Tonnes,05-03-2026
Maharashtra,Ahilyanagar,Ahilyanagar APMC,Vegetables,Tomato,Other,Local,500.00,"3,000.00","1,750.00",Rs./Quintal,29.90,Metric Tonnes,04-12-2025
Maharashtra,Ahilyanagar,Ahilyanagar APMC,Vegetables,Tomato,Other,Local,500.00,"2,500.00","1,500.00",Rs./Quintal,30.50,Metric Tonnes,04-07-2026
Maharashtra,Ahilyanagar,Ahilyanagar APMC,Vegetables,Tomato,Other,Local,400.00,"3,000.00","1,700.00",Rs./Quintal,38.00,Metric Tonnes,03-08-2026
Maharashtra,Ahilyanagar,Ahilyanagar APMC,Vegetables,Tomato,Other,Local,400.00,"2,500.00","1,450.00",Rs./Quintal,41.80,Metric Tonnes,03-07-2026
Maharashtra,Ahilyanagar,Ahilyanagar APMC,Vegetables,Tomato,Other,Local,500.00,"3,500.00","2,000.00",Rs./Quintal,11.90,Metric Tonnes,02-08-2026
Maharashtra,Ahilyanagar,Ahilyanagar APMC,Vegetables,Tomato,Other,Local,500.00,"2,000.00","1,250.00",Rs./Quintal,17.90,Metric Tonnes,02-05-2026
Maharashtra,Ahilyanagar,Ahilyanagar APMC,Vegetables,Tomato,Other,Local,400.00,"1,600.00","1,000.00",Rs./Quintal,16.90,Metric Tonnes,02-04-2026
Maharashtra,Ahilyanagar,Ahilyanagar APMC,Vegetables,Tomato,Other,Local,500.00,"2,800.00","1,650.00",Rs./Quintal,23.00,Metric Tonnes,01-12-2025
Maharashtra,Ahilyanagar,Ahilyanagar APMC,Vegetables,Tomato,Other,Local,400.00,"2,500.00","1,450.00",Rs./Quintal,24.00,Metric Tonnes,01-08-2026
Maharashtra,Ahilyanagar,Ahilyanagar APMC,Vegetables,Tomato,Other,Local,300.00,"2,000.00","1,150.00",Rs./Quintal,23.90,Metric Tonnes,01-05-2026
Maharashtra,Ahilyanagar,Ahilyanagar APMC,Vegetables,Tomato,Other,Local,400.00,"1,300.00",850.00,Rs./Quintal,23.20,Metric Tonnes,01-03-2026
Maharashtra,Ahilyanagar,Ahilyanagar APMC,Vegetables,Tomato,Other,Local,400.00,"1,300.00",850.00,Rs./Quintal,33.90,Metric Tonnes,01-02-2026
Maharashtra,Ahilyanagar,Ahilyanagar APMC,Vegetables,Tomato,Other,Local,800.00,"3,500.00","2,150.00",Rs./Quintal,38.90,Metric Tonnes,01-01-2026
Maharashtra,Ahilyanagar,Rahata APMC,Vegetables,Tomato,Other,Local,"1,000.00","2,000.00","1,500.00",Rs./Quintal,2.90,Metric Tonnes,31-07-2026
Maharashtra,Ahilyanagar,Rahata APMC,Vegetables,Tomato,Other,Local,500.00,"2,000.00","1,250.00",Rs./Quintal,7.00,Metric Tonnes,31-05-2026
Maharashtra,Ahilyanagar,Rahata APMC,Vegetables,Tomato,Other,Local,500.00,"1,500.00","1,000.00",Rs./Quintal,4.00,Metric Tonnes,31-01-2026
Maharashtra,Ahilyanagar,Rahata APMC,Vegetables,Tomato,Other,Local,500.00,"3,000.00","1,750.00",Rs./Quintal,4.90,Metric Tonnes,30-06-2026
Maharashtra,Ahilyanagar,Rahata APMC,Vegetables,Tomato,Other,Local,"1,000.00","2,500.00","1,750.00",Rs./Quintal,2.40,Metric Tonnes,30-05-2026
Maharashtra,Ahilyanagar,Rahata APMC,Vegetables,Tomato,Other,Local,500.00,"1,500.00","1,000.00",Rs./Quintal,3.50,Metric Tonnes,30-01-2026
Maharashtra,Ahilyanagar,Rahata APMC,Vegetables,Tomato,Other,Local,500.00,"2,500.00","1,500.00",Rs./Quintal,4.50,Metric Tonnes,29-11-2025
Maharashtra,Ahilyanagar,Rahata APMC,Vegetables,Tomato,Other,Local,"1,000.00","2,500.00","1,750.00",Rs./Quintal,2.00,Metric Tonnes,29-05-2026
Maharashtra,Ahilyanagar,Rahata APMC,Vegetables,Tomato,Other,Local,400.00,"1,000.00",700.00,Rs./Quintal,8.40,Metric Tonnes,29-03-2026
Maharashtra,Ahilyanagar,Rahata APMC,Vegetables,Tomato,Other,Local,500.00,"3,000.00","1,750.00",Rs./Quintal,5.20,Metric Tonnes,28-07-2026
Maharashtra,Ahilyanagar,Rahata APMC,Vegetables,Tomato,Other,Local,500.00,"2,500.00","1,500.00",Rs./Quintal,9.20,Metric Tonnes,28-06-2026
Maharashtra,Ahilyanagar,Rahata APMC,Vegetables,Tomato,Other,Local,500.00,"1,250.00",875.00,Rs./Quintal,2.90,Metric Tonnes,28-02-2026
Maharashtra,Ahilyanagar,Rahata APMC,Vegetables,Tomato,Other,Local,500.00,"1,250.00",800.00,Rs./Quintal,2.80,Metric Tonnes,28-01-2026
Maharashtra,Ahilyanagar,Rahata APMC,Vegetables,Tomato,Other,Local,"1,000.00","3,000.00","2,000.00",Rs./Quintal,7.20,Metric Tonnes,27-11-2025
Maharashtra,Ahilyanagar,Rahata APMC,Vegetables,Tomato,Other,Local,500.00,"3,000.00","1,750.00",Rs./Quintal,36.20,Metric Tonnes,27-06-2026
Maharashtra,Ahilyanagar,Rahata APMC,Vegetables,Tomato,Other,Local,500.00,"1,000.00",750.00,Rs./Quintal,4.90,Metric Tonnes,27-03-2026
Maharashtra,Ahilyanagar,Rahata APMC,Vegetables,Tomato,Other,Local,300.00,700.00,500.00,Rs./Quintal,2.00,Metric Tonnes,27-02-2026
Maharashtra,Ahilyanagar,Rahata APMC,Vegetables,Tomato,Other,Local,500.00,"1,500.00","1,000.00",Rs./Quintal,7.00,Metric Tonnes,27-01-2026
Maharashtra,Ahilyanagar,Rahata APMC,Vegetables,Tomato,Other,Local,"1,000.00","4,000.00","2,500.00",Rs./Quintal,2.50,Metric Tonnes,26-12-2025
Maharashtra,Ahilyanagar,Rahata APMC,Vegetables,Tomato,Other,Local,500.00,"4,000.00","2,250.00",Rs./Quintal,3.40,Metric Tonnes,26-07-2026
Maharashtra,Ahilyanagar,Rahata APMC,Vegetables,Tomato,Other,Local,500.00,"2,500.00","1,500.00",Rs./Quintal,1.40,Metric Tonnes,26-06-2026
Maharashtra,Ahilyanagar,Rahata APMC,Vegetables,Tomato,Other,Local,500.00,"1,250.00",900.00,Rs./Quintal,7.20,Metric Tonnes,26-04-2026
Maharashtra,Ahilyanagar,Rahata APMC,Vegetables,Tomato,Other,Local,500.00,"1,250.00",900.00,Rs./Quintal,7.60,Metric Tonnes,26-03-2026
Maharashtra,Ahilyanagar,Rahata APMC,Vegetables,Tomato,Other,Local,500.00,"1,000.00",750.00,Rs./Quintal,9.20,Metric Tonnes,26-02-2026
Maharashtra,Ahilyanagar,Rahata APMC,Vegetables,Tomato,Other,Local,"1,000.00","4,250.00","2,500.00",Rs./Quintal,4.50,Metric Tonnes,25-12-2025
Maharashtra,Ahilyanagar,Rahata APMC,Vegetables,Tomato,Other,Local,500.00,"4,500.00","2,500.00",Rs./Quintal,6.40,Metric Tonnes,25-11-2025
Maharashtra,Ahilyanagar,Rahata APMC,Vegetables,Tomato,Other,Local,"1,000.00","3,500.00","2,250.00",Rs./Quintal,8.40,Metric Tonnes,25-06-2026
Maharashtra,Ahilyanagar,Rahata APMC,Vegetables,Tomato,Other,Local,500.00,"1,000.00",750.00,Rs./Quintal,2.50,Metric Tonnes,25-04-2026
Maharashtra,Ahilyanagar,Rahata APMC,Vegetables,Tomato,Other,Local,"1,500.00","2,000.00","1,750.00",Rs./Quintal,1.90,Metric Tonnes,24-07-2026
Maharashtra,Ahilyanagar,Rahata APMC,Vegetables,Tomato,Other,Local,500.00,"3,500.00","2,000.00",Rs./Quintal,3.30,Metric Tonnes,24-06-2026
Maharashtra,Ahilyanagar,Rahata APMC,Vegetables,Tomato,Other,Local,500.00,"2,500.00","1,500.00",Rs./Quintal,6.30,Metric Tonnes,24-05-2026
Maharashtra,Ahilyanagar,Rahata APMC,Vegetables,Tomato,Other,Local,500.00,"1,000.00",750.00,Rs./Quintal,3.10,Metric Tonnes,24-04-2026
Maharashtra,Ahilyanagar,Rahata APMC,Vegetables,Tomato,Other,Local,250.00,"1,250.00",800.00,Rs./Quintal,11.30,Metric Tonnes,24-03-2026
Maharashtra,Ahilyanagar,Rahata APMC,Vegetables,Tomato,Other,Local,500.00,"2,500.00","1,500.00",Rs./Quintal,2.10,Metric Tonnes,24-01-2026
Maharashtra,Ahilyanagar,Rahata APMC,Vegetables,Tomato,Other,Local,"1,000.00","5,000.00","3,000.00",Rs./Quintal,3.80,Metric Tonnes,23-12-2025
Maharashtra,Ahilyanagar,Rahata APMC,Vegetables,Tomato,Other,Local,500.00,"2,750.00","1,625.00",Rs./Quintal,3.50,Metric Tonnes,23-07-2026
Maharashtra,Ahilyanagar,Rahata APMC,Vegetables,Tomato,Other,Local,500.00,"4,000.00","2,250.00",Rs./Quintal,4.10,Metric Tonnes,23-06-2026
Maharashtra,Ahilyanagar,Rahata APMC,Vegetables,Tomato,Other,Local,"1,200.00","2,250.00","1,725.00",Rs./Quintal,2.10,Metric Tonnes,23-05-2026
Maharashtra,Ahilyanagar,Rahata APMC,Vegetables,Tomato,Other,Local,500.00,"1,500.00","1,000.00",Rs./Quintal,1.70,Metric Tonnes,23-01-2026
Maharashtra,Ahilyanagar,Rahata APMC,Vegetables,Tomato,Other,Local,"1,000.00","4,000.00","2,500.00",Rs./Quintal,2.80,Metric Tonnes,22-11-2025
Maharashtra,Ahilyanagar,Rahata APMC,Vegetables,Tomato,Other,Local,500.00,"2,250.00","1,375.00",Rs./Quintal,2.20,Metric Tonnes,22-07-2026
Maharashtra,Ahilyanagar,Rahata APMC,Vegetables,Tomato,Other,Local,500.00,"2,000.00","1,250.00",Rs./Quintal,2.80,Metric Tonnes,22-05-2026
Maharashtra,Ahilyanagar,Rahata APMC,Vegetables,Tomato,Other,Local,300.00,"1,250.00",800.00,Rs./Quintal,7.00,Metric Tonnes,22-03-2026
Maharashtra,Ahilyanagar,Rahata APMC,Vegetables,Tomato,Other,Local,300.00,"1,000.00",600.00,Rs./Quintal,7.20,Metric Tonnes,22-02-2026
Maharashtra,Ahilyanagar,Rahata APMC,Vegetables,Tomato,Other,Local,500.00,"2,250.00","1,375.00",Rs./Quintal,5.70,Metric Tonnes,22-01-2026
Maharashtra,Ahilyanagar,Rahata APMC,Vegetables,Tomato,Other,Local,"1,000.00","4,000.00","2,500.00",Rs./Quintal,2.30,Metric Tonnes,21-11-2025
Maharashtra,Ahilyanagar,Rahata APMC,Vegetables,Tomato,Other,Local,500.00,"1,000.00",750.00,Rs./Quintal,3.20,Metric Tonnes,21-08-2026
Maharashtra,Ahilyanagar,Rahata APMC,Vegetables,Tomato,Other,Local,500.00,"2,750.00","1,625.00",Rs./Quintal,4.30,Metric Tonnes,21-07-2026
Maharashtra,Ahilyanagar,Rahata APMC,Vegetables,Tomato,Other,Local,500.00,"4,000.00","2,250.00",Rs./Quintal,5.30,Metric Tonnes,21-06-2026
Maharashtra,Ahilyanagar,Rahata APMC,Vegetables,Tomato,Other,Local,500.00,"3,000.00","1,800.00",Rs./Quintal,9.30,Metric Tonnes,21-05-2026
Maharashtra,Ahilyanagar,Rahata APMC,Vegetables,Tomato,Other,Local,250.00,"1,000.00",650.00,Rs./Quintal,1.80,Metric Tonnes,21-02-2026
Maharashtra,Ahilyanagar,Rahata APMC,Vegetables,Tomato,Other,Local,500.00,"1,500.00","1,000.00",Rs./Quintal,0.90,Metric Tonnes,21-01-2026
Maharashtra,Ahilyanagar,Rahata APMC,Vegetables,Tomato,Other,Local,500.00,"3,500.00","2,000.00",Rs./Quintal,5.20,Metric Tonnes,20-11-2025
Maharashtra,Ahilyanagar,Rahata APMC,Vegetables,Tomato,Other,Local,500.00,"1,250.00",870.00,Rs./Quintal,9.70,Metric Tonnes,20-08-2026
Maharashtra,Ahilyanagar,Rahata APMC,Vegetables,Tomato,Other,Local,"1,000.00","3,500.00","2,250.00",Rs./Quintal,3.70,Metric Tonnes,20-06-2026
Maharashtra,Ahilyanagar,Rahata APMC,Vegetables,Tomato,Other,Local,500.00,750.00,625.00,Rs./Quintal,3.40,Metric Tonnes,20-02-2026
Maharashtra,Ahilyanagar,Rahata APMC,Vegetables,Tomato,Other,Local,500.00,"2,000.00","1,250.00",Rs./Quintal,7.10,Metric Tonnes,20-01-2026
Maharashtra,Ahilyanagar,Rahata APMC,Vegetables,Tomato,Other,Local,"1,000.00","3,600.00","2,300.00",Rs./Quintal,1.40,Metric Tonnes,19-11-2025
Maharashtra,Ahilyanagar,Rahata APMC,Vegetables,Tomato,Other,Local,500.00,"1,500.00","1,000.00",Rs./Quintal,4.50,Metric Tonnes,19-08-2026
Maharashtra,Ahilyanagar,Rahata APMC,Vegetables,Tomato,Other,Local,500.00,"2,500.00","1,500.00",Rs./Quintal,4.40,Metric Tonnes,19-07-2026
Maharashtra,Ahilyanagar,Rahata APMC,Vegetables,Tomato,Other,Local,"1,000.00","3,000.00","2,000.00",Rs./Quintal,2.10,Metric Tonnes,19-06-2026
Maharashtra,Ahilyanagar,Rahata APMC,Vegetables,Tomato,Other,Local,300.00,"1,500.00",900.00,Rs./Quintal,8.30,Metric Tonnes,19-04-2026
Maharashtra,Ahilyanagar,Rahata APMC,Vegetables,Tomato,Other,Local,300.00,"1,500.00",900.00,Rs./Quintal,8.30,Metric Tonnes,19-03-2026
Maharashtra,Ahilyanagar,Rahata APMC,Vegetables,Tomato,Other,Local,250.00,"1,000.00",650.00,Rs./Quintal,9.40,Metric Tonnes,19-02-2026
Maharashtra,Ahilyanagar,Rahata APMC,Vegetables,Tomato,Other,Local,"1,000.00","6,000.00","3,500.00",Rs./Quintal,2.70,Metric Tonnes,18-12-2025
Maharashtra,Ahilyanagar,Rahata APMC,Vegetables,Tomato,Other,Local,500.00,"3,700.00","1,500.00",Rs./Quintal,5.10,Metric Tonnes,18-11-2025
Maharashtra,Ahilyanagar,Rahata APMC,Vegetables,Tomato,Other,Local,500.00,"2,000.00","1,250.00",Rs./Quintal,8.00,Metric Tonnes,18-08-2026
Maharashtra,Ahilyanagar,Rahata APMC,Vegetables,Tomato,Other,Local,500.00,"3,750.00","2,125.00",Rs./Quintal,7.10,Metric Tonnes,18-06-2026
Maharashtra,Ahilyanagar,Rahata APMC,Vegetables,Tomato,Other,Local,500.00,"1,500.00","1,000.00",Rs./Quintal,1.20,Metric Tonnes,18-02-2026
Maharashtra,Ahilyanagar,Rahata APMC,Vegetables,Tomato,Other,Local,"2,000.00","4,000.00","3,000.00",Rs./Quintal,0.90,Metric Tonnes,17-12-2025
Maharashtra,Ahilyanagar,Rahata APMC,Vegetables,Tomato,Other,Local,"1,500.00","2,500.00","2,000.00",Rs./Quintal,2.20,Metric Tonnes,17-07-2026
Maharashtra,Ahilyanagar,Rahata APMC,Vegetables,Tomato,Other,Local,500.00,"3,250.00","1,800.00",Rs./Quintal,3.40,Metric Tonnes,17-06-2026
Maharashtra,Ahilyanagar,Rahata APMC,Vegetables,Tomato,Other,Local,500.00,"2,500.00","1,500.00",Rs./Quintal,6.30,Metric Tonnes,17-05-2026
Maharashtra,Ahilyanagar,Rahata APMC,Vegetables,Tomato,Other,Local,500.00,"1,250.00",875.00,Rs./Quintal,2.40,Metric Tonnes,17-04-2026
Maharashtra,Ahilyanagar,Rahata APMC,Vegetables,Tomato,Other,Local,250.00,"1,500.00",850.00,Rs./Quintal,7.50,Metric Tonnes,17-03-2026
Maharashtra,Ahilyanagar,Rahata APMC,Vegetables,Tomato,Other,Local,500.00,"1,500.00","1,000.00",Rs./Quintal,5.10,Metric Tonnes,17-02-2026
Maharashtra,Ahilyanagar,Rahata APMC,Vegetables,Tomato,Other,Local,"1,000.00","2,500.00","1,750.00",Rs./Quintal,3.30,Metric Tonnes,17-01-2026
Maharashtra,Ahilyanagar,Rahata APMC,Vegetables,Tomato,Other,Local,750.00,"3,500.00","2,000.00",Rs./Quintal,3.50,Metric Tonnes,16-12-2025
Maharashtra,Ahilyanagar,Rahata APMC,Vegetables,Tomato,Other,Local,500.00,"2,000.00","1,250.00",Rs./Quintal,7.00,Metric Tonnes,16-08-2026
Maharashtra,Ahilyanagar,Rahata APMC,Vegetables,Tomato,Other,Local,"1,000.00","3,500.00","2,250.00",Rs./Quintal,4.70,Metric Tonnes,16-07-2026
Maharashtra,Ahilyanagar,Rahata APMC,Vegetables,Tomato,Other,Local,500.00,"2,500.00","1,500.00",Rs./Quintal,1.80,Metric Tonnes,16-05-2026
Maharashtra,Ahilyanagar,Rahata APMC,Vegetables,Tomato,Other,Local,300.00,"1,250.00",800.00,Rs./Quintal,6.70,Metric Tonnes,16-04-2026
Maharashtra,Ahilyanagar,Rahata APMC,Vegetables,Tomato,Other,Local,"1,000.00","2,600.00","1,800.00",Rs./Quintal,3.10,Metric Tonnes,16-01-2026
Maharashtra,Ahilyanagar,Rahata APMC,Vegetables,Tomato,Other,Local,"1,250.00","4,000.00","2,625.00",Rs./Quintal,1.50,Metric Tonnes,15-11-2025
Maharashtra,Ahilyanagar,Rahata APMC,Vegetables,Tomato,Other,Local,500.00,"1,500.00",750.00,Rs./Quintal,3.90,Metric Tonnes,15-08-2026
Maharashtra,Ahilyanagar,Rahata APMC,Vegetables,Tomato,Other,Local,"1,000.00","2,500.00","1,750.00",Rs./Quintal,1.50,Metric Tonnes,15-07-2026
Maharashtra,Ahilyanagar,Rahata APMC,Vegetables,Tomato,Other,Local,500.00,"2,000.00","1,250.00",Rs./Quintal,1.80,Metric Tonnes,15-05-2026
Maharashtra,Ahilyanagar,Rahata APMC,Vegetables,Tomato,Other,Local,250.00,"1,500.00",900.00,Rs./Quintal,9.00,Metric Tonnes,15-03-2026
Maharashtra,Ahilyanagar,Rahata APMC,Vegetables,Tomato,Other,Local,400.00,"1,000.00",700.00,Rs./Quintal,9.10,Metric Tonnes,15-02-2026
Maharashtra,Ahilyanagar,Rahata APMC,Vegetables,Tomato,Other,Local,500.00,"3,000.00","1,750.00",Rs./Quintal,5.70,Metric Tonnes,15-01-2026
Maharashtra,Ahilyanagar,Rahata APMC,Vegetables,Tomato,Other,Local,500.00,"4,000.00","2,200.00",Rs./Quintal,0.90,Metric Tonnes,14-11-2025
Maharashtra,Ahilyanagar,Rahata APMC,Vegetables,Tomato,Other,Local,500.00,"2,000.00","1,250.00",Rs./Quintal,1.00,Metric Tonnes,14-08-2026
Maharashtra,Ahilyanagar,Rahata APMC,Vegetables,Tomato,Other,Local,500.00,"2,500.00","1,500.00",Rs./Quintal,8.00,Metric Tonnes,14-07-2026
Maharashtra,Ahilyanagar,Rahata APMC,Vegetables,Tomato,Other,Local,500.00,"3,500.00","2,000.00",Rs./Quintal,7.00,Metric Tonnes,14-06-2026
Maharashtra,Ahilyanagar,Rahata APMC,Vegetables,Tomato,Other,Local,500.00,"2,000.00","1,250.00",Rs./Quintal,7.50,Metric Tonnes,14-05-2026
Maharashtra,Ahilyanagar,Rahata APMC,Vegetables,Tomato,Other,Local,250.00,"1,000.00",600.00,Rs./Quintal,8.50,Metric Tonnes,14-04-2026
Maharashtra,Ahilyanagar,Rahata APMC,Vegetables,Tomato,Other,Local,500.00,"1,250.00",875.00,Rs./Quintal,2.50,Metric Tonnes,14-03-2026
Maharashtra,Ahilyanagar,Rahata APMC,Vegetables,Tomato,Other,Local,500.00,"1,000.00",750.00,Rs./Quintal,3.60,Metric Tonnes,14-02-2026
Maharashtra,Ahilyanagar,Rahata APMC,Vegetables,Tomato,Other,Local,"1,000.00","2,750.00","1,875.00",Rs./Quintal,1.30,Metric Tonnes,14-01-2026
Maharashtra,Ahilyanagar,Rahata APMC,Vegetables,Tomato,Other,Local,500.00,"4,200.00","2,300.00",Rs./Quintal,2.90,Metric Tonnes,13-12-2025
Maharashtra,Ahilyanagar,Rahata APMC,Vegetables,Tomato,Other,Local,500.00,"3,000.00","1,750.00",Rs./Quintal,4.30,Metric Tonnes,13-11-2025
Maharashtra,Ahilyanagar,Rahata APMC,Vegetables,Tomato,Other,Local,500.00,"1,500.00","1,000.00",Rs./Quintal,5.20,Metric Tonnes,13-08-2026
Maharashtra,Ahilyanagar,Rahata APMC,Vegetables,Tomato,Other,Local,"1,000.00","2,000.00","1,500.00",Rs./Quintal,3.00,Metric Tonnes,13-05-2026
Maharashtra,Ahilyanagar,Rahata APMC,Vegetables,Tomato,Other,Local,500.00,"1,250.00",875.00,Rs./Quintal,2.10,Metric Tonnes,13-03-2026
Maharashtra,Ahilyanagar,Rahata APMC,Vegetables,Tomato,Other,Local,350.00,"1,000.00",675.00,Rs./Quintal,1.70,Metric Tonnes,13-02-2026
Maharashtra,Ahilyanagar,Rahata APMC,Vegetables,Tomato,Other,Local,500.00,"3,000.00","1,750.00",Rs./Quintal,5.00,Metric Tonnes,13-01-2026
Maharashtra,Ahilyanagar,Rahata APMC,Vegetables,Tomato,Other,Local,"2,000.00","4,500.00","3,200.00",Rs./Quintal,1.00,Metric Tonnes,12-12-2025
Maharashtra,Ahilyanagar,Rahata APMC,Vegetables,Tomato,Other,Local,"1,500.00","2,700.00","2,000.00",Rs./Quintal,1.20,Metric Tonnes,12-11-2025
Maharashtra,Ahilyanagar,Rahata APMC,Vegetables,Tomato,Other,Local,"1,000.00","1,500.00","1,250.00",Rs./Quintal,0.90,Metric Tonnes,12-08-2026
Maharashtra,Ahilyanagar,Rahata APMC,Vegetables,Tomato,Other,Local,500.00,"3,100.00","1,800.00",Rs./Quintal,5.60,Metric Tonnes,12-07-2026
Maharashtra,Ahilyanagar,Rahata APMC,Vegetables,Tomato,Other,Local,"1,000.00","3,750.00","2,375.00",Rs./Quintal,2.40,Metric Tonnes,12-06-2026
Maharashtra,Ahilyanagar,Rahata APMC,Vegetables,Tomato,Other,Local,500.00,"2,000.00","1,250.00",Rs./Quintal,6.00,Metric Tonnes,12-05-2026
Maharashtra,Ahilyanagar,Rahata APMC,Vegetables,Tomato,Other,Local,500.00,"1,000.00",800.00,Rs./Quintal,4.70,Metric Tonnes,12-04-2026
Maharashtra,Ahilyanagar,Rahata APMC,Vegetables,Tomato,Other,Local,500.00,"1,500.00","1,000.00",Rs./Quintal,6.20,Metric Tonnes,12-03-2026
Maharashtra,Ahilyanagar,Rahata APMC,Vegetables,Tomato,Other,Local,500.00,"1,000.00",750.00,Rs./Quintal,6.30,Metric Tonnes,12-02-2026
Maharashtra,Ahilyanagar,Rahata APMC,Vegetables,Tomato,Other,Local,500.00,"4,000.00","2,200.00",Rs./Quintal,3.00,Metric Tonnes,11-12-2025
Maharashtra,Ahilyanagar,Rahata APMC,Vegetables,Tomato,Other,Local,500.00,"3,000.00","1,700.00",Rs./Quintal,3.90,Metric Tonnes,11-11-2025
Maharashtra,Ahilyanagar,Rahata APMC,Vegetables,Tomato,Other,Local,500.00,"1,500.00","1,000.00",Rs./Quintal,8.60,Metric Tonnes,11-08-2026
Maharashtra,Ahilyanagar,Rahata APMC,Vegetables,Tomato,Other,Local,500.00,"3,250.00","1,875.00",Rs./Quintal,6.00,Metric Tonnes,11-06-2026
Maharashtra,Ahilyanagar,Rahata APMC,Vegetables,Tomato,Other,Local,500.00,"1,000.00",750.00,Rs./Quintal,4.30,Metric Tonnes,11-04-2026
Maharashtra,Ahilyanagar,Rahata APMC,Vegetables,Tomato,Other,Local,500.00,"1,000.00",800.00,Rs./Quintal,0.30,Metric Tonnes,11-02-2026
Maharashtra,Ahilyanagar,Rahata APMC,Vegetables,Tomato,Other,Local,"1,000.00","2,000.00","1,500.00",Rs./Quintal,1.70,Metric Tonnes,10-12-2025
Maharashtra,Ahilyanagar,Rahata APMC,Vegetables,Tomato,Other,Local,500.00,"4,000.00","2,250.00",Rs./Quintal,2.20,Metric Tonnes,10-07-2026
Maharashtra,Ahilyanagar,Rahata APMC,Vegetables,Tomato,Other,Local,500.00,"2,250.00","1,400.00",Rs./Quintal,4.20,Metric Tonnes,10-05-2026
Maharashtra,Ahilyanagar,Rahata APMC,Vegetables,Tomato,Other,Local,500.00,"1,000.00",750.00,Rs./Quintal,1.90,Metric Tonnes,10-04-2026
Maharashtra,Ahilyanagar,Rahata APMC,Vegetables,Tomato,Other,Local,250.00,"1,500.00",875.00,Rs./Quintal,8.80,Metric Tonnes,10-02-2026
Maharashtra,Ahilyanagar,Rahata APMC,Vegetables,Tomato,Other,Local,500.00,"2,500.00","1,500.00",Rs./Quintal,6.40,Metric Tonnes,09-12-2025
Maharashtra,Ahilyanagar,Rahata APMC,Vegetables,Tomato,Other,Local,500.00,"1,500.00","1,000.00",Rs./Quintal,9.20,Metric Tonnes,09-08-2026
Maharashtra,Ahilyanagar,Rahata APMC,Vegetables,Tomato,Other,Local,"1,000.00","3,500.00","2,250.00",Rs./Quintal,4.30,Metric Tonnes,09-07-2026
Maharashtra,Ahilyanagar,Rahata APMC,Vegetables,Tomato,Other,Local,500.00,"2,000.00","1,250.00",Rs./Quintal,2.30,Metric Tonnes,09-05-2026
Maharashtra,Ahilyanagar,Rahata APMC,Vegetables,Tomato,Other,Local,250.00,"1,050.00",650.00,Rs./Quintal,8.00,Metric Tonnes,09-04-2026
Maharashtra,Ahilyanagar,Rahata APMC,Vegetables,Tomato,Other,Local,"1,000.00","3,200.00","2,100.00",Rs./Quintal,0.50,Metric Tonnes,09-01-2026
Maharashtra,Ahilyanagar,Rahata APMC,Vegetables,Tomato,Other,Local,500.00,"2,500.00","1,500.00",Rs./Quintal,1.80,Metric Tonnes,08-11-2025
Maharashtra,Ahilyanagar,Rahata APMC,Vegetables,Tomato,Other,Local,500.00,"1,750.00","1,150.00",Rs./Quintal,2.70,Metric Tonnes,08-08-2026
Maharashtra,Ahilyanagar,Rahata APMC,Vegetables,Tomato,Other,Local,700.00,"3,250.00","1,975.00",Rs./Quintal,1.70,Metric Tonnes,08-07-2026
Maharashtra,Ahilyanagar,Rahata APMC,Vegetables,Tomato,Other,Local,500.00,"1,500.00","1,000.00",Rs./Quintal,1.10,Metric Tonnes,08-05-2026
Maharashtra,Ahilyanagar,Rahata APMC,Vegetables,Tomato,Other,Local,500.00,600.00,550.00,Rs./Quintal,1.20,Metric Tonnes,08-04-2026
Maharashtra,Ahilyanagar,Rahata APMC,Vegetables,Tomato,Other,Local,500.00,"1,250.00",800.00,Rs./Quintal,5.80,Metric Tonnes,08-03-2026
Maharashtra,Ahilyanagar,Rahata APMC,Vegetables,Tomato,Other,Local,250.00,"1,000.00",700.00,Rs./Quintal,10.90,Metric Tonnes,08-02-2026
Maharashtra,Ahilyanagar,Rahata APMC,Vegetables,Tomato,Other,Local,500.00,"1,500.00","1,000.00",Rs./Quintal,4.50,Metric Tonnes,07-11-2025
Maharashtra,Ahilyanagar,Rahata APMC,Vegetables,Tomato,Other,Local,500.00,"2,500.00","1,500.00",Rs./Quintal,1.80,Metric Tonnes,07-08-2026
Maharashtra,Ahilyanagar,Rahata APMC,Vegetables,Tomato,Other,Local,500.00,"3,000.00","1,750.00",Rs./Quintal,4.40,Metric Tonnes,07-07-2026
Maharashtra,Ahilyanagar,Rahata APMC,Vegetables,Tomato,Other,Local,"1,000.00","3,000.00","2,000.00",Rs./Quintal,5.60,Metric Tonnes,07-06-2026
Maharashtra,Ahilyanagar,Rahata APMC,Vegetables,Tomato,Other,Local,350.00,"1,500.00",900.00,Rs./Quintal,7.30,Metric Tonnes,07-05-2026
Maharashtra,Ahilyanagar,Rahata APMC,Vegetables,Tomato,Other,Local,"1,000.00","2,500.00","1,500.00",Rs./Quintal,1.30,Metric Tonnes,07-01-2026
Maharashtra,Ahilyanagar,Rahata APMC,Vegetables,Tomato,Other,Local,750.00,"3,200.00","2,000.00",Rs./Quintal,3.30,Metric Tonnes,06-12-2025
Maharashtra,Ahilyanagar,Rahata APMC,Vegetables,Tomato,Other,Local,500.00,"2,500.00","1,500.00",Rs./Quintal,7.10,Metric Tonnes,06-08-2026
Maharashtra,Ahilyanagar,Rahata APMC,Vegetables,Tomato,Other,Local,"1,000.00","3,000.00","2,000.00",Rs./Quintal,3.00,Metric Tonnes,06-06-2026
Maharashtra,Ahilyanagar,Rahata APMC,Vegetables,Tomato,Other,Local,375.00,750.00,550.00,Rs./Quintal,2.00,Metric Tonnes,06-03-2026
Maharashtra,Ahilyanagar,Rahata APMC,Vegetables,Tomato,Other,Local,300.00,"1,000.00",650.00,Rs./Quintal,4.60,Metric Tonnes,06-02-2026
Maharashtra,Ahilyanagar,Rahata APMC,Vegetables,Tomato,Other,Local,"1,000.00","3,000.00","2,000.00",Rs./Quintal,8.30,Metric Tonnes,06-01-2026
Maharashtra,Ahilyanagar,Rahata APMC,Vegetables,Tomato,Other,Local,"1,000.00","3,200.00","2,100.00",Rs./Quintal,2.30,Metric Tonnes,05-12-2025
Maharashtra,Ahilyanagar,Rahata APMC,Vegetables,Tomato,Other,Local,500.00,"2,000.00","1,250.00",Rs./Quintal,312.00,Metric Tonnes,05-08-2026
Maharashtra,Ahilyanagar,Rahata APMC,Vegetables,Tomato,Other,Local,500.00,"3,750.00","2,125.00",Rs./Quintal,8.30,Metric Tonnes,05-07-2026
Maharashtra,Ahilyanagar,Rahata APMC,Vegetables,Tomato,Other,Local,"1,000.00","3,000.00","2,000.00",Rs./Quintal,2.80,Metric Tonnes,05-06-2026
Maharashtra,Ahilyanagar,Rahata APMC,Vegetables,Tomato,Other,Local,250.00,"1,250.00",800.00,Rs./Quintal,7.10,Metric Tonnes,05-04-2026
Maharashtra,Ahilyanagar,Rahata APMC,Vegetables,Tomato,Other,Local,250.00,"1,500.00",800.00,Rs./Quintal,8.30,Metric Tonnes,05-02-2026
Maharashtra,Ahilyanagar,Rahata APMC,Vegetables,Tomato,Other,Local,"1,000.00","3,500.00","2,250.00",Rs./Quintal,6.60,Metric Tonnes,04-12-2025
Maharashtra,Ahilyanagar,Rahata APMC,Vegetables,Tomato,Other,Local,500.00,"2,500.00","1,500.00",Rs./Quintal,8.30,Metric Tonnes,04-08-2026
Maharashtra,Ahilyanagar,Rahata APMC,Vegetables,Tomato,Other,Local,500.00,"3,000.00","1,750.00",Rs./Quintal,27.00,Metric Tonnes,04-07-2026
Maharashtra,Ahilyanagar,Rahata APMC,Vegetables,Tomato,Other,Local,"1,000.00","3,250.00","2,125.00",Rs./Quintal,5.90,Metric Tonnes,04-06-2026
Maharashtra,Ahilyanagar,Rahata APMC,Vegetables,Tomato,Other,Local,500.00,"1,000.00",750.00,Rs./Quintal,3.90,Metric Tonnes,04-04-2026
Maharashtra,Ahilyanagar,Rahata APMC,Vegetables,Tomato,Other,Local,500.00,"1,000.00",750.00,Rs./Quintal,3.60,Metric Tonnes,04-03-2026
Maharashtra,Ahilyanagar,Rahata APMC,Vegetables,Tomato,Other,Local,500.00,"1,000.00",800.00,Rs./Quintal,4.30,Metric Tonnes,04-02-2026
Maharashtra,Ahilyanagar,Rahata APMC,Vegetables,Tomato,Other,Local,"1,000.00","3,000.00","2,000.00",Rs./Quintal,1.60,Metric Tonnes,03-12-2025
Maharashtra,Ahilyanagar,Rahata APMC,Vegetables,Tomato,Other,Local,"1,000.00","1,500.00","1,250.00",Rs./Quintal,20.00,Metric Tonnes,03-07-2026
Maharashtra,Ahilyanagar,Rahata APMC,Vegetables,Tomato,Other,Local,300.00,"2,000.00","1,200.00",Rs./Quintal,7.60,Metric Tonnes,03-05-2026
Maharashtra,Ahilyanagar,Rahata APMC,Vegetables,Tomato,Other,Local,500.00,700.00,600.00,Rs./Quintal,0.70,Metric Tonnes,03-04-2026
Maharashtra,Ahilyanagar,Rahata APMC,Vegetables,Tomato,Other,Local,500.00,"1,500.00","1,000.00",Rs./Quintal,5.00,Metric Tonnes,03-02-2026
Maharashtra,Ahilyanagar,Rahata APMC,Vegetables,Tomato,Other,Local,"1,000.00","3,000.00","2,000.00",Rs./Quintal,3.70,Metric Tonnes,02-12-2025
Maharashtra,Ahilyanagar,Rahata APMC,Vegetables,Tomato,Other,Local,500.00,"2,500.00","1,500.00",Rs./Quintal,7.00,Metric Tonnes,02-08-2026
Maharashtra,Ahilyanagar,Rahata APMC,Vegetables,Tomato,Other,Local,"1,000.00","3,500.00","2,250.00",Rs./Quintal,3.60,Metric Tonnes,02-07-2026
Maharashtra,Ahilyanagar,Rahata APMC,Vegetables,Tomato,Other,Local,250.00,"1,000.00",600.00,Rs./Quintal,7.00,Metric Tonnes,02-04-2026
Maharashtra,Ahilyanagar,Rahata APMC,Vegetables,Tomato,Other,Local,"1,000.00","3,000.00","2,000.00",Rs./Quintal,1.20,Metric Tonnes,01-08-2026
Maharashtra,Ahilyanagar,Rahata APMC,Vegetables,Tomato,Other,Local,"1,000.00","2,000.00","1,500.00",Rs./Quintal,2.80,Metric Tonnes,01-07-2026
Maharashtra,Ahilyanagar,Rahata APMC,Vegetables,Tomato,Other,Local,500.00,"2,250.00","1,400.00",Rs./Quintal,2.50,Metric Tonnes,01-05-2026
Maharashtra,Ahilyanagar,Rahata APMC,Vegetables,Tomato,Other,Local,250.00,"1,000.00",650.00,Rs./Quintal,5.40,Metric Tonnes,01-04-2026
Maharashtra,Ahilyanagar,Rahata APMC,Vegetables,Tomato,Other,Local,500.00,"1,250.00",800.00,Rs./Quintal,8.30,Metric Tonnes,01-03-2026
Maharashtra,Ahilyanagar,Rahata APMC,Vegetables,Tomato,Other,Local,250.00,"1,500.00",900.00,Rs./Quintal,7.90,Metric Tonnes,01-02-2026
Maharashtra,Ahilyanagar,Rahuri APMC,Vegetables,Tomato,Other,Local,500.00,"2,000.00","1,250.00",Rs./Quintal,0.70,Metric Tonnes,31-12-2025
Maharashtra,Ahilyanagar,Rahuri APMC,Vegetables,Tomato,Other,Local,"1,500.00","2,000.00","1,750.00",Rs./Quintal,1.10,Metric Tonnes,31-07-2026
Maharashtra,Ahilyanagar,Rahuri APMC,Vegetables,Tomato,Other,Local,500.00,"2,500.00","1,500.00",Rs./Quintal,3.70,Metric Tonnes,31-05-2026
Maharashtra,Ahilyanagar,Rahuri APMC,Vegetables,Tomato,Other,Local,500.00,"1,300.00",900.00,Rs./Quintal,5.50,Metric Tonnes,31-03-2026
Maharashtra,Ahilyanagar,Rahuri APMC,Vegetables,Tomato,Other,Local,"1,000.00","3,000.00","2,000.00",Rs./Quintal,5.10,Metric Tonnes,31-01-2026
Maharashtra,Ahilyanagar,Rahuri APMC,Vegetables,Tomato,Other,Local,"1,000.00","2,000.00","1,500.00",Rs./Quintal,0.70,Metric Tonnes,30-12-2025
Maharashtra,Ahilyanagar,Rahuri APMC,Vegetables,Tomato,Other,Local,500.00,"1,500.00","1,000.00",Rs./Quintal,1.10,Metric Tonnes,30-11-2025
Maharashtra,Ahilyanagar,Rahuri APMC,Vegetables,Tomato,Other,Local,"1,000.00","3,000.00","2,000.00",Rs./Quintal,4.50,Metric Tonnes,30-07-2026
Maharashtra,Ahilyanagar,Rahuri APMC,Vegetables,Tomato,Other,Local,500.00,"1,500.00","1,000.00",Rs./Quintal,0.70,Metric Tonnes,30-06-2026
Maharashtra,Ahilyanagar,Rahuri APMC,Vegetables,Tomato,Other,Local,"1,000.00","2,500.00","1,750.00",Rs./Quintal,5.90,Metric Tonnes,30-05-2026
Maharashtra,Ahilyanagar,Rahuri APMC,Vegetables,Tomato,Other,Local,500.00,"1,500.00","1,000.00",Rs./Quintal,1.60,Metric Tonnes,30-04-2026
Maharashtra,Ahilyanagar,Rahuri APMC,Vegetables,Tomato,Other,Local,"1,000.00","2,000.00","1,500.00",Rs./Quintal,5.50,Metric Tonnes,30-03-2026
Maharashtra,Ahilyanagar,Rahuri APMC,Vegetables,Tomato,Other,Local,500.00,"1,500.00","1,000.00",Rs./Quintal,0.70,Metric Tonnes,29-12-2025
Maharashtra,Ahilyanagar,Rahuri APMC,Vegetables,Tomato,Other,Local,"1,500.00","2,500.00","2,000.00",Rs./Quintal,4.70,Metric Tonnes,29-11-2025
Maharashtra,Ahilyanagar,Rahuri APMC,Vegetables,Tomato,Other,Local,"1,500.00","2,000.00","1,750.00",Rs./Quintal,1.40,Metric Tonnes,29-07-2026
Maharashtra,Ahilyanagar,Rahuri APMC,Vegetables,Tomato,Other,Local,500.00,"1,000.00",750.00,Rs./Quintal,0.90,Metric Tonnes,29-06-2026
Maharashtra,Ahilyanagar,Rahuri APMC,Vegetables,Tomato,Other,Local,500.00,"1,500.00","1,000.00",Rs./Quintal,1.50,Metric Tonnes,29-05-2026
Maharashtra,Ahilyanagar,Rahuri APMC,Vegetables,Tomato,Other,Local,500.00,"2,000.00","1,250.00",Rs./Quintal,5.90,Metric Tonnes,29-03-2026
Maharashtra,Ahilyanagar,Rahuri APMC,Vegetables,Tomato,Other,Local,500.00,"1,500.00","1,000.00",Rs./Quintal,0.70,Metric Tonnes,29-01-2026
Maharashtra,Ahilyanagar,Rahuri APMC,Vegetables,Tomato,Other,Local,500.00,"1,500.00","1,000.00",Rs./Quintal,0.70,Metric Tonnes,28-12-2025
Maharashtra,Ahilyanagar,Rahuri APMC,Vegetables,Tomato,Other,Local,"1,000.00","4,000.00","2,500.00",Rs./Quintal,7.60,Metric Tonnes,28-07-2026
Maharashtra,Ahilyanagar,Rahuri APMC,Vegetables,Tomato,Other,Local,800.00,"2,300.00","1,550.00",Rs./Quintal,8.10,Metric Tonnes,28-05-2026
Maharashtra,Ahilyanagar,Rahuri APMC,Vegetables,Tomato,Other,Local,500.00,"1,000.00",750.00,Rs./Quintal,5.30,Metric Tonnes,28-04-2026
Maharashtra,Ahilyanagar,Rahuri APMC,Vegetables,Tomato,Other,Local,400.00,"1,500.00",950.00,Rs./Quintal,3.10,Metric Tonnes,28-03-2026
Maharashtra,Ahilyanagar,Rahuri APMC,Vegetables,Tomato,Other,Local,"1,000.00","2,000.00","1,500.00",Rs./Quintal,4.00,Metric Tonnes,28-02-2026
Maharashtra,Ahilyanagar,Rahuri APMC,Vegetables,Tomato,Other,Local,"1,000.00","2,500.00","1,750.00",Rs./Quintal,2.10,Metric Tonnes,28-01-2026
Maharashtra,Ahilyanagar,Rahuri APMC,Vegetables,Tomato,Other,Local,500.00,"1,500.00","1,000.00",Rs./Quintal,1.00,Metric Tonnes,27-12-2025
Maharashtra,Ahilyanagar,Rahuri APMC,Vegetables,Tomato,Other,Local,500.00,"1,500.00","1,000.00",Rs./Quintal,0.40,Metric Tonnes,27-11-2025
Maharashtra,Ahilyanagar,Rahuri APMC,Vegetables,Tomato,Other,Local,"1,000.00","2,000.00","1,500.00",Rs./Quintal,1.00,Metric Tonnes,27-07-2026
Maharashtra,Ahilyanagar,Rahuri APMC,Vegetables,Tomato,Other,Local,400.00,"1,500.00",950.00,Rs./Quintal,4.50,Metric Tonnes,27-04-2026
Maharashtra,Ahilyanagar,Rahuri APMC,Vegetables,Tomato,Other,Local,500.00,"1,500.00","1,000.00",Rs./Quintal,0.70,Metric Tonnes,27-03-2026
Maharashtra,Ahilyanagar,Rahuri APMC,Vegetables,Tomato,Other,Local,500.00,"1,500.00","1,000.00",Rs./Quintal,0.90,Metric Tonnes,27-02-2026
Maharashtra,Ahilyanagar,Rahuri APMC,Vegetables,Tomato,Other,Local,"1,000.00","3,200.00","2,100.00",Rs./Quintal,5.90,Metric Tonnes,27-01-2026
Maharashtra,Ahilyanagar,Rahuri APMC,Vegetables,Tomato,Other,Local,500.00,"1,500.00","1,000.00",Rs./Quintal,0.70,Metric Tonnes,26-11-2025
Maharashtra,Ahilyanagar,Rahuri APMC,Vegetables,Tomato,Other,Local,"1,000.00","2,200.00","1,600.00",Rs./Quintal,7.70,Metric Tonnes,26-07-2026
Maharashtra,Ahilyanagar,Rahuri APMC,Vegetables,Tomato,Other,Local,500.00,"1,500.00","1,000.00",Rs./Quintal,1.80,Metric Tonnes,26-05-2026
Maharashtra,Ahilyanagar,Rahuri APMC,Vegetables,Tomato,Other,Local,200.00,"2,500.00","1,350.00",Rs./Quintal,5.00,Metric Tonnes,26-04-2026
Maharashtra,Ahilyanagar,Rahuri APMC,Vegetables,Tomato,Other,Local,500.00,"1,500.00","1,000.00",Rs./Quintal,0.80,Metric Tonnes,26-03-2026
Maharashtra,Ahilyanagar,Rahuri APMC,Vegetables,Tomato,Other,Local,500.00,"1,500.00","1,000.00",Rs./Quintal,0.70,Metric Tonnes,26-02-2026
Maharashtra,Ahilyanagar,Rahuri APMC,Vegetables,Tomato,Other,Local,"1,500.00","3,000.00","2,250.00",Rs./Quintal,4.70,Metric Tonnes,26-01-2026
Maharashtra,Ahilyanagar,Rahuri APMC,Vegetables,Tomato,Other,Local,500.00,"2,000.00","1,250.00",Rs./Quintal,0.60,Metric Tonnes,25-11-2025
Maharashtra,Ahilyanagar,Rahuri APMC,Vegetables,Tomato,Other,Local,"1,000.00","2,000.00","1,500.00",Rs./Quintal,1.40,Metric Tonnes,25-07-2026
Maharashtra,Ahilyanagar,Rahuri APMC,Vegetables,Tomato,Other,Local,500.00,"1,500.00","1,000.00",Rs./Quintal,1.10,Metric Tonnes,25-06-2026
Maharashtra,Ahilyanagar,Rahuri APMC,Vegetables,Tomato,Other,Local,500.00,"1,500.00","1,000.00",Rs./Quintal,2.10,Metric Tonnes,25-05-2026
Maharashtra,Ahilyanagar,Rahuri APMC,Vegetables,Tomato,Other,Local,500.00,"1,500.00","1,000.00",Rs./Quintal,5.00,Metric Tonnes,25-04-2026
Maharashtra,Ahilyanagar,Rahuri APMC,Vegetables,Tomato,Other,Local,500.00,"1,500.00","1,000.00",Rs./Quintal,0.60,Metric Tonnes,25-03-2026
Maharashtra,Ahilyanagar,Rahuri APMC,Vegetables,Tomato,Other,Local,"1,000.00","1,500.00","1,250.00",Rs./Quintal,5.40,Metric Tonnes,25-02-2026
Maharashtra,Ahilyanagar,Rahuri APMC,Vegetables,Tomato,Other,Local,"1,000.00","2,000.00","1,500.00",Rs./Quintal,0.70,Metric Tonnes,25-01-2026
Maharashtra,Ahilyanagar,Rahuri APMC,Vegetables,Tomato,Other,Local,500.00,"1,500.00","1,000.00",Rs./Quintal,0.90,Metric Tonnes,24-12-2025
Maharashtra,Ahilyanagar,Rahuri APMC,Vegetables,Tomato,Other,Local,500.00,"1,500.00","1,000.00",Rs./Quintal,0.70,Metric Tonnes,24-11-2025
Maharashtra,Ahilyanagar,Rahuri APMC,Vegetables,Tomato,Other,Local,500.00,"1,500.00","1,000.00",Rs./Quintal,0.90,Metric Tonnes,24-07-2026
Maharashtra,Ahilyanagar,Rahuri APMC,Vegetables,Tomato,Other,Local,500.00,"1,500.00","1,000.00",Rs./Quintal,1.00,Metric Tonnes,24-06-2026
Maharashtra,Ahilyanagar,Rahuri APMC,Vegetables,Tomato,Other,Local,"1,000.00","2,500.00","1,750.00",Rs./Quintal,5.30,Metric Tonnes,24-05-2026
Maharashtra,Ahilyanagar,Rahuri APMC,Vegetables,Tomato,Other,Local,500.00,"1,500.00","1,000.00",Rs./Quintal,6.80,Metric Tonnes,24-03-2026
Maharashtra,Ahilyanagar,Rahuri APMC,Vegetables,Tomato,Other,Local,"1,000.00","2,000.00","1,500.00",Rs./Quintal,3.10,Metric Tonnes,24-02-2026
Maharashtra,Ahilyanagar,Rahuri APMC,Vegetables,Tomato,Other,Local,500.00,"2,000.00","1,250.00",Rs./Quintal,6.20,Metric Tonnes,24-01-2026
Maharashtra,Ahilyanagar,Rahuri APMC,Vegetables,Tomato,Other,Local,500.00,"2,000.00","1,250.00",Rs./Quintal,0.80,Metric Tonnes,23-12-2025
Maharashtra,Ahilyanagar,Rahuri APMC,Vegetables,Tomato,Other,Local,"1,000.00","4,500.00","2,750.00",Rs./Quintal,4.40,Metric Tonnes,23-11-2025
Maharashtra,Ahilyanagar,Rahuri APMC,Vegetables,Tomato,Other,Local,"1,000.00","2,000.00","1,500.00",Rs./Quintal,7.20,Metric Tonnes,23-07-2026
Maharashtra,Ahilyanagar,Rahuri APMC,Vegetables,Tomato,Other,Local,500.00,"1,500.00","1,000.00",Rs./Quintal,1.60,Metric Tonnes,23-06-2026
Maharashtra,Ahilyanagar,Rahuri APMC,Vegetables,Tomato,Other,Local,"1,000.00","2,500.00","1,750.00",Rs./Quintal,6.30,Metric Tonnes,23-05-2026
Maharashtra,Ahilyanagar,Rahuri APMC,Vegetables,Tomato,Other,Local,500.00,"1,500.00","1,000.00",Rs./Quintal,1.00,Metric Tonnes,23-03-2026
Maharashtra,Ahilyanagar,Rahuri APMC,Vegetables,Tomato,Other,Local,800.00,"1,500.00","1,150.00",Rs./Quintal,4.40,Metric Tonnes,23-02-2026
Maharashtra,Ahilyanagar,Rahuri APMC,Vegetables,Tomato,Other,Local,500.00,"1,500.00","1,000.00",Rs./Quintal,0.80,Metric Tonnes,23-01-2026
Maharashtra,Ahilyanagar,Rahuri APMC,Vegetables,Tomato,Other,Local,500.00,"1,000.00",750.00,Rs./Quintal,0.70,Metric Tonnes,22-12-2025
Maharashtra,Ahilyanagar,Rahuri APMC,Vegetables,Tomato,Other,Local,500.00,"1,500.00","1,000.00",Rs./Quintal,1.40,Metric Tonnes,22-07-2026
Maharashtra,Ahilyanagar,Rahuri APMC,Vegetables,Tomato,Other,Local,500.00,"1,500.00","1,000.00",Rs./Quintal,0.90,Metric Tonnes,22-06-2026
Maharashtra,Ahilyanagar,Rahuri APMC,Vegetables,Tomato,Other,Local,500.00,"1,600.00","1,050.00",Rs./Quintal,4.00,Metric Tonnes,22-04-2026
Maharashtra,Ahilyanagar,Rahuri APMC,Vegetables,Tomato,Other,Local,"1,000.00","2,000.00","1,500.00",Rs./Quintal,5.90,Metric Tonnes,22-03-2026
Maharashtra,Ahilyanagar,Rahuri APMC,Vegetables,Tomato,Other,Local,500.00,"1,500.00","1,000.00",Rs./Quintal,5.70,Metric Tonnes,22-02-2026
Maharashtra,Ahilyanagar,Rahuri APMC,Vegetables,Tomato,Other,Local,800.00,"3,000.00","1,900.00",Rs./Quintal,5.80,Metric Tonnes,22-01-2026
Maharashtra,Ahilyanagar,Rahuri APMC,Vegetables,Tomato,Other,Local,500.00,"1,500.00","1,000.00",Rs./Quintal,0.70,Metric Tonnes,21-12-2025
Maharashtra,Ahilyanagar,Rahuri APMC,Vegetables,Tomato,Other,Local,"1,000.00","2,000.00","1,500.00",Rs./Quintal,1.00,Metric Tonnes,21-11-2025
Maharashtra,Ahilyanagar,Rahuri APMC,Vegetables,Tomato,Other,Local,"1,000.00","2,200.00","1,600.00",Rs./Quintal,3.40,Metric Tonnes,21-07-2026
Maharashtra,Ahilyanagar,Rahuri APMC,Vegetables,Tomato,Other,Local,600.00,"2,500.00","1,550.00",Rs./Quintal,7.70,Metric Tonnes,21-05-2026
Maharashtra,Ahilyanagar,Rahuri APMC,Vegetables,Tomato,Other,Local,500.00,"1,800.00","1,150.00",Rs./Quintal,4.50,Metric Tonnes,21-04-2026
Maharashtra,Ahilyanagar,Rahuri APMC,Vegetables,Tomato,Other,Local,800.00,"1,200.00","1,000.00",Rs./Quintal,4.30,Metric Tonnes,21-03-2026
Maharashtra,Ahilyanagar,Rahuri APMC,Vegetables,Tomato,Other,Local,500.00,"1,500.00","1,000.00",Rs./Quintal,3.90,Metric Tonnes,21-02-2026
Maharashtra,Ahilyanagar,Rahuri APMC,Vegetables,Tomato,Other,Local,500.00,"2,000.00","1,250.00",Rs./Quintal,2.20,Metric Tonnes,21-01-2026
Maharashtra,Ahilyanagar,Rahuri APMC,Vegetables,Tomato,Other,Local,500.00,"1,500.00","1,000.00",Rs./Quintal,0.70,Metric Tonnes,20-12-2025
Maharashtra,Ahilyanagar,Rahuri APMC,Vegetables,Tomato,Other,Local,"1,000.00","2,500.00","1,750.00",Rs./Quintal,8.50,Metric Tonnes,20-08-2026
Maharashtra,Ahilyanagar,Rahuri APMC,Vegetables,Tomato,Other,Local,"1,000.00","3,000.00","2,000.00",Rs./Quintal,7.70,Metric Tonnes,20-07-2026
Maharashtra,Ahilyanagar,Rahuri APMC,Vegetables,Tomato,Other,Local,500.00,"1,500.00","1,000.00",Rs./Quintal,1.80,Metric Tonnes,20-05-2026
Maharashtra,Ahilyanagar,Rahuri APMC,Vegetables,Tomato,Other,Local,500.00,"1,500.00","1,000.00",Rs./Quintal,4.40,Metric Tonnes,20-04-2026
Maharashtra,Ahilyanagar,Rahuri APMC,Vegetables,Tomato,Other,Local,500.00,"1,500.00","1,000.00",Rs./Quintal,0.70,Metric Tonnes,20-01-2026
Maharashtra,Ahilyanagar,Rahuri APMC,Vegetables,Tomato,Other,Local,500.00,"1,000.00",750.00,Rs./Quintal,0.70,Metric Tonnes,19-11-2025
Maharashtra,Ahilyanagar,Rahuri APMC,Vegetables,Tomato,Other,Local,700.00,"1,800.00","1,250.00",Rs./Quintal,5.50,Metric Tonnes,19-08-2026
Maharashtra,Ahilyanagar,Rahuri APMC,Vegetables,Tomato,Other,Local,"1,000.00","2,500.00","1,750.00",Rs./Quintal,2.40,Metric Tonnes,19-07-2026
Maharashtra,Ahilyanagar,Rahuri APMC,Vegetables,Tomato,Other,Local,"1,000.00","2,500.00","1,750.00",Rs./Quintal,4.80,Metric Tonnes,19-05-2026
Maharashtra,Ahilyanagar,Rahuri APMC,Vegetables,Tomato,Other,Local,500.00,"1,500.00","1,000.00",Rs./Quintal,5.10,Metric Tonnes,19-04-2026
Maharashtra,Ahilyanagar,Rahuri APMC,Vegetables,Tomato,Other,Local,400.00,"1,500.00",950.00,Rs./Quintal,8.90,Metric Tonnes,19-03-2026
Maharashtra,Ahilyanagar,Rahuri APMC,Vegetables,Tomato,Other,Local,500.00,"1,500.00","1,000.00",Rs./Quintal,0.70,Metric Tonnes,19-02-2026
Maharashtra,Ahilyanagar,Rahuri APMC,Vegetables,Tomato,Other,Local,500.00,"1,500.00","1,000.00",Rs./Quintal,0.70,Metric Tonnes,19-01-2026
Maharashtra,Ahilyanagar,Rahuri APMC,Vegetables,Tomato,Other,Local,500.00,"1,500.00","1,000.00",Rs./Quintal,1.00,Metric Tonnes,18-12-2025
Maharashtra,Ahilyanagar,Rahuri APMC,Vegetables,Tomato,Other,Local,500.00,"1,500.00","1,000.00",Rs./Quintal,0.70,Metric Tonnes,18-11-2025
Maharashtra,Ahilyanagar,Rahuri APMC,Vegetables,Tomato,Other,Local,500.00,"1,800.00","1,150.00",Rs./Quintal,4.20,Metric Tonnes,18-08-2026
Maharashtra,Ahilyanagar,Rahuri APMC,Vegetables,Tomato,Other,Local,"1,000.00","2,000.00","1,500.00",Rs./Quintal,4.90,Metric Tonnes,18-07-2026
Maharashtra,Ahilyanagar,Rahuri APMC,Vegetables,Tomato,Other,Local,500.00,"1,500.00","1,000.00",Rs./Quintal,0.90,Metric Tonnes,18-06-2026
Maharashtra,Ahilyanagar,Rahuri APMC,Vegetables,Tomato,Other,Local,500.00,"2,600.00","1,550.00",Rs./Quintal,5.00,Metric Tonnes,18-05-2026
Maharashtra,Ahilyanagar,Rahuri APMC,Vegetables,Tomato,Other,Local,500.00,"1,000.00",750.00,Rs./Quintal,3.20,Metric Tonnes,18-04-2026
Maharashtra,Ahilyanagar,Rahuri APMC,Vegetables,Tomato,Other,Local,500.00,"1,200.00",850.00,Rs./Quintal,1.00,Metric Tonnes,18-03-2026
Maharashtra,Ahilyanagar,Rahuri APMC,Vegetables,Tomato,Other,Local,800.00,"1,500.00","1,150.00",Rs./Quintal,6.00,Metric Tonnes,18-02-2026
Maharashtra,Ahilyanagar,Rahuri APMC,Vegetables,Tomato,Other,Local,500.00,"1,500.00","1,000.00",Rs./Quintal,0.40,Metric Tonnes,18-01-2026
Maharashtra,Ahilyanagar,Rahuri APMC,Vegetables,Tomato,Other,Local,500.00,"1,500.00","1,000.00",Rs./Quintal,0.70,Metric Tonnes,17-11-2025
Maharashtra,Ahilyanagar,Rahuri APMC,Vegetables,Tomato,Other,Local,500.00,"1,000.00",750.00,Rs./Quintal,1.00,Metric Tonnes,17-07-2026
Maharashtra,Ahilyanagar,Rahuri APMC,Vegetables,Tomato,Other,Local,500.00,"1,000.00",750.00,Rs./Quintal,1.20,Metric Tonnes,17-06-2026
Maharashtra,Ahilyanagar,Rahuri APMC,Vegetables,Tomato,Other,Local,"1,000.00","2,500.00","1,750.00",Rs./Quintal,4.60,Metric Tonnes,17-05-2026
Maharashtra,Ahilyanagar,Rahuri APMC,Vegetables,Tomato,Other,Local,"1,000.00","1,500.00","1,250.00",Rs./Quintal,1.50,Metric Tonnes,17-03-2026
Maharashtra,Ahilyanagar,Rahuri APMC,Vegetables,Tomato,Other,Local,500.00,"1,800.00","1,150.00",Rs./Quintal,5.50,Metric Tonnes,17-02-2026
Maharashtra,Ahilyanagar,Rahuri APMC,Vegetables,Tomato,Other,Local,"1,000.00","2,500.00","1,750.00",Rs./Quintal,0.70,Metric Tonnes,17-01-2026
Maharashtra,Ahilyanagar,Rahuri APMC,Vegetables,Tomato,Other,Local,"1,500.00","4,000.00","2,750.00",Rs./Quintal,2.60,Metric Tonnes,16-12-2025
Maharashtra,Ahilyanagar,Rahuri APMC,Vegetables,Tomato,Other,Local,500.00,"1,800.00","1,150.00",Rs./Quintal,5.80,Metric Tonnes,16-08-2026
Maharashtra,Ahilyanagar,Rahuri APMC,Vegetables,Tomato,Other,Local,500.00,"1,500.00","1,000.00",Rs./Quintal,0.90,Metric Tonnes,16-07-2026
Maharashtra,Ahilyanagar,Rahuri APMC,Vegetables,Tomato,Other,Local,500.00,"2,500.00","1,500.00",Rs./Quintal,5.30,Metric Tonnes,16-05-2026
Maharashtra,Ahilyanagar,Rahuri APMC,Vegetables,Tomato,Other,Local,800.00,"1,300.00","1,050.00",Rs./Quintal,6.90,Metric Tonnes,16-04-2026
Maharashtra,Ahilyanagar,Rahuri APMC,Vegetables,Tomato,Other,Local,500.00,"1,500.00","1,000.00",Rs./Quintal,0.70,Metric Tonnes,16-03-2026
Maharashtra,Ahilyanagar,Rahuri APMC,Vegetables,Tomato,Other,Local,600.00,"1,300.00",950.00,Rs./Quintal,2.20,Metric Tonnes,16-02-2026
Maharashtra,Ahilyanagar,Rahuri APMC,Vegetables,Tomato,Other,Local,500.00,"2,000.00","1,250.00",Rs./Quintal,0.70,Metric Tonnes,15-12-2025
Maharashtra,Ahilyanagar,Rahuri APMC,Vegetables,Tomato,Other,Local,500.00,"1,000.00",750.00,Rs./Quintal,0.70,Metric Tonnes,15-11-2025
Maharashtra,Ahilyanagar,Rahuri APMC,Vegetables,Tomato,Other,Local,500.00,"3,000.00","1,750.00",Rs./Quintal,1.20,Metric Tonnes,15-07-2026
Maharashtra,Ahilyanagar,Rahuri APMC,Vegetables,Tomato,Other,Local,500.00,"1,200.00",850.00,Rs./Quintal,5.80,Metric Tonnes,15-04-2026
Maharashtra,Ahilyanagar,Rahuri APMC,Vegetables,Tomato,Other,Local,"1,000.00","1,300.00","1,150.00",Rs./Quintal,6.20,Metric Tonnes,15-03-2026
Maharashtra,Ahilyanagar,Rahuri APMC,Vegetables,Tomato,Other,Local,800.00,"2,000.00","1,400.00",Rs./Quintal,3.40,Metric Tonnes,15-02-2026
Maharashtra,Ahilyanagar,Rahuri APMC,Vegetables,Tomato,Other,Local,500.00,"1,500.00","1,000.00",Rs./Quintal,0.70,Metric Tonnes,15-01-2026
Maharashtra,Ahilyanagar,Rahuri APMC,Vegetables,Tomato,Other,Local,500.00,"1,500.00","1,000.00",Rs./Quintal,0.70,Metric Tonnes,14-12-2025
Maharashtra,Ahilyanagar,Rahuri APMC,Vegetables,Tomato,Other,Local,"1,000.00","3,000.00","2,000.00",Rs./Quintal,5.80,Metric Tonnes,14-07-2026
Maharashtra,Ahilyanagar,Rahuri APMC,Vegetables,Tomato,Other,Local,"1,000.00","2,500.00","1,750.00",Rs./Quintal,5.30,Metric Tonnes,14-05-2026
Maharashtra,Ahilyanagar,Rahuri APMC,Vegetables,Tomato,Other,Local,500.00,"1,300.00",900.00,Rs./Quintal,4.30,Metric Tonnes,14-04-2026
Maharashtra,Ahilyanagar,Rahuri APMC,Vegetables,Tomato,Other,Local,"1,000.00","1,500.00","1,250.00",Rs./Quintal,5.80,Metric Tonnes,14-03-2026
Maharashtra,Ahilyanagar,Rahuri APMC,Vegetables,Tomato,Other,Local,"1,500.00","2,000.00","1,750.00",Rs./Quintal,3.70,Metric Tonnes,14-02-2026
Maharashtra,Ahilyanagar,Rahuri APMC,Vegetables,Tomato,Other,Local,500.00,"1,500.00","1,000.00",Rs./Quintal,0.70,Metric Tonnes,14-01-2026
Maharashtra,Ahilyanagar,Rahuri APMC,Vegetables,Tomato,Other,Local,500.00,"1,500.00","1,000.00",Rs./Quintal,0.70,Metric Tonnes,13-12-2025
Maharashtra,Ahilyanagar,Rahuri APMC,Vegetables,Tomato,Other,Local,700.00,"1,500.00","1,100.00",Rs./Quintal,5.30,Metric Tonnes,13-08-2026
Maharashtra,Ahilyanagar,Rahuri APMC,Vegetables,Tomato,Other,Local,500.00,"1,500.00","1,000.00",Rs./Quintal,1.40,Metric Tonnes,13-07-2026
Maharashtra,Ahilyanagar,Rahuri APMC,Vegetables,Tomato,Other,Local,500.00,"1,000.00",750.00,Rs./Quintal,1.30,Metric Tonnes,13-06-2026
Maharashtra,Ahilyanagar,Rahuri APMC,Vegetables,Tomato,Other,Local,500.00,"1,100.00",800.00,Rs./Quintal,4.20,Metric Tonnes,13-04-2026
Maharashtra,Ahilyanagar,Rahuri APMC,Vegetables,Tomato,Other,Local,500.00,"1,500.00","1,000.00",Rs./Quintal,0.70,Metric Tonnes,13-03-2026
Maharashtra,Ahilyanagar,Rahuri APMC,Vegetables,Tomato,Other,Local,"1,000.00","2,000.00","1,500.00",Rs./Quintal,0.70,Metric Tonnes,13-01-2026
Maharashtra,Ahilyanagar,Rahuri APMC,Vegetables,Tomato,Other,Local,500.00,"1,500.00","1,000.00",Rs./Quintal,0.70,Metric Tonnes,12-12-2025
Maharashtra,Ahilyanagar,Rahuri APMC,Vegetables,Tomato,Other,Local,500.00,"1,800.00","1,150.00",Rs./Quintal,2.00,Metric Tonnes,12-08-2026
Maharashtra,Ahilyanagar,Rahuri APMC,Vegetables,Tomato,Other,Local,500.00,"3,000.00","1,750.00",Rs./Quintal,7.80,Metric Tonnes,12-07-2026
Maharashtra,Ahilyanagar,Rahuri APMC,Vegetables,Tomato,Other,Local,500.00,"1,300.00",900.00,Rs./Quintal,1.10,Metric Tonnes,12-06-2026
Maharashtra,Ahilyanagar,Rahuri APMC,Vegetables,Tomato,Other,Local,"1,000.00","2,000.00","1,500.00",Rs./Quintal,4.10,Metric Tonnes,12-05-2026
Maharashtra,Ahilyanagar,Rahuri APMC,Vegetables,Tomato,Other,Local,"1,000.00","1,500.00","1,250.00",Rs./Quintal,4.70,Metric Tonnes,12-04-2026
Maharashtra,Ahilyanagar,Rahuri APMC,Vegetables,Tomato,Other,Local,800.00,"1,500.00","1,150.00",Rs./Quintal,8.40,Metric Tonnes,12-03-2026
Maharashtra,Ahilyanagar,Rahuri APMC,Vegetables,Tomato,Other,Local,800.00,"2,000.00","1,400.00",Rs./Quintal,6.50,Metric Tonnes,12-02-2026
Maharashtra,Ahilyanagar,Rahuri APMC,Vegetables,Tomato,Other,Local,"1,000.00","3,500.00","2,250.00",Rs./Quintal,5.30,Metric Tonnes,12-01-2026
Maharashtra,Ahilyanagar,Rahuri APMC,Vegetables,Tomato,Other,Local,500.00,"1,000.00",750.00,Rs./Quintal,1.20,Metric Tonnes,11-12-2025
Maharashtra,Ahilyanagar,Rahuri APMC,Vegetables,Tomato,Other,Local,500.00,"1,500.00","1,000.00",Rs./Quintal,6.10,Metric Tonnes,11-08-2026
Maharashtra,Ahilyanagar,Rahuri APMC,Vegetables,Tomato,Other,Local,500.00,"2,500.00","1,500.00",Rs./Quintal,0.90,Metric Tonnes,11-07-2026
Maharashtra,Ahilyanagar,Rahuri APMC,Vegetables,Tomato,Other,Local,500.00,"1,500.00","1,000.00",Rs./Quintal,1.70,Metric Tonnes,11-06-2026
Maharashtra,Ahilyanagar,Rahuri APMC,Vegetables,Tomato,Other,Local,500.00,"2,000.00","1,250.00",Rs./Quintal,3.00,Metric Tonnes,11-05-2026
Maharashtra,Ahilyanagar,Rahuri APMC,Vegetables,Tomato,Other,Local,500.00,"1,000.00",750.00,Rs./Quintal,3.20,Metric Tonnes,11-04-2026
Maharashtra,Ahilyanagar,Rahuri APMC,Vegetables,Tomato,Other,Local,500.00,"2,000.00","1,250.00",Rs./Quintal,3.00,Metric Tonnes,11-03-2026
Maharashtra,Ahilyanagar,Rahuri APMC,Vegetables,Tomato,Other,Local,500.00,"1,800.00","1,150.00",Rs./Quintal,2.40,Metric Tonnes,11-02-2026
Maharashtra,Ahilyanagar,Rahuri APMC,Vegetables,Tomato,Other,Local,500.00,"1,500.00","1,000.00",Rs./Quintal,0.70,Metric Tonnes,11-01-2026
Maharashtra,Ahilyanagar,Rahuri APMC,Vegetables,Tomato,Other,Local,"1,500.00","4,500.00","3,000.00",Rs./Quintal,2.20,Metric Tonnes,10-12-2025
Maharashtra,Ahilyanagar,Rahuri APMC,Vegetables,Tomato,Other,Local,500.00,"1,800.00","1,150.00",Rs./Quintal,4.30,Metric Tonnes,10-08-2026
Maharashtra,Ahilyanagar,Rahuri APMC,Vegetables,Tomato,Other,Local,500.00,"1,500.00","1,000.00",Rs./Quintal,1.70,Metric Tonnes,10-06-2026
Maharashtra,Ahilyanagar,Rahuri APMC,Vegetables,Tomato,Other,Local,800.00,"2,000.00","1,400.00",Rs./Quintal,4.20,Metric Tonnes,10-05-2026
Maharashtra,Ahilyanagar,Rahuri APMC,Vegetables,Tomato,Other,Local,500.00,"1,000.00",750.00,Rs./Quintal,0.90,Metric Tonnes,10-04-2026
Maharashtra,Ahilyanagar,Rahuri APMC,Vegetables,Tomato,Other,Local,800.00,"1,500.00","1,150.00",Rs./Quintal,2.00,Metric Tonnes,10-03-2026
Maharashtra,Ahilyanagar,Rahuri APMC,Vegetables,Tomato,Other,Local,800.00,"2,000.00","1,400.00",Rs./Quintal,5.50,Metric Tonnes,10-02-2026
Maharashtra,Ahilyanagar,Rahuri APMC,Vegetables,Tomato,Other,Local,"1,000.00","2,000.00","1,500.00",Rs./Quintal,0.70,Metric Tonnes,10-01-2026
Maharashtra,Ahilyanagar,Rahuri APMC,Vegetables,Tomato,Other,Local,"1,500.00","3,200.00","2,350.00",Rs./Quintal,7.90,Metric Tonnes,09-12-2025
Maharashtra,Ahilyanagar,Rahuri APMC,Vegetables,Tomato,Other,Local,500.00,"2,000.00","1,250.00",Rs./Quintal,5.60,Metric Tonnes,09-08-2026
Maharashtra,Ahilyanagar,Rahuri APMC,Vegetables,Tomato,Other,Local,500.00,"1,500.00","1,000.00",Rs./Quintal,1.10,Metric Tonnes,09-07-2026
Maharashtra,Ahilyanagar,Rahuri APMC,Vegetables,Tomato,Other,Local,500.00,"1,500.00","1,000.00",Rs./Quintal,1.30,Metric Tonnes,09-06-2026
Maharashtra,Ahilyanagar,Rahuri APMC,Vegetables,Tomato,Other,Local,"1,500.00","2,200.00","1,850.00",Rs./Quintal,4.50,Metric Tonnes,09-05-2026
Maharashtra,Ahilyanagar,Rahuri APMC,Vegetables,Tomato,Other,Local,500.00,"1,000.00",750.00,Rs./Quintal,7.60,Metric Tonnes,09-04-2026
Maharashtra,Ahilyanagar,Rahuri APMC,Vegetables,Tomato,Other,Local,800.00,"1,500.00","1,150.00",Rs./Quintal,4.70,Metric Tonnes,09-03-2026
Maharashtra,Ahilyanagar,Rahuri APMC,Vegetables,Tomato,Other,Local,500.00,"1,200.00",850.00,Rs./Quintal,0.60,Metric Tonnes,09-02-2026
Maharashtra,Ahilyanagar,Rahuri APMC,Vegetables,Tomato,Other,Local,500.00,"1,500.00","1,000.00",Rs./Quintal,0.70,Metric Tonnes,08-12-2025
Maharashtra,Ahilyanagar,Rahuri APMC,Vegetables,Tomato,Other,Local,"1,000.00","2,500.00","1,750.00",Rs./Quintal,5.90,Metric Tonnes,08-08-2026
Maharashtra,Ahilyanagar,Rahuri APMC,Vegetables,Tomato,Other,Local,"1,000.00","3,000.00","2,000.00",Rs./Quintal,4.60,Metric Tonnes,08-07-2026
Maharashtra,Ahilyanagar,Rahuri APMC,Vegetables,Tomato,Other,Local,500.00,"1,200.00",850.00,Rs./Quintal,1.20,Metric Tonnes,08-06-2026
Maharashtra,Ahilyanagar,Rahuri APMC,Vegetables,Tomato,Other,Local,500.00,"1,000.00",750.00,Rs./Quintal,2.90,Metric Tonnes,08-04-2026
Maharashtra,Ahilyanagar,Rahuri APMC,Vegetables,Tomato,Other,Local,500.00,"1,000.00",750.00,Rs./Quintal,4.00,Metric Tonnes,08-02-2026
Maharashtra,Ahilyanagar,Rahuri APMC,Vegetables,Tomato,Other,Local,500.00,"1,000.00",750.00,Rs./Quintal,0.70,Metric Tonnes,08-01-2026
Maharashtra,Ahilyanagar,Rahuri APMC,Vegetables,Tomato,Other,Local,"1,000.00","3,500.00","2,250.00",Rs./Quintal,4.60,Metric Tonnes,07-12-2025
Maharashtra,Ahilyanagar,Rahuri APMC,Vegetables,Tomato,Other,Local,500.00,"1,500.00","1,000.00",Rs./Quintal,0.70,Metric Tonnes,07-11-2025
Maharashtra,Ahilyanagar,Rahuri APMC,Vegetables,Tomato,Other,Local,"1,000.00","2,000.00","1,500.00",Rs./Quintal,1.00,Metric Tonnes,07-08-2026
Maharashtra,Ahilyanagar,Rahuri APMC,Vegetables,Tomato,Other,Local,500.00,"1,500.00","1,000.00",Rs./Quintal,1.10,Metric Tonnes,07-06-2026
Maharashtra,Ahilyanagar,Rahuri APMC,Vegetables,Tomato,Other,Local,800.00,"3,000.00","1,900.00",Rs./Quintal,8.60,Metric Tonnes,07-05-2026
Maharashtra,Ahilyanagar,Rahuri APMC,Vegetables,Tomato,Other,Local,300.00,"1,000.00",650.00,Rs./Quintal,5.70,Metric Tonnes,07-04-2026
Maharashtra,Ahilyanagar,Rahuri APMC,Vegetables,Tomato,Other,Local,500.00,"1,000.00",750.00,Rs./Quintal,0.70,Metric Tonnes,07-02-2026
Maharashtra,Ahilyanagar,Rahuri APMC,Vegetables,Tomato,Other,Local,900.00,"4,000.00","2,450.00",Rs./Quintal,3.10,Metric Tonnes,07-01-2026
Maharashtra,Ahilyanagar,Rahuri APMC,Vegetables,Tomato,Other,Local,"1,500.00","5,000.00","3,250.00",Rs./Quintal,8.80,Metric Tonnes,06-08-2026
Maharashtra,Ahilyanagar,Rahuri APMC,Vegetables,Tomato,Other,Local,"1,000.00","2,800.00","1,900.00",Rs./Quintal,6.00,Metric Tonnes,06-06-2026
Maharashtra,Ahilyanagar,Rahuri APMC,Vegetables,Tomato,Other,Local,600.00,"2,500.00","1,550.00",Rs./Quintal,2.00,Metric Tonnes,06-05-2026
Maharashtra,Ahilyanagar,Rahuri APMC,Vegetables,Tomato,Other,Local,500.00,"1,000.00",750.00,Rs./Quintal,1.00,Metric Tonnes,06-04-2026
Maharashtra,Ahilyanagar,Rahuri APMC,Vegetables,Tomato,Other,Local,500.00,"2,000.00","1,250.00",Rs./Quintal,3.40,Metric Tonnes,05-08-2026
Maharashtra,Ahilyanagar,Rahuri APMC,Vegetables,Tomato,Other,Local,500.00,"2,000.00","1,250.00",Rs./Quintal,6.60,Metric Tonnes,05-05-2026
Maharashtra,Ahilyanagar,Rahuri APMC,Vegetables,Tomato,Other,Local,500.00,"1,000.00",750.00,Rs./Quintal,4.50,Metric Tonnes,05-04-2026
Maharashtra,Ahilyanagar,Rahuri APMC,Vegetables,Tomato,Other,Local,800.00,"1,500.00","1,150.00",Rs./Quintal,4.80,Metric Tonnes,05-03-2026
Maharashtra,Ahilyanagar,Rahuri APMC,Vegetables,Tomato,Other,Local,500.00,"1,500.00","1,000.00",Rs./Quintal,0.70,Metric Tonnes,05-02-2026
Maharashtra,Ahilyanagar,Rahuri APMC,Vegetables,Tomato,Other,Local,500.00,"1,500.00","1,000.00",Rs./Quintal,0.70,Metric Tonnes,04-12-2025
Maharashtra,Ahilyanagar,Rahuri APMC,Vegetables,Tomato,Other,Local,"1,500.00","5,000.00","3,250.00",Rs./Quintal,6.80,Metric Tonnes,04-08-2026
Maharashtra,Ahilyanagar,Rahuri APMC,Vegetables,Tomato,Other,Local,"1,000.00","3,000.00","2,000.00",Rs./Quintal,6.40,Metric Tonnes,04-06-2026
Maharashtra,Ahilyanagar,Rahuri APMC,Vegetables,Tomato,Other,Local,"1,000.00","2,000.00","1,500.00",Rs./Quintal,3.90,Metric Tonnes,04-05-2026
Maharashtra,Ahilyanagar,Rahuri APMC,Vegetables,Tomato,Other,Local,800.00,"2,000.00","1,400.00",Rs./Quintal,2.40,Metric Tonnes,04-03-2026
Maharashtra,Ahilyanagar,Rahuri APMC,Vegetables,Tomato,Other,Local,500.00,"1,500.00","1,000.00",Rs./Quintal,0.80,Metric Tonnes,04-02-2026
Maharashtra,Ahilyanagar,Rahuri APMC,Vegetables,Tomato,Other,Local,500.00,"1,500.00","1,000.00",Rs./Quintal,0.70,Metric Tonnes,03-12-2025
Maharashtra,Ahilyanagar,Rahuri APMC,Vegetables,Tomato,Other,Local,500.00,"1,500.00","1,000.00",Rs./Quintal,0.70,Metric Tonnes,03-08-2026
Maharashtra,Ahilyanagar,Rahuri APMC,Vegetables,Tomato,Other,Local,"1,000.00","2,000.00","1,500.00",Rs./Quintal,1.40,Metric Tonnes,03-06-2026
Maharashtra,Ahilyanagar,Rahuri APMC,Vegetables,Tomato,Other,Local,800.00,"2,000.00","1,400.00",Rs./Quintal,3.50,Metric Tonnes,03-03-2026
Maharashtra,Ahilyanagar,Rahuri APMC,Vegetables,Tomato,Other,Local,"1,000.00","3,000.00","2,000.00",Rs./Quintal,3.10,Metric Tonnes,03-02-2026
Maharashtra,Ahilyanagar,Rahuri APMC,Vegetables,Tomato,Other,Local,500.00,"1,500.00","1,000.00",Rs./Quintal,0.80,Metric Tonnes,02-12-2025
Maharashtra,Ahilyanagar,Rahuri APMC,Vegetables,Tomato,Other,Local,500.00,"2,600.00","1,550.00",Rs./Quintal,6.10,Metric Tonnes,02-08-2026
Maharashtra,Ahilyanagar,Rahuri APMC,Vegetables,Tomato,Other,Local,700.00,"1,500.00","1,100.00",Rs./Quintal,0.70,Metric Tonnes,02-07-2026
Maharashtra,Ahilyanagar,Rahuri APMC,Vegetables,Tomato,Other,Local,800.00,"2,800.00","1,800.00",Rs./Quintal,4.20,Metric Tonnes,02-06-2026
Maharashtra,Ahilyanagar,Rahuri APMC,Vegetables,Tomato,Other,Local,400.00,"1,200.00",800.00,Rs./Quintal,7.70,Metric Tonnes,02-04-2026
Maharashtra,Ahilyanagar,Rahuri APMC,Vegetables,Tomato,Other,Local,800.00,"2,000.00","1,400.00",Rs./Quintal,2.80,Metric Tonnes,02-03-2026
Maharashtra,Ahilyanagar,Rahuri APMC,Vegetables,Tomato,Other,Local,500.00,"1,500.00","1,000.00",Rs./Quintal,1.30,Metric Tonnes,02-02-2026
Maharashtra,Ahilyanagar,Rahuri APMC,Vegetables,Tomato,Other,Local,500.00,"1,500.00","1,000.00",Rs./Quintal,0.70,Metric Tonnes,01-12-2025
Maharashtra,Ahilyanagar,Rahuri APMC,Vegetables,Tomato,Other,Local,"1,000.00","2,000.00","1,500.00",Rs./Quintal,1.20,Metric Tonnes,01-08-2026
Maharashtra,Ahilyanagar,Rahuri APMC,Vegetables,Tomato,Other,Local,"1,000.00","1,500.00","1,250.00",Rs./Quintal,1.10,Metric Tonnes,01-07-2026
Maharashtra,Ahilyanagar,Rahuri APMC,Vegetables,Tomato,Other,Local,500.00,"1,500.00","1,000.00",Rs./Quintal,1.40,Metric Tonnes,01-06-2026
Maharashtra,Ahilyanagar,Rahuri APMC,Vegetables,Tomato,Other,Local,200.00,"1,000.00",600.00,Rs./Quintal,4.70,Metric Tonnes,01-04-2026
Maharashtra,Ahilyanagar,Rahuri APMC,Vegetables,Tomato,Other,Local,"1,500.00","2,000.00","1,750.00",Rs./Quintal,4.60,Metric Tonnes,01-03-2026
Maharashtra,Ahilyanagar,Rahuri APMC,Vegetables,Tomato,Other,Local,"1,500.00","2,200.00","1,850.00",Rs./Quintal,5.60,Metric Tonnes,01-02-2026
Maharashtra,Ahilyanagar,Rahuri(Songaon) APMC,Vegetables,Tomato,Other,Local,"1,000.00","5,500.00","3,250.00",Rs./Quintal,0.20,Metric Tonnes,25-11-2025
Maharashtra,Ahilyanagar,Rahuri(Songaon) APMC,Vegetables,Tomato,Other,Local,"2,500.00","4,000.00","3,250.00",Rs./Quintal,0.20,Metric Tonnes,18-11-2025
Maharashtra,Ahilyanagar,Rahuri(Songaon) APMC,Vegetables,Tomato,Other,Local,"1,000.00","3,000.00","2,000.00",Rs./Quintal,0.20,Metric Tonnes,13-01-2026
Maharashtra,Ahilyanagar,Rahuri(Songaon) APMC,Vegetables,Tomato,Other,Local,"1,500.00","4,000.00","2,750.00",Rs./Quintal,0.20,Metric Tonnes,06-01-2026
Maharashtra,Ahilyanagar,Sangamner APMC,Vegetables,Tomato,Other,Local,"1,000.00","4,000.00","2,500.00",Rs./Quintal,15.00,Metric Tonnes,31-12-2025
Maharashtra,Ahilyanagar,Sangamner APMC,Vegetables,Tomato,Other,Local,500.00,"2,000.00","1,250.00",Rs./Quintal,215.00,Metric Tonnes,31-07-2026
Maharashtra,Ahilyanagar,Sangamner APMC,Vegetables,Tomato,Other,Local,750.00,"3,000.00","1,875.00",Rs./Quintal,200.00,Metric Tonnes,31-05-2026
Maharashtra,Ahilyanagar,Sangamner APMC,Vegetables,Tomato,Other,Local,250.00,"1,000.00",625.00,Rs./Quintal,9.00,Metric Tonnes,31-03-2026
Maharashtra,Ahilyanagar,Sangamner APMC,Vegetables,Tomato,Other,Local,"1,000.00","4,000.00","2,500.00",Rs./Quintal,13.00,Metric Tonnes,30-12-2025
Maharashtra,Ahilyanagar,Sangamner APMC,Vegetables,Tomato,Other,Local,500.00,"2,000.00","1,250.00",Rs./Quintal,12.00,Metric Tonnes,30-11-2025
Maharashtra,Ahilyanagar,Sangamner APMC,Vegetables,Tomato,Other,Local,500.00,"2,250.00","1,375.00",Rs./Quintal,210.00,Metric Tonnes,30-07-2026
Maharashtra,Ahilyanagar,Sangamner APMC,Vegetables,Tomato,Other,Local,500.00,"2,625.00","1,562.00",Rs./Quintal,120.00,Metric Tonnes,30-06-2026
Maharashtra,Ahilyanagar,Sangamner APMC,Vegetables,Tomato,Other,Local,500.00,"2,000.00","1,250.00",Rs./Quintal,75.00,Metric Tonnes,30-04-2026
Maharashtra,Ahilyanagar,Sangamner APMC,Vegetables,Tomato,Other,Local,250.00,"1,000.00",625.00,Rs./Quintal,12.00,Metric Tonnes,30-03-2026
Maharashtra,Ahilyanagar,Sangamner APMC,Vegetables,Tomato,Other,Local,250.00,"1,500.00",875.00,Rs./Quintal,21.00,Metric Tonnes,30-01-2026
Maharashtra,Ahilyanagar,Sangamner APMC,Vegetables,Tomato,Other,Local,"1,000.00","4,250.00","2,625.00",Rs./Quintal,11.50,Metric Tonnes,29-12-2025
Maharashtra,Ahilyanagar,Sangamner APMC,Vegetables,Tomato,Other,Local,500.00,"2,000.00","1,250.00",Rs./Quintal,12.00,Metric Tonnes,29-11-2025
Maharashtra,Ahilyanagar,Sangamner APMC,Vegetables,Tomato,Other,Local,500.00,"2,000.00","1,250.00",Rs./Quintal,180.00,Metric Tonnes,29-07-2026
Maharashtra,Ahilyanagar,Sangamner APMC,Vegetables,Tomato,Other,Local,500.00,"2,500.00","1,500.00",Rs./Quintal,120.00,Metric Tonnes,29-06-2026
Maharashtra,Ahilyanagar,Sangamner APMC,Vegetables,Tomato,Other,Local,500.00,"2,500.00","1,500.00",Rs./Quintal,260.00,Metric Tonnes,29-05-2026
Maharashtra,Ahilyanagar,Sangamner APMC,Vegetables,Tomato,Other,Local,750.00,"3,000.00","1,875.00",Rs./Quintal,165.00,Metric Tonnes,29-04-2026
Maharashtra,Ahilyanagar,Sangamner APMC,Vegetables,Tomato,Other,Local,250.00,"1,000.00",625.00,Rs./Quintal,12.00,Metric Tonnes,29-03-2026
Maharashtra,Ahilyanagar,Sangamner APMC,Vegetables,Tomato,Other,Local,250.00,"1,500.00","1,000.00",Rs./Quintal,19.00,Metric Tonnes,29-01-2026
Maharashtra,Ahilyanagar,Sangamner APMC,Vegetables,Tomato,Other,Local,"1,000.00","4,250.00","2,625.00",Rs./Quintal,12.00,Metric Tonnes,28-12-2025
Maharashtra,Ahilyanagar,Sangamner APMC,Vegetables,Tomato,Other,Local,500.00,"3,000.00","1,750.00",Rs./Quintal,12.50,Metric Tonnes,28-11-2025
Maharashtra,Ahilyanagar,Sangamner APMC,Vegetables,Tomato,Other,Local,"1,000.00","2,500.00","1,750.00",Rs./Quintal,185.00,Metric Tonnes,28-07-2026
Maharashtra,Ahilyanagar,Sangamner APMC,Vegetables,Tomato,Other,Local,500.00,"2,000.00","1,250.00",Rs./Quintal,120.00,Metric Tonnes,28-06-2026
Maharashtra,Ahilyanagar,Sangamner APMC,Vegetables,Tomato,Other,Local,500.00,"2,250.00","1,375.00",Rs./Quintal,180.00,Metric Tonnes,28-05-2026
Maharashtra,Ahilyanagar,Sangamner APMC,Vegetables,Tomato,Other,Local,500.00,"3,000.00","1,750.00",Rs./Quintal,86.00,Metric Tonnes,28-04-2026
Maharashtra,Ahilyanagar,Sangamner APMC,Vegetables,Tomato,Other,Local,250.00,"1,000.00",625.00,Rs./Quintal,9.00,Metric Tonnes,28-03-2026
Maharashtra,Ahilyanagar,Sangamner APMC,Vegetables,Tomato,Other,Local,250.00,"1,250.00",750.00,Rs./Quintal,10.50,Metric Tonnes,28-02-2026
Maharashtra,Ahilyanagar,Sangamner APMC,Vegetables,Tomato,Other,Local,250.00,"1,500.00",875.00,Rs./Quintal,20.00,Metric Tonnes,28-01-2026
Maharashtra,Ahilyanagar,Sangamner APMC,Vegetables,Tomato,Other,Local,"1,000.00","4,000.00","2,500.00",Rs./Quintal,8.00,Metric Tonnes,27-12-2025
Maharashtra,Ahilyanagar,Sangamner APMC,Vegetables,Tomato,Other,Local,"1,000.00","2,500.00","1,750.00",Rs./Quintal,8.00,Metric Tonnes,27-11-2025
Maharashtra,Ahilyanagar,Sangamner APMC,Vegetables,Tomato,Other,Local,500.00,"2,750.00","1,625.00",Rs./Quintal,167.50,Metric Tonnes,27-07-2026
Maharashtra,Ahilyanagar,Sangamner APMC,Vegetables,Tomato,Other,Local,500.00,"2,500.00","1,500.00",Rs./Quintal,82.00,Metric Tonnes,27-04-2026
Maharashtra,Ahilyanagar,Sangamner APMC,Vegetables,Tomato,Other,Local,250.00,"1,150.00",700.00,Rs./Quintal,10.50,Metric Tonnes,27-02-2026
Maharashtra,Ahilyanagar,Sangamner APMC,Vegetables,Tomato,Other,Local,250.00,"1,750.00","1,000.00",Rs./Quintal,21.00,Metric Tonnes,27-01-2026
Maharashtra,Ahilyanagar,Sangamner APMC,Vegetables,Tomato,Other,Local,"1,000.00","4,000.00","2,500.00",Rs./Quintal,9.50,Metric Tonnes,26-12-2025
Maharashtra,Ahilyanagar,Sangamner APMC,Vegetables,Tomato,Other,Local,750.00,"3,000.00","1,875.00",Rs./Quintal,7.50,Metric Tonnes,26-11-2025
Maharashtra,Ahilyanagar,Sangamner APMC,Vegetables,Tomato,Other,Local,500.00,"2,000.00","1,250.00",Rs./Quintal,210.00,Metric Tonnes,26-07-2026
Maharashtra,Ahilyanagar,Sangamner APMC,Vegetables,Tomato,Other,Local,500.00,"2,500.00","1,500.00",Rs./Quintal,120.00,Metric Tonnes,26-06-2026
Maharashtra,Ahilyanagar,Sangamner APMC,Vegetables,Tomato,Other,Local,750.00,"2,625.00","1,662.00",Rs./Quintal,230.00,Metric Tonnes,26-05-2026
Maharashtra,Ahilyanagar,Sangamner APMC,Vegetables,Tomato,Other,Local,500.00,"2,000.00","1,250.00",Rs./Quintal,54.00,Metric Tonnes,26-04-2026
Maharashtra,Ahilyanagar,Sangamner APMC,Vegetables,Tomato,Other,Local,250.00,"1,150.00",700.00,Rs./Quintal,12.00,Metric Tonnes,26-02-2026
Maharashtra,Ahilyanagar,Sangamner APMC,Vegetables,Tomato,Other,Local,250.00,"1,750.00","1,000.00",Rs./Quintal,15.00,Metric Tonnes,26-01-2026
Maharashtra,Ahilyanagar,Sangamner APMC,Vegetables,Tomato,Other,Local,"1,000.00","4,000.00","2,500.00",Rs./Quintal,12.00,Metric Tonnes,25-12-2025
Maharashtra,Ahilyanagar,Sangamner APMC,Vegetables,Tomato,Other,Local,"1,000.00","4,000.00","2,500.00",Rs./Quintal,6.50,Metric Tonnes,25-11-2025
Maharashtra,Ahilyanagar,Sangamner APMC,Vegetables,Tomato,Other,Local,500.00,"2,000.00","1,250.00",Rs./Quintal,165.00,Metric Tonnes,25-07-2026
Maharashtra,Ahilyanagar,Sangamner APMC,Vegetables,Tomato,Other,Local,"1,000.00","3,000.00","2,000.00",Rs./Quintal,125.00,Metric Tonnes,25-06-2026
Maharashtra,Ahilyanagar,Sangamner APMC,Vegetables,Tomato,Other,Local,200.00,"2,500.00","1,500.00",Rs./Quintal,210.00,Metric Tonnes,25-05-2026
Maharashtra,Ahilyanagar,Sangamner APMC,Vegetables,Tomato,Other,Local,500.00,"1,625.00","1,062.00",Rs./Quintal,124.00,Metric Tonnes,25-04-2026
Maharashtra,Ahilyanagar,Sangamner APMC,Vegetables,Tomato,Other,Local,250.00,900.00,575.00,Rs./Quintal,10.50,Metric Tonnes,25-03-2026
Maharashtra,Ahilyanagar,Sangamner APMC,Vegetables,Tomato,Other,Local,250.00,"1,150.00",700.00,Rs./Quintal,12.00,Metric Tonnes,25-02-2026
Maharashtra,Ahilyanagar,Sangamner APMC,Vegetables,Tomato,Other,Local,250.00,"1,500.00",875.00,Rs./Quintal,21.00,Metric Tonnes,25-01-2026
Maharashtra,Ahilyanagar,Sangamner APMC,Vegetables,Tomato,Other,Local,"1,000.00","4,000.00","2,500.00",Rs./Quintal,9.90,Metric Tonnes,24-12-2025
Maharashtra,Ahilyanagar,Sangamner APMC,Vegetables,Tomato,Other,Local,"1,250.00","4,750.00","3,000.00",Rs./Quintal,7.50,Metric Tonnes,24-11-2025
Maharashtra,Ahilyanagar,Sangamner APMC,Vegetables,Tomato,Other,Local,750.00,"3,250.00","2,000.00",Rs./Quintal,120.00,Metric Tonnes,24-06-2026
Maharashtra,Ahilyanagar,Sangamner APMC,Vegetables,Tomato,Other,Local,500.00,"2,500.00","1,500.00",Rs./Quintal,210.00,Metric Tonnes,24-05-2026
Maharashtra,Ahilyanagar,Sangamner APMC,Vegetables,Tomato,Other,Local,500.00,"1,500.00","1,000.00",Rs./Quintal,48.00,Metric Tonnes,24-04-2026
Maharashtra,Ahilyanagar,Sangamner APMC,Vegetables,Tomato,Other,Local,250.00,"1,000.00",625.00,Rs./Quintal,9.00,Metric Tonnes,24-03-2026
Maharashtra,Ahilyanagar,Sangamner APMC,Vegetables,Tomato,Other,Local,250.00,"1,250.00",750.00,Rs./Quintal,12.00,Metric Tonnes,24-02-2026
Maharashtra,Ahilyanagar,Sangamner APMC,Vegetables,Tomato,Other,Local,"1,000.00","4,500.00","2,750.00",Rs./Quintal,9.50,Metric Tonnes,23-12-2025
Maharashtra,Ahilyanagar,Sangamner APMC,Vegetables,Tomato,Other,Local,"1,000.00","4,500.00","2,750.00",Rs./Quintal,7.50,Metric Tonnes,23-11-2025
Maharashtra,Ahilyanagar,Sangamner APMC,Vegetables,Tomato,Other,Local,500.00,"2,000.00","1,250.00",Rs./Quintal,120.00,Metric Tonnes,23-07-2026
Maharashtra,Ahilyanagar,Sangamner APMC,Vegetables,Tomato,Other,Local,750.00,"3,000.00","1,875.00",Rs./Quintal,120.00,Metric Tonnes,23-06-2026
Maharashtra,Ahilyanagar,Sangamner APMC,Vegetables,Tomato,Other,Local,500.00,"1,750.00","1,125.00",Rs./Quintal,46.00,Metric Tonnes,23-04-2026
Maharashtra,Ahilyanagar,Sangamner APMC,Vegetables,Tomato,Other,Local,250.00,"1,000.00",625.00,Rs./Quintal,9.00,Metric Tonnes,23-03-2026
Maharashtra,Ahilyanagar,Sangamner APMC,Vegetables,Tomato,Other,Local,250.00,"1,150.00",700.00,Rs./Quintal,16.00,Metric Tonnes,23-02-2026
Maharashtra,Ahilyanagar,Sangamner APMC,Vegetables,Tomato,Other,Local,"1,000.00","4,500.00","2,750.00",Rs./Quintal,9.50,Metric Tonnes,22-11-2025
Maharashtra,Ahilyanagar,Sangamner APMC,Vegetables,Tomato,Other,Local,500.00,"2,500.00","1,500.00",Rs./Quintal,120.00,Metric Tonnes,22-07-2026
Maharashtra,Ahilyanagar,Sangamner APMC,Vegetables,Tomato,Other,Local,750.00,"3,500.00","2,125.00",Rs./Quintal,160.00,Metric Tonnes,22-06-2026
Maharashtra,Ahilyanagar,Sangamner APMC,Vegetables,Tomato,Other,Local,500.00,"2,400.00","1,450.00",Rs./Quintal,275.00,Metric Tonnes,22-05-2026
Maharashtra,Ahilyanagar,Sangamner APMC,Vegetables,Tomato,Other,Local,500.00,"2,250.00","1,375.00",Rs./Quintal,42.00,Metric Tonnes,22-04-2026
Maharashtra,Ahilyanagar,Sangamner APMC,Vegetables,Tomato,Other,Local,250.00,"1,250.00",750.00,Rs./Quintal,15.00,Metric Tonnes,22-02-2026
Maharashtra,Ahilyanagar,Sangamner APMC,Vegetables,Tomato,Other,Local,500.00,"2,000.00","1,250.00",Rs./Quintal,14.00,Metric Tonnes,22-01-2026
Maharashtra,Ahilyanagar,Sangamner APMC,Vegetables,Tomato,Other,Local,"1,000.00","4,255.00","2,627.00",Rs./Quintal,7.00,Metric Tonnes,21-12-2025
Maharashtra,Ahilyanagar,Sangamner APMC,Vegetables,Tomato,Other,Local,"1,000.00","4,000.00","2,500.00",Rs./Quintal,12.00,Metric Tonnes,21-11-2025
Maharashtra,Ahilyanagar,Sangamner APMC,Vegetables,Tomato,Other,Local,500.00,"2,500.00","1,500.00",Rs./Quintal,180.00,Metric Tonnes,21-07-2026
Maharashtra,Ahilyanagar,Sangamner APMC,Vegetables,Tomato,Other,Local,750.00,"3,500.00","2,125.00",Rs./Quintal,170.00,Metric Tonnes,21-06-2026
Maharashtra,Ahilyanagar,Sangamner APMC,Vegetables,Tomato,Other,Local,500.00,"2,250.00","1,375.00",Rs./Quintal,270.00,Metric Tonnes,21-05-2026
Maharashtra,Ahilyanagar,Sangamner APMC,Vegetables,Tomato,Other,Local,500.00,"2,000.00","1,250.00",Rs./Quintal,21.00,Metric Tonnes,21-01-2026
Maharashtra,Ahilyanagar,Sangamner APMC,Vegetables,Tomato,Other,Local,"1,000.00","4,000.00","2,500.00",Rs./Quintal,8.00,Metric Tonnes,20-11-2025
Maharashtra,Ahilyanagar,Sangamner APMC,Vegetables,Tomato,Other,Local,250.00,"1,250.00",750.00,Rs./Quintal,380.90,Metric Tonnes,20-08-2026
Maharashtra,Ahilyanagar,Sangamner APMC,Vegetables,Tomato,Other,Local,500.00,"2,500.00","1,500.00",Rs./Quintal,200.00,Metric Tonnes,20-07-2026
Maharashtra,Ahilyanagar,Sangamner APMC,Vegetables,Tomato,Other,Local,750.00,"2,750.00","1,750.00",Rs./Quintal,180.00,Metric Tonnes,20-06-2026
Maharashtra,Ahilyanagar,Sangamner APMC,Vegetables,Tomato,Other,Local,500.00,"2,250.00","1,375.00",Rs./Quintal,235.00,Metric Tonnes,20-05-2026
Maharashtra,Ahilyanagar,Sangamner APMC,Vegetables,Tomato,Other,Local,500.00,"2,250.00","1,375.00",Rs./Quintal,36.00,Metric Tonnes,20-04-2026
Maharashtra,Ahilyanagar,Sangamner APMC,Vegetables,Tomato,Other,Local,250.00,"1,000.00",625.00,Rs./Quintal,9.00,Metric Tonnes,20-03-2026
Maharashtra,Ahilyanagar,Sangamner APMC,Vegetables,Tomato,Other,Local,250.00,"1,250.00",750.00,Rs./Quintal,12.00,Metric Tonnes,20-02-2026
Maharashtra,Ahilyanagar,Sangamner APMC,Vegetables,Tomato,Other,Local,500.00,"2,500.00","1,500.00",Rs./Quintal,20.00,Metric Tonnes,20-01-2026
Maharashtra,Ahilyanagar,Sangamner APMC,Vegetables,Tomato,Other,Local,"1,000.00","4,000.00","2,500.00",Rs./Quintal,6.50,Metric Tonnes,19-12-2025
Maharashtra,Ahilyanagar,Sangamner APMC,Vegetables,Tomato,Other,Local,500.00,"3,500.00","2,000.00",Rs./Quintal,8.50,Metric Tonnes,19-11-2025
Maharashtra,Ahilyanagar,Sangamner APMC,Vegetables,Tomato,Other,Local,500.00,"2,500.00","1,500.00",Rs./Quintal,180.00,Metric Tonnes,19-07-2026
Maharashtra,Ahilyanagar,Sangamner APMC,Vegetables,Tomato,Other,Local,500.00,"3,000.00","1,750.00",Rs./Quintal,150.00,Metric Tonnes,19-06-2026
Maharashtra,Ahilyanagar,Sangamner APMC,Vegetables,Tomato,Other,Local,500.00,"2,375.00","1,437.00",Rs./Quintal,360.00,Metric Tonnes,19-05-2026
Maharashtra,Ahilyanagar,Sangamner APMC,Vegetables,Tomato,Other,Local,500.00,"2,200.00","1,350.00",Rs./Quintal,39.00,Metric Tonnes,19-04-2026
Maharashtra,Ahilyanagar,Sangamner APMC,Vegetables,Tomato,Other,Local,250.00,"1,250.00",750.00,Rs./Quintal,7.50,Metric Tonnes,19-03-2026
Maharashtra,Ahilyanagar,Sangamner APMC,Vegetables,Tomato,Other,Local,250.00,"1,250.00",750.00,Rs./Quintal,12.00,Metric Tonnes,19-02-2026
Maharashtra,Ahilyanagar,Sangamner APMC,Vegetables,Tomato,Other,Local,500.00,"2,500.00","1,500.00",Rs./Quintal,19.00,Metric Tonnes,19-01-2026
Maharashtra,Ahilyanagar,Sangamner APMC,Vegetables,Tomato,Other,Local,"1,000.00","4,500.00","2,750.00",Rs./Quintal,6.00,Metric Tonnes,18-12-2025
Maharashtra,Ahilyanagar,Sangamner APMC,Vegetables,Tomato,Other,Local,500.00,"3,500.00","2,000.00",Rs./Quintal,7.50,Metric Tonnes,18-11-2025
Maharashtra,Ahilyanagar,Sangamner APMC,Vegetables,Tomato,Other,Local,500.00,"2,500.00","1,500.00",Rs./Quintal,150.00,Metric Tonnes,18-07-2026
Maharashtra,Ahilyanagar,Sangamner APMC,Vegetables,Tomato,Other,Local,500.00,"2,500.00","1,500.00",Rs./Quintal,180.00,Metric Tonnes,18-06-2026
Maharashtra,Ahilyanagar,Sangamner APMC,Vegetables,Tomato,Other,Local,500.00,"2,375.00","1,437.00",Rs./Quintal,270.00,Metric Tonnes,18-05-2026
Maharashtra,Ahilyanagar,Sangamner APMC,Vegetables,Tomato,Other,Local,500.00,"2,000.00","1,225.00",Rs./Quintal,35.00,Metric Tonnes,18-04-2026
Maharashtra,Ahilyanagar,Sangamner APMC,Vegetables,Tomato,Other,Local,250.00,"1,250.00",750.00,Rs./Quintal,6.50,Metric Tonnes,18-03-2026
Maharashtra,Ahilyanagar,Sangamner APMC,Vegetables,Tomato,Other,Local,250.00,"1,250.00",750.00,Rs./Quintal,12.00,Metric Tonnes,18-02-2026
Maharashtra,Ahilyanagar,Sangamner APMC,Vegetables,Tomato,Other,Local,"1,000.00","4,500.00","2,750.00",Rs./Quintal,7.50,Metric Tonnes,17-12-2025
Maharashtra,Ahilyanagar,Sangamner APMC,Vegetables,Tomato,Other,Local,500.00,"3,500.00","2,000.00",Rs./Quintal,7.50,Metric Tonnes,17-11-2025
Maharashtra,Ahilyanagar,Sangamner APMC,Vegetables,Tomato,Other,Local,500.00,"1,750.00","1,150.00",Rs./Quintal,395.00,Metric Tonnes,17-08-2026
Maharashtra,Ahilyanagar,Sangamner APMC,Vegetables,Tomato,Other,Local,500.00,"2,500.00","1,500.00",Rs./Quintal,165.00,Metric Tonnes,17-07-2026
Maharashtra,Ahilyanagar,Sangamner APMC,Vegetables,Tomato,Other,Local,"1,000.00","3,500.00","2,250.00",Rs./Quintal,167.00,Metric Tonnes,17-06-2026
Maharashtra,Ahilyanagar,Sangamner APMC,Vegetables,Tomato,Other,Local,500.00,"2,375.00","1,437.00",Rs./Quintal,245.00,Metric Tonnes,17-05-2026
Maharashtra,Ahilyanagar,Sangamner APMC,Vegetables,Tomato,Other,Local,500.00,"2,000.00","1,250.00",Rs./Quintal,30.00,Metric Tonnes,17-04-2026
Maharashtra,Ahilyanagar,Sangamner APMC,Vegetables,Tomato,Other,Local,500.00,"1,500.00","1,000.00",Rs./Quintal,9.00,Metric Tonnes,17-03-2026
Maharashtra,Ahilyanagar,Sangamner APMC,Vegetables,Tomato,Other,Local,250.00,"1,400.00",825.00,Rs./Quintal,15.00,Metric Tonnes,17-02-2026
Maharashtra,Ahilyanagar,Sangamner APMC,Vegetables,Tomato,Other,Local,500.00,"3,000.00","1,750.00",Rs./Quintal,10.00,Metric Tonnes,17-01-2026
Maharashtra,Ahilyanagar,Sangamner APMC,Vegetables,Tomato,Other,Local,"1,000.00","4,000.00","2,500.00",Rs./Quintal,9.00,Metric Tonnes,16-12-2025
Maharashtra,Ahilyanagar,Sangamner APMC,Vegetables,Tomato,Other,Local,"1,000.00","3,750.00","2,375.00",Rs./Quintal,6.50,Metric Tonnes,16-11-2025
Maharashtra,Ahilyanagar,Sangamner APMC,Vegetables,Tomato,Other,Local,500.00,"2,000.00","1,250.00",Rs./Quintal,375.00,Metric Tonnes,16-08-2026
Maharashtra,Ahilyanagar,Sangamner APMC,Vegetables,Tomato,Other,Local,500.00,"2,500.00","1,500.00",Rs./Quintal,130.00,Metric Tonnes,16-07-2026
Maharashtra,Ahilyanagar,Sangamner APMC,Vegetables,Tomato,Other,Local,200.00,"2,200.00","1,200.00",Rs./Quintal,170.00,Metric Tonnes,16-06-2026
Maharashtra,Ahilyanagar,Sangamner APMC,Vegetables,Tomato,Other,Local,500.00,"2,750.00","1,625.00",Rs./Quintal,240.00,Metric Tonnes,16-05-2026
Maharashtra,Ahilyanagar,Sangamner APMC,Vegetables,Tomato,Other,Local,500.00,"1,500.00","1,000.00",Rs./Quintal,25.00,Metric Tonnes,16-04-2026
Maharashtra,Ahilyanagar,Sangamner APMC,Vegetables,Tomato,Other,Local,250.00,"1,250.00",750.00,Rs./Quintal,6.00,Metric Tonnes,16-03-2026
Maharashtra,Ahilyanagar,Sangamner APMC,Vegetables,Tomato,Other,Local,250.00,"1,250.00",750.00,Rs./Quintal,11.00,Metric Tonnes,16-02-2026
Maharashtra,Ahilyanagar,Sangamner APMC,Vegetables,Tomato,Other,Local,500.00,"3,000.00","1,750.00",Rs./Quintal,15.00,Metric Tonnes,16-01-2026
Maharashtra,Ahilyanagar,Sangamner APMC,Vegetables,Tomato,Other,Local,"1,000.00","4,000.00","2,500.00",Rs./Quintal,12.00,Metric Tonnes,15-12-2025
Maharashtra,Ahilyanagar,Sangamner APMC,Vegetables,Tomato,Other,Local,"1,000.00","3,500.00","2,250.00",Rs./Quintal,180.00,Metric Tonnes,15-06-2026
Maharashtra,Ahilyanagar,Sangamner APMC,Vegetables,Tomato,Other,Local,500.00,"2,500.00","1,500.00",Rs./Quintal,260.00,Metric Tonnes,15-05-2026
Maharashtra,Ahilyanagar,Sangamner APMC,Vegetables,Tomato,Other,Local,500.00,"1,625.00","1,063.00",Rs./Quintal,18.00,Metric Tonnes,15-04-2026
Maharashtra,Ahilyanagar,Sangamner APMC,Vegetables,Tomato,Other,Local,250.00,"1,250.00",750.00,Rs./Quintal,5.00,Metric Tonnes,15-03-2026
Maharashtra,Ahilyanagar,Sangamner APMC,Vegetables,Tomato,Other,Local,250.00,"1,250.00",750.00,Rs./Quintal,15.00,Metric Tonnes,15-02-2026
Maharashtra,Ahilyanagar,Sangamner APMC,Vegetables,Tomato,Other,Local,500.00,"2,750.00","1,625.00",Rs./Quintal,12.00,Metric Tonnes,15-01-2026
Maharashtra,Ahilyanagar,Sangamner APMC,Vegetables,Tomato,Other,Local,500.00,"3,500.00","2,000.00",Rs./Quintal,9.00,Metric Tonnes,14-12-2025
Maharashtra,Ahilyanagar,Sangamner APMC,Vegetables,Tomato,Other,Local,"1,000.00","3,750.00","2,375.00",Rs./Quintal,15.00,Metric Tonnes,14-11-2025
Maharashtra,Ahilyanagar,Sangamner APMC,Vegetables,Tomato,Other,Local,500.00,"2,000.00","1,250.00",Rs./Quintal,360.00,Metric Tonnes,14-08-2026
Maharashtra,Ahilyanagar,Sangamner APMC,Vegetables,Tomato,Other,Local,500.00,"2,500.00","1,500.00",Rs./Quintal,195.00,Metric Tonnes,14-07-2026
Maharashtra,Ahilyanagar,Sangamner APMC,Vegetables,Tomato,Other,Local,"1,000.00","3,250.00","2,125.00",Rs./Quintal,120.00,Metric Tonnes,14-06-2026
Maharashtra,Ahilyanagar,Sangamner APMC,Vegetables,Tomato,Other,Local,500.00,"2,000.00","1,250.00",Rs./Quintal,185.00,Metric Tonnes,14-05-2026
Maharashtra,Ahilyanagar,Sangamner APMC,Vegetables,Tomato,Other,Local,500.00,"1,500.00","1,000.00",Rs./Quintal,23.00,Metric Tonnes,14-04-2026
Maharashtra,Ahilyanagar,Sangamner APMC,Vegetables,Tomato,Other,Local,250.00,"1,250.00",750.00,Rs./Quintal,9.00,Metric Tonnes,14-03-2026
Maharashtra,Ahilyanagar,Sangamner APMC,Vegetables,Tomato,Other,Local,250.00,"1,250.00",750.00,Rs./Quintal,18.00,Metric Tonnes,14-02-2026
Maharashtra,Ahilyanagar,Sangamner APMC,Vegetables,Tomato,Other,Local,500.00,"2,750.00","1,625.00",Rs./Quintal,18.00,Metric Tonnes,14-01-2026
Maharashtra,Ahilyanagar,Sangamner APMC,Vegetables,Tomato,Other,Local,"1,000.00","3,500.00","2,250.00",Rs./Quintal,12.00,Metric Tonnes,13-11-2025
Maharashtra,Ahilyanagar,Sangamner APMC,Vegetables,Tomato,Other,Local,750.00,"2,250.00","1,500.00",Rs./Quintal,420.00,Metric Tonnes,13-08-2026
Maharashtra,Ahilyanagar,Sangamner APMC,Vegetables,Tomato,Other,Local,500.00,"2,250.00","1,375.00",Rs./Quintal,155.00,Metric Tonnes,13-07-2026
Maharashtra,Ahilyanagar,Sangamner APMC,Vegetables,Tomato,Other,Local,500.00,"2,350.00","1,425.00",Rs./Quintal,245.00,Metric Tonnes,13-05-2026
Maharashtra,Ahilyanagar,Sangamner APMC,Vegetables,Tomato,Other,Local,250.00,"1,375.00",813.00,Rs./Quintal,8.50,Metric Tonnes,13-03-2026
Maharashtra,Ahilyanagar,Sangamner APMC,Vegetables,Tomato,Other,Local,250.00,"1,250.00",750.00,Rs./Quintal,21.00,Metric Tonnes,13-02-2026
Maharashtra,Ahilyanagar,Sangamner APMC,Vegetables,Tomato,Other,Local,500.00,"2,750.00","1,625.00",Rs./Quintal,22.50,Metric Tonnes,13-01-2026
Maharashtra,Ahilyanagar,Sangamner APMC,Vegetables,Tomato,Other,Local,750.00,"3,500.00","2,125.00",Rs./Quintal,12.00,Metric Tonnes,12-12-2025
Maharashtra,Ahilyanagar,Sangamner APMC,Vegetables,Tomato,Other,Local,"1,000.00","3,500.00","2,250.00",Rs./Quintal,9.00,Metric Tonnes,12-11-2025
Maharashtra,Ahilyanagar,Sangamner APMC,Vegetables,Tomato,Other,Local,750.00,"2,250.00","1,500.00",Rs./Quintal,380.00,Metric Tonnes,12-08-2026
Maharashtra,Ahilyanagar,Sangamner APMC,Vegetables,Tomato,Other,Local,500.00,"2,500.00","1,500.00",Rs./Quintal,150.00,Metric Tonnes,12-07-2026
Maharashtra,Ahilyanagar,Sangamner APMC,Vegetables,Tomato,Other,Local,"1,000.00","3,250.00","2,125.00",Rs./Quintal,120.00,Metric Tonnes,12-06-2026
Maharashtra,Ahilyanagar,Sangamner APMC,Vegetables,Tomato,Other,Local,500.00,"2,000.00","1,250.00",Rs./Quintal,225.00,Metric Tonnes,12-05-2026
Maharashtra,Ahilyanagar,Sangamner APMC,Vegetables,Tomato,Other,Local,250.00,"1,500.00",875.00,Rs./Quintal,15.00,Metric Tonnes,12-04-2026
Maharashtra,Ahilyanagar,Sangamner APMC,Vegetables,Tomato,Other,Local,500.00,"1,500.00","1,000.00",Rs./Quintal,7.50,Metric Tonnes,12-03-2026
Maharashtra,Ahilyanagar,Sangamner APMC,Vegetables,Tomato,Other,Local,250.00,"1,250.00",700.00,Rs./Quintal,18.00,Metric Tonnes,12-02-2026
Maharashtra,Ahilyanagar,Sangamner APMC,Vegetables,Tomato,Other,Local,500.00,"2,750.00","1,625.00",Rs./Quintal,20.00,Metric Tonnes,12-01-2026
Maharashtra,Ahilyanagar,Sangamner APMC,Vegetables,Tomato,Other,Local,500.00,"3,000.00","1,750.00",Rs./Quintal,10.00,Metric Tonnes,11-12-2025
Maharashtra,Ahilyanagar,Sangamner APMC,Vegetables,Tomato,Other,Local,750.00,"2,750.00","1,750.00",Rs./Quintal,6.50,Metric Tonnes,11-11-2025
Maharashtra,Ahilyanagar,Sangamner APMC,Vegetables,Tomato,Other,Local,750.00,"2,000.00","1,375.00",Rs./Quintal,240.00,Metric Tonnes,11-08-2026
Maharashtra,Ahilyanagar,Sangamner APMC,Vegetables,Tomato,Other,Local,500.00,"2,500.00","1,500.00",Rs./Quintal,155.00,Metric Tonnes,11-07-2026
Maharashtra,Ahilyanagar,Sangamner APMC,Vegetables,Tomato,Other,Local,"1,000.00","3,500.00","2,250.00",Rs./Quintal,150.00,Metric Tonnes,11-06-2026
Maharashtra,Ahilyanagar,Sangamner APMC,Vegetables,Tomato,Other,Local,500.00,"2,500.00","1,500.00",Rs./Quintal,185.00,Metric Tonnes,11-05-2026
Maharashtra,Ahilyanagar,Sangamner APMC,Vegetables,Tomato,Other,Local,500.00,"1,750.00","1,125.00",Rs./Quintal,12.00,Metric Tonnes,11-03-2026
Maharashtra,Ahilyanagar,Sangamner APMC,Vegetables,Tomato,Other,Local,250.00,"1,250.00",750.00,Rs./Quintal,15.00,Metric Tonnes,11-02-2026
Maharashtra,Ahilyanagar,Sangamner APMC,Vegetables,Tomato,Other,Local,750.00,"2,000.00","1,375.00",Rs./Quintal,14.30,Metric Tonnes,11-01-2026
Maharashtra,Ahilyanagar,Sangamner APMC,Vegetables,Tomato,Other,Local,500.00,"2,625.00","1,562.00",Rs./Quintal,7.00,Metric Tonnes,10-12-2025
Maharashtra,Ahilyanagar,Sangamner APMC,Vegetables,Tomato,Other,Local,500.00,"2,500.00","1,500.00",Rs./Quintal,9.50,Metric Tonnes,10-11-2025
Maharashtra,Ahilyanagar,Sangamner APMC,Vegetables,Tomato,Other,Local,500.00,"2,500.00","1,500.00",Rs./Quintal,150.00,Metric Tonnes,10-07-2026
Maharashtra,Ahilyanagar,Sangamner APMC,Vegetables,Tomato,Other,Local,"1,000.00","4,000.00","2,500.00",Rs./Quintal,180.00,Metric Tonnes,10-06-2026
Maharashtra,Ahilyanagar,Sangamner APMC,Vegetables,Tomato,Other,Local,500.00,"2,250.00","1,375.00",Rs./Quintal,155.00,Metric Tonnes,10-05-2026
Maharashtra,Ahilyanagar,Sangamner APMC,Vegetables,Tomato,Other,Local,250.00,"1,000.00",625.00,Rs./Quintal,24.00,Metric Tonnes,10-04-2026
Maharashtra,Ahilyanagar,Sangamner APMC,Vegetables,Tomato,Other,Local,400.00,"1,500.00",850.00,Rs./Quintal,7.50,Metric Tonnes,10-03-2026
Maharashtra,Ahilyanagar,Sangamner APMC,Vegetables,Tomato,Other,Local,250.00,"1,250.00",700.00,Rs./Quintal,15.00,Metric Tonnes,10-02-2026
Maharashtra,Ahilyanagar,Sangamner APMC,Vegetables,Tomato,Other,Local,500.00,"2,750.00","1,625.00",Rs./Quintal,10.50,Metric Tonnes,09-12-2025
Maharashtra,Ahilyanagar,Sangamner APMC,Vegetables,Tomato,Other,Local,500.00,"1,500.00",750.00,Rs./Quintal,235.00,Metric Tonnes,09-08-2026
Maharashtra,Ahilyanagar,Sangamner APMC,Vegetables,Tomato,Other,Local,500.00,"2,500.00","1,500.00",Rs./Quintal,85.00,Metric Tonnes,09-07-2026
Maharashtra,Ahilyanagar,Sangamner APMC,Vegetables,Tomato,Other,Local,"1,000.00","4,000.00","2,500.00",Rs./Quintal,185.00,Metric Tonnes,09-06-2026
Maharashtra,Ahilyanagar,Sangamner APMC,Vegetables,Tomato,Other,Local,250.00,"1,000.00",625.00,Rs./Quintal,15.00,Metric Tonnes,09-04-2026
Maharashtra,Ahilyanagar,Sangamner APMC,Vegetables,Tomato,Other,Local,500.00,"1,750.00","1,125.00",Rs./Quintal,7.50,Metric Tonnes,09-03-2026
Maharashtra,Ahilyanagar,Sangamner APMC,Vegetables,Tomato,Other,Local,250.00,"1,000.00",625.00,Rs./Quintal,12.00,Metric Tonnes,09-02-2026
Maharashtra,Ahilyanagar,Sangamner APMC,Vegetables,Tomato,Other,Local,500.00,"2,500.00","1,000.00",Rs./Quintal,9.50,Metric Tonnes,08-12-2025
Maharashtra,Ahilyanagar,Sangamner APMC,Vegetables,Tomato,Other,Local,500.00,"2,000.00","1,250.00",Rs./Quintal,6.50,Metric Tonnes,08-11-2025
Maharashtra,Ahilyanagar,Sangamner APMC,Vegetables,Tomato,Other,Local,500.00,"1,500.00","1,000.00",Rs./Quintal,250.00,Metric Tonnes,08-08-2026
Maharashtra,Ahilyanagar,Sangamner APMC,Vegetables,Tomato,Other,Local,500.00,"2,500.00","1,500.00",Rs./Quintal,105.00,Metric Tonnes,08-07-2026
Maharashtra,Ahilyanagar,Sangamner APMC,Vegetables,Tomato,Other,Local,"1,000.00","3,000.00","2,000.00",Rs./Quintal,195.00,Metric Tonnes,08-06-2026
Maharashtra,Ahilyanagar,Sangamner APMC,Vegetables,Tomato,Other,Local,500.00,"1,750.00","1,125.00",Rs./Quintal,103.00,Metric Tonnes,08-05-2026
Maharashtra,Ahilyanagar,Sangamner APMC,Vegetables,Tomato,Other,Local,250.00,"1,000.00",625.00,Rs./Quintal,13.00,Metric Tonnes,08-04-2026
Maharashtra,Ahilyanagar,Sangamner APMC,Vegetables,Tomato,Other,Local,250.00,"1,750.00","1,000.00",Rs./Quintal,4.50,Metric Tonnes,08-03-2026
Maharashtra,Ahilyanagar,Sangamner APMC,Vegetables,Tomato,Other,Local,250.00,"1,250.00",750.00,Rs./Quintal,12.00,Metric Tonnes,08-02-2026
Maharashtra,Ahilyanagar,Sangamner APMC,Vegetables,Tomato,Other,Local,500.00,"2,500.00","1,500.00",Rs./Quintal,24.00,Metric Tonnes,08-01-2026
Maharashtra,Ahilyanagar,Sangamner APMC,Vegetables,Tomato,Other,Local,500.00,"2,000.00","1,250.00",Rs./Quintal,6.00,Metric Tonnes,07-11-2025
Maharashtra,Ahilyanagar,Sangamner APMC,Vegetables,Tomato,Other,Local,"1,000.00","3,500.00","2,250.00",Rs./Quintal,130.00,Metric Tonnes,07-07-2026
Maharashtra,Ahilyanagar,Sangamner APMC,Vegetables,Tomato,Other,Local,"1,000.00","3,000.00","2,000.00",Rs./Quintal,175.00,Metric Tonnes,07-06-2026
Maharashtra,Ahilyanagar,Sangamner APMC,Vegetables,Tomato,Other,Local,250.00,"1,000.00",625.00,Rs./Quintal,15.00,Metric Tonnes,07-04-2026
Maharashtra,Ahilyanagar,Sangamner APMC,Vegetables,Tomato,Other,Local,250.00,"1,500.00",875.00,Rs./Quintal,15.00,Metric Tonnes,07-03-2026
Maharashtra,Ahilyanagar,Sangamner APMC,Vegetables,Tomato,Other,Local,"1,000.00","3,500.00","2,250.00",Rs./Quintal,24.00,Metric Tonnes,07-01-2026
Maharashtra,Ahilyanagar,Sangamner APMC,Vegetables,Tomato,Other,Local,500.00,"2,000.00","1,250.00",Rs./Quintal,240.00,Metric Tonnes,06-08-2026
Maharashtra,Ahilyanagar,Sangamner APMC,Vegetables,Tomato,Other,Local,"1,000.00","3,250.00","2,125.00",Rs./Quintal,185.00,Metric Tonnes,06-07-2026
Maharashtra,Ahilyanagar,Sangamner APMC,Vegetables,Tomato,Other,Local,500.00,"2,250.00","1,375.00",Rs./Quintal,93.00,Metric Tonnes,06-05-2026
Maharashtra,Ahilyanagar,Sangamner APMC,Vegetables,Tomato,Other,Local,250.00,850.00,500.00,Rs./Quintal,12.00,Metric Tonnes,06-04-2026
Maharashtra,Ahilyanagar,Sangamner APMC,Vegetables,Tomato,Other,Local,250.00,"1,250.00",750.00,Rs./Quintal,12.00,Metric Tonnes,06-03-2026
Maharashtra,Ahilyanagar,Sangamner APMC,Vegetables,Tomato,Other,Local,250.00,"1,250.00",750.00,Rs./Quintal,15.00,Metric Tonnes,06-02-2026
Maharashtra,Ahilyanagar,Sangamner APMC,Vegetables,Tomato,Other,Local,500.00,"3,500.00","2,000.00",Rs./Quintal,18.00,Metric Tonnes,06-01-2026
Maharashtra,Ahilyanagar,Sangamner APMC,Vegetables,Tomato,Other,Local,500.00,"2,500.00","1,500.00",Rs./Quintal,4.50,Metric Tonnes,05-12-2025
Maharashtra,Ahilyanagar,Sangamner APMC,Vegetables,Tomato,Other,Local,500.00,"2,000.00","1,250.00",Rs./Quintal,215.00,Metric Tonnes,05-08-2026
Maharashtra,Ahilyanagar,Sangamner APMC,Vegetables,Tomato,Other,Local,"1,000.00","3,000.00","2,000.00",Rs./Quintal,150.00,Metric Tonnes,05-07-2026
Maharashtra,Ahilyanagar,Sangamner APMC,Vegetables,Tomato,Other,Local,500.00,"2,750.00","1,625.00",Rs./Quintal,180.00,Metric Tonnes,05-06-2026
Maharashtra,Ahilyanagar,Sangamner APMC,Vegetables,Tomato,Other,Local,500.00,"2,500.00","1,500.00",Rs./Quintal,90.00,Metric Tonnes,05-05-2026
Maharashtra,Ahilyanagar,Sangamner APMC,Vegetables,Tomato,Other,Local,250.00,"1,000.00",625.00,Rs./Quintal,12.00,Metric Tonnes,05-04-2026
Maharashtra,Ahilyanagar,Sangamner APMC,Vegetables,Tomato,Other,Local,250.00,"1,250.00",750.00,Rs./Quintal,9.00,Metric Tonnes,05-03-2026
Maharashtra,Ahilyanagar,Sangamner APMC,Vegetables,Tomato,Other,Local,250.00,"1,250.00",750.00,Rs./Quintal,13.00,Metric Tonnes,05-02-2026
Maharashtra,Ahilyanagar,Sangamner APMC,Vegetables,Tomato,Other,Local,600.00,"4,000.00","2,300.00",Rs./Quintal,14.00,Metric Tonnes,05-01-2026
Maharashtra,Ahilyanagar,Sangamner APMC,Vegetables,Tomato,Other,Local,500.00,"2,000.00","1,250.00",Rs./Quintal,245.00,Metric Tonnes,04-08-2026
Maharashtra,Ahilyanagar,Sangamner APMC,Vegetables,Tomato,Other,Local,"1,000.00","3,000.00","2,000.00",Rs./Quintal,175.00,Metric Tonnes,04-06-2026
Maharashtra,Ahilyanagar,Sangamner APMC,Vegetables,Tomato,Other,Local,500.00,"2,250.00","1,375.00",Rs./Quintal,105.00,Metric Tonnes,04-05-2026
Maharashtra,Ahilyanagar,Sangamner APMC,Vegetables,Tomato,Other,Local,250.00,"1,000.00",625.00,Rs./Quintal,12.00,Metric Tonnes,04-04-2026
Maharashtra,Ahilyanagar,Sangamner APMC,Vegetables,Tomato,Other,Local,250.00,"1,250.00",750.00,Rs./Quintal,6.50,Metric Tonnes,04-03-2026
Maharashtra,Ahilyanagar,Sangamner APMC,Vegetables,Tomato,Other,Local,250.00,"1,500.00",875.00,Rs./Quintal,19.00,Metric Tonnes,04-02-2026
Maharashtra,Ahilyanagar,Sangamner APMC,Vegetables,Tomato,Other,Local,"1,000.00","4,000.00","2,500.00",Rs./Quintal,12.00,Metric Tonnes,04-01-2026
Maharashtra,Ahilyanagar,Sangamner APMC,Vegetables,Tomato,Other,Local,500.00,"2,250.00","1,375.00",Rs./Quintal,6.50,Metric Tonnes,03-12-2025
Maharashtra,Ahilyanagar,Sangamner APMC,Vegetables,Tomato,Other,Local,750.00,"2,500.00","1,625.00",Rs./Quintal,120.00,Metric Tonnes,03-07-2026
Maharashtra,Ahilyanagar,Sangamner APMC,Vegetables,Tomato,Other,Local,"1,000.00","3,000.00","2,000.00",Rs./Quintal,180.00,Metric Tonnes,03-06-2026
Maharashtra,Ahilyanagar,Sangamner APMC,Vegetables,Tomato,Other,Local,500.00,"2,000.00","1,250.00",Rs./Quintal,101.00,Metric Tonnes,03-05-2026
Maharashtra,Ahilyanagar,Sangamner APMC,Vegetables,Tomato,Other,Local,250.00,"1,500.00",875.00,Rs./Quintal,15.00,Metric Tonnes,03-02-2026
Maharashtra,Ahilyanagar,Sangamner APMC,Vegetables,Tomato,Other,Local,500.00,"2,500.00","1,500.00",Rs./Quintal,7.50,Metric Tonnes,02-12-2025
Maharashtra,Ahilyanagar,Sangamner APMC,Vegetables,Tomato,Other,Local,750.00,"3,000.00","1,875.00",Rs./Quintal,160.00,Metric Tonnes,02-07-2026
Maharashtra,Ahilyanagar,Sangamner APMC,Vegetables,Tomato,Other,Local,"1,000.00","3,000.00","1,500.00",Rs./Quintal,180.00,Metric Tonnes,02-06-2026
Maharashtra,Ahilyanagar,Sangamner APMC,Vegetables,Tomato,Other,Local,500.00,"2,500.00","1,500.00",Rs./Quintal,105.00,Metric Tonnes,02-05-2026
Maharashtra,Ahilyanagar,Sangamner APMC,Vegetables,Tomato,Other,Local,250.00,"1,000.00",625.00,Rs./Quintal,10.50,Metric Tonnes,02-04-2026
Maharashtra,Ahilyanagar,Sangamner APMC,Vegetables,Tomato,Other,Local,250.00,"1,250.00",750.00,Rs./Quintal,12.00,Metric Tonnes,02-03-2026
Maharashtra,Ahilyanagar,Sangamner APMC,Vegetables,Tomato,Other,Local,250.00,"1,500.00",875.00,Rs./Quintal,18.00,Metric Tonnes,02-02-2026
Maharashtra,Ahilyanagar,Sangamner APMC,Vegetables,Tomato,Other,Local,"1,000.00","4,000.00","2,500.00",Rs./Quintal,15.00,Metric Tonnes,02-01-2026
Maharashtra,Ahilyanagar,Sangamner APMC,Vegetables,Tomato,Other,Local,500.00,"2,500.00","1,500.00",Rs./Quintal,12.00,Metric Tonnes,01-12-2025
Maharashtra,Ahilyanagar,Sangamner APMC,Vegetables,Tomato,Other,Local,500.00,"3,000.00","1,750.00",Rs./Quintal,155.00,Metric Tonnes,01-07-2026
Maharashtra,Ahilyanagar,Sangamner APMC,Vegetables,Tomato,Other,Local,750.00,"3,000.00","1,875.00",Rs./Quintal,210.00,Metric Tonnes,01-06-2026
Maharashtra,Ahilyanagar,Sangamner APMC,Vegetables,Tomato,Other,Local,500.00,"2,500.00","1,500.00",Rs./Quintal,94.00,Metric Tonnes,01-05-2026
Maharashtra,Ahilyanagar,Sangamner APMC,Vegetables,Tomato,Other,Local,250.00,"1,000.00",625.00,Rs./Quintal,12.00,Metric Tonnes,01-04-2026
Maharashtra,Ahilyanagar,Sangamner APMC,Vegetables,Tomato,Other,Local,250.00,"1,500.00",851.00,Rs./Quintal,18.00,Metric Tonnes,01-02-2026
Maharashtra,Ahilyanagar,Sangamner APMC,Vegetables,Tomato,Other,Local,"1,000.00","4,000.00","2,500.00",Rs./Quintal,10.00,Metric Tonnes,01-01-2026
Maharashtra,Ahilyanagar,Shrirampur APMC,Vegetables,Tomato,Other,Local,"2,000.00","3,000.00","2,550.00",Rs./Quintal,3.30,Metric Tonnes,31-12-2025
Maharashtra,Ahilyanagar,Shrirampur APMC,Vegetables,Tomato,Other,Local,"1,000.00","1,500.00","1,250.00",Rs./Quintal,2.80,Metric Tonnes,31-07-2026
Maharashtra,Ahilyanagar,Shrirampur APMC,Vegetables,Tomato,Other,Local,"1,500.00","2,000.00","1,750.00",Rs./Quintal,2.70,Metric Tonnes,31-05-2026
Maharashtra,Ahilyanagar,Shrirampur APMC,Vegetables,Tomato,Other,Local,"1,000.00","1,500.00","1,250.00",Rs./Quintal,1.80,Metric Tonnes,31-01-2026
Maharashtra,Ahilyanagar,Shrirampur APMC,Vegetables,Tomato,Other,Local,"1,500.00","2,000.00","1,750.00",Rs./Quintal,2.80,Metric Tonnes,30-11-2025
Maharashtra,Ahilyanagar,Shrirampur APMC,Vegetables,Tomato,Other,Local,"1,000.00","1,500.00","1,250.00",Rs./Quintal,2.20,Metric Tonnes,30-07-2026
Maharashtra,Ahilyanagar,Shrirampur APMC,Vegetables,Tomato,Other,Local,"1,000.00","1,500.00","1,250.00",Rs./Quintal,2.70,Metric Tonnes,30-05-2026
Maharashtra,Ahilyanagar,Shrirampur APMC,Vegetables,Tomato,Other,Local,800.00,"1,200.00","1,000.00",Rs./Quintal,2.50,Metric Tonnes,30-04-2026
Maharashtra,Ahilyanagar,Shrirampur APMC,Vegetables,Tomato,Other,Local,500.00,900.00,700.00,Rs./Quintal,2.50,Metric Tonnes,30-03-2026
Maharashtra,Ahilyanagar,Shrirampur APMC,Vegetables,Tomato,Other,Local,"2,000.00","3,000.00","2,500.00",Rs./Quintal,2.30,Metric Tonnes,29-12-2025
Maharashtra,Ahilyanagar,Shrirampur APMC,Vegetables,Tomato,Other,Local,"2,000.00","2,500.00","2,250.00",Rs./Quintal,2.30,Metric Tonnes,29-11-2025
Maharashtra,Ahilyanagar,Shrirampur APMC,Vegetables,Tomato,Other,Local,"1,000.00","2,000.00","1,500.00",Rs./Quintal,2.80,Metric Tonnes,29-07-2026
Maharashtra,Ahilyanagar,Shrirampur APMC,Vegetables,Tomato,Other,Local,"1,000.00","2,200.00","1,700.00",Rs./Quintal,2.60,Metric Tonnes,29-06-2026
Maharashtra,Ahilyanagar,Shrirampur APMC,Vegetables,Tomato,Other,Local,800.00,"1,500.00","1,150.00",Rs./Quintal,3.30,Metric Tonnes,29-05-2026
Maharashtra,Ahilyanagar,Shrirampur APMC,Vegetables,Tomato,Other,Local,"1,000.00","1,500.00","1,250.00",Rs./Quintal,3.10,Metric Tonnes,29-04-2026
Maharashtra,Ahilyanagar,Shrirampur APMC,Vegetables,Tomato,Other,Local,500.00,"1,000.00",750.00,Rs./Quintal,3.70,Metric Tonnes,29-03-2026
Maharashtra,Ahilyanagar,Shrirampur APMC,Vegetables,Tomato,Other,Local,"1,000.00","1,500.00","1,250.00",Rs./Quintal,2.20,Metric Tonnes,29-01-2026
Maharashtra,Ahilyanagar,Shrirampur APMC,Vegetables,Tomato,Other,Local,"2,000.00","3,000.00","2,500.00",Rs./Quintal,2.80,Metric Tonnes,28-12-2025
Maharashtra,Ahilyanagar,Shrirampur APMC,Vegetables,Tomato,Other,Local,"2,000.00","2,500.00","2,250.00",Rs./Quintal,3.10,Metric Tonnes,28-11-2025
Maharashtra,Ahilyanagar,Shrirampur APMC,Vegetables,Tomato,Other,Local,"1,000.00","2,500.00","1,700.00",Rs./Quintal,3.20,Metric Tonnes,28-06-2026
Maharashtra,Ahilyanagar,Shrirampur APMC,Vegetables,Tomato,Other,Local,"1,000.00","1,500.00","1,250.00",Rs./Quintal,2.40,Metric Tonnes,28-05-2026
Maharashtra,Ahilyanagar,Shrirampur APMC,Vegetables,Tomato,Other,Local,500.00,800.00,650.00,Rs./Quintal,2.70,Metric Tonnes,28-03-2026
Maharashtra,Ahilyanagar,Shrirampur APMC,Vegetables,Tomato,Other,Local,500.00,"1,000.00",750.00,Rs./Quintal,2.50,Metric Tonnes,28-02-2026
Maharashtra,Ahilyanagar,Shrirampur APMC,Vegetables,Tomato,Other,Local,"1,000.00","1,500.00","1,250.00",Rs./Quintal,2.80,Metric Tonnes,28-01-2026
Maharashtra,Ahilyanagar,Shrirampur APMC,Vegetables,Tomato,Other,Local,"2,000.00","3,000.00","2,550.00",Rs./Quintal,2.20,Metric Tonnes,27-12-2025
Maharashtra,Ahilyanagar,Shrirampur APMC,Vegetables,Tomato,Other,Local,"2,500.00","3,000.00","2,750.00",Rs./Quintal,2.40,Metric Tonnes,27-11-2025
Maharashtra,Ahilyanagar,Shrirampur APMC,Vegetables,Tomato,Other,Local,"1,500.00","2,000.00","1,750.00",Rs./Quintal,2.30,Metric Tonnes,27-07-2026
Maharashtra,Ahilyanagar,Shrirampur APMC,Vegetables,Tomato,Other,Local,"1,500.00","2,000.00","1,750.00",Rs./Quintal,3.50,Metric Tonnes,27-05-2026
Maharashtra,Ahilyanagar,Shrirampur APMC,Vegetables,Tomato,Other,Local,600.00,"1,000.00",800.00,Rs./Quintal,2.50,Metric Tonnes,27-04-2026
Maharashtra,Ahilyanagar,Shrirampur APMC,Vegetables,Tomato,Other,Local,800.00,"1,000.00",900.00,Rs./Quintal,3.20,Metric Tonnes,27-03-2026
Maharashtra,Ahilyanagar,Shrirampur APMC,Vegetables,Tomato,Other,Local,800.00,"1,200.00","1,000.00",Rs./Quintal,3.70,Metric Tonnes,27-02-2026
Maharashtra,Ahilyanagar,Shrirampur APMC,Vegetables,Tomato,Other,Local,"2,000.00","3,000.00","2,550.00",Rs./Quintal,3.20,Metric Tonnes,26-12-2025
Maharashtra,Ahilyanagar,Shrirampur APMC,Vegetables,Tomato,Other,Local,"2,500.00","3,500.00","3,000.00",Rs./Quintal,2.80,Metric Tonnes,26-11-2025
Maharashtra,Ahilyanagar,Shrirampur APMC,Vegetables,Tomato,Other,Local,"1,000.00","2,000.00","1,500.00",Rs./Quintal,2.70,Metric Tonnes,26-07-2026
Maharashtra,Ahilyanagar,Shrirampur APMC,Vegetables,Tomato,Other,Local,800.00,"1,000.00",900.00,Rs./Quintal,3.20,Metric Tonnes,26-04-2026
Maharashtra,Ahilyanagar,Shrirampur APMC,Vegetables,Tomato,Other,Local,500.00,"1,000.00",750.00,Rs./Quintal,2.70,Metric Tonnes,26-03-2026
Maharashtra,Ahilyanagar,Shrirampur APMC,Vegetables,Tomato,Other,Local,800.00,"1,200.00","1,000.00",Rs./Quintal,3.10,Metric Tonnes,26-02-2026
Maharashtra,Ahilyanagar,Shrirampur APMC,Vegetables,Tomato,Other,Local,"1,500.00","2,000.00","1,750.00",Rs./Quintal,2.30,Metric Tonnes,26-01-2026
Maharashtra,Ahilyanagar,Shrirampur APMC,Vegetables,Tomato,Other,Local,"2,000.00","3,000.00","2,550.00",Rs./Quintal,2.00,Metric Tonnes,25-12-2025
Maharashtra,Ahilyanagar,Shrirampur APMC,Vegetables,Tomato,Other,Local,"2,000.00","3,000.00","2,550.00",Rs./Quintal,2.60,Metric Tonnes,25-06-2026
Maharashtra,Ahilyanagar,Shrirampur APMC,Vegetables,Tomato,Other,Local,"1,000.00","2,000.00","1,550.00",Rs./Quintal,2.90,Metric Tonnes,25-05-2026
Maharashtra,Ahilyanagar,Shrirampur APMC,Vegetables,Tomato,Other,Local,800.00,"1,200.00","1,000.00",Rs./Quintal,3.10,Metric Tonnes,25-04-2026
Maharashtra,Ahilyanagar,Shrirampur APMC,Vegetables,Tomato,Other,Local,500.00,"1,000.00",750.00,Rs./Quintal,2.80,Metric Tonnes,25-03-2026
Maharashtra,Ahilyanagar,Shrirampur APMC,Vegetables,Tomato,Other,Local,800.00,"1,500.00","1,150.00",Rs./Quintal,3.10,Metric Tonnes,25-02-2026
Maharashtra,Ahilyanagar,Shrirampur APMC,Vegetables,Tomato,Other,Local,"2,000.00","2,500.00","2,250.00",Rs./Quintal,3.40,Metric Tonnes,24-12-2025
Maharashtra,Ahilyanagar,Shrirampur APMC,Vegetables,Tomato,Other,Local,"3,000.00","3,500.00","3,250.00",Rs./Quintal,2.40,Metric Tonnes,24-11-2025
Maharashtra,Ahilyanagar,Shrirampur APMC,Vegetables,Tomato,Other,Local,"1,000.00","2,000.00","1,500.00",Rs./Quintal,3.00,Metric Tonnes,24-07-2026
Maharashtra,Ahilyanagar,Shrirampur APMC,Vegetables,Tomato,Other,Local,"2,000.00","3,000.00","2,500.00",Rs./Quintal,3.10,Metric Tonnes,24-06-2026
Maharashtra,Ahilyanagar,Shrirampur APMC,Vegetables,Tomato,Other,Local,"1,000.00","1,500.00","1,250.00",Rs./Quintal,3.70,Metric Tonnes,24-05-2026
Maharashtra,Ahilyanagar,Shrirampur APMC,Vegetables,Tomato,Other,Local,800.00,"1,200.00","1,000.00",Rs./Quintal,3.30,Metric Tonnes,24-04-2026
Maharashtra,Ahilyanagar,Shrirampur APMC,Vegetables,Tomato,Other,Local,"1,000.00","1,500.00","1,250.00",Rs./Quintal,2.50,Metric Tonnes,24-01-2026
Maharashtra,Ahilyanagar,Shrirampur APMC,Vegetables,Tomato,Other,Local,"1,000.00","2,000.00","1,500.00",Rs./Quintal,2.60,Metric Tonnes,23-07-2026
Maharashtra,Ahilyanagar,Shrirampur APMC,Vegetables,Tomato,Other,Local,"1,000.00","1,800.00","1,400.00",Rs./Quintal,2.50,Metric Tonnes,23-05-2026
Maharashtra,Ahilyanagar,Shrirampur APMC,Vegetables,Tomato,Other,Local,800.00,"1,200.00","1,000.00",Rs./Quintal,2.70,Metric Tonnes,23-04-2026
Maharashtra,Ahilyanagar,Shrirampur APMC,Vegetables,Tomato,Other,Local,500.00,900.00,700.00,Rs./Quintal,2.50,Metric Tonnes,23-03-2026
Maharashtra,Ahilyanagar,Shrirampur APMC,Vegetables,Tomato,Other,Local,800.00,"1,000.00",900.00,Rs./Quintal,2.60,Metric Tonnes,23-02-2026
Maharashtra,Ahilyanagar,Shrirampur APMC,Vegetables,Tomato,Other,Local,"1,000.00","1,500.00","1,250.00",Rs./Quintal,3.60,Metric Tonnes,23-01-2026
Maharashtra,Ahilyanagar,Shrirampur APMC,Vegetables,Tomato,Other,Local,"2,000.00","3,000.00","2,550.00",Rs./Quintal,2.80,Metric Tonnes,22-12-2025
Maharashtra,Ahilyanagar,Shrirampur APMC,Vegetables,Tomato,Other,Local,"3,000.00","3,500.00","3,250.00",Rs./Quintal,2.30,Metric Tonnes,22-11-2025
Maharashtra,Ahilyanagar,Shrirampur APMC,Vegetables,Tomato,Other,Local,"1,000.00","2,000.00","1,500.00",Rs./Quintal,2.90,Metric Tonnes,22-07-2026
Maharashtra,Ahilyanagar,Shrirampur APMC,Vegetables,Tomato,Other,Local,"1,500.00","2,500.00","2,000.00",Rs./Quintal,2.70,Metric Tonnes,22-06-2026
Maharashtra,Ahilyanagar,Shrirampur APMC,Vegetables,Tomato,Other,Local,"1,000.00","2,000.00","1,550.00",Rs./Quintal,3.70,Metric Tonnes,22-05-2026
Maharashtra,Ahilyanagar,Shrirampur APMC,Vegetables,Tomato,Other,Local,500.00,"1,000.00",750.00,Rs./Quintal,3.40,Metric Tonnes,22-04-2026
Maharashtra,Ahilyanagar,Shrirampur APMC,Vegetables,Tomato,Other,Local,500.00,"1,000.00",750.00,Rs./Quintal,3.70,Metric Tonnes,22-03-2026
Maharashtra,Ahilyanagar,Shrirampur APMC,Vegetables,Tomato,Other,Local,800.00,"1,200.00","1,000.00",Rs./Quintal,3.70,Metric Tonnes,22-02-2026
Maharashtra,Ahilyanagar,Shrirampur APMC,Vegetables,Tomato,Other,Local,"1,000.00","2,000.00","1,550.00",Rs./Quintal,3.70,Metric Tonnes,22-01-2026
Maharashtra,Ahilyanagar,Shrirampur APMC,Vegetables,Tomato,Other,Local,"2,000.00","2,500.00","2,250.00",Rs./Quintal,3.40,Metric Tonnes,21-12-2025
Maharashtra,Ahilyanagar,Shrirampur APMC,Vegetables,Tomato,Other,Local,"2,500.00","3,500.00","3,000.00",Rs./Quintal,2.50,Metric Tonnes,21-11-2025
Maharashtra,Ahilyanagar,Shrirampur APMC,Vegetables,Tomato,Other,Local,500.00,"1,500.00","1,000.00",Rs./Quintal,3.00,Metric Tonnes,21-08-2026
Maharashtra,Ahilyanagar,Shrirampur APMC,Vegetables,Tomato,Other,Local,"2,000.00","3,000.00","2,550.00",Rs./Quintal,3.20,Metric Tonnes,21-06-2026
Maharashtra,Ahilyanagar,Shrirampur APMC,Vegetables,Tomato,Other,Local,"1,000.00","1,500.00","1,250.00",Rs./Quintal,2.50,Metric Tonnes,21-05-2026
Maharashtra,Ahilyanagar,Shrirampur APMC,Vegetables,Tomato,Other,Local,800.00,"1,500.00","1,150.00",Rs./Quintal,2.60,Metric Tonnes,21-02-2026
Maharashtra,Ahilyanagar,Shrirampur APMC,Vegetables,Tomato,Other,Local,"1,500.00","2,000.00","1,750.00",Rs./Quintal,3.70,Metric Tonnes,21-01-2026
Maharashtra,Ahilyanagar,Shrirampur APMC,Vegetables,Tomato,Other,Local,"3,000.00","4,000.00","3,500.00",Rs./Quintal,2.40,Metric Tonnes,20-11-2025
Maharashtra,Ahilyanagar,Shrirampur APMC,Vegetables,Tomato,Other,Local,"1,500.00","2,000.00","1,750.00",Rs./Quintal,2.70,Metric Tonnes,20-07-2026
Maharashtra,Ahilyanagar,Shrirampur APMC,Vegetables,Tomato,Other,Local,"2,000.00","3,000.00","2,500.00",Rs./Quintal,2.60,Metric Tonnes,20-06-2026
Maharashtra,Ahilyanagar,Shrirampur APMC,Vegetables,Tomato,Other,Local,"1,000.00","1,500.00","1,250.00",Rs./Quintal,3.20,Metric Tonnes,20-05-2026
Maharashtra,Ahilyanagar,Shrirampur APMC,Vegetables,Tomato,Other,Local,600.00,"1,000.00",800.00,Rs./Quintal,2.90,Metric Tonnes,20-04-2026
Maharashtra,Ahilyanagar,Shrirampur APMC,Vegetables,Tomato,Other,Local,500.00,"1,000.00",750.00,Rs./Quintal,3.40,Metric Tonnes,20-03-2026
Maharashtra,Ahilyanagar,Shrirampur APMC,Vegetables,Tomato,Other,Local,"1,000.00","1,400.00","1,200.00",Rs./Quintal,3.70,Metric Tonnes,20-02-2026
Maharashtra,Ahilyanagar,Shrirampur APMC,Vegetables,Tomato,Other,Local,"2,000.00","3,000.00","2,550.00",Rs./Quintal,3.00,Metric Tonnes,19-12-2025
Maharashtra,Ahilyanagar,Shrirampur APMC,Vegetables,Tomato,Other,Local,"2,500.00","3,500.00","3,000.00",Rs./Quintal,2.70,Metric Tonnes,19-11-2025
Maharashtra,Ahilyanagar,Shrirampur APMC,Vegetables,Tomato,Other,Local,"1,500.00","2,500.00","2,000.00",Rs./Quintal,3.40,Metric Tonnes,19-07-2026
Maharashtra,Ahilyanagar,Shrirampur APMC,Vegetables,Tomato,Other,Local,"1,000.00","2,000.00","1,550.00",Rs./Quintal,3.30,Metric Tonnes,19-06-2026
Maharashtra,Ahilyanagar,Shrirampur APMC,Vegetables,Tomato,Other,Local,500.00,"1,000.00",750.00,Rs./Quintal,3.20,Metric Tonnes,19-04-2026
Maharashtra,Ahilyanagar,Shrirampur APMC,Vegetables,Tomato,Other,Local,500.00,"1,000.00",750.00,Rs./Quintal,2.40,Metric Tonnes,19-03-2026
Maharashtra,Ahilyanagar,Shrirampur APMC,Vegetables,Tomato,Other,Local,800.00,"1,200.00","1,000.00",Rs./Quintal,3.00,Metric Tonnes,19-02-2026
Maharashtra,Ahilyanagar,Shrirampur APMC,Vegetables,Tomato,Other,Local,"1,000.00","2,000.00","1,500.00",Rs./Quintal,2.60,Metric Tonnes,19-01-2026
Maharashtra,Ahilyanagar,Shrirampur APMC,Vegetables,Tomato,Other,Local,"2,000.00","4,000.00","3,000.00",Rs./Quintal,2.20,Metric Tonnes,18-12-2025
Maharashtra,Ahilyanagar,Shrirampur APMC,Vegetables,Tomato,Other,Local,"1,000.00","2,000.00","1,500.00",Rs./Quintal,2.50,Metric Tonnes,18-07-2026
Maharashtra,Ahilyanagar,Shrirampur APMC,Vegetables,Tomato,Other,Local,"1,200.00","2,200.00","1,700.00",Rs./Quintal,2.30,Metric Tonnes,18-06-2026
Maharashtra,Ahilyanagar,Shrirampur APMC,Vegetables,Tomato,Other,Local,"1,000.00","1,500.00","1,250.00",Rs./Quintal,2.90,Metric Tonnes,18-05-2026
Maharashtra,Ahilyanagar,Shrirampur APMC,Vegetables,Tomato,Other,Local,500.00,"1,000.00",750.00,Rs./Quintal,2.90,Metric Tonnes,18-03-2026
Maharashtra,Ahilyanagar,Shrirampur APMC,Vegetables,Tomato,Other,Local,"1,000.00","1,500.00","1,250.00",Rs./Quintal,3.70,Metric Tonnes,18-02-2026
Maharashtra,Ahilyanagar,Shrirampur APMC,Vegetables,Tomato,Other,Local,"1,000.00","2,000.00","1,500.00",Rs./Quintal,3.70,Metric Tonnes,18-01-2026
Maharashtra,Ahilyanagar,Shrirampur APMC,Vegetables,Tomato,Other,Local,"2,000.00","3,000.00","2,500.00",Rs./Quintal,2.70,Metric Tonnes,17-12-2025
Maharashtra,Ahilyanagar,Shrirampur APMC,Vegetables,Tomato,Other,Local,"1,500.00","3,000.00","2,250.00",Rs./Quintal,2.30,Metric Tonnes,17-11-2025
Maharashtra,Ahilyanagar,Shrirampur APMC,Vegetables,Tomato,Other,Local,"1,000.00","2,000.00","1,500.00",Rs./Quintal,2.20,Metric Tonnes,17-08-2026
Maharashtra,Ahilyanagar,Shrirampur APMC,Vegetables,Tomato,Other,Local,"1,000.00","2,000.00","1,500.00",Rs./Quintal,3.10,Metric Tonnes,17-07-2026
Maharashtra,Ahilyanagar,Shrirampur APMC,Vegetables,Tomato,Other,Local,"1,000.00","2,200.00","1,700.00",Rs./Quintal,2.90,Metric Tonnes,17-06-2026
Maharashtra,Ahilyanagar,Shrirampur APMC,Vegetables,Tomato,Other,Local,"1,000.00","1,800.00","1,400.00",Rs./Quintal,3.20,Metric Tonnes,17-05-2026
Maharashtra,Ahilyanagar,Shrirampur APMC,Vegetables,Tomato,Other,Local,500.00,"1,000.00",750.00,Rs./Quintal,3.70,Metric Tonnes,17-04-2026
Maharashtra,Ahilyanagar,Shrirampur APMC,Vegetables,Tomato,Other,Local,"2,000.00","2,500.00","2,250.00",Rs./Quintal,2.20,Metric Tonnes,17-01-2026
Maharashtra,Ahilyanagar,Shrirampur APMC,Vegetables,Tomato,Other,Local,"2,000.00","3,000.00","2,500.00",Rs./Quintal,2.70,Metric Tonnes,16-11-2025
Maharashtra,Ahilyanagar,Shrirampur APMC,Vegetables,Tomato,Other,Local,"1,000.00","2,000.00","1,500.00",Rs./Quintal,2.70,Metric Tonnes,16-07-2026
Maharashtra,Ahilyanagar,Shrirampur APMC,Vegetables,Tomato,Other,Local,500.00,"1,000.00",750.00,Rs./Quintal,2.60,Metric Tonnes,16-04-2026
Maharashtra,Ahilyanagar,Shrirampur APMC,Vegetables,Tomato,Other,Local,800.00,"1,000.00",900.00,Rs./Quintal,2.30,Metric Tonnes,16-03-2026
Maharashtra,Ahilyanagar,Shrirampur APMC,Vegetables,Tomato,Other,Local,800.00,"1,500.00","1,150.00",Rs./Quintal,2.70,Metric Tonnes,16-02-2026
Maharashtra,Ahilyanagar,Shrirampur APMC,Vegetables,Tomato,Other,Local,"1,000.00","1,500.00","1,250.00",Rs./Quintal,3.70,Metric Tonnes,16-01-2026
Maharashtra,Ahilyanagar,Shrirampur APMC,Vegetables,Tomato,Other,Local,"2,000.00","2,500.00","2,250.00",Rs./Quintal,2.60,Metric Tonnes,15-12-2025
Maharashtra,Ahilyanagar,Shrirampur APMC,Vegetables,Tomato,Other,Local,"2,500.00","3,500.00","3,000.00",Rs./Quintal,2.20,Metric Tonnes,15-11-2025
Maharashtra,Ahilyanagar,Shrirampur APMC,Vegetables,Tomato,Other,Local,"1,000.00","2,000.00","1,500.00",Rs./Quintal,2.90,Metric Tonnes,15-07-2026
Maharashtra,Ahilyanagar,Shrirampur APMC,Vegetables,Tomato,Other,Local,"1,500.00","2,000.00","1,750.00",Rs./Quintal,2.50,Metric Tonnes,15-06-2026
Maharashtra,Ahilyanagar,Shrirampur APMC,Vegetables,Tomato,Other,Local,"1,000.00","1,500.00","1,250.00",Rs./Quintal,2.50,Metric Tonnes,15-05-2026
Maharashtra,Ahilyanagar,Shrirampur APMC,Vegetables,Tomato,Other,Local,500.00,"1,000.00",750.00,Rs./Quintal,3.60,Metric Tonnes,15-04-2026
Maharashtra,Ahilyanagar,Shrirampur APMC,Vegetables,Tomato,Other,Local,800.00,"1,000.00",900.00,Rs./Quintal,2.80,Metric Tonnes,15-03-2026
Maharashtra,Ahilyanagar,Shrirampur APMC,Vegetables,Tomato,Other,Local,800.00,"1,400.00","1,100.00",Rs./Quintal,3.50,Metric Tonnes,15-02-2026
Maharashtra,Ahilyanagar,Shrirampur APMC,Vegetables,Tomato,Other,Local,800.00,"1,500.00","1,150.00",Rs./Quintal,3.20,Metric Tonnes,15-01-2026
Maharashtra,Ahilyanagar,Shrirampur APMC,Vegetables,Tomato,Other,Local,"1,500.00","2,500.00","2,000.00",Rs./Quintal,2.70,Metric Tonnes,14-12-2025
Maharashtra,Ahilyanagar,Shrirampur APMC,Vegetables,Tomato,Other,Local,"2,000.00","3,000.00","2,500.00",Rs./Quintal,3.10,Metric Tonnes,14-11-2025
Maharashtra,Ahilyanagar,Shrirampur APMC,Vegetables,Tomato,Other,Local,"1,000.00","2,000.00","1,500.00",Rs./Quintal,2.80,Metric Tonnes,14-08-2026
Maharashtra,Ahilyanagar,Shrirampur APMC,Vegetables,Tomato,Other,Local,"1,000.00","2,500.00","1,700.00",Rs./Quintal,3.30,Metric Tonnes,14-06-2026
Maharashtra,Ahilyanagar,Shrirampur APMC,Vegetables,Tomato,Other,Local,"1,000.00","1,500.00","1,250.00",Rs./Quintal,2.50,Metric Tonnes,14-05-2026
Maharashtra,Ahilyanagar,Shrirampur APMC,Vegetables,Tomato,Other,Local,500.00,"1,000.00",750.00,Rs./Quintal,2.40,Metric Tonnes,14-03-2026
Maharashtra,Ahilyanagar,Shrirampur APMC,Vegetables,Tomato,Other,Local,"1,000.00","1,500.00","1,250.00",Rs./Quintal,2.60,Metric Tonnes,14-02-2026
Maharashtra,Ahilyanagar,Shrirampur APMC,Vegetables,Tomato,Other,Local,"1,000.00","1,500.00","1,250.00",Rs./Quintal,3.70,Metric Tonnes,14-01-2026
Maharashtra,Ahilyanagar,Shrirampur APMC,Vegetables,Tomato,Other,Local,"2,000.00","3,000.00","2,500.00",Rs./Quintal,2.60,Metric Tonnes,13-12-2025
Maharashtra,Ahilyanagar,Shrirampur APMC,Vegetables,Tomato,Other,Local,"2,000.00","2,500.00","2,250.00",Rs./Quintal,2.10,Metric Tonnes,13-11-2025
Maharashtra,Ahilyanagar,Shrirampur APMC,Vegetables,Tomato,Other,Local,"1,000.00","2,000.00","1,500.00",Rs./Quintal,2.30,Metric Tonnes,13-08-2026
Maharashtra,Ahilyanagar,Shrirampur APMC,Vegetables,Tomato,Other,Local,"1,500.00","2,000.00","1,750.00",Rs./Quintal,2.20,Metric Tonnes,13-07-2026
Maharashtra,Ahilyanagar,Shrirampur APMC,Vegetables,Tomato,Other,Local,"2,000.00","2,500.00","2,250.00",Rs./Quintal,2.40,Metric Tonnes,13-06-2026
Maharashtra,Ahilyanagar,Shrirampur APMC,Vegetables,Tomato,Other,Local,"1,000.00","2,000.00","1,500.00",Rs./Quintal,3.00,Metric Tonnes,13-05-2026
Maharashtra,Ahilyanagar,Shrirampur APMC,Vegetables,Tomato,Other,Local,500.00,"1,000.00",750.00,Rs./Quintal,3.70,Metric Tonnes,13-04-2026
Maharashtra,Ahilyanagar,Shrirampur APMC,Vegetables,Tomato,Other,Local,500.00,"1,000.00",750.00,Rs./Quintal,2.60,Metric Tonnes,13-03-2026
Maharashtra,Ahilyanagar,Shrirampur APMC,Vegetables,Tomato,Other,Local,800.00,"1,500.00","1,150.00",Rs./Quintal,3.70,Metric Tonnes,13-02-2026
Maharashtra,Ahilyanagar,Shrirampur APMC,Vegetables,Tomato,Other,Local,"1,500.00","2,500.00","2,000.00",Rs./Quintal,3.10,Metric Tonnes,12-12-2025
Maharashtra,Ahilyanagar,Shrirampur APMC,Vegetables,Tomato,Other,Local,"1,500.00","2,500.00","2,000.00",Rs./Quintal,3.10,Metric Tonnes,12-08-2026
Maharashtra,Ahilyanagar,Shrirampur APMC,Vegetables,Tomato,Other,Local,"1,500.00","2,500.00","2,000.00",Rs./Quintal,3.00,Metric Tonnes,12-07-2026
Maharashtra,Ahilyanagar,Shrirampur APMC,Vegetables,Tomato,Other,Local,"1,500.00","2,200.00","1,850.00",Rs./Quintal,3.20,Metric Tonnes,12-06-2026
Maharashtra,Ahilyanagar,Shrirampur APMC,Vegetables,Tomato,Other,Local,800.00,"1,000.00",900.00,Rs./Quintal,3.50,Metric Tonnes,12-04-2026
Maharashtra,Ahilyanagar,Shrirampur APMC,Vegetables,Tomato,Other,Local,800.00,"1,000.00",900.00,Rs./Quintal,2.20,Metric Tonnes,12-03-2026
Maharashtra,Ahilyanagar,Shrirampur APMC,Vegetables,Tomato,Other,Local,"1,000.00","1,500.00","1,250.00",Rs./Quintal,3.70,Metric Tonnes,12-02-2026
Maharashtra,Ahilyanagar,Shrirampur APMC,Vegetables,Tomato,Other,Local,"1,500.00","2,500.00","2,000.00",Rs./Quintal,3.00,Metric Tonnes,12-01-2026
Maharashtra,Ahilyanagar,Shrirampur APMC,Vegetables,Tomato,Other,Local,"2,000.00","2,500.00","2,250.00",Rs./Quintal,2.30,Metric Tonnes,11-12-2025
Maharashtra,Ahilyanagar,Shrirampur APMC,Vegetables,Tomato,Other,Local,"1,500.00","2,500.00","2,000.00",Rs./Quintal,2.60,Metric Tonnes,11-07-2026
Maharashtra,Ahilyanagar,Shrirampur APMC,Vegetables,Tomato,Other,Local,"1,000.00","2,000.00","1,500.00",Rs./Quintal,2.50,Metric Tonnes,11-06-2026
Maharashtra,Ahilyanagar,Shrirampur APMC,Vegetables,Tomato,Other,Local,"1,000.00","1,500.00","1,250.00",Rs./Quintal,2.70,Metric Tonnes,11-05-2026
Maharashtra,Ahilyanagar,Shrirampur APMC,Vegetables,Tomato,Other,Local,800.00,"1,000.00",900.00,Rs./Quintal,2.90,Metric Tonnes,11-04-2026
Maharashtra,Ahilyanagar,Shrirampur APMC,Vegetables,Tomato,Other,Local,800.00,"1,000.00",900.00,Rs./Quintal,1.50,Metric Tonnes,11-03-2026
Maharashtra,Ahilyanagar,Shrirampur APMC,Vegetables,Tomato,Other,Local,"1,000.00","1,500.00","1,250.00",Rs./Quintal,3.70,Metric Tonnes,11-02-2026
Maharashtra,Ahilyanagar,Shrirampur APMC,Vegetables,Tomato,Other,Local,"1,000.00","1,500.00","1,250.00",Rs./Quintal,3.70,Metric Tonnes,11-01-2026
Maharashtra,Ahilyanagar,Shrirampur APMC,Vegetables,Tomato,Other,Local,"1,500.00","2,500.00","2,000.00",Rs./Quintal,2.60,Metric Tonnes,10-12-2025
Maharashtra,Ahilyanagar,Shrirampur APMC,Vegetables,Tomato,Other,Local,"1,500.00","2,000.00","1,750.00",Rs./Quintal,2.40,Metric Tonnes,10-08-2026
Maharashtra,Ahilyanagar,Shrirampur APMC,Vegetables,Tomato,Other,Local,"1,500.00","2,500.00","2,000.00",Rs./Quintal,3.10,Metric Tonnes,10-07-2026
Maharashtra,Ahilyanagar,Shrirampur APMC,Vegetables,Tomato,Other,Local,"1,000.00","2,000.00","1,550.00",Rs./Quintal,3.30,Metric Tonnes,10-06-2026
Maharashtra,Ahilyanagar,Shrirampur APMC,Vegetables,Tomato,Other,Local,"1,000.00","1,500.00","1,250.00",Rs./Quintal,3.50,Metric Tonnes,10-05-2026
Maharashtra,Ahilyanagar,Shrirampur APMC,Vegetables,Tomato,Other,Local,500.00,"1,000.00",750.00,Rs./Quintal,3.70,Metric Tonnes,10-04-2026
Maharashtra,Ahilyanagar,Shrirampur APMC,Vegetables,Tomato,Other,Local,"1,500.00","2,000.00","1,750.00",Rs./Quintal,2.60,Metric Tonnes,10-01-2026
Maharashtra,Ahilyanagar,Shrirampur APMC,Vegetables,Tomato,Other,Local,"1,500.00","2,500.00","2,000.00",Rs./Quintal,2.80,Metric Tonnes,09-08-2026
Maharashtra,Ahilyanagar,Shrirampur APMC,Vegetables,Tomato,Other,Local,"1,500.00","3,500.00","2,500.00",Rs./Quintal,2.40,Metric Tonnes,09-07-2026
Maharashtra,Ahilyanagar,Shrirampur APMC,Vegetables,Tomato,Other,Local,"1,000.00","1,500.00","1,250.00",Rs./Quintal,2.40,Metric Tonnes,09-05-2026
Maharashtra,Ahilyanagar,Shrirampur APMC,Vegetables,Tomato,Other,Local,800.00,"1,000.00",900.00,Rs./Quintal,2.80,Metric Tonnes,09-04-2026
Maharashtra,Ahilyanagar,Shrirampur APMC,Vegetables,Tomato,Other,Local,500.00,900.00,700.00,Rs./Quintal,2.20,Metric Tonnes,09-03-2026
Maharashtra,Ahilyanagar,Shrirampur APMC,Vegetables,Tomato,Other,Local,"1,000.00","1,400.00","1,200.00",Rs./Quintal,2.70,Metric Tonnes,09-02-2026
Maharashtra,Ahilyanagar,Shrirampur APMC,Vegetables,Tomato,Other,Local,"1,500.00","2,500.00","2,000.00",Rs./Quintal,3.70,Metric Tonnes,09-01-2026
Maharashtra,Ahilyanagar,Shrirampur APMC,Vegetables,Tomato,Other,Local,"3,000.00","4,000.00","3,500.00",Rs./Quintal,2.40,Metric Tonnes,08-12-2025
Maharashtra,Ahilyanagar,Shrirampur APMC,Vegetables,Tomato,Other,Local,"1,500.00","2,000.00","1,750.00",Rs./Quintal,2.20,Metric Tonnes,08-11-2025
Maharashtra,Ahilyanagar,Shrirampur APMC,Vegetables,Tomato,Other,Local,"1,000.00","2,000.00","1,500.00",Rs./Quintal,2.50,Metric Tonnes,08-08-2026
Maharashtra,Ahilyanagar,Shrirampur APMC,Vegetables,Tomato,Other,Local,"1,500.00","2,500.00","2,000.00",Rs./Quintal,2.70,Metric Tonnes,08-07-2026
Maharashtra,Ahilyanagar,Shrirampur APMC,Vegetables,Tomato,Other,Local,"1,500.00","2,000.00","1,750.00",Rs./Quintal,2.90,Metric Tonnes,08-06-2026
Maharashtra,Ahilyanagar,Shrirampur APMC,Vegetables,Tomato,Other,Local,"1,000.00","1,500.00","1,250.00",Rs./Quintal,3.30,Metric Tonnes,08-05-2026
Maharashtra,Ahilyanagar,Shrirampur APMC,Vegetables,Tomato,Other,Local,800.00,"1,000.00",900.00,Rs./Quintal,3.60,Metric Tonnes,08-04-2026
Maharashtra,Ahilyanagar,Shrirampur APMC,Vegetables,Tomato,Other,Local,500.00,"1,000.00",750.00,Rs./Quintal,1.20,Metric Tonnes,08-03-2026
Maharashtra,Ahilyanagar,Shrirampur APMC,Vegetables,Tomato,Other,Local,800.00,"1,500.00","1,150.00",Rs./Quintal,3.70,Metric Tonnes,08-02-2026
Maharashtra,Ahilyanagar,Shrirampur APMC,Vegetables,Tomato,Other,Local,"1,500.00","2,500.00","2,000.00",Rs./Quintal,2.20,Metric Tonnes,08-01-2026
Maharashtra,Ahilyanagar,Shrirampur APMC,Vegetables,Tomato,Other,Local,"3,000.00","4,000.00","3,500.00",Rs./Quintal,3.10,Metric Tonnes,07-12-2025
Maharashtra,Ahilyanagar,Shrirampur APMC,Vegetables,Tomato,Other,Local,"1,200.00","1,500.00","1,350.00",Rs./Quintal,2.80,Metric Tonnes,07-11-2025
Maharashtra,Ahilyanagar,Shrirampur APMC,Vegetables,Tomato,Other,Local,"1,000.00","2,000.00","1,500.00",Rs./Quintal,2.60,Metric Tonnes,07-08-2026
Maharashtra,Ahilyanagar,Shrirampur APMC,Vegetables,Tomato,Other,Local,"1,000.00","2,000.00","1,550.00",Rs./Quintal,3.20,Metric Tonnes,07-06-2026
Maharashtra,Ahilyanagar,Shrirampur APMC,Vegetables,Tomato,Other,Local,"1,000.00","1,500.00","1,250.00",Rs./Quintal,2.50,Metric Tonnes,07-05-2026
Maharashtra,Ahilyanagar,Shrirampur APMC,Vegetables,Tomato,Other,Local,500.00,"1,000.00",750.00,Rs./Quintal,2.70,Metric Tonnes,07-03-2026
Maharashtra,Ahilyanagar,Shrirampur APMC,Vegetables,Tomato,Other,Local,800.00,"1,500.00","1,150.00",Rs./Quintal,2.50,Metric Tonnes,07-02-2026
Maharashtra,Ahilyanagar,Shrirampur APMC,Vegetables,Tomato,Other,Local,"2,000.00","2,500.00","2,250.00",Rs./Quintal,2.70,Metric Tonnes,07-01-2026
Maharashtra,Ahilyanagar,Shrirampur APMC,Vegetables,Tomato,Other,Local,"2,000.00","2,500.00","2,250.00",Rs./Quintal,2.30,Metric Tonnes,06-12-2025
Maharashtra,Ahilyanagar,Shrirampur APMC,Vegetables,Tomato,Other,Local,"1,500.00","2,500.00","2,000.00",Rs./Quintal,2.40,Metric Tonnes,06-08-2026
Maharashtra,Ahilyanagar,Shrirampur APMC,Vegetables,Tomato,Other,Local,"1,500.00","3,000.00","2,250.00",Rs./Quintal,2.30,Metric Tonnes,06-07-2026
Maharashtra,Ahilyanagar,Shrirampur APMC,Vegetables,Tomato,Other,Local,"1,000.00","2,000.00","1,550.00",Rs./Quintal,2.40,Metric Tonnes,06-06-2026
Maharashtra,Ahilyanagar,Shrirampur APMC,Vegetables,Tomato,Other,Local,"1,000.00","1,500.00","1,250.00",Rs./Quintal,3.20,Metric Tonnes,06-05-2026
Maharashtra,Ahilyanagar,Shrirampur APMC,Vegetables,Tomato,Other,Local,500.00,"1,000.00",750.00,Rs./Quintal,2.60,Metric Tonnes,06-04-2026
Maharashtra,Ahilyanagar,Shrirampur APMC,Vegetables,Tomato,Other,Local,800.00,"1,400.00","1,100.00",Rs./Quintal,3.70,Metric Tonnes,06-03-2026
Maharashtra,Ahilyanagar,Shrirampur APMC,Vegetables,Tomato,Other,Local,"1,000.00","1,500.00","1,250.00",Rs./Quintal,3.60,Metric Tonnes,06-02-2026
Maharashtra,Ahilyanagar,Shrirampur APMC,Vegetables,Tomato,Other,Local,"2,000.00","2,500.00","2,250.00",Rs./Quintal,2.90,Metric Tonnes,05-12-2025
Maharashtra,Ahilyanagar,Shrirampur APMC,Vegetables,Tomato,Other,Local,"1,000.00","2,000.00","1,500.00",Rs./Quintal,2.80,Metric Tonnes,05-08-2026
Maharashtra,Ahilyanagar,Shrirampur APMC,Vegetables,Tomato,Other,Local,"1,500.00","2,500.00","2,000.00",Rs./Quintal,2.80,Metric Tonnes,05-07-2026
Maharashtra,Ahilyanagar,Shrirampur APMC,Vegetables,Tomato,Other,Local,"1,000.00","2,000.00","1,550.00",Rs./Quintal,3.30,Metric Tonnes,05-06-2026
Maharashtra,Ahilyanagar,Shrirampur APMC,Vegetables,Tomato,Other,Local,500.00,900.00,700.00,Rs./Quintal,3.70,Metric Tonnes,05-04-2026
Maharashtra,Ahilyanagar,Shrirampur APMC,Vegetables,Tomato,Other,Local,800.00,"1,000.00",900.00,Rs./Quintal,3.40,Metric Tonnes,05-03-2026
Maharashtra,Ahilyanagar,Shrirampur APMC,Vegetables,Tomato,Other,Local,"1,000.00","2,000.00","1,550.00",Rs./Quintal,2.50,Metric Tonnes,05-02-2026
Maharashtra,Ahilyanagar,Shrirampur APMC,Vegetables,Tomato,Other,Local,"2,000.00","2,500.00","2,250.00",Rs./Quintal,3.20,Metric Tonnes,05-01-2026
Maharashtra,Ahilyanagar,Shrirampur APMC,Vegetables,Tomato,Other,Local,"2,000.00","3,000.00","2,500.00",Rs./Quintal,2.20,Metric Tonnes,04-12-2025
Maharashtra,Ahilyanagar,Shrirampur APMC,Vegetables,Tomato,Other,Local,"1,500.00","2,500.00","2,000.00",Rs./Quintal,2.70,Metric Tonnes,04-07-2026
Maharashtra,Ahilyanagar,Shrirampur APMC,Vegetables,Tomato,Other,Local,"1,000.00","2,000.00","1,550.00",Rs./Quintal,2.90,Metric Tonnes,04-06-2026
Maharashtra,Ahilyanagar,Shrirampur APMC,Vegetables,Tomato,Other,Local,800.00,"1,200.00","1,000.00",Rs./Quintal,2.50,Metric Tonnes,04-05-2026
Maharashtra,Ahilyanagar,Shrirampur APMC,Vegetables,Tomato,Other,Local,800.00,"1,000.00",900.00,Rs./Quintal,2.70,Metric Tonnes,04-04-2026
Maharashtra,Ahilyanagar,Shrirampur APMC,Vegetables,Tomato,Other,Local,500.00,"1,000.00",750.00,Rs./Quintal,3.00,Metric Tonnes,04-03-2026
Maharashtra,Ahilyanagar,Shrirampur APMC,Vegetables,Tomato,Other,Local,"1,000.00","1,500.00","1,250.00",Rs./Quintal,3.30,Metric Tonnes,04-02-2026
Maharashtra,Ahilyanagar,Shrirampur APMC,Vegetables,Tomato,Other,Local,"2,500.00","3,500.00","3,000.00",Rs./Quintal,3.20,Metric Tonnes,04-01-2026
Maharashtra,Ahilyanagar,Shrirampur APMC,Vegetables,Tomato,Other,Local,"2,500.00","3,000.00","2,750.00",Rs./Quintal,2.70,Metric Tonnes,03-12-2025
Maharashtra,Ahilyanagar,Shrirampur APMC,Vegetables,Tomato,Other,Local,"1,500.00","2,000.00","1,750.00",Rs./Quintal,2.20,Metric Tonnes,03-08-2026
Maharashtra,Ahilyanagar,Shrirampur APMC,Vegetables,Tomato,Other,Local,"1,500.00","2,500.00","2,000.00",Rs./Quintal,2.90,Metric Tonnes,03-07-2026
Maharashtra,Ahilyanagar,Shrirampur APMC,Vegetables,Tomato,Other,Local,"1,000.00","1,500.00","1,250.00",Rs./Quintal,3.30,Metric Tonnes,03-06-2026
Maharashtra,Ahilyanagar,Shrirampur APMC,Vegetables,Tomato,Other,Local,"1,000.00","1,500.00","1,250.00",Rs./Quintal,3.10,Metric Tonnes,03-05-2026
Maharashtra,Ahilyanagar,Shrirampur APMC,Vegetables,Tomato,Other,Local,500.00,900.00,700.00,Rs./Quintal,3.60,Metric Tonnes,03-04-2026
Maharashtra,Ahilyanagar,Shrirampur APMC,Vegetables,Tomato,Other,Local,"2,000.00","2,500.00","2,250.00",Rs./Quintal,2.70,Metric Tonnes,03-01-2026
Maharashtra,Ahilyanagar,Shrirampur APMC,Vegetables,Tomato,Other,Local,"1,500.00","2,500.00","2,000.00",Rs./Quintal,2.50,Metric Tonnes,02-08-2026
Maharashtra,Ahilyanagar,Shrirampur APMC,Vegetables,Tomato,Other,Local,"2,000.00","2,500.00","2,250.00",Rs./Quintal,2.20,Metric Tonnes,02-07-2026
Maharashtra,Ahilyanagar,Shrirampur APMC,Vegetables,Tomato,Other,Local,800.00,"1,000.00",900.00,Rs./Quintal,2.50,Metric Tonnes,02-05-2026
Maharashtra,Ahilyanagar,Shrirampur APMC,Vegetables,Tomato,Other,Local,500.00,900.00,700.00,Rs./Quintal,2.50,Metric Tonnes,02-04-2026
Maharashtra,Ahilyanagar,Shrirampur APMC,Vegetables,Tomato,Other,Local,500.00,"1,000.00",750.00,Rs./Quintal,3.00,Metric Tonnes,02-03-2026
Maharashtra,Ahilyanagar,Shrirampur APMC,Vegetables,Tomato,Other,Local,"1,000.00","1,500.00","1,250.00",Rs./Quintal,2.80,Metric Tonnes,02-02-2026
Maharashtra,Ahilyanagar,Shrirampur APMC,Vegetables,Tomato,Other,Local,"2,000.00","3,500.00","2,750.00",Rs./Quintal,3.00,Metric Tonnes,02-01-2026
Maharashtra,Ahilyanagar,Shrirampur APMC,Vegetables,Tomato,Other,Local,"1,500.00","2,000.00","1,750.00",Rs./Quintal,2.30,Metric Tonnes,01-12-2025
Maharashtra,Ahilyanagar,Shrirampur APMC,Vegetables,Tomato,Other,Local,"1,000.00","1,500.00","1,250.00",Rs./Quintal,1.70,Metric Tonnes,01-08-2026
Maharashtra,Ahilyanagar,Shrirampur APMC,Vegetables,Tomato,Other,Local,"2,000.00","3,000.00","2,550.00",Rs./Quintal,3.30,Metric Tonnes,01-07-2026
Maharashtra,Ahilyanagar,Shrirampur APMC,Vegetables,Tomato,Other,Local,"1,000.00","1,800.00","1,400.00",Rs./Quintal,2.90,Metric Tonnes,01-06-2026
Maharashtra,Ahilyanagar,Shrirampur APMC,Vegetables,Tomato,Other,Local,800.00,"1,200.00","1,000.00",Rs./Quintal,3.30,Metric Tonnes,01-05-2026
Maharashtra,Ahilyanagar,Shrirampur APMC,Vegetables,Tomato,Other,Local,500.00,"1,000.00",750.00,Rs./Quintal,3.20,Metric Tonnes,01-04-2026
Maharashtra,Ahilyanagar,Shrirampur APMC,Vegetables,Tomato,Other,Local,800.00,"1,200.00","1,000.00",Rs./Quintal,3.30,Metric Tonnes,01-03-2026
Maharashtra,Ahilyanagar,Shrirampur APMC,Vegetables,Tomato,Other,Local,"1,000.00","1,500.00","1,250.00",Rs./Quintal,2.60,Metric Tonnes,01-02-2026
Maharashtra,Ahilyanagar,Shrirampur APMC,Vegetables,Tomato,Other,Local,"2,500.00","3,000.00","2,750.00",Rs./Quintal,2.30,Metric Tonnes,01-01-2026
Maharashtra,Nashik,AGRICULTURE PRODUCE MARKET COMITEE CHANDWAD,Vegetables,Tomato,Local,Local,500.00,"2,150.00","1,625.00",Rs./Quintal,3.90,Metric Tonnes,31-07-2026
Maharashtra,Nashik,AGRICULTURE PRODUCE MARKET COMITEE CHANDWAD,Vegetables,Tomato,Local,Local,500.00,"2,900.00","2,000.00",Rs./Quintal,3.50,Metric Tonnes,30-07-2026
Maharashtra,Nashik,AGRICULTURE PRODUCE MARKET COMITEE CHANDWAD,Vegetables,Tomato,Local,Local,500.00,"1,775.00","1,250.00",Rs./Quintal,1.20,Metric Tonnes,30-01-2026
Maharashtra,Nashik,AGRICULTURE PRODUCE MARKET COMITEE CHANDWAD,Vegetables,Tomato,Local,Local,500.00,"2,055.00","1,500.00",Rs./Quintal,2.40,Metric Tonnes,29-05-2026
Maharashtra,Nashik,AGRICULTURE PRODUCE MARKET COMITEE CHANDWAD,Vegetables,Tomato,Local,Local,500.00,"2,055.00","1,500.00",Rs./Quintal,2.60,Metric Tonnes,28-05-2026
Maharashtra,Nashik,AGRICULTURE PRODUCE MARKET COMITEE CHANDWAD,Vegetables,Tomato,Local,Local,350.00,"1,500.00","1,075.00",Rs./Quintal,2.10,Metric Tonnes,28-01-2026
Maharashtra,Nashik,AGRICULTURE PRODUCE MARKET COMITEE CHANDWAD,Vegetables,Tomato,Local,Local,750.00,"3,055.00","1,750.00",Rs./Quintal,2.10,Metric Tonnes,27-06-2026
Maharashtra,Nashik,AGRICULTURE PRODUCE MARKET COMITEE CHANDWAD,Vegetables,Tomato,Local,Local,750.00,"3,055.00","2,250.00",Rs./Quintal,2.50,Metric Tonnes,26-06-2026
Maharashtra,Nashik,AGRICULTURE PRODUCE MARKET COMITEE CHANDWAD,Vegetables,Tomato,Local,Local,750.00,"3,055.00","1,750.00",Rs./Quintal,2.10,Metric Tonnes,25-06-2026
Maharashtra,Nashik,AGRICULTURE PRODUCE MARKET COMITEE CHANDWAD,Vegetables,Tomato,Local,Local,"1,000.00","2,850.00","2,125.00",Rs./Quintal,0.90,Metric Tonnes,24-07-2026
Maharashtra,Nashik,AGRICULTURE PRODUCE MARKET COMITEE CHANDWAD,Vegetables,Tomato,Local,Local,750.00,"4,100.00","2,750.00",Rs./Quintal,1.70,Metric Tonnes,24-06-2026
Maharashtra,Nashik,AGRICULTURE PRODUCE MARKET COMITEE CHANDWAD,Vegetables,Tomato,Local,Local,500.00,"1,650.00","1,125.00",Rs./Quintal,4.00,Metric Tonnes,24-01-2026
Maharashtra,Nashik,AGRICULTURE PRODUCE MARKET COMITEE CHANDWAD,Vegetables,Tomato,Local,Local,500.00,"2,500.00","1,500.00",Rs./Quintal,3.20,Metric Tonnes,23-07-2026
Maharashtra,Nashik,AGRICULTURE PRODUCE MARKET COMITEE CHANDWAD,Vegetables,Tomato,Local,Local,750.00,"1,750.00","1,125.00",Rs./Quintal,2.50,Metric Tonnes,23-01-2026
Maharashtra,Nashik,AGRICULTURE PRODUCE MARKET COMITEE CHANDWAD,Vegetables,Tomato,Local,Local,750.00,"2,255.00","1,625.00",Rs./Quintal,6.20,Metric Tonnes,22-07-2026
Maharashtra,Nashik,AGRICULTURE PRODUCE MARKET COMITEE CHANDWAD,Vegetables,Tomato,Local,Local,500.00,"2,000.00","1,400.00",Rs./Quintal,2.10,Metric Tonnes,22-04-2026
Maharashtra,Nashik,AGRICULTURE PRODUCE MARKET COMITEE CHANDWAD,Vegetables,Tomato,Local,Local,"1,000.00","2,125.00","1,250.00",Rs./Quintal,1.80,Metric Tonnes,22-01-2026
Maharashtra,Nashik,AGRICULTURE PRODUCE MARKET COMITEE CHANDWAD,Vegetables,Tomato,Local,Local,900.00,"3,600.00","2,250.00",Rs./Quintal,0.80,Metric Tonnes,21-12-2025
Maharashtra,Nashik,AGRICULTURE PRODUCE MARKET COMITEE CHANDWAD,Vegetables,Tomato,Local,Local,750.00,"2,300.00","1,625.00",Rs./Quintal,1.90,Metric Tonnes,21-05-2026
Maharashtra,Nashik,AGRICULTURE PRODUCE MARKET COMITEE CHANDWAD,Vegetables,Tomato,Local,Local,"1,150.00","4,055.00","3,125.00",Rs./Quintal,1.20,Metric Tonnes,20-12-2025
Maharashtra,Nashik,AGRICULTURE PRODUCE MARKET COMITEE CHANDWAD,Vegetables,Tomato,Local,Local,500.00,"2,000.00","1,500.00",Rs./Quintal,3.60,Metric Tonnes,20-05-2026
Maharashtra,Nashik,AGRICULTURE PRODUCE MARKET COMITEE CHANDWAD,Vegetables,Tomato,Local,Local,250.00,"1,125.00",800.00,Rs./Quintal,1.60,Metric Tonnes,20-03-2026
Maharashtra,Nashik,AGRICULTURE PRODUCE MARKET COMITEE CHANDWAD,Vegetables,Tomato,Local,Local,400.00,800.00,650.00,Rs./Quintal,2.60,Metric Tonnes,20-02-2026
Maharashtra,Nashik,AGRICULTURE PRODUCE MARKET COMITEE CHANDWAD,Vegetables,Tomato,Local,Local,500.00,"2,245.00","1,625.00",Rs./Quintal,9.50,Metric Tonnes,19-08-2026
Maharashtra,Nashik,AGRICULTURE PRODUCE MARKET COMITEE CHANDWAD,Vegetables,Tomato,Local,Local,"1,000.00","3,125.00","2,250.00",Rs./Quintal,2.90,Metric Tonnes,19-06-2026
Maharashtra,Nashik,AGRICULTURE PRODUCE MARKET COMITEE CHANDWAD,Vegetables,Tomato,Local,Local,250.00,"1,100.00",750.00,Rs./Quintal,0.80,Metric Tonnes,19-03-2026
Maharashtra,Nashik,AGRICULTURE PRODUCE MARKET COMITEE CHANDWAD,Vegetables,Tomato,Local,Local,750.00,"3,400.00","2,000.00",Rs./Quintal,3.70,Metric Tonnes,18-06-2026
Maharashtra,Nashik,AGRICULTURE PRODUCE MARKET COMITEE CHANDWAD,Vegetables,Tomato,Local,Local,550.00,"2,250.00","1,500.00",Rs./Quintal,3.00,Metric Tonnes,18-05-2026
Maharashtra,Nashik,AGRICULTURE PRODUCE MARKET COMITEE CHANDWAD,Vegetables,Tomato,Local,Local,250.00,850.00,500.00,Rs./Quintal,3.50,Metric Tonnes,18-03-2026
Maharashtra,Nashik,AGRICULTURE PRODUCE MARKET COMITEE CHANDWAD,Vegetables,Tomato,Local,Local,500.00,"2,000.00","1,350.00",Rs./Quintal,3.60,Metric Tonnes,17-08-2026
Maharashtra,Nashik,AGRICULTURE PRODUCE MARKET COMITEE CHANDWAD,Vegetables,Tomato,Local,Local,"1,000.00","3,200.00","2,575.00",Rs./Quintal,3.60,Metric Tonnes,17-06-2026
Maharashtra,Nashik,AGRICULTURE PRODUCE MARKET COMITEE CHANDWAD,Vegetables,Tomato,Local,Local,750.00,"2,600.00","1,750.00",Rs./Quintal,1.90,Metric Tonnes,17-05-2026
Maharashtra,Nashik,AGRICULTURE PRODUCE MARKET COMITEE CHANDWAD,Vegetables,Tomato,Local,Local,500.00,"2,500.00","1,750.00",Rs./Quintal,1.30,Metric Tonnes,16-07-2026
Maharashtra,Nashik,AGRICULTURE PRODUCE MARKET COMITEE CHANDWAD,Vegetables,Tomato,Local,Local,575.00,"2,600.00","1,855.00",Rs./Quintal,4.10,Metric Tonnes,16-05-2026
Maharashtra,Nashik,AGRICULTURE PRODUCE MARKET COMITEE CHANDWAD,Vegetables,Tomato,Local,Local,500.00,"1,200.00",750.00,Rs./Quintal,3.00,Metric Tonnes,16-04-2026
Maharashtra,Nashik,AGRICULTURE PRODUCE MARKET COMITEE CHANDWAD,Vegetables,Tomato,Local,Local,"1,100.00","2,425.00","1,750.00",Rs./Quintal,1.70,Metric Tonnes,15-05-2026
Maharashtra,Nashik,AGRICULTURE PRODUCE MARKET COMITEE CHANDWAD,Vegetables,Tomato,Local,Local,250.00,"1,255.00",850.00,Rs./Quintal,3.50,Metric Tonnes,15-04-2026
Maharashtra,Nashik,AGRICULTURE PRODUCE MARKET COMITEE CHANDWAD,Vegetables,Tomato,Local,Local,500.00,"1,925.00","1,500.00",Rs./Quintal,5.90,Metric Tonnes,14-08-2026
Maharashtra,Nashik,AGRICULTURE PRODUCE MARKET COMITEE CHANDWAD,Vegetables,Tomato,Local,Local,500.00,"1,755.00","1,375.00",Rs./Quintal,2.30,Metric Tonnes,14-05-2026
Maharashtra,Nashik,AGRICULTURE PRODUCE MARKET COMITEE CHANDWAD,Vegetables,Tomato,Local,Local,750.00,"2,225.00","1,575.00",Rs./Quintal,4.90,Metric Tonnes,13-08-2026
Maharashtra,Nashik,AGRICULTURE PRODUCE MARKET COMITEE CHANDWAD,Vegetables,Tomato,Local,Local,500.00,"2,500.00","1,300.00",Rs./Quintal,4.80,Metric Tonnes,12-08-2026
Maharashtra,Nashik,AGRICULTURE PRODUCE MARKET COMITEE CHANDWAD,Vegetables,Tomato,Local,Local,450.00,"1,500.00","1,075.00",Rs./Quintal,2.00,Metric Tonnes,12-03-2026
Maharashtra,Nashik,AGRICULTURE PRODUCE MARKET COMITEE CHANDWAD,Vegetables,Tomato,Local,Local,750.00,"4,000.00","2,750.00",Rs./Quintal,3.70,Metric Tonnes,11-07-2026
Maharashtra,Nashik,AGRICULTURE PRODUCE MARKET COMITEE CHANDWAD,Vegetables,Tomato,Local,Local,"1,400.00","3,055.00","2,250.00",Rs./Quintal,1.80,Metric Tonnes,11-06-2026
Maharashtra,Nashik,AGRICULTURE PRODUCE MARKET COMITEE CHANDWAD,Vegetables,Tomato,Local,Local,250.00,"1,450.00",900.00,Rs./Quintal,3.30,Metric Tonnes,11-03-2026
Maharashtra,Nashik,AGRICULTURE PRODUCE MARKET COMITEE CHANDWAD,Vegetables,Tomato,Local,Local,750.00,"3,850.00","2,750.00",Rs./Quintal,2.00,Metric Tonnes,10-07-2026
Maharashtra,Nashik,AGRICULTURE PRODUCE MARKET COMITEE CHANDWAD,Vegetables,Tomato,Local,Local,"1,000.00","3,000.00","2,625.00",Rs./Quintal,3.80,Metric Tonnes,10-06-2026
Maharashtra,Nashik,AGRICULTURE PRODUCE MARKET COMITEE CHANDWAD,Vegetables,Tomato,Local,Local,500.00,"2,800.00","2,000.00",Rs./Quintal,1.30,Metric Tonnes,10-01-2026
Maharashtra,Nashik,AGRICULTURE PRODUCE MARKET COMITEE CHANDWAD,Vegetables,Tomato,Local,Local,"1,000.00","5,105.00","3,250.00",Rs./Quintal,1.90,Metric Tonnes,09-07-2026
Maharashtra,Nashik,AGRICULTURE PRODUCE MARKET COMITEE CHANDWAD,Vegetables,Tomato,Local,Local,500.00,"1,755.00","1,000.00",Rs./Quintal,1.80,Metric Tonnes,09-05-2026
Maharashtra,Nashik,AGRICULTURE PRODUCE MARKET COMITEE CHANDWAD,Vegetables,Tomato,Local,Local,150.00,"1,000.00",625.00,Rs./Quintal,2.50,Metric Tonnes,09-04-2026
Maharashtra,Nashik,AGRICULTURE PRODUCE MARKET COMITEE CHANDWAD,Vegetables,Tomato,Local,Local,750.00,"1,800.00","1,125.00",Rs./Quintal,2.80,Metric Tonnes,09-03-2026
Maharashtra,Nashik,AGRICULTURE PRODUCE MARKET COMITEE CHANDWAD,Vegetables,Tomato,Local,Local,750.00,"2,050.00","1,250.00",Rs./Quintal,8.10,Metric Tonnes,08-08-2026
Maharashtra,Nashik,AGRICULTURE PRODUCE MARKET COMITEE CHANDWAD,Vegetables,Tomato,Local,Local,750.00,"3,500.00","2,625.00",Rs./Quintal,3.30,Metric Tonnes,08-07-2026
Maharashtra,Nashik,AGRICULTURE PRODUCE MARKET COMITEE CHANDWAD,Vegetables,Tomato,Local,Local,500.00,"1,600.00","1,000.00",Rs./Quintal,2.40,Metric Tonnes,08-05-2026
Maharashtra,Nashik,AGRICULTURE PRODUCE MARKET COMITEE CHANDWAD,Vegetables,Tomato,Local,Local,450.00,"1,150.00",750.00,Rs./Quintal,2.00,Metric Tonnes,08-03-2026
Maharashtra,Nashik,AGRICULTURE PRODUCE MARKET COMITEE CHANDWAD,Vegetables,Tomato,Local,Local,750.00,"3,000.00","2,000.00",Rs./Quintal,1.80,Metric Tonnes,08-01-2026
Maharashtra,Nashik,AGRICULTURE PRODUCE MARKET COMITEE CHANDWAD,Vegetables,Tomato,Local,Local,750.00,"2,255.00","1,625.00",Rs./Quintal,4.20,Metric Tonnes,07-08-2026
Maharashtra,Nashik,AGRICULTURE PRODUCE MARKET COMITEE CHANDWAD,Vegetables,Tomato,Local,Local,750.00,"2,500.00","1,500.00",Rs./Quintal,7.20,Metric Tonnes,06-08-2026
Maharashtra,Nashik,AGRICULTURE PRODUCE MARKET COMITEE CHANDWAD,Vegetables,Tomato,Local,Local,500.00,"3,755.00","1,750.00",Rs./Quintal,4.50,Metric Tonnes,06-07-2026
Maharashtra,Nashik,AGRICULTURE PRODUCE MARKET COMITEE CHANDWAD,Vegetables,Tomato,Local,Local,500.00,"1,755.00","1,125.00",Rs./Quintal,2.20,Metric Tonnes,06-05-2026
Maharashtra,Nashik,AGRICULTURE PRODUCE MARKET COMITEE CHANDWAD,Vegetables,Tomato,Local,Local,650.00,"1,250.00",850.00,Rs./Quintal,1.10,Metric Tonnes,06-02-2026
Maharashtra,Nashik,AGRICULTURE PRODUCE MARKET COMITEE CHANDWAD,Vegetables,Tomato,Local,Local,750.00,"2,000.00","1,625.00",Rs./Quintal,1.00,Metric Tonnes,05-08-2026
Maharashtra,Nashik,AGRICULTURE PRODUCE MARKET COMITEE CHANDWAD,Vegetables,Tomato,Local,Local,555.00,"3,500.00","1,750.00",Rs./Quintal,3.30,Metric Tonnes,05-07-2026
Maharashtra,Nashik,AGRICULTURE PRODUCE MARKET COMITEE CHANDWAD,Vegetables,Tomato,Local,Local,875.00,"2,555.00","2,000.00",Rs./Quintal,0.60,Metric Tonnes,05-06-2026
Maharashtra,Nashik,AGRICULTURE PRODUCE MARKET COMITEE CHANDWAD,Vegetables,Tomato,Local,Local,500.00,"1,250.00","1,075.00",Rs./Quintal,2.80,Metric Tonnes,05-02-2026
Maharashtra,Nashik,AGRICULTURE PRODUCE MARKET COMITEE CHANDWAD,Vegetables,Tomato,Local,Local,"1,600.00","4,300.00","3,500.00",Rs./Quintal,0.30,Metric Tonnes,04-07-2026
Maharashtra,Nashik,AGRICULTURE PRODUCE MARKET COMITEE CHANDWAD,Vegetables,Tomato,Local,Local,500.00,"2,500.00","1,750.00",Rs./Quintal,3.60,Metric Tonnes,04-06-2026
Maharashtra,Nashik,AGRICULTURE PRODUCE MARKET COMITEE CHANDWAD,Vegetables,Tomato,Local,Local,500.00,"1,000.00",600.00,Rs./Quintal,4.30,Metric Tonnes,04-03-2026
Maharashtra,Nashik,AGRICULTURE PRODUCE MARKET COMITEE CHANDWAD,Vegetables,Tomato,Local,Local,500.00,"1,675.00","1,250.00",Rs./Quintal,2.70,Metric Tonnes,04-02-2026
Maharashtra,Nashik,AGRICULTURE PRODUCE MARKET COMITEE CHANDWAD,Vegetables,Tomato,Local,Local,750.00,"2,800.00","2,125.00",Rs./Quintal,2.20,Metric Tonnes,03-07-2026
Maharashtra,Nashik,AGRICULTURE PRODUCE MARKET COMITEE CHANDWAD,Vegetables,Tomato,Local,Local,750.00,"3,500.00","2,750.00",Rs./Quintal,2.60,Metric Tonnes,03-01-2026
Maharashtra,Nashik,AGRICULTURE PRODUCE MARKET COMITEE CHANDWAD,Vegetables,Tomato,Local,Local,750.00,"2,500.00","1,500.00",Rs./Quintal,3.90,Metric Tonnes,02-07-2026
Maharashtra,Nashik,AGRICULTURE PRODUCE MARKET COMITEE CHANDWAD,Vegetables,Tomato,Local,Local,500.00,"1,625.00","1,250.00",Rs./Quintal,2.80,Metric Tonnes,02-02-2026
Maharashtra,Nashik,AGRICULTURE PRODUCE MARKET COMITEE CHANDWAD,Vegetables,Tomato,Local,Local,750.00,"4,000.00","3,250.00",Rs./Quintal,1.00,Metric Tonnes,02-01-2026
Maharashtra,Nashik,AGRICULTURE PRODUCE MARKET COMITEE CHANDWAD,Vegetables,Tomato,Local,Local,750.00,"2,555.00","1,750.00",Rs./Quintal,3.80,Metric Tonnes,01-07-2026
Maharashtra,Nashik,AGRICULTURE PRODUCE MARKET COMITEE CHANDWAD,Vegetables,Tomato,Local,Local,350.00,"1,575.00","1,125.00",Rs./Quintal,3.30,Metric Tonnes,01-02-2026
Maharashtra,Nashik,Ghoti APMC,Vegetables,Tomato,Other,Local,"2,000.00","3,050.00","2,600.00",Rs./Quintal,82.50,Metric Tonnes,30-04-2026
Maharashtra,Nashik,Ghoti APMC,Vegetables,Tomato,Other,Local,"1,800.00","2,000.00","1,900.00",Rs./Quintal,5.10,Metric Tonnes,29-01-2026
Maharashtra,Nashik,Ghoti APMC,Vegetables,Tomato,Other,Local,"1,900.00","2,000.00","1,950.00",Rs./Quintal,32.70,Metric Tonnes,28-01-2026
Maharashtra,Nashik,Ghoti APMC,Vegetables,Tomato,Other,Local,"2,000.00","4,350.00","3,500.00",Rs./Quintal,10.60,Metric Tonnes,24-06-2026
Maharashtra,Nashik,Ghoti APMC,Vegetables,Tomato,Other,Local,"2,000.00","4,450.00","3,500.00",Rs./Quintal,9.00,Metric Tonnes,23-06-2026
Maharashtra,Nashik,Ghoti APMC,Vegetables,Tomato,Other,Local,"1,800.00","2,000.00","1,900.00",Rs./Quintal,40.50,Metric Tonnes,22-01-2026
Maharashtra,Nashik,Ghoti APMC,Vegetables,Tomato,Other,Local,"1,800.00","2,700.00","2,000.00",Rs./Quintal,20.00,Metric Tonnes,21-01-2026
Maharashtra,Nashik,Ghoti APMC,Vegetables,Tomato,Other,Local,"2,000.00","2,000.00","2,000.00",Rs./Quintal,3.90,Metric Tonnes,19-08-2026
Maharashtra,Nashik,Ghoti APMC,Vegetables,Tomato,Other,Local,"1,800.00","2,000.00","1,900.00",Rs./Quintal,3.00,Metric Tonnes,18-08-2026
Maharashtra,Nashik,Ghoti APMC,Vegetables,Tomato,Other,Local,"2,000.00","4,400.00","3,500.00",Rs./Quintal,9.60,Metric Tonnes,18-06-2026
Maharashtra,Nashik,Ghoti APMC,Vegetables,Tomato,Other,Local,"2,000.00","4,450.00","3,500.00",Rs./Quintal,7.80,Metric Tonnes,17-06-2026
Maharashtra,Nashik,Ghoti APMC,Vegetables,Tomato,Other,Local,"1,900.00","2,000.00","1,950.00",Rs./Quintal,1.50,Metric Tonnes,16-07-2026
Maharashtra,Nashik,Ghoti APMC,Vegetables,Tomato,Other,Local,"1,500.00","2,500.00","1,800.00",Rs./Quintal,89.00,Metric Tonnes,16-04-2026
Maharashtra,Nashik,Ghoti APMC,Vegetables,Tomato,Other,Local,"2,000.00","2,200.00","2,100.00",Rs./Quintal,1.80,Metric Tonnes,15-07-2026
Maharashtra,Nashik,Ghoti APMC,Vegetables,Tomato,Other,Local,"2,000.00","2,000.00","2,000.00",Rs./Quintal,3.00,Metric Tonnes,14-07-2026
Maharashtra,Nashik,Ghoti APMC,Vegetables,Tomato,Other,Local,"1,800.00","3,300.00","2,200.00",Rs./Quintal,92.00,Metric Tonnes,14-05-2026
Maharashtra,Nashik,Ghoti APMC,Vegetables,Tomato,Other,Local,"1,800.00","1,900.00","1,850.00",Rs./Quintal,2.40,Metric Tonnes,13-07-2026
Maharashtra,Nashik,Ghoti APMC,Vegetables,Tomato,Other,Local,"1,800.00","2,000.00","1,900.00",Rs./Quintal,66.60,Metric Tonnes,12-02-2026
Maharashtra,Nashik,Ghoti APMC,Vegetables,Tomato,Other,Local,"2,000.00","2,000.00","2,000.00",Rs./Quintal,2.40,Metric Tonnes,11-07-2026
Maharashtra,Nashik,Ghoti APMC,Vegetables,Tomato,Other,Local,"1,600.00","2,500.00","1,700.00",Rs./Quintal,162.30,Metric Tonnes,11-03-2026
Maharashtra,Nashik,Ghoti APMC,Vegetables,Tomato,Other,Local,"1,800.00","2,000.00","1,900.00",Rs./Quintal,2.40,Metric Tonnes,09-02-2026
Maharashtra,Nashik,Ghoti APMC,Vegetables,Tomato,Other,Local,"2,000.00","2,000.00","2,000.00",Rs./Quintal,2.40,Metric Tonnes,08-08-2026
Maharashtra,Nashik,Ghoti APMC,Vegetables,Tomato,Other,Local,"2,000.00","2,000.00","2,000.00",Rs./Quintal,3.00,Metric Tonnes,07-08-2026
Maharashtra,Nashik,Ghoti APMC,Vegetables,Tomato,Other,Local,"2,000.00","2,200.00","2,100.00",Rs./Quintal,4.80,Metric Tonnes,07-01-2026
Maharashtra,Nashik,Ghoti APMC,Vegetables,Tomato,Other,Local,"1,900.00","2,000.00","1,950.00",Rs./Quintal,1.80,Metric Tonnes,06-08-2026
Maharashtra,Nashik,Ghoti APMC,Vegetables,Tomato,Other,Local,"1,500.00","2,800.00","1,800.00",Rs./Quintal,93.50,Metric Tonnes,06-05-2026
Maharashtra,Nashik,Ghoti APMC,Vegetables,Tomato,Other,Local,"1,400.00","1,600.00","1,500.00",Rs./Quintal,62.70,Metric Tonnes,06-02-2026
Maharashtra,Nashik,Ghoti APMC,Vegetables,Tomato,Other,Local,"1,400.00","1,900.00","1,650.00",Rs./Quintal,3.00,Metric Tonnes,06-01-2026
Maharashtra,Nashik,Ghoti APMC,Vegetables,Tomato,Other,Local,"1,900.00","1,900.00","1,900.00",Rs./Quintal,2.10,Metric Tonnes,05-08-2026
Maharashtra,Nashik,Ghoti APMC,Vegetables,Tomato,Other,Local,"1,800.00","2,000.00","1,900.00",Rs./Quintal,6.90,Metric Tonnes,05-02-2026
Maharashtra,Nashik,Ghoti APMC,Vegetables,Tomato,Other,Local,"1,900.00","1,900.00","1,900.00",Rs./Quintal,2.40,Metric Tonnes,04-08-2026
Maharashtra,Nashik,Ghoti APMC,Vegetables,Tomato,Other,Local,"2,000.00","3,100.00","2,500.00",Rs./Quintal,65.00,Metric Tonnes,04-06-2026
Maharashtra,Nashik,Ghoti APMC,Vegetables,Tomato,Other,Local,"1,200.00","3,000.00","1,800.00",Rs./Quintal,4.50,Metric Tonnes,02-07-2026
Maharashtra,Nashik,Ghoti APMC,Vegetables,Tomato,Other,Local,"1,250.00","3,400.00","2,000.00",Rs./Quintal,7.10,Metric Tonnes,01-07-2026
Maharashtra,Nashik,Nasik APMC,Vegetables,Tomato,Other,Local,300.00,"3,755.00","2,125.00",Rs./Quintal,65.40,Metric Tonnes,31-12-2025
Maharashtra,Nashik,Nasik APMC,Vegetables,Tomato,Other,Local,300.00,"2,750.00","1,400.00",Rs./Quintal,82.40,Metric Tonnes,31-07-2026
Maharashtra,Nashik,Nasik APMC,Vegetables,Tomato,Other,Local,300.00,"2,800.00","1,850.00",Rs./Quintal,178.00,Metric Tonnes,31-05-2026
Maharashtra,Nashik,Nasik APMC,Vegetables,Tomato,Other,Local,200.00,900.00,500.00,Rs./Quintal,155.80,Metric Tonnes,31-03-2026
Maharashtra,Nashik,Nasik APMC,Vegetables,Tomato,Other,Local,300.00,"3,755.00","2,125.00",Rs./Quintal,67.50,Metric Tonnes,30-12-2025
Maharashtra,Nashik,Nasik APMC,Vegetables,Tomato,Other,Local,200.00,"2,055.00","1,375.00",Rs./Quintal,77.80,Metric Tonnes,30-11-2025
Maharashtra,Nashik,Nasik APMC,Vegetables,Tomato,Other,Local,300.00,"2,500.00","1,375.00",Rs./Quintal,86.60,Metric Tonnes,30-07-2026
Maharashtra,Nashik,Nasik APMC,Vegetables,Tomato,Other,Local,350.00,"2,575.00","1,250.00",Rs./Quintal,87.30,Metric Tonnes,30-06-2026
Maharashtra,Nashik,Nasik APMC,Vegetables,Tomato,Other,Local,225.00,"1,005.00",575.00,Rs./Quintal,170.10,Metric Tonnes,30-03-2026
Maharashtra,Nashik,Nasik APMC,Vegetables,Tomato,Other,Local,200.00,"1,700.00","1,100.00",Rs./Quintal,104.30,Metric Tonnes,30-01-2026
Maharashtra,Nashik,Nasik APMC,Vegetables,Tomato,Other,Local,300.00,"3,750.00","2,575.00",Rs./Quintal,54.80,Metric Tonnes,29-12-2025
Maharashtra,Nashik,Nasik APMC,Vegetables,Tomato,Other,Local,300.00,"2,855.00","1,400.00",Rs./Quintal,85.20,Metric Tonnes,29-07-2026
Maharashtra,Nashik,Nasik APMC,Vegetables,Tomato,Other,Local,350.00,"2,500.00","1,150.00",Rs./Quintal,116.60,Metric Tonnes,29-06-2026
Maharashtra,Nashik,Nasik APMC,Vegetables,Tomato,Other,Local,300.00,"2,455.00","1,600.00",Rs./Quintal,163.30,Metric Tonnes,29-05-2026
Maharashtra,Nashik,Nasik APMC,Vegetables,Tomato,Other,Local,350.00,"2,355.00","1,150.00",Rs./Quintal,169.00,Metric Tonnes,29-04-2026
Maharashtra,Nashik,Nasik APMC,Vegetables,Tomato,Other,Local,200.00,900.00,500.00,Rs./Quintal,190.50,Metric Tonnes,29-03-2026
Maharashtra,Nashik,Nasik APMC,Vegetables,Tomato,Other,Local,200.00,"1,750.00","1,200.00",Rs./Quintal,84.80,Metric Tonnes,28-11-2025
Maharashtra,Nashik,Nasik APMC,Vegetables,Tomato,Other,Local,300.00,"2,750.00","1,375.00",Rs./Quintal,98.50,Metric Tonnes,28-07-2026
Maharashtra,Nashik,Nasik APMC,Vegetables,Tomato,Other,Local,350.00,"2,555.00","1,250.00",Rs./Quintal,115.20,Metric Tonnes,28-06-2026
Maharashtra,Nashik,Nasik APMC,Vegetables,Tomato,Other,Local,250.00,"2,325.00","1,500.00",Rs./Quintal,158.30,Metric Tonnes,28-05-2026
Maharashtra,Nashik,Nasik APMC,Vegetables,Tomato,Other,Local,350.00,"2,275.00","1,275.00",Rs./Quintal,125.60,Metric Tonnes,28-04-2026
Maharashtra,Nashik,Nasik APMC,Vegetables,Tomato,Other,Local,200.00,"1,550.00","1,075.00",Rs./Quintal,86.40,Metric Tonnes,28-01-2026
Maharashtra,Nashik,Nasik APMC,Vegetables,Tomato,Other,Local,200.00,"2,000.00","1,250.00",Rs./Quintal,24.40,Metric Tonnes,27-11-2025
Maharashtra,Nashik,Nasik APMC,Vegetables,Tomato,Other,Local,300.00,"2,875.00","1,500.00",Rs./Quintal,87.60,Metric Tonnes,27-07-2026
Maharashtra,Nashik,Nasik APMC,Vegetables,Tomato,Other,Local,350.00,"2,105.00","1,050.00",Rs./Quintal,197.00,Metric Tonnes,27-04-2026
Maharashtra,Nashik,Nasik APMC,Vegetables,Tomato,Other,Local,200.00,900.00,500.00,Rs./Quintal,206.00,Metric Tonnes,27-03-2026
Maharashtra,Nashik,Nasik APMC,Vegetables,Tomato,Other,Local,225.00,"1,425.00",750.00,Rs./Quintal,113.40,Metric Tonnes,27-02-2026
Maharashtra,Nashik,Nasik APMC,Vegetables,Tomato,Other,Local,200.00,"1,300.00",750.00,Rs./Quintal,91.50,Metric Tonnes,27-01-2026
Maharashtra,Nashik,Nasik APMC,Vegetables,Tomato,Other,Local,250.00,"2,250.00","1,750.00",Rs./Quintal,83.10,Metric Tonnes,26-11-2025
Maharashtra,Nashik,Nasik APMC,Vegetables,Tomato,Other,Local,300.00,"3,500.00","1,875.00",Rs./Quintal,73.30,Metric Tonnes,26-07-2026
Maharashtra,Nashik,Nasik APMC,Vegetables,Tomato,Other,Local,350.00,"2,255.00","1,125.00",Rs./Quintal,101.70,Metric Tonnes,26-06-2026
Maharashtra,Nashik,Nasik APMC,Vegetables,Tomato,Other,Local,350.00,"1,605.00",800.00,Rs./Quintal,150.00,Metric Tonnes,26-04-2026
Maharashtra,Nashik,Nasik APMC,Vegetables,Tomato,Other,Local,200.00,"1,050.00",500.00,Rs./Quintal,190.40,Metric Tonnes,26-03-2026
Maharashtra,Nashik,Nasik APMC,Vegetables,Tomato,Other,Local,225.00,"1,350.00",725.00,Rs./Quintal,134.70,Metric Tonnes,26-02-2026
Maharashtra,Nashik,Nasik APMC,Vegetables,Tomato,Other,Local,200.00,"1,750.00","1,125.00",Rs./Quintal,76.70,Metric Tonnes,26-01-2026
Maharashtra,Nashik,Nasik APMC,Vegetables,Tomato,Other,Local,400.00,"3,000.00","1,550.00",Rs./Quintal,111.80,Metric Tonnes,25-06-2026
Maharashtra,Nashik,Nasik APMC,Vegetables,Tomato,Other,Local,200.00,"2,005.00","1,250.00",Rs./Quintal,87.80,Metric Tonnes,25-01-2026
Maharashtra,Nashik,Nasik APMC,Vegetables,Tomato,Other,Local,325.00,"4,255.00","2,250.00",Rs./Quintal,69.30,Metric Tonnes,24-12-2025
Maharashtra,Nashik,Nasik APMC,Vegetables,Tomato,Other,Local,300.00,"3,875.00","2,500.00",Rs./Quintal,86.80,Metric Tonnes,24-11-2025
Maharashtra,Nashik,Nasik APMC,Vegetables,Tomato,Other,Local,300.00,"2,250.00","1,125.00",Rs./Quintal,63.50,Metric Tonnes,24-07-2026
Maharashtra,Nashik,Nasik APMC,Vegetables,Tomato,Other,Local,400.00,"3,250.00","1,875.00",Rs./Quintal,88.50,Metric Tonnes,24-06-2026
Maharashtra,Nashik,Nasik APMC,Vegetables,Tomato,Other,Local,300.00,"2,055.00","1,200.00",Rs./Quintal,172.50,Metric Tonnes,24-05-2026
Maharashtra,Nashik,Nasik APMC,Vegetables,Tomato,Other,Local,350.00,"1,750.00",750.00,Rs./Quintal,167.30,Metric Tonnes,24-04-2026
Maharashtra,Nashik,Nasik APMC,Vegetables,Tomato,Other,Local,200.00,"1,150.00",675.00,Rs./Quintal,122.00,Metric Tonnes,24-02-2026
Maharashtra,Nashik,Nasik APMC,Vegetables,Tomato,Other,Local,350.00,"4,500.00","2,500.00",Rs./Quintal,73.70,Metric Tonnes,23-12-2025
Maharashtra,Nashik,Nasik APMC,Vegetables,Tomato,Other,Local,300.00,"4,000.00","2,555.00",Rs./Quintal,89.20,Metric Tonnes,23-11-2025
Maharashtra,Nashik,Nasik APMC,Vegetables,Tomato,Other,Local,400.00,"3,555.00","1,950.00",Rs./Quintal,98.80,Metric Tonnes,23-06-2026
Maharashtra,Nashik,Nasik APMC,Vegetables,Tomato,Other,Local,225.00,"1,050.00",550.00,Rs./Quintal,175.20,Metric Tonnes,23-03-2026
Maharashtra,Nashik,Nasik APMC,Vegetables,Tomato,Other,Local,225.00,"1,205.00",700.00,Rs./Quintal,127.50,Metric Tonnes,23-02-2026
Maharashtra,Nashik,Nasik APMC,Vegetables,Tomato,Other,Local,200.00,"2,055.00","1,300.00",Rs./Quintal,89.00,Metric Tonnes,23-01-2026
Maharashtra,Nashik,Nasik APMC,Vegetables,Tomato,Other,Local,300.00,"3,555.00","2,150.00",Rs./Quintal,46.50,Metric Tonnes,22-12-2025
Maharashtra,Nashik,Nasik APMC,Vegetables,Tomato,Other,Local,300.00,"2,050.00","1,050.00",Rs./Quintal,85.00,Metric Tonnes,22-07-2026
Maharashtra,Nashik,Nasik APMC,Vegetables,Tomato,Other,Local,400.00,"3,625.00","2,000.00",Rs./Quintal,105.40,Metric Tonnes,22-06-2026
Maharashtra,Nashik,Nasik APMC,Vegetables,Tomato,Other,Local,300.00,"2,055.00","1,150.00",Rs./Quintal,196.60,Metric Tonnes,22-05-2026
Maharashtra,Nashik,Nasik APMC,Vegetables,Tomato,Other,Local,300.00,"1,375.00",650.00,Rs./Quintal,168.90,Metric Tonnes,22-04-2026
Maharashtra,Nashik,Nasik APMC,Vegetables,Tomato,Other,Local,200.00,925.00,500.00,Rs./Quintal,199.30,Metric Tonnes,22-03-2026
Maharashtra,Nashik,Nasik APMC,Vegetables,Tomato,Other,Local,200.00,"1,250.00",750.00,Rs./Quintal,114.70,Metric Tonnes,22-02-2026
Maharashtra,Nashik,Nasik APMC,Vegetables,Tomato,Other,Local,200.00,"1,950.00","1,250.00",Rs./Quintal,92.10,Metric Tonnes,22-01-2026
Maharashtra,Nashik,Nasik APMC,Vegetables,Tomato,Other,Local,250.00,"3,500.00","1,700.00",Rs./Quintal,45.40,Metric Tonnes,21-12-2025
Maharashtra,Nashik,Nasik APMC,Vegetables,Tomato,Other,Local,275.00,"3,750.00","2,375.00",Rs./Quintal,87.80,Metric Tonnes,21-11-2025
Maharashtra,Nashik,Nasik APMC,Vegetables,Tomato,Other,Local,300.00,"2,250.00","1,125.00",Rs./Quintal,88.00,Metric Tonnes,21-07-2026
Maharashtra,Nashik,Nasik APMC,Vegetables,Tomato,Other,Local,400.00,"3,555.00","1,925.00",Rs./Quintal,108.80,Metric Tonnes,21-06-2026
Maharashtra,Nashik,Nasik APMC,Vegetables,Tomato,Other,Local,300.00,"2,375.00","1,250.00",Rs./Quintal,170.40,Metric Tonnes,21-05-2026
Maharashtra,Nashik,Nasik APMC,Vegetables,Tomato,Other,Local,350.00,"2,250.00","1,250.00",Rs./Quintal,119.60,Metric Tonnes,21-04-2026
Maharashtra,Nashik,Nasik APMC,Vegetables,Tomato,Other,Local,250.00,"5,000.00","1,550.00",Rs./Quintal,75.20,Metric Tonnes,21-01-2026
Maharashtra,Nashik,Nasik APMC,Vegetables,Tomato,Other,Local,250.00,"3,500.00","2,250.00",Rs./Quintal,99.30,Metric Tonnes,20-11-2025
Maharashtra,Nashik,Nasik APMC,Vegetables,Tomato,Other,Local,300.00,"2,250.00","1,150.00",Rs./Quintal,169.70,Metric Tonnes,20-05-2026
Maharashtra,Nashik,Nasik APMC,Vegetables,Tomato,Other,Local,350.00,"2,550.00","1,350.00",Rs./Quintal,146.60,Metric Tonnes,20-04-2026
Maharashtra,Nashik,Nasik APMC,Vegetables,Tomato,Other,Local,225.00,"1,000.00",500.00,Rs./Quintal,153.60,Metric Tonnes,20-03-2026
Maharashtra,Nashik,Nasik APMC,Vegetables,Tomato,Other,Local,200.00,"1,200.00",675.00,Rs./Quintal,87.30,Metric Tonnes,20-02-2026
Maharashtra,Nashik,Nasik APMC,Vegetables,Tomato,Other,Local,350.00,"3,250.00","1,650.00",Rs./Quintal,45.50,Metric Tonnes,19-12-2025
Maharashtra,Nashik,Nasik APMC,Vegetables,Tomato,Other,Local,250.00,"1,500.00",900.00,Rs./Quintal,132.80,Metric Tonnes,19-08-2026
Maharashtra,Nashik,Nasik APMC,Vegetables,Tomato,Other,Local,250.00,"2,050.00","1,050.00",Rs./Quintal,97.00,Metric Tonnes,19-07-2026
Maharashtra,Nashik,Nasik APMC,Vegetables,Tomato,Other,Local,450.00,"3,555.00","2,000.00",Rs./Quintal,92.00,Metric Tonnes,19-06-2026
Maharashtra,Nashik,Nasik APMC,Vegetables,Tomato,Other,Local,300.00,"2,375.00","1,200.00",Rs./Quintal,208.90,Metric Tonnes,19-05-2026
Maharashtra,Nashik,Nasik APMC,Vegetables,Tomato,Other,Local,225.00,"1,050.00",650.00,Rs./Quintal,137.60,Metric Tonnes,19-03-2026
Maharashtra,Nashik,Nasik APMC,Vegetables,Tomato,Other,Local,200.00,"1,250.00",700.00,Rs./Quintal,100.20,Metric Tonnes,19-02-2026
Maharashtra,Nashik,Nasik APMC,Vegetables,Tomato,Other,Local,250.00,"3,650.00","1,950.00",Rs./Quintal,57.20,Metric Tonnes,18-12-2025
Maharashtra,Nashik,Nasik APMC,Vegetables,Tomato,Other,Local,225.00,"3,500.00","2,250.00",Rs./Quintal,119.80,Metric Tonnes,18-11-2025
Maharashtra,Nashik,Nasik APMC,Vegetables,Tomato,Other,Local,300.00,"1,625.00","1,000.00",Rs./Quintal,128.20,Metric Tonnes,18-08-2026
Maharashtra,Nashik,Nasik APMC,Vegetables,Tomato,Other,Local,450.00,"3,250.00","1,900.00",Rs./Quintal,127.00,Metric Tonnes,18-06-2026
Maharashtra,Nashik,Nasik APMC,Vegetables,Tomato,Other,Local,300.00,"2,550.00","1,300.00",Rs./Quintal,194.60,Metric Tonnes,18-05-2026
Maharashtra,Nashik,Nasik APMC,Vegetables,Tomato,Other,Local,200.00,"2,250.00","1,375.00",Rs./Quintal,82.40,Metric Tonnes,18-01-2026
Maharashtra,Nashik,Nasik APMC,Vegetables,Tomato,Other,Local,250.00,"3,550.00","1,875.00",Rs./Quintal,45.50,Metric Tonnes,17-12-2025
Maharashtra,Nashik,Nasik APMC,Vegetables,Tomato,Other,Local,"2,000.00","3,250.00","2,000.00",Rs./Quintal,110.80,Metric Tonnes,17-11-2025
Maharashtra,Nashik,Nasik APMC,Vegetables,Tomato,Other,Local,300.00,"2,375.00","1,375.00",Rs./Quintal,106.10,Metric Tonnes,17-08-2026
Maharashtra,Nashik,Nasik APMC,Vegetables,Tomato,Other,Local,250.00,"1,875.00","1,125.00",Rs./Quintal,101.00,Metric Tonnes,17-07-2026
Maharashtra,Nashik,Nasik APMC,Vegetables,Tomato,Other,Local,450.00,"3,555.00","2,150.00",Rs./Quintal,128.90,Metric Tonnes,17-06-2026
Maharashtra,Nashik,Nasik APMC,Vegetables,Tomato,Other,Local,300.00,"2,375.00","1,250.00",Rs./Quintal,173.10,Metric Tonnes,17-05-2026
Maharashtra,Nashik,Nasik APMC,Vegetables,Tomato,Other,Local,300.00,"1,850.00","1,050.00",Rs./Quintal,149.70,Metric Tonnes,17-04-2026
Maharashtra,Nashik,Nasik APMC,Vegetables,Tomato,Other,Local,300.00,"1,400.00",800.00,Rs./Quintal,165.20,Metric Tonnes,17-03-2026
Maharashtra,Nashik,Nasik APMC,Vegetables,Tomato,Other,Local,250.00,"3,675.00","2,000.00",Rs./Quintal,47.70,Metric Tonnes,16-12-2025
Maharashtra,Nashik,Nasik APMC,Vegetables,Tomato,Other,Local,250.00,"2,000.00","1,250.00",Rs./Quintal,118.90,Metric Tonnes,16-08-2026
Maharashtra,Nashik,Nasik APMC,Vegetables,Tomato,Other,Local,250.00,"1,755.00","1,055.00",Rs./Quintal,124.00,Metric Tonnes,16-07-2026
Maharashtra,Nashik,Nasik APMC,Vegetables,Tomato,Other,Local,400.00,"3,375.00","1,875.00",Rs./Quintal,135.50,Metric Tonnes,16-06-2026
Maharashtra,Nashik,Nasik APMC,Vegetables,Tomato,Other,Local,300.00,"1,755.00","1,000.00",Rs./Quintal,160.70,Metric Tonnes,16-04-2026
Maharashtra,Nashik,Nasik APMC,Vegetables,Tomato,Other,Local,300.00,"1,500.00",875.00,Rs./Quintal,180.20,Metric Tonnes,16-03-2026
Maharashtra,Nashik,Nasik APMC,Vegetables,Tomato,Other,Local,200.00,"1,150.00",700.00,Rs./Quintal,98.20,Metric Tonnes,16-02-2026
Maharashtra,Nashik,Nasik APMC,Vegetables,Tomato,Other,Local,250.00,"2,500.00","1,500.00",Rs./Quintal,54.10,Metric Tonnes,16-01-2026
Maharashtra,Nashik,Nasik APMC,Vegetables,Tomato,Other,Local,250.00,"3,500.00","1,875.00",Rs./Quintal,32.10,Metric Tonnes,15-12-2025
Maharashtra,Nashik,Nasik APMC,Vegetables,Tomato,Other,Local,350.00,"2,050.00","1,250.00",Rs./Quintal,112.80,Metric Tonnes,15-07-2026
Maharashtra,Nashik,Nasik APMC,Vegetables,Tomato,Other,Local,450.00,"3,500.00","1,975.00",Rs./Quintal,142.60,Metric Tonnes,15-06-2026
Maharashtra,Nashik,Nasik APMC,Vegetables,Tomato,Other,Local,350.00,"3,005.00","1,500.00",Rs./Quintal,171.60,Metric Tonnes,15-05-2026
Maharashtra,Nashik,Nasik APMC,Vegetables,Tomato,Other,Local,350.00,"2,000.00","1,100.00",Rs./Quintal,133.00,Metric Tonnes,15-04-2026
Maharashtra,Nashik,Nasik APMC,Vegetables,Tomato,Other,Local,325.00,"1,500.00",900.00,Rs./Quintal,144.00,Metric Tonnes,15-03-2026
Maharashtra,Nashik,Nasik APMC,Vegetables,Tomato,Other,Local,200.00,"1,125.00",650.00,Rs./Quintal,101.50,Metric Tonnes,15-02-2026
Maharashtra,Nashik,Nasik APMC,Vegetables,Tomato,Other,Local,250.00,"2,500.00","1,375.00",Rs./Quintal,55.30,Metric Tonnes,15-01-2026
Maharashtra,Nashik,Nasik APMC,Vegetables,Tomato,Other,Local,250.00,"3,250.00","1,750.00",Rs./Quintal,44.10,Metric Tonnes,14-12-2025
Maharashtra,Nashik,Nasik APMC,Vegetables,Tomato,Other,Local,350.00,"2,150.00","1,325.00",Rs./Quintal,115.20,Metric Tonnes,14-07-2026
Maharashtra,Nashik,Nasik APMC,Vegetables,Tomato,Other,Local,450.00,"3,250.00","1,850.00",Rs./Quintal,158.20,Metric Tonnes,14-06-2026
Maharashtra,Nashik,Nasik APMC,Vegetables,Tomato,Other,Local,300.00,"2,555.00","1,400.00",Rs./Quintal,164.80,Metric Tonnes,14-05-2026
Maharashtra,Nashik,Nasik APMC,Vegetables,Tomato,Other,Local,350.00,"2,000.00","1,100.00",Rs./Quintal,141.10,Metric Tonnes,14-04-2026
Maharashtra,Nashik,Nasik APMC,Vegetables,Tomato,Other,Local,250.00,"2,500.00","1,450.00",Rs./Quintal,44.20,Metric Tonnes,13-12-2025
Maharashtra,Nashik,Nasik APMC,Vegetables,Tomato,Other,Local,100.00,"2,000.00","1,300.00",Rs./Quintal,108.40,Metric Tonnes,13-08-2026
Maharashtra,Nashik,Nasik APMC,Vegetables,Tomato,Other,Local,350.00,"2,250.00","1,350.00",Rs./Quintal,110.10,Metric Tonnes,13-07-2026
Maharashtra,Nashik,Nasik APMC,Vegetables,Tomato,Other,Local,300.00,"2,375.00","1,300.00",Rs./Quintal,172.20,Metric Tonnes,13-05-2026
Maharashtra,Nashik,Nasik APMC,Vegetables,Tomato,Other,Local,350.00,"1,750.00",900.00,Rs./Quintal,149.40,Metric Tonnes,13-04-2026
Maharashtra,Nashik,Nasik APMC,Vegetables,Tomato,Other,Local,325.00,"1,555.00",900.00,Rs./Quintal,136.60,Metric Tonnes,13-03-2026
Maharashtra,Nashik,Nasik APMC,Vegetables,Tomato,Other,Local,200.00,"1,155.00",650.00,Rs./Quintal,112.00,Metric Tonnes,13-02-2026
Maharashtra,Nashik,Nasik APMC,Vegetables,Tomato,Other,Local,250.00,"2,500.00","1,500.00",Rs./Quintal,68.90,Metric Tonnes,13-01-2026
Maharashtra,Nashik,Nasik APMC,Vegetables,Tomato,Other,Local,250.00,"2,150.00","1,150.00",Rs./Quintal,130.00,Metric Tonnes,12-08-2026
Maharashtra,Nashik,Nasik APMC,Vegetables,Tomato,Other,Local,450.00,"3,375.00","1,975.00",Rs./Quintal,160.20,Metric Tonnes,12-06-2026
Maharashtra,Nashik,Nasik APMC,Vegetables,Tomato,Other,Local,300.00,"2,255.00","1,300.00",Rs./Quintal,214.40,Metric Tonnes,12-05-2026
Maharashtra,Nashik,Nasik APMC,Vegetables,Tomato,Other,Local,300.00,"1,255.00",650.00,Rs./Quintal,151.20,Metric Tonnes,12-04-2026
Maharashtra,Nashik,Nasik APMC,Vegetables,Tomato,Other,Local,325.00,"1,625.00",850.00,Rs./Quintal,160.00,Metric Tonnes,12-03-2026
Maharashtra,Nashik,Nasik APMC,Vegetables,Tomato,Other,Local,200.00,"1,055.00",625.00,Rs./Quintal,97.80,Metric Tonnes,12-02-2026
Maharashtra,Nashik,Nasik APMC,Vegetables,Tomato,Other,Local,250.00,"3,125.00","1,600.00",Rs./Quintal,74.70,Metric Tonnes,12-01-2026
Maharashtra,Nashik,Nasik APMC,Vegetables,Tomato,Other,Local,250.00,"2,750.00","1,450.00",Rs./Quintal,42.90,Metric Tonnes,11-12-2025
Maharashtra,Nashik,Nasik APMC,Vegetables,Tomato,Other,Local,250.00,"2,500.00","1,500.00",Rs./Quintal,112.10,Metric Tonnes,11-08-2026
Maharashtra,Nashik,Nasik APMC,Vegetables,Tomato,Other,Local,300.00,"3,500.00","2,125.00",Rs./Quintal,148.30,Metric Tonnes,11-06-2026
Maharashtra,Nashik,Nasik APMC,Vegetables,Tomato,Other,Local,300.00,"2,150.00","1,150.00",Rs./Quintal,162.80,Metric Tonnes,11-05-2026
Maharashtra,Nashik,Nasik APMC,Vegetables,Tomato,Other,Local,250.00,"1,500.00",950.00,Rs./Quintal,116.00,Metric Tonnes,11-03-2026
Maharashtra,Nashik,Nasik APMC,Vegetables,Tomato,Other,Local,200.00,"1,055.00",625.00,Rs./Quintal,84.00,Metric Tonnes,11-02-2026
Maharashtra,Nashik,Nasik APMC,Vegetables,Tomato,Other,Local,200.00,"2,555.00","1,300.00",Rs./Quintal,70.40,Metric Tonnes,11-01-2026
Maharashtra,Nashik,Nasik APMC,Vegetables,Tomato,Other,Local,200.00,"2,055.00","1,250.00",Rs./Quintal,50.00,Metric Tonnes,10-12-2025
Maharashtra,Nashik,Nasik APMC,Vegetables,Tomato,Other,Local,300.00,"2,125.00","1,250.00",Rs./Quintal,118.00,Metric Tonnes,10-08-2026
Maharashtra,Nashik,Nasik APMC,Vegetables,Tomato,Other,Local,350.00,"2,625.00","1,375.00",Rs./Quintal,102.50,Metric Tonnes,10-07-2026
Maharashtra,Nashik,Nasik APMC,Vegetables,Tomato,Other,Local,300.00,"3,555.00","2,050.00",Rs./Quintal,145.00,Metric Tonnes,10-06-2026
Maharashtra,Nashik,Nasik APMC,Vegetables,Tomato,Other,Local,300.00,"2,125.00","1,050.00",Rs./Quintal,166.40,Metric Tonnes,10-05-2026
Maharashtra,Nashik,Nasik APMC,Vegetables,Tomato,Other,Local,300.00,"1,025.00",550.00,Rs./Quintal,156.10,Metric Tonnes,10-04-2026
Maharashtra,Nashik,Nasik APMC,Vegetables,Tomato,Other,Local,250.00,"1,400.00",925.00,Rs./Quintal,135.60,Metric Tonnes,10-03-2026
Maharashtra,Nashik,Nasik APMC,Vegetables,Tomato,Other,Local,200.00,"1,100.00",650.00,Rs./Quintal,94.30,Metric Tonnes,10-02-2026
Maharashtra,Nashik,Nasik APMC,Vegetables,Tomato,Other,Local,225.00,"2,150.00","1,375.00",Rs./Quintal,48.20,Metric Tonnes,09-12-2025
Maharashtra,Nashik,Nasik APMC,Vegetables,Tomato,Other,Local,250.00,"1,500.00","1,055.00",Rs./Quintal,106.50,Metric Tonnes,09-08-2026
Maharashtra,Nashik,Nasik APMC,Vegetables,Tomato,Other,Local,400.00,"2,605.00","1,350.00",Rs./Quintal,63.50,Metric Tonnes,09-07-2026
Maharashtra,Nashik,Nasik APMC,Vegetables,Tomato,Other,Local,300.00,"3,250.00","1,950.00",Rs./Quintal,151.00,Metric Tonnes,09-06-2026
Maharashtra,Nashik,Nasik APMC,Vegetables,Tomato,Other,Local,250.00,"1,350.00",875.00,Rs./Quintal,113.20,Metric Tonnes,09-03-2026
Maharashtra,Nashik,Nasik APMC,Vegetables,Tomato,Other,Local,200.00,"1,200.00",800.00,Rs./Quintal,111.40,Metric Tonnes,09-02-2026
Maharashtra,Nashik,Nasik APMC,Vegetables,Tomato,Other,Local,200.00,"2,555.00","1,300.00",Rs./Quintal,63.30,Metric Tonnes,09-01-2026
Maharashtra,Nashik,Nasik APMC,Vegetables,Tomato,Other,Local,200.00,"2,105.00","1,250.00",Rs./Quintal,60.40,Metric Tonnes,08-12-2025
Maharashtra,Nashik,Nasik APMC,Vegetables,Tomato,Other,Local,400.00,"3,125.00","1,550.00",Rs./Quintal,53.00,Metric Tonnes,08-07-2026
Maharashtra,Nashik,Nasik APMC,Vegetables,Tomato,Other,Local,300.00,"3,000.00","1,875.00",Rs./Quintal,134.80,Metric Tonnes,08-06-2026
Maharashtra,Nashik,Nasik APMC,Vegetables,Tomato,Other,Local,250.00,"1,055.00",600.00,Rs./Quintal,171.50,Metric Tonnes,08-04-2026
Maharashtra,Nashik,Nasik APMC,Vegetables,Tomato,Other,Local,250.00,"1,375.00",875.00,Rs./Quintal,108.10,Metric Tonnes,08-03-2026
Maharashtra,Nashik,Nasik APMC,Vegetables,Tomato,Other,Local,250.00,"3,750.00","1,500.00",Rs./Quintal,84.10,Metric Tonnes,08-01-2026
Maharashtra,Nashik,Nasik APMC,Vegetables,Tomato,Other,Local,250.00,"2,175.00","1,400.00",Rs./Quintal,59.90,Metric Tonnes,07-12-2025
Maharashtra,Nashik,Nasik APMC,Vegetables,Tomato,Other,Local,250.00,"1,750.00","1,100.00",Rs./Quintal,185.00,Metric Tonnes,07-11-2025
Maharashtra,Nashik,Nasik APMC,Vegetables,Tomato,Other,Local,350.00,"2,750.00","1,250.00",Rs./Quintal,47.60,Metric Tonnes,07-07-2026
Maharashtra,Nashik,Nasik APMC,Vegetables,Tomato,Other,Local,300.00,"2,750.00","1,700.00",Rs./Quintal,129.20,Metric Tonnes,07-06-2026
Maharashtra,Nashik,Nasik APMC,Vegetables,Tomato,Other,Local,300.00,"1,900.00",950.00,Rs./Quintal,207.30,Metric Tonnes,07-05-2026
Maharashtra,Nashik,Nasik APMC,Vegetables,Tomato,Other,Local,250.00,"1,000.00",550.00,Rs./Quintal,180.70,Metric Tonnes,07-04-2026
Maharashtra,Nashik,Nasik APMC,Vegetables,Tomato,Other,Local,250.00,"2,855.00","1,500.00",Rs./Quintal,71.50,Metric Tonnes,07-01-2026
Maharashtra,Nashik,Nasik APMC,Vegetables,Tomato,Other,Local,400.00,"3,055.00","1,500.00",Rs./Quintal,98.00,Metric Tonnes,06-07-2026
Maharashtra,Nashik,Nasik APMC,Vegetables,Tomato,Other,Local,200.00,650.00,500.00,Rs./Quintal,227.80,Metric Tonnes,06-04-2026
Maharashtra,Nashik,Nasik APMC,Vegetables,Tomato,Other,Local,200.00,"1,150.00",650.00,Rs./Quintal,123.20,Metric Tonnes,06-03-2026
Maharashtra,Nashik,Nasik APMC,Vegetables,Tomato,Other,Local,200.00,"1,100.00",700.00,Rs./Quintal,115.70,Metric Tonnes,06-02-2026
Maharashtra,Nashik,Nasik APMC,Vegetables,Tomato,Other,Local,250.00,"3,055.00","1,750.00",Rs./Quintal,81.30,Metric Tonnes,06-01-2026
Maharashtra,Nashik,Nasik APMC,Vegetables,Tomato,Other,Local,250.00,"2,255.00","1,375.00",Rs./Quintal,66.70,Metric Tonnes,05-12-2025
Maharashtra,Nashik,Nasik APMC,Vegetables,Tomato,Other,Local,300.00,"2,500.00","1,250.00",Rs./Quintal,118.60,Metric Tonnes,05-08-2026
Maharashtra,Nashik,Nasik APMC,Vegetables,Tomato,Other,Local,350.00,"2,555.00","1,250.00",Rs./Quintal,92.20,Metric Tonnes,05-07-2026
Maharashtra,Nashik,Nasik APMC,Vegetables,Tomato,Other,Local,225.00,"2,500.00","1,550.00",Rs./Quintal,151.20,Metric Tonnes,05-06-2026
Maharashtra,Nashik,Nasik APMC,Vegetables,Tomato,Other,Local,300.00,"1,875.00",900.00,Rs./Quintal,195.80,Metric Tonnes,05-05-2026
Maharashtra,Nashik,Nasik APMC,Vegetables,Tomato,Other,Local,225.00,925.00,550.00,Rs./Quintal,190.40,Metric Tonnes,05-04-2026
Maharashtra,Nashik,Nasik APMC,Vegetables,Tomato,Other,Local,200.00,"1,300.00",800.00,Rs./Quintal,114.30,Metric Tonnes,05-03-2026
Maharashtra,Nashik,Nasik APMC,Vegetables,Tomato,Other,Local,200.00,"1,000.00",650.00,Rs./Quintal,109.20,Metric Tonnes,05-02-2026
Maharashtra,Nashik,Nasik APMC,Vegetables,Tomato,Other,Local,300.00,"3,750.00","2,000.00",Rs./Quintal,63.10,Metric Tonnes,05-01-2026
Maharashtra,Nashik,Nasik APMC,Vegetables,Tomato,Other,Local,250.00,"2,500.00","1,500.00",Rs./Quintal,68.90,Metric Tonnes,04-12-2025
Maharashtra,Nashik,Nasik APMC,Vegetables,Tomato,Other,Local,300.00,"2,750.00","1,500.00",Rs./Quintal,67.30,Metric Tonnes,04-08-2026
Maharashtra,Nashik,Nasik APMC,Vegetables,Tomato,Other,Local,300.00,"2,555.00","1,600.00",Rs./Quintal,163.60,Metric Tonnes,04-06-2026
Maharashtra,Nashik,Nasik APMC,Vegetables,Tomato,Other,Local,300.00,"2,005.00","1,050.00",Rs./Quintal,173.40,Metric Tonnes,04-05-2026
Maharashtra,Nashik,Nasik APMC,Vegetables,Tomato,Other,Local,200.00,"1,200.00",700.00,Rs./Quintal,109.40,Metric Tonnes,04-03-2026
Maharashtra,Nashik,Nasik APMC,Vegetables,Tomato,Other,Local,200.00,"1,100.00",650.00,Rs./Quintal,105.50,Metric Tonnes,04-02-2026
Maharashtra,Nashik,Nasik APMC,Vegetables,Tomato,Other,Local,300.00,"3,625.00","2,055.00",Rs./Quintal,59.20,Metric Tonnes,04-01-2026
Maharashtra,Nashik,Nasik APMC,Vegetables,Tomato,Other,Local,250.00,"2,500.00","1,505.00",Rs./Quintal,71.90,Metric Tonnes,03-12-2025
Maharashtra,Nashik,Nasik APMC,Vegetables,Tomato,Other,Local,300.00,"2,750.00","1,500.00",Rs./Quintal,67.30,Metric Tonnes,03-08-2026
Maharashtra,Nashik,Nasik APMC,Vegetables,Tomato,Other,Local,350.00,"2,605.00","1,375.00",Rs./Quintal,74.00,Metric Tonnes,03-07-2026
Maharashtra,Nashik,Nasik APMC,Vegetables,Tomato,Other,Local,300.00,"2,750.00","2,000.00",Rs./Quintal,134.00,Metric Tonnes,03-06-2026
Maharashtra,Nashik,Nasik APMC,Vegetables,Tomato,Other,Local,200.00,900.00,500.00,Rs./Quintal,173.80,Metric Tonnes,03-04-2026
Maharashtra,Nashik,Nasik APMC,Vegetables,Tomato,Other,Local,200.00,"1,250.00",750.00,Rs./Quintal,110.60,Metric Tonnes,03-03-2026
Maharashtra,Nashik,Nasik APMC,Vegetables,Tomato,Other,Local,250.00,"1,350.00",800.00,Rs./Quintal,96.30,Metric Tonnes,03-02-2026
Maharashtra,Nashik,Nasik APMC,Vegetables,Tomato,Other,Local,250.00,"2,375.00","1,375.00",Rs./Quintal,67.00,Metric Tonnes,02-12-2025
Maharashtra,Nashik,Nasik APMC,Vegetables,Tomato,Other,Local,350.00,"2,700.00","1,550.00",Rs./Quintal,90.00,Metric Tonnes,02-08-2026
Maharashtra,Nashik,Nasik APMC,Vegetables,Tomato,Other,Local,350.00,"2,500.00","1,250.00",Rs./Quintal,86.10,Metric Tonnes,02-07-2026
Maharashtra,Nashik,Nasik APMC,Vegetables,Tomato,Other,Local,250.00,"2,500.00","1,575.00",Rs./Quintal,154.70,Metric Tonnes,02-06-2026
Maharashtra,Nashik,Nasik APMC,Vegetables,Tomato,Other,Local,250.00,"1,100.00",675.00,Rs./Quintal,102.60,Metric Tonnes,02-02-2026
Maharashtra,Nashik,Nasik APMC,Vegetables,Tomato,Other,Local,250.00,"3,250.00","1,875.00",Rs./Quintal,64.60,Metric Tonnes,02-01-2026
Maharashtra,Nashik,Nasik APMC,Vegetables,Tomato,Other,Local,250.00,"2,250.00","1,500.00",Rs./Quintal,68.60,Metric Tonnes,01-12-2025
Maharashtra,Nashik,Nasik APMC,Vegetables,Tomato,Other,Local,350.00,"2,555.00","1,200.00",Rs./Quintal,99.20,Metric Tonnes,01-07-2026
Maharashtra,Nashik,Nasik APMC,Vegetables,Tomato,Other,Local,250.00,"2,250.00","1,625.00",Rs./Quintal,192.50,Metric Tonnes,01-06-2026
Maharashtra,Nashik,Nasik APMC,Vegetables,Tomato,Other,Local,250.00,"2,055.00","1,100.00",Rs./Quintal,165.80,Metric Tonnes,01-05-2026
Maharashtra,Nashik,Nasik APMC,Vegetables,Tomato,Other,Local,225.00,950.00,550.00,Rs./Quintal,173.00,Metric Tonnes,01-04-2026
Maharashtra,Nashik,Nasik APMC,Vegetables,Tomato,Other,Local,200.00,"1,300.00",800.00,Rs./Quintal,106.20,Metric Tonnes,01-03-2026
Maharashtra,Nashik,Nasik APMC,Vegetables,Tomato,Other,Local,200.00,"1,250.00",750.00,Rs./Quintal,101.40,Metric Tonnes,01-02-2026
Maharashtra,Nashik,Nasik APMC,Vegetables,Tomato,Other,Local,275.00,"3,250.00","1,800.00",Rs./Quintal,273.80,Metric Tonnes,01-01-2026
Maharashtra,Nashik,Pimpalgaon Baswant APMC,Vegetables,Tomato,Other,Local,300.00,"3,605.00","2,755.00",Rs./Quintal,146.10,Metric Tonnes,31-12-2025
Maharashtra,Nashik,Pimpalgaon Baswant APMC,Vegetables,Tomato,Other,Local,250.00,"3,505.00","2,755.00",Rs./Quintal,3.50,Metric Tonnes,31-07-2026
Maharashtra,Nashik,Pimpalgaon Baswant APMC,Vegetables,Tomato,Other,Local,400.00,"2,605.00","2,055.00",Rs./Quintal,32.50,Metric Tonnes,31-05-2026
Maharashtra,Nashik,Pimpalgaon Baswant APMC,Vegetables,Tomato,Other,Local,300.00,"1,255.00",605.00,Rs./Quintal,150.90,Metric Tonnes,31-03-2026
Maharashtra,Nashik,Pimpalgaon Baswant APMC,Vegetables,Tomato,Other,Local,300.00,"2,755.00","2,105.00",Rs./Quintal,202.80,Metric Tonnes,30-12-2025
Maharashtra,Nashik,Pimpalgaon Baswant APMC,Vegetables,Tomato,Other,Local,500.00,"3,255.00","2,455.00",Rs./Quintal,187.30,Metric Tonnes,30-11-2025
Maharashtra,Nashik,Pimpalgaon Baswant APMC,Vegetables,Tomato,Other,Local,250.00,"2,755.00","2,105.00",Rs./Quintal,40.40,Metric Tonnes,30-07-2026
Maharashtra,Nashik,Pimpalgaon Baswant APMC,Vegetables,Tomato,Other,Local,500.00,"3,605.00","3,005.00",Rs./Quintal,300.70,Metric Tonnes,29-12-2025
Maharashtra,Nashik,Pimpalgaon Baswant APMC,Vegetables,Tomato,Other,Local,250.00,"2,755.00","2,005.00",Rs./Quintal,49.90,Metric Tonnes,29-07-2026
Maharashtra,Nashik,Pimpalgaon Baswant APMC,Vegetables,Tomato,Other,Local,300.00,"2,505.00","1,905.00",Rs./Quintal,31.10,Metric Tonnes,29-06-2026
Maharashtra,Nashik,Pimpalgaon Baswant APMC,Vegetables,Tomato,Other,Local,400.00,"2,505.00","1,955.00",Rs./Quintal,89.70,Metric Tonnes,29-05-2026
Maharashtra,Nashik,Pimpalgaon Baswant APMC,Vegetables,Tomato,Other,Local,300.00,"2,405.00","1,755.00",Rs./Quintal,235.10,Metric Tonnes,29-04-2026
Maharashtra,Nashik,Pimpalgaon Baswant APMC,Vegetables,Tomato,Other,Local,300.00,"2,105.00","1,505.00",Rs./Quintal,58.20,Metric Tonnes,29-03-2026
Maharashtra,Nashik,Pimpalgaon Baswant APMC,Vegetables,Tomato,Other,Local,400.00,"3,755.00","2,875.00",Rs./Quintal,104.50,Metric Tonnes,28-12-2025
Maharashtra,Nashik,Pimpalgaon Baswant APMC,Vegetables,Tomato,Other,Local,500.00,"3,905.00","2,755.00",Rs./Quintal,"1,252.30",Metric Tonnes,28-11-2025
Maharashtra,Nashik,Pimpalgaon Baswant APMC,Vegetables,Tomato,Other,Local,250.00,"3,105.00","2,505.00",Rs./Quintal,30.30,Metric Tonnes,28-07-2026
Maharashtra,Nashik,Pimpalgaon Baswant APMC,Vegetables,Tomato,Other,Local,400.00,"2,555.00","2,005.00",Rs./Quintal,73.40,Metric Tonnes,28-05-2026
Maharashtra,Nashik,Pimpalgaon Baswant APMC,Vegetables,Tomato,Other,Local,300.00,"2,555.00","1,905.00",Rs./Quintal,364.90,Metric Tonnes,28-04-2026
Maharashtra,Nashik,Pimpalgaon Baswant APMC,Vegetables,Tomato,Other,Local,255.00,"1,505.00",905.00,Rs./Quintal,58.40,Metric Tonnes,28-01-2026
Maharashtra,Nashik,Pimpalgaon Baswant APMC,Vegetables,Tomato,Other,Local,250.00,"2,250.00","1,555.00",Rs./Quintal,"1,190.90",Metric Tonnes,27-11-2025
Maharashtra,Nashik,Pimpalgaon Baswant APMC,Vegetables,Tomato,Other,Local,250.00,"3,255.00","2,655.00",Rs./Quintal,37.90,Metric Tonnes,27-07-2026
Maharashtra,Nashik,Pimpalgaon Baswant APMC,Vegetables,Tomato,Other,Local,400.00,"2,755.00","2,155.00",Rs./Quintal,104.00,Metric Tonnes,27-05-2026
Maharashtra,Nashik,Pimpalgaon Baswant APMC,Vegetables,Tomato,Other,Local,300.00,"2,505.00","1,905.00",Rs./Quintal,423.70,Metric Tonnes,27-04-2026
Maharashtra,Nashik,Pimpalgaon Baswant APMC,Vegetables,Tomato,Other,Local,300.00,"1,905.00","1,305.00",Rs./Quintal,88.90,Metric Tonnes,27-03-2026
Maharashtra,Nashik,Pimpalgaon Baswant APMC,Vegetables,Tomato,Other,Local,255.00,"1,505.00",905.00,Rs./Quintal,40.70,Metric Tonnes,27-02-2026
Maharashtra,Nashik,Pimpalgaon Baswant APMC,Vegetables,Tomato,Other,Local,250.00,"3,400.00","2,255.00",Rs./Quintal,203.50,Metric Tonnes,26-12-2025
Maharashtra,Nashik,Pimpalgaon Baswant APMC,Vegetables,Tomato,Other,Local,250.00,"3,000.00","2,055.00",Rs./Quintal,"1,249.60",Metric Tonnes,26-11-2025
Maharashtra,Nashik,Pimpalgaon Baswant APMC,Vegetables,Tomato,Other,Local,500.00,"4,005.00","3,005.00",Rs./Quintal,31.50,Metric Tonnes,26-07-2026
Maharashtra,Nashik,Pimpalgaon Baswant APMC,Vegetables,Tomato,Other,Local,400.00,"2,605.00","2,055.00",Rs./Quintal,88.70,Metric Tonnes,26-05-2026
Maharashtra,Nashik,Pimpalgaon Baswant APMC,Vegetables,Tomato,Other,Local,300.00,"2,405.00","1,755.00",Rs./Quintal,125.30,Metric Tonnes,26-04-2026
Maharashtra,Nashik,Pimpalgaon Baswant APMC,Vegetables,Tomato,Other,Local,250.00,"1,855.00","1,255.00",Rs./Quintal,46.00,Metric Tonnes,26-03-2026
Maharashtra,Nashik,Pimpalgaon Baswant APMC,Vegetables,Tomato,Other,Local,255.00,"1,405.00",805.00,Rs./Quintal,47.00,Metric Tonnes,26-02-2026
Maharashtra,Nashik,Pimpalgaon Baswant APMC,Vegetables,Tomato,Other,Local,300.00,"3,255.00","2,555.00",Rs./Quintal,209.30,Metric Tonnes,25-12-2025
Maharashtra,Nashik,Pimpalgaon Baswant APMC,Vegetables,Tomato,Other,Local,250.00,"3,205.00","2,105.00",Rs./Quintal,"1,829.40",Metric Tonnes,25-11-2025
Maharashtra,Nashik,Pimpalgaon Baswant APMC,Vegetables,Tomato,Other,Local,505.00,"3,755.00","3,055.00",Rs./Quintal,21.50,Metric Tonnes,25-06-2026
Maharashtra,Nashik,Pimpalgaon Baswant APMC,Vegetables,Tomato,Other,Local,400.00,"2,505.00","1,905.00",Rs./Quintal,163.10,Metric Tonnes,25-05-2026
Maharashtra,Nashik,Pimpalgaon Baswant APMC,Vegetables,Tomato,Other,Local,255.00,"1,355.00",755.00,Rs./Quintal,66.80,Metric Tonnes,25-02-2026
Maharashtra,Nashik,Pimpalgaon Baswant APMC,Vegetables,Tomato,Other,Local,505.00,"4,055.00","3,405.00",Rs./Quintal,312.30,Metric Tonnes,24-12-2025
Maharashtra,Nashik,Pimpalgaon Baswant APMC,Vegetables,Tomato,Other,Local,500.00,"4,405.00","3,255.00",Rs./Quintal,"2,518.20",Metric Tonnes,24-11-2025
Maharashtra,Nashik,Pimpalgaon Baswant APMC,Vegetables,Tomato,Other,Local,505.00,"4,005.00","3,405.00",Rs./Quintal,30.80,Metric Tonnes,24-06-2026
Maharashtra,Nashik,Pimpalgaon Baswant APMC,Vegetables,Tomato,Other,Local,300.00,"1,905.00","1,255.00",Rs./Quintal,44.60,Metric Tonnes,24-05-2026
Maharashtra,Nashik,Pimpalgaon Baswant APMC,Vegetables,Tomato,Other,Local,300.00,"2,255.00","1,505.00",Rs./Quintal,333.60,Metric Tonnes,24-04-2026
Maharashtra,Nashik,Pimpalgaon Baswant APMC,Vegetables,Tomato,Other,Local,250.00,"1,555.00","1,005.00",Rs./Quintal,104.30,Metric Tonnes,24-03-2026
Maharashtra,Nashik,Pimpalgaon Baswant APMC,Vegetables,Tomato,Other,Local,255.00,"1,255.00",705.00,Rs./Quintal,66.10,Metric Tonnes,24-02-2026
Maharashtra,Nashik,Pimpalgaon Baswant APMC,Vegetables,Tomato,Other,Local,505.00,"4,005.00","3,355.00",Rs./Quintal,257.80,Metric Tonnes,23-12-2025
Maharashtra,Nashik,Pimpalgaon Baswant APMC,Vegetables,Tomato,Other,Local,500.00,"5,755.00","3,855.00",Rs./Quintal,228.40,Metric Tonnes,23-11-2025
Maharashtra,Nashik,Pimpalgaon Baswant APMC,Vegetables,Tomato,Other,Local,300.00,"2,775.00","2,155.00",Rs./Quintal,20.70,Metric Tonnes,23-07-2026
Maharashtra,Nashik,Pimpalgaon Baswant APMC,Vegetables,Tomato,Other,Local,505.00,"5,005.00","3,755.00",Rs./Quintal,37.20,Metric Tonnes,23-06-2026
Maharashtra,Nashik,Pimpalgaon Baswant APMC,Vegetables,Tomato,Other,Local,300.00,"2,405.00","1,755.00",Rs./Quintal,362.30,Metric Tonnes,23-04-2026
Maharashtra,Nashik,Pimpalgaon Baswant APMC,Vegetables,Tomato,Other,Local,250.00,"1,505.00",905.00,Rs./Quintal,63.40,Metric Tonnes,23-03-2026
Maharashtra,Nashik,Pimpalgaon Baswant APMC,Vegetables,Tomato,Other,Local,255.00,"1,355.00",755.00,Rs./Quintal,52.00,Metric Tonnes,23-02-2026
Maharashtra,Nashik,Pimpalgaon Baswant APMC,Vegetables,Tomato,Other,Local,300.00,"2,005.00","1,405.00",Rs./Quintal,96.90,Metric Tonnes,23-01-2026
Maharashtra,Nashik,Pimpalgaon Baswant APMC,Vegetables,Tomato,Other,Local,505.00,"3,855.00","3,255.00",Rs./Quintal,405.70,Metric Tonnes,22-12-2025
Maharashtra,Nashik,Pimpalgaon Baswant APMC,Vegetables,Tomato,Other,Local,250.00,"3,805.00","3,005.00",Rs./Quintal,12.30,Metric Tonnes,22-07-2026
Maharashtra,Nashik,Pimpalgaon Baswant APMC,Vegetables,Tomato,Other,Local,505.00,"6,005.00","4,005.00",Rs./Quintal,22.40,Metric Tonnes,22-06-2026
Maharashtra,Nashik,Pimpalgaon Baswant APMC,Vegetables,Tomato,Other,Local,300.00,"2,005.00","1,405.00",Rs./Quintal,108.00,Metric Tonnes,22-05-2026
Maharashtra,Nashik,Pimpalgaon Baswant APMC,Vegetables,Tomato,Other,Local,300.00,"2,305.00","1,705.00",Rs./Quintal,262.50,Metric Tonnes,22-04-2026
Maharashtra,Nashik,Pimpalgaon Baswant APMC,Vegetables,Tomato,Other,Local,250.00,"1,155.00",500.00,Rs./Quintal,13.00,Metric Tonnes,22-03-2026
Maharashtra,Nashik,Pimpalgaon Baswant APMC,Vegetables,Tomato,Other,Local,255.00,905.00,755.00,Rs./Quintal,22.70,Metric Tonnes,22-02-2026
Maharashtra,Nashik,Pimpalgaon Baswant APMC,Vegetables,Tomato,Other,Local,300.00,"2,155.00","1,505.00",Rs./Quintal,105.20,Metric Tonnes,22-01-2026
Maharashtra,Nashik,Pimpalgaon Baswant APMC,Vegetables,Tomato,Other,Local,505.00,"3,705.00","3,105.00",Rs./Quintal,46.70,Metric Tonnes,21-12-2025
Maharashtra,Nashik,Pimpalgaon Baswant APMC,Vegetables,Tomato,Other,Local,350.00,"4,005.00","3,125.00",Rs./Quintal,"1,773.90",Metric Tonnes,21-11-2025
Maharashtra,Nashik,Pimpalgaon Baswant APMC,Vegetables,Tomato,Other,Local,250.00,"3,505.00","2,755.00",Rs./Quintal,11.50,Metric Tonnes,21-07-2026
Maharashtra,Nashik,Pimpalgaon Baswant APMC,Vegetables,Tomato,Other,Local,505.00,"4,005.00","3,405.00",Rs./Quintal,21.20,Metric Tonnes,21-06-2026
Maharashtra,Nashik,Pimpalgaon Baswant APMC,Vegetables,Tomato,Other,Local,300.00,"2,105.00","1,505.00",Rs./Quintal,104.00,Metric Tonnes,21-05-2026
Maharashtra,Nashik,Pimpalgaon Baswant APMC,Vegetables,Tomato,Other,Local,300.00,"2,355.00","1,755.00",Rs./Quintal,274.90,Metric Tonnes,21-04-2026
Maharashtra,Nashik,Pimpalgaon Baswant APMC,Vegetables,Tomato,Other,Local,300.00,"2,255.00","1,605.00",Rs./Quintal,96.90,Metric Tonnes,21-01-2026
Maharashtra,Nashik,Pimpalgaon Baswant APMC,Vegetables,Tomato,Other,Local,500.00,"4,800.00","3,655.00",Rs./Quintal,"1,926.20",Metric Tonnes,20-11-2025
Maharashtra,Nashik,Pimpalgaon Baswant APMC,Vegetables,Tomato,Other,Local,150.00,"1,755.00","1,055.00",Rs./Quintal,"1,435.80",Metric Tonnes,20-08-2026
Maharashtra,Nashik,Pimpalgaon Baswant APMC,Vegetables,Tomato,Other,Local,250.00,"3,225.00","2,655.00",Rs./Quintal,16.50,Metric Tonnes,20-07-2026
Maharashtra,Nashik,Pimpalgaon Baswant APMC,Vegetables,Tomato,Other,Local,400.00,"2,355.00","1,805.00",Rs./Quintal,145.10,Metric Tonnes,20-05-2026
Maharashtra,Nashik,Pimpalgaon Baswant APMC,Vegetables,Tomato,Other,Local,300.00,"2,405.00","1,805.00",Rs./Quintal,203.70,Metric Tonnes,20-04-2026
Maharashtra,Nashik,Pimpalgaon Baswant APMC,Vegetables,Tomato,Other,Local,250.00,"1,225.00",555.00,Rs./Quintal,91.30,Metric Tonnes,20-03-2026
Maharashtra,Nashik,Pimpalgaon Baswant APMC,Vegetables,Tomato,Other,Local,255.00,"1,575.00",905.00,Rs./Quintal,50.10,Metric Tonnes,20-02-2026
Maharashtra,Nashik,Pimpalgaon Baswant APMC,Vegetables,Tomato,Other,Local,300.00,"3,105.00","2,505.00",Rs./Quintal,249.30,Metric Tonnes,19-12-2025
Maharashtra,Nashik,Pimpalgaon Baswant APMC,Vegetables,Tomato,Other,Local,500.00,"4,255.00","3,205.00",Rs./Quintal,"1,778.20",Metric Tonnes,19-11-2025
Maharashtra,Nashik,Pimpalgaon Baswant APMC,Vegetables,Tomato,Other,Local,250.00,"2,005.00","1,355.00",Rs./Quintal,"1,613.20",Metric Tonnes,19-08-2026
Maharashtra,Nashik,Pimpalgaon Baswant APMC,Vegetables,Tomato,Other,Local,250.00,"3,105.00","2,505.00",Rs./Quintal,7.00,Metric Tonnes,19-07-2026
Maharashtra,Nashik,Pimpalgaon Baswant APMC,Vegetables,Tomato,Other,Local,505.00,"4,025.00","3,255.00",Rs./Quintal,25.40,Metric Tonnes,19-06-2026
Maharashtra,Nashik,Pimpalgaon Baswant APMC,Vegetables,Tomato,Other,Local,400.00,"2,255.00","1,755.00",Rs./Quintal,138.20,Metric Tonnes,19-05-2026
Maharashtra,Nashik,Pimpalgaon Baswant APMC,Vegetables,Tomato,Other,Local,400.00,"2,455.00","1,855.00",Rs./Quintal,131.10,Metric Tonnes,19-04-2026
Maharashtra,Nashik,Pimpalgaon Baswant APMC,Vegetables,Tomato,Other,Local,250.00,"1,255.00",605.00,Rs./Quintal,29.90,Metric Tonnes,19-03-2026
Maharashtra,Nashik,Pimpalgaon Baswant APMC,Vegetables,Tomato,Other,Local,255.00,"1,505.00",855.00,Rs./Quintal,20.70,Metric Tonnes,19-02-2026
Maharashtra,Nashik,Pimpalgaon Baswant APMC,Vegetables,Tomato,Other,Local,300.00,"3,755.00","3,105.00",Rs./Quintal,303.30,Metric Tonnes,18-12-2025
Maharashtra,Nashik,Pimpalgaon Baswant APMC,Vegetables,Tomato,Other,Local,350.00,"4,005.00","3,005.00",Rs./Quintal,"2,197.90",Metric Tonnes,18-11-2025
Maharashtra,Nashik,Pimpalgaon Baswant APMC,Vegetables,Tomato,Other,Local,250.00,"2,055.00","1,455.00",Rs./Quintal,"1,574.90",Metric Tonnes,18-08-2026
Maharashtra,Nashik,Pimpalgaon Baswant APMC,Vegetables,Tomato,Other,Local,505.00,"4,375.00","3,605.00",Rs./Quintal,28.30,Metric Tonnes,18-06-2026
Maharashtra,Nashik,Pimpalgaon Baswant APMC,Vegetables,Tomato,Other,Local,400.00,"2,405.00","1,855.00",Rs./Quintal,165.20,Metric Tonnes,18-05-2026
Maharashtra,Nashik,Pimpalgaon Baswant APMC,Vegetables,Tomato,Other,Local,250.00,"1,305.00",705.00,Rs./Quintal,56.40,Metric Tonnes,18-03-2026
Maharashtra,Nashik,Pimpalgaon Baswant APMC,Vegetables,Tomato,Other,Local,300.00,"2,105.00","1,505.00",Rs./Quintal,26.90,Metric Tonnes,18-01-2026
Maharashtra,Nashik,Pimpalgaon Baswant APMC,Vegetables,Tomato,Other,Local,500.00,"3,755.00","3,205.00",Rs./Quintal,288.10,Metric Tonnes,17-12-2025
Maharashtra,Nashik,Pimpalgaon Baswant APMC,Vegetables,Tomato,Other,Local,250.00,"3,505.00","2,625.00",Rs./Quintal,"3,102.50",Metric Tonnes,17-11-2025
Maharashtra,Nashik,Pimpalgaon Baswant APMC,Vegetables,Tomato,Other,Local,250.00,"2,255.00","1,705.00",Rs./Quintal,"1,332.40",Metric Tonnes,17-08-2026
Maharashtra,Nashik,Pimpalgaon Baswant APMC,Vegetables,Tomato,Other,Local,250.00,"2,255.00","1,655.00",Rs./Quintal,10.20,Metric Tonnes,17-07-2026
Maharashtra,Nashik,Pimpalgaon Baswant APMC,Vegetables,Tomato,Other,Local,400.00,"3,255.00","2,655.00",Rs./Quintal,25.20,Metric Tonnes,17-06-2026
Maharashtra,Nashik,Pimpalgaon Baswant APMC,Vegetables,Tomato,Other,Local,500.00,"2,655.00","2,055.00",Rs./Quintal,80.30,Metric Tonnes,17-05-2026
Maharashtra,Nashik,Pimpalgaon Baswant APMC,Vegetables,Tomato,Other,Local,300.00,"2,455.00","1,855.00",Rs./Quintal,258.30,Metric Tonnes,17-04-2026
Maharashtra,Nashik,Pimpalgaon Baswant APMC,Vegetables,Tomato,Other,Local,250.00,"1,405.00",755.00,Rs./Quintal,71.70,Metric Tonnes,17-03-2026
Maharashtra,Nashik,Pimpalgaon Baswant APMC,Vegetables,Tomato,Other,Local,255.00,"1,505.00",855.00,Rs./Quintal,82.10,Metric Tonnes,17-02-2026
Maharashtra,Nashik,Pimpalgaon Baswant APMC,Vegetables,Tomato,Other,Local,500.00,"3,955.00","3,405.00",Rs./Quintal,338.10,Metric Tonnes,16-12-2025
Maharashtra,Nashik,Pimpalgaon Baswant APMC,Vegetables,Tomato,Other,Local,250.00,"3,555.00","2,755.00",Rs./Quintal,248.90,Metric Tonnes,16-11-2025
Maharashtra,Nashik,Pimpalgaon Baswant APMC,Vegetables,Tomato,Other,Local,250.00,"2,405.00","1,755.00",Rs./Quintal,785.20,Metric Tonnes,16-08-2026
Maharashtra,Nashik,Pimpalgaon Baswant APMC,Vegetables,Tomato,Other,Local,250.00,"2,000.00","1,455.00",Rs./Quintal,14.70,Metric Tonnes,16-07-2026
Maharashtra,Nashik,Pimpalgaon Baswant APMC,Vegetables,Tomato,Other,Local,400.00,"3,555.00","3,005.00",Rs./Quintal,36.40,Metric Tonnes,16-06-2026
Maharashtra,Nashik,Pimpalgaon Baswant APMC,Vegetables,Tomato,Other,Local,300.00,"2,405.00","1,755.00",Rs./Quintal,157.30,Metric Tonnes,16-04-2026
Maharashtra,Nashik,Pimpalgaon Baswant APMC,Vegetables,Tomato,Other,Local,250.00,"1,555.00","1,005.00",Rs./Quintal,57.50,Metric Tonnes,16-03-2026
Maharashtra,Nashik,Pimpalgaon Baswant APMC,Vegetables,Tomato,Other,Local,255.00,"1,405.00",605.00,Rs./Quintal,61.70,Metric Tonnes,16-02-2026
Maharashtra,Nashik,Pimpalgaon Baswant APMC,Vegetables,Tomato,Other,Local,300.00,"2,855.00","2,255.00",Rs./Quintal,159.60,Metric Tonnes,16-01-2026
Maharashtra,Nashik,Pimpalgaon Baswant APMC,Vegetables,Tomato,Other,Local,250.00,"3,555.00","2,905.00",Rs./Quintal,473.50,Metric Tonnes,15-12-2025
Maharashtra,Nashik,Pimpalgaon Baswant APMC,Vegetables,Tomato,Other,Local,250.00,"2,505.00","1,905.00",Rs./Quintal,869.50,Metric Tonnes,15-08-2026
Maharashtra,Nashik,Pimpalgaon Baswant APMC,Vegetables,Tomato,Other,Local,250.00,"2,505.00","1,905.00",Rs./Quintal,13.30,Metric Tonnes,15-07-2026
Maharashtra,Nashik,Pimpalgaon Baswant APMC,Vegetables,Tomato,Other,Local,400.00,"3,255.00","2,655.00",Rs./Quintal,65.30,Metric Tonnes,15-06-2026
Maharashtra,Nashik,Pimpalgaon Baswant APMC,Vegetables,Tomato,Other,Local,500.00,"3,155.00","2,505.00",Rs./Quintal,186.00,Metric Tonnes,15-05-2026
Maharashtra,Nashik,Pimpalgaon Baswant APMC,Vegetables,Tomato,Other,Local,300.00,"2,205.00","1,505.00",Rs./Quintal,202.70,Metric Tonnes,15-04-2026
Maharashtra,Nashik,Pimpalgaon Baswant APMC,Vegetables,Tomato,Other,Local,250.00,"1,505.00",905.00,Rs./Quintal,25.50,Metric Tonnes,15-03-2026
Maharashtra,Nashik,Pimpalgaon Baswant APMC,Vegetables,Tomato,Other,Local,250.00,"1,105.00",555.00,Rs./Quintal,13.50,Metric Tonnes,15-02-2026
Maharashtra,Nashik,Pimpalgaon Baswant APMC,Vegetables,Tomato,Other,Local,300.00,"2,005.00","1,405.00",Rs./Quintal,47.50,Metric Tonnes,15-01-2026
Maharashtra,Nashik,Pimpalgaon Baswant APMC,Vegetables,Tomato,Other,Local,500.00,"3,400.00","2,755.00",Rs./Quintal,53.70,Metric Tonnes,14-12-2025
Maharashtra,Nashik,Pimpalgaon Baswant APMC,Vegetables,Tomato,Other,Local,250.00,"2,405.00","1,855.00",Rs./Quintal,842.40,Metric Tonnes,14-08-2026
Maharashtra,Nashik,Pimpalgaon Baswant APMC,Vegetables,Tomato,Other,Local,250.00,"2,775.00","2,105.00",Rs./Quintal,14.70,Metric Tonnes,14-07-2026
Maharashtra,Nashik,Pimpalgaon Baswant APMC,Vegetables,Tomato,Other,Local,400.00,"3,555.00","3,005.00",Rs./Quintal,30.30,Metric Tonnes,14-06-2026
Maharashtra,Nashik,Pimpalgaon Baswant APMC,Vegetables,Tomato,Other,Local,300.00,"2,655.00","2,055.00",Rs./Quintal,123.70,Metric Tonnes,14-05-2026
Maharashtra,Nashik,Pimpalgaon Baswant APMC,Vegetables,Tomato,Other,Local,250.00,"2,255.00","1,605.00",Rs./Quintal,91.30,Metric Tonnes,14-04-2026
Maharashtra,Nashik,Pimpalgaon Baswant APMC,Vegetables,Tomato,Other,Local,250.00,"2,205.00","1,905.00",Rs./Quintal,724.70,Metric Tonnes,13-08-2026
Maharashtra,Nashik,Pimpalgaon Baswant APMC,Vegetables,Tomato,Other,Local,250.00,"2,575.00","2,005.00",Rs./Quintal,6.30,Metric Tonnes,13-07-2026
Maharashtra,Nashik,Pimpalgaon Baswant APMC,Vegetables,Tomato,Other,Local,300.00,"2,355.00","1,755.00",Rs./Quintal,203.00,Metric Tonnes,13-05-2026
Maharashtra,Nashik,Pimpalgaon Baswant APMC,Vegetables,Tomato,Other,Local,250.00,"1,855.00","1,255.00",Rs./Quintal,238.20,Metric Tonnes,13-04-2026
Maharashtra,Nashik,Pimpalgaon Baswant APMC,Vegetables,Tomato,Other,Local,250.00,"1,405.00",755.00,Rs./Quintal,62.60,Metric Tonnes,13-03-2026
Maharashtra,Nashik,Pimpalgaon Baswant APMC,Vegetables,Tomato,Other,Local,255.00,"1,255.00",605.00,Rs./Quintal,43.30,Metric Tonnes,13-02-2026
Maharashtra,Nashik,Pimpalgaon Baswant APMC,Vegetables,Tomato,Other,Local,300.00,"2,255.00","1,605.00",Rs./Quintal,108.90,Metric Tonnes,13-01-2026
Maharashtra,Nashik,Pimpalgaon Baswant APMC,Vegetables,Tomato,Other,Local,250.00,"3,205.00","2,505.00",Rs./Quintal,410.50,Metric Tonnes,12-12-2025
Maharashtra,Nashik,Pimpalgaon Baswant APMC,Vegetables,Tomato,Other,Local,250.00,"2,255.00","1,755.00",Rs./Quintal,606.00,Metric Tonnes,12-08-2026
Maharashtra,Nashik,Pimpalgaon Baswant APMC,Vegetables,Tomato,Other,Local,250.00,"3,505.00","2,755.00",Rs./Quintal,2.00,Metric Tonnes,12-07-2026
Maharashtra,Nashik,Pimpalgaon Baswant APMC,Vegetables,Tomato,Other,Local,400.00,"3,755.00","3,105.00",Rs./Quintal,60.90,Metric Tonnes,12-06-2026
Maharashtra,Nashik,Pimpalgaon Baswant APMC,Vegetables,Tomato,Other,Local,300.00,"2,255.00","1,705.00",Rs./Quintal,263.70,Metric Tonnes,12-05-2026
Maharashtra,Nashik,Pimpalgaon Baswant APMC,Vegetables,Tomato,Other,Local,250.00,"1,755.00","1,105.00",Rs./Quintal,57.30,Metric Tonnes,12-04-2026
Maharashtra,Nashik,Pimpalgaon Baswant APMC,Vegetables,Tomato,Other,Local,250.00,"1,505.00",905.00,Rs./Quintal,42.50,Metric Tonnes,12-03-2026
Maharashtra,Nashik,Pimpalgaon Baswant APMC,Vegetables,Tomato,Other,Local,255.00,"1,405.00",805.00,Rs./Quintal,80.10,Metric Tonnes,12-02-2026
Maharashtra,Nashik,Pimpalgaon Baswant APMC,Vegetables,Tomato,Other,Local,250.00,"1,855.00","1,255.00",Rs./Quintal,135.50,Metric Tonnes,12-01-2026
Maharashtra,Nashik,Pimpalgaon Baswant APMC,Vegetables,Tomato,Other,Local,250.00,"3,155.00","2,405.00",Rs./Quintal,431.70,Metric Tonnes,11-12-2025
Maharashtra,Nashik,Pimpalgaon Baswant APMC,Vegetables,Tomato,Other,Local,250.00,"2,755.00","2,375.00",Rs./Quintal,673.80,Metric Tonnes,11-08-2026
Maharashtra,Nashik,Pimpalgaon Baswant APMC,Vegetables,Tomato,Other,Local,400.00,"4,105.00","3,255.00",Rs./Quintal,31.70,Metric Tonnes,11-06-2026
Maharashtra,Nashik,Pimpalgaon Baswant APMC,Vegetables,Tomato,Other,Local,300.00,"2,105.00","1,655.00",Rs./Quintal,236.50,Metric Tonnes,11-05-2026
Maharashtra,Nashik,Pimpalgaon Baswant APMC,Vegetables,Tomato,Other,Local,250.00,"1,555.00",955.00,Rs./Quintal,45.40,Metric Tonnes,11-03-2026
Maharashtra,Nashik,Pimpalgaon Baswant APMC,Vegetables,Tomato,Other,Local,255.00,"1,355.00",755.00,Rs./Quintal,32.80,Metric Tonnes,11-02-2026
Maharashtra,Nashik,Pimpalgaon Baswant APMC,Vegetables,Tomato,Other,Local,250.00,"2,005.00","1,405.00",Rs./Quintal,30.50,Metric Tonnes,11-01-2026
Maharashtra,Nashik,Pimpalgaon Baswant APMC,Vegetables,Tomato,Other,Local,250.00,"2,755.00","2,125.00",Rs./Quintal,535.10,Metric Tonnes,10-12-2025
Maharashtra,Nashik,Pimpalgaon Baswant APMC,Vegetables,Tomato,Other,Local,250.00,"2,205.00","1,755.00",Rs./Quintal,507.70,Metric Tonnes,10-08-2026
Maharashtra,Nashik,Pimpalgaon Baswant APMC,Vegetables,Tomato,Other,Local,250.00,"3,975.00","2,755.00",Rs./Quintal,3.00,Metric Tonnes,10-07-2026
Maharashtra,Nashik,Pimpalgaon Baswant APMC,Vegetables,Tomato,Other,Local,400.00,"4,255.00","3,105.00",Rs./Quintal,41.70,Metric Tonnes,10-06-2026
Maharashtra,Nashik,Pimpalgaon Baswant APMC,Vegetables,Tomato,Other,Local,300.00,"2,055.00","1,755.00",Rs./Quintal,60.10,Metric Tonnes,10-05-2026
Maharashtra,Nashik,Pimpalgaon Baswant APMC,Vegetables,Tomato,Other,Local,250.00,"1,255.00",655.00,Rs./Quintal,92.90,Metric Tonnes,10-04-2026
Maharashtra,Nashik,Pimpalgaon Baswant APMC,Vegetables,Tomato,Other,Local,250.00,"1,605.00","1,005.00",Rs./Quintal,79.80,Metric Tonnes,10-03-2026
Maharashtra,Nashik,Pimpalgaon Baswant APMC,Vegetables,Tomato,Other,Local,255.00,"1,255.00",605.00,Rs./Quintal,51.10,Metric Tonnes,10-02-2026
Maharashtra,Nashik,Pimpalgaon Baswant APMC,Vegetables,Tomato,Other,Local,250.00,"2,775.00","2,155.00",Rs./Quintal,726.50,Metric Tonnes,09-12-2025
Maharashtra,Nashik,Pimpalgaon Baswant APMC,Vegetables,Tomato,Other,Local,250.00,"1,755.00","1,400.00",Rs./Quintal,289.90,Metric Tonnes,09-08-2026
Maharashtra,Nashik,Pimpalgaon Baswant APMC,Vegetables,Tomato,Other,Local,250.00,"3,505.00","2,505.00",Rs./Quintal,10.30,Metric Tonnes,09-07-2026
Maharashtra,Nashik,Pimpalgaon Baswant APMC,Vegetables,Tomato,Other,Local,"1,105.00","5,005.00","3,750.00",Rs./Quintal,47.20,Metric Tonnes,09-06-2026
Maharashtra,Nashik,Pimpalgaon Baswant APMC,Vegetables,Tomato,Other,Local,250.00,"1,205.00",605.00,Rs./Quintal,90.00,Metric Tonnes,09-04-2026
Maharashtra,Nashik,Pimpalgaon Baswant APMC,Vegetables,Tomato,Other,Local,300.00,"1,755.00","1,155.00",Rs./Quintal,57.20,Metric Tonnes,09-03-2026
Maharashtra,Nashik,Pimpalgaon Baswant APMC,Vegetables,Tomato,Other,Local,255.00,"1,255.00",555.00,Rs./Quintal,63.90,Metric Tonnes,09-02-2026
Maharashtra,Nashik,Pimpalgaon Baswant APMC,Vegetables,Tomato,Other,Local,250.00,"2,105.00","1,405.00",Rs./Quintal,143.30,Metric Tonnes,09-01-2026
Maharashtra,Nashik,Pimpalgaon Baswant APMC,Vegetables,Tomato,Other,Local,250.00,"2,875.00","2,105.00",Rs./Quintal,853.60,Metric Tonnes,08-12-2025
Maharashtra,Nashik,Pimpalgaon Baswant APMC,Vegetables,Tomato,Other,Local,250.00,"2,105.00","1,555.00",Rs./Quintal,171.40,Metric Tonnes,08-08-2026
Maharashtra,Nashik,Pimpalgaon Baswant APMC,Vegetables,Tomato,Other,Local,400.00,"3,755.00","2,705.00",Rs./Quintal,80.00,Metric Tonnes,08-06-2026
Maharashtra,Nashik,Pimpalgaon Baswant APMC,Vegetables,Tomato,Other,Local,300.00,"1,905.00","1,305.00",Rs./Quintal,228.00,Metric Tonnes,08-05-2026
Maharashtra,Nashik,Pimpalgaon Baswant APMC,Vegetables,Tomato,Other,Local,250.00,"1,255.00",655.00,Rs./Quintal,151.00,Metric Tonnes,08-04-2026
Maharashtra,Nashik,Pimpalgaon Baswant APMC,Vegetables,Tomato,Other,Local,250.00,"1,505.00",855.00,Rs./Quintal,11.20,Metric Tonnes,08-03-2026
Maharashtra,Nashik,Pimpalgaon Baswant APMC,Vegetables,Tomato,Other,Local,255.00,"1,005.00",500.00,Rs./Quintal,8.80,Metric Tonnes,08-02-2026
Maharashtra,Nashik,Pimpalgaon Baswant APMC,Vegetables,Tomato,Other,Local,250.00,"2,155.00","1,505.00",Rs./Quintal,204.00,Metric Tonnes,08-01-2026
Maharashtra,Nashik,Pimpalgaon Baswant APMC,Vegetables,Tomato,Other,Local,300.00,"2,755.00","2,055.00",Rs./Quintal,73.70,Metric Tonnes,07-12-2025
Maharashtra,Nashik,Pimpalgaon Baswant APMC,Vegetables,Tomato,Other,Local,250.00,"2,505.00","1,605.00",Rs./Quintal,"3,645.50",Metric Tonnes,07-11-2025
Maharashtra,Nashik,Pimpalgaon Baswant APMC,Vegetables,Tomato,Other,Local,250.00,"2,005.00","1,505.00",Rs./Quintal,163.20,Metric Tonnes,07-08-2026
Maharashtra,Nashik,Pimpalgaon Baswant APMC,Vegetables,Tomato,Other,Local,400.00,"2,555.00","2,005.00",Rs./Quintal,24.20,Metric Tonnes,07-06-2026
Maharashtra,Nashik,Pimpalgaon Baswant APMC,Vegetables,Tomato,Other,Local,300.00,"1,855.00","1,255.00",Rs./Quintal,191.40,Metric Tonnes,07-05-2026
Maharashtra,Nashik,Pimpalgaon Baswant APMC,Vegetables,Tomato,Other,Local,250.00,"1,355.00",755.00,Rs./Quintal,130.60,Metric Tonnes,07-04-2026
Maharashtra,Nashik,Pimpalgaon Baswant APMC,Vegetables,Tomato,Other,Local,250.00,"2,255.00","1,605.00",Rs./Quintal,149.10,Metric Tonnes,07-01-2026
Maharashtra,Nashik,Pimpalgaon Baswant APMC,Vegetables,Tomato,Other,Local,250.00,"2,405.00","1,755.00",Rs./Quintal,124.70,Metric Tonnes,06-08-2026
Maharashtra,Nashik,Pimpalgaon Baswant APMC,Vegetables,Tomato,Other,Local,250.00,"2,005.00","1,405.00",Rs./Quintal,1.70,Metric Tonnes,06-07-2026
Maharashtra,Nashik,Pimpalgaon Baswant APMC,Vegetables,Tomato,Other,Local,300.00,"1,755.00","1,105.00",Rs./Quintal,198.50,Metric Tonnes,06-05-2026
Maharashtra,Nashik,Pimpalgaon Baswant APMC,Vegetables,Tomato,Other,Local,250.00,"1,255.00",655.00,Rs./Quintal,205.40,Metric Tonnes,06-04-2026
Maharashtra,Nashik,Pimpalgaon Baswant APMC,Vegetables,Tomato,Other,Local,255.00,"1,505.00",905.00,Rs./Quintal,67.60,Metric Tonnes,06-03-2026
Maharashtra,Nashik,Pimpalgaon Baswant APMC,Vegetables,Tomato,Other,Local,255.00,"1,055.00",505.00,Rs./Quintal,39.30,Metric Tonnes,06-02-2026
Maharashtra,Nashik,Pimpalgaon Baswant APMC,Vegetables,Tomato,Other,Local,300.00,"3,105.00","2,405.00",Rs./Quintal,168.60,Metric Tonnes,06-01-2026
Maharashtra,Nashik,Pimpalgaon Baswant APMC,Vegetables,Tomato,Other,Local,300.00,"3,005.00","2,105.00",Rs./Quintal,763.90,Metric Tonnes,05-12-2025
Maharashtra,Nashik,Pimpalgaon Baswant APMC,Vegetables,Tomato,Other,Local,250.00,"2,505.00","1,905.00",Rs./Quintal,111.00,Metric Tonnes,05-08-2026
Maharashtra,Nashik,Pimpalgaon Baswant APMC,Vegetables,Tomato,Other,Local,400.00,"2,605.00","2,055.00",Rs./Quintal,85.00,Metric Tonnes,05-06-2026
Maharashtra,Nashik,Pimpalgaon Baswant APMC,Vegetables,Tomato,Other,Local,300.00,"1,905.00","1,255.00",Rs./Quintal,260.90,Metric Tonnes,05-05-2026
Maharashtra,Nashik,Pimpalgaon Baswant APMC,Vegetables,Tomato,Other,Local,250.00,"1,155.00",505.00,Rs./Quintal,25.40,Metric Tonnes,05-04-2026
Maharashtra,Nashik,Pimpalgaon Baswant APMC,Vegetables,Tomato,Other,Local,255.00,"1,255.00",755.00,Rs./Quintal,89.40,Metric Tonnes,05-03-2026
Maharashtra,Nashik,Pimpalgaon Baswant APMC,Vegetables,Tomato,Other,Local,255.00,"1,105.00",705.00,Rs./Quintal,53.80,Metric Tonnes,05-02-2026
Maharashtra,Nashik,Pimpalgaon Baswant APMC,Vegetables,Tomato,Other,Local,500.00,"3,255.00","2,605.00",Rs./Quintal,203.30,Metric Tonnes,05-01-2026
Maharashtra,Nashik,Pimpalgaon Baswant APMC,Vegetables,Tomato,Other,Local,500.00,"3,105.00","2,205.00",Rs./Quintal,906.60,Metric Tonnes,04-12-2025
Maharashtra,Nashik,Pimpalgaon Baswant APMC,Vegetables,Tomato,Other,Local,250.00,"3,005.00","2,405.00",Rs./Quintal,77.90,Metric Tonnes,04-08-2026
Maharashtra,Nashik,Pimpalgaon Baswant APMC,Vegetables,Tomato,Other,Local,400.00,"2,505.00","1,955.00",Rs./Quintal,70.80,Metric Tonnes,04-06-2026
Maharashtra,Nashik,Pimpalgaon Baswant APMC,Vegetables,Tomato,Other,Local,300.00,"2,005.00","1,405.00",Rs./Quintal,482.30,Metric Tonnes,04-05-2026
Maharashtra,Nashik,Pimpalgaon Baswant APMC,Vegetables,Tomato,Other,Local,255.00,"1,405.00",805.00,Rs./Quintal,51.10,Metric Tonnes,04-03-2026
Maharashtra,Nashik,Pimpalgaon Baswant APMC,Vegetables,Tomato,Other,Local,255.00,"1,255.00",855.00,Rs./Quintal,70.90,Metric Tonnes,04-02-2026
Maharashtra,Nashik,Pimpalgaon Baswant APMC,Vegetables,Tomato,Other,Local,500.00,"3,755.00","3,105.00",Rs./Quintal,51.20,Metric Tonnes,04-01-2026
Maharashtra,Nashik,Pimpalgaon Baswant APMC,Vegetables,Tomato,Other,Local,500.00,"3,075.00","2,255.00",Rs./Quintal,"1,179.30",Metric Tonnes,03-12-2025
Maharashtra,Nashik,Pimpalgaon Baswant APMC,Vegetables,Tomato,Other,Local,250.00,"3,255.00","2,505.00",Rs./Quintal,50.90,Metric Tonnes,03-08-2026
Maharashtra,Nashik,Pimpalgaon Baswant APMC,Vegetables,Tomato,Other,Local,250.00,"2,055.00","1,505.00",Rs./Quintal,3.70,Metric Tonnes,03-07-2026
Maharashtra,Nashik,Pimpalgaon Baswant APMC,Vegetables,Tomato,Other,Local,400.00,"2,655.00","2,005.00",Rs./Quintal,50.60,Metric Tonnes,03-06-2026
Maharashtra,Nashik,Pimpalgaon Baswant APMC,Vegetables,Tomato,Other,Local,300.00,"1,905.00","1,255.00",Rs./Quintal,113.60,Metric Tonnes,03-05-2026
Maharashtra,Nashik,Pimpalgaon Baswant APMC,Vegetables,Tomato,Other,Local,250.00,"1,255.00",605.00,Rs./Quintal,102.50,Metric Tonnes,03-04-2026
Maharashtra,Nashik,Pimpalgaon Baswant APMC,Vegetables,Tomato,Other,Local,255.00,"1,355.00",755.00,Rs./Quintal,30.90,Metric Tonnes,03-03-2026
Maharashtra,Nashik,Pimpalgaon Baswant APMC,Vegetables,Tomato,Other,Local,255.00,"1,255.00",755.00,Rs./Quintal,80.10,Metric Tonnes,03-02-2026
Maharashtra,Nashik,Pimpalgaon Baswant APMC,Vegetables,Tomato,Other,Local,500.00,"3,005.00","2,155.00",Rs./Quintal,749.10,Metric Tonnes,02-12-2025
Maharashtra,Nashik,Pimpalgaon Baswant APMC,Vegetables,Tomato,Other,Local,250.00,"3,005.00","2,405.00",Rs./Quintal,30.70,Metric Tonnes,02-08-2026
Maharashtra,Nashik,Pimpalgaon Baswant APMC,Vegetables,Tomato,Other,Local,250.00,"2,500.00","1,750.00",Rs./Quintal,5.80,Metric Tonnes,02-07-2026
Maharashtra,Nashik,Pimpalgaon Baswant APMC,Vegetables,Tomato,Other,Local,400.00,"2,905.00","2,305.00",Rs./Quintal,57.40,Metric Tonnes,02-06-2026
Maharashtra,Nashik,Pimpalgaon Baswant APMC,Vegetables,Tomato,Other,Local,255.00,"1,505.00",905.00,Rs./Quintal,50.30,Metric Tonnes,02-02-2026
Maharashtra,Nashik,Pimpalgaon Baswant APMC,Vegetables,Tomato,Other,Local,"1,250.00","3,250.00","2,950.00",Rs./Quintal,85.80,Metric Tonnes,02-01-2026
Maharashtra,Nashik,Pimpalgaon Baswant APMC,Vegetables,Tomato,Other,Local,250.00,"2,505.00","1,755.00",Rs./Quintal,3.40,Metric Tonnes,01-07-2026
Maharashtra,Nashik,Pimpalgaon Baswant APMC,Vegetables,Tomato,Other,Local,400.00,"2,755.00","2,155.00",Rs./Quintal,72.30,Metric Tonnes,01-06-2026
Maharashtra,Nashik,Pimpalgaon Baswant APMC,Vegetables,Tomato,Other,Local,300.00,"2,105.00","1,505.00",Rs./Quintal,142.70,Metric Tonnes,01-05-2026
Maharashtra,Nashik,Pimpalgaon Baswant APMC,Vegetables,Tomato,Other,Local,300.00,"1,105.00",555.00,Rs./Quintal,112.30,Metric Tonnes,01-04-2026
Maharashtra,Nashik,Pimpalgaon Baswant APMC,Vegetables,Tomato,Other,Local,255.00,"1,405.00",755.00,Rs./Quintal,20.20,Metric Tonnes,01-03-2026
Maharashtra,Nashik,Pimpalgaon Baswant APMC,Vegetables,Tomato,Other,Local,250.00,"1,355.00",755.00,Rs./Quintal,26.60,Metric Tonnes,01-02-2026
Maharashtra,Nashik,Pimpalgaon Baswant APMC,Vegetables,Tomato,Other,Local,350.00,"3,500.00","3,100.00",Rs./Quintal,142.00,Metric Tonnes,01-01-2026
Maharashtra,Pune,Junnar(Narayangaon) APMC,Vegetables,Tomato,Local,Local,"1,500.00","3,000.00","2,500.00",Rs./Quintal,121.00,Metric Tonnes,31-12-2025
Maharashtra,Pune,Junnar(Narayangaon) APMC,Vegetables,Tomato,Local,Local,751.00,"2,500.00","1,750.00",Rs./Quintal,425.00,Metric Tonnes,31-07-2026
Maharashtra,Pune,Junnar(Narayangaon) APMC,Vegetables,Tomato,Local,Local,"1,000.00","2,750.00","1,750.00",Rs./Quintal,423.10,Metric Tonnes,31-05-2026
Maharashtra,Pune,Junnar(Narayangaon) APMC,Vegetables,Tomato,Local,Local,500.00,"1,250.00","1,000.00",Rs./Quintal,217.50,Metric Tonnes,31-03-2026
Maharashtra,Pune,Junnar(Narayangaon) APMC,Vegetables,Tomato,Local,Local,500.00,"1,250.00",750.00,Rs./Quintal,195.00,Metric Tonnes,31-01-2026
Maharashtra,Pune,Junnar(Narayangaon) APMC,Vegetables,Tomato,Local,Local,"2,500.00","4,000.00","3,500.00",Rs./Quintal,142.00,Metric Tonnes,30-12-2025
Maharashtra,Pune,Junnar(Narayangaon) APMC,Vegetables,Tomato,Local,Local,"1,500.00","3,000.00","2,500.00",Rs./Quintal,87.00,Metric Tonnes,30-11-2025
Maharashtra,Pune,Junnar(Narayangaon) APMC,Vegetables,Tomato,Local,Local,"1,500.00","3,000.00","2,000.00",Rs./Quintal,759.10,Metric Tonnes,30-06-2026
Maharashtra,Pune,Junnar(Narayangaon) APMC,Vegetables,Tomato,Local,Local,"1,250.00","2,750.00","2,250.00",Rs./Quintal,408.00,Metric Tonnes,30-04-2026
Maharashtra,Pune,Junnar(Narayangaon) APMC,Vegetables,Tomato,Local,Local,500.00,"1,500.00","1,000.00",Rs./Quintal,232.00,Metric Tonnes,30-01-2026
Maharashtra,Pune,Junnar(Narayangaon) APMC,Vegetables,Tomato,Local,Local,"2,500.00","4,000.00","3,500.00",Rs./Quintal,133.50,Metric Tonnes,29-12-2025
Maharashtra,Pune,Junnar(Narayangaon) APMC,Vegetables,Tomato,Local,Local,751.00,"2,501.00","1,751.00",Rs./Quintal,460.70,Metric Tonnes,29-07-2026
Maharashtra,Pune,Junnar(Narayangaon) APMC,Vegetables,Tomato,Local,Local,"1,000.00","2,500.00","2,000.00",Rs./Quintal,872.00,Metric Tonnes,29-06-2026
Maharashtra,Pune,Junnar(Narayangaon) APMC,Vegetables,Tomato,Local,Local,"1,000.00","2,750.00","1,750.00",Rs./Quintal,432.70,Metric Tonnes,29-05-2026
Maharashtra,Pune,Junnar(Narayangaon) APMC,Vegetables,Tomato,Local,Local,"1,000.00","2,500.00","2,000.00",Rs./Quintal,442.80,Metric Tonnes,29-04-2026
Maharashtra,Pune,Junnar(Narayangaon) APMC,Vegetables,Tomato,Local,Local,"2,500.00","4,000.00","3,500.00",Rs./Quintal,135.00,Metric Tonnes,28-12-2025
Maharashtra,Pune,Junnar(Narayangaon) APMC,Vegetables,Tomato,Local,Local,500.00,"2,000.00","1,500.00",Rs./Quintal,879.80,Metric Tonnes,28-06-2026
Maharashtra,Pune,Junnar(Narayangaon) APMC,Vegetables,Tomato,Local,Local,"1,000.00","2,750.00","1,750.00",Rs./Quintal,420.00,Metric Tonnes,28-05-2026
Maharashtra,Pune,Junnar(Narayangaon) APMC,Vegetables,Tomato,Local,Local,750.00,"1,625.00","1,250.00",Rs./Quintal,229.50,Metric Tonnes,28-02-2026
Maharashtra,Pune,Junnar(Narayangaon) APMC,Vegetables,Tomato,Local,Local,500.00,"1,750.00","1,500.00",Rs./Quintal,232.20,Metric Tonnes,28-01-2026
Maharashtra,Pune,Junnar(Narayangaon) APMC,Vegetables,Tomato,Local,Local,500.00,"2,250.00","1,500.00",Rs./Quintal,994.00,Metric Tonnes,27-06-2026
Maharashtra,Pune,Junnar(Narayangaon) APMC,Vegetables,Tomato,Local,Local,500.00,"1,250.00","1,000.00",Rs./Quintal,215.00,Metric Tonnes,27-03-2026
Maharashtra,Pune,Junnar(Narayangaon) APMC,Vegetables,Tomato,Local,Local,500.00,"1,750.00","1,500.00",Rs./Quintal,252.50,Metric Tonnes,27-02-2026
Maharashtra,Pune,Junnar(Narayangaon) APMC,Vegetables,Tomato,Local,Local,"2,500.00","4,000.00","3,500.00",Rs./Quintal,121.00,Metric Tonnes,26-12-2025
Maharashtra,Pune,Junnar(Narayangaon) APMC,Vegetables,Tomato,Local,Local,"3,000.00","10,000.00","4,000.00",Rs./Quintal,105.50,Metric Tonnes,26-11-2025
Maharashtra,Pune,Junnar(Narayangaon) APMC,Vegetables,Tomato,Local,Local,751.00,"2,250.00","1,750.00",Rs./Quintal,350.00,Metric Tonnes,26-07-2026
Maharashtra,Pune,Junnar(Narayangaon) APMC,Vegetables,Tomato,Local,Local,500.00,"2,000.00","1,500.00",Rs./Quintal,"1,120.00",Metric Tonnes,26-06-2026
Maharashtra,Pune,Junnar(Narayangaon) APMC,Vegetables,Tomato,Local,Local,500.00,"1,250.00","1,000.00",Rs./Quintal,238.50,Metric Tonnes,26-03-2026
Maharashtra,Pune,Junnar(Narayangaon) APMC,Vegetables,Tomato,Local,Local,500.00,"1,750.00","1,500.00",Rs./Quintal,239.00,Metric Tonnes,26-02-2026
Maharashtra,Pune,Junnar(Narayangaon) APMC,Vegetables,Tomato,Local,Local,500.00,"1,750.00","1,500.00",Rs./Quintal,159.00,Metric Tonnes,26-01-2026
Maharashtra,Pune,Junnar(Narayangaon) APMC,Vegetables,Tomato,Local,Local,"2,500.00","4,000.00","3,500.00",Rs./Quintal,110.50,Metric Tonnes,25-12-2025
Maharashtra,Pune,Junnar(Narayangaon) APMC,Vegetables,Tomato,Local,Local,751.00,"2,501.00","2,001.00",Rs./Quintal,421.00,Metric Tonnes,25-07-2026
Maharashtra,Pune,Junnar(Narayangaon) APMC,Vegetables,Tomato,Local,Local,500.00,"2,250.00","1,500.00",Rs./Quintal,936.40,Metric Tonnes,25-06-2026
Maharashtra,Pune,Junnar(Narayangaon) APMC,Vegetables,Tomato,Local,Local,"1,000.00","2,000.00","1,500.00",Rs./Quintal,460.00,Metric Tonnes,25-04-2026
Maharashtra,Pune,Junnar(Narayangaon) APMC,Vegetables,Tomato,Local,Local,500.00,"1,750.00","1,500.00",Rs./Quintal,264.00,Metric Tonnes,25-02-2026
Maharashtra,Pune,Junnar(Narayangaon) APMC,Vegetables,Tomato,Local,Local,500.00,"1,750.00","1,500.00",Rs./Quintal,221.50,Metric Tonnes,25-01-2026
Maharashtra,Pune,Junnar(Narayangaon) APMC,Vegetables,Tomato,Local,Local,"3,000.00","10,000.00","4,000.00",Rs./Quintal,100.50,Metric Tonnes,24-11-2025
Maharashtra,Pune,Junnar(Narayangaon) APMC,Vegetables,Tomato,Local,Local,500.00,"2,250.00","1,500.00",Rs./Quintal,432.50,Metric Tonnes,24-07-2026
Maharashtra,Pune,Junnar(Narayangaon) APMC,Vegetables,Tomato,Local,Local,500.00,"2,250.00","1,500.00",Rs./Quintal,897.50,Metric Tonnes,24-06-2026
Maharashtra,Pune,Junnar(Narayangaon) APMC,Vegetables,Tomato,Local,Local,"1,000.00","2,750.00","1,750.00",Rs./Quintal,454.20,Metric Tonnes,24-05-2026
Maharashtra,Pune,Junnar(Narayangaon) APMC,Vegetables,Tomato,Local,Local,750.00,"1,750.00","1,250.00",Rs./Quintal,410.00,Metric Tonnes,24-04-2026
Maharashtra,Pune,Junnar(Narayangaon) APMC,Vegetables,Tomato,Local,Local,500.00,"1,250.00","1,000.00",Rs./Quintal,319.00,Metric Tonnes,24-02-2026
Maharashtra,Pune,Junnar(Narayangaon) APMC,Vegetables,Tomato,Local,Local,750.00,"2,000.00","1,500.00",Rs./Quintal,241.00,Metric Tonnes,24-01-2026
Maharashtra,Pune,Junnar(Narayangaon) APMC,Vegetables,Tomato,Local,Local,"2,000.00","3,500.00","3,000.00",Rs./Quintal,103.50,Metric Tonnes,23-12-2025
Maharashtra,Pune,Junnar(Narayangaon) APMC,Vegetables,Tomato,Local,Local,"3,000.00","10,000.00","4,500.00",Rs./Quintal,82.00,Metric Tonnes,23-11-2025
Maharashtra,Pune,Junnar(Narayangaon) APMC,Vegetables,Tomato,Local,Local,500.00,"2,000.00","1,500.00",Rs./Quintal,448.00,Metric Tonnes,23-07-2026
Maharashtra,Pune,Junnar(Narayangaon) APMC,Vegetables,Tomato,Local,Local,"1,000.00","2,750.00","1,750.00",Rs./Quintal,392.00,Metric Tonnes,23-05-2026
Maharashtra,Pune,Junnar(Narayangaon) APMC,Vegetables,Tomato,Local,Local,"1,000.00","2,000.00","1,500.00",Rs./Quintal,425.00,Metric Tonnes,23-04-2026
Maharashtra,Pune,Junnar(Narayangaon) APMC,Vegetables,Tomato,Local,Local,500.00,"1,250.00","1,000.00",Rs./Quintal,243.50,Metric Tonnes,23-03-2026
Maharashtra,Pune,Junnar(Narayangaon) APMC,Vegetables,Tomato,Local,Local,500.00,"1,500.00","1,000.00",Rs./Quintal,336.00,Metric Tonnes,23-02-2026
Maharashtra,Pune,Junnar(Narayangaon) APMC,Vegetables,Tomato,Local,Local,750.00,"2,250.00","1,500.00",Rs./Quintal,238.00,Metric Tonnes,23-01-2026
Maharashtra,Pune,Junnar(Narayangaon) APMC,Vegetables,Tomato,Local,Local,"3,000.00","10,000.00","4,000.00",Rs./Quintal,81.00,Metric Tonnes,22-11-2025
Maharashtra,Pune,Junnar(Narayangaon) APMC,Vegetables,Tomato,Local,Local,500.00,"2,250.00","1,500.00",Rs./Quintal,507.50,Metric Tonnes,22-07-2026
Maharashtra,Pune,Junnar(Narayangaon) APMC,Vegetables,Tomato,Local,Local,"1,000.00","2,750.00","2,000.00",Rs./Quintal,971.20,Metric Tonnes,22-06-2026
Maharashtra,Pune,Junnar(Narayangaon) APMC,Vegetables,Tomato,Local,Local,"1,000.00","2,750.00","1,750.00",Rs./Quintal,407.10,Metric Tonnes,22-05-2026
Maharashtra,Pune,Junnar(Narayangaon) APMC,Vegetables,Tomato,Local,Local,500.00,"1,250.00","1,000.00",Rs./Quintal,297.50,Metric Tonnes,22-02-2026
Maharashtra,Pune,Junnar(Narayangaon) APMC,Vegetables,Tomato,Local,Local,500.00,"2,000.00","1,500.00",Rs./Quintal,252.50,Metric Tonnes,22-01-2026
Maharashtra,Pune,Junnar(Narayangaon) APMC,Vegetables,Tomato,Local,Local,"3,000.00","4,000.00","3,500.00",Rs./Quintal,105.80,Metric Tonnes,21-12-2025
Maharashtra,Pune,Junnar(Narayangaon) APMC,Vegetables,Tomato,Local,Local,"3,000.00","10,000.00","4,000.00",Rs./Quintal,81.00,Metric Tonnes,21-11-2025
Maharashtra,Pune,Junnar(Narayangaon) APMC,Vegetables,Tomato,Local,Local,"1,000.00","3,000.00","2,000.00",Rs./Quintal,866.70,Metric Tonnes,21-06-2026
Maharashtra,Pune,Junnar(Narayangaon) APMC,Vegetables,Tomato,Local,Local,"1,000.00","2,750.00","1,750.00",Rs./Quintal,431.50,Metric Tonnes,21-05-2026
Maharashtra,Pune,Junnar(Narayangaon) APMC,Vegetables,Tomato,Local,Local,"1,000.00","2,000.00","1,500.00",Rs./Quintal,352.00,Metric Tonnes,21-04-2026
Maharashtra,Pune,Junnar(Narayangaon) APMC,Vegetables,Tomato,Local,Local,500.00,"1,750.00","1,250.00",Rs./Quintal,215.00,Metric Tonnes,21-01-2026
Maharashtra,Pune,Junnar(Narayangaon) APMC,Vegetables,Tomato,Local,Local,"2,500.00","4,500.00","3,500.00",Rs./Quintal,94.00,Metric Tonnes,20-11-2025
Maharashtra,Pune,Junnar(Narayangaon) APMC,Vegetables,Tomato,Local,Local,500.00,"1,250.00","1,000.00",Rs./Quintal,644.80,Metric Tonnes,20-08-2026
Maharashtra,Pune,Junnar(Narayangaon) APMC,Vegetables,Tomato,Local,Local,"1,000.00","2,501.00","2,001.00",Rs./Quintal,603.20,Metric Tonnes,20-07-2026
Maharashtra,Pune,Junnar(Narayangaon) APMC,Vegetables,Tomato,Local,Local,"1,000.00","3,000.00","2,000.00",Rs./Quintal,804.70,Metric Tonnes,20-06-2026
Maharashtra,Pune,Junnar(Narayangaon) APMC,Vegetables,Tomato,Local,Local,"1,000.00","2,750.00","1,750.00",Rs./Quintal,386.50,Metric Tonnes,20-05-2026
Maharashtra,Pune,Junnar(Narayangaon) APMC,Vegetables,Tomato,Local,Local,"1,000.00","2,000.00","1,500.00",Rs./Quintal,350.00,Metric Tonnes,20-04-2026
Maharashtra,Pune,Junnar(Narayangaon) APMC,Vegetables,Tomato,Local,Local,500.00,"1,250.00","1,000.00",Rs./Quintal,210.00,Metric Tonnes,20-03-2026
Maharashtra,Pune,Junnar(Narayangaon) APMC,Vegetables,Tomato,Local,Local,500.00,"1,500.00","1,000.00",Rs./Quintal,636.00,Metric Tonnes,19-08-2026
Maharashtra,Pune,Junnar(Narayangaon) APMC,Vegetables,Tomato,Local,Local,"1,000.00","2,750.00","2,000.00",Rs./Quintal,513.50,Metric Tonnes,19-07-2026
Maharashtra,Pune,Junnar(Narayangaon) APMC,Vegetables,Tomato,Local,Local,"1,000.00","2,750.00","2,000.00",Rs./Quintal,896.20,Metric Tonnes,19-06-2026
Maharashtra,Pune,Junnar(Narayangaon) APMC,Vegetables,Tomato,Local,Local,500.00,"1,500.00","1,000.00",Rs./Quintal,215.00,Metric Tonnes,19-03-2026
Maharashtra,Pune,Junnar(Narayangaon) APMC,Vegetables,Tomato,Local,Local,500.00,"1,250.00","1,000.00",Rs./Quintal,304.00,Metric Tonnes,19-02-2026
Maharashtra,Pune,Junnar(Narayangaon) APMC,Vegetables,Tomato,Local,Local,"1,000.00","2,750.00","2,000.00",Rs./Quintal,659.00,Metric Tonnes,18-07-2026
Maharashtra,Pune,Junnar(Narayangaon) APMC,Vegetables,Tomato,Local,Local,"1,000.00","2,750.00","2,000.00",Rs./Quintal,754.80,Metric Tonnes,18-06-2026
Maharashtra,Pune,Junnar(Narayangaon) APMC,Vegetables,Tomato,Local,Local,"1,000.00","2,750.00","1,750.00",Rs./Quintal,381.50,Metric Tonnes,18-05-2026
Maharashtra,Pune,Junnar(Narayangaon) APMC,Vegetables,Tomato,Local,Local,"1,250.00","2,750.00","2,000.00",Rs./Quintal,332.50,Metric Tonnes,18-04-2026
Maharashtra,Pune,Junnar(Narayangaon) APMC,Vegetables,Tomato,Local,Local,500.00,"1,250.00","1,000.00",Rs./Quintal,245.50,Metric Tonnes,18-02-2026
Maharashtra,Pune,Junnar(Narayangaon) APMC,Vegetables,Tomato,Local,Local,"1,000.00","2,750.00","2,000.00",Rs./Quintal,222.00,Metric Tonnes,18-01-2026
Maharashtra,Pune,Junnar(Narayangaon) APMC,Vegetables,Tomato,Local,Local,"2,000.00","4,000.00","3,000.00",Rs./Quintal,74.00,Metric Tonnes,17-11-2025
Maharashtra,Pune,Junnar(Narayangaon) APMC,Vegetables,Tomato,Local,Local,500.00,"2,000.00","1,500.00",Rs./Quintal,646.00,Metric Tonnes,17-08-2026
Maharashtra,Pune,Junnar(Narayangaon) APMC,Vegetables,Tomato,Local,Local,"1,000.00","2,750.00","2,000.00",Rs./Quintal,698.00,Metric Tonnes,17-07-2026
Maharashtra,Pune,Junnar(Narayangaon) APMC,Vegetables,Tomato,Local,Local,"1,000.00","2,750.00","1,750.00",Rs./Quintal,382.00,Metric Tonnes,17-05-2026
Maharashtra,Pune,Junnar(Narayangaon) APMC,Vegetables,Tomato,Local,Local,"1,250.00","2,750.00","2,000.00",Rs./Quintal,232.00,Metric Tonnes,17-04-2026
Maharashtra,Pune,Junnar(Narayangaon) APMC,Vegetables,Tomato,Local,Local,500.00,"1,250.00","1,000.00",Rs./Quintal,256.60,Metric Tonnes,17-03-2026
Maharashtra,Pune,Junnar(Narayangaon) APMC,Vegetables,Tomato,Local,Local,750.00,"1,500.00","1,000.00",Rs./Quintal,258.50,Metric Tonnes,17-02-2026
Maharashtra,Pune,Junnar(Narayangaon) APMC,Vegetables,Tomato,Local,Local,500.00,"2,000.00","1,500.00",Rs./Quintal,602.00,Metric Tonnes,16-08-2026
Maharashtra,Pune,Junnar(Narayangaon) APMC,Vegetables,Tomato,Local,Local,750.00,"2,500.00","2,000.00",Rs./Quintal,597.50,Metric Tonnes,16-07-2026
Maharashtra,Pune,Junnar(Narayangaon) APMC,Vegetables,Tomato,Local,Local,500.00,"1,500.00","1,000.00",Rs./Quintal,251.50,Metric Tonnes,16-03-2026
Maharashtra,Pune,Junnar(Narayangaon) APMC,Vegetables,Tomato,Local,Local,750.00,"1,750.00","1,250.00",Rs./Quintal,182.50,Metric Tonnes,16-02-2026
Maharashtra,Pune,Junnar(Narayangaon) APMC,Vegetables,Tomato,Local,Local,"1,000.00","2,500.00","2,000.00",Rs./Quintal,163.20,Metric Tonnes,16-01-2026
Maharashtra,Pune,Junnar(Narayangaon) APMC,Vegetables,Tomato,Local,Local,"3,000.00","4,500.00","4,000.00",Rs./Quintal,85.00,Metric Tonnes,15-12-2025
Maharashtra,Pune,Junnar(Narayangaon) APMC,Vegetables,Tomato,Local,Local,500.00,"2,000.00","1,500.00",Rs./Quintal,587.20,Metric Tonnes,15-08-2026
Maharashtra,Pune,Junnar(Narayangaon) APMC,Vegetables,Tomato,Local,Local,"1,000.00","3,000.00","2,000.00",Rs./Quintal,640.00,Metric Tonnes,15-07-2026
Maharashtra,Pune,Junnar(Narayangaon) APMC,Vegetables,Tomato,Local,Local,"1,000.00","2,750.00","2,000.00",Rs./Quintal,923.70,Metric Tonnes,15-06-2026
Maharashtra,Pune,Junnar(Narayangaon) APMC,Vegetables,Tomato,Local,Local,"1,500.00","3,000.00","2,500.00",Rs./Quintal,344.00,Metric Tonnes,15-05-2026
Maharashtra,Pune,Junnar(Narayangaon) APMC,Vegetables,Tomato,Local,Local,"1,000.00","2,000.00","1,500.00",Rs./Quintal,307.50,Metric Tonnes,15-04-2026
Maharashtra,Pune,Junnar(Narayangaon) APMC,Vegetables,Tomato,Local,Local,500.00,"1,500.00","1,000.00",Rs./Quintal,231.00,Metric Tonnes,15-03-2026
Maharashtra,Pune,Junnar(Narayangaon) APMC,Vegetables,Tomato,Local,Local,750.00,"1,750.00","1,250.00",Rs./Quintal,222.50,Metric Tonnes,15-02-2026
Maharashtra,Pune,Junnar(Narayangaon) APMC,Vegetables,Tomato,Local,Local,"1,500.00","3,000.00","2,500.00",Rs./Quintal,135.50,Metric Tonnes,15-01-2026
Maharashtra,Pune,Junnar(Narayangaon) APMC,Vegetables,Tomato,Local,Local,500.00,"2,000.00","1,500.00",Rs./Quintal,586.70,Metric Tonnes,14-08-2026
Maharashtra,Pune,Junnar(Narayangaon) APMC,Vegetables,Tomato,Local,Local,"1,500.00","3,000.00","2,000.00",Rs./Quintal,815.50,Metric Tonnes,14-06-2026
Maharashtra,Pune,Junnar(Narayangaon) APMC,Vegetables,Tomato,Local,Local,"1,500.00","3,000.00","2,500.00",Rs./Quintal,416.50,Metric Tonnes,14-05-2026
Maharashtra,Pune,Junnar(Narayangaon) APMC,Vegetables,Tomato,Local,Local,500.00,"1,250.00","1,000.00",Rs./Quintal,261.50,Metric Tonnes,14-04-2026
Maharashtra,Pune,Junnar(Narayangaon) APMC,Vegetables,Tomato,Local,Local,500.00,"1,500.00","1,000.00",Rs./Quintal,238.00,Metric Tonnes,14-03-2026
Maharashtra,Pune,Junnar(Narayangaon) APMC,Vegetables,Tomato,Local,Local,"1,000.00","2,500.00","2,000.00",Rs./Quintal,140.00,Metric Tonnes,14-01-2026
Maharashtra,Pune,Junnar(Narayangaon) APMC,Vegetables,Tomato,Local,Local,500.00,"2,250.00","1,500.00",Rs./Quintal,508.00,Metric Tonnes,13-08-2026
Maharashtra,Pune,Junnar(Narayangaon) APMC,Vegetables,Tomato,Local,Local,500.00,"2,250.00","1,750.00",Rs./Quintal,700.00,Metric Tonnes,13-07-2026
Maharashtra,Pune,Junnar(Narayangaon) APMC,Vegetables,Tomato,Local,Local,"1,000.00","2,500.00","2,000.00",Rs./Quintal,789.50,Metric Tonnes,13-06-2026
Maharashtra,Pune,Junnar(Narayangaon) APMC,Vegetables,Tomato,Local,Local,"1,000.00","2,500.00","2,000.00",Rs./Quintal,443.20,Metric Tonnes,13-05-2026
Maharashtra,Pune,Junnar(Narayangaon) APMC,Vegetables,Tomato,Local,Local,750.00,"1,500.00","1,000.00",Rs./Quintal,257.50,Metric Tonnes,13-04-2026
Maharashtra,Pune,Junnar(Narayangaon) APMC,Vegetables,Tomato,Local,Local,500.00,"1,500.00","1,000.00",Rs./Quintal,244.50,Metric Tonnes,13-03-2026
Maharashtra,Pune,Junnar(Narayangaon) APMC,Vegetables,Tomato,Local,Local,750.00,"1,750.00","1,250.00",Rs./Quintal,248.50,Metric Tonnes,13-02-2026
Maharashtra,Pune,Junnar(Narayangaon) APMC,Vegetables,Tomato,Local,Local,"1,000.00","2,500.00","2,000.00",Rs./Quintal,186.00,Metric Tonnes,13-01-2026
Maharashtra,Pune,Junnar(Narayangaon) APMC,Vegetables,Tomato,Local,Local,"2,500.00","4,000.00","3,000.00",Rs./Quintal,58.70,Metric Tonnes,12-12-2025
Maharashtra,Pune,Junnar(Narayangaon) APMC,Vegetables,Tomato,Local,Local,500.00,"2,250.00","1,500.00",Rs./Quintal,526.70,Metric Tonnes,12-08-2026
Maharashtra,Pune,Junnar(Narayangaon) APMC,Vegetables,Tomato,Local,Local,500.00,"2,250.00","1,750.00",Rs./Quintal,631.40,Metric Tonnes,12-07-2026
Maharashtra,Pune,Junnar(Narayangaon) APMC,Vegetables,Tomato,Local,Local,"1,000.00","2,500.00","2,000.00",Rs./Quintal,841.00,Metric Tonnes,12-06-2026
Maharashtra,Pune,Junnar(Narayangaon) APMC,Vegetables,Tomato,Local,Local,"1,000.00","2,500.00","2,000.00",Rs./Quintal,353.10,Metric Tonnes,12-05-2026
Maharashtra,Pune,Junnar(Narayangaon) APMC,Vegetables,Tomato,Local,Local,750.00,"1,500.00","1,000.00",Rs./Quintal,246.70,Metric Tonnes,12-04-2026
Maharashtra,Pune,Junnar(Narayangaon) APMC,Vegetables,Tomato,Local,Local,500.00,"1,500.00","1,000.00",Rs./Quintal,295.00,Metric Tonnes,12-02-2026
Maharashtra,Pune,Junnar(Narayangaon) APMC,Vegetables,Tomato,Local,Local,"1,000.00","2,500.00","2,000.00",Rs./Quintal,184.00,Metric Tonnes,12-01-2026
Maharashtra,Pune,Junnar(Narayangaon) APMC,Vegetables,Tomato,Local,Local,500.00,"2,000.00","1,500.00",Rs./Quintal,606.70,Metric Tonnes,11-07-2026
Maharashtra,Pune,Junnar(Narayangaon) APMC,Vegetables,Tomato,Local,Local,"1,000.00","2,750.00","2,250.00",Rs./Quintal,380.30,Metric Tonnes,11-05-2026
Maharashtra,Pune,Junnar(Narayangaon) APMC,Vegetables,Tomato,Local,Local,750.00,"1,500.00","1,000.00",Rs./Quintal,282.50,Metric Tonnes,11-04-2026
Maharashtra,Pune,Junnar(Narayangaon) APMC,Vegetables,Tomato,Local,Local,"1,000.00","2,000.00","1,500.00",Rs./Quintal,258.00,Metric Tonnes,11-03-2026
Maharashtra,Pune,Junnar(Narayangaon) APMC,Vegetables,Tomato,Local,Local,500.00,"1,250.00","1,000.00",Rs./Quintal,218.00,Metric Tonnes,11-02-2026
Maharashtra,Pune,Junnar(Narayangaon) APMC,Vegetables,Tomato,Local,Local,"1,000.00","2,500.00","2,000.00",Rs./Quintal,170.00,Metric Tonnes,11-01-2026
Maharashtra,Pune,Junnar(Narayangaon) APMC,Vegetables,Tomato,Local,Local,"1,500.00","2,500.00","2,000.00",Rs./Quintal,101.00,Metric Tonnes,10-12-2025
Maharashtra,Pune,Junnar(Narayangaon) APMC,Vegetables,Tomato,Local,Local,"1,000.00","2,500.00","2,000.00",Rs./Quintal,535.80,Metric Tonnes,10-07-2026
Maharashtra,Pune,Junnar(Narayangaon) APMC,Vegetables,Tomato,Local,Local,"1,000.00","2,750.00","2,250.00",Rs./Quintal,378.50,Metric Tonnes,10-05-2026
Maharashtra,Pune,Junnar(Narayangaon) APMC,Vegetables,Tomato,Local,Local,500.00,"1,250.00","1,000.00",Rs./Quintal,310.00,Metric Tonnes,10-04-2026
Maharashtra,Pune,Junnar(Narayangaon) APMC,Vegetables,Tomato,Local,Local,"1,000.00","2,750.00","2,000.00",Rs./Quintal,374.50,Metric Tonnes,09-07-2026
Maharashtra,Pune,Junnar(Narayangaon) APMC,Vegetables,Tomato,Local,Local,500.00,"1,250.00","1,000.00",Rs./Quintal,266.50,Metric Tonnes,09-04-2026
Maharashtra,Pune,Junnar(Narayangaon) APMC,Vegetables,Tomato,Local,Local,"1,000.00","2,250.00","2,000.00",Rs./Quintal,212.00,Metric Tonnes,09-03-2026
Maharashtra,Pune,Junnar(Narayangaon) APMC,Vegetables,Tomato,Local,Local,750.00,"1,750.00","1,250.00",Rs./Quintal,322.50,Metric Tonnes,09-02-2026
Maharashtra,Pune,Junnar(Narayangaon) APMC,Vegetables,Tomato,Local,Local,750.00,"2,000.00","1,500.00",Rs./Quintal,22.00,Metric Tonnes,09-01-2026
Maharashtra,Pune,Junnar(Narayangaon) APMC,Vegetables,Tomato,Local,Local,"1,500.00","2,500.00","2,000.00",Rs./Quintal,97.00,Metric Tonnes,08-12-2025
Maharashtra,Pune,Junnar(Narayangaon) APMC,Vegetables,Tomato,Local,Local,"1,000.00","2,750.00","2,000.00",Rs./Quintal,487.10,Metric Tonnes,08-07-2026
Maharashtra,Pune,Junnar(Narayangaon) APMC,Vegetables,Tomato,Local,Local,"1,500.00","3,500.00","3,000.00",Rs./Quintal,630.70,Metric Tonnes,08-06-2026
Maharashtra,Pune,Junnar(Narayangaon) APMC,Vegetables,Tomato,Local,Local,"1,000.00","2,500.00","2,000.00",Rs./Quintal,410.00,Metric Tonnes,08-05-2026
Maharashtra,Pune,Junnar(Narayangaon) APMC,Vegetables,Tomato,Local,Local,500.00,"1,250.00","1,000.00",Rs./Quintal,268.00,Metric Tonnes,08-04-2026
Maharashtra,Pune,Junnar(Narayangaon) APMC,Vegetables,Tomato,Local,Local,"1,250.00","2,500.00","2,000.00",Rs./Quintal,253.00,Metric Tonnes,08-03-2026
Maharashtra,Pune,Junnar(Narayangaon) APMC,Vegetables,Tomato,Local,Local,750.00,"1,750.00","1,250.00",Rs./Quintal,248.00,Metric Tonnes,08-02-2026
Maharashtra,Pune,Junnar(Narayangaon) APMC,Vegetables,Tomato,Local,Local,750.00,"2,000.00","1,500.00",Rs./Quintal,201.50,Metric Tonnes,08-01-2026
Maharashtra,Pune,Junnar(Narayangaon) APMC,Vegetables,Tomato,Local,Local,"2,000.00","3,250.00","2,500.00",Rs./Quintal,74.00,Metric Tonnes,07-12-2025
Maharashtra,Pune,Junnar(Narayangaon) APMC,Vegetables,Tomato,Local,Local,"1,000.00","2,500.00","2,000.00",Rs./Quintal,99.00,Metric Tonnes,07-11-2025
Maharashtra,Pune,Junnar(Narayangaon) APMC,Vegetables,Tomato,Local,Local,500.00,"2,000.00","1,500.00",Rs./Quintal,469.20,Metric Tonnes,07-08-2026
Maharashtra,Pune,Junnar(Narayangaon) APMC,Vegetables,Tomato,Local,Local,"1,500.00","3,000.00","2,500.00",Rs./Quintal,623.50,Metric Tonnes,07-06-2026
Maharashtra,Pune,Junnar(Narayangaon) APMC,Vegetables,Tomato,Local,Local,"1,000.00","2,500.00","2,000.00",Rs./Quintal,490.80,Metric Tonnes,07-05-2026
Maharashtra,Pune,Junnar(Narayangaon) APMC,Vegetables,Tomato,Local,Local,"1,000.00","2,000.00","1,500.00",Rs./Quintal,254.10,Metric Tonnes,07-03-2026
Maharashtra,Pune,Junnar(Narayangaon) APMC,Vegetables,Tomato,Local,Local,250.00,"1,250.00",750.00,Rs./Quintal,220.00,Metric Tonnes,07-02-2026
Maharashtra,Pune,Junnar(Narayangaon) APMC,Vegetables,Tomato,Local,Local,"2,500.00","3,500.00","3,000.00",Rs./Quintal,57.50,Metric Tonnes,06-12-2025
Maharashtra,Pune,Junnar(Narayangaon) APMC,Vegetables,Tomato,Local,Local,500.00,"2,000.00","1,500.00",Rs./Quintal,361.50,Metric Tonnes,06-08-2026
Maharashtra,Pune,Junnar(Narayangaon) APMC,Vegetables,Tomato,Local,Local,"1,000.00","2,750.00","2,000.00",Rs./Quintal,610.50,Metric Tonnes,06-07-2026
Maharashtra,Pune,Junnar(Narayangaon) APMC,Vegetables,Tomato,Local,Local,"1,000.00","2,750.00","2,000.00",Rs./Quintal,558.00,Metric Tonnes,06-06-2026
Maharashtra,Pune,Junnar(Narayangaon) APMC,Vegetables,Tomato,Local,Local,"1,000.00","2,250.00","1,750.00",Rs./Quintal,439.50,Metric Tonnes,06-05-2026
Maharashtra,Pune,Junnar(Narayangaon) APMC,Vegetables,Tomato,Local,Local,750.00,"1,500.00","1,000.00",Rs./Quintal,291.00,Metric Tonnes,06-04-2026
Maharashtra,Pune,Junnar(Narayangaon) APMC,Vegetables,Tomato,Local,Local,"1,000.00","2,250.00","1,750.00",Rs./Quintal,255.00,Metric Tonnes,06-03-2026
Maharashtra,Pune,Junnar(Narayangaon) APMC,Vegetables,Tomato,Local,Local,250.00,"1,250.00",750.00,Rs./Quintal,209.00,Metric Tonnes,06-02-2026
Maharashtra,Pune,Junnar(Narayangaon) APMC,Vegetables,Tomato,Local,Local,"2,000.00","3,500.00","3,000.00",Rs./Quintal,142.80,Metric Tonnes,06-01-2026
Maharashtra,Pune,Junnar(Narayangaon) APMC,Vegetables,Tomato,Local,Local,"2,500.00","4,000.00","3,500.00",Rs./Quintal,75.00,Metric Tonnes,05-12-2025
Maharashtra,Pune,Junnar(Narayangaon) APMC,Vegetables,Tomato,Local,Local,500.00,"2,000.00","1,500.00",Rs./Quintal,364.00,Metric Tonnes,05-08-2026
Maharashtra,Pune,Junnar(Narayangaon) APMC,Vegetables,Tomato,Local,Local,"1,000.00","2,500.00","2,000.00",Rs./Quintal,486.00,Metric Tonnes,05-07-2026
Maharashtra,Pune,Junnar(Narayangaon) APMC,Vegetables,Tomato,Local,Local,"1,000.00","2,750.00","2,000.00",Rs./Quintal,540.00,Metric Tonnes,05-06-2026
Maharashtra,Pune,Junnar(Narayangaon) APMC,Vegetables,Tomato,Local,Local,"1,000.00","2,375.00","2,000.00",Rs./Quintal,478.70,Metric Tonnes,05-05-2026
Maharashtra,Pune,Junnar(Narayangaon) APMC,Vegetables,Tomato,Local,Local,750.00,"1,501.00","1,001.00",Rs./Quintal,236.50,Metric Tonnes,05-03-2026
Maharashtra,Pune,Junnar(Narayangaon) APMC,Vegetables,Tomato,Local,Local,250.00,"1,250.00",750.00,Rs./Quintal,236.50,Metric Tonnes,05-02-2026
Maharashtra,Pune,Junnar(Narayangaon) APMC,Vegetables,Tomato,Local,Local,"1,500.00","3,000.00","2,500.00",Rs./Quintal,69.50,Metric Tonnes,04-12-2025
Maharashtra,Pune,Junnar(Narayangaon) APMC,Vegetables,Tomato,Local,Local,"1,500.00","3,000.00","2,500.00",Rs./Quintal,675.80,Metric Tonnes,04-07-2026
Maharashtra,Pune,Junnar(Narayangaon) APMC,Vegetables,Tomato,Local,Local,"1,000.00","2,500.00","2,000.00",Rs./Quintal,525.50,Metric Tonnes,04-06-2026
Maharashtra,Pune,Junnar(Narayangaon) APMC,Vegetables,Tomato,Local,Local,500.00,"1,250.00","1,000.00",Rs./Quintal,254.50,Metric Tonnes,04-04-2026
Maharashtra,Pune,Junnar(Narayangaon) APMC,Vegetables,Tomato,Local,Local,750.00,"1,501.00","1,001.00",Rs./Quintal,222.70,Metric Tonnes,04-03-2026
Maharashtra,Pune,Junnar(Narayangaon) APMC,Vegetables,Tomato,Local,Local,"2,000.00","3,500.00","3,000.00",Rs./Quintal,156.50,Metric Tonnes,04-01-2026
Maharashtra,Pune,Junnar(Narayangaon) APMC,Vegetables,Tomato,Local,Local,"1,500.00","3,000.00","2,500.00",Rs./Quintal,105.00,Metric Tonnes,03-12-2025
Maharashtra,Pune,Junnar(Narayangaon) APMC,Vegetables,Tomato,Local,Local,500.00,"2,000.00","1,500.00",Rs./Quintal,417.80,Metric Tonnes,03-08-2026
Maharashtra,Pune,Junnar(Narayangaon) APMC,Vegetables,Tomato,Local,Local,"1,000.00","2,500.00","2,000.00",Rs./Quintal,886.50,Metric Tonnes,03-07-2026
Maharashtra,Pune,Junnar(Narayangaon) APMC,Vegetables,Tomato,Local,Local,"1,000.00","2,500.00","2,000.00",Rs./Quintal,474.50,Metric Tonnes,03-06-2026
Maharashtra,Pune,Junnar(Narayangaon) APMC,Vegetables,Tomato,Local,Local,500.00,"1,250.00","1,000.00",Rs./Quintal,266.00,Metric Tonnes,03-04-2026
Maharashtra,Pune,Junnar(Narayangaon) APMC,Vegetables,Tomato,Local,Local,751.00,"2,250.00","1,500.00",Rs./Quintal,441.50,Metric Tonnes,02-08-2026
Maharashtra,Pune,Junnar(Narayangaon) APMC,Vegetables,Tomato,Local,Local,750.00,"2,250.00","1,500.00",Rs./Quintal,780.00,Metric Tonnes,02-07-2026
Maharashtra,Pune,Junnar(Narayangaon) APMC,Vegetables,Tomato,Local,Local,"1,000.00","2,750.00","1,750.00",Rs./Quintal,466.70,Metric Tonnes,02-06-2026
Maharashtra,Pune,Junnar(Narayangaon) APMC,Vegetables,Tomato,Local,Local,"1,000.00","2,500.00","2,000.00",Rs./Quintal,415.20,Metric Tonnes,02-05-2026
Maharashtra,Pune,Junnar(Narayangaon) APMC,Vegetables,Tomato,Local,Local,250.00,"1,250.00",750.00,Rs./Quintal,224.50,Metric Tonnes,02-02-2026
Maharashtra,Pune,Junnar(Narayangaon) APMC,Vegetables,Tomato,Local,Local,"2,000.00","3,500.00","3,000.00",Rs./Quintal,123.50,Metric Tonnes,02-01-2026
Maharashtra,Pune,Junnar(Narayangaon) APMC,Vegetables,Tomato,Local,Local,751.00,"2,250.00","1,500.00",Rs./Quintal,363.60,Metric Tonnes,01-08-2026
Maharashtra,Pune,Junnar(Narayangaon) APMC,Vegetables,Tomato,Local,Local,"1,000.00","2,750.00","2,000.00",Rs./Quintal,722.00,Metric Tonnes,01-07-2026
Maharashtra,Pune,Junnar(Narayangaon) APMC,Vegetables,Tomato,Local,Local,"1,000.00","2,750.00","1,750.00",Rs./Quintal,426.00,Metric Tonnes,01-06-2026
Maharashtra,Pune,Junnar(Narayangaon) APMC,Vegetables,Tomato,Local,Local,"1,250.00","2,750.00","2,250.00",Rs./Quintal,444.60,Metric Tonnes,01-05-2026
Maharashtra,Pune,Junnar(Narayangaon) APMC,Vegetables,Tomato,Local,Local,500.00,"1,250.00","1,000.00",Rs./Quintal,290.00,Metric Tonnes,01-04-2026
Maharashtra,Pune,Junnar(Narayangaon) APMC,Vegetables,Tomato,Local,Local,250.00,"1,250.00",750.00,Rs./Quintal,286.00,Metric Tonnes,01-02-2026
Maharashtra,Pune,Junnar(Narayangaon) APMC,Vegetables,Tomato,Local,Local,"2,000.00","3,500.00","3,000.00",Rs./Quintal,141.50,Metric Tonnes,01-01-2026
Maharashtra,Pune,Khed APMC,Vegetables,Tomato,Local,Local,700.00,"2,500.00","1,500.00",Rs./Quintal,4.80,Metric Tonnes,31-07-2026
Maharashtra,Pune,Khed APMC,Vegetables,Tomato,Local,Local,500.00,"2,500.00","1,500.00",Rs./Quintal,7.20,Metric Tonnes,30-07-2026
Maharashtra,Pune,Khed APMC,Vegetables,Tomato,Local,Local,800.00,"2,800.00","1,700.00",Rs./Quintal,6.70,Metric Tonnes,30-06-2026
Maharashtra,Pune,Khed APMC,Vegetables,Tomato,Local,Local,800.00,"2,500.00","1,800.00",Rs./Quintal,3.50,Metric Tonnes,29-07-2026
Maharashtra,Pune,Khed APMC,Vegetables,Tomato,Local,Local,500.00,"3,000.00","2,000.00",Rs./Quintal,5.60,Metric Tonnes,28-07-2026
Maharashtra,Pune,Khed APMC,Vegetables,Tomato,Local,Local,500.00,"2,500.00","1,500.00",Rs./Quintal,4.60,Metric Tonnes,27-07-2026
Maharashtra,Pune,Khed APMC,Vegetables,Tomato,Local,Local,500.00,"2,500.00","1,500.00",Rs./Quintal,8.90,Metric Tonnes,26-07-2026
Maharashtra,Pune,Khed APMC,Vegetables,Tomato,Local,Local,500.00,"2,000.00","1,000.00",Rs./Quintal,2.40,Metric Tonnes,24-07-2026
Maharashtra,Pune,Khed APMC,Vegetables,Tomato,Local,Local,500.00,"3,000.00","2,000.00",Rs./Quintal,8.30,Metric Tonnes,23-07-2026
Maharashtra,Pune,Khed APMC,Vegetables,Tomato,Local,Local,500.00,"2,300.00","1,000.00",Rs./Quintal,3.90,Metric Tonnes,22-07-2026
Maharashtra,Pune,Khed APMC,Vegetables,Tomato,Local,Local,400.00,"1,500.00",900.00,Rs./Quintal,8.70,Metric Tonnes,21-08-2026
Maharashtra,Pune,Khed APMC,Vegetables,Tomato,Local,Local,600.00,"2,500.00","1,500.00",Rs./Quintal,5.20,Metric Tonnes,21-07-2026
Maharashtra,Pune,Khed APMC,Vegetables,Tomato,Local,Local,500.00,"1,800.00","1,000.00",Rs./Quintal,9.30,Metric Tonnes,20-08-2026
Maharashtra,Pune,Khed APMC,Vegetables,Tomato,Local,Local,500.00,"3,000.00","1,500.00",Rs./Quintal,6.60,Metric Tonnes,20-07-2026
Maharashtra,Pune,Khed APMC,Vegetables,Tomato,Local,Local,500.00,"2,000.00","1,100.00",Rs./Quintal,5.80,Metric Tonnes,19-08-2026
Maharashtra,Pune,Khed APMC,Vegetables,Tomato,Local,Local,600.00,"3,500.00","2,000.00",Rs./Quintal,7.00,Metric Tonnes,19-07-2026
Maharashtra,Pune,Khed APMC,Vegetables,Tomato,Local,Local,500.00,"2,200.00","1,500.00",Rs./Quintal,8.30,Metric Tonnes,18-08-2026
Maharashtra,Pune,Khed APMC,Vegetables,Tomato,Local,Local,500.00,"2,000.00","1,000.00",Rs./Quintal,8.00,Metric Tonnes,17-08-2026
Maharashtra,Pune,Khed APMC,Vegetables,Tomato,Local,Local,500.00,"2,500.00","1,500.00",Rs./Quintal,9.80,Metric Tonnes,16-08-2026
Maharashtra,Pune,Khed APMC,Vegetables,Tomato,Local,Local,500.00,"3,500.00","2,500.00",Rs./Quintal,6.80,Metric Tonnes,16-07-2026
Maharashtra,Pune,Khed APMC,Vegetables,Tomato,Local,Local,500.00,"2,200.00","1,500.00",Rs./Quintal,5.50,Metric Tonnes,15-07-2026
Maharashtra,Pune,Khed APMC,Vegetables,Tomato,Local,Local,700.00,"2,300.00","1,500.00",Rs./Quintal,5.60,Metric Tonnes,14-08-2026
Maharashtra,Pune,Khed APMC,Vegetables,Tomato,Local,Local,500.00,"3,000.00","2,000.00",Rs./Quintal,11.50,Metric Tonnes,14-07-2026
Maharashtra,Pune,Khed APMC,Vegetables,Tomato,Local,Local,500.00,"2,000.00","1,000.00",Rs./Quintal,7.50,Metric Tonnes,13-08-2026
Maharashtra,Pune,Khed APMC,Vegetables,Tomato,Local,Local,800.00,"3,500.00","2,000.00",Rs./Quintal,9.40,Metric Tonnes,13-07-2026
Maharashtra,Pune,Khed APMC,Vegetables,Tomato,Local,Local,400.00,"2,000.00","1,000.00",Rs./Quintal,2.70,Metric Tonnes,12-08-2026
Maharashtra,Pune,Khed APMC,Vegetables,Tomato,Local,Local,500.00,"2,300.00","1,500.00",Rs./Quintal,7.70,Metric Tonnes,11-08-2026
Maharashtra,Pune,Khed APMC,Vegetables,Tomato,Local,Local,500.00,"2,500.00","1,500.00",Rs./Quintal,10.00,Metric Tonnes,10-08-2026
Maharashtra,Pune,Khed APMC,Vegetables,Tomato,Local,Local,"1,000.00","4,000.00","2,500.00",Rs./Quintal,9.10,Metric Tonnes,10-07-2026
Maharashtra,Pune,Khed APMC,Vegetables,Tomato,Local,Local,500.00,"2,500.00","1,500.00",Rs./Quintal,11.50,Metric Tonnes,09-08-2026
Maharashtra,Pune,Khed APMC,Vegetables,Tomato,Local,Local,800.00,"4,000.00","2,500.00",Rs./Quintal,9.30,Metric Tonnes,09-07-2026
Maharashtra,Pune,Khed APMC,Vegetables,Tomato,Local,Local,"1,000.00","4,000.00","3,000.00",Rs./Quintal,4.10,Metric Tonnes,08-07-2026
Maharashtra,Pune,Khed APMC,Vegetables,Tomato,Local,Local,500.00,"3,000.00","2,000.00",Rs./Quintal,9.20,Metric Tonnes,07-08-2026
Maharashtra,Pune,Khed APMC,Vegetables,Tomato,Local,Local,700.00,"4,000.00","3,000.00",Rs./Quintal,4.70,Metric Tonnes,07-07-2026
Maharashtra,Pune,Khed APMC,Vegetables,Tomato,Local,Local,500.00,"2,000.00","1,000.00",Rs./Quintal,6.10,Metric Tonnes,06-08-2026
Maharashtra,Pune,Khed APMC,Vegetables,Tomato,Local,Local,"1,000.00","3,000.00","2,000.00",Rs./Quintal,0.90,Metric Tonnes,06-07-2026
Maharashtra,Pune,Khed APMC,Vegetables,Tomato,Local,Local,500.00,"2,500.00","1,500.00",Rs./Quintal,6.00,Metric Tonnes,05-08-2026
Maharashtra,Pune,Khed APMC,Vegetables,Tomato,Local,Local,700.00,"3,500.00","2,000.00",Rs./Quintal,8.40,Metric Tonnes,05-07-2026
Maharashtra,Pune,Khed APMC,Vegetables,Tomato,Local,Local,700.00,"3,000.00","1,500.00",Rs./Quintal,5.40,Metric Tonnes,04-08-2026
Maharashtra,Pune,Khed APMC,Vegetables,Tomato,Local,Local,"1,000.00","3,000.00","2,000.00",Rs./Quintal,4.90,Metric Tonnes,03-08-2026
Maharashtra,Pune,Khed APMC,Vegetables,Tomato,Local,Local,500.00,"3,000.00","2,000.00",Rs./Quintal,6.30,Metric Tonnes,03-07-2026
Maharashtra,Pune,Khed APMC,Vegetables,Tomato,Local,Local,500.00,"2,500.00","1,500.00",Rs./Quintal,9.20,Metric Tonnes,02-08-2026
Maharashtra,Pune,Khed APMC,Vegetables,Tomato,Local,Local,700.00,"3,500.00","2,000.00",Rs./Quintal,5.90,Metric Tonnes,02-07-2026
Maharashtra,Pune,Khed APMC,Vegetables,Tomato,Local,Local,"1,000.00","2,500.00","1,800.00",Rs./Quintal,3.30,Metric Tonnes,01-07-2026
Maharashtra,Pune,Khed(Chakan) APMC,Vegetables,Tomato,Other,Local,"2,500.00","3,500.00","3,000.00",Rs./Quintal,27.40,Metric Tonnes,31-12-2025
Maharashtra,Pune,Khed(Chakan) APMC,Vegetables,Tomato,Other,Local,"1,000.00","2,000.00","1,500.00",Rs./Quintal,26.80,Metric Tonnes,31-07-2026
Maharashtra,Pune,Khed(Chakan) APMC,Vegetables,Tomato,Other,Local,"2,000.00","3,000.00","2,500.00",Rs./Quintal,30.60,Metric Tonnes,31-05-2026
Maharashtra,Pune,Khed(Chakan) APMC,Vegetables,Tomato,Other,Local,"1,000.00","1,500.00","1,200.00",Rs./Quintal,27.50,Metric Tonnes,31-03-2026
Maharashtra,Pune,Khed(Chakan) APMC,Vegetables,Tomato,Other,Local,800.00,"1,500.00","1,200.00",Rs./Quintal,34.80,Metric Tonnes,31-01-2026
Maharashtra,Pune,Khed(Chakan) APMC,Vegetables,Tomato,Other,Local,"2,500.00","3,500.00","3,000.00",Rs./Quintal,26.80,Metric Tonnes,30-12-2025
Maharashtra,Pune,Khed(Chakan) APMC,Vegetables,Tomato,Other,Local,"2,000.00","3,000.00","2,500.00",Rs./Quintal,34.60,Metric Tonnes,30-11-2025
Maharashtra,Pune,Khed(Chakan) APMC,Vegetables,Tomato,Other,Local,"1,000.00","2,000.00","1,500.00",Rs./Quintal,32.90,Metric Tonnes,30-07-2026
Maharashtra,Pune,Khed(Chakan) APMC,Vegetables,Tomato,Other,Local,"1,500.00","2,500.00","2,000.00",Rs./Quintal,31.90,Metric Tonnes,30-06-2026
Maharashtra,Pune,Khed(Chakan) APMC,Vegetables,Tomato,Other,Local,"1,500.00","3,000.00","2,200.00",Rs./Quintal,24.20,Metric Tonnes,30-04-2026
Maharashtra,Pune,Khed(Chakan) APMC,Vegetables,Tomato,Other,Local,"1,000.00","1,600.00","1,300.00",Rs./Quintal,33.80,Metric Tonnes,30-01-2026
Maharashtra,Pune,Khed(Chakan) APMC,Vegetables,Tomato,Other,Local,"1,000.00","2,200.00","1,500.00",Rs./Quintal,16.80,Metric Tonnes,29-07-2026
Maharashtra,Pune,Khed(Chakan) APMC,Vegetables,Tomato,Other,Local,"2,000.00","2,500.00","2,200.00",Rs./Quintal,26.40,Metric Tonnes,29-05-2026
Maharashtra,Pune,Khed(Chakan) APMC,Vegetables,Tomato,Other,Local,"1,000.00","1,800.00","1,400.00",Rs./Quintal,25.80,Metric Tonnes,29-04-2026
Maharashtra,Pune,Khed(Chakan) APMC,Vegetables,Tomato,Other,Local,"1,000.00","1,500.00","1,300.00",Rs./Quintal,33.00,Metric Tonnes,29-03-2026
Maharashtra,Pune,Khed(Chakan) APMC,Vegetables,Tomato,Other,Local,"2,500.00","3,500.00","3,000.00",Rs./Quintal,26.20,Metric Tonnes,28-12-2025
Maharashtra,Pune,Khed(Chakan) APMC,Vegetables,Tomato,Other,Local,"2,000.00","3,000.00","2,500.00",Rs./Quintal,25.00,Metric Tonnes,28-11-2025
Maharashtra,Pune,Khed(Chakan) APMC,Vegetables,Tomato,Other,Local,"1,500.00","2,500.00","2,000.00",Rs./Quintal,28.70,Metric Tonnes,28-07-2026
Maharashtra,Pune,Khed(Chakan) APMC,Vegetables,Tomato,Other,Local,"1,000.00","2,500.00","1,500.00",Rs./Quintal,35.60,Metric Tonnes,28-06-2026
Maharashtra,Pune,Khed(Chakan) APMC,Vegetables,Tomato,Other,Local,"1,800.00","2,800.00","2,300.00",Rs./Quintal,28.60,Metric Tonnes,28-05-2026
Maharashtra,Pune,Khed(Chakan) APMC,Vegetables,Tomato,Other,Local,"1,000.00","2,000.00","1,500.00",Rs./Quintal,27.00,Metric Tonnes,28-04-2026
Maharashtra,Pune,Khed(Chakan) APMC,Vegetables,Tomato,Other,Local,"1,000.00","1,500.00","1,200.00",Rs./Quintal,29.40,Metric Tonnes,28-03-2026
Maharashtra,Pune,Khed(Chakan) APMC,Vegetables,Tomato,Other,Local,"1,000.00","1,800.00","1,400.00",Rs./Quintal,24.80,Metric Tonnes,28-01-2026
Maharashtra,Pune,Khed(Chakan) APMC,Vegetables,Tomato,Other,Local,"2,500.00","3,500.00","3,000.00",Rs./Quintal,29.80,Metric Tonnes,27-11-2025
Maharashtra,Pune,Khed(Chakan) APMC,Vegetables,Tomato,Other,Local,"1,000.00","2,500.00","2,000.00",Rs./Quintal,32.90,Metric Tonnes,27-06-2026
Maharashtra,Pune,Khed(Chakan) APMC,Vegetables,Tomato,Other,Local,"1,800.00","2,800.00","2,300.00",Rs./Quintal,29.20,Metric Tonnes,27-05-2026
Maharashtra,Pune,Khed(Chakan) APMC,Vegetables,Tomato,Other,Local,"1,000.00","1,500.00","1,200.00",Rs./Quintal,26.40,Metric Tonnes,27-03-2026
Maharashtra,Pune,Khed(Chakan) APMC,Vegetables,Tomato,Other,Local,700.00,"1,200.00","1,000.00",Rs./Quintal,30.00,Metric Tonnes,27-02-2026
Maharashtra,Pune,Khed(Chakan) APMC,Vegetables,Tomato,Other,Local,800.00,"1,400.00","1,200.00",Rs./Quintal,30.90,Metric Tonnes,27-01-2026
Maharashtra,Pune,Khed(Chakan) APMC,Vegetables,Tomato,Other,Local,"2,500.00","3,500.00","3,000.00",Rs./Quintal,22.80,Metric Tonnes,26-12-2025
Maharashtra,Pune,Khed(Chakan) APMC,Vegetables,Tomato,Other,Local,"2,500.00","3,500.00","3,000.00",Rs./Quintal,24.80,Metric Tonnes,26-11-2025
Maharashtra,Pune,Khed(Chakan) APMC,Vegetables,Tomato,Other,Local,"1,500.00","2,500.00","2,000.00",Rs./Quintal,30.60,Metric Tonnes,26-07-2026
Maharashtra,Pune,Khed(Chakan) APMC,Vegetables,Tomato,Other,Local,"1,500.00","3,000.00","2,200.00",Rs./Quintal,24.90,Metric Tonnes,26-06-2026
Maharashtra,Pune,Khed(Chakan) APMC,Vegetables,Tomato,Other,Local,"1,000.00","2,000.00","1,500.00",Rs./Quintal,30.00,Metric Tonnes,26-05-2026
Maharashtra,Pune,Khed(Chakan) APMC,Vegetables,Tomato,Other,Local,"1,000.00","1,800.00","1,400.00",Rs./Quintal,32.80,Metric Tonnes,26-04-2026
Maharashtra,Pune,Khed(Chakan) APMC,Vegetables,Tomato,Other,Local,"1,000.00","1,500.00","1,200.00",Rs./Quintal,26.90,Metric Tonnes,26-03-2026
Maharashtra,Pune,Khed(Chakan) APMC,Vegetables,Tomato,Other,Local,700.00,"1,200.00","1,000.00",Rs./Quintal,33.00,Metric Tonnes,26-02-2026
Maharashtra,Pune,Khed(Chakan) APMC,Vegetables,Tomato,Other,Local,"3,000.00","4,000.00","3,500.00",Rs./Quintal,26.20,Metric Tonnes,25-12-2025
Maharashtra,Pune,Khed(Chakan) APMC,Vegetables,Tomato,Other,Local,"3,000.00","4,000.00","3,500.00",Rs./Quintal,25.20,Metric Tonnes,25-11-2025
Maharashtra,Pune,Khed(Chakan) APMC,Vegetables,Tomato,Other,Local,"1,000.00","2,500.00","1,800.00",Rs./Quintal,30.70,Metric Tonnes,25-06-2026
Maharashtra,Pune,Khed(Chakan) APMC,Vegetables,Tomato,Other,Local,"1,000.00","1,800.00","1,400.00",Rs./Quintal,31.60,Metric Tonnes,25-04-2026
Maharashtra,Pune,Khed(Chakan) APMC,Vegetables,Tomato,Other,Local,800.00,"1,300.00","1,000.00",Rs./Quintal,27.50,Metric Tonnes,25-03-2026
Maharashtra,Pune,Khed(Chakan) APMC,Vegetables,Tomato,Other,Local,700.00,"1,200.00","1,000.00",Rs./Quintal,32.80,Metric Tonnes,25-02-2026
Maharashtra,Pune,Khed(Chakan) APMC,Vegetables,Tomato,Other,Local,"2,500.00","3,500.00","3,000.00",Rs./Quintal,24.80,Metric Tonnes,24-12-2025
Maharashtra,Pune,Khed(Chakan) APMC,Vegetables,Tomato,Other,Local,"1,000.00","1,800.00","1,400.00",Rs./Quintal,26.90,Metric Tonnes,24-07-2026
Maharashtra,Pune,Khed(Chakan) APMC,Vegetables,Tomato,Other,Local,"2,000.00","3,000.00","2,500.00",Rs./Quintal,24.80,Metric Tonnes,24-06-2026
Maharashtra,Pune,Khed(Chakan) APMC,Vegetables,Tomato,Other,Local,"1,500.00","2,500.00","2,000.00",Rs./Quintal,27.90,Metric Tonnes,24-05-2026
Maharashtra,Pune,Khed(Chakan) APMC,Vegetables,Tomato,Other,Local,"1,000.00","1,500.00","1,200.00",Rs./Quintal,28.20,Metric Tonnes,24-04-2026
Maharashtra,Pune,Khed(Chakan) APMC,Vegetables,Tomato,Other,Local,800.00,"1,400.00","1,100.00",Rs./Quintal,30.40,Metric Tonnes,24-03-2026
Maharashtra,Pune,Khed(Chakan) APMC,Vegetables,Tomato,Other,Local,800.00,"1,200.00","1,000.00",Rs./Quintal,30.40,Metric Tonnes,24-02-2026
Maharashtra,Pune,Khed(Chakan) APMC,Vegetables,Tomato,Other,Local,"2,500.00","3,500.00","3,000.00",Rs./Quintal,27.00,Metric Tonnes,23-12-2025
Maharashtra,Pune,Khed(Chakan) APMC,Vegetables,Tomato,Other,Local,"3,500.00","4,500.00","4,000.00",Rs./Quintal,22.80,Metric Tonnes,23-11-2025
Maharashtra,Pune,Khed(Chakan) APMC,Vegetables,Tomato,Other,Local,"1,000.00","1,500.00","1,200.00",Rs./Quintal,34.90,Metric Tonnes,23-07-2026
Maharashtra,Pune,Khed(Chakan) APMC,Vegetables,Tomato,Other,Local,"1,500.00","2,500.00","2,000.00",Rs./Quintal,33.20,Metric Tonnes,23-06-2026
Maharashtra,Pune,Khed(Chakan) APMC,Vegetables,Tomato,Other,Local,"1,400.00","2,000.00","1,700.00",Rs./Quintal,30.60,Metric Tonnes,23-05-2026
Maharashtra,Pune,Khed(Chakan) APMC,Vegetables,Tomato,Other,Local,"1,000.00","1,500.00","1,200.00",Rs./Quintal,33.00,Metric Tonnes,23-04-2026
Maharashtra,Pune,Khed(Chakan) APMC,Vegetables,Tomato,Other,Local,800.00,"1,500.00","1,200.00",Rs./Quintal,28.00,Metric Tonnes,23-01-2026
Maharashtra,Pune,Khed(Chakan) APMC,Vegetables,Tomato,Other,Local,"1,000.00","2,000.00","1,500.00",Rs./Quintal,30.90,Metric Tonnes,22-07-2026
Maharashtra,Pune,Khed(Chakan) APMC,Vegetables,Tomato,Other,Local,"1,000.00","2,200.00","1,700.00",Rs./Quintal,24.60,Metric Tonnes,22-05-2026
Maharashtra,Pune,Khed(Chakan) APMC,Vegetables,Tomato,Other,Local,"1,000.00","1,800.00","1,400.00",Rs./Quintal,26.80,Metric Tonnes,22-04-2026
Maharashtra,Pune,Khed(Chakan) APMC,Vegetables,Tomato,Other,Local,700.00,"1,200.00","1,000.00",Rs./Quintal,34.60,Metric Tonnes,22-03-2026
Maharashtra,Pune,Khed(Chakan) APMC,Vegetables,Tomato,Other,Local,800.00,"1,200.00","1,000.00",Rs./Quintal,39.00,Metric Tonnes,22-02-2026
Maharashtra,Pune,Khed(Chakan) APMC,Vegetables,Tomato,Other,Local,"1,000.00","2,000.00","1,500.00",Rs./Quintal,32.40,Metric Tonnes,22-01-2026
Maharashtra,Pune,Khed(Chakan) APMC,Vegetables,Tomato,Other,Local,"2,500.00","3,500.00","3,000.00",Rs./Quintal,18.80,Metric Tonnes,21-11-2025
Maharashtra,Pune,Khed(Chakan) APMC,Vegetables,Tomato,Other,Local,500.00,"1,500.00","1,000.00",Rs./Quintal,30.70,Metric Tonnes,21-08-2026
Maharashtra,Pune,Khed(Chakan) APMC,Vegetables,Tomato,Other,Local,"1,000.00","2,000.00","1,500.00",Rs./Quintal,32.80,Metric Tonnes,21-07-2026
Maharashtra,Pune,Khed(Chakan) APMC,Vegetables,Tomato,Other,Local,"1,500.00","2,500.00","2,000.00",Rs./Quintal,29.80,Metric Tonnes,21-05-2026
Maharashtra,Pune,Khed(Chakan) APMC,Vegetables,Tomato,Other,Local,"1,000.00","2,000.00","1,500.00",Rs./Quintal,27.80,Metric Tonnes,21-04-2026
Maharashtra,Pune,Khed(Chakan) APMC,Vegetables,Tomato,Other,Local,800.00,"1,200.00","1,000.00",Rs./Quintal,33.20,Metric Tonnes,21-02-2026
Maharashtra,Pune,Khed(Chakan) APMC,Vegetables,Tomato,Other,Local,"1,000.00","1,500.00","1,200.00",Rs./Quintal,26.40,Metric Tonnes,21-01-2026
Maharashtra,Pune,Khed(Chakan) APMC,Vegetables,Tomato,Other,Local,"3,000.00","3,600.00","3,200.00",Rs./Quintal,27.80,Metric Tonnes,20-11-2025
Maharashtra,Pune,Khed(Chakan) APMC,Vegetables,Tomato,Other,Local,500.00,"1,500.00","1,000.00",Rs./Quintal,49.00,Metric Tonnes,20-08-2026
Maharashtra,Pune,Khed(Chakan) APMC,Vegetables,Tomato,Other,Local,800.00,"1,200.00","1,000.00",Rs./Quintal,28.50,Metric Tonnes,20-02-2026
Maharashtra,Pune,Khed(Chakan) APMC,Vegetables,Tomato,Other,Local,"1,000.00","2,000.00","1,500.00",Rs./Quintal,31.60,Metric Tonnes,20-01-2026
Maharashtra,Pune,Khed(Chakan) APMC,Vegetables,Tomato,Other,Local,"3,000.00","4,000.00","3,500.00",Rs./Quintal,25.40,Metric Tonnes,19-12-2025
Maharashtra,Pune,Khed(Chakan) APMC,Vegetables,Tomato,Other,Local,"3,000.00","3,500.00","3,200.00",Rs./Quintal,22.80,Metric Tonnes,19-11-2025
Maharashtra,Pune,Khed(Chakan) APMC,Vegetables,Tomato,Other,Local,800.00,"2,000.00","1,500.00",Rs./Quintal,33.70,Metric Tonnes,19-08-2026
Maharashtra,Pune,Khed(Chakan) APMC,Vegetables,Tomato,Other,Local,"1,500.00","2,500.00","2,000.00",Rs./Quintal,32.90,Metric Tonnes,19-07-2026
Maharashtra,Pune,Khed(Chakan) APMC,Vegetables,Tomato,Other,Local,"2,000.00","3,000.00","2,500.00",Rs./Quintal,24.90,Metric Tonnes,19-06-2026
Maharashtra,Pune,Khed(Chakan) APMC,Vegetables,Tomato,Other,Local,"1,000.00","2,000.00","1,500.00",Rs./Quintal,27.00,Metric Tonnes,19-04-2026
Maharashtra,Pune,Khed(Chakan) APMC,Vegetables,Tomato,Other,Local,600.00,"1,200.00",900.00,Rs./Quintal,35.00,Metric Tonnes,19-02-2026
Maharashtra,Pune,Khed(Chakan) APMC,Vegetables,Tomato,Other,Local,"2,000.00","3,000.00","2,500.00",Rs./Quintal,25.80,Metric Tonnes,18-11-2025
Maharashtra,Pune,Khed(Chakan) APMC,Vegetables,Tomato,Other,Local,"1,000.00","2,000.00","1,500.00",Rs./Quintal,30.00,Metric Tonnes,18-08-2026
Maharashtra,Pune,Khed(Chakan) APMC,Vegetables,Tomato,Other,Local,"1,500.00","3,000.00","2,200.00",Rs./Quintal,30.40,Metric Tonnes,18-06-2026
Maharashtra,Pune,Khed(Chakan) APMC,Vegetables,Tomato,Other,Local,"1,000.00","1,600.00","1,200.00",Rs./Quintal,29.30,Metric Tonnes,18-04-2026
Maharashtra,Pune,Khed(Chakan) APMC,Vegetables,Tomato,Other,Local,800.00,"1,400.00","1,000.00",Rs./Quintal,26.40,Metric Tonnes,18-03-2026
Maharashtra,Pune,Khed(Chakan) APMC,Vegetables,Tomato,Other,Local,700.00,"1,200.00",900.00,Rs./Quintal,26.80,Metric Tonnes,18-02-2026
Maharashtra,Pune,Khed(Chakan) APMC,Vegetables,Tomato,Other,Local,"1,000.00","2,000.00","1,600.00",Rs./Quintal,32.80,Metric Tonnes,18-01-2026
Maharashtra,Pune,Khed(Chakan) APMC,Vegetables,Tomato,Other,Local,"1,000.00","2,000.00","1,500.00",Rs./Quintal,19.60,Metric Tonnes,17-07-2026
Maharashtra,Pune,Khed(Chakan) APMC,Vegetables,Tomato,Other,Local,"1,500.00","3,000.00","2,200.00",Rs./Quintal,29.40,Metric Tonnes,17-06-2026
Maharashtra,Pune,Khed(Chakan) APMC,Vegetables,Tomato,Other,Local,"1,000.00","1,500.00","1,200.00",Rs./Quintal,24.80,Metric Tonnes,17-04-2026
Maharashtra,Pune,Khed(Chakan) APMC,Vegetables,Tomato,Other,Local,"1,000.00","1,500.00","1,200.00",Rs./Quintal,30.80,Metric Tonnes,17-03-2026
Maharashtra,Pune,Khed(Chakan) APMC,Vegetables,Tomato,Other,Local,700.00,"1,300.00","1,000.00",Rs./Quintal,29.20,Metric Tonnes,17-02-2026
Maharashtra,Pune,Khed(Chakan) APMC,Vegetables,Tomato,Other,Local,"2,500.00","3,500.00","3,000.00",Rs./Quintal,250.00,Metric Tonnes,16-11-2025
Maharashtra,Pune,Khed(Chakan) APMC,Vegetables,Tomato,Other,Local,"1,500.00","2,500.00","2,000.00",Rs./Quintal,32.90,Metric Tonnes,16-07-2026
Maharashtra,Pune,Khed(Chakan) APMC,Vegetables,Tomato,Other,Local,"2,000.00","3,500.00","2,500.00",Rs./Quintal,27.60,Metric Tonnes,16-06-2026
Maharashtra,Pune,Khed(Chakan) APMC,Vegetables,Tomato,Other,Local,"1,500.00","2,500.00","2,000.00",Rs./Quintal,27.40,Metric Tonnes,16-05-2026
Maharashtra,Pune,Khed(Chakan) APMC,Vegetables,Tomato,Other,Local,800.00,"1,400.00","1,200.00",Rs./Quintal,29.20,Metric Tonnes,16-04-2026
Maharashtra,Pune,Khed(Chakan) APMC,Vegetables,Tomato,Other,Local,"1,500.00","2,500.00","2,000.00",Rs./Quintal,13.20,Metric Tonnes,16-01-2026
Maharashtra,Pune,Khed(Chakan) APMC,Vegetables,Tomato,Other,Local,"1,000.00","2,000.00","1,500.00",Rs./Quintal,31.70,Metric Tonnes,15-07-2026
Maharashtra,Pune,Khed(Chakan) APMC,Vegetables,Tomato,Other,Local,"1,500.00","2,200.00","1,800.00",Rs./Quintal,22.50,Metric Tonnes,15-05-2026
Maharashtra,Pune,Khed(Chakan) APMC,Vegetables,Tomato,Other,Local,"1,000.00","1,500.00","1,200.00",Rs./Quintal,25.60,Metric Tonnes,15-04-2026
Maharashtra,Pune,Khed(Chakan) APMC,Vegetables,Tomato,Other,Local,800.00,"1,200.00","1,000.00",Rs./Quintal,34.60,Metric Tonnes,15-03-2026
Maharashtra,Pune,Khed(Chakan) APMC,Vegetables,Tomato,Other,Local,800.00,"1,200.00","1,000.00",Rs./Quintal,30.40,Metric Tonnes,15-02-2026
Maharashtra,Pune,Khed(Chakan) APMC,Vegetables,Tomato,Other,Local,"1,500.00","3,000.00","2,200.00",Rs./Quintal,28.80,Metric Tonnes,15-01-2026
Maharashtra,Pune,Khed(Chakan) APMC,Vegetables,Tomato,Other,Local,"2,000.00","3,000.00","2,500.00",Rs./Quintal,26.40,Metric Tonnes,14-11-2025
Maharashtra,Pune,Khed(Chakan) APMC,Vegetables,Tomato,Other,Local,700.00,"2,000.00","1,400.00",Rs./Quintal,32.70,Metric Tonnes,14-08-2026
Maharashtra,Pune,Khed(Chakan) APMC,Vegetables,Tomato,Other,Local,"1,000.00","3,000.00","2,000.00",Rs./Quintal,32.60,Metric Tonnes,14-07-2026
Maharashtra,Pune,Khed(Chakan) APMC,Vegetables,Tomato,Other,Local,"1,500.00","3,000.00","2,200.00",Rs./Quintal,32.80,Metric Tonnes,14-06-2026
Maharashtra,Pune,Khed(Chakan) APMC,Vegetables,Tomato,Other,Local,"1,500.00","2,200.00","1,800.00",Rs./Quintal,29.50,Metric Tonnes,14-05-2026
Maharashtra,Pune,Khed(Chakan) APMC,Vegetables,Tomato,Other,Local,"1,000.00","1,500.00","1,200.00",Rs./Quintal,29.40,Metric Tonnes,14-04-2026
Maharashtra,Pune,Khed(Chakan) APMC,Vegetables,Tomato,Other,Local,"2,000.00","3,000.00","2,500.00",Rs./Quintal,18.80,Metric Tonnes,14-01-2026
Maharashtra,Pune,Khed(Chakan) APMC,Vegetables,Tomato,Other,Local,"2,500.00","3,500.00","3,000.00",Rs./Quintal,22.40,Metric Tonnes,13-11-2025
Maharashtra,Pune,Khed(Chakan) APMC,Vegetables,Tomato,Other,Local,"1,000.00","2,200.00","1,500.00",Rs./Quintal,32.70,Metric Tonnes,13-08-2026
Maharashtra,Pune,Khed(Chakan) APMC,Vegetables,Tomato,Other,Local,"2,000.00","3,000.00","2,500.00",Rs./Quintal,31.50,Metric Tonnes,13-06-2026
Maharashtra,Pune,Khed(Chakan) APMC,Vegetables,Tomato,Other,Local,"1,000.00","2,500.00","1,500.00",Rs./Quintal,26.40,Metric Tonnes,13-05-2026
Maharashtra,Pune,Khed(Chakan) APMC,Vegetables,Tomato,Other,Local,"1,000.00","1,600.00","1,300.00",Rs./Quintal,25.80,Metric Tonnes,13-03-2026
Maharashtra,Pune,Khed(Chakan) APMC,Vegetables,Tomato,Other,Local,800.00,"1,400.00","1,100.00",Rs./Quintal,30.20,Metric Tonnes,13-02-2026
Maharashtra,Pune,Khed(Chakan) APMC,Vegetables,Tomato,Other,Local,"1,500.00","2,500.00","2,000.00",Rs./Quintal,29.00,Metric Tonnes,13-01-2026
Maharashtra,Pune,Khed(Chakan) APMC,Vegetables,Tomato,Other,Local,"2,000.00","3,000.00","2,500.00",Rs./Quintal,26.80,Metric Tonnes,12-12-2025
Maharashtra,Pune,Khed(Chakan) APMC,Vegetables,Tomato,Other,Local,"1,500.00","2,500.00","2,000.00",Rs./Quintal,27.00,Metric Tonnes,12-11-2025
Maharashtra,Pune,Khed(Chakan) APMC,Vegetables,Tomato,Other,Local,700.00,"2,000.00","1,500.00",Rs./Quintal,30.70,Metric Tonnes,12-08-2026
Maharashtra,Pune,Khed(Chakan) APMC,Vegetables,Tomato,Other,Local,"2,000.00","3,000.00","2,500.00",Rs./Quintal,32.90,Metric Tonnes,12-07-2026
Maharashtra,Pune,Khed(Chakan) APMC,Vegetables,Tomato,Other,Local,"3,000.00","4,000.00","3,500.00",Rs./Quintal,27.20,Metric Tonnes,12-06-2026
Maharashtra,Pune,Khed(Chakan) APMC,Vegetables,Tomato,Other,Local,"1,500.00","2,500.00","2,000.00",Rs./Quintal,30.60,Metric Tonnes,12-05-2026
Maharashtra,Pune,Khed(Chakan) APMC,Vegetables,Tomato,Other,Local,"1,000.00","1,500.00","1,200.00",Rs./Quintal,34.60,Metric Tonnes,12-04-2026
Maharashtra,Pune,Khed(Chakan) APMC,Vegetables,Tomato,Other,Local,"1,000.00","1,500.00","1,200.00",Rs./Quintal,29.60,Metric Tonnes,12-03-2026
Maharashtra,Pune,Khed(Chakan) APMC,Vegetables,Tomato,Other,Local,800.00,"1,500.00","1,100.00",Rs./Quintal,31.80,Metric Tonnes,12-02-2026
Maharashtra,Pune,Khed(Chakan) APMC,Vegetables,Tomato,Other,Local,"1,500.00","2,500.00","2,000.00",Rs./Quintal,24.20,Metric Tonnes,12-01-2026
Maharashtra,Pune,Khed(Chakan) APMC,Vegetables,Tomato,Other,Local,"2,000.00","3,000.00","2,500.00",Rs./Quintal,32.80,Metric Tonnes,11-12-2025
Maharashtra,Pune,Khed(Chakan) APMC,Vegetables,Tomato,Other,Local,"1,500.00","2,500.00","2,000.00",Rs./Quintal,25.00,Metric Tonnes,11-11-2025
Maharashtra,Pune,Khed(Chakan) APMC,Vegetables,Tomato,Other,Local,800.00,"2,000.00","1,500.00",Rs./Quintal,32.70,Metric Tonnes,11-08-2026
Maharashtra,Pune,Khed(Chakan) APMC,Vegetables,Tomato,Other,Local,"1,000.00","2,500.00","1,500.00",Rs./Quintal,34.20,Metric Tonnes,11-07-2026
Maharashtra,Pune,Khed(Chakan) APMC,Vegetables,Tomato,Other,Local,"3,000.00","4,000.00","3,500.00",Rs./Quintal,29.60,Metric Tonnes,11-06-2026
Maharashtra,Pune,Khed(Chakan) APMC,Vegetables,Tomato,Other,Local,800.00,"1,300.00","1,000.00",Rs./Quintal,33.00,Metric Tonnes,11-04-2026
Maharashtra,Pune,Khed(Chakan) APMC,Vegetables,Tomato,Other,Local,"1,000.00","1,600.00","1,200.00",Rs./Quintal,28.20,Metric Tonnes,11-03-2026
Maharashtra,Pune,Khed(Chakan) APMC,Vegetables,Tomato,Other,Local,700.00,"1,300.00","1,000.00",Rs./Quintal,24.80,Metric Tonnes,11-02-2026
Maharashtra,Pune,Khed(Chakan) APMC,Vegetables,Tomato,Other,Local,"1,500.00","2,500.00","2,000.00",Rs./Quintal,33.10,Metric Tonnes,11-01-2026
Maharashtra,Pune,Khed(Chakan) APMC,Vegetables,Tomato,Other,Local,"2,000.00","3,000.00","2,500.00",Rs./Quintal,33.80,Metric Tonnes,10-12-2025
Maharashtra,Pune,Khed(Chakan) APMC,Vegetables,Tomato,Other,Local,"2,000.00","2,500.00","2,500.00",Rs./Quintal,6.30,Metric Tonnes,10-07-2026
Maharashtra,Pune,Khed(Chakan) APMC,Vegetables,Tomato,Other,Local,"2,500.00","4,000.00","3,500.00",Rs./Quintal,24.20,Metric Tonnes,10-06-2026
Maharashtra,Pune,Khed(Chakan) APMC,Vegetables,Tomato,Other,Local,"1,500.00","2,500.00","2,000.00",Rs./Quintal,29.30,Metric Tonnes,10-05-2026
Maharashtra,Pune,Khed(Chakan) APMC,Vegetables,Tomato,Other,Local,800.00,"1,400.00","1,200.00",Rs./Quintal,20.80,Metric Tonnes,10-04-2026
Maharashtra,Pune,Khed(Chakan) APMC,Vegetables,Tomato,Other,Local,"1,000.00","1,500.00","1,200.00",Rs./Quintal,30.90,Metric Tonnes,10-03-2026
Maharashtra,Pune,Khed(Chakan) APMC,Vegetables,Tomato,Other,Local,800.00,"1,400.00","1,100.00",Rs./Quintal,30.60,Metric Tonnes,10-02-2026
Maharashtra,Pune,Khed(Chakan) APMC,Vegetables,Tomato,Other,Local,"1,500.00","2,500.00","2,000.00",Rs./Quintal,30.70,Metric Tonnes,10-01-2026
Maharashtra,Pune,Khed(Chakan) APMC,Vegetables,Tomato,Other,Local,"1,500.00","3,000.00","2,200.00",Rs./Quintal,34.60,Metric Tonnes,09-12-2025
Maharashtra,Pune,Khed(Chakan) APMC,Vegetables,Tomato,Other,Local,"1,000.00","2,000.00","1,500.00",Rs./Quintal,35.60,Metric Tonnes,09-08-2026
Maharashtra,Pune,Khed(Chakan) APMC,Vegetables,Tomato,Other,Local,"2,000.00","4,000.00","3,000.00",Rs./Quintal,26.50,Metric Tonnes,09-07-2026
Maharashtra,Pune,Khed(Chakan) APMC,Vegetables,Tomato,Other,Local,"2,000.00","3,000.00","2,500.00",Rs./Quintal,32.20,Metric Tonnes,09-06-2026
Maharashtra,Pune,Khed(Chakan) APMC,Vegetables,Tomato,Other,Local,"1,500.00","2,000.00","1,800.00",Rs./Quintal,27.00,Metric Tonnes,09-05-2026
Maharashtra,Pune,Khed(Chakan) APMC,Vegetables,Tomato,Other,Local,"1,000.00","1,500.00","1,200.00",Rs./Quintal,29.30,Metric Tonnes,09-04-2026
Maharashtra,Pune,Khed(Chakan) APMC,Vegetables,Tomato,Other,Local,"1,500.00","2,500.00","2,000.00",Rs./Quintal,28.00,Metric Tonnes,09-01-2026
Maharashtra,Pune,Khed(Chakan) APMC,Vegetables,Tomato,Other,Local,"1,000.00","2,000.00","1,500.00",Rs./Quintal,32.90,Metric Tonnes,08-08-2026
Maharashtra,Pune,Khed(Chakan) APMC,Vegetables,Tomato,Other,Local,"1,000.00","2,000.00","1,500.00",Rs./Quintal,29.20,Metric Tonnes,08-07-2026
Maharashtra,Pune,Khed(Chakan) APMC,Vegetables,Tomato,Other,Local,"1,500.00","2,500.00","2,000.00",Rs./Quintal,24.60,Metric Tonnes,08-05-2026
Maharashtra,Pune,Khed(Chakan) APMC,Vegetables,Tomato,Other,Local,800.00,"1,200.00","1,000.00",Rs./Quintal,28.70,Metric Tonnes,08-04-2026
Maharashtra,Pune,Khed(Chakan) APMC,Vegetables,Tomato,Other,Local,"1,000.00","1,500.00","1,200.00",Rs./Quintal,35.60,Metric Tonnes,08-03-2026
Maharashtra,Pune,Khed(Chakan) APMC,Vegetables,Tomato,Other,Local,"1,000.00","2,000.00","1,500.00",Rs./Quintal,37.00,Metric Tonnes,08-02-2026
Maharashtra,Pune,Khed(Chakan) APMC,Vegetables,Tomato,Other,Local,"2,000.00","3,000.00","2,500.00",Rs./Quintal,33.20,Metric Tonnes,08-01-2026
Maharashtra,Pune,Khed(Chakan) APMC,Vegetables,Tomato,Other,Local,"2,000.00","3,000.00","2,500.00",Rs./Quintal,28.60,Metric Tonnes,07-12-2025
Maharashtra,Pune,Khed(Chakan) APMC,Vegetables,Tomato,Other,Local,"1,500.00","2,500.00","2,000.00",Rs./Quintal,27.00,Metric Tonnes,07-11-2025
Maharashtra,Pune,Khed(Chakan) APMC,Vegetables,Tomato,Other,Local,"1,000.00","2,000.00","1,500.00",Rs./Quintal,29.30,Metric Tonnes,07-08-2026
Maharashtra,Pune,Khed(Chakan) APMC,Vegetables,Tomato,Other,Local,"1,000.00","2,200.00","1,600.00",Rs./Quintal,32.60,Metric Tonnes,07-07-2026
Maharashtra,Pune,Khed(Chakan) APMC,Vegetables,Tomato,Other,Local,"2,000.00","3,000.00","2,500.00",Rs./Quintal,32.60,Metric Tonnes,07-06-2026
Maharashtra,Pune,Khed(Chakan) APMC,Vegetables,Tomato,Other,Local,"1,500.00","2,200.00","1,800.00",Rs./Quintal,27.20,Metric Tonnes,07-05-2026
Maharashtra,Pune,Khed(Chakan) APMC,Vegetables,Tomato,Other,Local,800.00,"1,200.00","1,000.00",Rs./Quintal,32.80,Metric Tonnes,07-04-2026
Maharashtra,Pune,Khed(Chakan) APMC,Vegetables,Tomato,Other,Local,"2,000.00","3,000.00","2,500.00",Rs./Quintal,29.80,Metric Tonnes,07-01-2026
Maharashtra,Pune,Khed(Chakan) APMC,Vegetables,Tomato,Other,Local,"1,000.00","2,500.00","1,600.00",Rs./Quintal,32.90,Metric Tonnes,06-08-2026
Maharashtra,Pune,Khed(Chakan) APMC,Vegetables,Tomato,Other,Local,"1,500.00","2,500.00","2,000.00",Rs./Quintal,30.90,Metric Tonnes,06-06-2026
Maharashtra,Pune,Khed(Chakan) APMC,Vegetables,Tomato,Other,Local,"1,000.00","1,500.00","1,200.00",Rs./Quintal,26.40,Metric Tonnes,06-05-2026
Maharashtra,Pune,Khed(Chakan) APMC,Vegetables,Tomato,Other,Local,700.00,"1,300.00","1,000.00",Rs./Quintal,27.00,Metric Tonnes,06-03-2026
Maharashtra,Pune,Khed(Chakan) APMC,Vegetables,Tomato,Other,Local,700.00,"1,300.00","1,000.00",Rs./Quintal,29.20,Metric Tonnes,06-02-2026
Maharashtra,Pune,Khed(Chakan) APMC,Vegetables,Tomato,Other,Local,"2,000.00","3,000.00","2,500.00",Rs./Quintal,32.80,Metric Tonnes,06-01-2026
Maharashtra,Pune,Khed(Chakan) APMC,Vegetables,Tomato,Other,Local,"1,000.00","2,300.00","1,500.00",Rs./Quintal,29.30,Metric Tonnes,05-08-2026
Maharashtra,Pune,Khed(Chakan) APMC,Vegetables,Tomato,Other,Local,"2,000.00","3,500.00","2,700.00",Rs./Quintal,29.30,Metric Tonnes,05-07-2026
Maharashtra,Pune,Khed(Chakan) APMC,Vegetables,Tomato,Other,Local,"1,500.00","3,000.00","2,200.00",Rs./Quintal,26.50,Metric Tonnes,05-06-2026
Maharashtra,Pune,Khed(Chakan) APMC,Vegetables,Tomato,Other,Local,"1,500.00","2,500.00","2,000.00",Rs./Quintal,30.20,Metric Tonnes,05-05-2026
Maharashtra,Pune,Khed(Chakan) APMC,Vegetables,Tomato,Other,Local,800.00,"1,200.00","1,000.00",Rs./Quintal,35.70,Metric Tonnes,05-04-2026
Maharashtra,Pune,Khed(Chakan) APMC,Vegetables,Tomato,Other,Local,800.00,"1,200.00","1,000.00",Rs./Quintal,30.40,Metric Tonnes,05-03-2026
Maharashtra,Pune,Khed(Chakan) APMC,Vegetables,Tomato,Other,Local,800.00,"1,200.00","1,000.00",Rs./Quintal,27.40,Metric Tonnes,05-02-2026
Maharashtra,Pune,Khed(Chakan) APMC,Vegetables,Tomato,Other,Local,"1,000.00","2,000.00","1,500.00",Rs./Quintal,31.30,Metric Tonnes,04-08-2026
Maharashtra,Pune,Khed(Chakan) APMC,Vegetables,Tomato,Other,Local,"1,500.00","2,500.00","2,000.00",Rs./Quintal,27.80,Metric Tonnes,04-07-2026
Maharashtra,Pune,Khed(Chakan) APMC,Vegetables,Tomato,Other,Local,"2,000.00","3,000.00","2,500.00",Rs./Quintal,33.60,Metric Tonnes,04-06-2026
Maharashtra,Pune,Khed(Chakan) APMC,Vegetables,Tomato,Other,Local,"1,000.00","1,500.00","1,200.00",Rs./Quintal,33.80,Metric Tonnes,04-03-2026
Maharashtra,Pune,Khed(Chakan) APMC,Vegetables,Tomato,Other,Local,800.00,"1,400.00","1,000.00",Rs./Quintal,26.90,Metric Tonnes,04-02-2026
Maharashtra,Pune,Khed(Chakan) APMC,Vegetables,Tomato,Other,Local,"2,500.00","3,500.00","3,000.00",Rs./Quintal,32.80,Metric Tonnes,04-01-2026
Maharashtra,Pune,Khed(Chakan) APMC,Vegetables,Tomato,Other,Local,"1,500.00","2,500.00","2,000.00",Rs./Quintal,30.00,Metric Tonnes,03-12-2025
Maharashtra,Pune,Khed(Chakan) APMC,Vegetables,Tomato,Other,Local,"1,500.00","2,300.00","1,800.00",Rs./Quintal,23.80,Metric Tonnes,03-07-2026
Maharashtra,Pune,Khed(Chakan) APMC,Vegetables,Tomato,Other,Local,"2,000.00","3,000.00","2,500.00",Rs./Quintal,29.30,Metric Tonnes,03-06-2026
Maharashtra,Pune,Khed(Chakan) APMC,Vegetables,Tomato,Other,Local,"2,000.00","3,000.00","2,500.00",Rs./Quintal,31.60,Metric Tonnes,03-05-2026
Maharashtra,Pune,Khed(Chakan) APMC,Vegetables,Tomato,Other,Local,800.00,"1,200.00","1,000.00",Rs./Quintal,25.40,Metric Tonnes,03-04-2026
Maharashtra,Pune,Khed(Chakan) APMC,Vegetables,Tomato,Other,Local,"1,500.00","2,000.00","1,700.00",Rs./Quintal,22.10,Metric Tonnes,03-03-2026
Maharashtra,Pune,Khed(Chakan) APMC,Vegetables,Tomato,Other,Local,700.00,"1,500.00","1,000.00",Rs./Quintal,29.40,Metric Tonnes,03-02-2026
Maharashtra,Pune,Khed(Chakan) APMC,Vegetables,Tomato,Other,Local,"1,500.00","2,500.00","2,000.00",Rs./Quintal,30.10,Metric Tonnes,02-12-2025
Maharashtra,Pune,Khed(Chakan) APMC,Vegetables,Tomato,Other,Local,"1,500.00","2,500.00","2,000.00",Rs./Quintal,30.00,Metric Tonnes,02-07-2026
Maharashtra,Pune,Khed(Chakan) APMC,Vegetables,Tomato,Other,Local,"2,000.00","3,000.00","2,500.00",Rs./Quintal,32.50,Metric Tonnes,02-06-2026
Maharashtra,Pune,Khed(Chakan) APMC,Vegetables,Tomato,Other,Local,"1,000.00","1,500.00","1,200.00",Rs./Quintal,29.80,Metric Tonnes,02-04-2026
Maharashtra,Pune,Khed(Chakan) APMC,Vegetables,Tomato,Other,Local,"2,500.00","3,500.00","3,000.00",Rs./Quintal,23.50,Metric Tonnes,02-01-2026
Maharashtra,Pune,Khed(Chakan) APMC,Vegetables,Tomato,Other,Local,"1,000.00","2,500.00","1,500.00",Rs./Quintal,28.60,Metric Tonnes,01-07-2026
Maharashtra,Pune,Khed(Chakan) APMC,Vegetables,Tomato,Other,Local,"1,000.00","1,500.00","1,200.00",Rs./Quintal,29.20,Metric Tonnes,01-04-2026
Maharashtra,Pune,Khed(Chakan) APMC,Vegetables,Tomato,Other,Local,800.00,"1,400.00","1,100.00",Rs./Quintal,31.00,Metric Tonnes,01-03-2026
Maharashtra,Pune,Khed(Chakan) APMC,Vegetables,Tomato,Other,Local,"2,500.00","3,500.00","3,000.00",Rs./Quintal,25.20,Metric Tonnes,01-01-2026
Maharashtra,Pune,Manchar APMC,Vegetables,Tomato,Other,Local,500.00,"4,500.00","3,560.00",Rs./Quintal,0.20,Metric Tonnes,31-05-2026
Maharashtra,Pune,Manchar APMC,Vegetables,Tomato,Other,Local,"3,000.00","7,500.00","5,300.00",Rs./Quintal,0.30,Metric Tonnes,30-12-2025
Maharashtra,Pune,Manchar APMC,Vegetables,Tomato,Other,Local,"3,000.00","6,000.00","4,500.00",Rs./Quintal,0.70,Metric Tonnes,30-11-2025
Maharashtra,Pune,Manchar APMC,Vegetables,Tomato,Other,Local,"1,000.00","3,200.00","2,100.00",Rs./Quintal,0.40,Metric Tonnes,28-06-2026
Maharashtra,Pune,Manchar APMC,Vegetables,Tomato,Other,Local,"1,500.00","4,100.00","2,850.00",Rs./Quintal,0.90,Metric Tonnes,28-05-2026
Maharashtra,Pune,Manchar APMC,Vegetables,Tomato,Other,Local,"1,000.00","3,690.00","2,995.00",Rs./Quintal,0.60,Metric Tonnes,28-04-2026
Maharashtra,Pune,Manchar APMC,Vegetables,Tomato,Other,Local,"2,500.00","4,500.00","3,500.00",Rs./Quintal,0.50,Metric Tonnes,27-01-2026
Maharashtra,Pune,Manchar APMC,Vegetables,Tomato,Other,Local,"3,210.00","3,210.00","3,210.00",Rs./Quintal,0.10,Metric Tonnes,26-05-2026
Maharashtra,Pune,Manchar APMC,Vegetables,Tomato,Other,Local,"1,000.00","3,690.00","2,350.00",Rs./Quintal,0.40,Metric Tonnes,26-04-2026
Maharashtra,Pune,Manchar APMC,Vegetables,Tomato,Other,Local,"2,000.00","4,500.00","3,300.00",Rs./Quintal,0.20,Metric Tonnes,26-01-2026
Maharashtra,Pune,Manchar APMC,Vegetables,Tomato,Other,Local,"3,500.00","7,000.00","5,300.00",Rs./Quintal,0.40,Metric Tonnes,25-11-2025
Maharashtra,Pune,Manchar APMC,Vegetables,Tomato,Other,Local,700.00,"2,200.00","1,450.00",Rs./Quintal,0.10,Metric Tonnes,25-05-2026
Maharashtra,Pune,Manchar APMC,Vegetables,Tomato,Other,Local,"1,000.00","4,600.00","2,850.00",Rs./Quintal,0.30,Metric Tonnes,24-05-2026
Maharashtra,Pune,Manchar APMC,Vegetables,Tomato,Other,Local,"1,000.00","2,000.00","1,500.00",Rs./Quintal,0.20,Metric Tonnes,24-03-2026
Maharashtra,Pune,Manchar APMC,Vegetables,Tomato,Other,Local,"1,000.00","4,100.00","3,055.00",Rs./Quintal,1.10,Metric Tonnes,23-04-2026
Maharashtra,Pune,Manchar APMC,Vegetables,Tomato,Other,Local,"1,000.00","4,100.00","2,550.00",Rs./Quintal,0.30,Metric Tonnes,22-04-2026
Maharashtra,Pune,Manchar APMC,Vegetables,Tomato,Other,Local,"1,000.00","2,500.00","1,750.00",Rs./Quintal,0.20,Metric Tonnes,22-02-2026
Maharashtra,Pune,Manchar APMC,Vegetables,Tomato,Other,Local,"2,000.00","4,000.00","3,000.00",Rs./Quintal,0.30,Metric Tonnes,22-01-2026
Maharashtra,Pune,Manchar APMC,Vegetables,Tomato,Other,Local,"3,000.00","6,500.00","4,800.00",Rs./Quintal,0.70,Metric Tonnes,21-12-2025
Maharashtra,Pune,Manchar APMC,Vegetables,Tomato,Other,Local,"1,000.00","3,000.00","2,500.00",Rs./Quintal,0.10,Metric Tonnes,21-05-2026
Maharashtra,Pune,Manchar APMC,Vegetables,Tomato,Other,Local,"1,300.00","4,050.00","2,680.00",Rs./Quintal,0.30,Metric Tonnes,21-04-2026
Maharashtra,Pune,Manchar APMC,Vegetables,Tomato,Other,Local,"1,000.00","3,250.00","2,125.00",Rs./Quintal,0.60,Metric Tonnes,20-08-2026
Maharashtra,Pune,Manchar APMC,Vegetables,Tomato,Other,Local,"1,000.00","4,260.00","2,635.00",Rs./Quintal,0.50,Metric Tonnes,20-05-2026
Maharashtra,Pune,Manchar APMC,Vegetables,Tomato,Other,Local,"1,100.00","4,050.00","2,580.00",Rs./Quintal,1.90,Metric Tonnes,20-04-2026
Maharashtra,Pune,Manchar APMC,Vegetables,Tomato,Other,Local,"1,000.00","3,500.00","2,250.00",Rs./Quintal,0.20,Metric Tonnes,19-08-2026
Maharashtra,Pune,Manchar APMC,Vegetables,Tomato,Other,Local,"1,000.00","4,550.00","2,780.00",Rs./Quintal,0.10,Metric Tonnes,19-05-2026
Maharashtra,Pune,Manchar APMC,Vegetables,Tomato,Other,Local,"1,500.00","3,700.00","2,575.00",Rs./Quintal,0.30,Metric Tonnes,19-04-2026
Maharashtra,Pune,Manchar APMC,Vegetables,Tomato,Other,Local,"2,500.00","6,000.00","4,300.00",Rs./Quintal,0.10,Metric Tonnes,18-12-2025
Maharashtra,Pune,Manchar APMC,Vegetables,Tomato,Other,Local,"2,000.00","4,000.00","3,000.00",Rs./Quintal,0.10,Metric Tonnes,18-08-2026
Maharashtra,Pune,Manchar APMC,Vegetables,Tomato,Other,Local,"3,000.00","6,400.00","4,700.00",Rs./Quintal,0.90,Metric Tonnes,17-12-2025
Maharashtra,Pune,Manchar APMC,Vegetables,Tomato,Other,Local,"1,500.00","3,500.00","2,500.00",Rs./Quintal,0.20,Metric Tonnes,17-08-2026
Maharashtra,Pune,Manchar APMC,Vegetables,Tomato,Other,Local,"1,800.00","5,000.00","3,495.00",Rs./Quintal,0.30,Metric Tonnes,17-06-2026
Maharashtra,Pune,Manchar APMC,Vegetables,Tomato,Other,Local,"1,000.00","4,600.00","2,850.00",Rs./Quintal,0.10,Metric Tonnes,17-05-2026
Maharashtra,Pune,Manchar APMC,Vegetables,Tomato,Other,Local,"1,200.00","2,750.00","1,975.00",Rs./Quintal,0.10,Metric Tonnes,16-04-2026
Maharashtra,Pune,Manchar APMC,Vegetables,Tomato,Other,Local,"2,500.00","5,500.00","4,000.00",Rs./Quintal,0.10,Metric Tonnes,15-12-2025
Maharashtra,Pune,Manchar APMC,Vegetables,Tomato,Other,Local,"1,000.00","3,200.00","2,120.00",Rs./Quintal,0.20,Metric Tonnes,15-04-2026
Maharashtra,Pune,Manchar APMC,Vegetables,Tomato,Other,Local,"1,800.00","3,000.00","2,400.00",Rs./Quintal,0.10,Metric Tonnes,15-03-2026
Maharashtra,Pune,Manchar APMC,Vegetables,Tomato,Other,Local,"1,000.00","4,600.00","2,850.00",Rs./Quintal,0.50,Metric Tonnes,14-05-2026
Maharashtra,Pune,Manchar APMC,Vegetables,Tomato,Other,Local,"3,200.00","4,500.00","3,900.00",Rs./Quintal,0.10,Metric Tonnes,14-01-2026
Maharashtra,Pune,Manchar APMC,Vegetables,Tomato,Other,Local,"2,500.00","5,500.00","4,000.00",Rs./Quintal,0.50,Metric Tonnes,13-07-2026
Maharashtra,Pune,Manchar APMC,Vegetables,Tomato,Other,Local,"1,300.00","4,500.00","2,860.00",Rs./Quintal,0.10,Metric Tonnes,13-05-2026
Maharashtra,Pune,Manchar APMC,Vegetables,Tomato,Other,Local,"2,500.00","5,000.00","3,800.00",Rs./Quintal,0.70,Metric Tonnes,11-12-2025
Maharashtra,Pune,Manchar APMC,Vegetables,Tomato,Other,Local,900.00,"2,300.00","1,550.00",Rs./Quintal,0.20,Metric Tonnes,11-08-2026
Maharashtra,Pune,Manchar APMC,Vegetables,Tomato,Other,Local,"1,000.00","4,560.00","2,790.00",Rs./Quintal,0.50,Metric Tonnes,11-05-2026
Maharashtra,Pune,Manchar APMC,Vegetables,Tomato,Other,Local,"4,500.00","4,500.00","4,500.00",Rs./Quintal,0.30,Metric Tonnes,11-01-2026
Maharashtra,Pune,Manchar APMC,Vegetables,Tomato,Other,Local,"2,000.00","4,700.00","3,400.00",Rs./Quintal,0.70,Metric Tonnes,10-12-2025
Maharashtra,Pune,Manchar APMC,Vegetables,Tomato,Other,Local,"2,000.00","5,000.00","3,550.00",Rs./Quintal,0.50,Metric Tonnes,10-05-2026
Maharashtra,Pune,Manchar APMC,Vegetables,Tomato,Other,Local,"2,500.00","5,000.00","3,800.00",Rs./Quintal,0.30,Metric Tonnes,09-12-2025
Maharashtra,Pune,Manchar APMC,Vegetables,Tomato,Other,Local,"1,150.00","2,500.00","1,830.00",Rs./Quintal,0.30,Metric Tonnes,09-04-2026
Maharashtra,Pune,Manchar APMC,Vegetables,Tomato,Other,Local,"1,800.00","2,000.00","1,900.00",Rs./Quintal,0.30,Metric Tonnes,08-06-2026
Maharashtra,Pune,Manchar APMC,Vegetables,Tomato,Other,Local,"2,000.00","4,600.00","3,300.00",Rs./Quintal,0.80,Metric Tonnes,07-06-2026
Maharashtra,Pune,Manchar APMC,Vegetables,Tomato,Other,Local,700.00,"2,250.00","1,480.00",Rs./Quintal,0.20,Metric Tonnes,06-05-2026
Maharashtra,Pune,Manchar APMC,Vegetables,Tomato,Other,Local,"2,000.00","2,500.00","2,250.00",Rs./Quintal,0.20,Metric Tonnes,06-04-2026
Maharashtra,Pune,Manchar APMC,Vegetables,Tomato,Other,Local,"1,200.00","2,500.00","1,900.00",Rs./Quintal,0.10,Metric Tonnes,05-04-2026
Maharashtra,Pune,Manchar APMC,Vegetables,Tomato,Other,Local,"2,000.00","4,100.00","3,050.00",Rs./Quintal,0.70,Metric Tonnes,04-06-2026
Maharashtra,Pune,Manchar APMC,Vegetables,Tomato,Other,Local,"1,500.00","3,000.00","2,300.00",Rs./Quintal,0.40,Metric Tonnes,04-02-2026
Maharashtra,Pune,Manchar APMC,Vegetables,Tomato,Other,Local,"3,000.00","6,000.00","4,500.00",Rs./Quintal,0.50,Metric Tonnes,04-01-2026
Maharashtra,Pune,Manchar APMC,Vegetables,Tomato,Other,Local,"1,200.00","2,500.00","1,900.00",Rs./Quintal,0.40,Metric Tonnes,03-06-2026
Maharashtra,Pune,Manchar APMC,Vegetables,Tomato,Other,Local,"1,000.00","5,000.00","3,500.00",Rs./Quintal,0.50,Metric Tonnes,03-05-2026
Maharashtra,Pune,Manchar APMC,Vegetables,Tomato,Other,Local,"1,000.00","2,700.00","1,850.00",Rs./Quintal,0.50,Metric Tonnes,03-02-2026
Maharashtra,Pune,Manchar APMC,Vegetables,Tomato,Other,Local,800.00,"3,650.00","2,260.00",Rs./Quintal,0.50,Metric Tonnes,01-07-2026
Maharashtra,Pune,Manchar APMC,Vegetables,Tomato,Other,Local,"1,800.00","3,600.00","2,700.00",Rs./Quintal,0.30,Metric Tonnes,01-02-2026
Maharashtra,Pune,Pune APMC,Vegetables,Tomato,Local,Local,"1,000.00","4,000.00","2,500.00",Rs./Quintal,188.90,Metric Tonnes,31-12-2025
Maharashtra,Pune,Pune APMC,Vegetables,Tomato,Local,Local,"1,000.00","3,000.00","2,000.00",Rs./Quintal,219.60,Metric Tonnes,31-05-2026
Maharashtra,Pune,Pune APMC,Vegetables,Tomato,Local,Local,600.00,"1,600.00","1,100.00",Rs./Quintal,214.60,Metric Tonnes,31-03-2026
Maharashtra,Pune,Pune APMC,Vegetables,Tomato,Local,Local,"2,000.00","4,000.00","3,000.00",Rs./Quintal,206.60,Metric Tonnes,30-12-2025
Maharashtra,Pune,Pune APMC,Vegetables,Tomato,Local,Local,800.00,"2,000.00","1,400.00",Rs./Quintal,215.40,Metric Tonnes,30-07-2026
Maharashtra,Pune,Pune APMC,Vegetables,Tomato,Local,Local,600.00,"1,600.00","1,100.00",Rs./Quintal,203.50,Metric Tonnes,30-06-2026
Maharashtra,Pune,Pune APMC,Vegetables,Tomato,Local,Local,800.00,"3,000.00","1,900.00",Rs./Quintal,206.10,Metric Tonnes,30-04-2026
Maharashtra,Pune,Pune APMC,Vegetables,Tomato,Local,Local,600.00,"1,400.00","1,000.00",Rs./Quintal,217.60,Metric Tonnes,30-03-2026
Maharashtra,Pune,Pune APMC,Vegetables,Tomato,Local,Local,600.00,"1,600.00","1,100.00",Rs./Quintal,339.90,Metric Tonnes,30-01-2026
Maharashtra,Pune,Pune APMC,Vegetables,Tomato,Local,Local,"1,000.00","4,000.00","2,500.00",Rs./Quintal,124.70,Metric Tonnes,29-12-2025
Maharashtra,Pune,Pune APMC,Vegetables,Tomato,Local,Local,"1,000.00","1,600.00","1,300.00",Rs./Quintal,225.30,Metric Tonnes,29-07-2026
Maharashtra,Pune,Pune APMC,Vegetables,Tomato,Local,Local,600.00,"1,600.00","1,100.00",Rs./Quintal,228.90,Metric Tonnes,29-06-2026
Maharashtra,Pune,Pune APMC,Vegetables,Tomato,Local,Local,"1,000.00","3,000.00","2,000.00",Rs./Quintal,209.60,Metric Tonnes,29-05-2026
Maharashtra,Pune,Pune APMC,Vegetables,Tomato,Local,Local,800.00,"2,000.00","1,400.00",Rs./Quintal,131.90,Metric Tonnes,29-04-2026
Maharashtra,Pune,Pune APMC,Vegetables,Tomato,Local,Local,600.00,"1,400.00","1,000.00",Rs./Quintal,345.20,Metric Tonnes,29-03-2026
Maharashtra,Pune,Pune APMC,Vegetables,Tomato,Local,Local,600.00,"3,500.00","2,050.00",Rs./Quintal,327.60,Metric Tonnes,28-11-2025
Maharashtra,Pune,Pune APMC,Vegetables,Tomato,Local,Local,"1,000.00","2,000.00","1,500.00",Rs./Quintal,231.80,Metric Tonnes,28-07-2026
Maharashtra,Pune,Pune APMC,Vegetables,Tomato,Local,Local,400.00,"1,600.00","1,000.00",Rs./Quintal,381.50,Metric Tonnes,28-06-2026
Maharashtra,Pune,Pune APMC,Vegetables,Tomato,Local,Local,"1,000.00","2,500.00","1,750.00",Rs./Quintal,191.30,Metric Tonnes,28-05-2026
Maharashtra,Pune,Pune APMC,Vegetables,Tomato,Local,Local,800.00,"1,600.00","1,200.00",Rs./Quintal,171.60,Metric Tonnes,28-04-2026
Maharashtra,Pune,Pune APMC,Vegetables,Tomato,Local,Local,600.00,"1,600.00","1,100.00",Rs./Quintal,221.80,Metric Tonnes,28-01-2026
Maharashtra,Pune,Pune APMC,Vegetables,Tomato,Local,Local,"1,000.00","3,500.00","2,250.00",Rs./Quintal,225.30,Metric Tonnes,27-11-2025
Maharashtra,Pune,Pune APMC,Vegetables,Tomato,Local,Local,"1,000.00","2,200.00","1,600.00",Rs./Quintal,176.60,Metric Tonnes,27-07-2026
Maharashtra,Pune,Pune APMC,Vegetables,Tomato,Local,Local,"1,000.00","2,700.00","1,850.00",Rs./Quintal,153.70,Metric Tonnes,27-05-2026
Maharashtra,Pune,Pune APMC,Vegetables,Tomato,Local,Local,"1,000.00","1,600.00","1,300.00",Rs./Quintal,124.50,Metric Tonnes,27-04-2026
Maharashtra,Pune,Pune APMC,Vegetables,Tomato,Local,Local,600.00,"1,600.00","1,100.00",Rs./Quintal,196.00,Metric Tonnes,27-03-2026
Maharashtra,Pune,Pune APMC,Vegetables,Tomato,Local,Local,600.00,"1,400.00","1,000.00",Rs./Quintal,233.30,Metric Tonnes,27-02-2026
Maharashtra,Pune,Pune APMC,Vegetables,Tomato,Local,Local,600.00,"2,000.00","1,300.00",Rs./Quintal,259.00,Metric Tonnes,27-01-2026
Maharashtra,Pune,Pune APMC,Vegetables,Tomato,Local,Local,"1,000.00","3,500.00","2,250.00",Rs./Quintal,152.40,Metric Tonnes,26-11-2025
Maharashtra,Pune,Pune APMC,Vegetables,Tomato,Local,Local,"1,000.00","2,500.00","1,750.00",Rs./Quintal,325.80,Metric Tonnes,26-07-2026
Maharashtra,Pune,Pune APMC,Vegetables,Tomato,Local,Local,"1,000.00","2,200.00","1,600.00",Rs./Quintal,324.10,Metric Tonnes,26-06-2026
Maharashtra,Pune,Pune APMC,Vegetables,Tomato,Local,Local,"1,000.00","2,500.00","1,750.00",Rs./Quintal,200.10,Metric Tonnes,26-05-2026
Maharashtra,Pune,Pune APMC,Vegetables,Tomato,Local,Local,600.00,"1,400.00","1,000.00",Rs./Quintal,156.40,Metric Tonnes,26-03-2026
Maharashtra,Pune,Pune APMC,Vegetables,Tomato,Local,Local,600.00,"1,400.00","1,000.00",Rs./Quintal,156.10,Metric Tonnes,26-02-2026
Maharashtra,Pune,Pune APMC,Vegetables,Tomato,Local,Local,"1,000.00","4,000.00","2,500.00",Rs./Quintal,162.90,Metric Tonnes,25-12-2025
Maharashtra,Pune,Pune APMC,Vegetables,Tomato,Local,Local,"2,000.00","4,000.00","3,000.00",Rs./Quintal,198.40,Metric Tonnes,25-11-2025
Maharashtra,Pune,Pune APMC,Vegetables,Tomato,Local,Local,"1,000.00","2,200.00","1,600.00",Rs./Quintal,256.40,Metric Tonnes,25-06-2026
Maharashtra,Pune,Pune APMC,Vegetables,Tomato,Local,Local,"1,000.00","2,500.00","1,750.00",Rs./Quintal,193.10,Metric Tonnes,25-05-2026
Maharashtra,Pune,Pune APMC,Vegetables,Tomato,Local,Local,600.00,"1,400.00","1,000.00",Rs./Quintal,143.50,Metric Tonnes,25-03-2026
Maharashtra,Pune,Pune APMC,Vegetables,Tomato,Local,Local,700.00,"1,500.00","1,100.00",Rs./Quintal,204.10,Metric Tonnes,25-02-2026
Maharashtra,Pune,Pune APMC,Vegetables,Tomato,Local,Local,600.00,"2,000.00","1,300.00",Rs./Quintal,370.70,Metric Tonnes,25-01-2026
Maharashtra,Pune,Pune APMC,Vegetables,Tomato,Local,Local,"1,000.00","4,000.00","2,500.00",Rs./Quintal,130.60,Metric Tonnes,24-12-2025
Maharashtra,Pune,Pune APMC,Vegetables,Tomato,Local,Local,"1,000.00","5,000.00","3,000.00",Rs./Quintal,131.00,Metric Tonnes,24-11-2025
Maharashtra,Pune,Pune APMC,Vegetables,Tomato,Local,Local,"1,000.00","2,500.00","1,750.00",Rs./Quintal,180.10,Metric Tonnes,24-06-2026
Maharashtra,Pune,Pune APMC,Vegetables,Tomato,Local,Local,"1,000.00","2,500.00","1,750.00",Rs./Quintal,246.70,Metric Tonnes,24-05-2026
Maharashtra,Pune,Pune APMC,Vegetables,Tomato,Local,Local,500.00,"1,400.00",950.00,Rs./Quintal,219.10,Metric Tonnes,24-03-2026
Maharashtra,Pune,Pune APMC,Vegetables,Tomato,Local,Local,600.00,"1,500.00","1,050.00",Rs./Quintal,273.30,Metric Tonnes,24-02-2026
Maharashtra,Pune,Pune APMC,Vegetables,Tomato,Local,Local,"1,000.00","3,500.00","2,250.00",Rs./Quintal,214.60,Metric Tonnes,23-12-2025
Maharashtra,Pune,Pune APMC,Vegetables,Tomato,Local,Local,"1,000.00","4,500.00","2,750.00",Rs./Quintal,233.00,Metric Tonnes,23-11-2025
Maharashtra,Pune,Pune APMC,Vegetables,Tomato,Local,Local,"1,000.00","2,000.00","1,500.00",Rs./Quintal,201.50,Metric Tonnes,23-07-2026
Maharashtra,Pune,Pune APMC,Vegetables,Tomato,Local,Local,"1,000.00","2,500.00","1,750.00",Rs./Quintal,240.20,Metric Tonnes,23-06-2026
Maharashtra,Pune,Pune APMC,Vegetables,Tomato,Local,Local,500.00,"1,500.00","1,000.00",Rs./Quintal,216.30,Metric Tonnes,23-04-2026
Maharashtra,Pune,Pune APMC,Vegetables,Tomato,Local,Local,600.00,"1,400.00","1,000.00",Rs./Quintal,252.30,Metric Tonnes,23-03-2026
Maharashtra,Pune,Pune APMC,Vegetables,Tomato,Local,Local,800.00,"2,000.00","1,400.00",Rs./Quintal,272.10,Metric Tonnes,23-01-2026
Maharashtra,Pune,Pune APMC,Vegetables,Tomato,Local,Local,"1,000.00","4,000.00","2,500.00",Rs./Quintal,146.90,Metric Tonnes,22-12-2025
Maharashtra,Pune,Pune APMC,Vegetables,Tomato,Local,Local,800.00,"2,000.00","1,400.00",Rs./Quintal,160.20,Metric Tonnes,22-07-2026
Maharashtra,Pune,Pune APMC,Vegetables,Tomato,Local,Local,"1,000.00","2,500.00","1,750.00",Rs./Quintal,252.10,Metric Tonnes,22-06-2026
Maharashtra,Pune,Pune APMC,Vegetables,Tomato,Local,Local,"1,000.00","3,000.00","2,000.00",Rs./Quintal,204.20,Metric Tonnes,22-05-2026
Maharashtra,Pune,Pune APMC,Vegetables,Tomato,Local,Local,600.00,"1,600.00","1,100.00",Rs./Quintal,173.50,Metric Tonnes,22-04-2026
Maharashtra,Pune,Pune APMC,Vegetables,Tomato,Local,Local,600.00,"1,600.00","1,100.00",Rs./Quintal,336.80,Metric Tonnes,22-03-2026
Maharashtra,Pune,Pune APMC,Vegetables,Tomato,Local,Local,600.00,"1,600.00","1,100.00",Rs./Quintal,241.20,Metric Tonnes,22-02-2026
Maharashtra,Pune,Pune APMC,Vegetables,Tomato,Local,Local,800.00,"2,300.00","1,150.00",Rs./Quintal,204.70,Metric Tonnes,22-01-2026
Maharashtra,Pune,Pune APMC,Vegetables,Tomato,Local,Local,"1,000.00","4,000.00","2,500.00",Rs./Quintal,318.10,Metric Tonnes,21-12-2025
Maharashtra,Pune,Pune APMC,Vegetables,Tomato,Local,Local,"1,000.00","4,000.00","2,500.00",Rs./Quintal,204.60,Metric Tonnes,21-11-2025
Maharashtra,Pune,Pune APMC,Vegetables,Tomato,Local,Local,600.00,"1,800.00","1,200.00",Rs./Quintal,285.60,Metric Tonnes,21-08-2026
Maharashtra,Pune,Pune APMC,Vegetables,Tomato,Local,Local,"1,000.00","1,800.00","1,400.00",Rs./Quintal,227.20,Metric Tonnes,21-07-2026
Maharashtra,Pune,Pune APMC,Vegetables,Tomato,Local,Local,"1,000.00","3,500.00","2,250.00",Rs./Quintal,329.20,Metric Tonnes,21-06-2026
Maharashtra,Pune,Pune APMC,Vegetables,Tomato,Local,Local,"1,000.00","2,200.00","1,600.00",Rs./Quintal,218.00,Metric Tonnes,21-05-2026
Maharashtra,Pune,Pune APMC,Vegetables,Tomato,Local,Local,800.00,"1,800.00","1,300.00",Rs./Quintal,243.00,Metric Tonnes,21-04-2026
Maharashtra,Pune,Pune APMC,Vegetables,Tomato,Local,Local,700.00,"2,000.00","1,350.00",Rs./Quintal,190.40,Metric Tonnes,21-01-2026
Maharashtra,Pune,Pune APMC,Vegetables,Tomato,Local,Local,"1,000.00","3,500.00","2,250.00",Rs./Quintal,151.20,Metric Tonnes,20-11-2025
Maharashtra,Pune,Pune APMC,Vegetables,Tomato,Local,Local,600.00,"1,200.00",900.00,Rs./Quintal,299.10,Metric Tonnes,20-08-2026
Maharashtra,Pune,Pune APMC,Vegetables,Tomato,Local,Local,"1,000.00","2,000.00","1,500.00",Rs./Quintal,222.20,Metric Tonnes,20-07-2026
Maharashtra,Pune,Pune APMC,Vegetables,Tomato,Local,Local,"1,000.00","2,500.00","1,750.00",Rs./Quintal,201.10,Metric Tonnes,20-05-2026
Maharashtra,Pune,Pune APMC,Vegetables,Tomato,Local,Local,800.00,"2,000.00","1,400.00",Rs./Quintal,104.60,Metric Tonnes,20-04-2026
Maharashtra,Pune,Pune APMC,Vegetables,Tomato,Local,Local,800.00,"1,800.00","1,300.00",Rs./Quintal,127.30,Metric Tonnes,20-03-2026
Maharashtra,Pune,Pune APMC,Vegetables,Tomato,Local,Local,600.00,"1,400.00","1,000.00",Rs./Quintal,233.40,Metric Tonnes,20-02-2026
Maharashtra,Pune,Pune APMC,Vegetables,Tomato,Local,Local,"1,000.00","4,000.00","2,500.00",Rs./Quintal,196.60,Metric Tonnes,19-12-2025
Maharashtra,Pune,Pune APMC,Vegetables,Tomato,Local,Local,"1,000.00","3,500.00","2,250.00",Rs./Quintal,130.70,Metric Tonnes,19-11-2025
Maharashtra,Pune,Pune APMC,Vegetables,Tomato,Local,Local,"1,000.00","2,000.00","1,500.00",Rs./Quintal,375.70,Metric Tonnes,19-07-2026
Maharashtra,Pune,Pune APMC,Vegetables,Tomato,Local,Local,"1,000.00","2,500.00","1,750.00",Rs./Quintal,230.90,Metric Tonnes,19-06-2026
Maharashtra,Pune,Pune APMC,Vegetables,Tomato,Local,Local,"1,000.00","2,600.00","1,800.00",Rs./Quintal,169.90,Metric Tonnes,19-05-2026
Maharashtra,Pune,Pune APMC,Vegetables,Tomato,Local,Local,600.00,"2,000.00","1,300.00",Rs./Quintal,326.00,Metric Tonnes,19-04-2026
Maharashtra,Pune,Pune APMC,Vegetables,Tomato,Local,Local,600.00,"1,600.00","1,100.00",Rs./Quintal,131.90,Metric Tonnes,19-03-2026
Maharashtra,Pune,Pune APMC,Vegetables,Tomato,Local,Local,600.00,"1,600.00","1,100.00",Rs./Quintal,193.60,Metric Tonnes,19-02-2026
Maharashtra,Pune,Pune APMC,Vegetables,Tomato,Local,Local,"1,000.00","4,500.00","2,750.00",Rs./Quintal,185.90,Metric Tonnes,18-12-2025
Maharashtra,Pune,Pune APMC,Vegetables,Tomato,Local,Local,"1,000.00","3,500.00","2,250.00",Rs./Quintal,174.50,Metric Tonnes,18-11-2025
Maharashtra,Pune,Pune APMC,Vegetables,Tomato,Local,Local,"1,000.00","2,800.00","1,900.00",Rs./Quintal,254.30,Metric Tonnes,18-06-2026
Maharashtra,Pune,Pune APMC,Vegetables,Tomato,Local,Local,"1,000.00","3,000.00","2,000.00",Rs./Quintal,137.50,Metric Tonnes,18-05-2026
Maharashtra,Pune,Pune APMC,Vegetables,Tomato,Local,Local,600.00,"1,400.00","1,000.00",Rs./Quintal,221.00,Metric Tonnes,18-03-2026
Maharashtra,Pune,Pune APMC,Vegetables,Tomato,Local,Local,600.00,"1,600.00","1,100.00",Rs./Quintal,215.80,Metric Tonnes,18-02-2026
Maharashtra,Pune,Pune APMC,Vegetables,Tomato,Local,Local,"1,000.00","4,500.00","2,750.00",Rs./Quintal,141.10,Metric Tonnes,17-12-2025
Maharashtra,Pune,Pune APMC,Vegetables,Tomato,Local,Local,"1,000.00","3,500.00","2,250.00",Rs./Quintal,106.60,Metric Tonnes,17-11-2025
Maharashtra,Pune,Pune APMC,Vegetables,Tomato,Local,Local,600.00,"2,000.00","1,300.00",Rs./Quintal,209.70,Metric Tonnes,17-08-2026
Maharashtra,Pune,Pune APMC,Vegetables,Tomato,Local,Local,"1,000.00","2,500.00","1,750.00",Rs./Quintal,174.20,Metric Tonnes,17-07-2026
Maharashtra,Pune,Pune APMC,Vegetables,Tomato,Local,Local,"1,000.00","3,500.00","2,250.00",Rs./Quintal,240.30,Metric Tonnes,17-06-2026
Maharashtra,Pune,Pune APMC,Vegetables,Tomato,Local,Local,"1,000.00","3,000.00","2,000.00",Rs./Quintal,283.50,Metric Tonnes,17-05-2026
Maharashtra,Pune,Pune APMC,Vegetables,Tomato,Local,Local,600.00,"2,000.00","1,300.00",Rs./Quintal,193.40,Metric Tonnes,17-04-2026
Maharashtra,Pune,Pune APMC,Vegetables,Tomato,Local,Local,600.00,"1,500.00","1,050.00",Rs./Quintal,199.50,Metric Tonnes,17-03-2026
Maharashtra,Pune,Pune APMC,Vegetables,Tomato,Local,Local,600.00,"1,500.00","1,050.00",Rs./Quintal,244.50,Metric Tonnes,17-02-2026
Maharashtra,Pune,Pune APMC,Vegetables,Tomato,Local,Local,"1,000.00","4,500.00","2,750.00",Rs./Quintal,169.00,Metric Tonnes,16-12-2025
Maharashtra,Pune,Pune APMC,Vegetables,Tomato,Local,Local,"1,000.00","3,500.00","2,250.00",Rs./Quintal,277.50,Metric Tonnes,16-11-2025
Maharashtra,Pune,Pune APMC,Vegetables,Tomato,Local,Local,"1,000.00","2,000.00","1,500.00",Rs./Quintal,331.80,Metric Tonnes,16-08-2026
Maharashtra,Pune,Pune APMC,Vegetables,Tomato,Local,Local,800.00,"1,500.00","1,150.00",Rs./Quintal,235.60,Metric Tonnes,16-07-2026
Maharashtra,Pune,Pune APMC,Vegetables,Tomato,Local,Local,"1,000.00","3,000.00","2,000.00",Rs./Quintal,189.00,Metric Tonnes,16-06-2026
Maharashtra,Pune,Pune APMC,Vegetables,Tomato,Local,Local,800.00,"1,600.00","1,200.00",Rs./Quintal,185.90,Metric Tonnes,16-04-2026
Maharashtra,Pune,Pune APMC,Vegetables,Tomato,Local,Local,600.00,"1,500.00","1,050.00",Rs./Quintal,227.40,Metric Tonnes,16-03-2026
Maharashtra,Pune,Pune APMC,Vegetables,Tomato,Local,Local,"1,000.00","3,000.00","2,000.00",Rs./Quintal,223.80,Metric Tonnes,16-02-2026
Maharashtra,Pune,Pune APMC,Vegetables,Tomato,Local,Local,"1,200.00","2,500.00","1,850.00",Rs./Quintal,355.00,Metric Tonnes,16-01-2026
Maharashtra,Pune,Pune APMC,Vegetables,Tomato,Local,Local,"1,000.00","4,500.00","2,750.00",Rs./Quintal,135.90,Metric Tonnes,15-12-2025
Maharashtra,Pune,Pune APMC,Vegetables,Tomato,Local,Local,"1,000.00","1,800.00","1,400.00",Rs./Quintal,298.90,Metric Tonnes,15-07-2026
Maharashtra,Pune,Pune APMC,Vegetables,Tomato,Local,Local,"1,600.00","3,000.00","2,250.00",Rs./Quintal,181.40,Metric Tonnes,15-06-2026
Maharashtra,Pune,Pune APMC,Vegetables,Tomato,Local,Local,"1,000.00","3,000.00","2,000.00",Rs./Quintal,254.60,Metric Tonnes,15-05-2026
Maharashtra,Pune,Pune APMC,Vegetables,Tomato,Local,Local,800.00,"1,600.00","1,200.00",Rs./Quintal,166.50,Metric Tonnes,15-04-2026
Maharashtra,Pune,Pune APMC,Vegetables,Tomato,Local,Local,600.00,"1,500.00","1,050.00",Rs./Quintal,285.30,Metric Tonnes,15-03-2026
Maharashtra,Pune,Pune APMC,Vegetables,Tomato,Local,Local,600.00,"2,000.00","1,300.00",Rs./Quintal,224.30,Metric Tonnes,15-02-2026
Maharashtra,Pune,Pune APMC,Vegetables,Tomato,Local,Local,"1,000.00","4,000.00","2,500.00",Rs./Quintal,249.20,Metric Tonnes,14-12-2025
Maharashtra,Pune,Pune APMC,Vegetables,Tomato,Local,Local,"1,000.00","3,000.00","2,000.00",Rs./Quintal,247.80,Metric Tonnes,14-11-2025
Maharashtra,Pune,Pune APMC,Vegetables,Tomato,Local,Local,800.00,"1,600.00","1,200.00",Rs./Quintal,244.80,Metric Tonnes,14-08-2026
Maharashtra,Pune,Pune APMC,Vegetables,Tomato,Local,Local,"1,000.00","2,000.00","1,500.00",Rs./Quintal,316.50,Metric Tonnes,14-07-2026
Maharashtra,Pune,Pune APMC,Vegetables,Tomato,Local,Local,"1,000.00","3,000.00","2,000.00",Rs./Quintal,133.90,Metric Tonnes,14-05-2026
Maharashtra,Pune,Pune APMC,Vegetables,Tomato,Local,Local,800.00,"1,800.00","1,100.00",Rs./Quintal,215.60,Metric Tonnes,14-04-2026
Maharashtra,Pune,Pune APMC,Vegetables,Tomato,Local,Local,"1,000.00","3,000.00","2,000.00",Rs./Quintal,181.90,Metric Tonnes,14-01-2026
Maharashtra,Pune,Pune APMC,Vegetables,Tomato,Local,Local,600.00,"1,600.00","1,100.00",Rs./Quintal,198.40,Metric Tonnes,13-08-2026
Maharashtra,Pune,Pune APMC,Vegetables,Tomato,Local,Local,"1,000.00","2,000.00","1,500.00",Rs./Quintal,287.30,Metric Tonnes,13-07-2026
Maharashtra,Pune,Pune APMC,Vegetables,Tomato,Local,Local,"1,000.00","3,000.00","2,000.00",Rs./Quintal,144.00,Metric Tonnes,13-05-2026
Maharashtra,Pune,Pune APMC,Vegetables,Tomato,Local,Local,600.00,"2,000.00","1,300.00",Rs./Quintal,168.60,Metric Tonnes,13-04-2026
Maharashtra,Pune,Pune APMC,Vegetables,Tomato,Local,Local,600.00,"1,500.00","1,050.00",Rs./Quintal,251.80,Metric Tonnes,13-03-2026
Maharashtra,Pune,Pune APMC,Vegetables,Tomato,Local,Local,600.00,"1,600.00","1,100.00",Rs./Quintal,235.10,Metric Tonnes,13-02-2026
Maharashtra,Pune,Pune APMC,Vegetables,Tomato,Local,Local,"1,000.00","3,000.00","2,000.00",Rs./Quintal,200.30,Metric Tonnes,13-01-2026
Maharashtra,Pune,Pune APMC,Vegetables,Tomato,Local,Local,"1,000.00","3,000.00","2,000.00",Rs./Quintal,208.30,Metric Tonnes,12-12-2025
Maharashtra,Pune,Pune APMC,Vegetables,Tomato,Local,Local,"1,000.00","2,500.00","1,750.00",Rs./Quintal,110.40,Metric Tonnes,12-11-2025
Maharashtra,Pune,Pune APMC,Vegetables,Tomato,Local,Local,400.00,"1,600.00","1,000.00",Rs./Quintal,166.60,Metric Tonnes,12-08-2026
Maharashtra,Pune,Pune APMC,Vegetables,Tomato,Local,Local,"1,000.00","2,000.00","1,500.00",Rs./Quintal,452.20,Metric Tonnes,12-07-2026
Maharashtra,Pune,Pune APMC,Vegetables,Tomato,Local,Local,"1,000.00","3,000.00","2,000.00",Rs./Quintal,253.60,Metric Tonnes,12-06-2026
Maharashtra,Pune,Pune APMC,Vegetables,Tomato,Local,Local,"1,000.00","3,000.00","2,000.00",Rs./Quintal,180.10,Metric Tonnes,12-05-2026
Maharashtra,Pune,Pune APMC,Vegetables,Tomato,Local,Local,600.00,"1,800.00","1,200.00",Rs./Quintal,262.90,Metric Tonnes,12-04-2026
Maharashtra,Pune,Pune APMC,Vegetables,Tomato,Local,Local,600.00,"1,500.00","1,050.00",Rs./Quintal,174.90,Metric Tonnes,12-03-2026
Maharashtra,Pune,Pune APMC,Vegetables,Tomato,Local,Local,600.00,"1,600.00","1,100.00",Rs./Quintal,228.50,Metric Tonnes,12-02-2026
Maharashtra,Pune,Pune APMC,Vegetables,Tomato,Local,Local,"1,000.00","3,000.00","2,000.00",Rs./Quintal,176.10,Metric Tonnes,12-01-2026
Maharashtra,Pune,Pune APMC,Vegetables,Tomato,Local,Local,"1,000.00","3,000.00","2,000.00",Rs./Quintal,253.30,Metric Tonnes,11-12-2025
Maharashtra,Pune,Pune APMC,Vegetables,Tomato,Local,Local,"1,000.00","1,800.00","1,400.00",Rs./Quintal,190.70,Metric Tonnes,11-11-2025
Maharashtra,Pune,Pune APMC,Vegetables,Tomato,Local,Local,400.00,"2,000.00","1,200.00",Rs./Quintal,256.70,Metric Tonnes,11-08-2026
Maharashtra,Pune,Pune APMC,Vegetables,Tomato,Local,Local,"1,000.00","3,600.00","2,300.00",Rs./Quintal,244.00,Metric Tonnes,11-06-2026
Maharashtra,Pune,Pune APMC,Vegetables,Tomato,Local,Local,400.00,"2,700.00","1,550.00",Rs./Quintal,150.20,Metric Tonnes,11-05-2026
Maharashtra,Pune,Pune APMC,Vegetables,Tomato,Local,Local,600.00,"2,000.00","1,300.00",Rs./Quintal,187.10,Metric Tonnes,11-03-2026
Maharashtra,Pune,Pune APMC,Vegetables,Tomato,Local,Local,600.00,"1,600.00","1,100.00",Rs./Quintal,201.70,Metric Tonnes,11-02-2026
Maharashtra,Pune,Pune APMC,Vegetables,Tomato,Local,Local,"1,000.00","3,000.00","2,000.00",Rs./Quintal,319.50,Metric Tonnes,11-01-2026
Maharashtra,Pune,Pune APMC,Vegetables,Tomato,Local,Local,800.00,"1,800.00","1,300.00",Rs./Quintal,180.30,Metric Tonnes,10-11-2025
Maharashtra,Pune,Pune APMC,Vegetables,Tomato,Local,Local,800.00,"1,600.00","1,200.00",Rs./Quintal,217.10,Metric Tonnes,10-08-2026
Maharashtra,Pune,Pune APMC,Vegetables,Tomato,Local,Local,"1,000.00","2,200.00","1,600.00",Rs./Quintal,320.60,Metric Tonnes,10-07-2026
Maharashtra,Pune,Pune APMC,Vegetables,Tomato,Local,Local,"1,000.00","4,000.00","2,500.00",Rs./Quintal,145.50,Metric Tonnes,10-06-2026
Maharashtra,Pune,Pune APMC,Vegetables,Tomato,Local,Local,"1,000.00","2,500.00","1,750.00",Rs./Quintal,207.80,Metric Tonnes,10-05-2026
Maharashtra,Pune,Pune APMC,Vegetables,Tomato,Local,Local,600.00,"1,400.00","1,000.00",Rs./Quintal,216.00,Metric Tonnes,10-04-2026
Maharashtra,Pune,Pune APMC,Vegetables,Tomato,Local,Local,600.00,"1,500.00","1,050.00",Rs./Quintal,227.40,Metric Tonnes,10-03-2026
Maharashtra,Pune,Pune APMC,Vegetables,Tomato,Local,Local,600.00,"1,800.00","1,200.00",Rs./Quintal,271.90,Metric Tonnes,10-02-2026
Maharashtra,Pune,Pune APMC,Vegetables,Tomato,Local,Local,"1,000.00","3,000.00","2,000.00",Rs./Quintal,212.70,Metric Tonnes,09-12-2025
Maharashtra,Pune,Pune APMC,Vegetables,Tomato,Local,Local,"1,000.00","1,600.00","1,300.00",Rs./Quintal,330.90,Metric Tonnes,09-11-2025
Maharashtra,Pune,Pune APMC,Vegetables,Tomato,Local,Local,"1,000.00","2,500.00","1,750.00",Rs./Quintal,299.00,Metric Tonnes,09-07-2026
Maharashtra,Pune,Pune APMC,Vegetables,Tomato,Local,Local,"1,000.00","3,000.00","2,000.00",Rs./Quintal,176.70,Metric Tonnes,09-06-2026
Maharashtra,Pune,Pune APMC,Vegetables,Tomato,Local,Local,600.00,"1,500.00","1,050.00",Rs./Quintal,176.90,Metric Tonnes,09-04-2026
Maharashtra,Pune,Pune APMC,Vegetables,Tomato,Local,Local,800.00,"1,600.00","1,200.00",Rs./Quintal,158.30,Metric Tonnes,09-03-2026
Maharashtra,Pune,Pune APMC,Vegetables,Tomato,Local,Local,600.00,"2,000.00","1,300.00",Rs./Quintal,162.30,Metric Tonnes,09-02-2026
Maharashtra,Pune,Pune APMC,Vegetables,Tomato,Local,Local,500.00,"2,500.00","1,500.00",Rs./Quintal,276.50,Metric Tonnes,09-01-2026
Maharashtra,Pune,Pune APMC,Vegetables,Tomato,Local,Local,"1,000.00","3,000.00","2,000.00",Rs./Quintal,178.90,Metric Tonnes,08-12-2025
Maharashtra,Pune,Pune APMC,Vegetables,Tomato,Local,Local,"1,000.00","2,600.00","1,800.00",Rs./Quintal,156.90,Metric Tonnes,08-06-2026
Maharashtra,Pune,Pune APMC,Vegetables,Tomato,Local,Local,600.00,"1,300.00",950.00,Rs./Quintal,176.80,Metric Tonnes,08-04-2026
Maharashtra,Pune,Pune APMC,Vegetables,Tomato,Local,Local,600.00,"1,500.00","1,150.00",Rs./Quintal,274.00,Metric Tonnes,08-03-2026
Maharashtra,Pune,Pune APMC,Vegetables,Tomato,Local,Local,600.00,"2,000.00","1,300.00",Rs./Quintal,221.70,Metric Tonnes,08-02-2026
Maharashtra,Pune,Pune APMC,Vegetables,Tomato,Local,Local,"1,000.00","3,500.00","2,250.00",Rs./Quintal,244.60,Metric Tonnes,08-01-2026
Maharashtra,Pune,Pune APMC,Vegetables,Tomato,Local,Local,"1,000.00","3,000.00","2,000.00",Rs./Quintal,264.90,Metric Tonnes,07-12-2025
Maharashtra,Pune,Pune APMC,Vegetables,Tomato,Local,Local,"1,000.00","1,800.00","1,400.00",Rs./Quintal,222.30,Metric Tonnes,07-11-2025
Maharashtra,Pune,Pune APMC,Vegetables,Tomato,Local,Local,500.00,"1,600.00","1,050.00",Rs./Quintal,359.50,Metric Tonnes,07-08-2026
Maharashtra,Pune,Pune APMC,Vegetables,Tomato,Local,Local,"1,000.00","2,000.00","1,500.00",Rs./Quintal,189.20,Metric Tonnes,07-07-2026
Maharashtra,Pune,Pune APMC,Vegetables,Tomato,Local,Local,"1,000.00","2,500.00","1,750.00",Rs./Quintal,298.30,Metric Tonnes,07-06-2026
Maharashtra,Pune,Pune APMC,Vegetables,Tomato,Local,Local,600.00,"1,400.00","1,000.00",Rs./Quintal,268.90,Metric Tonnes,07-04-2026
Maharashtra,Pune,Pune APMC,Vegetables,Tomato,Local,Local,"1,000.00","3,500.00","2,250.00",Rs./Quintal,209.20,Metric Tonnes,07-01-2026
Maharashtra,Pune,Pune APMC,Vegetables,Tomato,Local,Local,500.00,"2,500.00","1,500.00",Rs./Quintal,272.10,Metric Tonnes,06-08-2026
Maharashtra,Pune,Pune APMC,Vegetables,Tomato,Local,Local,"1,000.00","2,500.00","1,750.00",Rs./Quintal,269.40,Metric Tonnes,06-07-2026
Maharashtra,Pune,Pune APMC,Vegetables,Tomato,Local,Local,600.00,"1,500.00","1,050.00",Rs./Quintal,223.60,Metric Tonnes,06-04-2026
Maharashtra,Pune,Pune APMC,Vegetables,Tomato,Local,Local,600.00,"1,500.00","1,050.00",Rs./Quintal,238.90,Metric Tonnes,06-03-2026
Maharashtra,Pune,Pune APMC,Vegetables,Tomato,Local,Local,600.00,"1,400.00","1,000.00",Rs./Quintal,243.00,Metric Tonnes,06-02-2026
Maharashtra,Pune,Pune APMC,Vegetables,Tomato,Local,Local,"1,000.00","3,500.00","2,250.00",Rs./Quintal,260.50,Metric Tonnes,06-01-2026
Maharashtra,Pune,Pune APMC,Vegetables,Tomato,Local,Local,"1,500.00","3,200.00","2,350.00",Rs./Quintal,216.20,Metric Tonnes,05-12-2025
Maharashtra,Pune,Pune APMC,Vegetables,Tomato,Local,Local,800.00,"2,500.00","1,650.00",Rs./Quintal,143.20,Metric Tonnes,05-08-2026
Maharashtra,Pune,Pune APMC,Vegetables,Tomato,Local,Local,"1,000.00","3,000.00","2,000.00",Rs./Quintal,327.00,Metric Tonnes,05-07-2026
Maharashtra,Pune,Pune APMC,Vegetables,Tomato,Local,Local,"1,000.00","3,000.00","2,000.00",Rs./Quintal,225.70,Metric Tonnes,05-06-2026
Maharashtra,Pune,Pune APMC,Vegetables,Tomato,Local,Local,"1,000.00","1,800.00","1,400.00",Rs./Quintal,215.60,Metric Tonnes,05-05-2026
Maharashtra,Pune,Pune APMC,Vegetables,Tomato,Local,Local,600.00,"1,200.00",900.00,Rs./Quintal,321.40,Metric Tonnes,05-04-2026
Maharashtra,Pune,Pune APMC,Vegetables,Tomato,Local,Local,600.00,"1,400.00","1,000.00",Rs./Quintal,205.90,Metric Tonnes,05-03-2026
Maharashtra,Pune,Pune APMC,Vegetables,Tomato,Local,Local,600.00,"1,300.00",950.00,Rs./Quintal,241.10,Metric Tonnes,05-02-2026
Maharashtra,Pune,Pune APMC,Vegetables,Tomato,Local,Local,"1,000.00","4,000.00","2,500.00",Rs./Quintal,193.30,Metric Tonnes,05-01-2026
Maharashtra,Pune,Pune APMC,Vegetables,Tomato,Local,Local,"1,000.00","3,000.00","2,000.00",Rs./Quintal,260.70,Metric Tonnes,04-12-2025
Maharashtra,Pune,Pune APMC,Vegetables,Tomato,Local,Local,"1,000.00","2,200.00","1,600.00",Rs./Quintal,231.40,Metric Tonnes,04-08-2026
Maharashtra,Pune,Pune APMC,Vegetables,Tomato,Local,Local,"1,000.00","2,600.00","1,800.00",Rs./Quintal,228.40,Metric Tonnes,04-06-2026
Maharashtra,Pune,Pune APMC,Vegetables,Tomato,Local,Local,"1,000.00","2,000.00","1,500.00",Rs./Quintal,178.10,Metric Tonnes,04-05-2026
Maharashtra,Pune,Pune APMC,Vegetables,Tomato,Local,Local,600.00,"1,600.00","1,100.00",Rs./Quintal,254.40,Metric Tonnes,04-03-2026
Maharashtra,Pune,Pune APMC,Vegetables,Tomato,Local,Local,800.00,"1,600.00","1,200.00",Rs./Quintal,210.30,Metric Tonnes,04-02-2026
Maharashtra,Pune,Pune APMC,Vegetables,Tomato,Local,Local,"1,000.00","3,800.00","2,400.00",Rs./Quintal,355.60,Metric Tonnes,04-01-2026
Maharashtra,Pune,Pune APMC,Vegetables,Tomato,Local,Local,"1,000.00","3,500.00","2,250.00",Rs./Quintal,169.50,Metric Tonnes,03-12-2025
Maharashtra,Pune,Pune APMC,Vegetables,Tomato,Local,Local,"1,000.00","2,500.00","1,750.00",Rs./Quintal,211.60,Metric Tonnes,03-08-2026
Maharashtra,Pune,Pune APMC,Vegetables,Tomato,Local,Local,"1,000.00","3,000.00","2,000.00",Rs./Quintal,191.00,Metric Tonnes,03-06-2026
Maharashtra,Pune,Pune APMC,Vegetables,Tomato,Local,Local,"1,000.00","3,000.00","2,000.00",Rs./Quintal,208.10,Metric Tonnes,03-05-2026
Maharashtra,Pune,Pune APMC,Vegetables,Tomato,Local,Local,600.00,"1,600.00","1,100.00",Rs./Quintal,134.60,Metric Tonnes,03-04-2026
Maharashtra,Pune,Pune APMC,Vegetables,Tomato,Local,Local,600.00,"1,500.00","1,050.00",Rs./Quintal,253.00,Metric Tonnes,03-02-2026
Maharashtra,Pune,Pune APMC,Vegetables,Tomato,Local,Local,"1,500.00","3,500.00","2,500.00",Rs./Quintal,141.70,Metric Tonnes,02-12-2025
Maharashtra,Pune,Pune APMC,Vegetables,Tomato,Local,Local,"1,000.00","2,500.00","1,750.00",Rs./Quintal,298.50,Metric Tonnes,02-08-2026
Maharashtra,Pune,Pune APMC,Vegetables,Tomato,Local,Local,"1,000.00","2,200.00","1,600.00",Rs./Quintal,199.10,Metric Tonnes,02-07-2026
Maharashtra,Pune,Pune APMC,Vegetables,Tomato,Local,Local,"1,000.00","3,000.00","2,000.00",Rs./Quintal,195.00,Metric Tonnes,02-06-2026
Maharashtra,Pune,Pune APMC,Vegetables,Tomato,Local,Local,600.00,"1,200.00",900.00,Rs./Quintal,176.40,Metric Tonnes,02-04-2026
Maharashtra,Pune,Pune APMC,Vegetables,Tomato,Local,Local,800.00,"1,600.00","1,200.00",Rs./Quintal,203.30,Metric Tonnes,02-02-2026
Maharashtra,Pune,Pune APMC,Vegetables,Tomato,Local,Local,"1,000.00","4,000.00","2,500.00",Rs./Quintal,214.30,Metric Tonnes,02-01-2026
Maharashtra,Pune,Pune APMC,Vegetables,Tomato,Local,Local,"1,000.00","2,000.00","1,500.00",Rs./Quintal,145.00,Metric Tonnes,01-12-2025
Maharashtra,Pune,Pune APMC,Vegetables,Tomato,Local,Local,800.00,"1,000.00",900.00,Rs./Quintal,168.20,Metric Tonnes,01-07-2026
Maharashtra,Pune,Pune APMC,Vegetables,Tomato,Local,Local,"1,000.00","3,000.00","2,000.00",Rs./Quintal,196.00,Metric Tonnes,01-06-2026
Maharashtra,Pune,Pune APMC,Vegetables,Tomato,Local,Local,600.00,"1,400.00","1,000.00",Rs./Quintal,182.20,Metric Tonnes,01-04-2026
Maharashtra,Pune,Pune APMC,Vegetables,Tomato,Local,Local,600.00,"1,600.00","1,100.00",Rs./Quintal,277.20,Metric Tonnes,01-03-2026
Maharashtra,Pune,Pune APMC,Vegetables,Tomato,Local,Local,600.00,"1,600.00","1,100.00",Rs./Quintal,401.00,Metric Tonnes,01-02-2026
Maharashtra,Pune,Pune APMC,Vegetables,Tomato,Local,Local,"1,000.00","4,000.00","2,500.00",Rs./Quintal,144.50,Metric Tonnes,01-01-2026
Maharashtra,Pune,Pune(Khadiki) APMC,Vegetables,Tomato,Local,Local,700.00,"1,400.00","1,050.00",Rs./Quintal,1.60,Metric Tonnes,31-12-2025
Maharashtra,Pune,Pune(Khadiki) APMC,Vegetables,Tomato,Local,Local,700.00,"1,400.00","1,050.00",Rs./Quintal,1.40,Metric Tonnes,31-07-2026
Maharashtra,Pune,Pune(Khadiki) APMC,Vegetables,Tomato,Local,Local,700.00,"1,200.00",950.00,Rs./Quintal,1.50,Metric Tonnes,31-05-2026
Maharashtra,Pune,Pune(Khadiki) APMC,Vegetables,Tomato,Local,Local,700.00,"1,200.00",950.00,Rs./Quintal,1.10,Metric Tonnes,31-03-2026
Maharashtra,Pune,Pune(Khadiki) APMC,Vegetables,Tomato,Local,Local,700.00,"1,300.00","1,000.00",Rs./Quintal,1.20,Metric Tonnes,31-01-2026
Maharashtra,Pune,Pune(Khadiki) APMC,Vegetables,Tomato,Local,Local,700.00,"1,200.00",950.00,Rs./Quintal,1.40,Metric Tonnes,30-12-2025
Maharashtra,Pune,Pune(Khadiki) APMC,Vegetables,Tomato,Local,Local,800.00,"1,300.00","1,050.00",Rs./Quintal,1.30,Metric Tonnes,30-07-2026
Maharashtra,Pune,Pune(Khadiki) APMC,Vegetables,Tomato,Local,Local,700.00,"1,300.00","1,000.00",Rs./Quintal,1.70,Metric Tonnes,30-06-2026
Maharashtra,Pune,Pune(Khadiki) APMC,Vegetables,Tomato,Local,Local,800.00,"1,300.00","1,050.00",Rs./Quintal,0.90,Metric Tonnes,30-05-2026
Maharashtra,Pune,Pune(Khadiki) APMC,Vegetables,Tomato,Local,Local,700.00,"1,200.00",950.00,Rs./Quintal,1.40,Metric Tonnes,30-03-2026
Maharashtra,Pune,Pune(Khadiki) APMC,Vegetables,Tomato,Local,Local,700.00,"1,300.00","1,000.00",Rs./Quintal,1.30,Metric Tonnes,30-01-2026
Maharashtra,Pune,Pune(Khadiki) APMC,Vegetables,Tomato,Local,Local,500.00,"1,200.00",850.00,Rs./Quintal,2.20,Metric Tonnes,29-11-2025
Maharashtra,Pune,Pune(Khadiki) APMC,Vegetables,Tomato,Local,Local,"1,000.00","1,400.00","1,200.00",Rs./Quintal,1.50,Metric Tonnes,29-07-2026
Maharashtra,Pune,Pune(Khadiki) APMC,Vegetables,Tomato,Local,Local,800.00,"1,200.00","1,000.00",Rs./Quintal,1.50,Metric Tonnes,29-04-2026
Maharashtra,Pune,Pune(Khadiki) APMC,Vegetables,Tomato,Local,Local,700.00,"1,200.00",950.00,Rs./Quintal,1.20,Metric Tonnes,29-03-2026
Maharashtra,Pune,Pune(Khadiki) APMC,Vegetables,Tomato,Local,Local,700.00,"1,200.00",950.00,Rs./Quintal,1.90,Metric Tonnes,28-11-2025
Maharashtra,Pune,Pune(Khadiki) APMC,Vegetables,Tomato,Local,Local,700.00,"1,300.00","1,000.00",Rs./Quintal,1.50,Metric Tonnes,28-07-2026
Maharashtra,Pune,Pune(Khadiki) APMC,Vegetables,Tomato,Local,Local,700.00,"1,300.00","1,000.00",Rs./Quintal,1.10,Metric Tonnes,28-06-2026
Maharashtra,Pune,Pune(Khadiki) APMC,Vegetables,Tomato,Local,Local,700.00,"1,200.00",950.00,Rs./Quintal,1.30,Metric Tonnes,28-05-2026
Maharashtra,Pune,Pune(Khadiki) APMC,Vegetables,Tomato,Local,Local,800.00,"1,300.00",950.00,Rs./Quintal,1.20,Metric Tonnes,28-04-2026
Maharashtra,Pune,Pune(Khadiki) APMC,Vegetables,Tomato,Local,Local,700.00,"1,200.00",950.00,Rs./Quintal,1.30,Metric Tonnes,28-03-2026
Maharashtra,Pune,Pune(Khadiki) APMC,Vegetables,Tomato,Local,Local,700.00,"1,200.00",950.00,Rs./Quintal,1.30,Metric Tonnes,28-01-2026
Maharashtra,Pune,Pune(Khadiki) APMC,Vegetables,Tomato,Local,Local,600.00,"1,200.00",900.00,Rs./Quintal,2.00,Metric Tonnes,27-11-2025
Maharashtra,Pune,Pune(Khadiki) APMC,Vegetables,Tomato,Local,Local,800.00,"1,300.00","1,050.00",Rs./Quintal,1.60,Metric Tonnes,27-07-2026
Maharashtra,Pune,Pune(Khadiki) APMC,Vegetables,Tomato,Local,Local,700.00,"1,200.00",950.00,Rs./Quintal,1.20,Metric Tonnes,27-04-2026
Maharashtra,Pune,Pune(Khadiki) APMC,Vegetables,Tomato,Local,Local,600.00,"1,200.00",900.00,Rs./Quintal,1.60,Metric Tonnes,27-02-2026
Maharashtra,Pune,Pune(Khadiki) APMC,Vegetables,Tomato,Local,Local,800.00,"1,300.00","1,050.00",Rs./Quintal,1.70,Metric Tonnes,27-01-2026
Maharashtra,Pune,Pune(Khadiki) APMC,Vegetables,Tomato,Local,Local,700.00,"1,300.00","1,000.00",Rs./Quintal,2.50,Metric Tonnes,26-11-2025
Maharashtra,Pune,Pune(Khadiki) APMC,Vegetables,Tomato,Local,Local,700.00,"1,300.00","1,000.00",Rs./Quintal,1.10,Metric Tonnes,26-07-2026
Maharashtra,Pune,Pune(Khadiki) APMC,Vegetables,Tomato,Local,Local,800.00,"1,300.00","1,050.00",Rs./Quintal,1.10,Metric Tonnes,26-06-2026
Maharashtra,Pune,Pune(Khadiki) APMC,Vegetables,Tomato,Local,Local,700.00,"1,000.00",850.00,Rs./Quintal,1.40,Metric Tonnes,26-04-2026
Maharashtra,Pune,Pune(Khadiki) APMC,Vegetables,Tomato,Local,Local,700.00,"1,200.00",950.00,Rs./Quintal,1.30,Metric Tonnes,26-03-2026
Maharashtra,Pune,Pune(Khadiki) APMC,Vegetables,Tomato,Local,Local,700.00,"1,300.00","1,000.00",Rs./Quintal,1.40,Metric Tonnes,26-02-2026
Maharashtra,Pune,Pune(Khadiki) APMC,Vegetables,Tomato,Local,Local,700.00,"1,300.00","1,000.00",Rs./Quintal,0.80,Metric Tonnes,25-12-2025
Maharashtra,Pune,Pune(Khadiki) APMC,Vegetables,Tomato,Local,Local,800.00,"1,300.00","1,050.00",Rs./Quintal,1.50,Metric Tonnes,25-07-2026
Maharashtra,Pune,Pune(Khadiki) APMC,Vegetables,Tomato,Local,Local,700.00,"1,200.00",950.00,Rs./Quintal,1.10,Metric Tonnes,25-06-2026
Maharashtra,Pune,Pune(Khadiki) APMC,Vegetables,Tomato,Local,Local,700.00,"1,200.00",950.00,Rs./Quintal,1.30,Metric Tonnes,25-05-2026
Maharashtra,Pune,Pune(Khadiki) APMC,Vegetables,Tomato,Local,Local,700.00,"1,200.00",950.00,Rs./Quintal,1.30,Metric Tonnes,25-04-2026
Maharashtra,Pune,Pune(Khadiki) APMC,Vegetables,Tomato,Local,Local,700.00,"1,200.00",950.00,Rs./Quintal,1.10,Metric Tonnes,25-03-2026
Maharashtra,Pune,Pune(Khadiki) APMC,Vegetables,Tomato,Local,Local,700.00,"1,300.00","1,000.00",Rs./Quintal,1.40,Metric Tonnes,25-01-2026
Maharashtra,Pune,Pune(Khadiki) APMC,Vegetables,Tomato,Local,Local,600.00,"1,200.00",900.00,Rs./Quintal,2.20,Metric Tonnes,24-11-2025
Maharashtra,Pune,Pune(Khadiki) APMC,Vegetables,Tomato,Local,Local,"1,000.00","1,300.00","1,150.00",Rs./Quintal,1.10,Metric Tonnes,24-07-2026
Maharashtra,Pune,Pune(Khadiki) APMC,Vegetables,Tomato,Local,Local,700.00,"1,300.00","1,000.00",Rs./Quintal,1.40,Metric Tonnes,24-06-2026
Maharashtra,Pune,Pune(Khadiki) APMC,Vegetables,Tomato,Local,Local,700.00,"1,200.00",950.00,Rs./Quintal,1.30,Metric Tonnes,24-05-2026
Maharashtra,Pune,Pune(Khadiki) APMC,Vegetables,Tomato,Local,Local,700.00,"1,200.00",950.00,Rs./Quintal,1.40,Metric Tonnes,24-02-2026
Maharashtra,Pune,Pune(Khadiki) APMC,Vegetables,Tomato,Local,Local,700.00,"1,300.00","1,000.00",Rs./Quintal,1.50,Metric Tonnes,24-01-2026
Maharashtra,Pune,Pune(Khadiki) APMC,Vegetables,Tomato,Local,Local,500.00,"1,300.00",900.00,Rs./Quintal,1.40,Metric Tonnes,23-11-2025
Maharashtra,Pune,Pune(Khadiki) APMC,Vegetables,Tomato,Local,Local,700.00,"1,300.00","1,000.00",Rs./Quintal,1.20,Metric Tonnes,23-07-2026
Maharashtra,Pune,Pune(Khadiki) APMC,Vegetables,Tomato,Local,Local,700.00,"1,300.00","1,000.00",Rs./Quintal,1.40,Metric Tonnes,23-06-2026
Maharashtra,Pune,Pune(Khadiki) APMC,Vegetables,Tomato,Local,Local,700.00,"1,200.00",950.00,Rs./Quintal,1.30,Metric Tonnes,23-05-2026
Maharashtra,Pune,Pune(Khadiki) APMC,Vegetables,Tomato,Local,Local,700.00,"1,200.00",950.00,Rs./Quintal,1.40,Metric Tonnes,23-04-2026
Maharashtra,Pune,Pune(Khadiki) APMC,Vegetables,Tomato,Local,Local,700.00,"1,200.00",950.00,Rs./Quintal,1.20,Metric Tonnes,23-03-2026
Maharashtra,Pune,Pune(Khadiki) APMC,Vegetables,Tomato,Local,Local,700.00,"1,300.00","1,000.00",Rs./Quintal,1.40,Metric Tonnes,23-02-2026
Maharashtra,Pune,Pune(Khadiki) APMC,Vegetables,Tomato,Local,Local,700.00,"1,200.00",950.00,Rs./Quintal,1.70,Metric Tonnes,22-12-2025
Maharashtra,Pune,Pune(Khadiki) APMC,Vegetables,Tomato,Local,Local,700.00,"1,200.00",950.00,Rs./Quintal,2.70,Metric Tonnes,22-11-2025
Maharashtra,Pune,Pune(Khadiki) APMC,Vegetables,Tomato,Local,Local,700.00,"1,300.00","1,000.00",Rs./Quintal,1.40,Metric Tonnes,22-07-2026
Maharashtra,Pune,Pune(Khadiki) APMC,Vegetables,Tomato,Local,Local,700.00,"1,300.00","1,000.00",Rs./Quintal,1.70,Metric Tonnes,22-06-2026
Maharashtra,Pune,Pune(Khadiki) APMC,Vegetables,Tomato,Local,Local,700.00,"1,200.00",950.00,Rs./Quintal,1.00,Metric Tonnes,22-04-2026
Maharashtra,Pune,Pune(Khadiki) APMC,Vegetables,Tomato,Local,Local,700.00,"1,200.00",950.00,Rs./Quintal,1.10,Metric Tonnes,22-03-2026
Maharashtra,Pune,Pune(Khadiki) APMC,Vegetables,Tomato,Local,Local,700.00,"1,300.00","1,000.00",Rs./Quintal,1.40,Metric Tonnes,22-02-2026
Maharashtra,Pune,Pune(Khadiki) APMC,Vegetables,Tomato,Local,Local,700.00,"1,200.00",950.00,Rs./Quintal,1.40,Metric Tonnes,21-12-2025
Maharashtra,Pune,Pune(Khadiki) APMC,Vegetables,Tomato,Local,Local,900.00,"1,400.00","1,150.00",Rs./Quintal,0.70,Metric Tonnes,21-08-2026
Maharashtra,Pune,Pune(Khadiki) APMC,Vegetables,Tomato,Local,Local,900.00,"1,400.00","1,150.00",Rs./Quintal,1.60,Metric Tonnes,21-07-2026
Maharashtra,Pune,Pune(Khadiki) APMC,Vegetables,Tomato,Local,Local,700.00,"1,200.00",950.00,Rs./Quintal,1.10,Metric Tonnes,21-03-2026
Maharashtra,Pune,Pune(Khadiki) APMC,Vegetables,Tomato,Local,Local,900.00,"1,300.00","1,100.00",Rs./Quintal,1.60,Metric Tonnes,21-02-2026
Maharashtra,Pune,Pune(Khadiki) APMC,Vegetables,Tomato,Local,Local,700.00,"1,200.00",950.00,Rs./Quintal,2.60,Metric Tonnes,20-11-2025
Maharashtra,Pune,Pune(Khadiki) APMC,Vegetables,Tomato,Local,Local,700.00,"1,300.00","1,000.00",Rs./Quintal,1.30,Metric Tonnes,20-08-2026
Maharashtra,Pune,Pune(Khadiki) APMC,Vegetables,Tomato,Local,Local,800.00,"1,200.00","1,000.00",Rs./Quintal,1.70,Metric Tonnes,20-07-2026
Maharashtra,Pune,Pune(Khadiki) APMC,Vegetables,Tomato,Local,Local,700.00,"1,200.00",950.00,Rs./Quintal,1.40,Metric Tonnes,20-04-2026
Maharashtra,Pune,Pune(Khadiki) APMC,Vegetables,Tomato,Local,Local,700.00,"1,200.00",950.00,Rs./Quintal,1.20,Metric Tonnes,20-03-2026
Maharashtra,Pune,Pune(Khadiki) APMC,Vegetables,Tomato,Local,Local,800.00,"1,300.00","1,050.00",Rs./Quintal,1.10,Metric Tonnes,19-08-2026
Maharashtra,Pune,Pune(Khadiki) APMC,Vegetables,Tomato,Local,Local,700.00,"1,300.00","1,000.00",Rs./Quintal,1.20,Metric Tonnes,19-07-2026
Maharashtra,Pune,Pune(Khadiki) APMC,Vegetables,Tomato,Local,Local,700.00,"1,200.00",950.00,Rs./Quintal,1.20,Metric Tonnes,19-04-2026
Maharashtra,Pune,Pune(Khadiki) APMC,Vegetables,Tomato,Local,Local,700.00,"1,200.00",950.00,Rs./Quintal,1.30,Metric Tonnes,19-03-2026
Maharashtra,Pune,Pune(Khadiki) APMC,Vegetables,Tomato,Local,Local,700.00,"1,200.00",950.00,Rs./Quintal,1.80,Metric Tonnes,18-12-2025
Maharashtra,Pune,Pune(Khadiki) APMC,Vegetables,Tomato,Local,Local,"1,000.00","1,300.00","1,150.00",Rs./Quintal,1.50,Metric Tonnes,18-11-2025
Maharashtra,Pune,Pune(Khadiki) APMC,Vegetables,Tomato,Local,Local,800.00,"1,400.00","1,100.00",Rs./Quintal,1.20,Metric Tonnes,18-08-2026
Maharashtra,Pune,Pune(Khadiki) APMC,Vegetables,Tomato,Local,Local,700.00,"1,300.00","1,000.00",Rs./Quintal,1.40,Metric Tonnes,18-07-2026
Maharashtra,Pune,Pune(Khadiki) APMC,Vegetables,Tomato,Local,Local,800.00,"1,300.00","1,050.00",Rs./Quintal,1.30,Metric Tonnes,18-06-2026
Maharashtra,Pune,Pune(Khadiki) APMC,Vegetables,Tomato,Local,Local,700.00,"1,100.00",900.00,Rs./Quintal,1.70,Metric Tonnes,18-05-2026
Maharashtra,Pune,Pune(Khadiki) APMC,Vegetables,Tomato,Local,Local,700.00,"1,200.00",950.00,Rs./Quintal,1.30,Metric Tonnes,18-04-2026
Maharashtra,Pune,Pune(Khadiki) APMC,Vegetables,Tomato,Local,Local,900.00,"1,200.00","1,050.00",Rs./Quintal,1.20,Metric Tonnes,18-03-2026
Maharashtra,Pune,Pune(Khadiki) APMC,Vegetables,Tomato,Local,Local,600.00,"1,400.00","1,000.00",Rs./Quintal,1.40,Metric Tonnes,17-08-2026
Maharashtra,Pune,Pune(Khadiki) APMC,Vegetables,Tomato,Local,Local,900.00,"1,400.00","1,150.00",Rs./Quintal,1.20,Metric Tonnes,17-07-2026
Maharashtra,Pune,Pune(Khadiki) APMC,Vegetables,Tomato,Local,Local,800.00,"1,300.00","1,050.00",Rs./Quintal,1.70,Metric Tonnes,17-06-2026
Maharashtra,Pune,Pune(Khadiki) APMC,Vegetables,Tomato,Local,Local,700.00,"1,200.00",950.00,Rs./Quintal,1.10,Metric Tonnes,17-05-2026
Maharashtra,Pune,Pune(Khadiki) APMC,Vegetables,Tomato,Local,Local,700.00,"1,300.00","1,000.00",Rs./Quintal,1.40,Metric Tonnes,17-04-2026
Maharashtra,Pune,Pune(Khadiki) APMC,Vegetables,Tomato,Local,Local,700.00,"1,200.00",950.00,Rs./Quintal,1.40,Metric Tonnes,17-03-2026
Maharashtra,Pune,Pune(Khadiki) APMC,Vegetables,Tomato,Local,Local,800.00,"1,300.00","1,050.00",Rs./Quintal,1.30,Metric Tonnes,17-02-2026
Maharashtra,Pune,Pune(Khadiki) APMC,Vegetables,Tomato,Local,Local,700.00,"1,200.00",950.00,Rs./Quintal,1.20,Metric Tonnes,17-01-2026
Maharashtra,Pune,Pune(Khadiki) APMC,Vegetables,Tomato,Local,Local,700.00,"1,300.00","1,000.00",Rs./Quintal,2.20,Metric Tonnes,16-11-2025
Maharashtra,Pune,Pune(Khadiki) APMC,Vegetables,Tomato,Local,Local,900.00,"1,300.00","1,050.00",Rs./Quintal,1.40,Metric Tonnes,16-08-2026
Maharashtra,Pune,Pune(Khadiki) APMC,Vegetables,Tomato,Local,Local,800.00,"1,400.00","1,100.00",Rs./Quintal,1.30,Metric Tonnes,16-07-2026
Maharashtra,Pune,Pune(Khadiki) APMC,Vegetables,Tomato,Local,Local,900.00,"1,200.00","1,050.00",Rs./Quintal,1.00,Metric Tonnes,16-06-2026
Maharashtra,Pune,Pune(Khadiki) APMC,Vegetables,Tomato,Local,Local,700.00,"1,100.00",900.00,Rs./Quintal,1.60,Metric Tonnes,16-05-2026
Maharashtra,Pune,Pune(Khadiki) APMC,Vegetables,Tomato,Local,Local,700.00,"1,200.00",950.00,Rs./Quintal,1.10,Metric Tonnes,16-04-2026
Maharashtra,Pune,Pune(Khadiki) APMC,Vegetables,Tomato,Local,Local,700.00,"1,200.00",950.00,Rs./Quintal,1.10,Metric Tonnes,16-03-2026
Maharashtra,Pune,Pune(Khadiki) APMC,Vegetables,Tomato,Local,Local,900.00,"1,400.00","1,150.00",Rs./Quintal,1.10,Metric Tonnes,15-07-2026
Maharashtra,Pune,Pune(Khadiki) APMC,Vegetables,Tomato,Local,Local,800.00,"1,200.00","1,000.00",Rs./Quintal,1.80,Metric Tonnes,15-06-2026
Maharashtra,Pune,Pune(Khadiki) APMC,Vegetables,Tomato,Local,Local,700.00,"1,200.00",950.00,Rs./Quintal,1.20,Metric Tonnes,15-03-2026
Maharashtra,Pune,Pune(Khadiki) APMC,Vegetables,Tomato,Local,Local,800.00,"1,400.00","1,100.00",Rs./Quintal,1.30,Metric Tonnes,14-08-2026
Maharashtra,Pune,Pune(Khadiki) APMC,Vegetables,Tomato,Local,Local,700.00,"1,300.00","1,000.00",Rs./Quintal,1.30,Metric Tonnes,14-07-2026
Maharashtra,Pune,Pune(Khadiki) APMC,Vegetables,Tomato,Local,Local,800.00,"1,200.00","1,000.00",Rs./Quintal,1.10,Metric Tonnes,14-06-2026
Maharashtra,Pune,Pune(Khadiki) APMC,Vegetables,Tomato,Local,Local,800.00,"1,200.00","1,000.00",Rs./Quintal,1.60,Metric Tonnes,14-05-2026
Maharashtra,Pune,Pune(Khadiki) APMC,Vegetables,Tomato,Local,Local,700.00,"1,200.00",950.00,Rs./Quintal,1.10,Metric Tonnes,14-04-2026
Maharashtra,Pune,Pune(Khadiki) APMC,Vegetables,Tomato,Local,Local,700.00,"1,200.00",950.00,Rs./Quintal,1.60,Metric Tonnes,14-03-2026
Maharashtra,Pune,Pune(Khadiki) APMC,Vegetables,Tomato,Local,Local,600.00,"1,300.00","1,050.00",Rs./Quintal,1.80,Metric Tonnes,13-12-2025
Maharashtra,Pune,Pune(Khadiki) APMC,Vegetables,Tomato,Local,Local,800.00,"1,200.00","1,000.00",Rs./Quintal,1.60,Metric Tonnes,13-11-2025
Maharashtra,Pune,Pune(Khadiki) APMC,Vegetables,Tomato,Local,Local,800.00,"1,300.00","1,050.00",Rs./Quintal,0.90,Metric Tonnes,13-08-2026
Maharashtra,Pune,Pune(Khadiki) APMC,Vegetables,Tomato,Local,Local,700.00,"1,300.00","1,000.00",Rs./Quintal,1.70,Metric Tonnes,13-07-2026
Maharashtra,Pune,Pune(Khadiki) APMC,Vegetables,Tomato,Local,Local,700.00,"1,200.00",950.00,Rs./Quintal,1.00,Metric Tonnes,13-05-2026
Maharashtra,Pune,Pune(Khadiki) APMC,Vegetables,Tomato,Local,Local,700.00,"1,100.00",900.00,Rs./Quintal,1.40,Metric Tonnes,13-04-2026
Maharashtra,Pune,Pune(Khadiki) APMC,Vegetables,Tomato,Local,Local,800.00,"1,300.00","1,050.00",Rs./Quintal,1.30,Metric Tonnes,13-02-2026
Maharashtra,Pune,Pune(Khadiki) APMC,Vegetables,Tomato,Local,Local,700.00,"1,300.00","1,000.00",Rs./Quintal,1.50,Metric Tonnes,13-01-2026
Maharashtra,Pune,Pune(Khadiki) APMC,Vegetables,Tomato,Local,Local,700.00,"1,200.00",950.00,Rs./Quintal,1.50,Metric Tonnes,12-11-2025
Maharashtra,Pune,Pune(Khadiki) APMC,Vegetables,Tomato,Local,Local,800.00,"1,400.00","1,100.00",Rs./Quintal,1.50,Metric Tonnes,12-08-2026
Maharashtra,Pune,Pune(Khadiki) APMC,Vegetables,Tomato,Local,Local,800.00,"1,300.00","1,050.00",Rs./Quintal,1.00,Metric Tonnes,12-07-2026
Maharashtra,Pune,Pune(Khadiki) APMC,Vegetables,Tomato,Local,Local,700.00,"1,200.00",950.00,Rs./Quintal,1.30,Metric Tonnes,12-06-2026
Maharashtra,Pune,Pune(Khadiki) APMC,Vegetables,Tomato,Local,Local,700.00,"1,300.00","1,000.00",Rs./Quintal,1.00,Metric Tonnes,12-02-2026
Maharashtra,Pune,Pune(Khadiki) APMC,Vegetables,Tomato,Local,Local,800.00,"1,300.00","1,050.00",Rs./Quintal,1.50,Metric Tonnes,11-08-2026
Maharashtra,Pune,Pune(Khadiki) APMC,Vegetables,Tomato,Local,Local,700.00,"1,300.00","1,000.00",Rs./Quintal,0.60,Metric Tonnes,11-07-2026
Maharashtra,Pune,Pune(Khadiki) APMC,Vegetables,Tomato,Local,Local,900.00,"1,200.00","1,050.00",Rs./Quintal,1.10,Metric Tonnes,11-06-2026
Maharashtra,Pune,Pune(Khadiki) APMC,Vegetables,Tomato,Local,Local,700.00,"1,200.00",950.00,Rs./Quintal,1.20,Metric Tonnes,11-04-2026
Maharashtra,Pune,Pune(Khadiki) APMC,Vegetables,Tomato,Local,Local,700.00,"1,200.00",950.00,Rs./Quintal,1.80,Metric Tonnes,11-03-2026
Maharashtra,Pune,Pune(Khadiki) APMC,Vegetables,Tomato,Local,Local,800.00,"1,300.00","1,050.00",Rs./Quintal,1.30,Metric Tonnes,11-02-2026
Maharashtra,Pune,Pune(Khadiki) APMC,Vegetables,Tomato,Local,Local,600.00,"1,200.00",900.00,Rs./Quintal,1.50,Metric Tonnes,10-12-2025
Maharashtra,Pune,Pune(Khadiki) APMC,Vegetables,Tomato,Local,Local,600.00,"1,200.00",900.00,Rs./Quintal,2.20,Metric Tonnes,10-11-2025
Maharashtra,Pune,Pune(Khadiki) APMC,Vegetables,Tomato,Local,Local,900.00,"1,400.00","1,150.00",Rs./Quintal,1.10,Metric Tonnes,10-08-2026
Maharashtra,Pune,Pune(Khadiki) APMC,Vegetables,Tomato,Local,Local,800.00,"1,200.00","1,000.00",Rs./Quintal,0.90,Metric Tonnes,10-07-2026
Maharashtra,Pune,Pune(Khadiki) APMC,Vegetables,Tomato,Local,Local,700.00,"1,300.00","1,000.00",Rs./Quintal,1.60,Metric Tonnes,10-06-2026
Maharashtra,Pune,Pune(Khadiki) APMC,Vegetables,Tomato,Local,Local,700.00,"1,100.00",900.00,Rs./Quintal,1.40,Metric Tonnes,10-04-2026
Maharashtra,Pune,Pune(Khadiki) APMC,Vegetables,Tomato,Local,Local,700.00,"1,300.00","1,000.00",Rs./Quintal,1.30,Metric Tonnes,10-02-2026
Maharashtra,Pune,Pune(Khadiki) APMC,Vegetables,Tomato,Local,Local,800.00,"1,300.00","1,050.00",Rs./Quintal,1.70,Metric Tonnes,10-01-2026
Maharashtra,Pune,Pune(Khadiki) APMC,Vegetables,Tomato,Local,Local,700.00,"1,100.00",900.00,Rs./Quintal,0.80,Metric Tonnes,09-11-2025
Maharashtra,Pune,Pune(Khadiki) APMC,Vegetables,Tomato,Local,Local,800.00,"1,300.00","1,050.00",Rs./Quintal,1.50,Metric Tonnes,09-08-2026
Maharashtra,Pune,Pune(Khadiki) APMC,Vegetables,Tomato,Local,Local,800.00,"1,300.00","1,050.00",Rs./Quintal,0.50,Metric Tonnes,09-07-2026
Maharashtra,Pune,Pune(Khadiki) APMC,Vegetables,Tomato,Local,Local,700.00,"1,200.00",950.00,Rs./Quintal,1.80,Metric Tonnes,09-06-2026
Maharashtra,Pune,Pune(Khadiki) APMC,Vegetables,Tomato,Local,Local,700.00,"1,200.00",950.00,Rs./Quintal,1.10,Metric Tonnes,09-04-2026
Maharashtra,Pune,Pune(Khadiki) APMC,Vegetables,Tomato,Local,Local,700.00,"1,200.00",950.00,Rs./Quintal,1.30,Metric Tonnes,09-03-2026
Maharashtra,Pune,Pune(Khadiki) APMC,Vegetables,Tomato,Local,Local,700.00,"1,300.00","1,000.00",Rs./Quintal,1.30,Metric Tonnes,09-02-2026
Maharashtra,Pune,Pune(Khadiki) APMC,Vegetables,Tomato,Local,Local,700.00,"1,300.00","1,000.00",Rs./Quintal,1.30,Metric Tonnes,08-08-2026
Maharashtra,Pune,Pune(Khadiki) APMC,Vegetables,Tomato,Local,Local,800.00,"1,300.00","1,050.00",Rs./Quintal,1.00,Metric Tonnes,08-07-2026
Maharashtra,Pune,Pune(Khadiki) APMC,Vegetables,Tomato,Local,Local,700.00,"1,200.00",950.00,Rs./Quintal,1.20,Metric Tonnes,08-05-2026
Maharashtra,Pune,Pune(Khadiki) APMC,Vegetables,Tomato,Local,Local,700.00,"1,200.00",950.00,Rs./Quintal,1.50,Metric Tonnes,08-04-2026
Maharashtra,Pune,Pune(Khadiki) APMC,Vegetables,Tomato,Local,Local,600.00,"1,200.00",900.00,Rs./Quintal,1.30,Metric Tonnes,08-03-2026
Maharashtra,Pune,Pune(Khadiki) APMC,Vegetables,Tomato,Local,Local,800.00,"1,300.00","1,050.00",Rs./Quintal,1.10,Metric Tonnes,08-02-2026
Maharashtra,Pune,Pune(Khadiki) APMC,Vegetables,Tomato,Local,Local,700.00,"1,300.00","1,000.00",Rs./Quintal,2.00,Metric Tonnes,07-12-2025
Maharashtra,Pune,Pune(Khadiki) APMC,Vegetables,Tomato,Local,Local,700.00,"1,300.00","1,000.00",Rs./Quintal,0.80,Metric Tonnes,07-08-2026
Maharashtra,Pune,Pune(Khadiki) APMC,Vegetables,Tomato,Local,Local,700.00,"1,300.00","1,000.00",Rs./Quintal,0.90,Metric Tonnes,07-07-2026
Maharashtra,Pune,Pune(Khadiki) APMC,Vegetables,Tomato,Local,Local,700.00,"1,300.00","1,000.00",Rs./Quintal,0.90,Metric Tonnes,07-06-2026
Maharashtra,Pune,Pune(Khadiki) APMC,Vegetables,Tomato,Local,Local,800.00,"1,300.00","1,050.00",Rs./Quintal,1.60,Metric Tonnes,07-05-2026
Maharashtra,Pune,Pune(Khadiki) APMC,Vegetables,Tomato,Local,Local,700.00,"1,200.00",950.00,Rs./Quintal,1.60,Metric Tonnes,07-04-2026
Maharashtra,Pune,Pune(Khadiki) APMC,Vegetables,Tomato,Local,Local,700.00,"1,200.00",950.00,Rs./Quintal,1.20,Metric Tonnes,07-03-2026
Maharashtra,Pune,Pune(Khadiki) APMC,Vegetables,Tomato,Local,Local,800.00,"1,200.00","1,000.00",Rs./Quintal,1.50,Metric Tonnes,07-02-2026
Maharashtra,Pune,Pune(Khadiki) APMC,Vegetables,Tomato,Local,Local,700.00,"1,300.00","1,000.00",Rs./Quintal,2.00,Metric Tonnes,06-12-2025
Maharashtra,Pune,Pune(Khadiki) APMC,Vegetables,Tomato,Local,Local,800.00,"1,300.00","1,050.00",Rs./Quintal,1.40,Metric Tonnes,06-08-2026
Maharashtra,Pune,Pune(Khadiki) APMC,Vegetables,Tomato,Local,Local,700.00,"1,300.00","1,000.00",Rs./Quintal,1.50,Metric Tonnes,06-07-2026
Maharashtra,Pune,Pune(Khadiki) APMC,Vegetables,Tomato,Local,Local,700.00,"1,200.00",950.00,Rs./Quintal,1.20,Metric Tonnes,06-04-2026
Maharashtra,Pune,Pune(Khadiki) APMC,Vegetables,Tomato,Local,Local,800.00,"1,300.00","1,050.00",Rs./Quintal,1.10,Metric Tonnes,06-02-2026
Maharashtra,Pune,Pune(Khadiki) APMC,Vegetables,Tomato,Local,Local,700.00,"1,300.00","1,000.00",Rs./Quintal,1.30,Metric Tonnes,06-01-2026
Maharashtra,Pune,Pune(Khadiki) APMC,Vegetables,Tomato,Local,Local,900.00,"1,300.00","1,100.00",Rs./Quintal,1.40,Metric Tonnes,05-08-2026
Maharashtra,Pune,Pune(Khadiki) APMC,Vegetables,Tomato,Local,Local,700.00,"1,200.00",950.00,Rs./Quintal,1.60,Metric Tonnes,05-07-2026
Maharashtra,Pune,Pune(Khadiki) APMC,Vegetables,Tomato,Local,Local,700.00,"1,200.00",950.00,Rs./Quintal,1.30,Metric Tonnes,05-04-2026
Maharashtra,Pune,Pune(Khadiki) APMC,Vegetables,Tomato,Local,Local,600.00,"1,300.00",950.00,Rs./Quintal,1.80,Metric Tonnes,05-03-2026
Maharashtra,Pune,Pune(Khadiki) APMC,Vegetables,Tomato,Local,Local,900.00,"1,300.00","1,050.00",Rs./Quintal,1.20,Metric Tonnes,05-02-2026
Maharashtra,Pune,Pune(Khadiki) APMC,Vegetables,Tomato,Local,Local,800.00,"1,300.00","1,050.00",Rs./Quintal,1.20,Metric Tonnes,04-08-2026
Maharashtra,Pune,Pune(Khadiki) APMC,Vegetables,Tomato,Local,Local,600.00,"1,200.00",900.00,Rs./Quintal,1.00,Metric Tonnes,04-07-2026
Maharashtra,Pune,Pune(Khadiki) APMC,Vegetables,Tomato,Local,Local,700.00,"1,200.00",950.00,Rs./Quintal,1.30,Metric Tonnes,04-06-2026
Maharashtra,Pune,Pune(Khadiki) APMC,Vegetables,Tomato,Local,Local,700.00,"1,300.00","1,000.00",Rs./Quintal,1.40,Metric Tonnes,04-02-2026
Maharashtra,Pune,Pune(Khadiki) APMC,Vegetables,Tomato,Local,Local,700.00,"1,300.00","1,000.00",Rs./Quintal,1.10,Metric Tonnes,03-08-2026
Maharashtra,Pune,Pune(Khadiki) APMC,Vegetables,Tomato,Local,Local,700.00,"1,300.00","1,000.00",Rs./Quintal,1.70,Metric Tonnes,03-07-2026
Maharashtra,Pune,Pune(Khadiki) APMC,Vegetables,Tomato,Local,Local,700.00,"1,300.00","1,000.00",Rs./Quintal,1.10,Metric Tonnes,03-05-2026
Maharashtra,Pune,Pune(Khadiki) APMC,Vegetables,Tomato,Local,Local,700.00,"1,200.00",950.00,Rs./Quintal,1.20,Metric Tonnes,03-04-2026
Maharashtra,Pune,Pune(Khadiki) APMC,Vegetables,Tomato,Local,Local,700.00,"1,200.00",950.00,Rs./Quintal,1.50,Metric Tonnes,03-01-2026
Maharashtra,Pune,Pune(Khadiki) APMC,Vegetables,Tomato,Local,Local,900.00,"1,300.00","1,150.00",Rs./Quintal,1.30,Metric Tonnes,02-08-2026
Maharashtra,Pune,Pune(Khadiki) APMC,Vegetables,Tomato,Local,Local,700.00,"1,200.00",950.00,Rs./Quintal,1.30,Metric Tonnes,02-07-2026
Maharashtra,Pune,Pune(Khadiki) APMC,Vegetables,Tomato,Local,Local,700.00,"1,200.00",950.00,Rs./Quintal,1.60,Metric Tonnes,02-06-2026
Maharashtra,Pune,Pune(Khadiki) APMC,Vegetables,Tomato,Local,Local,700.00,"1,200.00",950.00,Rs./Quintal,1.20,Metric Tonnes,02-04-2026
Maharashtra,Pune,Pune(Khadiki) APMC,Vegetables,Tomato,Local,Local,700.00,"1,300.00","1,000.00",Rs./Quintal,1.10,Metric Tonnes,02-03-2026
Maharashtra,Pune,Pune(Khadiki) APMC,Vegetables,Tomato,Local,Local,800.00,"1,300.00","1,050.00",Rs./Quintal,1.00,Metric Tonnes,02-02-2026
Maharashtra,Pune,Pune(Khadiki) APMC,Vegetables,Tomato,Local,Local,800.00,"1,300.00","1,050.00",Rs./Quintal,1.50,Metric Tonnes,01-08-2026
Maharashtra,Pune,Pune(Khadiki) APMC,Vegetables,Tomato,Local,Local,900.00,"1,300.00","1,100.00",Rs./Quintal,1.30,Metric Tonnes,01-07-2026
Maharashtra,Pune,Pune(Khadiki) APMC,Vegetables,Tomato,Local,Local,800.00,"1,100.00",950.00,Rs./Quintal,1.50,Metric Tonnes,01-06-2026
Maharashtra,Pune,Pune(Khadiki) APMC,Vegetables,Tomato,Local,Local,700.00,"1,200.00",950.00,Rs./Quintal,1.10,Metric Tonnes,01-03-2026
Maharashtra,Pune,Pune(Khadiki) APMC,Vegetables,Tomato,Local,Local,900.00,"1,300.00","1,100.00",Rs./Quintal,1.70,Metric Tonnes,01-02-2026
Maharashtra,Pune,Pune(Manjri) APMC,Vegetables,Tomato,Other,Local,"2,000.00","5,000.00","4,000.00",Rs./Quintal,36.40,Metric Tonnes,31-12-2025
Maharashtra,Pune,Pune(Manjri) APMC,Vegetables,Tomato,Other,Local,750.00,"2,000.00","1,200.00",Rs./Quintal,38.70,Metric Tonnes,31-07-2026
Maharashtra,Pune,Pune(Manjri) APMC,Vegetables,Tomato,Other,Local,"2,500.00","4,500.00","3,500.00",Rs./Quintal,55.70,Metric Tonnes,31-05-2026
Maharashtra,Pune,Pune(Manjri) APMC,Vegetables,Tomato,Other,Local,"1,000.00","2,000.00","1,500.00",Rs./Quintal,34.70,Metric Tonnes,31-03-2026
Maharashtra,Pune,Pune(Manjri) APMC,Vegetables,Tomato,Other,Local,"1,000.00","3,000.00","2,000.00",Rs./Quintal,60.80,Metric Tonnes,31-01-2026
Maharashtra,Pune,Pune(Manjri) APMC,Vegetables,Tomato,Other,Local,"2,800.00","4,000.00","3,500.00",Rs./Quintal,43.60,Metric Tonnes,30-12-2025
Maharashtra,Pune,Pune(Manjri) APMC,Vegetables,Tomato,Other,Local,"1,000.00","2,000.00","1,800.00",Rs./Quintal,57.10,Metric Tonnes,30-07-2026
Maharashtra,Pune,Pune(Manjri) APMC,Vegetables,Tomato,Other,Local,"2,000.00","4,000.00","3,000.00",Rs./Quintal,52.00,Metric Tonnes,30-06-2026
Maharashtra,Pune,Pune(Manjri) APMC,Vegetables,Tomato,Other,Local,"2,000.00","4,500.00","3,000.00",Rs./Quintal,55.70,Metric Tonnes,30-05-2026
Maharashtra,Pune,Pune(Manjri) APMC,Vegetables,Tomato,Other,Local,"2,000.00","4,000.00","3,000.00",Rs./Quintal,69.10,Metric Tonnes,30-04-2026
Maharashtra,Pune,Pune(Manjri) APMC,Vegetables,Tomato,Other,Local,"1,000.00","2,200.00","1,500.00",Rs./Quintal,39.10,Metric Tonnes,30-03-2026
Maharashtra,Pune,Pune(Manjri) APMC,Vegetables,Tomato,Other,Local,"1,500.00","3,000.00","2,000.00",Rs./Quintal,64.60,Metric Tonnes,30-01-2026
Maharashtra,Pune,Pune(Manjri) APMC,Vegetables,Tomato,Other,Local,"3,000.00","4,000.00","3,500.00",Rs./Quintal,41.00,Metric Tonnes,29-12-2025
Maharashtra,Pune,Pune(Manjri) APMC,Vegetables,Tomato,Other,Local,"2,000.00","3,000.00","2,500.00",Rs./Quintal,65.20,Metric Tonnes,29-11-2025
Maharashtra,Pune,Pune(Manjri) APMC,Vegetables,Tomato,Other,Local,"1,000.00","2,500.00","1,800.00",Rs./Quintal,55.10,Metric Tonnes,29-07-2026
Maharashtra,Pune,Pune(Manjri) APMC,Vegetables,Tomato,Other,Local,"1,500.00","3,500.00","2,500.00",Rs./Quintal,38.10,Metric Tonnes,29-06-2026
Maharashtra,Pune,Pune(Manjri) APMC,Vegetables,Tomato,Other,Local,"2,000.00","4,000.00","3,000.00",Rs./Quintal,47.50,Metric Tonnes,29-05-2026
Maharashtra,Pune,Pune(Manjri) APMC,Vegetables,Tomato,Other,Local,"1,500.00","3,500.00","2,500.00",Rs./Quintal,50.10,Metric Tonnes,29-04-2026
Maharashtra,Pune,Pune(Manjri) APMC,Vegetables,Tomato,Other,Local,"1,000.00","2,700.00","1,500.00",Rs./Quintal,40.70,Metric Tonnes,29-03-2026
Maharashtra,Pune,Pune(Manjri) APMC,Vegetables,Tomato,Other,Local,"2,000.00","4,000.00","3,000.00",Rs./Quintal,48.00,Metric Tonnes,28-12-2025
Maharashtra,Pune,Pune(Manjri) APMC,Vegetables,Tomato,Other,Local,"1,000.00","3,000.00","2,000.00",Rs./Quintal,53.80,Metric Tonnes,28-11-2025
Maharashtra,Pune,Pune(Manjri) APMC,Vegetables,Tomato,Other,Local,"1,000.00","2,000.00","1,500.00",Rs./Quintal,60.50,Metric Tonnes,28-07-2026
Maharashtra,Pune,Pune(Manjri) APMC,Vegetables,Tomato,Other,Local,"1,000.00","2,500.00","1,500.00",Rs./Quintal,59.00,Metric Tonnes,28-06-2026
Maharashtra,Pune,Pune(Manjri) APMC,Vegetables,Tomato,Other,Local,"2,500.00","4,500.00","3,500.00",Rs./Quintal,44.60,Metric Tonnes,28-05-2026
Maharashtra,Pune,Pune(Manjri) APMC,Vegetables,Tomato,Other,Local,"1,500.00","3,000.00","2,000.00",Rs./Quintal,42.30,Metric Tonnes,28-04-2026
Maharashtra,Pune,Pune(Manjri) APMC,Vegetables,Tomato,Other,Local,"1,000.00","2,700.00","2,000.00",Rs./Quintal,38.40,Metric Tonnes,28-03-2026
Maharashtra,Pune,Pune(Manjri) APMC,Vegetables,Tomato,Other,Local,"1,000.00","2,000.00","1,500.00",Rs./Quintal,42.40,Metric Tonnes,28-02-2026
Maharashtra,Pune,Pune(Manjri) APMC,Vegetables,Tomato,Other,Local,"1,500.00","3,500.00","2,500.00",Rs./Quintal,51.00,Metric Tonnes,28-01-2026
Maharashtra,Pune,Pune(Manjri) APMC,Vegetables,Tomato,Other,Local,"3,000.00","5,000.00","4,000.00",Rs./Quintal,55.30,Metric Tonnes,27-12-2025
Maharashtra,Pune,Pune(Manjri) APMC,Vegetables,Tomato,Other,Local,"2,000.00","4,000.00","3,000.00",Rs./Quintal,54.40,Metric Tonnes,27-11-2025
Maharashtra,Pune,Pune(Manjri) APMC,Vegetables,Tomato,Other,Local,"1,000.00","2,000.00","1,500.00",Rs./Quintal,57.50,Metric Tonnes,27-07-2026
Maharashtra,Pune,Pune(Manjri) APMC,Vegetables,Tomato,Other,Local,500.00,"2,500.00","1,500.00",Rs./Quintal,59.00,Metric Tonnes,27-06-2026
Maharashtra,Pune,Pune(Manjri) APMC,Vegetables,Tomato,Other,Local,"2,500.00","5,000.00","3,500.00",Rs./Quintal,38.10,Metric Tonnes,27-05-2026
Maharashtra,Pune,Pune(Manjri) APMC,Vegetables,Tomato,Other,Local,"1,500.00","3,000.00","2,000.00",Rs./Quintal,52.80,Metric Tonnes,27-04-2026
Maharashtra,Pune,Pune(Manjri) APMC,Vegetables,Tomato,Other,Local,"1,000.00","2,000.00","1,500.00",Rs./Quintal,41.60,Metric Tonnes,27-02-2026
Maharashtra,Pune,Pune(Manjri) APMC,Vegetables,Tomato,Other,Local,"1,000.00","2,500.00","2,000.00",Rs./Quintal,53.20,Metric Tonnes,27-01-2026
Maharashtra,Pune,Pune(Manjri) APMC,Vegetables,Tomato,Other,Local,"2,000.00","4,000.00","3,000.00",Rs./Quintal,49.00,Metric Tonnes,26-12-2025
Maharashtra,Pune,Pune(Manjri) APMC,Vegetables,Tomato,Other,Local,"2,000.00","5,000.00","4,000.00",Rs./Quintal,49.80,Metric Tonnes,26-11-2025
Maharashtra,Pune,Pune(Manjri) APMC,Vegetables,Tomato,Other,Local,"1,000.00","3,000.00","2,000.00",Rs./Quintal,70.00,Metric Tonnes,26-07-2026
Maharashtra,Pune,Pune(Manjri) APMC,Vegetables,Tomato,Other,Local,500.00,"2,500.00","1,500.00",Rs./Quintal,56.70,Metric Tonnes,26-06-2026
Maharashtra,Pune,Pune(Manjri) APMC,Vegetables,Tomato,Other,Local,"1,500.00","3,500.00","2,500.00",Rs./Quintal,60.00,Metric Tonnes,26-05-2026
Maharashtra,Pune,Pune(Manjri) APMC,Vegetables,Tomato,Other,Local,"1,000.00","2,000.00","1,500.00",Rs./Quintal,51.80,Metric Tonnes,26-04-2026
Maharashtra,Pune,Pune(Manjri) APMC,Vegetables,Tomato,Other,Local,"1,500.00","2,500.00","2,000.00",Rs./Quintal,42.60,Metric Tonnes,26-02-2026
Maharashtra,Pune,Pune(Manjri) APMC,Vegetables,Tomato,Other,Local,"3,000.00","5,000.00","4,000.00",Rs./Quintal,42.90,Metric Tonnes,25-12-2025
Maharashtra,Pune,Pune(Manjri) APMC,Vegetables,Tomato,Other,Local,"2,000.00","4,000.00","3,000.00",Rs./Quintal,55.40,Metric Tonnes,25-11-2025
Maharashtra,Pune,Pune(Manjri) APMC,Vegetables,Tomato,Other,Local,"1,000.00","2,500.00","1,500.00",Rs./Quintal,48.00,Metric Tonnes,25-07-2026
Maharashtra,Pune,Pune(Manjri) APMC,Vegetables,Tomato,Other,Local,"1,500.00","3,000.00","2,000.00",Rs./Quintal,55.50,Metric Tonnes,25-06-2026
Maharashtra,Pune,Pune(Manjri) APMC,Vegetables,Tomato,Other,Local,"2,000.00","4,000.00","3,000.00",Rs./Quintal,50.30,Metric Tonnes,25-05-2026
Maharashtra,Pune,Pune(Manjri) APMC,Vegetables,Tomato,Other,Local,"1,000.00","2,200.00","1,500.00",Rs./Quintal,61.20,Metric Tonnes,25-04-2026
Maharashtra,Pune,Pune(Manjri) APMC,Vegetables,Tomato,Other,Local,"1,000.00","2,000.00","1,500.00",Rs./Quintal,35.70,Metric Tonnes,25-03-2026
Maharashtra,Pune,Pune(Manjri) APMC,Vegetables,Tomato,Other,Local,"1,000.00","1,500.00","1,200.00",Rs./Quintal,41.10,Metric Tonnes,25-02-2026
Maharashtra,Pune,Pune(Manjri) APMC,Vegetables,Tomato,Other,Local,700.00,"2,000.00","1,500.00",Rs./Quintal,58.90,Metric Tonnes,25-01-2026
Maharashtra,Pune,Pune(Manjri) APMC,Vegetables,Tomato,Other,Local,"3,000.00","5,000.00","4,000.00",Rs./Quintal,45.30,Metric Tonnes,24-12-2025
Maharashtra,Pune,Pune(Manjri) APMC,Vegetables,Tomato,Other,Local,"2,000.00","6,000.00","4,000.00",Rs./Quintal,57.90,Metric Tonnes,24-11-2025
Maharashtra,Pune,Pune(Manjri) APMC,Vegetables,Tomato,Other,Local,400.00,"2,000.00","1,500.00",Rs./Quintal,38.90,Metric Tonnes,24-07-2026
Maharashtra,Pune,Pune(Manjri) APMC,Vegetables,Tomato,Other,Local,"1,500.00","3,000.00","2,000.00",Rs./Quintal,43.50,Metric Tonnes,24-06-2026
Maharashtra,Pune,Pune(Manjri) APMC,Vegetables,Tomato,Other,Local,"2,000.00","4,000.00","3,000.00",Rs./Quintal,49.40,Metric Tonnes,24-05-2026
Maharashtra,Pune,Pune(Manjri) APMC,Vegetables,Tomato,Other,Local,700.00,"2,000.00","1,500.00",Rs./Quintal,56.10,Metric Tonnes,24-04-2026
Maharashtra,Pune,Pune(Manjri) APMC,Vegetables,Tomato,Other,Local,"1,000.00","2,000.00","1,500.00",Rs./Quintal,34.10,Metric Tonnes,24-03-2026
Maharashtra,Pune,Pune(Manjri) APMC,Vegetables,Tomato,Other,Local,800.00,"2,000.00","1,500.00",Rs./Quintal,49.30,Metric Tonnes,24-02-2026
Maharashtra,Pune,Pune(Manjri) APMC,Vegetables,Tomato,Other,Local,"1,000.00","2,500.00","1,500.00",Rs./Quintal,52.00,Metric Tonnes,24-01-2026
Maharashtra,Pune,Pune(Manjri) APMC,Vegetables,Tomato,Other,Local,"3,000.00","5,000.00","4,000.00",Rs./Quintal,49.90,Metric Tonnes,23-12-2025
Maharashtra,Pune,Pune(Manjri) APMC,Vegetables,Tomato,Other,Local,"2,000.00","4,000.00","3,000.00",Rs./Quintal,51.60,Metric Tonnes,23-11-2025
Maharashtra,Pune,Pune(Manjri) APMC,Vegetables,Tomato,Other,Local,"1,000.00","2,500.00","1,500.00",Rs./Quintal,50.80,Metric Tonnes,23-07-2026
Maharashtra,Pune,Pune(Manjri) APMC,Vegetables,Tomato,Other,Local,"1,500.00","3,000.00","2,500.00",Rs./Quintal,55.90,Metric Tonnes,23-06-2026
Maharashtra,Pune,Pune(Manjri) APMC,Vegetables,Tomato,Other,Local,"1,500.00","3,500.00","2,500.00",Rs./Quintal,51.10,Metric Tonnes,23-05-2026
Maharashtra,Pune,Pune(Manjri) APMC,Vegetables,Tomato,Other,Local,"1,000.00","2,500.00","1,800.00",Rs./Quintal,54.00,Metric Tonnes,23-04-2026
Maharashtra,Pune,Pune(Manjri) APMC,Vegetables,Tomato,Other,Local,500.00,"1,500.00","1,200.00",Rs./Quintal,39.00,Metric Tonnes,23-03-2026
Maharashtra,Pune,Pune(Manjri) APMC,Vegetables,Tomato,Other,Local,"1,000.00","2,000.00","1,500.00",Rs./Quintal,46.70,Metric Tonnes,23-02-2026
Maharashtra,Pune,Pune(Manjri) APMC,Vegetables,Tomato,Other,Local,"1,500.00","2,500.00","2,000.00",Rs./Quintal,39.80,Metric Tonnes,23-01-2026
Maharashtra,Pune,Pune(Manjri) APMC,Vegetables,Tomato,Other,Local,"3,000.00","4,000.00","3,500.00",Rs./Quintal,45.60,Metric Tonnes,22-12-2025
Maharashtra,Pune,Pune(Manjri) APMC,Vegetables,Tomato,Other,Local,"2,000.00","5,000.00","4,000.00",Rs./Quintal,51.20,Metric Tonnes,22-11-2025
Maharashtra,Pune,Pune(Manjri) APMC,Vegetables,Tomato,Other,Local,"1,000.00","2,000.00","1,500.00",Rs./Quintal,38.40,Metric Tonnes,22-07-2026
Maharashtra,Pune,Pune(Manjri) APMC,Vegetables,Tomato,Other,Local,"1,500.00","3,500.00","2,500.00",Rs./Quintal,54.30,Metric Tonnes,22-06-2026
Maharashtra,Pune,Pune(Manjri) APMC,Vegetables,Tomato,Other,Local,"1,000.00","3,000.00","2,500.00",Rs./Quintal,53.20,Metric Tonnes,22-05-2026
Maharashtra,Pune,Pune(Manjri) APMC,Vegetables,Tomato,Other,Local,"1,000.00","2,000.00","1,500.00",Rs./Quintal,49.70,Metric Tonnes,22-04-2026
Maharashtra,Pune,Pune(Manjri) APMC,Vegetables,Tomato,Other,Local,500.00,"1,500.00","1,000.00",Rs./Quintal,41.90,Metric Tonnes,22-03-2026
Maharashtra,Pune,Pune(Manjri) APMC,Vegetables,Tomato,Other,Local,800.00,"1,500.00","1,000.00",Rs./Quintal,47.40,Metric Tonnes,22-02-2026
Maharashtra,Pune,Pune(Manjri) APMC,Vegetables,Tomato,Other,Local,"1,000.00","3,000.00","2,000.00",Rs./Quintal,40.00,Metric Tonnes,22-01-2026
Maharashtra,Pune,Pune(Manjri) APMC,Vegetables,Tomato,Other,Local,"2,000.00","5,000.00","4,000.00",Rs./Quintal,57.90,Metric Tonnes,21-12-2025
Maharashtra,Pune,Pune(Manjri) APMC,Vegetables,Tomato,Other,Local,"2,000.00","4,000.00","3,000.00",Rs./Quintal,51.60,Metric Tonnes,21-11-2025
Maharashtra,Pune,Pune(Manjri) APMC,Vegetables,Tomato,Other,Local,500.00,"1,500.00","1,000.00",Rs./Quintal,61.20,Metric Tonnes,21-08-2026
Maharashtra,Pune,Pune(Manjri) APMC,Vegetables,Tomato,Other,Local,"1,000.00","2,500.00","1,500.00",Rs./Quintal,54.70,Metric Tonnes,21-07-2026
Maharashtra,Pune,Pune(Manjri) APMC,Vegetables,Tomato,Other,Local,"1,500.00","3,500.00","2,500.00",Rs./Quintal,62.30,Metric Tonnes,21-06-2026
Maharashtra,Pune,Pune(Manjri) APMC,Vegetables,Tomato,Other,Local,"1,500.00","3,500.00","2,500.00",Rs./Quintal,51.80,Metric Tonnes,21-05-2026
Maharashtra,Pune,Pune(Manjri) APMC,Vegetables,Tomato,Other,Local,800.00,"1,700.00","1,200.00",Rs./Quintal,50.10,Metric Tonnes,21-04-2026
Maharashtra,Pune,Pune(Manjri) APMC,Vegetables,Tomato,Other,Local,"1,200.00","3,000.00","2,000.00",Rs./Quintal,54.60,Metric Tonnes,21-03-2026
Maharashtra,Pune,Pune(Manjri) APMC,Vegetables,Tomato,Other,Local,700.00,"2,000.00","1,600.00",Rs./Quintal,48.40,Metric Tonnes,21-02-2026
Maharashtra,Pune,Pune(Manjri) APMC,Vegetables,Tomato,Other,Local,"1,000.00","3,000.00","1,500.00",Rs./Quintal,43.00,Metric Tonnes,21-01-2026
Maharashtra,Pune,Pune(Manjri) APMC,Vegetables,Tomato,Other,Local,"3,000.00","5,000.00","4,000.00",Rs./Quintal,51.70,Metric Tonnes,20-12-2025
Maharashtra,Pune,Pune(Manjri) APMC,Vegetables,Tomato,Other,Local,"2,000.00","4,000.00","3,000.00",Rs./Quintal,48.50,Metric Tonnes,20-11-2025
Maharashtra,Pune,Pune(Manjri) APMC,Vegetables,Tomato,Other,Local,500.00,"1,500.00","1,000.00",Rs./Quintal,65.20,Metric Tonnes,20-08-2026
Maharashtra,Pune,Pune(Manjri) APMC,Vegetables,Tomato,Other,Local,"1,500.00","3,000.00","2,000.00",Rs./Quintal,60.00,Metric Tonnes,20-07-2026
Maharashtra,Pune,Pune(Manjri) APMC,Vegetables,Tomato,Other,Local,"2,500.00","4,000.00","3,000.00",Rs./Quintal,55.10,Metric Tonnes,20-06-2026
Maharashtra,Pune,Pune(Manjri) APMC,Vegetables,Tomato,Other,Local,"2,000.00","4,000.00","3,000.00",Rs./Quintal,51.40,Metric Tonnes,20-05-2026
Maharashtra,Pune,Pune(Manjri) APMC,Vegetables,Tomato,Other,Local,"1,200.00","2,500.00","1,700.00",Rs./Quintal,62.70,Metric Tonnes,20-04-2026
Maharashtra,Pune,Pune(Manjri) APMC,Vegetables,Tomato,Other,Local,"1,500.00","3,500.00","2,500.00",Rs./Quintal,34.00,Metric Tonnes,20-03-2026
Maharashtra,Pune,Pune(Manjri) APMC,Vegetables,Tomato,Other,Local,800.00,"1,700.00","1,200.00",Rs./Quintal,46.90,Metric Tonnes,20-02-2026
Maharashtra,Pune,Pune(Manjri) APMC,Vegetables,Tomato,Other,Local,"1,500.00","2,500.00","2,000.00",Rs./Quintal,53.30,Metric Tonnes,20-01-2026
Maharashtra,Pune,Pune(Manjri) APMC,Vegetables,Tomato,Other,Local,"3,000.00","5,000.00","4,000.00",Rs./Quintal,45.00,Metric Tonnes,19-12-2025
Maharashtra,Pune,Pune(Manjri) APMC,Vegetables,Tomato,Other,Local,"1,500.00","3,500.00","2,500.00",Rs./Quintal,50.80,Metric Tonnes,19-11-2025
Maharashtra,Pune,Pune(Manjri) APMC,Vegetables,Tomato,Other,Local,"1,000.00","2,000.00","1,500.00",Rs./Quintal,64.60,Metric Tonnes,19-08-2026
Maharashtra,Pune,Pune(Manjri) APMC,Vegetables,Tomato,Other,Local,"1,000.00","2,000.00","1,500.00",Rs./Quintal,59.70,Metric Tonnes,19-07-2026
Maharashtra,Pune,Pune(Manjri) APMC,Vegetables,Tomato,Other,Local,"2,000.00","4,000.00","3,000.00",Rs./Quintal,46.60,Metric Tonnes,19-06-2026
Maharashtra,Pune,Pune(Manjri) APMC,Vegetables,Tomato,Other,Local,"2,500.00","4,200.00","3,500.00",Rs./Quintal,45.20,Metric Tonnes,19-05-2026
Maharashtra,Pune,Pune(Manjri) APMC,Vegetables,Tomato,Other,Local,"1,500.00","3,000.00","2,000.00",Rs./Quintal,46.50,Metric Tonnes,19-04-2026
Maharashtra,Pune,Pune(Manjri) APMC,Vegetables,Tomato,Other,Local,"1,000.00","2,500.00","2,000.00",Rs./Quintal,25.30,Metric Tonnes,19-03-2026
Maharashtra,Pune,Pune(Manjri) APMC,Vegetables,Tomato,Other,Local,"1,000.00","1,700.00","1,200.00",Rs./Quintal,41.80,Metric Tonnes,19-02-2026
Maharashtra,Pune,Pune(Manjri) APMC,Vegetables,Tomato,Other,Local,"1,000.00","3,000.00","2,200.00",Rs./Quintal,49.40,Metric Tonnes,19-01-2026
Maharashtra,Pune,Pune(Manjri) APMC,Vegetables,Tomato,Other,Local,"2,000.00","5,000.00","4,000.00",Rs./Quintal,42.70,Metric Tonnes,18-12-2025
Maharashtra,Pune,Pune(Manjri) APMC,Vegetables,Tomato,Other,Local,"2,000.00","4,000.00","3,000.00",Rs./Quintal,54.40,Metric Tonnes,18-11-2025
Maharashtra,Pune,Pune(Manjri) APMC,Vegetables,Tomato,Other,Local,"1,000.00","2,000.00","1,500.00",Rs./Quintal,67.80,Metric Tonnes,18-08-2026
Maharashtra,Pune,Pune(Manjri) APMC,Vegetables,Tomato,Other,Local,"1,500.00","3,000.00","2,500.00",Rs./Quintal,60.10,Metric Tonnes,18-07-2026
Maharashtra,Pune,Pune(Manjri) APMC,Vegetables,Tomato,Other,Local,"2,000.00","4,000.00","3,000.00",Rs./Quintal,51.50,Metric Tonnes,18-06-2026
Maharashtra,Pune,Pune(Manjri) APMC,Vegetables,Tomato,Other,Local,"2,000.00","4,000.00","2,800.00",Rs./Quintal,53.10,Metric Tonnes,18-05-2026
Maharashtra,Pune,Pune(Manjri) APMC,Vegetables,Tomato,Other,Local,"1,500.00","2,200.00","1,800.00",Rs./Quintal,63.00,Metric Tonnes,18-04-2026
Maharashtra,Pune,Pune(Manjri) APMC,Vegetables,Tomato,Other,Local,"1,000.00","2,000.00","1,500.00",Rs./Quintal,31.20,Metric Tonnes,18-03-2026
Maharashtra,Pune,Pune(Manjri) APMC,Vegetables,Tomato,Other,Local,500.00,"2,000.00","1,500.00",Rs./Quintal,48.40,Metric Tonnes,18-02-2026
Maharashtra,Pune,Pune(Manjri) APMC,Vegetables,Tomato,Other,Local,800.00,"3,000.00","2,000.00",Rs./Quintal,55.30,Metric Tonnes,18-01-2026
Maharashtra,Pune,Pune(Manjri) APMC,Vegetables,Tomato,Other,Local,"4,000.00","6,000.00","5,000.00",Rs./Quintal,44.50,Metric Tonnes,17-12-2025
Maharashtra,Pune,Pune(Manjri) APMC,Vegetables,Tomato,Other,Local,"1,500.00","4,000.00","3,000.00",Rs./Quintal,53.30,Metric Tonnes,17-11-2025
Maharashtra,Pune,Pune(Manjri) APMC,Vegetables,Tomato,Other,Local,"1,000.00","2,500.00","2,000.00",Rs./Quintal,54.80,Metric Tonnes,17-08-2026
Maharashtra,Pune,Pune(Manjri) APMC,Vegetables,Tomato,Other,Local,"1,500.00","3,000.00","2,500.00",Rs./Quintal,51.70,Metric Tonnes,17-07-2026
Maharashtra,Pune,Pune(Manjri) APMC,Vegetables,Tomato,Other,Local,"2,000.00","4,000.00","3,000.00",Rs./Quintal,59.70,Metric Tonnes,17-06-2026
Maharashtra,Pune,Pune(Manjri) APMC,Vegetables,Tomato,Other,Local,"1,500.00","3,000.00","2,000.00",Rs./Quintal,47.10,Metric Tonnes,17-04-2026
Maharashtra,Pune,Pune(Manjri) APMC,Vegetables,Tomato,Other,Local,"1,000.00","2,200.00","1,800.00",Rs./Quintal,57.30,Metric Tonnes,17-02-2026
Maharashtra,Pune,Pune(Manjri) APMC,Vegetables,Tomato,Other,Local,"1,000.00","3,000.00","2,000.00",Rs./Quintal,67.80,Metric Tonnes,17-01-2026
Maharashtra,Pune,Pune(Manjri) APMC,Vegetables,Tomato,Other,Local,"4,000.00","6,000.00","5,000.00",Rs./Quintal,43.90,Metric Tonnes,16-12-2025
Maharashtra,Pune,Pune(Manjri) APMC,Vegetables,Tomato,Other,Local,"1,500.00","3,500.00","2,500.00",Rs./Quintal,48.50,Metric Tonnes,16-11-2025
Maharashtra,Pune,Pune(Manjri) APMC,Vegetables,Tomato,Other,Local,"1,000.00","3,000.00","2,000.00",Rs./Quintal,76.90,Metric Tonnes,16-08-2026
Maharashtra,Pune,Pune(Manjri) APMC,Vegetables,Tomato,Other,Local,"1,500.00","2,500.00","2,000.00",Rs./Quintal,57.60,Metric Tonnes,16-07-2026
Maharashtra,Pune,Pune(Manjri) APMC,Vegetables,Tomato,Other,Local,"2,500.00","5,000.00","3,500.00",Rs./Quintal,57.40,Metric Tonnes,16-06-2026
Maharashtra,Pune,Pune(Manjri) APMC,Vegetables,Tomato,Other,Local,"1,500.00","4,000.00","2,500.00",Rs./Quintal,65.90,Metric Tonnes,16-05-2026
Maharashtra,Pune,Pune(Manjri) APMC,Vegetables,Tomato,Other,Local,"1,000.00","2,000.00","1,500.00",Rs./Quintal,36.20,Metric Tonnes,16-03-2026
Maharashtra,Pune,Pune(Manjri) APMC,Vegetables,Tomato,Other,Local,"1,200.00","2,500.00","2,000.00",Rs./Quintal,58.50,Metric Tonnes,16-02-2026
Maharashtra,Pune,Pune(Manjri) APMC,Vegetables,Tomato,Other,Local,"2,000.00","3,000.00","2,500.00",Rs./Quintal,52.70,Metric Tonnes,16-01-2026
Maharashtra,Pune,Pune(Manjri) APMC,Vegetables,Tomato,Other,Local,"2,000.00","5,000.00","4,000.00",Rs./Quintal,44.10,Metric Tonnes,15-12-2025
Maharashtra,Pune,Pune(Manjri) APMC,Vegetables,Tomato,Other,Local,"1,500.00","3,500.00","2,500.00",Rs./Quintal,53.70,Metric Tonnes,15-11-2025
Maharashtra,Pune,Pune(Manjri) APMC,Vegetables,Tomato,Other,Local,"1,000.00","2,000.00","1,500.00",Rs./Quintal,58.30,Metric Tonnes,15-07-2026
Maharashtra,Pune,Pune(Manjri) APMC,Vegetables,Tomato,Other,Local,"2,000.00","5,000.00","4,000.00",Rs./Quintal,43.30,Metric Tonnes,15-06-2026
Maharashtra,Pune,Pune(Manjri) APMC,Vegetables,Tomato,Other,Local,"1,500.00","3,500.00","2,500.00",Rs./Quintal,49.50,Metric Tonnes,15-05-2026
Maharashtra,Pune,Pune(Manjri) APMC,Vegetables,Tomato,Other,Local,700.00,"2,000.00","1,500.00",Rs./Quintal,47.20,Metric Tonnes,15-04-2026
Maharashtra,Pune,Pune(Manjri) APMC,Vegetables,Tomato,Other,Local,"1,000.00","2,500.00","1,500.00",Rs./Quintal,38.20,Metric Tonnes,15-03-2026
Maharashtra,Pune,Pune(Manjri) APMC,Vegetables,Tomato,Other,Local,"1,000.00","2,500.00","1,600.00",Rs./Quintal,31.30,Metric Tonnes,15-02-2026
Maharashtra,Pune,Pune(Manjri) APMC,Vegetables,Tomato,Other,Local,"2,000.00","5,000.00","4,000.00",Rs./Quintal,49.50,Metric Tonnes,14-12-2025
Maharashtra,Pune,Pune(Manjri) APMC,Vegetables,Tomato,Other,Local,"2,000.00","3,000.00","2,500.00",Rs./Quintal,50.70,Metric Tonnes,14-11-2025
Maharashtra,Pune,Pune(Manjri) APMC,Vegetables,Tomato,Other,Local,500.00,"2,000.00","1,500.00",Rs./Quintal,72.00,Metric Tonnes,14-08-2026
Maharashtra,Pune,Pune(Manjri) APMC,Vegetables,Tomato,Other,Local,"1,000.00","2,000.00","1,500.00",Rs./Quintal,64.60,Metric Tonnes,14-07-2026
Maharashtra,Pune,Pune(Manjri) APMC,Vegetables,Tomato,Other,Local,"1,500.00","4,000.00","2,500.00",Rs./Quintal,49.30,Metric Tonnes,14-06-2026
Maharashtra,Pune,Pune(Manjri) APMC,Vegetables,Tomato,Other,Local,"2,500.00","5,000.00","3,500.00",Rs./Quintal,45.30,Metric Tonnes,14-05-2026
Maharashtra,Pune,Pune(Manjri) APMC,Vegetables,Tomato,Other,Local,"1,000.00","3,000.00","1,800.00",Rs./Quintal,40.50,Metric Tonnes,14-04-2026
Maharashtra,Pune,Pune(Manjri) APMC,Vegetables,Tomato,Other,Local,"1,000.00","2,500.00","1,500.00",Rs./Quintal,43.00,Metric Tonnes,14-03-2026
Maharashtra,Pune,Pune(Manjri) APMC,Vegetables,Tomato,Other,Local,"1,000.00","2,500.00","1,500.00",Rs./Quintal,44.90,Metric Tonnes,14-02-2026
Maharashtra,Pune,Pune(Manjri) APMC,Vegetables,Tomato,Other,Local,"2,000.00","3,500.00","2,500.00",Rs./Quintal,34.30,Metric Tonnes,14-01-2026
Maharashtra,Pune,Pune(Manjri) APMC,Vegetables,Tomato,Other,Local,"2,000.00","4,000.00","3,000.00",Rs./Quintal,41.00,Metric Tonnes,13-12-2025
Maharashtra,Pune,Pune(Manjri) APMC,Vegetables,Tomato,Other,Local,"1,500.00","3,500.00","2,500.00",Rs./Quintal,51.70,Metric Tonnes,13-11-2025
Maharashtra,Pune,Pune(Manjri) APMC,Vegetables,Tomato,Other,Local,"1,000.00","2,000.00","1,500.00",Rs./Quintal,67.10,Metric Tonnes,13-08-2026
Maharashtra,Pune,Pune(Manjri) APMC,Vegetables,Tomato,Other,Local,"1,000.00","3,000.00","2,000.00",Rs./Quintal,72.60,Metric Tonnes,13-07-2026
Maharashtra,Pune,Pune(Manjri) APMC,Vegetables,Tomato,Other,Local,"1,500.00","4,000.00","2,500.00",Rs./Quintal,49.30,Metric Tonnes,13-06-2026
Maharashtra,Pune,Pune(Manjri) APMC,Vegetables,Tomato,Other,Local,"2,000.00","4,500.00","3,000.00",Rs./Quintal,43.90,Metric Tonnes,13-05-2026
Maharashtra,Pune,Pune(Manjri) APMC,Vegetables,Tomato,Other,Local,"1,500.00","3,500.00","2,500.00",Rs./Quintal,34.90,Metric Tonnes,13-04-2026
Maharashtra,Pune,Pune(Manjri) APMC,Vegetables,Tomato,Other,Local,"1,000.00","2,500.00","1,500.00",Rs./Quintal,39.10,Metric Tonnes,13-03-2026
Maharashtra,Pune,Pune(Manjri) APMC,Vegetables,Tomato,Other,Local,"1,000.00","2,000.00","1,500.00",Rs./Quintal,35.80,Metric Tonnes,13-02-2026
Maharashtra,Pune,Pune(Manjri) APMC,Vegetables,Tomato,Other,Local,"2,000.00","4,000.00","3,000.00",Rs./Quintal,36.90,Metric Tonnes,13-01-2026
Maharashtra,Pune,Pune(Manjri) APMC,Vegetables,Tomato,Other,Local,"2,000.00","3,000.00","2,500.00",Rs./Quintal,43.20,Metric Tonnes,12-12-2025
Maharashtra,Pune,Pune(Manjri) APMC,Vegetables,Tomato,Other,Local,"2,000.00","4,000.00","3,000.00",Rs./Quintal,44.30,Metric Tonnes,12-11-2025
Maharashtra,Pune,Pune(Manjri) APMC,Vegetables,Tomato,Other,Local,"1,000.00","2,000.00","1,500.00",Rs./Quintal,39.90,Metric Tonnes,12-08-2026
Maharashtra,Pune,Pune(Manjri) APMC,Vegetables,Tomato,Other,Local,"1,500.00","3,000.00","2,000.00",Rs./Quintal,75.50,Metric Tonnes,12-07-2026
Maharashtra,Pune,Pune(Manjri) APMC,Vegetables,Tomato,Other,Local,"1,500.00","4,000.00","2,500.00",Rs./Quintal,47.50,Metric Tonnes,12-06-2026
Maharashtra,Pune,Pune(Manjri) APMC,Vegetables,Tomato,Other,Local,"1,500.00","3,500.00","2,000.00",Rs./Quintal,48.60,Metric Tonnes,12-05-2026
Maharashtra,Pune,Pune(Manjri) APMC,Vegetables,Tomato,Other,Local,"1,500.00","2,500.00","2,000.00",Rs./Quintal,39.00,Metric Tonnes,12-04-2026
Maharashtra,Pune,Pune(Manjri) APMC,Vegetables,Tomato,Other,Local,"1,000.00","2,500.00","2,000.00",Rs./Quintal,37.80,Metric Tonnes,12-03-2026
Maharashtra,Pune,Pune(Manjri) APMC,Vegetables,Tomato,Other,Local,"1,000.00","2,800.00","2,000.00",Rs./Quintal,40.40,Metric Tonnes,12-02-2026
Maharashtra,Pune,Pune(Manjri) APMC,Vegetables,Tomato,Other,Local,"1,500.00","2,500.00","2,000.00",Rs./Quintal,46.20,Metric Tonnes,12-01-2026
Maharashtra,Pune,Pune(Manjri) APMC,Vegetables,Tomato,Other,Local,"2,000.00","4,000.00","3,000.00",Rs./Quintal,51.40,Metric Tonnes,11-12-2025
Maharashtra,Pune,Pune(Manjri) APMC,Vegetables,Tomato,Other,Local,"1,000.00","4,000.00","2,500.00",Rs./Quintal,48.10,Metric Tonnes,11-11-2025
Maharashtra,Pune,Pune(Manjri) APMC,Vegetables,Tomato,Other,Local,"1,000.00","2,500.00","1,500.00",Rs./Quintal,48.00,Metric Tonnes,11-08-2026
Maharashtra,Pune,Pune(Manjri) APMC,Vegetables,Tomato,Other,Local,"1,500.00","2,500.00","2,000.00",Rs./Quintal,24.80,Metric Tonnes,11-07-2026
Maharashtra,Pune,Pune(Manjri) APMC,Vegetables,Tomato,Other,Local,"1,500.00","4,000.00","2,500.00",Rs./Quintal,51.70,Metric Tonnes,11-06-2026
Maharashtra,Pune,Pune(Manjri) APMC,Vegetables,Tomato,Other,Local,"1,500.00","3,500.00","2,500.00",Rs./Quintal,52.00,Metric Tonnes,11-05-2026
Maharashtra,Pune,Pune(Manjri) APMC,Vegetables,Tomato,Other,Local,"1,000.00","2,000.00","1,500.00",Rs./Quintal,47.70,Metric Tonnes,11-04-2026
Maharashtra,Pune,Pune(Manjri) APMC,Vegetables,Tomato,Other,Local,"1,000.00","3,000.00","2,000.00",Rs./Quintal,41.70,Metric Tonnes,11-03-2026
Maharashtra,Pune,Pune(Manjri) APMC,Vegetables,Tomato,Other,Local,"1,000.00","2,500.00","2,000.00",Rs./Quintal,39.40,Metric Tonnes,11-02-2026
Maharashtra,Pune,Pune(Manjri) APMC,Vegetables,Tomato,Other,Local,"1,500.00","3,000.00","2,000.00",Rs./Quintal,52.40,Metric Tonnes,11-01-2026
Maharashtra,Pune,Pune(Manjri) APMC,Vegetables,Tomato,Other,Local,"1,000.00","2,000.00","1,500.00",Rs./Quintal,45.60,Metric Tonnes,10-11-2025
Maharashtra,Pune,Pune(Manjri) APMC,Vegetables,Tomato,Other,Local,500.00,"2,000.00","1,200.00",Rs./Quintal,67.90,Metric Tonnes,10-08-2026
Maharashtra,Pune,Pune(Manjri) APMC,Vegetables,Tomato,Other,Local,"1,500.00","4,000.00","3,000.00",Rs./Quintal,62.10,Metric Tonnes,10-07-2026
Maharashtra,Pune,Pune(Manjri) APMC,Vegetables,Tomato,Other,Local,"2,500.00","6,000.00","4,000.00",Rs./Quintal,51.70,Metric Tonnes,10-06-2026
Maharashtra,Pune,Pune(Manjri) APMC,Vegetables,Tomato,Other,Local,"1,700.00","3,500.00","2,500.00",Rs./Quintal,56.00,Metric Tonnes,10-05-2026
Maharashtra,Pune,Pune(Manjri) APMC,Vegetables,Tomato,Other,Local,"1,000.00","2,200.00","1,500.00",Rs./Quintal,46.60,Metric Tonnes,10-04-2026
Maharashtra,Pune,Pune(Manjri) APMC,Vegetables,Tomato,Other,Local,"1,500.00","2,500.00","2,000.00",Rs./Quintal,38.40,Metric Tonnes,10-03-2026
Maharashtra,Pune,Pune(Manjri) APMC,Vegetables,Tomato,Other,Local,"1,000.00","3,000.00","2,200.00",Rs./Quintal,42.20,Metric Tonnes,10-02-2026
Maharashtra,Pune,Pune(Manjri) APMC,Vegetables,Tomato,Other,Local,"1,500.00","3,000.00","2,500.00",Rs./Quintal,54.60,Metric Tonnes,10-01-2026
Maharashtra,Pune,Pune(Manjri) APMC,Vegetables,Tomato,Other,Local,"2,000.00","3,000.00","2,500.00",Rs./Quintal,52.40,Metric Tonnes,09-12-2025
Maharashtra,Pune,Pune(Manjri) APMC,Vegetables,Tomato,Other,Local,"1,000.00","2,000.00","1,500.00",Rs./Quintal,61.10,Metric Tonnes,09-11-2025
Maharashtra,Pune,Pune(Manjri) APMC,Vegetables,Tomato,Other,Local,"1,000.00","2,000.00","1,500.00",Rs./Quintal,62.80,Metric Tonnes,09-08-2026
Maharashtra,Pune,Pune(Manjri) APMC,Vegetables,Tomato,Other,Local,"1,500.00","4,000.00","3,000.00",Rs./Quintal,54.80,Metric Tonnes,09-07-2026
Maharashtra,Pune,Pune(Manjri) APMC,Vegetables,Tomato,Other,Local,"3,000.00","5,000.00","4,000.00",Rs./Quintal,46.70,Metric Tonnes,09-06-2026
Maharashtra,Pune,Pune(Manjri) APMC,Vegetables,Tomato,Other,Local,"2,000.00","4,500.00","3,000.00",Rs./Quintal,59.70,Metric Tonnes,09-05-2026
Maharashtra,Pune,Pune(Manjri) APMC,Vegetables,Tomato,Other,Local,"1,000.00","2,000.00","1,500.00",Rs./Quintal,40.90,Metric Tonnes,09-04-2026
Maharashtra,Pune,Pune(Manjri) APMC,Vegetables,Tomato,Other,Local,"1,500.00","2,500.00","2,000.00",Rs./Quintal,41.10,Metric Tonnes,09-03-2026
Maharashtra,Pune,Pune(Manjri) APMC,Vegetables,Tomato,Other,Local,"1,500.00","2,500.00","2,000.00",Rs./Quintal,42.20,Metric Tonnes,09-02-2026
Maharashtra,Pune,Pune(Manjri) APMC,Vegetables,Tomato,Other,Local,"1,500.00","2,500.00","2,000.00",Rs./Quintal,42.70,Metric Tonnes,09-01-2026
Maharashtra,Pune,Pune(Manjri) APMC,Vegetables,Tomato,Other,Local,"2,000.00","4,000.00","3,000.00",Rs./Quintal,52.70,Metric Tonnes,08-12-2025
Maharashtra,Pune,Pune(Manjri) APMC,Vegetables,Tomato,Other,Local,"1,500.00","2,500.00","2,000.00",Rs./Quintal,57.00,Metric Tonnes,08-11-2025
Maharashtra,Pune,Pune(Manjri) APMC,Vegetables,Tomato,Other,Local,800.00,"2,000.00","1,500.00",Rs./Quintal,65.60,Metric Tonnes,08-08-2026
Maharashtra,Pune,Pune(Manjri) APMC,Vegetables,Tomato,Other,Local,"1,500.00","5,000.00","3,500.00",Rs./Quintal,52.40,Metric Tonnes,08-07-2026
Maharashtra,Pune,Pune(Manjri) APMC,Vegetables,Tomato,Other,Local,"1,500.00","4,000.00","2,500.00",Rs./Quintal,50.10,Metric Tonnes,08-06-2026
Maharashtra,Pune,Pune(Manjri) APMC,Vegetables,Tomato,Other,Local,"2,000.00","3,500.00","2,500.00",Rs./Quintal,45.60,Metric Tonnes,08-05-2026
Maharashtra,Pune,Pune(Manjri) APMC,Vegetables,Tomato,Other,Local,"1,000.00","2,500.00","1,500.00",Rs./Quintal,39.70,Metric Tonnes,08-04-2026
Maharashtra,Pune,Pune(Manjri) APMC,Vegetables,Tomato,Other,Local,"1,000.00","2,200.00","1,500.00",Rs./Quintal,43.80,Metric Tonnes,08-03-2026
Maharashtra,Pune,Pune(Manjri) APMC,Vegetables,Tomato,Other,Local,"1,500.00","2,500.00","2,000.00",Rs./Quintal,43.40,Metric Tonnes,08-02-2026
Maharashtra,Pune,Pune(Manjri) APMC,Vegetables,Tomato,Other,Local,"2,000.00","3,500.00","3,000.00",Rs./Quintal,49.90,Metric Tonnes,08-01-2026
Maharashtra,Pune,Pune(Manjri) APMC,Vegetables,Tomato,Other,Local,"2,000.00","3,000.00","2,500.00",Rs./Quintal,56.20,Metric Tonnes,07-12-2025
Maharashtra,Pune,Pune(Manjri) APMC,Vegetables,Tomato,Other,Local,"1,000.00","2,000.00","1,500.00",Rs./Quintal,44.40,Metric Tonnes,07-11-2025
Maharashtra,Pune,Pune(Manjri) APMC,Vegetables,Tomato,Other,Local,500.00,"2,000.00","1,200.00",Rs./Quintal,51.30,Metric Tonnes,07-08-2026
Maharashtra,Pune,Pune(Manjri) APMC,Vegetables,Tomato,Other,Local,"1,500.00","3,500.00","2,500.00",Rs./Quintal,55.80,Metric Tonnes,07-07-2026
Maharashtra,Pune,Pune(Manjri) APMC,Vegetables,Tomato,Other,Local,"1,500.00","3,200.00","2,500.00",Rs./Quintal,50.10,Metric Tonnes,07-06-2026
Maharashtra,Pune,Pune(Manjri) APMC,Vegetables,Tomato,Other,Local,"1,500.00","3,000.00","2,000.00",Rs./Quintal,44.60,Metric Tonnes,07-05-2026
Maharashtra,Pune,Pune(Manjri) APMC,Vegetables,Tomato,Other,Local,700.00,"2,000.00","1,500.00",Rs./Quintal,44.10,Metric Tonnes,07-04-2026
Maharashtra,Pune,Pune(Manjri) APMC,Vegetables,Tomato,Other,Local,"1,000.00","2,000.00","1,500.00",Rs./Quintal,53.30,Metric Tonnes,07-03-2026
Maharashtra,Pune,Pune(Manjri) APMC,Vegetables,Tomato,Other,Local,"1,000.00","2,500.00","1,500.00",Rs./Quintal,35.60,Metric Tonnes,07-02-2026
Maharashtra,Pune,Pune(Manjri) APMC,Vegetables,Tomato,Other,Local,"1,500.00","3,000.00","2,500.00",Rs./Quintal,44.90,Metric Tonnes,07-01-2026
Maharashtra,Pune,Pune(Manjri) APMC,Vegetables,Tomato,Other,Local,"2,000.00","4,000.00","3,000.00",Rs./Quintal,53.40,Metric Tonnes,06-12-2025
Maharashtra,Pune,Pune(Manjri) APMC,Vegetables,Tomato,Other,Local,500.00,"1,500.00","1,000.00",Rs./Quintal,59.60,Metric Tonnes,06-08-2026
Maharashtra,Pune,Pune(Manjri) APMC,Vegetables,Tomato,Other,Local,"2,000.00","4,000.00","3,000.00",Rs./Quintal,30.90,Metric Tonnes,06-07-2026
Maharashtra,Pune,Pune(Manjri) APMC,Vegetables,Tomato,Other,Local,"1,500.00","3,000.00","2,500.00",Rs./Quintal,60.60,Metric Tonnes,06-06-2026
Maharashtra,Pune,Pune(Manjri) APMC,Vegetables,Tomato,Other,Local,"1,000.00","3,000.00","2,000.00",Rs./Quintal,51.00,Metric Tonnes,06-05-2026
Maharashtra,Pune,Pune(Manjri) APMC,Vegetables,Tomato,Other,Local,"1,000.00","2,500.00","1,500.00",Rs./Quintal,42.30,Metric Tonnes,06-04-2026
Maharashtra,Pune,Pune(Manjri) APMC,Vegetables,Tomato,Other,Local,"1,000.00","2,000.00","1,500.00",Rs./Quintal,43.90,Metric Tonnes,06-03-2026
Maharashtra,Pune,Pune(Manjri) APMC,Vegetables,Tomato,Other,Local,"1,000.00","2,000.00","1,500.00",Rs./Quintal,46.10,Metric Tonnes,06-02-2026
Maharashtra,Pune,Pune(Manjri) APMC,Vegetables,Tomato,Other,Local,"2,500.00","3,500.00","3,000.00",Rs./Quintal,52.50,Metric Tonnes,06-01-2026
Maharashtra,Pune,Pune(Manjri) APMC,Vegetables,Tomato,Other,Local,"1,000.00","3,000.00","2,000.00",Rs./Quintal,53.10,Metric Tonnes,05-12-2025
Maharashtra,Pune,Pune(Manjri) APMC,Vegetables,Tomato,Other,Local,"1,000.00","2,500.00","1,500.00",Rs./Quintal,57.30,Metric Tonnes,05-08-2026
Maharashtra,Pune,Pune(Manjri) APMC,Vegetables,Tomato,Other,Local,"2,500.00","5,000.00","3,500.00",Rs./Quintal,45.70,Metric Tonnes,05-07-2026
Maharashtra,Pune,Pune(Manjri) APMC,Vegetables,Tomato,Other,Local,"2,000.00","3,000.00","2,500.00",Rs./Quintal,48.40,Metric Tonnes,05-06-2026
Maharashtra,Pune,Pune(Manjri) APMC,Vegetables,Tomato,Other,Local,"1,000.00","3,000.00","2,000.00",Rs./Quintal,47.70,Metric Tonnes,05-05-2026
Maharashtra,Pune,Pune(Manjri) APMC,Vegetables,Tomato,Other,Local,"1,000.00","2,500.00","1,500.00",Rs./Quintal,48.50,Metric Tonnes,05-04-2026
Maharashtra,Pune,Pune(Manjri) APMC,Vegetables,Tomato,Other,Local,"1,000.00","2,000.00","1,500.00",Rs./Quintal,48.90,Metric Tonnes,05-03-2026
Maharashtra,Pune,Pune(Manjri) APMC,Vegetables,Tomato,Other,Local,600.00,"1,500.00","1,000.00",Rs./Quintal,45.50,Metric Tonnes,05-02-2026
Maharashtra,Pune,Pune(Manjri) APMC,Vegetables,Tomato,Other,Local,"2,000.00","3,500.00","3,000.00",Rs./Quintal,52.30,Metric Tonnes,05-01-2026
Maharashtra,Pune,Pune(Manjri) APMC,Vegetables,Tomato,Other,Local,"4,000.00","6,000.00","5,000.00",Rs./Quintal,320.00,Metric Tonnes,04-12-2025
Maharashtra,Pune,Pune(Manjri) APMC,Vegetables,Tomato,Other,Local,"1,000.00","3,000.00","2,000.00",Rs./Quintal,56.60,Metric Tonnes,04-08-2026
Maharashtra,Pune,Pune(Manjri) APMC,Vegetables,Tomato,Other,Local,"1,500.00","2,500.00","2,000.00",Rs./Quintal,49.00,Metric Tonnes,04-07-2026
Maharashtra,Pune,Pune(Manjri) APMC,Vegetables,Tomato,Other,Local,"1,500.00","3,000.00","2,500.00",Rs./Quintal,54.40,Metric Tonnes,04-06-2026
Maharashtra,Pune,Pune(Manjri) APMC,Vegetables,Tomato,Other,Local,"1,500.00","2,500.00","2,000.00",Rs./Quintal,62.20,Metric Tonnes,04-05-2026
Maharashtra,Pune,Pune(Manjri) APMC,Vegetables,Tomato,Other,Local,"1,000.00","2,500.00","2,000.00",Rs./Quintal,42.80,Metric Tonnes,04-04-2026
Maharashtra,Pune,Pune(Manjri) APMC,Vegetables,Tomato,Other,Local,"1,000.00","2,000.00","1,500.00",Rs./Quintal,49.30,Metric Tonnes,04-03-2026
Maharashtra,Pune,Pune(Manjri) APMC,Vegetables,Tomato,Other,Local,500.00,"1,500.00","1,000.00",Rs./Quintal,42.80,Metric Tonnes,04-02-2026
Maharashtra,Pune,Pune(Manjri) APMC,Vegetables,Tomato,Other,Local,"2,500.00","4,000.00","3,000.00",Rs./Quintal,52.10,Metric Tonnes,04-01-2026
Maharashtra,Pune,Pune(Manjri) APMC,Vegetables,Tomato,Other,Local,"2,000.00","3,000.00","2,500.00",Rs./Quintal,55.10,Metric Tonnes,03-12-2025
Maharashtra,Pune,Pune(Manjri) APMC,Vegetables,Tomato,Other,Local,"1,500.00","3,000.00","2,000.00",Rs./Quintal,58.80,Metric Tonnes,03-08-2026
Maharashtra,Pune,Pune(Manjri) APMC,Vegetables,Tomato,Other,Local,"1,500.00","2,500.00","2,000.00",Rs./Quintal,53.30,Metric Tonnes,03-07-2026
Maharashtra,Pune,Pune(Manjri) APMC,Vegetables,Tomato,Other,Local,"1,500.00","3,500.00","2,500.00",Rs./Quintal,56.50,Metric Tonnes,03-06-2026
Maharashtra,Pune,Pune(Manjri) APMC,Vegetables,Tomato,Other,Local,"1,000.00","2,500.00","2,000.00",Rs./Quintal,65.40,Metric Tonnes,03-05-2026
Maharashtra,Pune,Pune(Manjri) APMC,Vegetables,Tomato,Other,Local,"1,000.00","2,000.00","1,500.00",Rs./Quintal,31.80,Metric Tonnes,03-04-2026
Maharashtra,Pune,Pune(Manjri) APMC,Vegetables,Tomato,Other,Local,"1,000.00","2,000.00","1,500.00",Rs./Quintal,24.30,Metric Tonnes,03-03-2026
Maharashtra,Pune,Pune(Manjri) APMC,Vegetables,Tomato,Other,Local,800.00,"2,500.00","1,500.00",Rs./Quintal,42.10,Metric Tonnes,03-02-2026
Maharashtra,Pune,Pune(Manjri) APMC,Vegetables,Tomato,Other,Local,"2,500.00","4,000.00","3,000.00",Rs./Quintal,51.20,Metric Tonnes,03-01-2026
Maharashtra,Pune,Pune(Manjri) APMC,Vegetables,Tomato,Other,Local,"2,000.00","3,000.00","2,500.00",Rs./Quintal,46.30,Metric Tonnes,02-12-2025
Maharashtra,Pune,Pune(Manjri) APMC,Vegetables,Tomato,Other,Local,"1,500.00","2,500.00","2,000.00",Rs./Quintal,66.30,Metric Tonnes,02-08-2026
Maharashtra,Pune,Pune(Manjri) APMC,Vegetables,Tomato,Other,Local,"1,500.00","2,500.00","2,000.00",Rs./Quintal,55.20,Metric Tonnes,02-07-2026
Maharashtra,Pune,Pune(Manjri) APMC,Vegetables,Tomato,Other,Local,"1,500.00","3,500.00","2,500.00",Rs./Quintal,55.90,Metric Tonnes,02-06-2026
Maharashtra,Pune,Pune(Manjri) APMC,Vegetables,Tomato,Other,Local,"2,000.00","3,500.00","3,000.00",Rs./Quintal,76.80,Metric Tonnes,02-05-2026
Maharashtra,Pune,Pune(Manjri) APMC,Vegetables,Tomato,Other,Local,500.00,"2,000.00","1,500.00",Rs./Quintal,26.30,Metric Tonnes,02-04-2026
Maharashtra,Pune,Pune(Manjri) APMC,Vegetables,Tomato,Other,Local,"1,000.00","2,200.00","1,500.00",Rs./Quintal,40.30,Metric Tonnes,02-03-2026
Maharashtra,Pune,Pune(Manjri) APMC,Vegetables,Tomato,Other,Local,"1,000.00","2,500.00","1,500.00",Rs./Quintal,40.40,Metric Tonnes,02-02-2026
Maharashtra,Pune,Pune(Manjri) APMC,Vegetables,Tomato,Other,Local,"3,000.00","5,000.00","4,000.00",Rs./Quintal,46.70,Metric Tonnes,02-01-2026
Maharashtra,Pune,Pune(Manjri) APMC,Vegetables,Tomato,Other,Local,"2,000.00","3,000.00","2,500.00",Rs./Quintal,48.60,Metric Tonnes,01-12-2025
Maharashtra,Pune,Pune(Manjri) APMC,Vegetables,Tomato,Other,Local,"1,500.00","2,500.00","2,000.00",Rs./Quintal,47.90,Metric Tonnes,01-08-2026
Maharashtra,Pune,Pune(Manjri) APMC,Vegetables,Tomato,Other,Local,"2,000.00","3,500.00","2,500.00",Rs./Quintal,57.70,Metric Tonnes,01-07-2026
Maharashtra,Pune,Pune(Manjri) APMC,Vegetables,Tomato,Other,Local,"2,500.00","4,500.00","3,500.00",Rs./Quintal,49.40,Metric Tonnes,01-06-2026
Maharashtra,Pune,Pune(Manjri) APMC,Vegetables,Tomato,Other,Local,"1,000.00","2,000.00","1,500.00",Rs./Quintal,38.50,Metric Tonnes,01-04-2026
Maharashtra,Pune,Pune(Manjri) APMC,Vegetables,Tomato,Other,Local,"1,000.00","2,500.00","1,500.00",Rs./Quintal,47.40,Metric Tonnes,01-03-2026
Maharashtra,Pune,Pune(Manjri) APMC,Vegetables,Tomato,Other,Local,"1,000.00","2,000.00","1,500.00",Rs./Quintal,48.20,Metric Tonnes,01-02-2026
Maharashtra,Pune,Pune(Manjri) APMC,Vegetables,Tomato,Other,Local,"2,000.00","5,000.00","4,000.00",Rs./Quintal,37.50,Metric Tonnes,01-01-2026
Maharashtra,Pune,Pune(Moshi) APMC,Vegetables,Tomato,Local,Local,500.00,"1,000.00",750.00,Rs./Quintal,42.70,Metric Tonnes,31-07-2026
Maharashtra,Pune,Pune(Moshi) APMC,Vegetables,Tomato,Local,Local,"2,000.00","3,000.00","2,500.00",Rs./Quintal,53.10,Metric Tonnes,31-05-2026
Maharashtra,Pune,Pune(Moshi) APMC,Vegetables,Tomato,Local,Local,700.00,"1,000.00",850.00,Rs./Quintal,64.30,Metric Tonnes,31-03-2026
Maharashtra,Pune,Pune(Moshi) APMC,Vegetables,Tomato,Local,Local,"1,000.00","2,000.00","1,500.00",Rs./Quintal,68.60,Metric Tonnes,31-01-2026
Maharashtra,Pune,Pune(Moshi) APMC,Vegetables,Tomato,Local,Local,"2,500.00","3,000.00","2,750.00",Rs./Quintal,49.40,Metric Tonnes,30-12-2025
Maharashtra,Pune,Pune(Moshi) APMC,Vegetables,Tomato,Local,Local,"2,000.00","3,000.00","2,500.00",Rs./Quintal,77.10,Metric Tonnes,30-11-2025
Maharashtra,Pune,Pune(Moshi) APMC,Vegetables,Tomato,Local,Local,500.00,"2,000.00","1,250.00",Rs./Quintal,73.60,Metric Tonnes,30-07-2026
Maharashtra,Pune,Pune(Moshi) APMC,Vegetables,Tomato,Local,Local,"1,000.00","2,000.00","1,500.00",Rs./Quintal,59.90,Metric Tonnes,30-06-2026
Maharashtra,Pune,Pune(Moshi) APMC,Vegetables,Tomato,Local,Local,"2,000.00","3,000.00","2,500.00",Rs./Quintal,56.40,Metric Tonnes,30-05-2026
Maharashtra,Pune,Pune(Moshi) APMC,Vegetables,Tomato,Local,Local,"1,000.00","2,000.00","1,500.00",Rs./Quintal,42.30,Metric Tonnes,30-04-2026
Maharashtra,Pune,Pune(Moshi) APMC,Vegetables,Tomato,Local,Local,800.00,"1,000.00",900.00,Rs./Quintal,68.30,Metric Tonnes,30-03-2026
Maharashtra,Pune,Pune(Moshi) APMC,Vegetables,Tomato,Local,Local,"1,000.00","2,000.00","1,500.00",Rs./Quintal,86.70,Metric Tonnes,30-01-2026
Maharashtra,Pune,Pune(Moshi) APMC,Vegetables,Tomato,Local,Local,"2,000.00","3,000.00","2,500.00",Rs./Quintal,50.70,Metric Tonnes,29-11-2025
Maharashtra,Pune,Pune(Moshi) APMC,Vegetables,Tomato,Local,Local,"2,000.00","3,000.00","2,500.00",Rs./Quintal,41.90,Metric Tonnes,29-06-2026
Maharashtra,Pune,Pune(Moshi) APMC,Vegetables,Tomato,Local,Local,"2,000.00","3,000.00","2,500.00",Rs./Quintal,54.20,Metric Tonnes,29-05-2026
Maharashtra,Pune,Pune(Moshi) APMC,Vegetables,Tomato,Local,Local,700.00,"10,000.00",850.00,Rs./Quintal,68.50,Metric Tonnes,29-03-2026
Maharashtra,Pune,Pune(Moshi) APMC,Vegetables,Tomato,Local,Local,"2,500.00","3,000.00","2,750.00",Rs./Quintal,50.60,Metric Tonnes,28-12-2025
Maharashtra,Pune,Pune(Moshi) APMC,Vegetables,Tomato,Local,Local,"2,500.00","3,000.00","2,750.00",Rs./Quintal,45.40,Metric Tonnes,28-11-2025
Maharashtra,Pune,Pune(Moshi) APMC,Vegetables,Tomato,Local,Local,"1,000.00","1,500.00","1,250.00",Rs./Quintal,51.70,Metric Tonnes,28-07-2026
Maharashtra,Pune,Pune(Moshi) APMC,Vegetables,Tomato,Local,Local,"2,000.00","3,000.00","2,500.00",Rs./Quintal,49.80,Metric Tonnes,28-06-2026
Maharashtra,Pune,Pune(Moshi) APMC,Vegetables,Tomato,Local,Local,"2,000.00","2,500.00","2,250.00",Rs./Quintal,57.70,Metric Tonnes,28-05-2026
Maharashtra,Pune,Pune(Moshi) APMC,Vegetables,Tomato,Local,Local,"1,000.00","1,500.00","1,250.00",Rs./Quintal,42.60,Metric Tonnes,28-04-2026
Maharashtra,Pune,Pune(Moshi) APMC,Vegetables,Tomato,Local,Local,500.00,"1,000.00",750.00,Rs./Quintal,73.30,Metric Tonnes,28-03-2026
Maharashtra,Pune,Pune(Moshi) APMC,Vegetables,Tomato,Local,Local,800.00,"1,000.00",900.00,Rs./Quintal,63.20,Metric Tonnes,28-02-2026
Maharashtra,Pune,Pune(Moshi) APMC,Vegetables,Tomato,Local,Local,"2,500.00","3,000.00","2,750.00",Rs./Quintal,46.50,Metric Tonnes,27-12-2025
Maharashtra,Pune,Pune(Moshi) APMC,Vegetables,Tomato,Local,Local,"2,000.00","3,000.00","2,500.00",Rs./Quintal,74.20,Metric Tonnes,27-11-2025
Maharashtra,Pune,Pune(Moshi) APMC,Vegetables,Tomato,Local,Local,"1,000.00","2,000.00","1,500.00",Rs./Quintal,49.60,Metric Tonnes,27-07-2026
Maharashtra,Pune,Pune(Moshi) APMC,Vegetables,Tomato,Local,Local,"2,000.00","3,000.00","2,500.00",Rs./Quintal,71.20,Metric Tonnes,27-06-2026
Maharashtra,Pune,Pune(Moshi) APMC,Vegetables,Tomato,Local,Local,800.00,"1,000.00",900.00,Rs./Quintal,37.00,Metric Tonnes,27-04-2026
Maharashtra,Pune,Pune(Moshi) APMC,Vegetables,Tomato,Local,Local,"1,000.00","1,000.00","1,000.00",Rs./Quintal,49.30,Metric Tonnes,27-03-2026
Maharashtra,Pune,Pune(Moshi) APMC,Vegetables,Tomato,Local,Local,"1,000.00","1,500.00","1,250.00",Rs./Quintal,44.60,Metric Tonnes,27-02-2026
Maharashtra,Pune,Pune(Moshi) APMC,Vegetables,Tomato,Local,Local,"1,400.00","1,400.00","1,400.00",Rs./Quintal,67.30,Metric Tonnes,27-01-2026
Maharashtra,Pune,Pune(Moshi) APMC,Vegetables,Tomato,Local,Local,"2,500.00","3,000.00","2,750.00",Rs./Quintal,33.90,Metric Tonnes,26-12-2025
Maharashtra,Pune,Pune(Moshi) APMC,Vegetables,Tomato,Local,Local,"1,500.00","2,000.00","1,750.00",Rs./Quintal,62.00,Metric Tonnes,26-07-2026
Maharashtra,Pune,Pune(Moshi) APMC,Vegetables,Tomato,Local,Local,"2,500.00","3,000.00","2,750.00",Rs./Quintal,72.50,Metric Tonnes,26-06-2026
Maharashtra,Pune,Pune(Moshi) APMC,Vegetables,Tomato,Local,Local,"2,000.00","3,000.00","2,500.00",Rs./Quintal,44.00,Metric Tonnes,26-05-2026
Maharashtra,Pune,Pune(Moshi) APMC,Vegetables,Tomato,Local,Local,900.00,"1,000.00",950.00,Rs./Quintal,51.40,Metric Tonnes,26-04-2026
Maharashtra,Pune,Pune(Moshi) APMC,Vegetables,Tomato,Local,Local,"1,000.00","1,500.00","1,250.00",Rs./Quintal,87.80,Metric Tonnes,26-02-2026
Maharashtra,Pune,Pune(Moshi) APMC,Vegetables,Tomato,Local,Local,"2,000.00","3,000.00","2,500.00",Rs./Quintal,56.30,Metric Tonnes,25-12-2025
Maharashtra,Pune,Pune(Moshi) APMC,Vegetables,Tomato,Local,Local,"3,000.00","4,000.00","3,500.00",Rs./Quintal,49.50,Metric Tonnes,25-11-2025
Maharashtra,Pune,Pune(Moshi) APMC,Vegetables,Tomato,Local,Local,"1,000.00","1,500.00","1,250.00",Rs./Quintal,40.10,Metric Tonnes,25-07-2026
Maharashtra,Pune,Pune(Moshi) APMC,Vegetables,Tomato,Local,Local,"2,500.00","3,000.00","2,750.00",Rs./Quintal,57.50,Metric Tonnes,25-06-2026
Maharashtra,Pune,Pune(Moshi) APMC,Vegetables,Tomato,Local,Local,"1,500.00","2,500.00","2,000.00",Rs./Quintal,62.90,Metric Tonnes,25-05-2026
Maharashtra,Pune,Pune(Moshi) APMC,Vegetables,Tomato,Local,Local,"1,000.00","1,200.00","1,100.00",Rs./Quintal,82.80,Metric Tonnes,25-04-2026
Maharashtra,Pune,Pune(Moshi) APMC,Vegetables,Tomato,Local,Local,"1,000.00","1,500.00","1,250.00",Rs./Quintal,80.20,Metric Tonnes,25-01-2026
Maharashtra,Pune,Pune(Moshi) APMC,Vegetables,Tomato,Local,Local,"3,000.00","4,000.00","3,500.00",Rs./Quintal,31.10,Metric Tonnes,24-11-2025
Maharashtra,Pune,Pune(Moshi) APMC,Vegetables,Tomato,Local,Local,"1,000.00","1,500.00","1,250.00",Rs./Quintal,48.50,Metric Tonnes,24-07-2026
Maharashtra,Pune,Pune(Moshi) APMC,Vegetables,Tomato,Local,Local,"2,000.00","3,000.00","2,500.00",Rs./Quintal,54.10,Metric Tonnes,24-05-2026
Maharashtra,Pune,Pune(Moshi) APMC,Vegetables,Tomato,Local,Local,800.00,"1,000.00",900.00,Rs./Quintal,47.00,Metric Tonnes,24-04-2026
Maharashtra,Pune,Pune(Moshi) APMC,Vegetables,Tomato,Local,Local,700.00,"1,000.00",850.00,Rs./Quintal,64.70,Metric Tonnes,24-03-2026
Maharashtra,Pune,Pune(Moshi) APMC,Vegetables,Tomato,Local,Local,"1,000.00","3,000.00","2,000.00",Rs./Quintal,59.10,Metric Tonnes,24-01-2026
Maharashtra,Pune,Pune(Moshi) APMC,Vegetables,Tomato,Local,Local,"3,000.00","4,000.00","3,500.00",Rs./Quintal,36.90,Metric Tonnes,23-12-2025
Maharashtra,Pune,Pune(Moshi) APMC,Vegetables,Tomato,Local,Local,"2,500.00","4,000.00","3,250.00",Rs./Quintal,48.50,Metric Tonnes,23-11-2025
Maharashtra,Pune,Pune(Moshi) APMC,Vegetables,Tomato,Local,Local,"1,000.00","1,500.00","1,250.00",Rs./Quintal,58.80,Metric Tonnes,23-07-2026
Maharashtra,Pune,Pune(Moshi) APMC,Vegetables,Tomato,Local,Local,"2,000.00","2,000.00","2,000.00",Rs./Quintal,46.40,Metric Tonnes,23-06-2026
Maharashtra,Pune,Pune(Moshi) APMC,Vegetables,Tomato,Local,Local,"2,000.00","3,000.00","2,500.00",Rs./Quintal,40.10,Metric Tonnes,23-05-2026
Maharashtra,Pune,Pune(Moshi) APMC,Vegetables,Tomato,Local,Local,"1,000.00","1,000.00","1,000.00",Rs./Quintal,71.40,Metric Tonnes,23-04-2026
Maharashtra,Pune,Pune(Moshi) APMC,Vegetables,Tomato,Local,Local,500.00,800.00,650.00,Rs./Quintal,69.70,Metric Tonnes,23-03-2026
Maharashtra,Pune,Pune(Moshi) APMC,Vegetables,Tomato,Local,Local,"1,000.00","1,200.00","1,100.00",Rs./Quintal,49.20,Metric Tonnes,23-02-2026
Maharashtra,Pune,Pune(Moshi) APMC,Vegetables,Tomato,Local,Local,"1,500.00","1,800.00","1,650.00",Rs./Quintal,57.60,Metric Tonnes,23-01-2026
Maharashtra,Pune,Pune(Moshi) APMC,Vegetables,Tomato,Local,Local,"3,000.00","4,000.00","3,500.00",Rs./Quintal,43.90,Metric Tonnes,22-12-2025
Maharashtra,Pune,Pune(Moshi) APMC,Vegetables,Tomato,Local,Local,"3,500.00","4,000.00","3,750.00",Rs./Quintal,39.00,Metric Tonnes,22-11-2025
Maharashtra,Pune,Pune(Moshi) APMC,Vegetables,Tomato,Local,Local,"1,500.00","2,000.00","1,750.00",Rs./Quintal,48.00,Metric Tonnes,22-06-2026
Maharashtra,Pune,Pune(Moshi) APMC,Vegetables,Tomato,Local,Local,"1,000.00","2,500.00","1,750.00",Rs./Quintal,60.90,Metric Tonnes,22-05-2026
Maharashtra,Pune,Pune(Moshi) APMC,Vegetables,Tomato,Local,Local,500.00,"1,000.00",750.00,Rs./Quintal,56.80,Metric Tonnes,22-03-2026
Maharashtra,Pune,Pune(Moshi) APMC,Vegetables,Tomato,Local,Local,"1,000.00","1,500.00","1,250.00",Rs./Quintal,106.40,Metric Tonnes,22-02-2026
Maharashtra,Pune,Pune(Moshi) APMC,Vegetables,Tomato,Local,Local,"1,000.00","2,000.00","1,500.00",Rs./Quintal,86.10,Metric Tonnes,22-01-2026
Maharashtra,Pune,Pune(Moshi) APMC,Vegetables,Tomato,Local,Local,"3,000.00","3,500.00","3,250.00",Rs./Quintal,75.10,Metric Tonnes,21-12-2025
Maharashtra,Pune,Pune(Moshi) APMC,Vegetables,Tomato,Local,Local,"2,800.00","4,000.00","3,400.00",Rs./Quintal,38.70,Metric Tonnes,21-11-2025
Maharashtra,Pune,Pune(Moshi) APMC,Vegetables,Tomato,Local,Local,"1,000.00","1,000.00","1,000.00",Rs./Quintal,77.60,Metric Tonnes,21-08-2026
Maharashtra,Pune,Pune(Moshi) APMC,Vegetables,Tomato,Local,Local,"1,500.00","2,500.00","2,000.00",Rs./Quintal,58.00,Metric Tonnes,21-07-2026
Maharashtra,Pune,Pune(Moshi) APMC,Vegetables,Tomato,Local,Local,"2,000.00","3,000.00","2,500.00",Rs./Quintal,64.80,Metric Tonnes,21-06-2026
Maharashtra,Pune,Pune(Moshi) APMC,Vegetables,Tomato,Local,Local,"2,000.00","2,500.00","2,250.00",Rs./Quintal,74.40,Metric Tonnes,21-05-2026
Maharashtra,Pune,Pune(Moshi) APMC,Vegetables,Tomato,Local,Local,800.00,"1,000.00",900.00,Rs./Quintal,64.80,Metric Tonnes,21-04-2026
Maharashtra,Pune,Pune(Moshi) APMC,Vegetables,Tomato,Local,Local,500.00,"1,000.00",750.00,Rs./Quintal,64.70,Metric Tonnes,21-03-2026
Maharashtra,Pune,Pune(Moshi) APMC,Vegetables,Tomato,Local,Local,800.00,"1,000.00",900.00,Rs./Quintal,56.20,Metric Tonnes,21-02-2026
Maharashtra,Pune,Pune(Moshi) APMC,Vegetables,Tomato,Local,Local,"3,000.00","4,000.00","3,500.00",Rs./Quintal,47.80,Metric Tonnes,20-12-2025
Maharashtra,Pune,Pune(Moshi) APMC,Vegetables,Tomato,Local,Local,"2,000.00","3,000.00","2,500.00",Rs./Quintal,57.10,Metric Tonnes,20-11-2025
Maharashtra,Pune,Pune(Moshi) APMC,Vegetables,Tomato,Local,Local,"1,000.00","1,300.00","1,150.00",Rs./Quintal,123.40,Metric Tonnes,20-08-2026
Maharashtra,Pune,Pune(Moshi) APMC,Vegetables,Tomato,Local,Local,"1,000.00","2,000.00","1,500.00",Rs./Quintal,54.80,Metric Tonnes,20-07-2026
Maharashtra,Pune,Pune(Moshi) APMC,Vegetables,Tomato,Local,Local,"2,000.00","2,500.00","2,250.00",Rs./Quintal,59.30,Metric Tonnes,20-06-2026
Maharashtra,Pune,Pune(Moshi) APMC,Vegetables,Tomato,Local,Local,700.00,"1,000.00",850.00,Rs./Quintal,65.90,Metric Tonnes,20-04-2026
Maharashtra,Pune,Pune(Moshi) APMC,Vegetables,Tomato,Local,Local,"1,000.00","1,500.00","1,250.00",Rs./Quintal,42.30,Metric Tonnes,20-03-2026
Maharashtra,Pune,Pune(Moshi) APMC,Vegetables,Tomato,Local,Local,"1,500.00","2,000.00","1,750.00",Rs./Quintal,66.90,Metric Tonnes,20-02-2026
Maharashtra,Pune,Pune(Moshi) APMC,Vegetables,Tomato,Local,Local,"1,000.00","3,000.00","2,000.00",Rs./Quintal,75.60,Metric Tonnes,20-01-2026
Maharashtra,Pune,Pune(Moshi) APMC,Vegetables,Tomato,Local,Local,"3,000.00","4,500.00","3,750.00",Rs./Quintal,37.30,Metric Tonnes,19-12-2025
Maharashtra,Pune,Pune(Moshi) APMC,Vegetables,Tomato,Local,Local,"1,000.00","2,000.00","1,500.00",Rs./Quintal,57.40,Metric Tonnes,19-07-2026
Maharashtra,Pune,Pune(Moshi) APMC,Vegetables,Tomato,Local,Local,"2,000.00","3,500.00","2,750.00",Rs./Quintal,54.20,Metric Tonnes,19-06-2026
Maharashtra,Pune,Pune(Moshi) APMC,Vegetables,Tomato,Local,Local,"2,000.00","3,000.00","2,500.00",Rs./Quintal,42.80,Metric Tonnes,19-05-2026
Maharashtra,Pune,Pune(Moshi) APMC,Vegetables,Tomato,Local,Local,700.00,"1,000.00",850.00,Rs./Quintal,80.00,Metric Tonnes,19-04-2026
Maharashtra,Pune,Pune(Moshi) APMC,Vegetables,Tomato,Local,Local,"1,000.00","1,500.00","1,250.00",Rs./Quintal,67.90,Metric Tonnes,19-03-2026
Maharashtra,Pune,Pune(Moshi) APMC,Vegetables,Tomato,Local,Local,"1,000.00","1,500.00","1,250.00",Rs./Quintal,91.30,Metric Tonnes,19-02-2026
Maharashtra,Pune,Pune(Moshi) APMC,Vegetables,Tomato,Local,Local,"1,500.00","2,000.00","1,750.00",Rs./Quintal,62.00,Metric Tonnes,19-01-2026
Maharashtra,Pune,Pune(Moshi) APMC,Vegetables,Tomato,Local,Local,"3,000.00","4,500.00","3,750.00",Rs./Quintal,64.40,Metric Tonnes,18-12-2025
Maharashtra,Pune,Pune(Moshi) APMC,Vegetables,Tomato,Local,Local,"2,000.00","4,000.00","3,000.00",Rs./Quintal,39.10,Metric Tonnes,18-11-2025
Maharashtra,Pune,Pune(Moshi) APMC,Vegetables,Tomato,Local,Local,"1,000.00","1,500.00","1,250.00",Rs./Quintal,63.70,Metric Tonnes,18-08-2026
Maharashtra,Pune,Pune(Moshi) APMC,Vegetables,Tomato,Local,Local,"1,000.00","3,000.00","2,000.00",Rs./Quintal,41.70,Metric Tonnes,18-07-2026
Maharashtra,Pune,Pune(Moshi) APMC,Vegetables,Tomato,Local,Local,"2,000.00","2,500.00","2,250.00",Rs./Quintal,55.60,Metric Tonnes,18-06-2026
Maharashtra,Pune,Pune(Moshi) APMC,Vegetables,Tomato,Local,Local,"1,000.00","2,000.00","1,500.00",Rs./Quintal,57.60,Metric Tonnes,18-05-2026
Maharashtra,Pune,Pune(Moshi) APMC,Vegetables,Tomato,Local,Local,800.00,"1,000.00",900.00,Rs./Quintal,55.90,Metric Tonnes,18-04-2026
Maharashtra,Pune,Pune(Moshi) APMC,Vegetables,Tomato,Local,Local,"1,500.00","2,000.00","1,750.00",Rs./Quintal,78.00,Metric Tonnes,18-01-2026
Maharashtra,Pune,Pune(Moshi) APMC,Vegetables,Tomato,Local,Local,"2,000.00","3,500.00","2,750.00",Rs./Quintal,58.70,Metric Tonnes,17-11-2025
Maharashtra,Pune,Pune(Moshi) APMC,Vegetables,Tomato,Local,Local,"1,000.00","1,200.00","1,100.00",Rs./Quintal,58.10,Metric Tonnes,17-08-2026
Maharashtra,Pune,Pune(Moshi) APMC,Vegetables,Tomato,Local,Local,"1,000.00","3,000.00","2,000.00",Rs./Quintal,40.30,Metric Tonnes,17-07-2026
Maharashtra,Pune,Pune(Moshi) APMC,Vegetables,Tomato,Local,Local,"2,000.00","3,000.00","2,500.00",Rs./Quintal,54.60,Metric Tonnes,17-05-2026
Maharashtra,Pune,Pune(Moshi) APMC,Vegetables,Tomato,Local,Local,500.00,"1,000.00",750.00,Rs./Quintal,48.20,Metric Tonnes,17-04-2026
Maharashtra,Pune,Pune(Moshi) APMC,Vegetables,Tomato,Local,Local,800.00,"1,000.00",900.00,Rs./Quintal,60.00,Metric Tonnes,17-03-2026
Maharashtra,Pune,Pune(Moshi) APMC,Vegetables,Tomato,Local,Local,600.00,"1,500.00","1,050.00",Rs./Quintal,56.80,Metric Tonnes,17-02-2026
Maharashtra,Pune,Pune(Moshi) APMC,Vegetables,Tomato,Local,Local,"2,000.00","3,000.00","2,500.00",Rs./Quintal,78.50,Metric Tonnes,17-01-2026
Maharashtra,Pune,Pune(Moshi) APMC,Vegetables,Tomato,Local,Local,"3,500.00","5,000.00","4,250.00",Rs./Quintal,43.80,Metric Tonnes,16-12-2025
Maharashtra,Pune,Pune(Moshi) APMC,Vegetables,Tomato,Local,Local,"3,000.00","4,000.00","3,500.00",Rs./Quintal,59.10,Metric Tonnes,16-11-2025
Maharashtra,Pune,Pune(Moshi) APMC,Vegetables,Tomato,Local,Local,"1,000.00","1,000.00","1,000.00",Rs./Quintal,83.50,Metric Tonnes,16-08-2026
Maharashtra,Pune,Pune(Moshi) APMC,Vegetables,Tomato,Local,Local,"2,000.00","3,000.00","2,500.00",Rs./Quintal,72.10,Metric Tonnes,16-07-2026
Maharashtra,Pune,Pune(Moshi) APMC,Vegetables,Tomato,Local,Local,"2,000.00","3,000.00","2,500.00",Rs./Quintal,47.10,Metric Tonnes,16-06-2026
Maharashtra,Pune,Pune(Moshi) APMC,Vegetables,Tomato,Local,Local,"2,000.00","2,500.00","2,250.00",Rs./Quintal,59.50,Metric Tonnes,16-05-2026
Maharashtra,Pune,Pune(Moshi) APMC,Vegetables,Tomato,Local,Local,800.00,"1,000.00",900.00,Rs./Quintal,64.30,Metric Tonnes,16-04-2026
Maharashtra,Pune,Pune(Moshi) APMC,Vegetables,Tomato,Local,Local,"1,000.00","1,000.00","1,000.00",Rs./Quintal,68.70,Metric Tonnes,16-03-2026
Maharashtra,Pune,Pune(Moshi) APMC,Vegetables,Tomato,Local,Local,"1,000.00","1,500.00","1,250.00",Rs./Quintal,55.00,Metric Tonnes,16-02-2026
Maharashtra,Pune,Pune(Moshi) APMC,Vegetables,Tomato,Local,Local,"2,500.00","3,000.00","2,750.00",Rs./Quintal,57.20,Metric Tonnes,16-01-2026
Maharashtra,Pune,Pune(Moshi) APMC,Vegetables,Tomato,Local,Local,"3,000.00","4,000.00","3,500.00",Rs./Quintal,35.80,Metric Tonnes,15-12-2025
Maharashtra,Pune,Pune(Moshi) APMC,Vegetables,Tomato,Local,Local,"2,500.00","4,000.00","3,250.00",Rs./Quintal,33.40,Metric Tonnes,15-11-2025
Maharashtra,Pune,Pune(Moshi) APMC,Vegetables,Tomato,Local,Local,"1,000.00","4,000.00","2,500.00",Rs./Quintal,51.20,Metric Tonnes,15-06-2026
Maharashtra,Pune,Pune(Moshi) APMC,Vegetables,Tomato,Local,Local,800.00,"1,000.00",900.00,Rs./Quintal,62.70,Metric Tonnes,15-03-2026
Maharashtra,Pune,Pune(Moshi) APMC,Vegetables,Tomato,Local,Local,"1,000.00","1,500.00","1,250.00",Rs./Quintal,33.50,Metric Tonnes,15-02-2026
Maharashtra,Pune,Pune(Moshi) APMC,Vegetables,Tomato,Local,Local,"2,500.00","3,500.00","3,000.00",Rs./Quintal,46.00,Metric Tonnes,14-12-2025
Maharashtra,Pune,Pune(Moshi) APMC,Vegetables,Tomato,Local,Local,"2,000.00","3,000.00","2,500.00",Rs./Quintal,40.70,Metric Tonnes,14-11-2025
Maharashtra,Pune,Pune(Moshi) APMC,Vegetables,Tomato,Local,Local,800.00,"1,000.00",900.00,Rs./Quintal,38.50,Metric Tonnes,14-08-2026
Maharashtra,Pune,Pune(Moshi) APMC,Vegetables,Tomato,Local,Local,"1,500.00","2,000.00","1,750.00",Rs./Quintal,55.70,Metric Tonnes,14-07-2026
Maharashtra,Pune,Pune(Moshi) APMC,Vegetables,Tomato,Local,Local,"2,000.00","3,000.00","2,500.00",Rs./Quintal,32.70,Metric Tonnes,14-06-2026
Maharashtra,Pune,Pune(Moshi) APMC,Vegetables,Tomato,Local,Local,800.00,"1,000.00",900.00,Rs./Quintal,70.30,Metric Tonnes,14-03-2026
Maharashtra,Pune,Pune(Moshi) APMC,Vegetables,Tomato,Local,Local,"1,000.00","1,500.00","1,250.00",Rs./Quintal,53.90,Metric Tonnes,14-02-2026
Maharashtra,Pune,Pune(Moshi) APMC,Vegetables,Tomato,Local,Local,"2,000.00","3,000.00","2,500.00",Rs./Quintal,27.90,Metric Tonnes,13-12-2025
Maharashtra,Pune,Pune(Moshi) APMC,Vegetables,Tomato,Local,Local,"1,000.00","3,000.00","2,000.00",Rs./Quintal,54.00,Metric Tonnes,13-11-2025
Maharashtra,Pune,Pune(Moshi) APMC,Vegetables,Tomato,Local,Local,"1,000.00","1,500.00","1,250.00",Rs./Quintal,64.40,Metric Tonnes,13-08-2026
Maharashtra,Pune,Pune(Moshi) APMC,Vegetables,Tomato,Local,Local,"1,500.00","2,000.00","1,750.00",Rs./Quintal,76.00,Metric Tonnes,13-07-2026
Maharashtra,Pune,Pune(Moshi) APMC,Vegetables,Tomato,Local,Local,"2,500.00","3,000.00","2,750.00",Rs./Quintal,48.70,Metric Tonnes,13-06-2026
Maharashtra,Pune,Pune(Moshi) APMC,Vegetables,Tomato,Local,Local,700.00,"1,000.00",850.00,Rs./Quintal,70.40,Metric Tonnes,13-04-2026
Maharashtra,Pune,Pune(Moshi) APMC,Vegetables,Tomato,Local,Local,800.00,"1,000.00",900.00,Rs./Quintal,42.20,Metric Tonnes,13-03-2026
Maharashtra,Pune,Pune(Moshi) APMC,Vegetables,Tomato,Local,Local,"1,000.00","2,000.00","1,500.00",Rs./Quintal,70.90,Metric Tonnes,13-02-2026
Maharashtra,Pune,Pune(Moshi) APMC,Vegetables,Tomato,Local,Local,"2,500.00","3,000.00","2,750.00",Rs./Quintal,50.10,Metric Tonnes,13-01-2026
Maharashtra,Pune,Pune(Moshi) APMC,Vegetables,Tomato,Local,Local,"2,000.00","3,000.00","2,500.00",Rs./Quintal,33.80,Metric Tonnes,12-12-2025
Maharashtra,Pune,Pune(Moshi) APMC,Vegetables,Tomato,Local,Local,"2,000.00","3,000.00","2,500.00",Rs./Quintal,80.40,Metric Tonnes,12-07-2026
Maharashtra,Pune,Pune(Moshi) APMC,Vegetables,Tomato,Local,Local,"3,000.00","4,500.00","3,750.00",Rs./Quintal,44.40,Metric Tonnes,12-06-2026
Maharashtra,Pune,Pune(Moshi) APMC,Vegetables,Tomato,Local,Local,"1,500.00","2,000.00","1,750.00",Rs./Quintal,50.80,Metric Tonnes,12-05-2026
Maharashtra,Pune,Pune(Moshi) APMC,Vegetables,Tomato,Local,Local,500.00,"1,000.00",750.00,Rs./Quintal,61.90,Metric Tonnes,12-04-2026
Maharashtra,Pune,Pune(Moshi) APMC,Vegetables,Tomato,Local,Local,700.00,"1,000.00",850.00,Rs./Quintal,73.20,Metric Tonnes,12-03-2026
Maharashtra,Pune,Pune(Moshi) APMC,Vegetables,Tomato,Local,Local,"1,000.00","1,500.00","1,250.00",Rs./Quintal,67.20,Metric Tonnes,12-02-2026
Maharashtra,Pune,Pune(Moshi) APMC,Vegetables,Tomato,Local,Local,"2,000.00","3,000.00","2,500.00",Rs./Quintal,57.30,Metric Tonnes,12-01-2026
Maharashtra,Pune,Pune(Moshi) APMC,Vegetables,Tomato,Local,Local,"2,500.00","3,000.00","2,750.00",Rs./Quintal,58.90,Metric Tonnes,11-12-2025
Maharashtra,Pune,Pune(Moshi) APMC,Vegetables,Tomato,Local,Local,"1,500.00","2,000.00","1,750.00",Rs./Quintal,49.30,Metric Tonnes,11-11-2025
Maharashtra,Pune,Pune(Moshi) APMC,Vegetables,Tomato,Local,Local,800.00,"1,200.00","1,000.00",Rs./Quintal,74.80,Metric Tonnes,11-08-2026
Maharashtra,Pune,Pune(Moshi) APMC,Vegetables,Tomato,Local,Local,"2,000.00","3,000.00","2,500.00",Rs./Quintal,77.60,Metric Tonnes,11-07-2026
Maharashtra,Pune,Pune(Moshi) APMC,Vegetables,Tomato,Local,Local,"2,500.00","3,000.00","2,750.00",Rs./Quintal,56.50,Metric Tonnes,11-06-2026
Maharashtra,Pune,Pune(Moshi) APMC,Vegetables,Tomato,Local,Local,"1,000.00","1,500.00","1,250.00",Rs./Quintal,38.00,Metric Tonnes,11-05-2026
Maharashtra,Pune,Pune(Moshi) APMC,Vegetables,Tomato,Local,Local,800.00,"1,000.00",900.00,Rs./Quintal,55.10,Metric Tonnes,11-04-2026
Maharashtra,Pune,Pune(Moshi) APMC,Vegetables,Tomato,Local,Local,"2,500.00","3,000.00","2,750.00",Rs./Quintal,79.60,Metric Tonnes,11-01-2026
Maharashtra,Pune,Pune(Moshi) APMC,Vegetables,Tomato,Local,Local,"1,500.00","2,000.00","1,750.00",Rs./Quintal,48.50,Metric Tonnes,10-11-2025
Maharashtra,Pune,Pune(Moshi) APMC,Vegetables,Tomato,Local,Local,"1,000.00","1,500.00","1,250.00",Rs./Quintal,64.20,Metric Tonnes,10-08-2026
Maharashtra,Pune,Pune(Moshi) APMC,Vegetables,Tomato,Local,Local,"1,500.00","2,500.00","2,000.00",Rs./Quintal,73.90,Metric Tonnes,10-07-2026
Maharashtra,Pune,Pune(Moshi) APMC,Vegetables,Tomato,Local,Local,900.00,"1,500.00","1,200.00",Rs./Quintal,52.90,Metric Tonnes,10-05-2026
Maharashtra,Pune,Pune(Moshi) APMC,Vegetables,Tomato,Local,Local,"1,000.00","1,500.00","1,250.00",Rs./Quintal,61.00,Metric Tonnes,10-03-2026
Maharashtra,Pune,Pune(Moshi) APMC,Vegetables,Tomato,Local,Local,"1,500.00","2,000.00","1,750.00",Rs./Quintal,44.30,Metric Tonnes,10-02-2026
Maharashtra,Pune,Pune(Moshi) APMC,Vegetables,Tomato,Local,Local,"2,500.00","3,000.00","2,750.00",Rs./Quintal,59.20,Metric Tonnes,10-01-2026
Maharashtra,Pune,Pune(Moshi) APMC,Vegetables,Tomato,Local,Local,"2,000.00","2,500.00","2,250.00",Rs./Quintal,56.50,Metric Tonnes,09-12-2025
Maharashtra,Pune,Pune(Moshi) APMC,Vegetables,Tomato,Local,Local,"1,000.00","1,600.00","1,300.00",Rs./Quintal,61.60,Metric Tonnes,09-11-2025
Maharashtra,Pune,Pune(Moshi) APMC,Vegetables,Tomato,Local,Local,"1,000.00","2,000.00","1,500.00",Rs./Quintal,66.10,Metric Tonnes,09-08-2026
Maharashtra,Pune,Pune(Moshi) APMC,Vegetables,Tomato,Local,Local,"2,500.00","3,000.00","2,750.00",Rs./Quintal,40.10,Metric Tonnes,09-06-2026
Maharashtra,Pune,Pune(Moshi) APMC,Vegetables,Tomato,Local,Local,"1,000.00","1,500.00","1,250.00",Rs./Quintal,46.20,Metric Tonnes,09-05-2026
Maharashtra,Pune,Pune(Moshi) APMC,Vegetables,Tomato,Local,Local,500.00,"1,000.00",750.00,Rs./Quintal,69.90,Metric Tonnes,09-04-2026
Maharashtra,Pune,Pune(Moshi) APMC,Vegetables,Tomato,Local,Local,"1,000.00","1,500.00","1,250.00",Rs./Quintal,56.20,Metric Tonnes,09-03-2026
Maharashtra,Pune,Pune(Moshi) APMC,Vegetables,Tomato,Local,Local,"1,000.00","2,000.00","1,500.00",Rs./Quintal,42.50,Metric Tonnes,09-02-2026
Maharashtra,Pune,Pune(Moshi) APMC,Vegetables,Tomato,Local,Local,"3,000.00","3,000.00","3,000.00",Rs./Quintal,36.70,Metric Tonnes,09-01-2026
Maharashtra,Pune,Pune(Moshi) APMC,Vegetables,Tomato,Local,Local,"2,000.00","3,000.00","2,500.00",Rs./Quintal,52.00,Metric Tonnes,08-12-2025
Maharashtra,Pune,Pune(Moshi) APMC,Vegetables,Tomato,Local,Local,800.00,"1,000.00",900.00,Rs./Quintal,51.40,Metric Tonnes,08-11-2025
Maharashtra,Pune,Pune(Moshi) APMC,Vegetables,Tomato,Local,Local,"1,000.00","2,000.00","1,500.00",Rs./Quintal,68.00,Metric Tonnes,08-08-2026
Maharashtra,Pune,Pune(Moshi) APMC,Vegetables,Tomato,Local,Local,"2,000.00","2,500.00","2,250.00",Rs./Quintal,50.70,Metric Tonnes,08-06-2026
Maharashtra,Pune,Pune(Moshi) APMC,Vegetables,Tomato,Local,Local,800.00,"1,000.00",900.00,Rs./Quintal,32.80,Metric Tonnes,08-05-2026
Maharashtra,Pune,Pune(Moshi) APMC,Vegetables,Tomato,Local,Local,800.00,"1,000.00",900.00,Rs./Quintal,60.90,Metric Tonnes,08-03-2026
Maharashtra,Pune,Pune(Moshi) APMC,Vegetables,Tomato,Local,Local,900.00,"1,800.00","1,350.00",Rs./Quintal,59.90,Metric Tonnes,08-02-2026
Maharashtra,Pune,Pune(Moshi) APMC,Vegetables,Tomato,Local,Local,"2,500.00","3,000.00","2,750.00",Rs./Quintal,74.00,Metric Tonnes,08-01-2026
Maharashtra,Pune,Pune(Moshi) APMC,Vegetables,Tomato,Local,Local,"2,000.00","3,000.00","2,500.00",Rs./Quintal,60.30,Metric Tonnes,07-12-2025
Maharashtra,Pune,Pune(Moshi) APMC,Vegetables,Tomato,Local,Local,"1,200.00","1,500.00","1,350.00",Rs./Quintal,43.40,Metric Tonnes,07-11-2025
Maharashtra,Pune,Pune(Moshi) APMC,Vegetables,Tomato,Local,Local,"1,000.00","1,500.00","1,250.00",Rs./Quintal,61.20,Metric Tonnes,07-08-2026
Maharashtra,Pune,Pune(Moshi) APMC,Vegetables,Tomato,Local,Local,"2,000.00","3,000.00","2,500.00",Rs./Quintal,30.50,Metric Tonnes,07-07-2026
Maharashtra,Pune,Pune(Moshi) APMC,Vegetables,Tomato,Local,Local,"2,000.00","2,500.00","2,250.00",Rs./Quintal,59.50,Metric Tonnes,07-06-2026
Maharashtra,Pune,Pune(Moshi) APMC,Vegetables,Tomato,Local,Local,"1,000.00","1,500.00","1,250.00",Rs./Quintal,48.90,Metric Tonnes,07-05-2026
Maharashtra,Pune,Pune(Moshi) APMC,Vegetables,Tomato,Local,Local,700.00,"1,000.00",850.00,Rs./Quintal,63.20,Metric Tonnes,07-04-2026
Maharashtra,Pune,Pune(Moshi) APMC,Vegetables,Tomato,Local,Local,"1,000.00","1,200.00","1,100.00",Rs./Quintal,54.40,Metric Tonnes,07-03-2026
Maharashtra,Pune,Pune(Moshi) APMC,Vegetables,Tomato,Local,Local,"1,000.00","1,500.00","1,250.00",Rs./Quintal,69.50,Metric Tonnes,07-02-2026
Maharashtra,Pune,Pune(Moshi) APMC,Vegetables,Tomato,Local,Local,"2,000.00","3,000.00","2,500.00",Rs./Quintal,42.20,Metric Tonnes,06-12-2025
Maharashtra,Pune,Pune(Moshi) APMC,Vegetables,Tomato,Local,Local,"1,000.00","1,500.00","1,250.00",Rs./Quintal,76.90,Metric Tonnes,06-08-2026
Maharashtra,Pune,Pune(Moshi) APMC,Vegetables,Tomato,Local,Local,"1,000.00","2,000.00","1,500.00",Rs./Quintal,54.80,Metric Tonnes,06-07-2026
Maharashtra,Pune,Pune(Moshi) APMC,Vegetables,Tomato,Local,Local,"2,500.00","3,000.00","2,750.00",Rs./Quintal,56.30,Metric Tonnes,06-06-2026
Maharashtra,Pune,Pune(Moshi) APMC,Vegetables,Tomato,Local,Local,700.00,"1,000.00",850.00,Rs./Quintal,64.80,Metric Tonnes,06-04-2026
Maharashtra,Pune,Pune(Moshi) APMC,Vegetables,Tomato,Local,Local,"1,000.00","1,200.00","1,100.00",Rs./Quintal,54.40,Metric Tonnes,06-03-2026
Maharashtra,Pune,Pune(Moshi) APMC,Vegetables,Tomato,Local,Local,"1,000.00","2,000.00","1,500.00",Rs./Quintal,41.50,Metric Tonnes,06-02-2026
Maharashtra,Pune,Pune(Moshi) APMC,Vegetables,Tomato,Local,Local,"2,500.00","4,000.00","3,250.00",Rs./Quintal,54.40,Metric Tonnes,06-01-2026
Maharashtra,Pune,Pune(Moshi) APMC,Vegetables,Tomato,Local,Local,"2,000.00","2,500.00","2,250.00",Rs./Quintal,44.20,Metric Tonnes,05-12-2025
Maharashtra,Pune,Pune(Moshi) APMC,Vegetables,Tomato,Local,Local,"1,000.00","2,000.00","1,500.00",Rs./Quintal,41.90,Metric Tonnes,05-07-2026
Maharashtra,Pune,Pune(Moshi) APMC,Vegetables,Tomato,Local,Local,"2,500.00","3,000.00","2,750.00",Rs./Quintal,42.70,Metric Tonnes,05-06-2026
Maharashtra,Pune,Pune(Moshi) APMC,Vegetables,Tomato,Local,Local,900.00,"1,000.00",950.00,Rs./Quintal,47.00,Metric Tonnes,05-05-2026
Maharashtra,Pune,Pune(Moshi) APMC,Vegetables,Tomato,Local,Local,700.00,"1,000.00",850.00,Rs./Quintal,70.20,Metric Tonnes,05-04-2026
Maharashtra,Pune,Pune(Moshi) APMC,Vegetables,Tomato,Local,Local,800.00,"1,000.00",900.00,Rs./Quintal,89.10,Metric Tonnes,05-03-2026
Maharashtra,Pune,Pune(Moshi) APMC,Vegetables,Tomato,Local,Local,800.00,"1,500.00","1,150.00",Rs./Quintal,68.40,Metric Tonnes,05-02-2026
Maharashtra,Pune,Pune(Moshi) APMC,Vegetables,Tomato,Local,Local,"2,000.00","3,000.00","2,500.00",Rs./Quintal,53.80,Metric Tonnes,05-01-2026
Maharashtra,Pune,Pune(Moshi) APMC,Vegetables,Tomato,Local,Local,"2,000.00","2,500.00","2,250.00",Rs./Quintal,64.40,Metric Tonnes,04-12-2025
Maharashtra,Pune,Pune(Moshi) APMC,Vegetables,Tomato,Local,Local,"1,000.00","1,500.00","1,250.00",Rs./Quintal,66.10,Metric Tonnes,04-08-2026
Maharashtra,Pune,Pune(Moshi) APMC,Vegetables,Tomato,Local,Local,"1,800.00","2,000.00","1,900.00",Rs./Quintal,32.00,Metric Tonnes,04-07-2026
Maharashtra,Pune,Pune(Moshi) APMC,Vegetables,Tomato,Local,Local,"2,000.00","2,500.00","2,250.00",Rs./Quintal,69.30,Metric Tonnes,04-06-2026
Maharashtra,Pune,Pune(Moshi) APMC,Vegetables,Tomato,Local,Local,"1,000.00","1,500.00","1,250.00",Rs./Quintal,52.60,Metric Tonnes,04-05-2026
Maharashtra,Pune,Pune(Moshi) APMC,Vegetables,Tomato,Local,Local,700.00,"1,000.00",850.00,Rs./Quintal,62.70,Metric Tonnes,04-04-2026
Maharashtra,Pune,Pune(Moshi) APMC,Vegetables,Tomato,Local,Local,"2,000.00","3,500.00","2,750.00",Rs./Quintal,70.60,Metric Tonnes,04-01-2026
Maharashtra,Pune,Pune(Moshi) APMC,Vegetables,Tomato,Local,Local,"1,000.00","1,200.00","1,100.00",Rs./Quintal,54.40,Metric Tonnes,03-08-2026
Maharashtra,Pune,Pune(Moshi) APMC,Vegetables,Tomato,Local,Local,"1,500.00","2,000.00","1,750.00",Rs./Quintal,38.50,Metric Tonnes,03-07-2026
Maharashtra,Pune,Pune(Moshi) APMC,Vegetables,Tomato,Local,Local,800.00,"1,000.00",900.00,Rs./Quintal,69.20,Metric Tonnes,03-05-2026
Maharashtra,Pune,Pune(Moshi) APMC,Vegetables,Tomato,Local,Local,700.00,"1,000.00",850.00,Rs./Quintal,55.80,Metric Tonnes,03-04-2026
Maharashtra,Pune,Pune(Moshi) APMC,Vegetables,Tomato,Local,Local,"1,000.00","2,000.00","1,500.00",Rs./Quintal,72.30,Metric Tonnes,03-02-2026
Maharashtra,Pune,Pune(Moshi) APMC,Vegetables,Tomato,Local,Local,"2,500.00","3,500.00","3,000.00",Rs./Quintal,70.60,Metric Tonnes,03-01-2026
Maharashtra,Pune,Pune(Moshi) APMC,Vegetables,Tomato,Local,Local,"2,000.00","3,000.00","2,500.00",Rs./Quintal,45.90,Metric Tonnes,02-12-2025
Maharashtra,Pune,Pune(Moshi) APMC,Vegetables,Tomato,Local,Local,"1,000.00","2,000.00","1,500.00",Rs./Quintal,54.50,Metric Tonnes,02-08-2026
Maharashtra,Pune,Pune(Moshi) APMC,Vegetables,Tomato,Local,Local,"1,000.00","2,000.00","1,500.00",Rs./Quintal,64.80,Metric Tonnes,02-07-2026
Maharashtra,Pune,Pune(Moshi) APMC,Vegetables,Tomato,Local,Local,"2,000.00","3,000.00","2,500.00",Rs./Quintal,51.70,Metric Tonnes,02-06-2026
Maharashtra,Pune,Pune(Moshi) APMC,Vegetables,Tomato,Local,Local,800.00,"2,500.00","1,650.00",Rs./Quintal,85.10,Metric Tonnes,02-05-2026
Maharashtra,Pune,Pune(Moshi) APMC,Vegetables,Tomato,Local,Local,700.00,"1,000.00",850.00,Rs./Quintal,83.70,Metric Tonnes,02-04-2026
Maharashtra,Pune,Pune(Moshi) APMC,Vegetables,Tomato,Local,Local,"1,000.00","2,000.00","1,500.00",Rs./Quintal,64.70,Metric Tonnes,02-02-2026
Maharashtra,Pune,Pune(Moshi) APMC,Vegetables,Tomato,Local,Local,"2,000.00","3,000.00","2,500.00",Rs./Quintal,44.90,Metric Tonnes,02-01-2026
Maharashtra,Pune,Pune(Moshi) APMC,Vegetables,Tomato,Local,Local,"3,000.00","5,000.00","4,000.00",Rs./Quintal,57.10,Metric Tonnes,01-12-2025
Maharashtra,Pune,Pune(Moshi) APMC,Vegetables,Tomato,Local,Local,800.00,"1,500.00","1,150.00",Rs./Quintal,31.10,Metric Tonnes,01-08-2026
Maharashtra,Pune,Pune(Moshi) APMC,Vegetables,Tomato,Local,Local,"2,000.00","3,000.00","2,500.00",Rs./Quintal,44.90,Metric Tonnes,01-06-2026
Maharashtra,Pune,Pune(Moshi) APMC,Vegetables,Tomato,Local,Local,800.00,"1,000.00",900.00,Rs./Quintal,66.60,Metric Tonnes,01-03-2026
Maharashtra,Pune,Pune(Moshi) APMC,Vegetables,Tomato,Local,Local,"1,000.00","1,500.00","1,250.00",Rs./Quintal,91.20,Metric Tonnes,01-02-2026
Maharashtra,Pune,Pune(Moshi) APMC,Vegetables,Tomato,Local,Local,"2,000.00","3,000.00","2,500.00",Rs./Quintal,57.30,Metric Tonnes,01-01-2026
Maharashtra,Pune,Pune(Pimpri) APMC,Vegetables,Tomato,Local,Local,"2,900.00","3,200.00","3,050.00",Rs./Quintal,1.40,Metric Tonnes,31-12-2025
Maharashtra,Pune,Pune(Pimpri) APMC,Vegetables,Tomato,Local,Local,"2,000.00","2,500.00","2,250.00",Rs./Quintal,0.70,Metric Tonnes,31-05-2026
Maharashtra,Pune,Pune(Pimpri) APMC,Vegetables,Tomato,Local,Local,"1,200.00","1,400.00","1,300.00",Rs./Quintal,1.10,Metric Tonnes,31-03-2026
Maharashtra,Pune,Pune(Pimpri) APMC,Vegetables,Tomato,Local,Local,"1,000.00","1,600.00","1,300.00",Rs./Quintal,1.90,Metric Tonnes,31-01-2026
Maharashtra,Pune,Pune(Pimpri) APMC,Vegetables,Tomato,Local,Local,"2,500.00","3,700.00","3,100.00",Rs./Quintal,0.50,Metric Tonnes,30-12-2025
Maharashtra,Pune,Pune(Pimpri) APMC,Vegetables,Tomato,Local,Local,"1,800.00","2,200.00","2,000.00",Rs./Quintal,1.30,Metric Tonnes,30-11-2025
Maharashtra,Pune,Pune(Pimpri) APMC,Vegetables,Tomato,Local,Local,"2,000.00","2,000.00","2,000.00",Rs./Quintal,0.50,Metric Tonnes,30-07-2026
Maharashtra,Pune,Pune(Pimpri) APMC,Vegetables,Tomato,Local,Local,"2,000.00","2,500.00","2,250.00",Rs./Quintal,0.10,Metric Tonnes,30-06-2026
Maharashtra,Pune,Pune(Pimpri) APMC,Vegetables,Tomato,Local,Local,"1,800.00","2,000.00","1,900.00",Rs./Quintal,0.70,Metric Tonnes,30-05-2026
Maharashtra,Pune,Pune(Pimpri) APMC,Vegetables,Tomato,Local,Local,"2,000.00","2,200.00","2,100.00",Rs./Quintal,0.40,Metric Tonnes,30-04-2026
Maharashtra,Pune,Pune(Pimpri) APMC,Vegetables,Tomato,Local,Local,"1,400.00","1,600.00","1,500.00",Rs./Quintal,0.50,Metric Tonnes,30-03-2026
Maharashtra,Pune,Pune(Pimpri) APMC,Vegetables,Tomato,Local,Local,"1,200.00","2,000.00","1,600.00",Rs./Quintal,1.40,Metric Tonnes,30-01-2026
Maharashtra,Pune,Pune(Pimpri) APMC,Vegetables,Tomato,Local,Local,"3,000.00","3,700.00","3,350.00",Rs./Quintal,0.70,Metric Tonnes,29-12-2025
Maharashtra,Pune,Pune(Pimpri) APMC,Vegetables,Tomato,Local,Local,"2,000.00","3,000.00","2,500.00",Rs./Quintal,1.30,Metric Tonnes,29-11-2025
Maharashtra,Pune,Pune(Pimpri) APMC,Vegetables,Tomato,Local,Local,"2,000.00","2,000.00","2,000.00",Rs./Quintal,0.50,Metric Tonnes,29-07-2026
Maharashtra,Pune,Pune(Pimpri) APMC,Vegetables,Tomato,Local,Local,"2,000.00","2,600.00","2,300.00",Rs./Quintal,0.10,Metric Tonnes,29-05-2026
Maharashtra,Pune,Pune(Pimpri) APMC,Vegetables,Tomato,Local,Local,"1,400.00","2,000.00","1,700.00",Rs./Quintal,1.10,Metric Tonnes,29-04-2026
Maharashtra,Pune,Pune(Pimpri) APMC,Vegetables,Tomato,Local,Local,"1,200.00","1,500.00","1,350.00",Rs./Quintal,2.40,Metric Tonnes,29-03-2026
Maharashtra,Pune,Pune(Pimpri) APMC,Vegetables,Tomato,Local,Local,"2,500.00","3,800.00","3,150.00",Rs./Quintal,0.70,Metric Tonnes,28-12-2025
Maharashtra,Pune,Pune(Pimpri) APMC,Vegetables,Tomato,Local,Local,"2,000.00","3,000.00","2,500.00",Rs./Quintal,0.80,Metric Tonnes,28-11-2025
Maharashtra,Pune,Pune(Pimpri) APMC,Vegetables,Tomato,Local,Local,"2,000.00","2,000.00","2,000.00",Rs./Quintal,0.30,Metric Tonnes,28-07-2026
Maharashtra,Pune,Pune(Pimpri) APMC,Vegetables,Tomato,Local,Local,"2,000.00","2,000.00","2,000.00",Rs./Quintal,0.90,Metric Tonnes,28-06-2026
Maharashtra,Pune,Pune(Pimpri) APMC,Vegetables,Tomato,Local,Local,"2,000.00","2,000.00","2,000.00",Rs./Quintal,0.40,Metric Tonnes,28-05-2026
Maharashtra,Pune,Pune(Pimpri) APMC,Vegetables,Tomato,Local,Local,"1,200.00","1,200.00","1,200.00",Rs./Quintal,0.60,Metric Tonnes,28-04-2026
Maharashtra,Pune,Pune(Pimpri) APMC,Vegetables,Tomato,Local,Local,"1,200.00","1,600.00","1,400.00",Rs./Quintal,1.10,Metric Tonnes,28-03-2026
Maharashtra,Pune,Pune(Pimpri) APMC,Vegetables,Tomato,Local,Local,"1,200.00","1,500.00","1,350.00",Rs./Quintal,1.00,Metric Tonnes,28-02-2026
Maharashtra,Pune,Pune(Pimpri) APMC,Vegetables,Tomato,Local,Local,"1,400.00","2,000.00","1,700.00",Rs./Quintal,1.00,Metric Tonnes,28-01-2026
Maharashtra,Pune,Pune(Pimpri) APMC,Vegetables,Tomato,Local,Local,"2,000.00","3,600.00","2,800.00",Rs./Quintal,1.10,Metric Tonnes,27-12-2025
Maharashtra,Pune,Pune(Pimpri) APMC,Vegetables,Tomato,Local,Local,"3,000.00","4,000.00","3,500.00",Rs./Quintal,0.70,Metric Tonnes,27-11-2025
Maharashtra,Pune,Pune(Pimpri) APMC,Vegetables,Tomato,Local,Local,"2,000.00","2,000.00","2,000.00",Rs./Quintal,0.40,Metric Tonnes,27-06-2026
Maharashtra,Pune,Pune(Pimpri) APMC,Vegetables,Tomato,Local,Local,"2,000.00","2,200.00","2,100.00",Rs./Quintal,0.70,Metric Tonnes,27-05-2026
Maharashtra,Pune,Pune(Pimpri) APMC,Vegetables,Tomato,Local,Local,"1,000.00","1,400.00","1,200.00",Rs./Quintal,1.00,Metric Tonnes,27-04-2026
Maharashtra,Pune,Pune(Pimpri) APMC,Vegetables,Tomato,Local,Local,"1,400.00","1,700.00","1,550.00",Rs./Quintal,0.90,Metric Tonnes,27-03-2026
Maharashtra,Pune,Pune(Pimpri) APMC,Vegetables,Tomato,Local,Local,"1,200.00","1,500.00","1,350.00",Rs./Quintal,0.80,Metric Tonnes,27-02-2026
Maharashtra,Pune,Pune(Pimpri) APMC,Vegetables,Tomato,Local,Local,"1,600.00","1,600.00","1,600.00",Rs./Quintal,0.20,Metric Tonnes,27-01-2026
Maharashtra,Pune,Pune(Pimpri) APMC,Vegetables,Tomato,Local,Local,"2,500.00","4,000.00","3,250.00",Rs./Quintal,1.10,Metric Tonnes,26-12-2025
Maharashtra,Pune,Pune(Pimpri) APMC,Vegetables,Tomato,Local,Local,"3,000.00","4,000.00","3,500.00",Rs./Quintal,0.70,Metric Tonnes,26-11-2025
Maharashtra,Pune,Pune(Pimpri) APMC,Vegetables,Tomato,Local,Local,"2,000.00","2,000.00","2,000.00",Rs./Quintal,1.10,Metric Tonnes,26-07-2026
Maharashtra,Pune,Pune(Pimpri) APMC,Vegetables,Tomato,Local,Local,"3,000.00","3,000.00","3,000.00",Rs./Quintal,0.40,Metric Tonnes,26-06-2026
Maharashtra,Pune,Pune(Pimpri) APMC,Vegetables,Tomato,Local,Local,"2,000.00","2,400.00","2,200.00",Rs./Quintal,0.30,Metric Tonnes,26-05-2026
Maharashtra,Pune,Pune(Pimpri) APMC,Vegetables,Tomato,Local,Local,"1,200.00","1,500.00","1,350.00",Rs./Quintal,1.30,Metric Tonnes,26-04-2026
Maharashtra,Pune,Pune(Pimpri) APMC,Vegetables,Tomato,Local,Local,"1,300.00","1,400.00","1,350.00",Rs./Quintal,0.50,Metric Tonnes,26-03-2026
Maharashtra,Pune,Pune(Pimpri) APMC,Vegetables,Tomato,Local,Local,"1,400.00","1,500.00","1,450.00",Rs./Quintal,1.00,Metric Tonnes,26-02-2026
Maharashtra,Pune,Pune(Pimpri) APMC,Vegetables,Tomato,Local,Local,"1,200.00","2,000.00","1,600.00",Rs./Quintal,1.00,Metric Tonnes,26-01-2026
Maharashtra,Pune,Pune(Pimpri) APMC,Vegetables,Tomato,Local,Local,"2,000.00","3,800.00","2,900.00",Rs./Quintal,1.00,Metric Tonnes,25-12-2025
Maharashtra,Pune,Pune(Pimpri) APMC,Vegetables,Tomato,Local,Local,"2,500.00","4,500.00","3,500.00",Rs./Quintal,0.60,Metric Tonnes,25-11-2025
Maharashtra,Pune,Pune(Pimpri) APMC,Vegetables,Tomato,Local,Local,"2,000.00","2,000.00","2,000.00",Rs./Quintal,0.20,Metric Tonnes,25-07-2026
Maharashtra,Pune,Pune(Pimpri) APMC,Vegetables,Tomato,Local,Local,"2,000.00","2,500.00","2,250.00",Rs./Quintal,1.00,Metric Tonnes,25-05-2026
Maharashtra,Pune,Pune(Pimpri) APMC,Vegetables,Tomato,Local,Local,"1,200.00","1,500.00","1,350.00",Rs./Quintal,0.50,Metric Tonnes,25-04-2026
Maharashtra,Pune,Pune(Pimpri) APMC,Vegetables,Tomato,Local,Local,"1,400.00","1,400.00","1,400.00",Rs./Quintal,1.30,Metric Tonnes,25-03-2026
Maharashtra,Pune,Pune(Pimpri) APMC,Vegetables,Tomato,Local,Local,"1,000.00","1,500.00","1,250.00",Rs./Quintal,1.70,Metric Tonnes,25-02-2026
Maharashtra,Pune,Pune(Pimpri) APMC,Vegetables,Tomato,Local,Local,"1,300.00","2,000.00","1,650.00",Rs./Quintal,1.10,Metric Tonnes,25-01-2026
Maharashtra,Pune,Pune(Pimpri) APMC,Vegetables,Tomato,Local,Local,"2,500.00","4,000.00","3,250.00",Rs./Quintal,0.40,Metric Tonnes,24-12-2025
Maharashtra,Pune,Pune(Pimpri) APMC,Vegetables,Tomato,Local,Local,"2,500.00","4,500.00","3,500.00",Rs./Quintal,1.20,Metric Tonnes,24-11-2025
Maharashtra,Pune,Pune(Pimpri) APMC,Vegetables,Tomato,Local,Local,"3,000.00","3,000.00","3,000.00",Rs./Quintal,0.20,Metric Tonnes,24-06-2026
Maharashtra,Pune,Pune(Pimpri) APMC,Vegetables,Tomato,Local,Local,"2,000.00","2,600.00","2,300.00",Rs./Quintal,1.80,Metric Tonnes,24-05-2026
Maharashtra,Pune,Pune(Pimpri) APMC,Vegetables,Tomato,Local,Local,"1,000.00","1,500.00","1,250.00",Rs./Quintal,0.70,Metric Tonnes,24-04-2026
Maharashtra,Pune,Pune(Pimpri) APMC,Vegetables,Tomato,Local,Local,"1,300.00","1,400.00","1,350.00",Rs./Quintal,0.50,Metric Tonnes,24-03-2026
Maharashtra,Pune,Pune(Pimpri) APMC,Vegetables,Tomato,Local,Local,"1,300.00","1,500.00","1,400.00",Rs./Quintal,1.60,Metric Tonnes,24-02-2026
Maharashtra,Pune,Pune(Pimpri) APMC,Vegetables,Tomato,Local,Local,"1,600.00","2,000.00","1,800.00",Rs./Quintal,1.00,Metric Tonnes,24-01-2026
Maharashtra,Pune,Pune(Pimpri) APMC,Vegetables,Tomato,Local,Local,"2,200.00","3,700.00","2,950.00",Rs./Quintal,0.40,Metric Tonnes,23-12-2025
Maharashtra,Pune,Pune(Pimpri) APMC,Vegetables,Tomato,Local,Local,"3,500.00","4,500.00","4,000.00",Rs./Quintal,1.20,Metric Tonnes,23-11-2025
Maharashtra,Pune,Pune(Pimpri) APMC,Vegetables,Tomato,Local,Local,"2,000.00","2,300.00","2,150.00",Rs./Quintal,0.30,Metric Tonnes,23-07-2026
Maharashtra,Pune,Pune(Pimpri) APMC,Vegetables,Tomato,Local,Local,"1,800.00","3,000.00","2,400.00",Rs./Quintal,0.20,Metric Tonnes,23-06-2026
Maharashtra,Pune,Pune(Pimpri) APMC,Vegetables,Tomato,Local,Local,"2,000.00","2,700.00","2,350.00",Rs./Quintal,0.80,Metric Tonnes,23-05-2026
Maharashtra,Pune,Pune(Pimpri) APMC,Vegetables,Tomato,Local,Local,"1,500.00","1,500.00","1,500.00",Rs./Quintal,0.30,Metric Tonnes,23-04-2026
Maharashtra,Pune,Pune(Pimpri) APMC,Vegetables,Tomato,Local,Local,"1,400.00","1,400.00","1,400.00",Rs./Quintal,0.40,Metric Tonnes,23-03-2026
Maharashtra,Pune,Pune(Pimpri) APMC,Vegetables,Tomato,Local,Local,"1,400.00","1,500.00","1,450.00",Rs./Quintal,1.10,Metric Tonnes,23-02-2026
Maharashtra,Pune,Pune(Pimpri) APMC,Vegetables,Tomato,Local,Local,"1,400.00","2,000.00","1,700.00",Rs./Quintal,0.40,Metric Tonnes,23-01-2026
Maharashtra,Pune,Pune(Pimpri) APMC,Vegetables,Tomato,Local,Local,"3,000.00","3,500.00","3,250.00",Rs./Quintal,0.30,Metric Tonnes,22-12-2025
Maharashtra,Pune,Pune(Pimpri) APMC,Vegetables,Tomato,Local,Local,"2,500.00","4,500.00","3,500.00",Rs./Quintal,0.50,Metric Tonnes,22-11-2025
Maharashtra,Pune,Pune(Pimpri) APMC,Vegetables,Tomato,Local,Local,"2,000.00","2,000.00","2,000.00",Rs./Quintal,0.70,Metric Tonnes,22-07-2026
Maharashtra,Pune,Pune(Pimpri) APMC,Vegetables,Tomato,Local,Local,"2,000.00","3,000.00","2,500.00",Rs./Quintal,0.20,Metric Tonnes,22-06-2026
Maharashtra,Pune,Pune(Pimpri) APMC,Vegetables,Tomato,Local,Local,"2,000.00","2,600.00","2,300.00",Rs./Quintal,0.70,Metric Tonnes,22-05-2026
Maharashtra,Pune,Pune(Pimpri) APMC,Vegetables,Tomato,Local,Local,"1,200.00","1,700.00","1,450.00",Rs./Quintal,2.40,Metric Tonnes,22-04-2026
Maharashtra,Pune,Pune(Pimpri) APMC,Vegetables,Tomato,Local,Local,"1,400.00","1,500.00","1,450.00",Rs./Quintal,2.20,Metric Tonnes,22-02-2026
Maharashtra,Pune,Pune(Pimpri) APMC,Vegetables,Tomato,Local,Local,"1,500.00","1,700.00","1,600.00",Rs./Quintal,0.30,Metric Tonnes,22-01-2026
Maharashtra,Pune,Pune(Pimpri) APMC,Vegetables,Tomato,Local,Local,"2,500.00","4,300.00","3,400.00",Rs./Quintal,0.70,Metric Tonnes,21-12-2025
Maharashtra,Pune,Pune(Pimpri) APMC,Vegetables,Tomato,Local,Local,"3,800.00","4,200.00","4,000.00",Rs./Quintal,1.10,Metric Tonnes,21-11-2025
Maharashtra,Pune,Pune(Pimpri) APMC,Vegetables,Tomato,Local,Local,"1,200.00","1,500.00","1,350.00",Rs./Quintal,0.40,Metric Tonnes,21-08-2026
Maharashtra,Pune,Pune(Pimpri) APMC,Vegetables,Tomato,Local,Local,"2,000.00","2,000.00","2,000.00",Rs./Quintal,0.20,Metric Tonnes,21-07-2026
Maharashtra,Pune,Pune(Pimpri) APMC,Vegetables,Tomato,Local,Local,"1,200.00","2,000.00","1,600.00",Rs./Quintal,0.50,Metric Tonnes,21-06-2026
Maharashtra,Pune,Pune(Pimpri) APMC,Vegetables,Tomato,Local,Local,"2,300.00","2,400.00","2,350.00",Rs./Quintal,0.60,Metric Tonnes,21-05-2026
Maharashtra,Pune,Pune(Pimpri) APMC,Vegetables,Tomato,Local,Local,"1,400.00","2,000.00","1,700.00",Rs./Quintal,1.00,Metric Tonnes,21-04-2026
Maharashtra,Pune,Pune(Pimpri) APMC,Vegetables,Tomato,Local,Local,"1,200.00","1,400.00","1,300.00",Rs./Quintal,0.80,Metric Tonnes,21-03-2026
Maharashtra,Pune,Pune(Pimpri) APMC,Vegetables,Tomato,Local,Local,"1,000.00","1,400.00","1,200.00",Rs./Quintal,1.70,Metric Tonnes,21-02-2026
Maharashtra,Pune,Pune(Pimpri) APMC,Vegetables,Tomato,Local,Local,"1,800.00","2,500.00","2,150.00",Rs./Quintal,1.30,Metric Tonnes,21-01-2026
Maharashtra,Pune,Pune(Pimpri) APMC,Vegetables,Tomato,Local,Local,"2,600.00","4,500.00","3,550.00",Rs./Quintal,1.00,Metric Tonnes,20-12-2025
Maharashtra,Pune,Pune(Pimpri) APMC,Vegetables,Tomato,Local,Local,"2,500.00","2,500.00","2,500.00",Rs./Quintal,0.10,Metric Tonnes,20-11-2025
Maharashtra,Pune,Pune(Pimpri) APMC,Vegetables,Tomato,Local,Local,"1,000.00","1,000.00","1,000.00",Rs./Quintal,0.30,Metric Tonnes,20-08-2026
Maharashtra,Pune,Pune(Pimpri) APMC,Vegetables,Tomato,Local,Local,"2,000.00","2,400.00","2,200.00",Rs./Quintal,0.30,Metric Tonnes,20-07-2026
Maharashtra,Pune,Pune(Pimpri) APMC,Vegetables,Tomato,Local,Local,"2,000.00","3,000.00","2,500.00",Rs./Quintal,0.60,Metric Tonnes,20-06-2026
Maharashtra,Pune,Pune(Pimpri) APMC,Vegetables,Tomato,Local,Local,"2,000.00","2,600.00","2,300.00",Rs./Quintal,0.70,Metric Tonnes,20-05-2026
Maharashtra,Pune,Pune(Pimpri) APMC,Vegetables,Tomato,Local,Local,"1,400.00","2,000.00","1,700.00",Rs./Quintal,1.20,Metric Tonnes,20-04-2026
Maharashtra,Pune,Pune(Pimpri) APMC,Vegetables,Tomato,Local,Local,"1,400.00","1,500.00","1,450.00",Rs./Quintal,0.90,Metric Tonnes,20-03-2026
Maharashtra,Pune,Pune(Pimpri) APMC,Vegetables,Tomato,Local,Local,"1,400.00","1,400.00","1,400.00",Rs./Quintal,0.90,Metric Tonnes,20-02-2026
Maharashtra,Pune,Pune(Pimpri) APMC,Vegetables,Tomato,Local,Local,"1,400.00","2,500.00","1,950.00",Rs./Quintal,0.30,Metric Tonnes,20-01-2026
Maharashtra,Pune,Pune(Pimpri) APMC,Vegetables,Tomato,Local,Local,"2,200.00","4,200.00","3,200.00",Rs./Quintal,0.60,Metric Tonnes,19-12-2025
Maharashtra,Pune,Pune(Pimpri) APMC,Vegetables,Tomato,Local,Local,"3,000.00","4,000.00","3,500.00",Rs./Quintal,1.20,Metric Tonnes,19-11-2025
Maharashtra,Pune,Pune(Pimpri) APMC,Vegetables,Tomato,Local,Local,"1,000.00","1,400.00","1,200.00",Rs./Quintal,0.30,Metric Tonnes,19-08-2026
Maharashtra,Pune,Pune(Pimpri) APMC,Vegetables,Tomato,Local,Local,"2,000.00","2,000.00","2,000.00",Rs./Quintal,1.10,Metric Tonnes,19-07-2026
Maharashtra,Pune,Pune(Pimpri) APMC,Vegetables,Tomato,Local,Local,"2,500.00","3,200.00","2,850.00",Rs./Quintal,0.20,Metric Tonnes,19-06-2026
Maharashtra,Pune,Pune(Pimpri) APMC,Vegetables,Tomato,Local,Local,"2,700.00","2,700.00","2,700.00",Rs./Quintal,0.20,Metric Tonnes,19-05-2026
Maharashtra,Pune,Pune(Pimpri) APMC,Vegetables,Tomato,Local,Local,"1,200.00","1,900.00","1,550.00",Rs./Quintal,3.00,Metric Tonnes,19-04-2026
Maharashtra,Pune,Pune(Pimpri) APMC,Vegetables,Tomato,Local,Local,"1,400.00","1,500.00","1,450.00",Rs./Quintal,0.50,Metric Tonnes,19-03-2026
Maharashtra,Pune,Pune(Pimpri) APMC,Vegetables,Tomato,Local,Local,"1,400.00","1,500.00","1,450.00",Rs./Quintal,0.50,Metric Tonnes,19-02-2026
Maharashtra,Pune,Pune(Pimpri) APMC,Vegetables,Tomato,Local,Local,900.00,"2,000.00","1,450.00",Rs./Quintal,0.60,Metric Tonnes,19-01-2026
Maharashtra,Pune,Pune(Pimpri) APMC,Vegetables,Tomato,Local,Local,"3,000.00","4,500.00","3,750.00",Rs./Quintal,1.40,Metric Tonnes,18-12-2025
Maharashtra,Pune,Pune(Pimpri) APMC,Vegetables,Tomato,Local,Local,"2,000.00","3,200.00","2,600.00",Rs./Quintal,0.40,Metric Tonnes,18-11-2025
Maharashtra,Pune,Pune(Pimpri) APMC,Vegetables,Tomato,Local,Local,"1,400.00","1,500.00","1,450.00",Rs./Quintal,0.30,Metric Tonnes,18-08-2026
Maharashtra,Pune,Pune(Pimpri) APMC,Vegetables,Tomato,Local,Local,"2,000.00","2,000.00","2,000.00",Rs./Quintal,0.50,Metric Tonnes,18-07-2026
Maharashtra,Pune,Pune(Pimpri) APMC,Vegetables,Tomato,Local,Local,"2,000.00","2,000.00","2,000.00",Rs./Quintal,0.30,Metric Tonnes,18-06-2026
Maharashtra,Pune,Pune(Pimpri) APMC,Vegetables,Tomato,Local,Local,"2,600.00","2,800.00","2,700.00",Rs./Quintal,0.50,Metric Tonnes,18-05-2026
Maharashtra,Pune,Pune(Pimpri) APMC,Vegetables,Tomato,Local,Local,"1,200.00","1,400.00","1,300.00",Rs./Quintal,1.30,Metric Tonnes,18-04-2026
Maharashtra,Pune,Pune(Pimpri) APMC,Vegetables,Tomato,Local,Local,"1,000.00","1,700.00","1,350.00",Rs./Quintal,1.30,Metric Tonnes,18-03-2026
Maharashtra,Pune,Pune(Pimpri) APMC,Vegetables,Tomato,Local,Local,"1,400.00","1,700.00","1,550.00",Rs./Quintal,1.10,Metric Tonnes,18-02-2026
Maharashtra,Pune,Pune(Pimpri) APMC,Vegetables,Tomato,Local,Local,"1,400.00","2,700.00","2,050.00",Rs./Quintal,1.80,Metric Tonnes,18-01-2026
Maharashtra,Pune,Pune(Pimpri) APMC,Vegetables,Tomato,Local,Local,"3,000.00","4,000.00","3,500.00",Rs./Quintal,1.60,Metric Tonnes,17-11-2025
Maharashtra,Pune,Pune(Pimpri) APMC,Vegetables,Tomato,Local,Local,"1,800.00","1,800.00","1,800.00",Rs./Quintal,0.20,Metric Tonnes,17-08-2026
Maharashtra,Pune,Pune(Pimpri) APMC,Vegetables,Tomato,Local,Local,"1,800.00","2,300.00","2,050.00",Rs./Quintal,0.20,Metric Tonnes,17-07-2026
Maharashtra,Pune,Pune(Pimpri) APMC,Vegetables,Tomato,Local,Local,"2,000.00","3,000.00","2,500.00",Rs./Quintal,0.70,Metric Tonnes,17-06-2026
Maharashtra,Pune,Pune(Pimpri) APMC,Vegetables,Tomato,Local,Local,"2,000.00","2,000.00","2,000.00",Rs./Quintal,1.20,Metric Tonnes,17-05-2026
Maharashtra,Pune,Pune(Pimpri) APMC,Vegetables,Tomato,Local,Local,"1,400.00","1,600.00","1,500.00",Rs./Quintal,0.30,Metric Tonnes,17-04-2026
Maharashtra,Pune,Pune(Pimpri) APMC,Vegetables,Tomato,Local,Local,"1,500.00","1,600.00","1,550.00",Rs./Quintal,0.90,Metric Tonnes,17-03-2026
Maharashtra,Pune,Pune(Pimpri) APMC,Vegetables,Tomato,Local,Local,"1,300.00","1,600.00","1,450.00",Rs./Quintal,0.90,Metric Tonnes,17-02-2026
Maharashtra,Pune,Pune(Pimpri) APMC,Vegetables,Tomato,Local,Local,"2,000.00","3,000.00","2,500.00",Rs./Quintal,0.40,Metric Tonnes,17-01-2026
Maharashtra,Pune,Pune(Pimpri) APMC,Vegetables,Tomato,Local,Local,"3,000.00","4,300.00","3,650.00",Rs./Quintal,0.60,Metric Tonnes,16-12-2025
Maharashtra,Pune,Pune(Pimpri) APMC,Vegetables,Tomato,Local,Local,"1,500.00","3,500.00","2,500.00",Rs./Quintal,1.30,Metric Tonnes,16-11-2025
Maharashtra,Pune,Pune(Pimpri) APMC,Vegetables,Tomato,Local,Local,"1,200.00","1,500.00","1,350.00",Rs./Quintal,1.30,Metric Tonnes,16-08-2026
Maharashtra,Pune,Pune(Pimpri) APMC,Vegetables,Tomato,Local,Local,"2,000.00","2,000.00","2,000.00",Rs./Quintal,0.20,Metric Tonnes,16-07-2026
Maharashtra,Pune,Pune(Pimpri) APMC,Vegetables,Tomato,Local,Local,"2,000.00","2,600.00","2,300.00",Rs./Quintal,0.20,Metric Tonnes,16-06-2026
Maharashtra,Pune,Pune(Pimpri) APMC,Vegetables,Tomato,Local,Local,"2,000.00","2,100.00","2,050.00",Rs./Quintal,0.40,Metric Tonnes,16-05-2026
Maharashtra,Pune,Pune(Pimpri) APMC,Vegetables,Tomato,Local,Local,"1,400.00","1,700.00","1,550.00",Rs./Quintal,0.70,Metric Tonnes,16-04-2026
Maharashtra,Pune,Pune(Pimpri) APMC,Vegetables,Tomato,Local,Local,"1,500.00","1,500.00","1,500.00",Rs./Quintal,0.70,Metric Tonnes,16-03-2026
Maharashtra,Pune,Pune(Pimpri) APMC,Vegetables,Tomato,Local,Local,"1,500.00","1,500.00","1,500.00",Rs./Quintal,0.90,Metric Tonnes,16-02-2026
Maharashtra,Pune,Pune(Pimpri) APMC,Vegetables,Tomato,Local,Local,"1,800.00","2,400.00","2,100.00",Rs./Quintal,0.90,Metric Tonnes,16-01-2026
Maharashtra,Pune,Pune(Pimpri) APMC,Vegetables,Tomato,Local,Local,"2,200.00","3,500.00","2,850.00",Rs./Quintal,0.80,Metric Tonnes,15-12-2025
Maharashtra,Pune,Pune(Pimpri) APMC,Vegetables,Tomato,Local,Local,"2,500.00","3,000.00","2,750.00",Rs./Quintal,1.10,Metric Tonnes,15-11-2025
Maharashtra,Pune,Pune(Pimpri) APMC,Vegetables,Tomato,Local,Local,"1,200.00","1,500.00","1,350.00",Rs./Quintal,1.20,Metric Tonnes,15-08-2026
Maharashtra,Pune,Pune(Pimpri) APMC,Vegetables,Tomato,Local,Local,"2,000.00","2,000.00","2,000.00",Rs./Quintal,0.60,Metric Tonnes,15-07-2026
Maharashtra,Pune,Pune(Pimpri) APMC,Vegetables,Tomato,Local,Local,"2,500.00","2,500.00","2,500.00",Rs./Quintal,0.30,Metric Tonnes,15-06-2026
Maharashtra,Pune,Pune(Pimpri) APMC,Vegetables,Tomato,Local,Local,"2,000.00","2,000.00","2,000.00",Rs./Quintal,0.10,Metric Tonnes,15-05-2026
Maharashtra,Pune,Pune(Pimpri) APMC,Vegetables,Tomato,Local,Local,"1,300.00","1,300.00","1,300.00",Rs./Quintal,0.20,Metric Tonnes,15-04-2026
Maharashtra,Pune,Pune(Pimpri) APMC,Vegetables,Tomato,Local,Local,700.00,"1,600.00","1,150.00",Rs./Quintal,2.80,Metric Tonnes,15-03-2026
Maharashtra,Pune,Pune(Pimpri) APMC,Vegetables,Tomato,Local,Local,800.00,"1,700.00","1,250.00",Rs./Quintal,2.40,Metric Tonnes,15-02-2026
Maharashtra,Pune,Pune(Pimpri) APMC,Vegetables,Tomato,Local,Local,"2,000.00","4,000.00","3,000.00",Rs./Quintal,1.50,Metric Tonnes,14-12-2025
Maharashtra,Pune,Pune(Pimpri) APMC,Vegetables,Tomato,Local,Local,"1,500.00","2,500.00","2,000.00",Rs./Quintal,0.80,Metric Tonnes,14-11-2025
Maharashtra,Pune,Pune(Pimpri) APMC,Vegetables,Tomato,Local,Local,"1,000.00","1,500.00","1,250.00",Rs./Quintal,0.70,Metric Tonnes,14-08-2026
Maharashtra,Pune,Pune(Pimpri) APMC,Vegetables,Tomato,Local,Local,"2,500.00","2,700.00","2,600.00",Rs./Quintal,0.60,Metric Tonnes,14-06-2026
Maharashtra,Pune,Pune(Pimpri) APMC,Vegetables,Tomato,Local,Local,"1,200.00","2,500.00","1,850.00",Rs./Quintal,0.30,Metric Tonnes,14-05-2026
Maharashtra,Pune,Pune(Pimpri) APMC,Vegetables,Tomato,Local,Local,"1,200.00","1,300.00","1,250.00",Rs./Quintal,0.40,Metric Tonnes,14-04-2026
Maharashtra,Pune,Pune(Pimpri) APMC,Vegetables,Tomato,Local,Local,"1,200.00","1,500.00","1,350.00",Rs./Quintal,1.70,Metric Tonnes,14-03-2026
Maharashtra,Pune,Pune(Pimpri) APMC,Vegetables,Tomato,Local,Local,"1,200.00","1,600.00","1,400.00",Rs./Quintal,0.20,Metric Tonnes,14-02-2026
Maharashtra,Pune,Pune(Pimpri) APMC,Vegetables,Tomato,Local,Local,"1,000.00","1,900.00","1,450.00",Rs./Quintal,1.30,Metric Tonnes,14-01-2026
Maharashtra,Pune,Pune(Pimpri) APMC,Vegetables,Tomato,Local,Local,"2,000.00","4,000.00","3,000.00",Rs./Quintal,1.50,Metric Tonnes,13-12-2025
Maharashtra,Pune,Pune(Pimpri) APMC,Vegetables,Tomato,Local,Local,"2,000.00","3,000.00","2,500.00",Rs./Quintal,1.30,Metric Tonnes,13-11-2025
Maharashtra,Pune,Pune(Pimpri) APMC,Vegetables,Tomato,Local,Local,"1,200.00","1,500.00","1,350.00",Rs./Quintal,0.40,Metric Tonnes,13-08-2026
Maharashtra,Pune,Pune(Pimpri) APMC,Vegetables,Tomato,Local,Local,"2,000.00","3,000.00","2,500.00",Rs./Quintal,0.90,Metric Tonnes,13-06-2026
Maharashtra,Pune,Pune(Pimpri) APMC,Vegetables,Tomato,Local,Local,"2,000.00","2,400.00","2,200.00",Rs./Quintal,0.50,Metric Tonnes,13-05-2026
Maharashtra,Pune,Pune(Pimpri) APMC,Vegetables,Tomato,Local,Local,"1,200.00","1,200.00","1,200.00",Rs./Quintal,0.50,Metric Tonnes,13-04-2026
Maharashtra,Pune,Pune(Pimpri) APMC,Vegetables,Tomato,Local,Local,"1,500.00","1,600.00","1,550.00",Rs./Quintal,1.00,Metric Tonnes,13-03-2026
Maharashtra,Pune,Pune(Pimpri) APMC,Vegetables,Tomato,Local,Local,"1,500.00","1,600.00","1,550.00",Rs./Quintal,0.70,Metric Tonnes,13-02-2026
Maharashtra,Pune,Pune(Pimpri) APMC,Vegetables,Tomato,Local,Local,"1,200.00","2,200.00","1,700.00",Rs./Quintal,0.20,Metric Tonnes,13-01-2026
Maharashtra,Pune,Pune(Pimpri) APMC,Vegetables,Tomato,Local,Local,"3,000.00","3,000.00","3,000.00",Rs./Quintal,0.30,Metric Tonnes,12-12-2025
Maharashtra,Pune,Pune(Pimpri) APMC,Vegetables,Tomato,Local,Local,"1,500.00","2,500.00","2,000.00",Rs./Quintal,1.00,Metric Tonnes,12-11-2025
Maharashtra,Pune,Pune(Pimpri) APMC,Vegetables,Tomato,Local,Local,"1,500.00","1,500.00","1,500.00",Rs./Quintal,0.40,Metric Tonnes,12-08-2026
Maharashtra,Pune,Pune(Pimpri) APMC,Vegetables,Tomato,Local,Local,"2,000.00","2,200.00","2,100.00",Rs./Quintal,1.10,Metric Tonnes,12-07-2026
Maharashtra,Pune,Pune(Pimpri) APMC,Vegetables,Tomato,Local,Local,"3,000.00","3,500.00","3,250.00",Rs./Quintal,0.60,Metric Tonnes,12-06-2026
Maharashtra,Pune,Pune(Pimpri) APMC,Vegetables,Tomato,Local,Local,"2,300.00","2,300.00","2,300.00",Rs./Quintal,0.10,Metric Tonnes,12-05-2026
Maharashtra,Pune,Pune(Pimpri) APMC,Vegetables,Tomato,Local,Local,"1,200.00","1,400.00","1,300.00",Rs./Quintal,2.40,Metric Tonnes,12-04-2026
Maharashtra,Pune,Pune(Pimpri) APMC,Vegetables,Tomato,Local,Local,"1,200.00","1,800.00","1,500.00",Rs./Quintal,1.40,Metric Tonnes,12-03-2026
Maharashtra,Pune,Pune(Pimpri) APMC,Vegetables,Tomato,Local,Local,"1,300.00","1,600.00","1,450.00",Rs./Quintal,1.60,Metric Tonnes,12-02-2026
Maharashtra,Pune,Pune(Pimpri) APMC,Vegetables,Tomato,Local,Local,"2,000.00","2,500.00","2,250.00",Rs./Quintal,0.90,Metric Tonnes,12-01-2026
Maharashtra,Pune,Pune(Pimpri) APMC,Vegetables,Tomato,Local,Local,"1,500.00","3,400.00","2,450.00",Rs./Quintal,1.40,Metric Tonnes,11-12-2025
Maharashtra,Pune,Pune(Pimpri) APMC,Vegetables,Tomato,Local,Local,"1,500.00","2,500.00","2,000.00",Rs./Quintal,0.80,Metric Tonnes,11-11-2025
Maharashtra,Pune,Pune(Pimpri) APMC,Vegetables,Tomato,Local,Local,"2,000.00","2,200.00","2,100.00",Rs./Quintal,0.10,Metric Tonnes,11-07-2026
Maharashtra,Pune,Pune(Pimpri) APMC,Vegetables,Tomato,Local,Local,"3,500.00","3,500.00","3,500.00",Rs./Quintal,0.60,Metric Tonnes,11-06-2026
Maharashtra,Pune,Pune(Pimpri) APMC,Vegetables,Tomato,Local,Local,"2,000.00","2,100.00","2,050.00",Rs./Quintal,0.40,Metric Tonnes,11-05-2026
Maharashtra,Pune,Pune(Pimpri) APMC,Vegetables,Tomato,Local,Local,"1,200.00","1,400.00","1,300.00",Rs./Quintal,1.80,Metric Tonnes,11-04-2026
Maharashtra,Pune,Pune(Pimpri) APMC,Vegetables,Tomato,Local,Local,700.00,"1,500.00","1,100.00",Rs./Quintal,1.90,Metric Tonnes,11-03-2026
Maharashtra,Pune,Pune(Pimpri) APMC,Vegetables,Tomato,Local,Local,"1,400.00","1,700.00","1,550.00",Rs./Quintal,3.00,Metric Tonnes,11-02-2026
Maharashtra,Pune,Pune(Pimpri) APMC,Vegetables,Tomato,Local,Local,"1,500.00","2,000.00","1,750.00",Rs./Quintal,1.40,Metric Tonnes,11-01-2026
Maharashtra,Pune,Pune(Pimpri) APMC,Vegetables,Tomato,Local,Local,"3,000.00","4,000.00","3,500.00",Rs./Quintal,1.10,Metric Tonnes,10-12-2025
Maharashtra,Pune,Pune(Pimpri) APMC,Vegetables,Tomato,Local,Local,"1,500.00","2,000.00","1,750.00",Rs./Quintal,0.80,Metric Tonnes,10-11-2025
Maharashtra,Pune,Pune(Pimpri) APMC,Vegetables,Tomato,Local,Local,"1,500.00","1,500.00","1,500.00",Rs./Quintal,0.20,Metric Tonnes,10-08-2026
Maharashtra,Pune,Pune(Pimpri) APMC,Vegetables,Tomato,Local,Local,"1,800.00","3,000.00","2,400.00",Rs./Quintal,1.10,Metric Tonnes,10-06-2026
Maharashtra,Pune,Pune(Pimpri) APMC,Vegetables,Tomato,Local,Local,"1,500.00","2,100.00","1,800.00",Rs./Quintal,2.40,Metric Tonnes,10-05-2026
Maharashtra,Pune,Pune(Pimpri) APMC,Vegetables,Tomato,Local,Local,800.00,"1,400.00","1,100.00",Rs./Quintal,0.30,Metric Tonnes,10-04-2026
Maharashtra,Pune,Pune(Pimpri) APMC,Vegetables,Tomato,Local,Local,"1,500.00","1,700.00","1,600.00",Rs./Quintal,0.20,Metric Tonnes,10-03-2026
Maharashtra,Pune,Pune(Pimpri) APMC,Vegetables,Tomato,Local,Local,"1,500.00","1,500.00","1,500.00",Rs./Quintal,0.90,Metric Tonnes,10-02-2026
Maharashtra,Pune,Pune(Pimpri) APMC,Vegetables,Tomato,Local,Local,"1,000.00","2,500.00","1,750.00",Rs./Quintal,0.90,Metric Tonnes,10-01-2026
Maharashtra,Pune,Pune(Pimpri) APMC,Vegetables,Tomato,Local,Local,"3,200.00","3,500.00","3,300.00",Rs./Quintal,0.30,Metric Tonnes,09-12-2025
Maharashtra,Pune,Pune(Pimpri) APMC,Vegetables,Tomato,Local,Local,"1,200.00","1,800.00","1,500.00",Rs./Quintal,2.80,Metric Tonnes,09-11-2025
Maharashtra,Pune,Pune(Pimpri) APMC,Vegetables,Tomato,Local,Local,"1,000.00","2,000.00","1,500.00",Rs./Quintal,0.70,Metric Tonnes,09-08-2026
Maharashtra,Pune,Pune(Pimpri) APMC,Vegetables,Tomato,Local,Local,"2,000.00","2,000.00","2,000.00",Rs./Quintal,0.30,Metric Tonnes,09-07-2026
Maharashtra,Pune,Pune(Pimpri) APMC,Vegetables,Tomato,Local,Local,"2,500.00","2,600.00","2,550.00",Rs./Quintal,0.40,Metric Tonnes,09-06-2026
Maharashtra,Pune,Pune(Pimpri) APMC,Vegetables,Tomato,Local,Local,"2,000.00","2,200.00","2,100.00",Rs./Quintal,0.50,Metric Tonnes,09-05-2026
Maharashtra,Pune,Pune(Pimpri) APMC,Vegetables,Tomato,Local,Local,"1,200.00","1,400.00","1,300.00",Rs./Quintal,0.80,Metric Tonnes,09-04-2026
Maharashtra,Pune,Pune(Pimpri) APMC,Vegetables,Tomato,Local,Local,"1,300.00","1,600.00","1,450.00",Rs./Quintal,1.10,Metric Tonnes,09-03-2026
Maharashtra,Pune,Pune(Pimpri) APMC,Vegetables,Tomato,Local,Local,"1,000.00","1,650.00","1,325.00",Rs./Quintal,1.10,Metric Tonnes,09-02-2026
Maharashtra,Pune,Pune(Pimpri) APMC,Vegetables,Tomato,Local,Local,"1,200.00","2,900.00","2,050.00",Rs./Quintal,1.20,Metric Tonnes,09-01-2026
Maharashtra,Pune,Pune(Pimpri) APMC,Vegetables,Tomato,Local,Local,"2,500.00","3,500.00","3,000.00",Rs./Quintal,0.90,Metric Tonnes,08-12-2025
Maharashtra,Pune,Pune(Pimpri) APMC,Vegetables,Tomato,Local,Local,"1,000.00","1,600.00","1,300.00",Rs./Quintal,1.10,Metric Tonnes,08-11-2025
Maharashtra,Pune,Pune(Pimpri) APMC,Vegetables,Tomato,Local,Local,"1,800.00","2,000.00","1,900.00",Rs./Quintal,0.20,Metric Tonnes,08-07-2026
Maharashtra,Pune,Pune(Pimpri) APMC,Vegetables,Tomato,Local,Local,"1,200.00","2,000.00","1,600.00",Rs./Quintal,0.80,Metric Tonnes,08-06-2026
Maharashtra,Pune,Pune(Pimpri) APMC,Vegetables,Tomato,Local,Local,"1,000.00","2,200.00","1,600.00",Rs./Quintal,0.60,Metric Tonnes,08-05-2026
Maharashtra,Pune,Pune(Pimpri) APMC,Vegetables,Tomato,Local,Local,"1,300.00","1,400.00","1,350.00",Rs./Quintal,1.70,Metric Tonnes,08-04-2026
Maharashtra,Pune,Pune(Pimpri) APMC,Vegetables,Tomato,Local,Local,"1,400.00","1,500.00","1,450.00",Rs./Quintal,2.90,Metric Tonnes,08-03-2026
Maharashtra,Pune,Pune(Pimpri) APMC,Vegetables,Tomato,Local,Local,"1,500.00","2,200.00","1,850.00",Rs./Quintal,1.50,Metric Tonnes,08-02-2026
Maharashtra,Pune,Pune(Pimpri) APMC,Vegetables,Tomato,Local,Local,"2,000.00","3,400.00","2,700.00",Rs./Quintal,1.30,Metric Tonnes,08-01-2026
Maharashtra,Pune,Pune(Pimpri) APMC,Vegetables,Tomato,Local,Local,"1,500.00","3,200.00","2,350.00",Rs./Quintal,1.50,Metric Tonnes,07-12-2025
Maharashtra,Pune,Pune(Pimpri) APMC,Vegetables,Tomato,Local,Local,"1,500.00","2,000.00","1,750.00",Rs./Quintal,1.70,Metric Tonnes,07-11-2025
Maharashtra,Pune,Pune(Pimpri) APMC,Vegetables,Tomato,Local,Local,"1,500.00","1,500.00","1,500.00",Rs./Quintal,0.70,Metric Tonnes,07-08-2026
Maharashtra,Pune,Pune(Pimpri) APMC,Vegetables,Tomato,Local,Local,"2,000.00","2,000.00","2,000.00",Rs./Quintal,0.60,Metric Tonnes,07-06-2026
Maharashtra,Pune,Pune(Pimpri) APMC,Vegetables,Tomato,Local,Local,"2,000.00","2,200.00","2,100.00",Rs./Quintal,0.70,Metric Tonnes,07-05-2026
Maharashtra,Pune,Pune(Pimpri) APMC,Vegetables,Tomato,Local,Local,"1,300.00","1,400.00","1,350.00",Rs./Quintal,1.10,Metric Tonnes,07-04-2026
Maharashtra,Pune,Pune(Pimpri) APMC,Vegetables,Tomato,Local,Local,"1,200.00","1,500.00","1,350.00",Rs./Quintal,1.20,Metric Tonnes,07-03-2026
Maharashtra,Pune,Pune(Pimpri) APMC,Vegetables,Tomato,Local,Local,600.00,"1,400.00","1,000.00",Rs./Quintal,0.90,Metric Tonnes,07-02-2026
Maharashtra,Pune,Pune(Pimpri) APMC,Vegetables,Tomato,Local,Local,"2,500.00","3,800.00","3,150.00",Rs./Quintal,0.60,Metric Tonnes,07-01-2026
Maharashtra,Pune,Pune(Pimpri) APMC,Vegetables,Tomato,Local,Local,"2,800.00","3,100.00","2,950.00",Rs./Quintal,0.40,Metric Tonnes,06-12-2025
Maharashtra,Pune,Pune(Pimpri) APMC,Vegetables,Tomato,Local,Local,"1,500.00","1,500.00","1,500.00",Rs./Quintal,0.40,Metric Tonnes,06-08-2026
Maharashtra,Pune,Pune(Pimpri) APMC,Vegetables,Tomato,Local,Local,"2,000.00","2,700.00","2,350.00",Rs./Quintal,0.70,Metric Tonnes,06-06-2026
Maharashtra,Pune,Pune(Pimpri) APMC,Vegetables,Tomato,Local,Local,"2,000.00","2,000.00","2,000.00",Rs./Quintal,1.10,Metric Tonnes,06-05-2026
Maharashtra,Pune,Pune(Pimpri) APMC,Vegetables,Tomato,Local,Local,"1,400.00","1,500.00","1,450.00",Rs./Quintal,1.00,Metric Tonnes,06-04-2026
Maharashtra,Pune,Pune(Pimpri) APMC,Vegetables,Tomato,Local,Local,"1,400.00","1,500.00","1,450.00",Rs./Quintal,1.00,Metric Tonnes,06-03-2026
Maharashtra,Pune,Pune(Pimpri) APMC,Vegetables,Tomato,Local,Local,800.00,"1,550.00","1,170.00",Rs./Quintal,1.40,Metric Tonnes,06-02-2026
Maharashtra,Pune,Pune(Pimpri) APMC,Vegetables,Tomato,Local,Local,"3,800.00","3,800.00","3,800.00",Rs./Quintal,1.00,Metric Tonnes,06-01-2026
Maharashtra,Pune,Pune(Pimpri) APMC,Vegetables,Tomato,Local,Local,"1,500.00","3,200.00","2,350.00",Rs./Quintal,1.10,Metric Tonnes,05-12-2025
Maharashtra,Pune,Pune(Pimpri) APMC,Vegetables,Tomato,Local,Local,"1,500.00","2,000.00","1,750.00",Rs./Quintal,1.10,Metric Tonnes,05-08-2026
Maharashtra,Pune,Pune(Pimpri) APMC,Vegetables,Tomato,Local,Local,"2,000.00","2,000.00","2,000.00",Rs./Quintal,0.90,Metric Tonnes,05-07-2026
Maharashtra,Pune,Pune(Pimpri) APMC,Vegetables,Tomato,Local,Local,"2,000.00","2,600.00","2,300.00",Rs./Quintal,0.30,Metric Tonnes,05-06-2026
Maharashtra,Pune,Pune(Pimpri) APMC,Vegetables,Tomato,Local,Local,"1,400.00","2,500.00","1,950.00",Rs./Quintal,1.20,Metric Tonnes,05-05-2026
Maharashtra,Pune,Pune(Pimpri) APMC,Vegetables,Tomato,Local,Local,"1,200.00","1,500.00","1,350.00",Rs./Quintal,2.90,Metric Tonnes,05-04-2026
Maharashtra,Pune,Pune(Pimpri) APMC,Vegetables,Tomato,Local,Local,"1,500.00","1,500.00","1,500.00",Rs./Quintal,0.90,Metric Tonnes,05-03-2026
Maharashtra,Pune,Pune(Pimpri) APMC,Vegetables,Tomato,Local,Local,"1,400.00","1,500.00","1,450.00",Rs./Quintal,1.30,Metric Tonnes,05-02-2026
Maharashtra,Pune,Pune(Pimpri) APMC,Vegetables,Tomato,Local,Local,"1,200.00","3,800.00","2,550.00",Rs./Quintal,0.70,Metric Tonnes,05-01-2026
Maharashtra,Pune,Pune(Pimpri) APMC,Vegetables,Tomato,Local,Local,"1,500.00","2,800.00","2,150.00",Rs./Quintal,1.60,Metric Tonnes,04-12-2025
Maharashtra,Pune,Pune(Pimpri) APMC,Vegetables,Tomato,Local,Local,"2,000.00","2,500.00","2,250.00",Rs./Quintal,0.20,Metric Tonnes,04-07-2026
Maharashtra,Pune,Pune(Pimpri) APMC,Vegetables,Tomato,Local,Local,"2,100.00","2,100.00","2,100.00",Rs./Quintal,0.10,Metric Tonnes,04-06-2026
Maharashtra,Pune,Pune(Pimpri) APMC,Vegetables,Tomato,Local,Local,"2,000.00","2,000.00","2,000.00",Rs./Quintal,0.30,Metric Tonnes,04-05-2026
Maharashtra,Pune,Pune(Pimpri) APMC,Vegetables,Tomato,Local,Local,"1,200.00","1,400.00","1,300.00",Rs./Quintal,0.30,Metric Tonnes,04-04-2026
Maharashtra,Pune,Pune(Pimpri) APMC,Vegetables,Tomato,Local,Local,"1,400.00","1,500.00","1,450.00",Rs./Quintal,2.20,Metric Tonnes,04-03-2026
Maharashtra,Pune,Pune(Pimpri) APMC,Vegetables,Tomato,Local,Local,"1,400.00","1,500.00","1,450.00",Rs./Quintal,1.00,Metric Tonnes,04-02-2026
Maharashtra,Pune,Pune(Pimpri) APMC,Vegetables,Tomato,Local,Local,"3,000.00","4,000.00","3,500.00",Rs./Quintal,1.60,Metric Tonnes,04-01-2026
Maharashtra,Pune,Pune(Pimpri) APMC,Vegetables,Tomato,Local,Local,"2,500.00","3,500.00","2,800.00",Rs./Quintal,1.00,Metric Tonnes,03-12-2025
Maharashtra,Pune,Pune(Pimpri) APMC,Vegetables,Tomato,Local,Local,"2,500.00","2,500.00","2,500.00",Rs./Quintal,0.10,Metric Tonnes,03-07-2026
Maharashtra,Pune,Pune(Pimpri) APMC,Vegetables,Tomato,Local,Local,"2,000.00","2,800.00","2,400.00",Rs./Quintal,0.80,Metric Tonnes,03-06-2026
Maharashtra,Pune,Pune(Pimpri) APMC,Vegetables,Tomato,Local,Local,"2,000.00","3,000.00","2,500.00",Rs./Quintal,0.90,Metric Tonnes,03-05-2026
Maharashtra,Pune,Pune(Pimpri) APMC,Vegetables,Tomato,Local,Local,"1,200.00","1,400.00","1,300.00",Rs./Quintal,1.00,Metric Tonnes,03-04-2026
Maharashtra,Pune,Pune(Pimpri) APMC,Vegetables,Tomato,Local,Local,"1,200.00","1,400.00","1,300.00",Rs./Quintal,0.50,Metric Tonnes,03-03-2026
Maharashtra,Pune,Pune(Pimpri) APMC,Vegetables,Tomato,Local,Local,"2,000.00","2,000.00","2,000.00",Rs./Quintal,0.60,Metric Tonnes,03-02-2026
Maharashtra,Pune,Pune(Pimpri) APMC,Vegetables,Tomato,Local,Local,"3,000.00","3,600.00","3,300.00",Rs./Quintal,0.70,Metric Tonnes,03-01-2026
Maharashtra,Pune,Pune(Pimpri) APMC,Vegetables,Tomato,Local,Local,"2,500.00","2,500.00","2,500.00",Rs./Quintal,0.20,Metric Tonnes,02-12-2025
Maharashtra,Pune,Pune(Pimpri) APMC,Vegetables,Tomato,Local,Local,"2,000.00","2,200.00","2,100.00",Rs./Quintal,0.90,Metric Tonnes,02-08-2026
Maharashtra,Pune,Pune(Pimpri) APMC,Vegetables,Tomato,Local,Local,"2,000.00","2,500.00","2,250.00",Rs./Quintal,0.40,Metric Tonnes,02-07-2026
Maharashtra,Pune,Pune(Pimpri) APMC,Vegetables,Tomato,Local,Local,"2,600.00","2,600.00","2,600.00",Rs./Quintal,0.30,Metric Tonnes,02-06-2026
Maharashtra,Pune,Pune(Pimpri) APMC,Vegetables,Tomato,Local,Local,"2,000.00","2,500.00","2,250.00",Rs./Quintal,1.10,Metric Tonnes,02-05-2026
Maharashtra,Pune,Pune(Pimpri) APMC,Vegetables,Tomato,Local,Local,"1,200.00","1,500.00","1,350.00",Rs./Quintal,1.00,Metric Tonnes,02-04-2026
Maharashtra,Pune,Pune(Pimpri) APMC,Vegetables,Tomato,Local,Local,"1,300.00","1,400.00","1,350.00",Rs./Quintal,0.60,Metric Tonnes,02-03-2026
Maharashtra,Pune,Pune(Pimpri) APMC,Vegetables,Tomato,Local,Local,"1,400.00","1,500.00","1,450.00",Rs./Quintal,0.90,Metric Tonnes,02-02-2026
Maharashtra,Pune,Pune(Pimpri) APMC,Vegetables,Tomato,Local,Local,"2,500.00","3,600.00","3,050.00",Rs./Quintal,0.40,Metric Tonnes,02-01-2026
Maharashtra,Pune,Pune(Pimpri) APMC,Vegetables,Tomato,Local,Local,"2,400.00","2,800.00","2,600.00",Rs./Quintal,0.60,Metric Tonnes,01-12-2025
Maharashtra,Pune,Pune(Pimpri) APMC,Vegetables,Tomato,Local,Local,"2,000.00","2,000.00","2,000.00",Rs./Quintal,0.30,Metric Tonnes,01-08-2026
Maharashtra,Pune,Pune(Pimpri) APMC,Vegetables,Tomato,Local,Local,"2,000.00","2,000.00","2,000.00",Rs./Quintal,0.30,Metric Tonnes,01-07-2026
Maharashtra,Pune,Pune(Pimpri) APMC,Vegetables,Tomato,Local,Local,"1,400.00","2,000.00","1,700.00",Rs./Quintal,0.80,Metric Tonnes,01-05-2026
Maharashtra,Pune,Pune(Pimpri) APMC,Vegetables,Tomato,Local,Local,"1,200.00","1,500.00","1,350.00",Rs./Quintal,1.20,Metric Tonnes,01-04-2026
Maharashtra,Pune,Pune(Pimpri) APMC,Vegetables,Tomato,Local,Local,"1,200.00","1,500.00","1,350.00",Rs./Quintal,3.00,Metric Tonnes,01-03-2026
Maharashtra,Pune,Pune(Pimpri) APMC,Vegetables,Tomato,Local,Local,900.00,"1,600.00","1,250.00",Rs./Quintal,2.30,Metric Tonnes,01-02-2026
Maharashtra,Pune,Pune(Pimpri) APMC,Vegetables,Tomato,Local,Local,"3,000.00","3,600.00","3,300.00",Rs./Quintal,0.60,Metric Tonnes,01-01-2026

